t_pc,sample_idx,S0,S1,S2,S3,S4,S5,S6,S7
13027.602108418,2919,100987.19,97826.5,100994.67,104019.33,101016.94,100995.48,101005.31,100988.24
13027.602462714,2920,100994.38,97810.39,100988.59,104017.13,101006.81,101000.55,101017.36,100980.24
13027.602808557,2921,100988.26,97799.34,100985.62,104013.14,101005.76,101000.55,100993.27,100984.24
13027.603161591,2922,100989.32,97786.23,100975.54,104001.15,101008.92,100997.36,101007.2,100980.24
13027.603509988,2923,100995.17,97831.56,100993.63,104018.23,101026.88,101011.5,101033.42,101000.24
13027.608104326,2924,100977.35,97784.27,100983.69,103991.36,101004.91,100991.47,100992.2,100977.27
13027.62638394,2925,100964.31,97781.27,100977.61,103986.27,100993.92,100977.34,100991.14,100952.24
13027.646863752,2926,100991.18,97785.3,100985.62,103985.17,100999.84,100991.47,101005.31,100976.24
13027.667451517,2927,101019.11,97832.59,101001.64,103985.17,100999.84,101017.63,101017.36,100988.24
13027.691286893,2928,100980.27,97812.45,100994.67,103979.38,101012.93,100996.54,100992.2,100982.31
13027.712317147,2929,100989.32,97788.29,100988.59,103978.28,101000.89,100987.47,101007.45,100988.24
13027.732916259,2930,100995.17,97788.29,100976.58,103982.28,101006.81,101002.43,100985.24,100995.35
13027.753403111,2931,101006.35,97782.21,100992.59,103982.28,100991.81,101003.49,101005.31,101012.39
13027.773943284,2932,101009.27,97783.24,100984.58,103953.22,101005.96,101003.49,101001.3,100995.35
13027.794467523,2933,100997.3,97812.45,100999.71,103953.22,101024.97,100991.47,101023.25,100992.24
13027.814909077,2934,100991.18,97788.29,100985.62,103974.29,101008.92,101003.49,101013.34,100986.16
13027.836584907,2935,100993.31,97772.19,100988.59,103961.21,101002.8,100995.48,101008.26,100976.24
13027.859299098,2936,101002.08,97778.18,100992.59,103962.31,101011.88,101005.61,101009.33,100978.16
13027.880336032,2937,100993.31,97805.43,100996.6,103957.21,101003.85,100996.54,101001.3,100976.24
13027.900389128,2938,100996.24,97778.18,100984.58,103959.41,100999.84,101004.55,101002.37,100974.16
13027.922571685,2939,100999.16,97788.29,100993.63,103969.2,101006.81,100999.49,101015.23,100984.24
13027.941483846,2940,101006.35,97791.29,100985.62,103958.31,101008.92,100991.47,101008.26,100974.16
13027.962974937,2941,101003.15,97772.19,100991.56,103961.21,100999.84,101001.61,101009.33,100975.2
13027.982939569,2942,101021.24,97800.37,101004.61,104237.93,101023.92,101018.69,101024.32,100983.2
13028.003565321,2943,100981.34,97759.08,100997.63,103953.22,101008.92,100992.53,101009.33,100960.24
13028.027310722,2944,100999.16,97764.13,100985.62,103954.32,101013.98,101008.56,101001.3,100983.2
13028.047749992,2945,100997.3,97780.24,100997.63,103937.24,101010.83,101006.44,101008.26,100996.24
13028.068391308,2946,100986.4,97771.16,100993.63,103926.36,101008.92,101007.5,101016.29,100990.16
13028.089460521,2947,100991.18,97755.05,100985.62,103926.36,101009.97,100999.49,101006.38,100986.31
13028.109465434,2948,100993.31,97765.16,100989.63,103925.26,101014.84,101001.61,101009.33,100994.31
13028.130578974,2949,100977.35,98956.24,100985.62,103950.32,101007.87,101004.55,100993.27,100976.24
13028.150533271,2950,101005.28,97820.51,101001.64,103902.39,101016.94,101015.51,101014.41,100988.24
13028.171817089,2951,100993.31,97800.37,100997.63,103907.48,101006.81,100997.6,101013.34,100986.31
13028.195319341,2952,100993.31,97784.27,100984.58,103903.49,101018.85,101000.55,101013.34,100984.24
13028.215760324,2953,101002.36,97763.1,100991.56,103897.3,101012.93,101009.62,101015.23,100992.24
13028.236472026,2954,100994.1,97772.19,101000.6,103889.31,101007.87,101007.5,101018.42,100998.31
13028.25696005,2955,100987.19,97781.27,100987.55,103883.51,101016.94,101008.56,101013.34,100996.38
13028.277540194,2956,100993.31,97783.24,100985.62,103891.5,101015.89,101001.61,100998.1,100990.16
13028.299334974,2957,100981.34,97774.24,100987.55,103873.33,101004.91,100997.6,100999.17,100992.24
13028.318928285,2958,100987.19,97760.1,100990.66,103882.42,101016.94,101008.56,101017.36,100994.31
13028.339669041,2959,100997.3,97777.24,100989.63,103883.51,101008.92,101008.56,101007.2,100995.35
13028.363346709,2960,100987.19,97768.16,100993.63,103858.45,101019.05,100999.49,101009.33,100988.24
13028.383782043,2961,100981.34,97773.22,101003.71,103866.44,101008.92,100998.42,101025.39,100992.24
13028.404452053,2962,100991.18,97790.35,100992.59,103860.65,101008.92,101009.62,101003.18,100992.24
13028.424902109,2963,101005.28,97782.3,101005.64,103867.54,101015.89,101003.49,101024.32,101002.31
13028.445507561,2964,101005.28,97774.24,101000.6,103859.55,101008.92,101011.5,101016.29,100984.24
13028.46594569,2965,100989.32,97756.08,100981.62,103829.4,101003.0,100992.53,100995.4,100983.35
13028.486771925,2966,100981.34,97761.13,100984.58,103834.49,101008.92,101001.61,101001.3,100979.35
13028.50704854,2967,100995.17,97761.13,100986.66,103819.61,101000.89,100997.6,101017.36,100978.31
13028.532064451,2968,100987.19,97781.27,100996.6,103838.48,101012.93,101009.62,101013.34,101002.31
13028.551759015,2969,101004.22,97796.35,100999.71,103826.5,101022.86,101012.56,101017.36,100994.31
13028.572411328,2970,100982.41,97772.19,100991.56,103820.7,101004.91,101001.61,101008.26,100982.31
13028.592988467,2971,100999.44,97772.19,100977.61,103819.61,101008.92,101013.62,101005.31,100994.31
13028.613696153,2972,100988.26,97791.29,100989.63,103801.44,101016.94,101013.62,101013.34,100986.31
13028.634042583,2973,101005.28,97788.29,100989.63,103811.62,101011.88,101005.61,101008.26,100980.24
13028.654601935,2974,100997.3,97781.27,100987.69,103821.8,101016.94,101001.61,101011.21,100994.31
13028.675115207,2975,101013.26,97780.24,100991.56,103801.44,101016.94,101009.62,101000.23,100985.27
13028.699345591,2976,100991.18,97794.38,100983.55,103815.61,101022.01,101008.56,101018.42,100994.31
13028.719825523,2977,100997.3,97802.43,100996.6,103795.64,101016.94,101005.61,101005.31,100991.2
13028.740443723,2978,100986.4,97797.38,100993.63,103799.63,101007.87,100999.49,100999.17,100980.24
13028.761065239,2979,101005.28,97773.22,100993.63,103796.74,101011.02,101002.67,101017.36,100986.31
13028.781470388,2980,100995.17,97780.24,100984.58,103803.63,101007.87,101008.56,101009.33,100986.16
13028.801962258,2981,101001.29,97802.43,100997.63,103796.74,101000.89,101007.5,101017.36,100982.16
13028.822579557,2982,100987.19,97796.35,100992.59,103796.74,101015.04,101000.55,101000.23,100984.24
13028.843075804,2983,100989.32,97782.3,100992.59,103796.74,101011.02,101005.61,101009.33,100988.24
13028.86734745,2984,100998.37,97806.46,100993.63,103791.65,101016.94,100992.53,101013.34,101001.27
13028.887814372,2985,100989.32,97787.26,101001.64,103777.47,101008.92,100998.66,101002.37,100986.31
13028.908460726,2986,100997.3,97789.32,100989.63,103779.66,101019.05,100993.6,101005.31,100984.24
13028.92894188,2987,101003.15,97780.24,100993.63,103780.76,101008.92,101003.49,101012.28,100987.35
13028.949566911,2988,101003.15,97789.32,100987.55,103766.58,101018.0,101004.55,101016.29,100983.2
13028.970076988,2989,101001.29,97780.24,100996.74,103764.78,101007.87,101008.56,100992.2,100992.24
13028.990595048,2990,101006.35,97800.37,100987.55,103769.87,101016.94,101000.55,101018.42,100992.24
13029.01604823,2991,100997.3,97788.29,100993.63,103764.78,101008.92,101005.61,101012.28,100984.24
13029.03536963,2992,101001.29,97797.38,100987.55,103763.69,101008.92,100991.47,101017.36,100995.35
13029.055858716,2993,101001.29,97789.32,100985.62,103780.76,101012.93,100991.47,101010.39,100994.31
13029.076488985,2994,101013.26,97794.38,100993.63,103765.88,101013.98,100999.49,101012.28,100985.27
13029.096873943,2995,100999.16,97799.34,100997.63,103765.88,101008.92,101000.55,101005.31,100986.31
13029.117541599,2996,100999.44,97794.38,100985.62,103764.78,101004.91,101005.61,101009.33,100990.31
13029.137999077,2997,101000.23,97784.27,100989.63,103765.88,101006.81,101001.61,101001.3,100994.31
13029.158571148,2998,100993.31,97788.29,100997.63,103764.07,101000.89,101008.56,101009.33,100991.35
13029.182342277,2999,100999.44,97798.41,100992.59,103757.89,101004.91,101000.55,101009.33,100994.31
13029.203388986,3000,101001.29,97784.27,100985.62,103753.89,101004.91,100994.66,101004.25,100992.24
13029.223566561,3001,100979.21,97789.32,100992.59,103755.7,101013.98,100997.6,101009.33,100988.24
13029.244544175,3002,100981.34,97797.38,100989.63,103757.89,101000.89,101000.55,101009.33,100984.24
13029.264561878,3003,100987.19,97797.38,100993.63,103744.81,101006.81,101004.55,101011.21,100983.2
13029.285704963,3004,100996.24,97794.29,100996.6,103749.9,101007.87,101002.43,101014.16,100993.27
13029.305694923,3005,100993.31,97795.32,100988.59,103742.62,101008.92,100999.49,101008.26,100986.31
13029.326777587,3006,100989.32,97796.35,100992.59,103749.9,101011.02,100991.47,101011.21,100990.31
13029.350335243,3007,100997.3,97787.26,100992.59,103745.9,101015.89,100992.53,101007.2,100982.31
13029.370843628,3008,101006.35,97796.35,100990.66,103749.9,101016.94,101002.67,101006.38,100980.24
13029.391429871,3009,100997.3,97804.4,101009.65,103738.62,101005.96,101000.55,101005.31,100992.24
13029.412472574,3010,101002.36,97797.38,100988.59,103747.71,101012.93,101009.62,101008.26,100978.31
13029.432495043,3011,100997.3,97802.43,100993.63,103733.92,101019.05,101004.55,101004.25,100994.31
13029.453548563,3012,100993.31,97794.38,100993.63,103752.8,101018.0,101004.55,101015.23,100984.24
13029.473630793,3013,101010.34,97800.37,100983.55,103741.91,101006.81,101004.55,101005.31,100996.38
13029.496151181,3014,101001.29,97796.35,100989.63,103737.92,101007.87,100992.53,100999.17,100986.31
13029.51838189,3015,100993.31,97790.35,100993.63,103740.82,101019.05,100999.49,101018.42,100987.2
13029.538895002,3016,101001.29,97798.41,100998.67,103737.92,101015.89,101004.55,101008.26,100991.35
13029.559493243,3017,100990.39,97794.38,100989.63,103744.81,101007.01,101001.61,101014.41,100990.31
13029.579999344,3018,100998.37,97802.43,100989.63,103733.92,101024.97,101005.61,101016.29,100990.31
13029.600590505,3019,100994.38,97789.32,100985.62,103721.94,101009.97,101000.55,101009.33,100994.31
13029.621164959,3020,100990.39,97797.38,100987.55,103733.92,101018.0,100999.49,101010.39,100992.24
13029.641635697,3021,100996.24,97804.4,100997.63,103732.83,101011.02,101008.56,101015.23,100990.31
13029.662633322,3022,100983.47,97800.37,100989.63,103732.83,101014.84,100993.36,101019.49,100989.27
13029.686359493,3023,101008.21,97798.41,100984.58,103729.93,101011.88,101000.55,101012.28,100988.24
13029.706865905,3024,100997.3,97798.41,100996.6,103736.11,101009.97,101007.5,101009.33,100989.27
13029.727443354,3025,100992.25,97800.37,101001.64,103727.03,101013.98,100991.47,101008.26,100984.24
13029.748015005,3026,100985.06,97790.35,100994.67,103733.92,101010.83,100989.35,101013.34,100992.24
13029.768587517,3027,101001.29,97804.4,100996.6,103737.92,101016.94,101010.68,101013.34,100990.31
13029.789164125,3028,101017.25,97804.4,100987.69,103733.92,101008.92,101004.55,101014.41,100994.31
13029.81066425,3029,101002.36,97794.38,100993.63,103725.93,101012.93,101013.62,101013.34,100992.24
13029.830188216,3030,100989.32,97796.35,100994.67,103733.92,101008.92,101005.61,101015.23,100998.31
13029.85435957,3031,100999.16,97800.37,100986.66,103716.85,100998.79,101007.5,101003.18,100992.24
13029.874807884,3032,100999.44,97800.37,100993.63,103725.93,101008.92,100999.49,101008.26,100994.31
13029.895481108,3033,101002.36,97806.46,100990.66,103728.83,101010.83,101004.55,101000.23,100986.31
13029.916043555,3034,100995.17,97795.32,100989.63,103721.94,101009.97,100993.6,101005.31,100991.2
13029.936521714,3035,101012.2,97797.38,100994.67,103717.94,101008.92,101008.56,101013.34,100990.31
13029.957076379,3036,100995.45,97804.4,100985.62,103717.94,101012.93,101000.55,101000.23,100991.35
13029.977589421,3037,101001.29,97806.46,100993.63,103725.93,101007.87,100988.53,101012.28,100996.38
13029.998101892,3038,101009.27,97804.4,100994.67,103720.84,101018.0,100997.6,101013.34,100995.35
13030.02236808,3039,100997.3,97808.43,100993.63,103703.77,101014.84,101006.67,101005.31,100995.35
13030.044127436,3040,100994.38,97800.37,100984.58,103725.93,101008.92,100992.53,101021.37,100991.35
13030.06353758,3041,101004.22,97817.51,100990.66,103725.93,101014.84,101005.61,101009.33,100996.38
13030.084064063,3042,100987.19,97809.46,101001.64,103725.93,101012.93,101000.55,101005.31,100986.31
13030.105333548,3043,101006.35,97804.4,100987.55,103725.93,101008.92,101001.61,100999.17,100986.31
13030.125037266,3044,100995.17,97806.46,100993.63,103720.13,101015.04,101009.62,101008.26,100990.31
13030.145665773,3045,100999.44,97800.37,100989.63,103725.93,101015.89,101000.55,101017.36,100992.24
13030.169755844,3046,101002.36,97805.43,100985.62,103712.86,101006.81,101001.61,101012.28,100996.24
13030.190397321,3047,101002.36,97818.54,101002.68,103715.05,101008.92,100991.47,101004.25,100982.31
13030.21087554,3048,100998.37,97806.46,100992.59,103717.94,101018.0,101006.67,101011.21,100992.24
13030.23145995,3049,101000.23,97809.46,100986.66,103702.68,101008.92,101003.73,101013.34,100988.24
13030.251947863,3050,100991.18,97805.43,100992.59,103724.84,101008.92,100995.48,101008.26,100978.31
13030.27251665,3051,100997.3,97810.49,100985.62,103717.94,101016.94,101001.61,101009.33,100994.31
13030.293036502,3052,101007.42,97812.45,100996.6,103708.15,101009.97,101009.62,101017.36,100994.31
13030.314835398,3053,100995.45,97809.46,100993.63,103725.93,101018.0,101001.61,101013.34,100994.31
13030.337419192,3054,101000.23,97805.43,100985.62,103720.13,101016.94,100996.54,101008.26,100978.31
13030.358408104,3055,100990.39,97797.38,100993.63,103709.96,101012.93,101001.61,101012.28,100996.24
13030.378911861,3056,100989.32,97810.49,100984.58,103709.96,101012.93,101004.55,101009.33,100982.31
13030.399565236,3057,101010.34,97821.54,100992.59,103709.96,101012.93,101005.61,101013.34,100986.31
13030.419945847,3058,101001.29,97822.57,100989.63,103700.87,101008.92,100996.54,101013.34,100995.35
13030.441249004,3059,100989.32,97812.45,100993.63,103709.96,101016.94,100998.66,101000.23,100986.16
13030.461093895,3060,100999.44,97820.51,100994.67,103700.87,101023.06,101008.56,101013.34,100984.24
13030.481650553,3061,100991.46,97822.57,100988.73,103711.05,101012.93,101015.51,101009.33,100992.24
13030.505368823,3062,100995.45,97813.48,100993.63,103705.96,101013.98,101003.49,101009.33,100986.31
13030.526383994,3063,100994.38,97822.57,101001.64,103705.96,101011.02,101001.61,101004.25,100998.31
13030.546868393,3064,100989.32,97821.54,100993.63,103705.96,101009.97,101002.67,101016.29,100986.31
13030.567639324,3065,101005.28,97816.48,100984.58,103705.25,101007.87,101001.61,101010.39,100999.35
13030.587729406,3066,100991.46,97830.62,100993.63,103704.87,101009.97,101003.49,101009.33,100988.24
13030.608592999,3067,101001.29,97822.48,100985.62,103716.14,101007.87,101007.5,101009.33,100992.24
13030.629008874,3068,100990.39,97822.57,100990.66,103701.97,100999.84,101001.61,101008.26,101002.31
13030.649866497,3069,101003.15,97828.56,100999.71,103699.07,101006.81,101004.55,101017.36,100995.35
13030.673385074,3070,100980.55,97817.51,100989.63,103705.96,101007.87,101001.61,101004.25,100990.31
13030.693812667,3071,100997.3,97836.62,100988.59,103697.97,101007.87,101002.67,101011.46,100990.31
13030.714487163,3072,100993.31,97821.54,101001.64,103705.25,101006.81,101001.61,101010.39,100984.24
13030.735515323,3073,100995.45,97824.54,101003.71,103703.06,101012.93,101004.55,101012.28,100993.27
13030.755501419,3074,100993.31,97822.57,100989.63,103701.97,101013.98,101008.56,101014.41,100987.35
13030.776573196,3075,101002.36,97841.67,100994.67,103701.97,101008.92,101000.55,101019.49,100989.27
13030.796668806,3076,100993.31,97838.68,100993.63,103705.96,101004.91,101000.55,101009.33,100995.35
13030.817630006,3077,100989.32,97830.62,100989.63,103705.96,101019.05,100998.66,101009.33,100998.31
13030.843105312,3078,100994.38,97830.62,100987.69,103704.16,101012.93,100999.49,101002.37,100991.35
13030.861840445,3079,100981.34,97830.62,100995.7,103704.16,101016.94,101006.44,101005.31,100987.35
13030.882498236,3080,101005.28,97841.67,100995.7,103695.78,101007.87,101007.5,101009.33,100999.35
13030.902977367,3081,100994.38,97829.59,100999.71,103705.25,101014.84,101001.61,101009.33,100995.35
13030.923557711,3082,101002.36,97830.62,100993.63,103693.98,101010.83,101006.44,101011.21,100984.38
13030.944033706,3083,101006.35,97833.62,100991.56,103703.06,101009.97,101009.62,101009.33,100995.35
13030.964663154,3084,101006.35,97834.65,100987.69,103705.96,101019.05,100996.54,101021.37,100998.31
13030.985686528,3085,100995.45,97829.59,100993.63,103709.96,101007.87,100989.59,101011.21,100992.24
13031.009412719,3086,100998.37,97838.68,100992.59,103701.97,101003.85,100998.66,101010.39,100988.24
13031.029855765,3087,101006.35,97828.56,100995.7,103704.16,101005.96,101004.55,101016.29,100986.31
13031.050485143,3088,101010.34,97836.62,100989.63,103693.98,101004.91,101003.49,101010.39,100990.31
13031.070975951,3089,100993.31,97841.67,100989.63,103704.16,101024.97,100998.42,101005.31,100984.38
13031.092285007,3090,100995.45,97840.64,101001.64,103685.99,101011.88,100999.49,101009.33,100982.31
13031.112043668,3091,101001.29,97833.62,100985.62,103703.06,101019.05,101009.62,101018.42,100994.31
13031.132634888,3092,100989.32,97822.57,100994.67,103701.97,101019.9,100999.49,101012.28,100992.24
13031.153202924,3093,101003.43,97842.61,100994.67,103697.26,101013.98,100995.48,101014.41,100994.31
13031.177432906,3094,100994.38,97836.62,100987.69,103701.97,101014.84,101001.61,101008.26,100986.31
13031.197831615,3095,101003.43,97828.56,100992.59,103701.97,101007.01,100999.49,101008.26,100991.35
13031.218468735,3096,100998.37,97832.59,100991.56,103701.97,101019.05,101005.61,101009.33,100988.24
13031.238979664,3097,101001.29,97828.56,101001.64,103713.24,101008.92,101004.55,101009.33,100981.27
13031.25957482,3098,101001.29,97844.67,101001.64,103705.96,101002.8,100993.6,101010.39,100994.31
13031.280093761,3099,100999.16,97845.7,100990.66,103696.17,101008.92,101009.62,101009.33,100984.24
13031.300653223,3100,101007.42,97837.65,100991.7,103693.98,101009.97,101011.74,101009.33,100994.31
13031.321613421,3101,100997.3,97837.65,100993.63,103693.98,101016.94,101002.67,101025.39,100994.31
13031.345455187,3102,101001.29,97838.68,100996.74,103705.96,101001.94,101016.57,101007.2,100976.24
13031.365855098,3103,100999.44,97837.65,100989.63,103693.98,101016.94,101005.61,101001.3,100994.31
13031.386496244,3104,100995.45,97843.64,100993.63,103693.98,101011.02,101008.56,101014.41,100993.27
13031.406995755,3105,101007.42,97846.73,101001.64,103700.87,101009.97,100999.49,101009.33,100994.31
13031.42762969,3106,100995.45,97851.79,100992.74,103701.97,101015.89,101009.62,101005.31,100994.31
13031.448047447,3107,100989.32,97842.7,100997.63,103705.25,101011.02,100996.54,101014.41,100988.24
13031.468648803,3108,100998.37,97845.7,100992.59,103697.97,101008.92,101004.55,101009.33,100996.24
13031.492832336,3109,101006.35,97845.7,100992.59,103696.17,101007.01,100997.6,101008.26,100993.27
13031.513431087,3110,100987.46,97854.79,100997.63,103708.15,101024.97,101004.55,101006.38,100982.31
13031.535155862,3111,101003.43,97842.7,100993.63,103703.06,101012.93,100999.49,101013.34,100994.31
13031.55454883,3112,100999.44,97850.76,100989.63,103704.16,101015.89,101004.55,101011.46,100994.31
13031.575122834,3113,100994.38,97846.73,100993.63,103701.97,101011.02,101007.5,101009.33,100990.31
13031.59571795,3114,101007.42,97854.79,100994.67,103697.97,101020.96,101004.55,101013.34,101000.38
13031.616072172,3115,101007.42,97845.7,100987.55,103706.35,101015.04,101008.56,101017.36,100985.27
13031.636697433,3116,100993.31,97848.7,100993.63,103705.25,101016.94,101000.55,101021.37,100994.31
13031.660805763,3117,101006.35,97854.79,100993.63,103709.25,101012.93,100997.6,101009.33,100992.24
13031.681476112,3118,101001.29,97850.76,101001.64,103701.97,101016.94,101000.55,101009.33,100986.31
13031.701876875,3119,101006.35,97850.76,100993.63,103701.97,101026.02,101006.67,101017.36,100994.31
13031.722555937,3120,101002.36,97852.82,100997.63,103701.97,101008.92,101009.62,101019.49,100994.31
13031.742909298,3121,100990.39,97853.76,100983.69,103704.16,101016.94,101015.51,101011.21,100992.24
13031.763626138,3122,100999.44,97847.67,100993.63,103705.96,101018.0,101005.61,101009.33,100994.31
13031.78404654,3123,101002.36,97853.76,100993.63,103709.96,101019.9,100999.49,101009.33,100993.27
13031.804675868,3124,101002.36,97846.73,100984.58,103693.98,101024.97,100999.49,101009.33,100994.31
13031.828391623,3125,100999.44,97844.67,101001.64,103701.97,101007.01,100993.6,101009.33,100984.24
13031.8494302,3126,100993.31,97854.79,101003.71,103697.97,101011.02,101000.55,101013.34,100986.31
13031.869518409,3127,100991.46,97852.72,100994.67,103702.35,101011.02,101009.62,101018.42,100986.31
13031.890521683,3128,100991.46,97855.82,100993.63,103704.16,101016.94,101001.61,101005.31,100995.35
13031.911050007,3129,101010.34,97862.84,100993.63,103705.96,101008.92,101009.62,101010.39,100994.31
13031.932154614,3130,101002.36,97868.83,100999.71,103701.97,101008.92,101004.55,101009.33,100991.35
13031.952096352,3131,100997.3,97853.76,100994.67,103701.97,101008.92,101008.56,101003.18,100988.38
13031.972673331,3132,100997.3,97846.73,100987.55,103703.06,101007.87,100991.47,101017.36,100994.31
13031.996401164,3133,100999.44,97851.79,100994.67,103697.97,101016.94,100999.49,101009.33,100990.31
13032.016942869,3134,101001.29,97850.76,100993.63,103702.35,101016.94,100999.49,101010.39,100990.31
13032.037523494,3135,100997.3,97840.64,100984.58,103708.15,101005.96,101007.5,101013.34,100992.38
13032.058723184,3136,100990.39,97858.81,100992.59,103704.16,101011.02,100995.48,101017.36,100996.24
13032.078552813,3137,100997.3,97858.81,100993.63,103704.16,101015.04,101003.49,101001.3,100987.35
13032.099647524,3138,101007.42,97849.73,100995.7,103704.16,101016.94,101006.67,101016.29,100986.31
13032.119637675,3139,100990.39,97870.89,100994.67,103701.97,101004.91,101005.61,101008.26,100987.35
13032.140720379,3140,100995.45,97848.7,100994.67,103701.26,101019.05,101004.55,101021.37,100991.35
13032.164450446,3141,100999.44,97868.83,100985.62,103708.15,101016.94,101009.62,101002.37,100984.24
13032.184889846,3142,100991.46,97866.87,100986.66,103705.96,101008.92,101001.61,101018.42,100988.24
13032.206119322,3143,100998.37,97861.81,100998.67,103696.17,101008.92,101008.56,101009.33,100994.31
13032.225930472,3144,100994.38,97862.84,100989.63,103712.15,101008.92,101000.55,101009.33,100986.31
13032.246639811,3145,101006.35,97862.84,100990.66,103693.98,101015.04,101008.56,101008.26,100985.27
13032.267141986,3146,100990.39,97865.84,100989.63,103701.97,101019.05,101007.5,101009.33,100987.35
13032.287585884,3147,100998.37,97862.84,100994.67,103709.96,101019.05,100999.49,101008.26,100999.35
13032.309454556,3148,101003.43,97856.75,100987.69,103709.96,101016.94,101000.55,101016.29,100994.31
13032.333042788,3149,101005.28,97866.87,100992.59,103705.96,101009.97,101001.61,101013.34,100989.27
13032.352893088,3150,101003.43,97852.72,100993.63,103709.96,101009.97,101009.62,101017.36,100995.35
13032.373548646,3151,101006.35,97854.79,100994.67,103701.97,101016.94,101003.49,101009.33,100994.31
13032.394008838,3152,100999.44,97853.76,100994.67,103705.25,101023.92,101007.5,101013.34,101000.24
13032.414578856,3153,100991.46,97844.67,100991.7,103706.35,101012.93,101005.61,101008.26,100995.35
13032.435081702,3154,100995.45,97862.84,101001.64,103697.97,101015.89,100993.6,101017.36,100990.31
13032.455647414,3155,100993.31,97866.87,100995.7,103704.16,101011.88,101001.61,101009.33,100996.38
13032.478104275,3156,100988.53,97862.84,100995.7,103709.96,101016.94,100999.49,101000.23,100994.31
13032.500519894,3157,101003.43,97854.79,100997.63,103703.06,101018.0,101000.55,101007.2,100998.31
13032.520921157,3158,100992.52,97862.84,100984.58,103714.34,101011.88,101010.68,101012.28,100980.24
13032.541550756,3159,100999.44,97860.78,100985.62,103704.16,101019.9,101008.56,101004.25,100987.35
13032.561978078,3160,101003.43,97860.78,100989.63,103705.96,101001.94,101006.67,101018.42,100986.31
13032.582621247,3161,100997.3,97869.86,100988.73,103701.97,101018.0,101004.55,101016.29,100987.35
13032.603030662,3162,100997.3,97872.86,100992.59,103713.24,101008.92,101011.74,101012.28,100995.35
13032.623715133,3163,100995.45,97868.83,100994.67,103712.15,101016.94,101000.55,101005.31,100991.35
13032.644241485,3164,101001.29,97859.75,100983.55,103697.97,101008.92,101004.55,101001.3,100987.35
13032.66848573,3165,100991.46,97870.89,101003.71,103697.97,101015.04,101016.57,101001.3,100987.35
13032.689043429,3166,100995.45,97866.87,100991.56,103708.15,101008.92,101005.61,101009.33,100994.31
13032.709526416,3167,100994.38,97860.78,100987.69,103708.15,101019.05,101002.67,101002.37,100987.35
13032.729916422,3168,100991.46,97850.76,100993.63,103710.34,101018.0,100999.49,101009.33,100998.31
13032.750766443,3169,100999.44,97868.83,100995.7,103707.06,101008.92,101001.61,101001.3,100994.31
13032.771137661,3170,100990.39,97878.95,100985.62,103701.97,101012.93,100999.49,101005.31,100982.31
13032.791684534,3171,101000.5,97870.89,101001.78,103712.15,101007.87,101009.62,101018.42,100987.35
13032.815816549,3172,101014.33,97864.81,100993.63,103705.25,101015.04,101010.44,101015.47,100990.31
13032.83648789,3173,101007.42,97861.81,100989.63,103709.96,101019.05,100991.47,101013.34,100991.35
13032.856930906,3174,101006.35,97862.84,100995.7,103708.15,101004.91,101007.5,101007.2,100990.31
13032.877508986,3175,100980.27,97870.89,100993.63,103709.25,100997.93,101005.61,101001.3,100988.38
13032.897985854,3176,100998.37,97866.87,100986.66,103710.34,101020.96,101000.55,101017.36,100993.27
13032.918634911,3177,100991.46,97872.96,100989.63,103704.16,101011.02,101002.43,101009.33,100986.31
13032.939083265,3178,100997.3,97878.95,100997.63,103714.34,101011.02,101009.62,101010.39,101003.35
13032.959706063,3179,100997.3,97878.95,100995.7,103714.34,101009.97,101004.55,101013.34,100986.31
13032.983491734,3180,101003.43,97888.03,101003.71,103709.25,101008.92,101000.55,101007.2,100984.24
13033.004497461,3181,100993.31,97869.86,100986.66,103720.13,101009.97,100991.47,101017.36,100991.35
13033.024913637,3182,101002.36,97869.86,100989.63,103704.16,101020.96,100993.6,101011.46,100988.24
13033.045597938,3183,100991.46,97874.92,100989.63,103714.34,101027.07,101001.61,101001.3,100995.35
13033.065971038,3184,100999.44,97870.89,100995.7,103705.96,101013.98,101006.67,101018.42,100995.35
13033.086666286,3185,100999.44,97869.86,100993.63,103710.34,101015.04,101002.67,101009.33,100992.24
13033.107106077,3186,100999.44,97882.98,100985.62,103720.13,101007.87,101009.62,101008.26,100986.31
13033.127658088,3187,100995.45,97879.98,100995.7,103714.34,101012.93,101004.55,101010.39,100992.38
13033.151478101,3188,100995.45,97878.95,100993.63,103708.15,101008.92,100993.6,101010.39,100984.24
13033.172479822,3189,100997.3,97869.86,100992.59,103717.24,101016.09,101000.55,101009.33,100995.35
13033.192519187,3190,100991.46,97870.89,100995.7,103714.34,101013.98,101003.49,101001.3,100986.31
13033.213560618,3191,100997.3,97869.86,100992.59,103710.34,101012.08,100992.53,101001.3,100983.35
13033.233649118,3192,100995.45,97870.89,100991.7,103711.05,101022.01,101009.62,101000.23,100988.38
13033.254663779,3193,101001.29,97878.95,100985.62,103722.32,101019.05,101009.62,101005.31,100986.31
13033.275171242,3194,100998.37,97878.95,100985.62,103710.34,101003.0,101000.55,101017.36,100968.24
13033.295697895,3195,100998.37,97878.95,100985.62,103714.34,101008.92,100997.6,101003.43,100984.24
13033.319440461,3196,100985.33,97870.89,100985.62,103713.24,101013.98,101000.55,101017.36,100994.31
13033.339954324,3197,100993.31,97869.86,100994.67,103715.05,101019.05,101002.67,101009.33,100986.31
13033.360538914,3198,100982.41,97870.89,100985.62,103705.25,101013.98,100991.47,100997.28,100986.31
13033.381764954,3199,100991.46,97878.95,100993.63,103706.35,101009.97,101005.61,101001.3,100990.31
13033.401644819,3200,100998.37,97872.86,100985.62,103712.15,101013.98,101001.61,101006.38,100987.35
13033.422773562,3201,100991.46,97879.98,100995.7,103705.25,101008.92,101001.61,101002.37,100988.38
13033.447007261,3202,101011.41,97873.89,100993.63,103706.35,101011.02,101006.67,101013.34,100988.38
13033.463857984,3203,101003.43,97876.89,100990.66,103712.15,101011.02,101004.55,100998.35,100987.35
13033.487467178,3204,100999.44,97873.89,100991.7,103705.25,101009.97,101009.62,101004.25,100986.31
13033.507949574,3205,101001.57,97878.95,100995.7,103713.24,101009.97,101000.55,101017.36,100988.38
13033.528689869,3206,100994.38,97877.92,100993.63,103712.53,101012.08,100999.49,101003.43,100994.31
13033.549006414,3207,100990.39,97868.83,101001.64,103710.34,101015.04,100991.47,101007.45,100983.35
13033.569648391,3208,100994.38,97874.92,100989.63,103713.24,101019.05,101007.5,101010.39,100986.31
13033.590227112,3209,100998.37,97878.95,100994.67,103710.34,101011.02,101005.61,101001.3,100996.38
13033.610772974,3210,101004.49,97878.95,100984.58,103718.33,101019.05,101009.62,100999.17,100977.27
13033.631974026,3211,100991.46,97870.89,100989.63,103715.43,101020.96,101008.56,101009.33,100997.42
13033.655530751,3212,100990.39,97875.95,100990.66,103706.35,101020.1,100995.48,101010.39,100986.31
13033.675926025,3213,100999.44,97878.95,100985.62,103711.44,101024.11,101001.61,101005.31,100991.35
13033.696555173,3214,101003.43,97878.95,100993.63,103703.06,101012.08,101001.61,101009.33,100990.31
13033.716965389,3215,100994.38,97884.01,100989.63,103703.06,101011.02,100997.6,101013.34,100992.38
13033.737657522,3216,100991.46,97888.03,100988.59,103713.24,101023.06,101004.55,101013.34,100998.31
13033.758250675,3217,100991.46,97876.89,100998.67,103713.24,101015.04,101009.62,101017.36,100995.35
13033.778674823,3218,100987.46,97878.95,100994.67,103698.36,101011.02,100999.49,101005.31,100976.24
13033.799328597,3219,100992.52,97884.01,100993.63,103709.25,101020.96,101001.61,101009.33,100994.31
13033.823487052,3220,101003.43,97893.09,100994.67,103706.35,101011.02,101001.61,101010.39,100984.24
13033.843901265,3221,100991.46,97887.0,100985.62,103710.34,101019.05,100999.49,101001.3,100985.27
13033.864566587,3222,100991.46,97877.92,100995.7,103710.34,101007.01,101000.55,101013.34,100995.35
13033.885077746,3223,100997.58,97878.95,100994.67,103722.32,101008.92,100994.66,101019.49,100996.38
13033.905779243,3224,100999.44,97878.95,100989.63,103714.34,101008.92,101004.55,101018.42,100991.35
13033.926112633,3225,100991.46,97877.92,100989.63,103710.34,101008.92,101009.62,101011.46,100986.31
13033.946814731,3226,101002.36,97877.92,100986.66,103708.15,101011.02,101000.55,101018.42,100999.35
13033.970851091,3227,100992.52,97879.98,100997.63,103710.34,101011.02,100993.6,101009.33,100989.27
13033.991522252,3228,100991.46,97878.95,100985.62,103710.34,101016.94,101001.61,101011.46,100986.31
13034.011927521,3229,100995.45,97887.0,100985.62,103715.43,101011.88,101009.62,101009.33,100994.31
13034.032604631,3230,100999.44,97876.89,100996.6,103710.34,101011.02,101001.61,101018.42,100994.31
13034.053034107,3231,100990.39,97885.97,100994.67,103704.16,101013.98,100992.53,101008.26,100990.31
13034.073626369,3232,100995.45,97895.06,100985.62,103701.26,101015.89,101001.61,101009.33,100979.35
13034.09415198,3233,101000.5,97881.01,100991.7,103706.35,101008.92,101007.5,101013.34,100986.31
13034.114698753,3234,100991.46,97887.0,100997.63,103713.24,101012.93,101000.55,100999.42,100989.42
13034.138876777,3235,100991.46,97884.01,100993.63,103704.16,101008.92,100999.49,101004.25,100990.31
13034.159558945,3236,100991.46,97881.94,100987.69,103704.16,101007.87,101013.62,101013.34,100986.31
13034.179982261,3237,100987.46,97891.03,100995.7,103708.15,101009.97,101010.68,101006.38,100984.38
13034.200591769,3238,100993.31,97884.01,100993.77,103714.34,101000.89,100996.54,101013.34,100996.38
13034.221054284,3239,100983.47,97882.98,100993.63,103710.34,101022.01,101004.55,101010.39,100987.35
13034.241683923,3240,100991.46,97882.98,100987.69,103711.05,101007.01,100999.49,101005.31,100986.31
13034.262141371,3241,100987.46,97895.06,100995.7,103714.34,101012.93,101000.55,101009.33,100992.24
13034.282819552,3242,100983.47,97885.97,100987.69,103710.34,101011.02,101004.55,101001.3,100996.38
13034.306882873,3243,100990.39,97887.0,100985.62,103715.43,101015.04,100998.42,101005.31,100987.35
13034.327624681,3244,100999.44,97891.03,100994.67,103712.15,101019.05,100993.6,101018.42,100989.42
13034.347601803,3245,101000.5,97882.98,100986.66,103710.34,101009.97,101000.55,101002.37,100986.31
13034.368604215,3246,100999.44,97888.03,100986.66,103718.33,101013.98,101003.49,101010.39,100994.31
13034.38904674,3247,100991.46,97895.06,100994.67,103713.24,101010.83,101008.56,101013.34,100984.24
13034.409625772,3248,100991.46,97890.0,100985.62,103718.33,101008.92,100998.42,101009.33,100987.35
13034.430291545,3249,101003.43,97888.03,100997.63,103711.44,101011.02,101000.55,100997.28,100996.38
13034.450729083,3250,100999.44,97895.06,100993.63,103710.34,101018.0,101002.43,101015.47,100982.31
13034.47447273,3251,100991.46,97890.0,100995.7,103721.23,101012.93,100999.49,101011.46,100992.38
13034.49548039,3252,100992.52,97887.0,100999.71,103712.53,101018.0,101008.56,101000.23,100994.31
13034.515662432,3253,100994.38,97895.06,100985.62,103704.16,101009.97,101003.49,101009.33,100983.35
13034.536730082,3254,100992.52,97895.06,100986.66,103718.33,101016.94,101003.49,101001.3,100981.42
13034.557060488,3255,101003.43,97895.06,100995.7,103706.35,101012.93,101009.62,101009.33,100990.46
13034.577724649,3256,100994.38,97895.06,100991.7,103714.34,101009.97,101004.55,101019.49,100986.31
13034.598185011,3257,100991.46,97885.97,100991.7,103704.16,101023.06,101001.61,101008.26,100979.35
13034.618678423,3258,100995.45,97887.0,100995.7,103713.24,101008.92,101009.62,101000.23,100989.27
13034.642489713,3259,101004.49,97887.0,100993.63,103705.25,101007.01,101002.67,101001.3,100990.31
13034.662970156,3260,100999.44,97896.09,100985.62,103706.35,101009.97,100991.47,101001.3,100984.38
13034.683534695,3261,100999.44,97900.11,100985.62,103714.34,101018.0,101003.49,101001.3,100988.38
13034.704575315,3262,100999.44,97895.06,100985.62,103708.54,101011.02,101013.62,101019.49,101002.46
13034.724741032,3263,100991.46,97887.0,100983.69,103706.35,101011.02,100995.48,101005.31,100996.38
13034.745953612,3264,100983.47,97896.09,100991.7,103702.35,101016.94,100997.6,101009.33,100988.38
13034.765890412,3265,100986.4,97891.03,100979.69,103708.54,101008.92,101011.74,101016.29,100988.38
13034.786756078,3266,100987.46,97887.0,100991.7,103706.35,101007.87,101005.61,101008.26,100996.38
13034.810515389,3267,100991.46,97891.03,100989.63,103697.26,101009.97,100999.49,101007.2,100994.31
13034.83096879,3268,100981.34,97891.03,100989.63,103706.35,101013.98,100995.72,100993.27,100989.42
13034.851562294,3269,100999.44,97905.17,100993.63,103706.35,101015.04,100999.49,101001.3,100986.31
13034.872197291,3270,100995.45,97903.11,100985.62,103698.36,101005.96,100999.49,101001.3,100984.38
13034.892888302,3271,100999.44,97896.09,100994.67,103702.35,101016.94,100993.6,101005.31,100993.42
13034.913328463,3272,100981.34,97897.12,100991.7,103706.35,101012.93,100999.72,101005.31,100996.38
13034.93383766,3273,100995.45,97904.14,100996.74,103706.35,101009.97,100997.6,101013.34,100981.27
13034.954711417,3274,100996.51,97895.06,100986.66,103710.34,101015.04,101005.61,101009.33,100988.38
13034.978581786,3275,100995.45,97890.0,100989.63,103702.35,101001.94,100994.66,101000.23,100995.35
13035.000316916,3276,100995.45,97885.97,100994.67,103702.35,101015.04,101008.56,101016.29,100990.31
13035.019595622,3277,100996.51,97895.06,100992.74,103714.34,101015.04,100999.72,101013.34,100987.35
13035.040087692,3278,100991.46,97895.06,100994.67,103700.16,101004.91,101009.62,101017.36,100997.42
13035.060698051,3279,100991.46,97903.11,100987.69,103706.35,101013.98,100997.6,101013.34,100987.35
13035.081471737,3280,100995.45,97896.09,100988.73,103703.45,101020.1,101005.61,101014.41,100986.31
13035.101785648,3281,100995.45,97895.06,100989.63,103702.35,101015.04,100993.6,101013.34,100991.35
13035.122530701,3282,100994.38,97899.08,100987.69,103706.35,101009.97,100999.49,101006.38,100997.42
13035.146491958,3283,100991.46,97895.06,100987.69,103706.35,101028.13,101017.63,101012.28,100988.38
13035.166955314,3284,100995.45,97895.06,100995.7,103706.35,101024.11,101009.62,101009.33,100994.31
13035.187709902,3285,100991.46,97895.06,100991.7,103698.36,101008.92,101004.55,101009.33,100992.38
13035.208065546,3286,100995.45,97904.14,100988.73,103707.44,101012.93,101012.56,101000.23,100987.35
13035.228803888,3287,100991.46,97893.09,100987.69,103706.35,101013.98,101003.73,101015.23,100984.24
13035.249152261,3288,100995.45,97903.11,100987.69,103716.53,101001.94,100992.53,101011.46,100992.38
13035.269657521,3289,100999.44,97903.11,100990.66,103709.25,101013.98,101002.43,101009.33,101004.38
13035.293885772,3290,101000.5,97895.06,100993.63,103706.35,101027.07,101005.61,101013.34,100984.24
13035.314537283,3291,101000.5,97903.11,100994.67,103706.35,101011.02,100997.6,101010.39,100989.42
13035.335024927,3292,100995.45,97895.06,100994.67,103714.34,101019.05,101000.55,101002.37,100994.31
13035.355641335,3293,101001.57,97895.06,100978.65,103698.36,101018.0,100996.54,101011.46,100994.31
13035.376125323,3294,100993.59,97905.17,100991.7,103706.35,101017.14,100993.6,101013.34,100995.35
13035.396727179,3295,100995.45,97899.08,100985.62,103702.35,101008.92,100993.6,101002.37,100985.42
13035.41718669,3296,100991.46,97895.06,100986.66,103704.16,101012.93,101004.55,101013.34,100991.35
13035.437787485,3297,100992.52,97895.06,100994.67,103706.35,101003.0,100996.54,101010.39,100988.38
13035.461935905,3298,100995.45,97904.14,100985.62,103697.26,101011.02,100991.47,100999.42,100999.35
13035.482507505,3299,100996.51,97907.14,100997.63,103698.36,101009.97,101005.61,101001.3,100994.31
13035.503131065,3300,100999.44,97899.08,100980.58,103710.34,101008.92,101003.49,101014.41,100987.35
13035.523725239,3301,101003.43,97905.17,100995.7,103706.35,101012.93,101008.56,101007.2,100997.42
13035.544062035,3302,100998.37,97912.2,101001.64,103706.35,101005.96,101001.61,101013.34,100990.31
13035.565208034,3303,100984.54,97895.06,100986.66,103706.35,101005.96,101005.61,101009.33,100987.35
13035.585243984,3304,100995.45,97903.11,100983.69,103706.35,101016.09,101008.56,101010.39,100990.31
13035.606091111,3305,101003.43,97903.11,100985.62,103700.55,101008.92,101008.56,101009.33,100990.31
13035.629912937,3306,100995.45,97899.08,100994.67,103698.36,101008.92,100993.6,100999.17,100991.35
13035.650517518,3307,100980.55,97895.06,100992.74,103711.44,101015.04,101008.56,101012.28,100986.31
13035.670755724,3308,100996.51,97910.13,100995.7,103699.45,101011.02,100995.48,101010.15,100992.38
13035.691843805,3309,100991.46,97895.06,100986.66,103704.54,101013.98,101003.49,101016.29,100987.35
13035.712101932,3310,100993.59,97912.2,100987.69,103711.44,101019.05,100993.6,101000.23,100988.38
13035.7327777,3311,101003.43,97905.17,100985.62,103696.17,101007.01,100991.47,101002.37,100987.35
13035.753258413,3312,100991.46,97903.11,100981.62,103699.45,101008.06,101004.55,101009.33,100994.31
13035.774041534,3313,100987.46,97903.11,101007.72,103706.35,101019.05,100991.47,101010.39,100988.38
13035.797492489,3314,100999.44,97904.14,100995.7,103707.44,101015.04,101001.61,100999.17,100978.31
13035.818520309,3315,100990.39,97899.08,100987.69,103707.44,101019.05,101002.67,101007.2,100987.35
13035.838572965,3316,100999.44,97904.14,100986.66,103706.35,101012.08,100999.49,101017.36,100984.24
13035.859726816,3317,100992.52,97907.14,100995.7,103706.35,101020.1,100999.49,101000.23,100988.38
13035.879766532,3318,100992.52,97907.14,100989.63,103705.25,101008.92,101007.5,101007.2,100990.31
13035.900817548,3319,100992.52,97903.11,100982.65,103699.45,101012.93,101009.62,101001.3,100986.31
13035.921129305,3320,100991.46,97907.14,100997.63,103694.36,101015.04,101003.49,101013.34,100988.38
13035.941766905,3321,100988.53,97899.08,100997.63,103706.35,101019.05,101004.55,101012.28,100996.38
13035.965545926,3322,100991.46,97903.11,100985.62,103704.54,101024.11,101009.62,101012.28,100987.35
13035.986007881,3323,101008.48,97903.21,100985.62,103708.54,101015.04,101007.73,101009.33,100988.38
13036.006628235,3324,100991.46,97911.16,100997.63,103702.35,101003.0,100996.54,101007.2,100990.31
13036.027705761,3325,100996.51,97912.2,100995.7,103699.45,101008.92,100999.49,101007.2,101004.38
13036.047703624,3326,100991.46,97904.14,100987.69,103698.36,101016.94,100992.53,101004.25,100988.38
13036.068796363,3327,100973.36,97908.17,100991.7,103701.64,101012.93,100991.47,101007.2,100989.27
13036.088710789,3328,100991.46,97911.16,100993.63,103708.54,101019.05,101011.74,101005.31,100991.35
13036.10969908,3329,100991.46,97895.06,100991.7,103698.36,101015.04,101001.61,101000.23,100990.31
13036.13352343,3330,100983.47,97907.14,100986.66,103698.36,101019.05,101007.5,101007.2,100991.35
13036.154013547,3331,100990.39,97903.11,100988.59,103708.54,101015.04,101000.55,101009.33,100986.31
13036.174689315,3332,101004.49,97919.22,100989.63,103708.54,101015.04,101008.56,101010.39,100987.35
13036.195099131,3333,100992.52,97917.25,100985.62,103694.36,101007.01,101002.67,100999.17,100989.42
13036.215704222,3334,100999.44,97903.11,100987.69,103695.46,101013.98,100992.53,101009.33,100994.31
13036.23667758,3335,100982.41,97900.11,100995.7,103698.36,101012.08,101005.61,101009.33,100992.38
13036.256797488,3336,100995.45,97901.15,100989.63,103706.35,101019.05,101004.55,101007.45,100990.31
13036.277745868,3337,100991.46,97909.2,100985.62,103698.36,101011.02,100993.6,101000.23,100988.38
13036.301536827,3338,101003.43,97904.14,100990.66,103689.27,101019.05,101009.62,101017.36,100986.31
13036.322048687,3339,100991.46,97904.14,100991.7,103698.36,101011.02,100991.47,100999.17,100979.35
13036.342622351,3340,100987.46,97917.25,100988.59,103702.35,101019.05,101003.49,101007.2,100989.42
13036.363030014,3341,100991.46,97907.14,100987.69,103694.36,101016.94,101000.55,101010.39,100992.38
13036.383914347,3342,100993.59,97916.22,100989.63,103706.35,101027.07,101001.61,101003.18,100984.38
13036.404167095,3343,100995.45,97903.11,100985.62,103708.54,101001.94,100995.48,101013.34,100996.38
13036.424793228,3344,100979.48,97911.16,100985.62,103698.36,101016.94,101008.56,101017.36,100987.35
13036.445234221,3345,100991.46,97909.2,100993.63,103698.36,101019.05,101000.55,101005.31,100979.35
13036.469543044,3346,100990.39,97912.2,100989.63,103704.16,101011.02,101000.55,101007.2,100987.35
13036.490015404,3347,100991.46,97916.22,100987.69,103696.55,101020.1,101001.61,101017.36,100992.38
13036.512110429,3348,100996.51,97903.11,100986.66,103706.35,101011.02,101002.67,101007.2,100992.38
13036.531125565,3349,101000.5,97916.22,100993.63,103702.35,101013.98,101005.61,101008.26,100984.38
13036.551701913,3350,101000.5,97908.17,100985.62,103699.45,101016.94,101003.49,101006.13,100989.42
13036.572229226,3351,100991.46,97907.23,100994.67,103708.54,101008.92,100993.6,101007.2,100986.31
13036.592716139,3352,101000.5,97921.28,100989.63,103704.54,101003.0,101008.56,101003.18,100976.38
13036.61691854,3353,100997.58,97911.16,100985.62,103706.35,101011.02,101001.61,101008.26,100988.38
13036.637554308,3354,100993.59,97916.22,100984.58,103698.36,101004.91,101001.61,101009.33,100987.35
13036.658036724,3355,100991.46,97899.08,100993.63,103700.55,101011.02,101001.61,101012.28,100987.35
13036.678654294,3356,100987.46,97911.16,100985.62,103700.55,101007.01,101009.62,101008.26,100989.42
13036.699060825,3357,101003.43,97913.23,100983.55,103708.54,101008.92,101008.56,101009.33,100997.42
13036.719772287,3358,100991.46,97907.14,100984.58,103700.55,101001.94,101009.62,101015.23,100986.31
13036.740224256,3359,100992.52,97912.2,100993.63,103700.55,101009.97,100998.66,101007.2,100992.38
13036.760843779,3360,100992.52,97913.23,100987.69,103701.26,101009.97,100992.53,101008.26,100990.31
13036.784934872,3361,100993.59,97920.25,101003.71,103708.54,101012.08,101011.74,101003.18,100992.38
13036.805542377,3362,100992.52,97896.09,101003.71,103707.44,101007.01,101004.55,101007.2,100994.46
13036.827056834,3363,100991.46,97907.14,100989.63,103702.35,101023.06,101009.62,101000.23,100990.31
13036.846694422,3364,100991.46,97916.22,100993.63,103694.36,101013.98,100996.54,101008.26,100979.35
13036.867066801,3365,100991.46,97917.25,100994.67,103704.54,101008.06,100996.54,100999.17,100997.42
13036.887709619,3366,100992.52,97912.2,100985.62,103704.54,101016.94,101008.56,101016.29,100994.31
13036.908165144,3367,100992.52,97919.22,100990.66,103704.54,101011.02,100995.48,101000.23,100991.35
13036.928765929,3368,100992.52,97911.16,100991.7,103690.37,101007.01,101005.61,101006.13,100986.31
13036.952982201,3369,100992.52,97909.2,100992.74,103708.54,101012.93,101001.61,101008.26,100995.35
13036.973557748,3370,101005.56,97904.14,100985.62,103702.35,101019.05,101001.61,100999.17,101005.42
13036.993664655,3371,101000.5,97913.23,100991.7,103703.45,101011.02,101005.61,100999.17,100979.35
13037.01474811,3372,100991.46,97919.22,100986.66,103708.54,101009.97,100991.47,101007.2,100988.38
13037.035072326,3373,100989.6,97909.2,100990.66,103696.55,101011.02,100993.6,101007.2,100990.31
13037.055749186,3374,100991.46,97915.19,100985.62,103709.63,101008.06,101000.55,101003.18,100986.31
13037.076196949,3375,100992.52,97920.25,100987.69,103698.36,101011.02,101001.61,101007.2,100993.42
13037.096766797,3376,101003.43,97910.13,100986.66,103692.56,101015.04,101005.61,101009.33,100996.38
13037.120536064,3377,100993.59,97912.2,100993.63,103700.55,101011.02,100997.6,101007.2,100995.35
13037.14158768,3378,100979.48,97911.16,100994.67,103692.56,101008.92,101001.61,101007.2,100988.38
13037.161613055,3379,100983.47,97921.28,100993.63,103706.35,101016.94,101000.55,101007.2,100996.38
13037.182662157,3380,100990.39,97911.16,100993.63,103708.54,101007.01,100993.6,101012.28,100988.38
13037.20314252,3381,100999.44,97919.22,100987.69,103702.35,101013.98,101005.61,101009.33,100980.38
13037.22372056,3382,100994.65,97919.22,100992.59,103708.54,101011.02,101001.61,100992.2,100987.35
13037.243944785,3383,100987.46,97916.22,100985.62,103708.54,101011.02,101000.55,101002.37,100979.35
13037.264773154,3384,101000.5,97915.19,100990.66,103702.35,101005.96,101001.61,101009.33,100988.38
13037.288559056,3385,100991.46,97912.2,100990.66,103705.64,101005.96,101002.67,101009.33,100986.31
13037.309590572,3386,101007.42,97919.22,100995.7,103704.54,101011.02,101010.68,101009.33,100992.38
13037.32965127,3387,100999.44,97919.22,100995.7,103698.36,101020.1,101008.56,101015.23,100984.38
13037.350680302,3388,100995.45,97920.25,100989.63,103703.45,101005.96,100999.49,101001.3,100990.31
13037.370723213,3389,100991.46,97913.23,100987.69,103708.54,101009.97,101007.5,101007.2,100992.38
13037.391795501,3390,100995.45,97925.31,100995.7,103700.55,101020.1,101005.61,101001.3,100988.38
13037.412305778,3391,100991.46,97921.28,100985.62,103700.55,101013.98,100993.6,100997.28,100990.46
13037.432753552,3392,101000.5,97921.28,100995.7,103708.54,101019.05,100989.59,101001.3,100984.38
13037.456546684,3393,101006.63,97921.28,100986.66,103702.35,101011.02,101004.55,101005.31,100993.42
13037.477069851,3394,100993.59,97919.22,100985.62,103702.74,101013.98,101017.63,101008.26,100988.38
13037.497618447,3395,101001.57,97927.27,100995.7,103700.55,101019.05,100997.6,101009.33,100991.35
13037.518125861,3396,101000.5,97915.19,100989.63,103703.45,101009.97,101000.55,101005.31,100989.42
13037.538808689,3397,100995.72,97914.26,100989.63,103698.36,101007.01,100999.49,101011.21,100988.38
13037.559814026,3398,100995.45,97915.19,100985.62,103692.56,101008.92,101009.62,101008.26,100996.38
13037.579774733,3399,100989.6,97912.2,100997.78,103698.36,101023.06,100993.6,101004.25,100988.38
13037.60078063,3400,101001.57,97927.27,100993.63,103708.54,101011.02,100997.6,101009.33,100988.38
13037.624548835,3401,100999.44,97919.22,100980.72,103708.54,101009.97,101001.61,101009.33,100996.38
13037.645052132,3402,100999.44,97927.27,100980.72,103702.35,101012.93,101000.55,100999.17,100987.35
13037.665702251,3403,100991.46,97927.27,100981.62,103700.55,101019.05,101001.61,101000.23,100993.42
13037.686124266,3404,100996.51,97913.23,100985.62,103700.55,101011.02,100993.6,101011.21,100988.38
13037.706761646,3405,100992.52,97915.19,100995.7,103700.55,101020.1,101008.56,101000.23,100988.38
13037.727557105,3406,100989.6,97915.19,100991.7,103700.55,101007.01,101000.55,101007.2,100988.38
13037.747785146,3407,100995.45,97911.16,100986.66,103703.45,101003.0,101004.55,101017.36,100988.38
13037.768226419,3408,100995.45,97919.22,100991.7,103706.35,101016.94,101011.74,101008.26,100988.38
13037.793272987,3409,100999.44,97913.23,100989.63,103709.63,101012.93,100992.53,100999.17,100990.46
13037.813009856,3410,100997.58,97928.3,100985.62,103703.45,101011.02,101009.62,101000.23,100986.46
13037.833777202,3411,100991.46,97915.19,100991.7,103698.36,101023.06,101005.61,101018.42,100990.31
13037.854196432,3412,100993.59,97925.31,100987.69,103699.45,101003.0,100998.66,101000.23,101000.38
13037.874773832,3413,100984.54,97919.22,100981.62,103695.46,101011.02,101001.61,101012.28,100987.35
13037.895288326,3414,100995.45,97921.28,100989.63,103690.37,101007.87,101001.61,100995.15,100996.38
13037.91573048,3415,100987.46,97917.25,100991.7,103700.55,101015.04,101005.61,101017.36,100995.35
13037.939953052,3416,100995.45,97927.27,100994.67,103698.36,101015.04,101001.61,101008.26,100988.38
13037.960571123,3417,100999.44,97924.28,100985.62,103704.54,101011.02,101009.62,101007.2,100978.31
13037.981066368,3418,100995.45,97919.22,100985.62,103708.54,101015.04,101003.73,101009.33,100988.38
13038.001712712,3419,101000.5,97924.28,100994.67,103700.55,101015.04,101003.49,101003.18,100994.31
13038.022127876,3420,100993.59,97912.2,100986.66,103704.54,101008.92,101009.62,101001.3,100998.46
13038.042771205,3421,100985.61,97923.25,100991.7,103692.56,101008.92,100992.53,101005.31,100996.38
13038.063204326,3422,100983.47,97920.25,100993.63,103708.54,101012.08,101000.55,101019.49,100989.42
13038.083827324,3423,100995.45,97927.27,100994.67,103700.55,101012.08,100992.53,101013.34,100996.38
13038.107983195,3424,101009.55,97921.28,100985.62,103704.54,101026.02,101005.61,101005.31,100992.38
13038.128597721,3425,100987.46,97929.34,100991.7,103700.55,101015.04,101001.61,101009.33,100988.38
13038.149055839,3426,100999.44,97925.31,100987.69,103700.55,101012.93,100999.72,101011.46,100989.42
13038.169688202,3427,100991.46,97929.34,100977.61,103692.56,101011.02,100993.6,101013.34,100998.46
13038.190113862,3428,100991.46,97922.22,100985.62,103700.55,101011.02,101001.61,101001.3,100988.38
13038.210736239,3429,100999.44,97921.28,100995.7,103705.64,101008.92,101005.61,101000.23,100988.38
13038.231239036,3430,100993.59,97927.27,100992.74,103700.55,101011.02,100999.49,101002.37,100987.35
13038.251861974,3431,100999.44,97928.3,100987.69,103704.54,101012.08,100996.54,101010.39,100982.31
13038.275967909,3432,100993.59,97923.25,100985.62,103699.45,101011.02,101000.55,101013.34,100994.46
13038.296664739,3433,101001.57,97921.28,100991.7,103706.35,101009.97,100996.54,101008.26,100987.35
13038.317060905,3434,100990.39,97929.34,100987.69,103699.45,101019.05,101001.61,101014.41,100978.31
13038.337677874,3435,100995.45,97924.28,100994.67,103698.36,101012.08,101001.61,101009.33,100988.38
13038.358137585,3436,100988.53,97919.22,100979.69,103711.44,101011.02,101001.61,100993.27,100984.24
13038.378788486,3437,100983.47,97919.22,100995.7,103700.55,101007.01,100996.54,101008.26,100990.46
13038.399233645,3438,100983.47,97929.34,100987.69,103702.35,101015.04,101010.68,101012.28,100984.38
13038.419844064,3439,100987.46,97919.22,100992.74,103692.56,101015.04,101010.68,101009.33,100986.31
13038.443605058,3440,100991.46,97920.25,100996.74,103692.56,101007.01,101000.55,101009.33,100993.42
13038.464630535,3441,100993.59,97915.19,100994.67,103702.35,101019.05,101003.73,101005.31,100993.42
13038.484664322,3442,100995.45,97922.31,100995.7,103700.55,101003.0,100997.6,101008.26,100988.38
13038.507527498,3443,100979.48,97920.25,100996.74,103694.36,101007.01,100994.66,101001.3,100988.38
13038.526299848,3444,100992.52,97921.28,100987.69,103699.45,101008.92,101000.55,101004.25,100997.42
13038.546828373,3445,100992.52,97924.28,100988.73,103698.36,101019.05,100994.66,101005.31,100986.31
13038.567158619,3446,100991.46,97927.27,100993.63,103692.56,101007.01,101005.61,100999.17,100986.31
13038.587818142,3447,101000.5,97921.28,100979.69,103700.55,101019.05,101005.61,101001.3,100993.42
13038.61157494,3448,100985.61,97927.27,100986.66,103698.36,101009.11,101005.61,101001.3,100996.38
13038.632666046,3449,100991.46,97929.34,100993.63,103698.36,101011.02,100997.6,100999.17,100990.31
13038.652725152,3450,100993.59,97921.28,100995.7,103693.65,101011.02,101010.68,101009.33,100984.38
13038.673728225,3451,100993.59,97921.28,100993.77,103695.46,101012.08,101001.61,101005.31,100989.42
13038.693765297,3452,100996.51,97925.31,100987.69,103708.54,101008.92,100993.6,101007.2,100981.42
13038.71483425,3453,100992.52,97935.33,100987.69,103704.54,101015.04,101010.68,101008.26,100990.46
13038.734934267,3454,100993.59,97927.27,100987.69,103705.64,101020.1,101001.61,101001.3,100990.46
13038.755854675,3455,100993.59,97929.34,100986.66,103700.55,101011.02,100994.66,101012.28,100988.38
13038.779598783,3456,100993.59,97931.3,100981.62,103700.55,101011.02,101001.61,101017.36,100982.31
13038.800072406,3457,100988.53,97923.25,100996.74,103698.36,101011.02,101009.62,101009.33,100989.42
13038.820666721,3458,100985.61,97921.28,100995.7,103694.36,101012.08,101001.61,101004.25,100989.42
13038.841140884,3459,100999.44,97921.28,100987.69,103699.45,101011.02,101005.61,101001.3,100997.42
13038.861796221,3460,100995.45,97928.3,100990.66,103704.54,101011.02,100988.53,101005.31,100989.42
13038.882848889,3461,100985.61,97923.25,100988.59,103704.54,101004.91,100996.78,101009.33,100988.38
13038.902849266,3462,100984.54,97923.25,100987.69,103700.55,101011.02,101001.61,101007.2,100978.31
13038.923858989,3463,100991.46,97929.34,100987.69,103702.74,101012.08,101000.55,101022.44,100980.38
13038.947618931,3464,101009.55,97925.31,100982.65,103708.54,101015.04,101004.55,101008.26,100988.38
13038.968115408,3465,100997.58,97919.22,100985.62,103701.64,101016.09,101001.61,101010.39,100984.38
13038.98866819,3466,101000.5,97924.28,100995.7,103707.44,101024.11,101011.74,101005.31,100988.38
13039.009230016,3467,100981.62,97921.28,100994.67,103694.75,101011.02,100999.49,101013.34,100989.42
13039.029753584,3468,100999.71,97927.27,100986.66,103700.55,101005.96,101001.61,101001.3,100996.38
13039.050243541,3469,100989.6,97933.36,100990.66,103708.54,101013.98,101016.8,101009.33,100988.38
13039.070788892,3470,101001.57,97932.33,100993.63,103698.36,101013.98,101002.67,101009.33,100978.31
13039.094994428,3471,100995.72,97928.3,100987.69,103704.54,101015.04,101001.61,101000.23,100996.38
13039.115674252,3472,101008.48,97925.31,100983.69,103700.55,101011.02,101012.56,101001.3,100996.38
13039.136076507,3473,101003.7,97930.37,100987.69,103700.55,101008.92,101009.62,101009.33,100984.38
13039.156708128,3474,100984.54,97937.39,100988.73,103692.56,101012.08,100994.66,101019.49,100984.38
13039.17716791,3475,101004.49,97923.25,100994.67,103704.54,101015.04,101009.62,101009.33,100992.38
13039.197747943,3476,100998.65,97929.34,100986.66,103697.65,101003.0,100996.54,101013.34,100992.38
13039.218244059,3477,100997.58,97932.33,100986.66,103705.64,101023.06,101001.61,101001.3,100992.38
13039.240268256,3478,100994.65,97929.34,100999.71,103706.35,101011.02,101002.67,101008.26,100988.38
13039.262982267,3479,100993.59,97920.25,100995.7,103700.55,101015.04,101001.61,101008.26,100992.38
13039.283603543,3480,100989.6,97929.34,100999.71,103704.54,101011.02,101004.55,101000.23,100997.42
13039.304049954,3481,100992.52,97924.28,100985.62,103700.55,101015.04,100991.47,101005.31,100996.38
13039.324936932,3482,100985.61,97928.3,100985.62,103700.55,101012.08,100993.6,101002.37,100998.46
13039.345258825,3483,100994.65,97921.28,100993.63,103705.64,101012.08,100986.41,101010.39,100988.38
13039.36577415,3484,100995.72,97921.28,100986.66,103696.55,101012.08,101009.62,101010.39,100996.38
13039.386288374,3485,100992.52,97943.38,100990.66,103693.65,101019.05,100993.6,101001.3,100990.46
13039.406846764,3486,101000.5,97925.31,100987.69,103700.55,101016.09,100993.6,101005.31,100985.42
13039.430996857,3487,100993.59,97921.28,100999.71,103703.45,101011.02,100999.49,101008.26,100986.31
13039.451627687,3488,100993.59,97937.39,100991.7,103691.46,101007.01,101005.61,101018.42,100980.38
13039.472115841,3489,100989.6,97928.3,100987.69,103694.75,101011.02,101005.61,101001.3,100997.42
13039.492714893,3490,100981.62,97927.27,100993.63,103701.64,101019.05,101000.55,101010.39,100988.38
13039.51333057,3491,100999.44,97931.3,100987.69,103700.55,101015.04,101005.61,101011.46,100990.46
13039.533808069,3492,101004.49,97933.36,100987.69,103700.55,101020.1,100999.49,101001.3,100988.38
13039.554335753,3493,100994.65,97933.36,100989.63,103692.56,101013.13,100996.54,101019.49,100994.46
13039.575089579,3494,100992.52,97928.3,100996.74,103705.64,101011.02,101002.67,101013.34,100984.38
13039.598667776,3495,100997.58,97927.27,100988.73,103688.56,101012.08,101002.67,101007.2,100994.46
13039.619660063,3496,100997.58,97933.36,100988.73,103709.63,101011.02,101001.61,101018.42,100992.38
13039.640188278,3497,100985.61,97932.33,100995.7,103696.55,101011.02,101001.61,101001.3,100996.38
13039.660832468,3498,100995.72,97932.33,100989.77,103689.66,101009.97,101007.73,101009.33,100980.38
13039.681323587,3499,100990.66,97937.39,100987.69,103701.64,101019.05,101001.61,101006.38,100992.38
13039.701843019,3500,100995.45,97935.33,100992.74,103692.56,101013.98,101000.55,101009.33,100996.38
13039.722286886,3501,100981.62,97935.33,100987.69,103691.46,101007.01,100997.6,101009.33,100986.31
13039.742908643,3502,100992.52,97943.38,100989.77,103700.55,101020.1,101009.62,101021.37,100997.42
13039.766589706,3503,100985.61,97927.27,100987.69,103708.54,101012.93,100997.6,101006.38,100982.31
13039.787698859,3504,100977.63,97924.28,100990.66,103705.64,101003.0,100992.53,101001.3,100996.38
13039.807799287,3505,100999.44,97931.3,100995.7,103704.54,101007.01,100993.6,101006.38,100996.38
13039.828787187,3506,100996.51,97928.3,100987.69,103700.55,101011.02,100999.49,101017.36,100980.38
13039.849136742,3507,101005.56,97928.3,100987.69,103678.77,101017.14,100993.6,101010.39,100992.38
13039.869820512,3508,100989.6,97939.35,100993.63,103692.56,101013.13,101000.55,100999.17,100992.38
13039.890251651,3509,100992.52,97936.36,100993.63,103708.54,101007.01,100999.49,101010.39,100988.38
13039.910827758,3510,100991.46,97931.3,100987.69,103706.73,101011.02,101005.61,101007.2,100993.42
13039.934625427,3511,100991.46,97933.36,100988.73,103700.55,101022.21,100993.6,101006.38,100991.35
13039.955633588,3512,100985.61,97928.3,100993.77,103703.45,101016.09,101009.62,101009.33,100995.35
13039.975687406,3513,100985.61,97928.3,101004.75,103700.55,101017.14,101006.67,101009.33,100995.35
13039.996735497,3514,100996.51,97937.39,100989.63,103689.66,101018.0,101001.61,101013.34,100984.38
13040.016774181,3515,100990.66,97936.36,100996.74,103700.55,101011.02,101009.62,101010.39,100989.42
13040.037922734,3516,100993.59,97928.3,100995.7,103706.35,101007.01,100990.65,101011.46,100992.38
13040.057890352,3517,100994.65,97935.33,100997.78,103691.46,101004.05,100994.66,101007.2,100984.38
13040.078849879,3518,100996.51,97929.34,101003.71,103705.64,101012.08,101003.49,101000.23,100988.38
13040.102650342,3519,101000.5,97921.28,100991.7,103705.64,101011.02,101013.62,101007.2,100988.38
13040.123084906,3520,101001.57,97937.39,100983.69,103698.36,101016.09,101001.61,101005.31,100988.38
13040.143690788,3521,101005.56,97935.33,100987.69,103693.65,101008.92,100993.6,101012.28,100991.35
13040.164114725,3522,100993.59,97936.36,100991.7,103708.54,101020.1,100992.53,101013.34,100996.38
13040.18477476,3523,100985.61,97923.25,100985.62,103693.65,101011.02,101008.56,100999.17,100994.46
13040.205831594,3524,100988.53,97931.4,100995.7,103700.55,101013.98,101009.62,101001.05,100986.46
13040.22583832,3525,100987.46,97939.35,100991.7,103693.65,101007.01,100999.49,101009.33,100994.46
13040.246876797,3526,100998.65,97931.3,100983.69,103700.55,101004.05,100995.48,101007.2,100996.38
13040.270619603,3527,100984.54,97944.41,100986.66,103694.36,101011.02,100996.54,101002.37,100988.38
13040.291217313,3528,100992.52,97929.34,100991.7,103693.65,101007.01,101012.56,101009.33,100987.35
13040.311689293,3529,100991.46,97931.3,100985.76,103700.55,101020.1,101001.61,101008.26,100998.46
13040.332243998,3530,100988.53,97928.3,100997.78,103693.65,101011.02,101008.56,101009.33,100985.42
13040.352839565,3531,100989.6,97933.36,100984.73,103695.46,101009.97,101010.68,101009.33,100992.38
13040.373260558,3532,100987.74,97931.3,100990.66,103693.65,101019.05,100993.6,101011.21,100998.46
13040.393869795,3533,101009.55,97935.33,100989.77,103702.74,101015.04,101009.62,101005.31,100983.35
13040.41802827,3534,100997.58,97944.41,100991.7,103692.56,101020.1,101002.67,101002.37,100996.38
13040.438673472,3535,100993.59,97928.3,100987.69,103701.64,101013.13,101001.61,101003.18,100989.42
13040.459192073,3536,101003.43,97928.3,100989.77,103704.54,101021.15,100995.72,101006.38,100985.42
13040.479706316,3537,100996.51,97933.36,100997.78,103697.65,101011.02,101011.74,101001.3,100996.38
13040.500197846,3538,100985.61,97935.33,100995.7,103697.65,101015.04,101009.62,101005.31,100986.31
13040.520791309,3539,100994.65,97929.34,100999.71,103693.65,101015.04,101003.73,101009.33,100993.42
13040.541274446,3540,100991.46,97923.25,100997.78,103712.53,101015.04,101003.73,101005.31,100991.35
13040.561978157,3541,100992.52,97931.3,100988.73,103701.64,101011.02,101001.61,101008.26,100989.42
13040.58613525,3542,100993.59,97927.27,100987.69,103702.74,101011.02,100993.6,101003.43,100990.46
13040.606730967,3543,100993.59,97945.44,100995.7,103692.56,101004.05,101005.61,101011.21,100988.38
13040.627116696,3544,100992.52,97943.38,100989.63,103696.55,101007.01,101002.67,101009.33,100992.38
13040.647857563,3545,100992.52,97929.34,100988.73,103702.74,101020.1,101001.61,100993.27,100984.38
13040.668188129,3546,100999.44,97927.27,100991.7,103692.56,101015.04,101001.61,101009.33,100992.38
13040.688887323,3547,100989.6,97931.3,100996.74,103701.64,101015.04,101002.67,101008.26,100989.42
13040.709269557,3548,100985.61,97944.41,100990.66,103708.54,101012.08,100983.46,101009.33,100981.42
13040.729794326,3549,100983.47,97935.33,100987.69,103693.65,101015.04,100989.59,101015.47,100990.46
13040.754036047,3550,100991.46,97944.41,100995.7,103701.64,101011.02,101000.55,101011.46,100990.46
13040.774653678,3551,100993.59,97946.48,100987.69,103700.55,101007.01,101002.67,101000.23,100988.38
13040.795097865,3552,101002.64,97929.34,100986.66,103693.65,101017.14,100995.72,101009.33,100987.35
13040.81587042,3553,100985.61,97953.5,100991.7,103693.65,101011.02,100991.47,101005.31,100992.38
13040.836183419,3554,100997.58,97935.33,100994.67,103692.56,101015.04,101002.67,100999.17,100996.38
13040.857025299,3555,100984.54,97936.36,100989.63,103694.75,101016.09,101005.61,101002.37,100980.38
13040.877350487,3556,101003.43,97941.42,100992.74,103709.63,101011.02,100989.59,100999.42,100998.46
13040.897868045,3557,100993.59,97932.33,100991.7,103702.74,101015.04,101002.67,100999.17,100988.38
13040.922046571,3558,100993.59,97933.36,100994.67,103702.74,101011.02,101001.61,101013.34,100997.42
13040.942699935,3559,100988.53,97937.39,100983.69,103692.56,101009.97,101001.61,101008.26,100988.38
13040.96316874,3560,100993.59,97949.47,100995.7,103693.65,101004.05,101001.61,101009.33,100974.46
13040.983763425,3561,100993.59,97929.34,100988.73,103696.55,101015.04,100994.66,101001.3,100984.38
13041.004190828,3562,100999.71,97933.36,100993.63,103698.74,101015.04,100992.53,101010.39,100996.38
13041.024834297,3563,100992.52,97933.36,100991.7,103702.74,101020.1,101001.61,101005.31,100996.38
13041.045318135,3564,100994.65,97929.34,100991.7,103705.64,101019.05,101008.56,101001.3,100980.38
13041.066170019,3565,100997.58,97927.27,101003.71,103694.75,101011.02,101010.68,100987.12,100989.42
13041.089671912,3566,101001.57,97937.39,100989.63,103710.73,101007.01,100997.6,101003.18,100988.38
13041.110717168,3567,100988.53,97941.42,100991.7,103710.73,101018.0,101010.68,101009.33,100998.46
13041.130782824,3568,100991.46,97933.36,100987.69,103692.56,101019.05,101008.56,101005.31,100998.46
13041.151976395,3569,100995.72,97944.41,100986.66,103705.64,101016.09,101001.61,101009.33,100998.46
13041.172185638,3570,100997.58,97937.39,100995.7,103693.65,101013.98,100995.48,101008.26,100988.38
13041.192900184,3571,100994.65,97945.44,100995.7,103702.74,101011.02,100991.71,101009.33,100985.42
13041.21330303,3572,101000.5,97944.41,100987.69,103709.63,101011.02,101001.61,101007.2,100990.46
13041.233903113,3573,100986.67,97944.41,100994.67,103697.65,101007.01,101000.55,101007.45,100987.35
13041.257703978,3574,100984.54,97945.44,100990.66,103693.65,101021.15,100996.54,101016.29,100989.42
13041.278692839,3575,100993.59,97937.39,100991.7,103701.64,101016.09,100993.6,101016.29,100992.38
13041.298719085,3576,101001.57,97946.48,100987.69,103693.65,101012.08,101017.63,101008.26,100988.38
13041.319779154,3577,100993.59,97944.41,100991.7,103701.64,101015.04,100994.66,101017.36,100986.46
13041.339841896,3578,100993.59,97947.41,100987.69,103692.56,101011.02,101001.61,101002.37,100999.5
13041.361148257,3579,101001.57,97932.33,100993.63,103701.64,101016.09,101001.61,100992.2,100990.46
13041.381289187,3580,100998.65,97937.39,100996.74,103693.65,101011.02,100993.6,101007.2,100986.46
13041.401909711,3581,100993.59,97935.42,100996.74,103694.75,101011.02,101001.61,101019.49,101000.38
13041.425656784,3582,100983.47,97945.44,100988.73,103700.55,101028.13,100993.6,101013.34,100991.5
13041.446117457,3583,100982.41,97933.36,100988.73,103708.92,101019.05,100993.6,100997.28,100996.38
13041.46675669,3584,100992.52,97935.33,100986.66,103701.64,101013.13,101001.61,101001.3,100976.38
13041.487212655,3585,100984.54,97945.44,100993.63,103702.74,100999.84,101003.73,101009.33,100992.38
13041.507803705,3586,100987.46,97936.36,100995.7,103694.75,101019.05,101001.61,101001.3,100995.35
13041.528931357,3587,100996.51,97937.39,100981.62,103705.64,101011.02,100997.6,101009.33,100978.31
13041.548886315,3588,100986.67,97945.44,100989.77,103697.65,101017.14,101010.68,101006.38,100988.38
13041.569837379,3589,100995.45,97944.41,100991.7,103706.73,101003.0,101001.61,101009.33,100982.46
13041.593696241,3590,100993.59,97946.48,100994.67,103705.64,101019.05,100995.72,101014.41,100991.35
13041.614104665,3591,101000.5,97944.41,100987.69,103701.64,101016.09,100993.6,101001.3,100984.38
13041.634810969,3592,100981.62,97927.27,100989.63,103708.54,101011.02,100995.48,101009.33,100994.46
13041.655292373,3593,100985.61,97939.45,100987.69,103700.55,101009.97,101000.55,101009.33,100980.38
13041.675833908,3594,100997.58,97937.39,100993.63,103697.65,101012.08,101001.61,101005.31,100986.46
13041.696327151,3595,100993.59,97945.44,100990.66,103694.75,101005.96,101001.61,101010.39,100986.46
13041.716820853,3596,100997.58,97929.34,100990.66,103688.56,101011.02,100999.72,101002.37,100980.38
13041.741071718,3597,100996.51,97950.5,100992.74,103705.64,101019.05,101005.61,101009.33,100988.38
13041.761669038,3598,100992.52,97932.33,100992.74,103689.66,101019.05,101003.73,101007.45,100986.31
13041.782171644,3599,100998.65,97946.48,100985.62,103706.73,101011.02,100993.6,101008.26,100988.38
13041.802827041,3600,100981.62,97945.44,100998.67,103705.64,101007.01,100993.6,101001.3,100988.38
13041.823670643,3601,100989.6,97943.38,100995.7,103701.64,101015.04,101009.62,101001.3,100984.38
13041.843956402,3602,100997.58,97953.5,100986.66,103693.65,101019.05,100993.6,101015.23,100989.42
13041.864360879,3603,100985.61,97937.39,100986.66,103702.74,101003.0,101001.61,101018.42,101002.46
13041.884860531,3604,100988.53,97937.39,101003.71,103705.64,101007.01,101010.68,101007.45,100996.38
13041.909068411,3605,100993.59,97933.36,100987.69,103693.65,101019.05,101004.55,101013.34,100984.38
13041.929673933,3606,100993.59,97948.44,100987.69,103706.73,101015.04,100992.53,101001.3,100983.35
13041.950186584,3607,100990.66,97947.41,100995.7,103692.56,101013.13,101000.55,101001.3,100980.38
13041.970756642,3608,100995.72,97953.5,100982.65,103698.74,101019.05,101002.67,101008.26,100992.38
13041.991189713,3609,100992.52,97945.44,100987.69,103694.75,101019.05,100992.53,101003.18,100990.46
13042.011781635,3610,100984.54,97945.44,100986.66,103692.56,101014.18,101001.61,101001.3,100982.46
13042.032341337,3611,100992.52,97945.44,100987.69,103702.74,101020.1,100996.54,101001.3,100998.46
13042.052975893,3612,100987.74,97946.48,100987.69,103704.54,101013.13,101004.55,101007.2,100992.38
13042.077132205,3613,100978.69,97945.44,100991.7,103701.64,101011.02,101000.55,101007.2,100988.38
13042.097715043,3614,100993.59,97948.44,100994.67,103696.55,101009.97,100999.72,101000.23,100988.38
13042.118130377,3615,100992.52,97929.34,100995.7,103705.64,101011.02,101006.67,101012.28,100990.46
13042.138820557,3616,100984.54,97949.47,100994.67,103698.74,101023.06,101001.61,101008.26,100980.38
13042.159220377,3617,100993.59,97939.35,100987.69,103693.65,101019.05,101003.73,101001.3,100985.42
13042.181144694,3618,100993.59,97945.44,100997.78,103693.65,101019.05,101000.55,101005.31,100981.42
13042.200307814,3619,100992.52,97937.39,100995.7,103694.75,101011.02,100993.6,101011.46,100996.38
13042.220962951,3620,100999.71,97937.39,100995.7,103698.74,101011.02,100999.49,100997.28,100985.42
13042.245086684,3621,100993.59,97933.36,100991.7,103694.36,101015.04,101006.67,101000.23,100973.42
13042.265724695,3622,100987.74,97939.35,100987.69,103709.63,101011.02,101006.67,101001.3,100987.35
13042.286197646,3623,100992.52,97943.38,100991.7,103704.54,101012.08,101001.61,101009.33,100992.38
13042.306815687,3624,100995.72,97931.3,100988.73,103710.73,101020.1,101000.55,101007.2,100988.38
13042.327291392,3625,100981.62,97949.47,100983.69,103700.55,101011.02,100993.6,101001.3,100993.42
13042.347859287,3626,100999.71,97937.39,100985.62,103696.55,101004.91,101000.55,101008.26,100993.42
13042.368320882,3627,101001.57,97949.47,100995.7,103702.74,101016.94,100992.53,101007.2,100987.35
13042.388885081,3628,100995.72,97944.41,100995.7,103701.64,101012.08,101005.61,101008.26,100992.38
13042.412661488,3629,100996.51,97943.38,100987.69,103706.73,101011.02,101009.62,100999.17,100996.38
13042.433693786,3630,100992.52,97941.42,101003.71,103700.55,101015.04,101009.62,101005.31,100998.46
13042.454186847,3631,100997.58,97937.39,100989.63,103705.64,101008.92,101006.67,101009.33,100990.46
13042.474829405,3632,101001.57,97941.42,100993.63,103706.73,101008.06,101002.67,101009.33,100989.42
13042.494886978,3633,100999.71,97933.36,100990.66,103694.75,101013.13,100996.54,101008.26,100968.38
13042.515918365,3634,100999.71,97953.5,100977.61,103710.73,100998.98,101007.73,101018.42,100985.42
13042.536332487,3635,100993.59,97937.39,100993.63,103698.74,101011.02,100992.53,101003.18,100981.42
13042.557089528,3636,100979.76,97949.47,100986.66,103704.54,101015.04,100998.66,101007.2,100992.38
13042.581376868,3637,100996.51,97931.3,100996.74,103710.73,101021.15,101002.67,101011.21,100998.46
13042.601720474,3638,100993.59,97934.3,100993.63,103705.64,101011.02,101002.67,101008.26,100987.35
13042.621851077,3639,100996.51,97938.42,100987.69,103702.74,101015.04,100999.49,101008.26,100998.46
13042.643042866,3640,100993.59,97932.33,100989.77,103692.56,101007.01,101011.74,100991.14,100980.38
13042.663019326,3641,100992.52,97936.36,100987.69,103692.56,101011.02,100993.6,101016.29,100987.35
13042.683871651,3642,100980.55,97928.3,100978.65,103692.56,101023.26,100993.6,101013.34,100982.46
13042.704337202,3643,100997.58,97933.36,100991.7,103695.46,101016.09,101001.61,101005.31,100990.46
13042.725175636,3644,100980.55,97941.42,100987.69,103701.64,101008.92,101000.55,101010.39,100990.46
13042.748698399,3645,100997.58,97937.39,100992.74,103694.75,101011.02,100993.6,101012.28,100984.38
13042.769200635,3646,100993.59,97953.5,100991.7,103706.73,101007.01,101001.61,101005.31,100974.46
13042.789774389,3647,100995.72,97933.36,101004.75,103701.64,101015.04,100993.6,101001.3,100991.5
13042.810216353,3648,100984.54,97945.44,100983.69,103702.74,101011.02,100998.66,101009.33,100982.46
13042.830958903,3649,100993.59,97938.42,100987.69,103700.55,101017.14,100994.66,101014.41,100990.46
13042.851920423,3650,100994.65,97935.33,100987.69,103697.65,101012.08,101005.61,101005.31,100982.46
13042.872012619,3651,100991.46,97945.44,100995.7,103695.84,101016.09,100998.66,101001.3,100985.42
13042.896060296,3652,100993.59,97937.39,100984.73,103694.75,101011.02,101003.73,100997.28,100994.46
13042.91666696,3653,100997.58,97949.47,100989.77,103689.66,101019.05,101003.49,101005.31,100994.46
13042.937270899,3654,101001.57,97945.44,100997.63,103694.75,101020.1,100995.72,100997.28,100989.42
13042.95773668,3655,100997.58,97945.44,101003.71,103706.73,101019.05,101007.73,100997.28,100980.38
13042.97822224,3656,100993.59,97931.3,100987.69,103702.74,101021.15,101006.67,101009.33,100994.46
13042.998867692,3657,100993.59,97944.41,100988.73,103709.63,101008.06,101005.61,101007.2,100981.42
13043.021547672,3658,100994.65,97929.34,100983.69,103706.73,101015.04,101010.68,101010.39,100991.5
13043.040274402,3659,100996.51,97937.39,100993.63,103701.64,101019.05,101001.61,100993.27,100982.46
13043.064076979,3660,100977.63,97937.39,100981.62,103705.64,101017.14,100994.66,101003.18,100992.38
13043.084742762,3661,101001.57,97952.47,100985.62,103700.55,101019.05,100997.6,101006.38,100985.42
13043.105170395,3662,100991.46,97955.56,100991.7,103702.74,101011.02,100995.72,100994.34,100990.46
13043.126094168,3663,100999.44,97952.47,100995.7,103701.64,101012.08,101005.61,101014.41,100990.46
13043.146374919,3664,101002.64,97945.44,100983.69,103694.75,101012.08,100999.49,100998.35,100992.38
13043.166988333,3665,100985.61,97937.39,100989.63,103694.75,101012.08,100993.6,101011.46,100988.38
13043.187304938,3666,100997.58,97946.48,100997.78,103701.64,101019.05,101010.68,101001.3,100980.38
13043.208252737,3667,100987.74,97947.41,100984.73,103700.55,101011.02,101001.61,101001.3,100985.42
13043.232085179,3668,100993.59,97936.36,100992.74,103698.74,101007.01,100991.47,100999.17,100989.42
13043.252725103,3669,100997.58,97945.44,100987.69,103709.63,101020.1,101001.61,101009.33,100997.42
13043.273163152,3670,100985.61,97935.33,100986.66,103706.73,101011.02,101005.61,101006.38,100985.42
13043.293836045,3671,100985.61,97948.44,100977.61,103702.74,101021.15,101005.61,101002.37,100984.38
13043.314324921,3672,100993.59,97946.48,100986.66,103698.74,101012.08,101008.56,101009.33,100990.46
13043.335188994,3673,101001.57,97932.33,100985.62,103702.74,101013.13,101012.8,101008.26,100996.38
13043.355379368,3674,100980.55,97949.47,100997.78,103696.55,101009.97,101003.73,101009.33,100991.5
13043.376764969,3675,100996.51,97925.31,100986.66,103699.84,101015.04,101001.61,101000.23,100990.46
13043.400111897,3676,100984.54,97941.42,100984.73,103701.64,101022.21,100996.54,101012.28,100989.42
13043.420765472,3677,100989.6,97946.48,100979.69,103694.75,101005.1,100993.6,101002.37,100989.42
13043.441192854,3678,100979.48,97946.48,100987.69,103702.74,101015.04,101001.61,101007.45,100985.42
13043.4618936,3679,100982.68,97937.39,100994.67,103694.75,101011.02,101009.62,100997.28,100973.42
13043.482321884,3680,100997.58,97944.41,100991.7,103702.74,101012.08,100997.6,101005.31,100982.46
13043.502999154,3681,100995.72,97945.44,100995.7,103706.73,101011.02,100999.72,101001.3,100967.49
13043.523421249,3682,101007.69,97949.47,100987.69,103701.64,101017.14,100995.72,101001.3,100988.38
13043.543930595,3683,100993.59,97937.39,100987.69,103702.74,101014.18,100999.72,100993.27,100992.38
13043.568014608,3684,100991.46,97937.39,100992.74,103701.64,101021.15,100993.6,101001.3,100989.42
13043.588750377,3685,100986.67,97944.41,100993.63,103702.74,101005.1,101008.56,101006.38,100998.46
13043.609236147,3686,100977.63,97949.47,100991.7,103701.64,101014.18,101001.61,101005.31,100984.38
13043.629872987,3687,100987.74,97938.42,100994.67,103702.74,101007.01,101007.73,101010.39,100991.5
13043.650343114,3688,100987.46,97943.38,100983.69,103693.65,101012.08,101009.62,101008.26,100986.46
13043.670893182,3689,100999.71,97944.41,100991.7,103694.75,101019.05,101008.56,101009.33,100982.46
13043.691378031,3690,100993.59,97945.44,100991.7,103707.83,101017.14,100997.6,101011.46,100988.38
13043.712033399,3691,100995.72,97945.44,100992.74,103702.74,101016.94,101002.67,101009.33,100996.38
13043.735729675,3692,100997.58,97950.5,100989.77,103692.56,101015.04,100998.66,101008.26,100985.42
13043.756790195,3693,100991.73,97939.45,100987.69,103706.73,101016.09,101001.61,101010.39,100994.46
13043.776906006,3694,101002.64,97944.41,100985.62,103702.74,101011.02,101015.74,101009.33,100990.46
13043.797854356,3695,100996.51,97945.44,100993.63,103694.75,101007.01,101003.73,101010.39,100986.46
13043.818253005,3696,100995.72,97938.32,100988.73,103706.73,101009.97,100999.49,100998.35,100981.42
13043.838995053,3697,100982.68,97934.39,100990.66,103702.74,101011.02,100992.53,101013.34,100980.38
13043.859744684,3698,100989.6,97952.47,100989.63,103710.73,101011.02,101001.61,101001.3,100982.46
13043.879990231,3699,100997.58,97947.41,100978.65,103694.75,101009.11,101005.61,101010.39,100990.46
13043.903722441,3700,100984.54,97948.44,100993.63,103702.74,101005.96,100993.6,101001.3,100992.38
13043.924812146,3701,100997.58,97931.3,100985.62,103706.73,101013.13,101011.5,101002.37,100980.38
13043.944816889,3702,100984.54,97961.55,101009.79,103694.75,101008.92,101010.68,101003.43,100994.46
13043.965994316,3703,100985.61,97945.44,101003.71,103709.63,101023.06,101005.61,101009.33,100989.42
13043.987229049,3704,100979.48,97946.48,100995.7,103701.64,101013.13,101007.73,101016.29,100993.42
13044.006925576,3705,100997.58,97945.44,100989.77,103701.64,101012.08,100993.6,101001.3,100988.38
13044.026981217,3706,100999.71,97950.5,100987.69,103702.74,101011.02,101005.61,101001.3,100981.42
13044.047950599,3707,100992.52,97937.39,100996.74,103710.73,101012.08,101003.73,101008.26,100982.46
13044.071723351,3708,100993.59,97938.42,100994.67,103701.64,101011.02,101005.61,101009.33,100989.42
13044.092222702,3709,100993.59,97949.47,100996.74,103710.73,101011.02,101001.61,101005.31,100984.38
13044.112853612,3710,100984.54,97952.47,100987.69,103701.64,101017.14,100998.66,101006.38,100989.42
13044.133320815,3711,100992.52,97936.36,100991.7,103700.55,101012.08,100993.6,101001.3,100990.46
13044.153966798,3712,100993.59,97935.33,100988.73,103702.74,101013.13,101003.49,101013.34,100994.46
13044.174956491,3713,101001.57,97945.44,100987.69,103706.73,101012.08,100995.48,101011.21,100990.46
13044.194964349,3714,100979.48,97943.38,100985.62,103709.63,101009.97,100993.6,100997.28,100980.38
13044.219107491,3715,100987.74,97945.44,100991.7,103712.92,101019.05,101004.55,101001.3,100998.46
13044.239769909,3716,100985.61,97948.44,100983.69,103702.74,101012.08,101003.73,101009.33,100989.42
13044.260212434,3717,100978.69,97952.47,100996.74,103694.75,101011.02,101001.61,101002.37,100988.38
13044.280852568,3718,100991.46,97945.44,100985.62,103694.75,101011.02,101002.67,101010.39,100986.46
13044.301290707,3719,100995.72,97941.42,100985.62,103708.54,101011.02,100994.66,101008.26,100988.38
13044.322013025,3720,100992.52,97949.47,100993.63,103698.74,101015.04,100991.47,101008.26,100988.38
13044.342379837,3721,100984.54,97937.39,100996.74,103710.73,100998.98,101002.67,101001.3,100982.46
13044.363247926,3722,100992.52,97952.47,100988.73,103694.75,101019.05,101009.62,101002.37,100986.46
13044.387170654,3723,100992.52,97943.38,100983.69,103706.73,101004.05,100997.6,101010.39,100983.49
13044.407730547,3724,101000.5,97937.39,100986.66,103702.74,101011.02,101004.55,101000.23,100990.46
13044.428306715,3725,101001.57,97943.38,100987.69,103711.82,101012.08,101004.55,101009.33,100989.42
13044.448959548,3726,100992.52,97944.41,100986.66,103701.64,101016.09,100995.72,101009.33,100984.38
13044.46932689,3727,100993.59,97943.38,100991.7,103702.74,101020.1,101001.61,100990.32,100984.38
13044.489920083,3728,100999.44,97944.41,100991.7,103703.83,101017.14,101005.61,101001.3,100980.38
13044.510389048,3729,101001.57,97950.5,100985.62,103702.74,101015.04,101002.67,101001.3,100988.38
13044.531028972,3730,100993.59,97939.45,100985.62,103694.75,101012.08,101002.67,101007.2,100981.42
13044.555120146,3731,100985.61,97938.42,100987.69,103702.74,101000.04,100994.66,101002.37,100978.46
13044.575803475,3732,100994.65,97957.62,100987.69,103702.74,101011.02,101001.61,101005.31,100990.46
13044.596209025,3733,100981.62,97944.41,100986.66,103708.92,101013.13,100997.6,101001.3,100981.42
13044.616837151,3734,100989.6,97949.47,100999.71,103702.74,101016.09,100993.6,101001.3,100981.42
13044.637307238,3735,100993.59,97947.51,100983.69,103706.73,101012.08,101008.56,101010.39,100983.49
13044.657985369,3736,100986.67,97945.44,100987.69,103710.73,101011.02,101006.67,101001.3,100988.53
13044.678487555,3737,100993.59,97944.41,100995.7,103702.74,101007.01,100997.6,101010.39,100994.46
13044.699163333,3738,100999.71,97945.44,100987.69,103702.74,101009.11,100993.6,101011.46,100991.5
13044.723150409,3739,100987.74,97943.38,100986.66,103701.64,101013.98,101005.61,101010.39,100982.46
13044.7437287,3740,101001.57,97936.36,100985.62,103711.82,101009.97,100989.59,100996.22,100978.46
13044.764210415,3741,100987.46,97946.48,100990.66,103710.73,101017.14,100999.72,101005.31,100990.46
13044.786057133,3742,100993.59,97938.42,100990.66,103708.54,101012.08,100996.54,101009.33,100983.49
13044.805380446,3743,100989.6,97932.33,100989.77,103710.73,101018.0,100994.66,100997.28,100988.38
13044.826002393,3744,100998.65,97955.46,100991.7,103710.73,101009.97,101001.61,101001.3,100981.42
13044.846428113,3745,100991.46,97948.44,101002.68,103706.73,101011.02,101002.67,101011.46,100981.42
13044.867045232,3746,100999.71,97945.44,100987.69,103706.73,101011.02,101006.67,101009.33,100998.46
13044.891179611,3747,100992.52,97944.41,100991.7,103693.65,101017.14,101009.62,100996.22,100984.38
13044.913012379,3748,100985.61,97951.44,100991.7,103703.83,101020.1,100999.72,101005.31,100990.46
13044.932210082,3749,100994.65,97929.34,100986.66,103710.73,101019.05,100999.49,101005.31,100988.38
13044.952946111,3750,101001.57,97938.42,100990.66,103688.56,101019.05,100995.72,101009.33,100982.46
13044.973359543,3751,100985.61,97949.47,100985.62,103704.54,101020.1,100993.6,100998.35,100982.46
13044.995110467,3752,100985.61,97947.41,100991.7,103702.74,101019.05,100994.66,100994.34,100990.46
13045.014517386,3753,100993.59,97953.5,100987.69,103710.73,101011.02,101002.67,101017.36,100982.46
13045.035099362,3754,100995.72,97937.39,100987.69,103706.73,101020.1,101001.61,101008.26,100982.46
13045.058768277,3755,100980.83,97949.47,100985.62,103705.64,101019.05,101005.61,101001.3,100982.46
13045.079816358,3756,100991.46,97953.5,100983.69,103702.74,101011.02,100993.6,101005.31,100991.5
13045.100358324,3757,100993.59,97934.39,100987.69,103709.63,101015.04,101000.55,101001.3,100982.46
13045.120942303,3758,100997.58,97949.47,100988.73,103702.74,101012.08,101002.67,101009.33,100990.46
13045.141298398,3759,100993.59,97946.48,100987.69,103710.73,101015.04,100992.53,101007.45,100986.46
13045.161933905,3760,100994.65,97953.5,100988.73,103713.63,101013.98,100993.6,101009.33,100998.46
13045.182427848,3761,101005.56,97945.44,100991.7,103702.74,101020.1,101000.55,101001.3,100994.46
13045.202916263,3762,100993.59,97951.53,101004.75,103701.64,101012.93,100994.66,101005.31,100992.38
13045.226739331,3763,100989.6,97953.5,100988.73,103704.93,101011.02,100996.54,101010.39,100988.38
13045.247795394,3764,101002.64,97946.48,100994.67,103709.63,101017.14,101006.67,101001.3,100988.38
13045.267875041,3765,100984.54,97945.44,100987.69,103706.73,101012.08,101006.67,101006.38,100984.38
13045.289782091,3766,100993.59,97946.48,100989.77,103702.74,101012.08,100994.66,101009.33,100981.42
13045.30894394,3767,100993.59,97952.47,100996.74,103706.73,101012.08,100986.64,101009.33,100990.46
13045.329979051,3768,100984.54,97953.5,100995.7,103710.73,101011.02,101005.61,101015.47,100998.46
13045.350422558,3769,100991.46,97946.48,100985.62,103697.65,101011.02,100992.53,101001.3,100990.46
13045.372484443,3770,100996.51,97945.44,100987.69,103703.83,101010.17,100995.48,101010.39,100982.46
13045.394776735,3771,100993.59,97945.44,100995.7,103706.73,101028.13,101001.61,101015.47,100985.42
13045.415193302,3772,100993.59,97956.49,100989.77,103701.64,101009.97,100993.6,101009.33,100986.46
13045.435845995,3773,100996.51,97946.48,100995.7,103702.74,101003.0,100995.48,101009.33,100989.42
13045.456972555,3774,100985.61,97946.48,100987.69,103710.73,101016.09,101007.5,101000.23,100994.46
13045.476985441,3775,100998.65,97937.39,100987.69,103702.74,101016.94,101004.55,101001.3,100988.38
13045.498024748,3776,100995.72,97954.53,100983.69,103702.74,101012.08,101000.55,101015.47,100994.46
13045.518027399,3777,100987.74,97947.51,100997.78,103702.74,101007.01,101001.61,101005.31,100997.42
13045.542215148,3778,100984.54,97945.44,100996.74,103706.73,101011.02,101000.55,101011.46,100994.46
13045.562778436,3779,100987.74,97949.47,100981.62,103701.64,101011.02,100991.47,101005.31,100994.46
13045.583262895,3780,100999.71,97941.42,100995.7,103706.73,101018.0,101002.67,101002.37,100972.38
13045.604007096,3781,101009.55,97943.38,100994.67,103706.73,101008.06,100993.6,101003.43,100993.42
13045.62448117,3782,100993.59,97951.44,101008.75,103702.74,101017.14,101002.67,101015.47,100989.42
13045.645060652,3783,101005.56,97946.48,100991.7,103702.74,101011.02,101002.67,101001.3,100986.46
13045.665757953,3784,100983.47,97929.34,100985.62,103706.73,101021.15,101002.67,101009.33,100988.53
13045.686131875,3785,100994.65,97952.47,100988.73,103701.64,101020.1,101009.62,101010.39,100994.46
13045.710156357,3786,100988.53,97933.36,100995.7,103706.73,101019.05,101002.67,101002.37,100984.53
13045.73077617,3787,100981.62,97948.44,100989.77,103704.93,101010.17,101010.68,100997.28,100981.42
13045.751309864,3788,100993.59,97945.44,100988.73,103709.63,101011.02,101002.67,101001.3,100986.46
13045.771917388,3789,100997.58,97955.56,100995.7,103709.63,101021.15,100995.48,101006.38,100990.46
13045.79233063,3790,100997.58,97930.37,100996.74,103710.73,101005.1,100994.66,101005.31,100990.46
13045.812963343,3791,100995.72,97933.36,100986.66,103702.74,101012.08,101002.67,100998.35,100982.46
13045.833390726,3792,100993.59,97954.53,100993.77,103702.74,101015.04,100996.54,101011.46,100993.42
13045.854136059,3793,100990.66,97933.36,100988.73,103693.65,101007.01,101000.55,101010.39,100997.42
13045.878160922,3794,100989.6,97945.44,100991.7,103701.64,101019.05,100989.59,101009.33,100983.49
13045.898799824,3795,100994.65,97938.42,100984.73,103705.64,101013.13,101002.67,100999.17,100995.5
13045.919545498,3796,100994.65,97951.53,100986.66,103706.73,101012.08,101011.74,101009.33,100987.5
13045.939878929,3797,100985.61,97937.39,100994.67,103706.73,101025.17,100993.6,101010.39,100997.42
13045.960344849,3798,100981.62,97943.38,100999.71,103702.74,101008.06,101002.67,101004.25,100986.46
13045.980934327,3799,101002.64,97950.5,100987.69,103706.73,101013.13,101008.56,101000.23,100998.46
13046.001492027,3800,100984.54,97944.41,100987.69,103710.73,101020.1,101001.61,101009.33,100988.53
13046.022008344,3801,100984.54,97931.3,100978.65,103710.73,101008.06,101004.55,101003.18,100996.38
13046.046231306,3802,100987.74,97949.47,100986.66,103708.54,101016.09,100992.53,101008.26,100986.46
13046.066842076,3803,100998.65,97949.47,100996.74,103702.74,101016.09,100995.72,101005.31,100986.46
13046.087294106,3804,100985.61,97933.36,100983.69,103706.73,101011.02,101001.61,101001.3,100998.46
13046.107883073,3805,100997.58,97945.44,100985.62,103692.56,101027.07,101003.49,101014.41,100991.5
13046.128359529,3806,100993.59,97945.44,100981.62,103709.63,101008.06,101004.55,101001.3,100984.53
13046.148935617,3807,100994.65,97945.44,100991.7,103698.74,101014.18,100992.53,100997.28,100987.5
13046.169530723,3808,100984.54,97933.36,100998.81,103702.74,101008.06,101006.67,101004.25,100996.53
13046.190105879,3809,100997.58,97932.33,100995.7,103700.55,101011.02,101001.61,101001.3,100983.49
13046.213849136,3810,100989.6,97945.44,100986.66,103706.73,101009.11,101001.61,101001.3,100973.42
13046.234834973,3811,100998.65,97944.41,100999.71,103711.82,101015.04,100997.6,101007.2,100986.46
13046.256173323,3812,100989.6,97936.36,100991.7,103701.64,101011.02,100993.6,101011.21,100982.46
13046.276000008,3813,101001.57,97932.33,100985.62,103709.63,101005.1,101003.49,101001.3,100997.42
13046.296454471,3814,100993.59,97932.33,100987.69,103709.63,101009.11,100999.72,101005.31,100982.46
13046.317120865,3815,100993.59,97931.3,100997.78,103706.73,101017.14,101002.67,101002.37,100993.42
13046.337414675,3816,100990.66,97937.39,100984.58,103705.64,101017.14,101006.67,101009.33,100975.49
13046.358059276,3817,100985.61,97937.39,100986.66,103713.63,101020.1,101001.61,101016.29,100988.53
13046.381792118,3818,100987.46,97949.47,100991.7,103702.74,101012.08,100992.53,101017.36,100980.53
13046.402777494,3819,100991.46,97932.33,100994.67,103712.53,101016.09,100992.53,101001.3,100993.42
13046.422974228,3820,100983.47,97933.36,100992.74,103713.63,101017.14,100997.6,101001.3,100989.42
13046.44393004,3821,100993.59,97936.36,100995.7,103719.81,101011.02,100997.6,101009.33,100982.46
13046.464379085,3822,100981.62,97932.33,100985.62,103708.54,101013.13,101000.55,101002.37,100983.49
13046.485011608,3823,100990.66,97946.48,101006.68,103706.73,101013.13,100995.72,101005.31,100981.42
13046.505467393,3824,100993.59,97933.36,100989.63,103709.63,101008.06,101008.56,101005.31,100989.42
13046.526338457,3825,100993.59,97931.4,100991.7,103718.72,101012.08,100997.6,101002.37,100985.42
13046.55012527,3826,100989.6,97944.41,100995.7,103708.54,101012.08,100995.48,101001.3,100989.42
13046.570884805,3827,100992.52,97941.42,100991.7,103710.73,101019.05,100993.6,100997.28,100982.46
13046.590868466,3828,100993.59,97936.36,100986.66,103710.73,101012.08,100993.6,101001.3,100983.49
13046.611966643,3829,100997.58,97935.33,100989.77,103710.73,101012.08,100995.72,101002.37,100986.46
13046.63193403,3830,100997.58,97924.28,100987.69,103705.64,101018.19,100993.6,100997.28,100998.46
13046.653034771,3831,100992.52,97936.36,100988.73,103710.73,101011.02,100992.53,101001.3,100982.46
13046.67346664,3832,100985.61,97929.34,100991.7,103710.73,101009.97,101001.61,101002.37,100982.46
13046.694033764,3833,100996.51,97929.34,100991.7,103708.54,101007.01,100992.53,101002.37,100984.38
13046.71861626,3834,100992.52,97917.25,100987.69,103710.73,101017.14,101006.67,101002.37,100982.46
13046.738391827,3835,100983.47,97927.27,100979.69,103708.54,101009.11,100994.66,100993.27,100986.46
13046.758864157,3836,100979.48,97928.3,100995.7,103710.73,101008.06,101003.49,100993.27,100981.42
13046.779878838,3837,100993.59,97924.28,100994.67,103717.62,101009.11,100997.6,101001.3,100982.46
13046.799979416,3838,100983.47,97927.27,100987.69,103708.54,101029.18,100993.6,100997.28,100982.46
13046.820991012,3839,100993.59,97929.34,100987.69,103710.73,101013.13,100985.58,100988.19,100990.46
13046.840989526,3840,100994.65,97933.36,100986.66,103713.63,101011.02,100997.6,101002.37,100984.53
13046.865163485,3841,100981.62,97935.33,100986.66,103709.63,101019.05,100999.72,101009.33,100981.42
13046.885826273,3842,101002.64,97929.34,100986.66,103709.63,101007.01,101010.68,100993.27,100990.46
13046.906233856,3843,100993.59,97928.3,100987.69,103716.53,101012.08,101000.55,100993.27,100978.46
13046.92685374,3844,100988.53,97929.34,100992.74,103710.73,101013.13,100995.72,101002.37,100991.5
13046.947374573,3845,100989.6,97925.31,100985.62,103712.53,101012.08,100994.66,101000.23,100986.46
13046.967970701,3846,100983.75,97932.33,100987.69,103709.63,101008.92,100995.48,100993.27,100983.49
13046.988652609,3847,100977.63,97929.34,100991.7,103706.73,100998.98,100992.53,101003.43,100983.35
13047.009945991,3848,100992.52,97929.34,100995.7,103715.43,101012.08,101005.61,101003.43,100982.46
13047.033176693,3849,100991.73,97937.39,100978.65,103708.54,101003.0,100990.65,101001.3,100982.46
13047.053843798,3850,100987.74,97923.25,100987.69,103711.82,101007.01,101001.61,100992.2,100972.38
13047.074288076,3851,100992.52,97923.25,100994.67,103718.72,101003.0,101001.61,101002.37,100994.46
13047.094870443,3852,100985.61,97935.33,100987.69,103710.73,101011.02,100993.6,100993.27,100990.46
13047.115316544,3853,100984.54,97927.27,100977.61,103710.73,101006.15,100992.53,100993.27,100983.49
13047.136005692,3854,100990.66,97919.22,100987.69,103708.54,101003.0,100992.53,101001.3,100986.46
13047.156485804,3855,100993.59,97931.3,100991.7,103708.54,101011.02,100989.59,100997.28,100982.46
13047.177056754,3856,100985.61,97920.25,100991.84,103717.62,101003.0,100993.6,100991.39,100980.38
13047.201200417,3857,100993.59,97935.33,100994.67,103709.63,101007.01,100993.6,101010.39,100989.42
13047.221812819,3858,100995.72,97928.3,100983.69,103710.73,101012.08,100986.64,101001.3,100980.38
13047.242291249,3859,100993.59,97931.4,100992.74,103714.72,101012.08,101001.61,100998.35,100989.42
13047.263032446,3860,100987.74,97925.21,100987.69,103715.43,101005.1,101005.61,101002.37,100983.49
13047.28346782,3861,100984.54,97932.33,100984.58,103713.63,101015.04,101005.61,101000.23,100982.46
13047.304108305,3862,100994.65,97921.28,100983.69,103715.43,101003.0,100994.66,101013.34,100976.38
13047.32444424,3863,100992.52,97930.27,100986.66,103710.73,101003.0,100993.6,100997.28,100980.38
13047.345102371,3864,100993.59,97922.31,100987.69,103713.63,101008.92,101005.85,101006.38,100983.49
13047.369220765,3865,100993.59,97931.3,100987.69,103709.63,101015.04,101006.67,101005.31,100990.46
13047.389829432,3866,100994.65,97927.27,100986.66,103704.54,101006.15,101000.55,101005.31,100982.46
13047.410340662,3867,100993.59,97927.27,100981.76,103714.72,101020.1,101000.55,101009.33,100974.46
13047.43096392,3868,100993.59,97926.24,100995.7,103704.54,101007.01,101005.61,100999.17,100984.53
13047.451572277,3869,100993.59,97913.23,100986.66,103709.63,101007.01,100993.6,101004.25,100980.38
13047.474068718,3870,100981.62,97923.25,100991.7,103710.73,101004.05,101001.61,101011.46,100986.46
13047.492437557,3871,100991.46,97927.27,100990.66,103717.62,101012.08,100995.72,101001.3,100988.38
13047.512973674,3872,100993.59,97928.3,100989.77,103717.62,101011.02,100994.66,101009.33,100982.46
13047.537220543,3873,100995.72,97938.32,100991.7,103711.82,101011.02,100989.59,101001.3,100990.46
13047.557861379,3874,100991.73,97923.25,100987.69,103710.73,101012.08,100988.53,101015.47,100986.46
13047.578280699,3875,100993.59,97923.25,100985.62,103710.73,101005.1,100997.6,101009.33,100982.46
13047.59891229,3876,100989.6,97928.3,100987.69,103705.64,101003.0,101004.55,101002.37,100997.42
13047.619387645,3877,101000.5,97927.27,100995.7,103710.73,101007.01,100991.47,101011.46,100974.46
13047.640016733,3878,100989.6,97923.25,100987.69,103718.72,101007.01,100998.66,101008.26,100998.46
13047.660547362,3879,100982.68,97927.27,100991.7,103708.54,101007.01,100999.49,101013.34,100980.38
13047.681108216,3880,100989.6,97927.27,100995.7,103727.8,101011.02,100993.6,101010.39,100988.53
13047.704818163,3881,100993.59,97923.25,100986.66,103717.62,101011.02,100986.64,101002.37,100983.49
13047.725862578,3882,100991.46,97919.22,100985.62,103725.61,101019.05,100993.6,101001.3,100974.46
13047.746319405,3883,101001.57,97936.36,100987.69,103709.63,101017.14,101001.61,100999.17,100986.46
13047.767048695,3884,100993.59,97923.25,101003.71,103706.73,101012.08,101002.67,101001.3,100982.46
13047.787026858,3885,100985.61,97927.27,100988.59,103718.72,101015.04,101001.61,101006.13,100989.42
13047.808043281,3886,100992.52,97919.22,100988.73,103709.63,101007.01,100993.6,101009.33,100981.42
13047.828454379,3887,100992.52,97931.3,100980.72,103708.54,101003.0,101001.61,101002.37,100980.38
13047.849068304,3888,100986.67,97929.34,100985.62,103714.72,101011.02,100996.54,101001.3,100989.42
13047.872832903,3889,100994.65,97931.3,101000.74,103713.63,101012.08,101000.55,101009.33,100984.38
13047.893844009,3890,101001.57,97931.3,100985.62,103712.53,101005.1,101005.61,101001.3,100984.38
13047.914260905,3891,100987.74,97937.39,100986.66,103705.64,101011.02,100991.47,101000.23,100974.46
13047.934902982,3892,100995.72,97931.3,101003.71,103710.73,101012.08,101001.61,101009.33,100986.46
13047.95500941,3893,100986.67,97929.34,100995.7,103709.63,101009.11,101001.61,100999.42,100980.38
13047.975987575,3894,100992.52,97929.34,100983.69,103709.63,101009.97,101005.61,101004.25,100981.42
13047.996467307,3895,100980.55,97930.37,100987.69,103710.73,101009.97,101001.61,100994.34,100986.46
13048.020196743,3896,100993.59,97927.27,100986.66,103714.72,101011.02,101003.49,101008.26,100982.46
13048.040823777,3897,100997.58,97920.25,100987.69,103710.73,101011.02,100997.6,101005.31,100990.46
13048.061380135,3898,101007.69,97917.25,100985.62,103712.53,101004.05,101002.67,101011.46,100990.46
13048.082218629,3899,100993.59,97920.25,100994.67,103710.73,101013.13,100995.72,101009.33,100990.46
13048.102924483,3900,100997.58,97919.22,100987.69,103716.53,101011.02,101010.68,101001.3,100990.46
13048.123335731,3901,100980.55,97927.27,100992.74,103718.72,101011.02,100996.54,101005.31,100981.42
13048.144113613,3902,100997.58,97927.27,100995.7,103718.72,101011.02,100989.59,101007.45,100982.46
13048.163955871,3903,100987.74,97917.25,100987.69,103714.72,101007.01,100988.53,101003.18,100976.38
13048.188228439,3904,100985.61,97928.3,100981.62,103720.52,101003.0,100991.47,101008.51,100999.5
13048.208843776,3905,100990.66,97919.22,100985.62,103710.73,101005.1,101004.55,101009.33,100983.49
13048.229295365,3906,100995.72,97916.22,100987.69,103714.72,101007.01,100991.47,101002.37,100986.46
13048.249901878,3907,100989.6,97928.3,100986.66,103718.72,101006.15,100995.72,101001.3,100981.42
13048.270448331,3908,100997.58,97924.28,100985.62,103712.53,101008.06,100994.66,101010.39,100990.46
13048.290980592,3909,100989.6,97928.3,100995.7,103710.73,101011.02,100996.54,100995.4,100974.46
13048.312209196,3910,100996.51,97919.22,100995.7,103713.63,101013.13,100993.6,101001.3,100979.35
13048.332136843,3911,101001.57,97923.25,100983.69,103714.72,101012.08,101006.67,101010.39,100990.46
13048.35622415,3912,100982.68,97935.33,100986.66,103713.63,101008.06,100985.58,100984.18,100982.46
13048.376862012,3913,100982.68,97919.22,100978.65,103710.73,101011.02,100993.6,101007.2,100992.38
13048.397281151,3914,100987.74,97919.22,100993.63,103712.53,100997.08,101003.73,101006.38,100981.42
13048.417972994,3915,101007.69,97923.25,100986.66,103726.7,101011.02,100994.66,101009.33,100982.46
13048.438334447,3916,100985.61,97924.28,100986.66,103729.6,101011.02,101010.68,101000.23,100982.46
13048.459041703,3917,100993.59,97918.19,100987.69,103716.53,101000.04,101004.55,101013.34,100983.49
13048.479568806,3918,100993.59,97931.3,100990.66,103710.73,101011.02,100995.72,101000.23,100980.38
13048.500165414,3919,100991.46,97931.3,100991.7,103708.54,101003.0,100993.6,101003.43,100985.57
13048.524226502,3920,100980.55,97927.27,100986.66,103718.72,101008.92,101001.61,101005.31,100982.46
13048.544854208,3921,100984.54,97919.22,100986.66,103717.62,101006.15,100999.49,101013.34,100983.49
13048.565276703,3922,100985.61,97929.34,100987.69,103716.53,101008.92,101007.73,101001.3,100981.42
13048.586141857,3923,100992.52,97926.24,100999.71,103710.73,101011.02,101010.68,101001.3,100994.46
13048.606530341,3924,100992.52,97927.27,100995.7,103712.53,101008.06,100989.59,101002.37,100987.35
13048.627004084,3925,100984.54,97931.3,100987.69,103718.72,101007.01,101001.61,101005.31,100983.49
13048.647609666,3926,100993.59,97934.3,100988.73,103720.52,101003.0,101007.5,101009.33,100980.38
13048.66811758,3927,100992.52,97915.19,100987.69,103726.7,101015.04,100997.6,101002.37,100984.38
13048.692255064,3928,100981.62,97920.25,100983.69,103714.72,101008.92,100999.49,101009.33,100983.49
13048.712882018,3929,100989.6,97919.22,100991.7,103710.73,101012.08,101001.61,101010.39,100990.46
13048.733356251,3930,100989.6,97927.27,100989.63,103714.34,101008.06,101004.55,101001.3,100989.42
13048.754064459,3931,101000.5,97923.25,100987.69,103718.72,100998.98,100992.53,101003.43,100972.38
13048.777036049,3932,100987.74,97931.3,100990.66,103709.63,101004.05,100993.6,101007.45,100998.46
13048.795027648,3933,100992.52,97924.28,100989.63,103717.62,101003.0,101002.67,101009.33,100991.5
13048.815618928,3934,100988.53,97925.31,100991.7,103717.62,101007.01,101001.61,101005.31,100982.46
13048.836146702,3935,100993.59,97919.22,100988.73,103718.72,101012.08,101005.61,101009.33,100982.46
13048.860249814,3936,100985.61,97911.16,100995.7,103710.73,101003.0,101002.67,101013.34,100980.38
13048.88098389,3937,100993.59,97919.22,100995.7,103718.72,101011.02,101005.61,101012.53,100982.46
13048.901386525,3938,100995.45,97927.27,100995.7,103725.61,101007.01,100985.58,101001.3,100980.38
13048.921966819,3939,100979.48,97923.25,100993.63,103733.6,101004.05,101009.62,101009.33,100986.46
13048.942406921,3940,100995.72,97923.25,100983.69,103712.53,101012.93,101005.61,101009.33,100982.46
13048.963091432,3941,100985.61,97920.25,100996.74,103717.62,101009.11,100993.6,101001.3,100982.46
13048.983472695,3942,100981.62,97919.22,100995.7,103710.73,101013.13,100991.47,101005.31,100983.49
13049.004050796,3943,100994.65,97928.3,100987.69,103710.73,101015.04,100995.72,101005.31,100980.38
13049.027910208,3944,100995.72,97920.25,100991.7,103718.72,101007.01,101002.67,101000.23,100990.46
13049.048903597,3945,100989.6,97920.25,100999.71,103710.73,101003.0,100992.53,101005.31,100972.38
13049.069330589,3946,100993.59,97920.25,100991.7,103718.72,101008.92,100993.6,101010.39,100982.46
13049.089973497,3947,100995.72,97916.22,100987.69,103718.72,101011.02,100993.6,101001.3,100982.46
13049.110383233,3948,100993.59,97927.27,100987.69,103717.62,101013.13,101000.55,100997.28,100988.53
13049.131870148,3949,100993.59,97919.22,100987.69,103718.72,101001.09,100992.53,101005.31,100982.46
13049.151541838,3950,100993.59,97920.25,100986.66,103710.73,101013.13,101003.49,100993.27,100985.42
13049.17215439,3951,100994.65,97909.1,100991.7,103726.7,101011.02,100992.53,100993.27,100978.46
13049.195891098,3952,100993.59,97932.33,100986.66,103714.72,101011.02,100989.59,101010.39,100985.42
13049.21690009,3953,100991.73,97927.27,100995.7,103709.63,101011.02,100991.47,101011.46,100986.46
13049.236913236,3954,100980.55,97944.41,100987.69,103710.73,101011.02,100999.49,101003.43,100982.46
13049.258645161,3955,100992.52,97927.27,100990.66,103717.62,101008.06,100992.53,101009.33,100990.46
13049.278049977,3956,101000.5,97919.22,100991.7,103718.72,101015.04,101001.61,101010.39,100990.46
13049.299143157,3957,100987.74,97920.25,100986.66,103710.73,101009.97,100994.66,101005.31,100982.46
13049.319515977,3958,100983.75,97920.25,100989.63,103720.52,101009.97,100993.6,101006.38,100993.42
13049.343253435,3959,100990.66,97927.27,100996.74,103718.72,101007.01,100998.42,101001.3,100974.46
13049.36384773,3960,100993.59,97919.22,100987.69,103710.73,101008.92,101009.62,101016.29,100986.46
13049.384294171,3961,100986.67,97919.22,100985.62,103717.62,101008.06,100998.66,101005.31,100990.46
13049.404988498,3962,100981.62,97919.22,100996.74,103726.7,101003.0,101001.61,101009.33,100980.38
13049.426005522,3963,100988.53,97922.22,100991.7,103710.73,101011.02,101001.61,101001.3,100981.42
13049.445956674,3964,100993.59,97922.22,100995.7,103725.61,101011.02,100989.59,101013.34,100983.49
13049.467051256,3965,100993.59,97923.25,100987.69,103714.72,101003.0,100991.47,101002.37,100981.42
13049.487120387,3966,100982.68,97931.3,100987.69,103716.53,101011.02,100992.53,101005.31,100990.46
13049.511252582,3967,100991.73,97919.22,100995.7,103721.61,101011.02,100991.47,101009.33,100980.38
13049.531866186,3968,100995.72,97928.3,100979.54,103718.72,101009.11,100993.6,101002.37,100982.46
13049.552350385,3969,100994.65,97927.27,100991.7,103721.61,101004.05,101001.61,101001.3,100974.46
13049.572923467,3970,100994.65,97927.27,100998.67,103726.7,101008.06,100995.48,101001.3,100985.42
13049.59360831,3971,100989.6,97911.16,100991.7,103718.72,101005.1,100998.66,101009.33,100988.38
13049.614183456,3972,100979.48,97925.31,100987.69,103714.72,101013.13,101009.62,101001.3,100981.42
13049.634859684,3973,100994.65,97919.22,101001.64,103718.72,101012.08,101007.73,101011.46,100972.38
13049.655264663,3974,101001.57,97928.3,100991.7,103726.7,101008.06,100991.71,101012.28,100978.46
13049.679284238,3975,100984.54,97921.28,100995.56,103717.62,101015.04,100994.66,101003.43,100986.46
13049.699908849,3976,100989.6,97919.22,100987.69,103725.61,101009.97,100993.6,101010.39,100981.42
13049.720396913,3977,100985.61,97929.34,100995.7,103721.61,101008.06,100992.53,100997.28,100986.46
13049.740941523,3978,100993.59,97915.19,100990.66,103710.73,101013.13,100991.47,100997.04,100993.42
13049.761390128,3979,101001.57,97926.24,100991.7,103716.53,101012.08,100997.6,101001.3,100988.53
13049.782132527,3980,100994.65,97926.24,100986.66,103729.6,101011.02,100994.66,101009.33,100988.38
13049.803958554,3981,100994.65,97921.18,100989.77,103718.72,101016.09,101010.68,101011.46,100976.38
13049.823194475,3982,100985.61,97927.27,100986.66,103718.72,101011.02,100993.6,101003.43,100978.46
13049.847265167,3983,100993.59,97928.3,100990.66,103716.53,101003.0,100992.53,100999.42,100986.46
13049.867891881,3984,100992.52,97927.27,100984.58,103726.7,101011.02,100989.59,101005.31,100989.42
13049.888398173,3985,100982.68,97927.27,100987.69,103707.44,101019.05,100995.72,101009.33,100986.46
13049.90896721,3986,100984.54,97923.25,100989.63,103732.5,101011.02,100992.53,101010.39,100981.42
13049.929455695,3987,100990.66,97923.25,100993.63,103718.72,101007.01,100993.6,101003.43,100986.46
13049.950064823,3988,100983.75,97923.25,100995.7,103726.7,101015.04,100991.47,100993.27,100981.42
13049.970510573,3989,101007.69,97934.39,100989.63,103721.61,101008.06,100997.6,101011.46,100990.46
13049.991109595,3990,100995.72,97928.3,100993.63,103718.72,101009.11,100993.6,101001.3,100987.5
13050.015290204,3991,101001.57,97932.33,100989.63,103721.61,101011.02,100989.59,101009.33,100990.46
13050.03593846,3992,100985.61,97927.27,100993.63,103726.7,101013.98,101005.61,101009.33,100975.35
13050.056395147,3993,100995.72,97929.34,100986.66,103714.72,101007.01,101005.61,101009.33,100979.49
13050.077049943,3994,100994.65,97927.27,100985.62,103713.63,101012.08,101006.67,101001.3,100994.46
13050.09745977,3995,100985.61,97923.25,100991.7,103718.72,101011.02,100992.53,101009.33,100977.42
13050.118035717,3996,101002.64,97931.3,100985.62,103717.62,101012.08,101001.61,101005.31,100982.46
13050.138513766,3997,100986.67,97919.22,100992.74,103708.54,101004.05,100985.58,101001.3,100990.46
13050.15920001,3998,100990.66,97924.28,100991.7,103721.61,101003.0,101005.61,100989.26,100982.46
13050.183316211,3999,100988.53,97927.27,100990.66,103725.61,101015.04,101003.49,101001.3,100982.46
13050.203957788,4000,100985.61,97916.22,100987.69,103720.52,101003.0,101002.67,101000.23,100991.5
13050.224436378,4001,100999.71,97923.25,100983.69,103718.72,101014.18,100993.6,100996.22,100986.46
13050.247114234,4002,100992.52,97923.25,100991.7,103717.62,101021.15,101001.61,100997.28,100982.46
13050.265443513,4003,100993.59,97927.27,100992.74,103717.62,101012.08,100989.59,100998.35,100990.46
13050.286116627,4004,100995.72,97911.16,100995.7,103718.72,101008.92,101002.67,101001.3,100977.42
13050.306548206,4005,100998.65,97919.22,100986.66,103725.61,101003.0,100984.52,101010.39,100982.46
13050.327231496,4006,100993.59,97923.25,100981.62,103732.5,101007.01,100985.58,101009.33,100976.38
13050.351294767,4007,100994.65,97926.24,100989.63,103713.63,101012.08,101001.61,101005.31,100982.46
13050.371896433,4008,100994.65,97927.27,100995.7,103718.72,101015.04,101000.55,100992.2,100978.46
13050.392009891,4009,100994.65,97927.27,100985.62,103712.53,101012.08,100992.53,101009.33,100980.38
13050.413152936,4010,101004.49,97920.25,100987.69,103721.61,101006.15,101010.68,101000.23,100988.38
13050.433551685,4011,100993.59,97919.22,100987.69,103717.62,101013.13,101008.56,101005.31,100981.42
13050.454184949,4012,100988.53,97925.21,100991.7,103717.62,101015.04,100997.6,101009.33,100980.38
13050.474746304,4013,100995.45,97923.25,100990.66,103714.72,101004.05,100996.78,101011.46,100987.5
13050.495474972,4014,100997.58,97919.22,101003.71,103716.53,101012.08,100999.49,101010.39,100988.38
13050.518923073,4015,100993.59,97927.27,100986.66,103718.72,101013.13,100995.48,101001.3,100981.42
13050.539942741,4016,100987.74,97919.22,100996.74,103716.53,101015.23,100992.53,100997.28,100982.46
13050.559914054,4017,100985.61,97923.25,100985.62,103722.71,101010.17,101000.55,101005.31,100976.38
13050.580941595,4018,100991.46,97919.22,100986.66,103739.4,101018.19,100997.6,101006.38,100982.46
13050.601428407,4019,100990.66,97926.24,100990.66,103729.6,101015.04,101001.61,101003.18,100982.46
13050.622111126,4020,100996.51,97928.3,100988.73,103711.44,101011.02,100993.6,100993.27,100985.42
13050.642531267,4021,100994.65,97927.27,100983.69,103716.53,101004.05,101001.61,101009.33,100985.42
13050.666255696,4022,100987.74,97935.33,100985.62,103725.61,101007.01,101000.55,101001.3,100979.49
13050.686877222,4023,101005.56,97931.3,100987.69,103726.7,101018.0,100996.54,101009.33,100980.38
13050.707345076,4024,100993.59,97931.3,100991.7,103716.53,101008.06,100995.48,101004.25,100981.42
13050.72797194,4025,100996.51,97913.13,100991.7,103725.61,101007.01,100993.6,100993.27,100982.46
13050.749089546,4026,100995.72,97923.25,100987.69,103733.6,101007.01,101004.55,101011.46,100979.35
13050.769038205,4027,100993.59,97911.16,100983.69,103730.7,101007.01,100991.47,101007.2,100981.42
13050.79019472,4028,101009.55,97921.18,100988.73,103726.7,101011.02,101004.55,101010.39,100989.42
13050.810231102,4029,101001.57,97924.28,100987.69,103725.61,101004.91,101001.61,100997.28,100982.46
13050.834297227,4030,100985.61,97927.27,100995.7,103726.7,101012.08,101006.67,101008.26,100980.38
13050.854909129,4031,100985.61,97927.27,100992.74,103725.61,101004.05,101002.67,101009.33,100986.46
13050.875363312,4032,100987.74,97919.22,100987.69,103716.53,101015.04,100993.6,101010.39,100983.49
13050.896051048,4033,101002.36,97913.13,100985.62,103729.6,101012.08,101001.61,101012.28,100986.46
13050.916416226,4034,100985.61,97918.19,100983.69,103720.52,101015.04,100993.6,101009.33,100990.46
13050.937122641,4035,100992.52,97927.27,100985.62,103718.72,101004.91,101006.67,101013.34,100984.38
13050.957556193,4036,100985.61,97931.3,100986.66,103734.69,101015.04,100993.6,101009.33,100990.46
13050.978146592,4037,100981.62,97922.22,101001.64,103716.53,101005.1,101001.61,101009.33,100988.38
13051.002295503,4038,100991.46,97919.22,100985.62,103730.7,101012.08,100993.6,101001.3,100980.38
13051.024103283,4039,100995.72,97926.24,100993.63,103724.51,101014.18,100998.66,101001.3,100982.46
13051.043464533,4040,100988.53,97917.16,100991.7,103717.62,101011.02,101000.55,100997.28,100980.38
13051.064100171,4041,100992.52,97914.16,100985.62,103725.61,101005.96,100997.6,101008.26,100980.38
13051.084461854,4042,100985.61,97928.3,100991.7,103721.61,101007.01,101002.67,101004.25,100985.42
13051.105034015,4043,100993.59,97919.22,100991.7,103734.69,101000.04,101009.62,101000.23,100982.46
13051.125565766,4044,100998.65,97920.25,100995.7,103725.61,101020.1,100988.53,101005.31,100972.38
13051.146540466,4045,100997.58,97919.22,101005.64,103725.61,101005.1,100990.65,101009.33,100989.42
13051.170384415,4046,100993.59,97923.25,100990.66,103734.69,101003.0,100989.59,101001.3,100981.42
13051.191017799,4047,100993.59,97918.19,100985.62,103734.69,101014.18,100987.47,101005.31,100982.46
13051.211435007,4048,100997.58,97927.27,100985.62,103732.5,101017.14,100994.66,101004.25,100982.46
13051.231971585,4049,100983.47,97915.19,100993.63,103741.59,101016.09,100992.53,101002.37,100985.42
13051.252435903,4050,100984.54,97919.22,100987.69,103730.7,101007.01,100993.6,101001.3,100978.46
13051.273104791,4051,100989.6,97925.21,100985.62,103724.51,101007.01,101001.61,101011.46,100980.38
13051.293564332,4052,100990.66,97927.27,100985.62,103718.72,101011.02,100984.52,101001.3,100988.38
13051.314165928,4053,100991.46,97927.27,100994.67,103724.51,101008.92,100989.59,101005.31,100986.46
13051.338344223,4054,100993.59,97923.25,100987.69,103717.62,101011.02,101000.55,101009.33,100988.38
13051.358928232,4055,100985.61,97926.24,100991.7,103722.71,101019.05,100995.48,101005.31,100973.42
13051.379502587,4056,100981.62,97927.27,100989.63,103730.7,101011.02,100995.48,101001.3,100991.5
13051.400051433,4057,100996.51,97926.24,100981.62,103733.6,101015.04,100993.6,101005.31,100982.46
13051.420537995,4058,100991.46,97928.3,100985.62,103737.59,101007.01,100991.47,101001.3,100986.46
13051.441151189,4059,100983.47,97918.19,100989.63,103721.61,101011.02,100988.53,101001.3,100988.38
13051.461567885,4060,100992.52,97919.22,100986.66,103736.5,101011.02,100993.6,100998.1,100975.49
13051.482172426,4061,100992.52,97926.24,100989.63,103714.72,101011.02,100991.47,101007.2,100985.42
13051.506312013,4062,100998.65,97926.24,100989.63,103737.59,101007.01,101000.55,100997.28,100982.46
13051.526957094,4063,100989.6,97926.24,100988.73,103733.6,101011.02,100999.49,101010.39,100990.46
13051.547865194,4064,100992.52,97911.16,100993.63,103712.53,101003.0,100993.6,100997.28,100980.38
13051.568019694,4065,100993.59,97927.27,100992.74,103714.72,101007.01,101001.61,101001.3,100992.38
13051.588510152,4066,100993.59,97915.19,100991.7,103725.61,101012.08,100991.47,101000.23,100981.42
13051.609138849,4067,100999.71,97922.22,100989.63,103733.6,101017.14,101005.61,101002.37,100974.46
13051.629625,4068,101001.57,97928.3,100993.63,103728.51,101009.97,100997.6,101006.38,100980.38
13051.650250142,4069,100981.62,97923.25,100993.63,103733.6,101013.13,100997.6,101011.46,100984.38
13051.674355797,4070,100993.59,97927.27,100995.7,103724.51,101011.02,100997.6,101010.39,100980.38
13051.695007369,4071,100980.55,97919.22,100986.66,103718.72,101019.05,100993.6,101013.34,100986.46
13051.715553431,4072,100998.65,97911.16,100997.63,103721.61,101011.02,101003.73,101000.23,100991.5
13051.736056588,4073,100989.6,97918.19,100995.7,103717.62,101019.05,100985.58,101009.33,100982.46
13051.756599986,4074,101000.5,97927.27,100985.62,103733.6,101003.0,101000.55,100995.4,100976.38
13051.777236134,4075,100999.71,97920.15,100999.71,103742.68,101003.0,101001.61,101005.31,100978.46
13051.797683287,4076,101001.57,97925.21,100985.62,103718.72,101015.04,100993.6,101002.37,100993.57
13051.821888613,4077,100997.58,97913.13,100985.62,103718.72,101008.06,101000.55,101013.34,100972.38
13051.841910112,4078,100993.59,97925.21,100990.66,103726.7,101013.13,100993.6,101007.45,100981.42
13051.862970572,4079,100993.59,97913.13,100986.66,103725.61,101011.02,100998.66,101002.37,100982.46
13051.882976757,4080,100992.52,97919.22,100993.63,103729.6,101012.08,101009.62,101009.33,100981.42
13051.904195987,4081,100996.51,97917.16,100983.69,103725.61,101001.94,101000.55,101013.34,100990.46
13051.924612854,4082,100998.65,97927.27,100994.67,103736.88,101003.0,101003.49,101003.18,100970.46
13051.945471068,4083,100998.65,97917.16,100985.62,103717.62,101011.02,100992.53,101007.2,100982.46
13051.965615142,4084,100993.59,97916.13,100993.63,103726.7,101012.08,100993.6,101006.38,100990.46
13051.989306821,4085,100985.61,97921.18,100987.69,103718.72,101004.91,101004.55,101017.36,100990.46
13052.009952815,4086,100993.59,97930.27,100987.69,103725.61,101011.02,100993.6,101009.33,100990.46
13052.03034928,4087,100995.72,97925.21,100990.66,103721.61,101011.02,101000.55,101009.33,100974.46
13052.051088154,4088,100991.46,97913.13,100986.66,103737.59,101004.05,100992.53,100999.42,100981.42
13052.072093571,4089,100998.65,97924.18,100993.63,103726.7,101011.02,101004.55,100998.35,100980.38
13052.092614745,4090,100999.71,97918.19,100986.66,103726.7,101011.02,101000.55,101005.31,100986.46
13052.113266848,4091,100995.72,97921.18,100989.63,103726.7,101011.02,101000.55,101013.34,100980.38
13052.133123407,4092,100996.51,97919.12,100995.7,103729.6,101007.01,100995.48,101002.37,100983.49
13052.157308542,4093,100993.59,97919.12,100987.69,103733.6,101011.02,100993.6,101002.37,100982.46
13052.177959804,4094,101000.5,97926.24,100995.7,103737.59,101007.01,101001.61,101001.3,100981.42
13052.198384532,4095,100985.61,97922.22,100991.7,103734.69,101004.91,101000.55,101013.34,100984.53
13052.218986008,4096,100992.52,97925.21,100983.69,103727.8,101003.0,100999.49,101006.38,100978.46
13052.239481784,4097,100993.59,97921.18,100983.69,103726.7,101015.04,101000.55,101025.39,100985.42
13052.260255941,4098,100980.55,97913.13,100990.66,103734.69,101011.02,101000.55,101005.31,100989.42
13052.28057517,4099,100992.52,97921.18,100990.66,103738.69,101011.02,101000.55,101000.23,100982.46
13052.301250578,4100,100984.54,97921.18,100991.7,103724.51,101003.0,101000.55,101001.3,100983.49
13052.325322872,4101,101001.57,97926.24,100991.7,103726.7,101013.13,100991.47,101002.37,100980.38
13052.34595199,4102,100997.58,97923.25,100985.62,103738.69,101012.08,101001.61,101005.31,100984.38
13052.366416839,4103,101001.57,97921.18,100993.63,103726.7,101015.04,100988.53,100992.2,100982.46
13052.387012286,4104,100995.72,97925.21,100989.63,103734.69,101001.94,100990.41,100997.28,100982.46
13052.407489844,4105,100985.61,97913.13,100993.63,103734.69,101005.96,100991.47,101010.39,100980.38
13052.428172493,4106,100992.52,97922.22,100991.7,103736.5,101011.02,101003.49,101005.31,100986.46
13052.448583811,4107,100995.72,97917.16,100991.7,103741.59,101004.91,100999.49,101005.31,100981.42
13052.469217686,4108,100995.45,97917.16,100987.69,103731.79,101013.13,101001.61,101010.39,100982.46
13052.493348399,4109,100993.59,97925.21,100989.63,103717.62,101004.05,100991.47,101001.3,100978.46
13052.513946871,4110,100997.58,97921.18,100987.69,103725.61,101011.02,101000.55,101009.33,100982.46
13052.534553354,4111,100981.62,97917.16,100985.62,103732.5,101019.05,100997.6,101001.3,100974.46
13052.555170884,4112,100997.58,97926.24,100985.62,103732.5,101019.05,101001.61,100994.34,100983.49
13052.575495281,4113,100981.62,97918.19,100985.62,103733.6,101021.15,100986.64,101005.31,100984.38
13052.596153553,4114,100992.52,97924.18,100992.74,103737.59,101003.0,101001.61,101011.46,100982.46
13052.616646855,4115,100981.62,97915.19,100993.63,103725.61,101004.05,100992.53,101001.3,100973.42
13052.637200939,4116,100994.65,97926.24,100992.74,103723.42,101008.06,100995.48,101009.33,100982.46
13052.661401088,4117,101001.57,97926.24,100986.66,103732.5,101007.01,100998.66,101009.33,100984.53
13052.681992378,4118,100993.59,97925.21,100994.67,103724.51,101016.09,100991.47,100998.35,100991.5
13052.702505059,4119,100987.46,97925.21,100987.69,103724.51,101016.09,100996.54,101002.37,100980.38
13052.72308299,4120,100989.6,97921.18,100989.63,103733.6,101007.01,101000.55,101004.25,100980.38
13052.743606428,4121,100995.72,97925.21,101002.68,103717.62,101009.97,101005.61,101007.45,100977.42
13052.764082464,4122,100993.59,97917.16,100997.63,103726.7,101011.02,100995.48,101009.33,100989.42
13052.784640714,4123,100992.52,97917.16,100997.63,103734.31,101014.18,100998.66,101002.37,100982.46
13052.805310684,4124,100993.59,97914.16,100995.7,103734.69,101000.89,100991.47,101010.39,100977.42
13052.829378061,4125,100992.52,97917.16,100987.69,103718.72,101011.02,101009.62,101010.39,100982.46
13052.849971385,4126,100993.59,97918.19,100990.66,103742.68,101011.02,100993.6,101005.31,100976.38
13052.871222002,4127,100993.59,97922.22,100985.62,103734.69,101011.02,100993.6,101019.49,100982.46
13052.891113083,4128,100984.54,97917.16,100983.69,103734.69,101015.04,101001.61,101009.33,100982.46
13052.911537141,4129,100975.49,97911.16,100985.62,103718.72,101011.02,100987.47,101008.26,100975.49
13052.932177055,4130,100989.6,97933.27,100982.65,103724.51,101008.92,100999.49,101001.3,100984.53
13052.952601894,4131,100983.47,97925.21,100982.65,103733.6,101007.01,101008.56,101000.23,100980.53
13052.973202248,4132,100999.71,97917.16,100985.62,103724.51,101009.11,100993.6,101008.26,100990.46
13052.997359411,4133,100997.58,97914.16,100978.65,103736.5,101007.01,100991.47,101011.46,100990.46
13053.018003261,4134,100993.59,97917.16,100987.69,103733.6,101007.01,100999.72,101010.39,100982.46
13053.03850744,4135,100989.6,97915.19,100995.7,103723.42,101007.01,101005.61,101019.49,100986.46
13053.059040012,4136,100985.61,97927.27,100987.69,103726.7,101001.94,101000.55,101010.39,100980.38
13053.079498261,4137,100992.52,97925.21,100987.69,103735.79,101012.08,101001.61,101009.33,100982.46
13053.1001811,4138,100994.65,97923.25,100986.66,103724.51,101003.0,100993.6,101001.3,100974.46
13053.122373311,4139,100998.65,97921.18,100987.69,103724.51,101007.01,100987.47,101009.33,100983.49
13053.144946369,4140,100987.74,97915.19,100988.73,103726.7,101003.0,100995.48,101001.3,100992.53
13053.164947867,4141,100976.56,97926.24,100993.63,103726.7,101015.04,101004.55,101002.37,100980.38
13053.185982047,4142,100995.72,97926.24,100991.7,103716.53,101008.92,101001.61,101009.33,100991.5
13053.206039801,4143,100998.65,97917.16,100991.7,103726.7,101007.01,100999.49,101003.43,100980.38
13053.227055734,4144,100989.6,97918.19,100987.69,103733.6,101019.05,101002.67,101003.43,100985.42
13053.247556988,4145,100984.54,97914.16,100995.7,103737.59,101011.02,101007.5,101011.46,100986.46
13053.268183832,4146,100981.62,97918.19,100986.66,103733.6,101003.0,100992.53,101005.31,100978.46
13053.29006959,4147,100977.63,97919.22,100993.77,103725.61,101013.13,100995.48,101004.5,100986.46
13053.31237308,4148,100981.62,97927.27,101000.74,103727.8,101013.98,100991.47,101009.33,100981.42
13053.332983009,4149,100993.59,97916.13,100995.7,103734.69,101009.97,101002.67,100996.22,100982.46
13053.353451073,4150,100987.74,97913.13,100993.63,103733.6,101011.02,100994.66,101009.33,100986.46
13053.374117427,4151,100992.52,97918.19,100989.77,103712.53,101009.97,100991.47,100993.27,100981.42
13053.395093389,4152,100993.59,97925.21,100995.7,103725.61,101003.0,101003.49,100993.27,100990.46
13053.415114467,4153,100993.59,97917.16,100986.66,103741.59,101007.01,100999.49,101001.3,100990.46
13053.43627567,4154,100993.59,97913.13,100990.66,103734.69,101007.01,101004.55,101001.3,100984.53
13053.456222666,4155,100983.47,97924.18,100987.69,103734.69,101011.02,101000.55,101009.33,100982.46
13053.480352107,4156,100996.51,97925.21,100987.69,103716.53,101012.93,100989.59,101001.3,100982.46
13053.500975756,4157,100983.47,97916.13,100996.74,103734.69,101009.97,100995.48,101001.3,100988.38
13053.521455188,4158,100984.54,97918.19,100991.7,103732.5,101011.02,101000.55,101001.3,100982.46
13053.542184938,4159,101001.57,97917.16,100989.63,103716.53,101011.02,100993.6,101011.46,100981.42
13053.562582826,4160,100983.47,97917.16,100985.62,103725.61,101009.97,100999.49,101013.34,100982.46
13053.583080645,4161,100992.52,97917.16,100996.74,103726.7,101003.0,100993.6,101009.33,100974.46
13053.603617253,4162,100993.59,97917.16,100997.63,103727.41,101013.98,100987.47,101019.49,100981.42
13053.624368855,4163,101001.57,97925.21,100987.69,103734.69,101003.0,100985.58,101001.3,100972.38
13053.648395671,4164,100997.58,97921.18,100977.61,103725.61,101015.04,101003.49,101009.33,100978.46
13053.669042766,4165,100995.72,97926.24,100987.69,103728.51,101012.08,101002.67,101005.31,100982.46
13053.689476178,4166,100983.75,97909.1,100985.62,103737.59,101003.0,100991.47,101009.33,100982.46
13053.710082251,4167,100993.59,97917.16,100987.69,103730.7,101011.02,100999.49,101005.31,100986.46
13053.730518697,4168,100993.59,97921.18,100982.65,103716.53,101011.02,100987.47,100997.28,100984.38
13053.751197851,4169,100997.58,97920.15,100993.63,103733.6,101011.02,101003.49,101001.3,100989.42
13053.772259602,4170,100994.65,97921.18,100988.73,103725.61,100997.93,100996.54,101001.3,100998.46
13053.79222112,4171,100985.61,97916.13,100987.69,103735.79,101015.04,101001.61,101010.39,100974.46
13053.816378554,4172,100994.65,97924.18,100986.66,103722.71,101018.0,101000.55,101000.23,100982.46
13053.837065219,4173,100995.72,97916.13,100985.62,103726.7,101008.92,100991.47,101002.37,100975.49
13053.857514835,4174,100993.59,97926.24,100993.63,103737.59,101003.0,100999.49,101003.18,100986.46
13053.878058453,4175,100993.59,97909.1,100986.66,103737.59,101012.93,100991.47,101009.33,100984.38
13053.900727306,4176,100981.62,97925.21,100993.63,103726.7,101019.05,100996.54,100998.1,100974.46
13053.919346554,4177,100996.51,97919.22,100995.7,103726.7,101019.05,100991.47,101001.3,100987.5
13053.939698622,4178,100992.52,97919.22,100987.69,103726.7,101015.04,100992.53,101005.31,100982.46
13053.960335362,4179,100993.59,97919.22,100983.69,103722.71,101015.04,100996.54,101010.39,100982.46
13053.984410551,4180,100995.45,97922.22,100989.77,103722.71,101012.08,101009.62,101011.21,100987.5
13054.005031686,4181,100993.59,97919.22,100994.67,103733.6,101003.0,101005.61,101001.3,100988.38
13054.025469705,4182,101003.7,97922.22,100985.62,103732.5,101018.19,101005.61,101009.33,100989.42
13054.046057961,4183,100980.55,97918.19,100991.7,103742.68,101012.08,101001.61,101002.37,100977.42
13054.066513717,4184,100993.59,97917.16,100985.62,103734.69,101008.06,100992.53,101010.39,100988.53
13054.087167502,4185,100995.45,97909.1,100995.7,103741.59,101011.02,101001.61,101009.33,100997.42
13054.10926522,4186,101005.56,97918.19,100987.69,103732.5,101011.02,101000.55,101009.33,100986.46
13054.128248439,4187,100984.54,97919.22,100994.67,103726.32,101007.01,100996.54,101007.45,100976.53
13054.152414876,4188,100991.46,97926.24,100987.69,103737.59,101005.96,100997.6,101001.3,100988.53
13054.173008911,4189,100997.58,97921.18,100999.71,103724.51,101015.04,101001.61,100994.34,100984.53
13054.193484596,4190,100984.54,97926.24,100982.65,103734.69,101020.1,101001.61,101010.39,100989.42
13054.214113203,4191,100993.59,97922.22,100987.69,103724.51,101012.08,101009.62,101003.43,100990.46
13054.234560606,4192,100999.71,97924.18,100989.63,103739.78,101008.92,101003.49,100992.2,100982.46
13054.256261935,4193,100987.46,97914.16,100985.62,103724.51,101005.1,100993.6,101011.21,100983.49
13054.276074288,4194,100993.59,97925.21,100991.7,103712.53,101015.04,100993.6,101006.38,100992.53
13054.296392515,4195,101005.56,97914.16,100977.61,103720.52,101011.02,101001.61,101009.33,100980.38
13054.320033788,4196,101001.57,97927.18,100995.7,103732.5,101003.0,101009.62,101010.39,100986.46
13054.34104929,4197,100999.71,97915.19,100986.66,103737.59,101011.02,101004.55,101009.33,100970.46
13054.361472537,4198,100988.53,97926.24,100990.66,103726.7,101007.01,100999.49,101007.45,100990.46
13054.384040136,4199,101000.5,97918.19,100984.58,103718.72,101001.94,100998.42,101006.38,100982.46
13054.402626965,4200,100992.52,97917.16,100985.62,103734.31,100998.98,100993.6,101010.39,100991.5
13054.423190674,4201,100983.47,97916.13,100995.7,103741.59,101008.06,100994.66,101001.3,100982.46
13054.443651887,4202,100993.59,97918.19,100993.63,103732.5,101017.14,100991.47,101001.3,100992.53
13054.467958937,4203,100977.63,97925.21,100985.62,103726.7,101009.97,100996.54,101009.33,100976.53
13054.488083472,4204,100993.59,97923.25,100986.66,103733.6,101007.01,100993.6,101011.46,100990.46
13054.509091763,4205,100996.51,97926.24,100990.66,103742.68,101008.06,101001.61,100998.35,100982.46
13054.530110981,4206,100995.72,97917.16,100994.67,103726.7,101013.13,101001.61,101001.3,100982.46
13054.550160262,4207,100985.61,97928.3,100991.7,103716.53,101009.97,101010.68,101001.3,100983.49
13054.570568906,4208,100993.59,97918.19,101002.68,103734.69,101012.08,100986.64,101002.37,100990.46
13054.591394781,4209,101001.57,97919.22,100989.63,103737.59,101011.02,100992.53,101010.39,100982.46
13054.611408658,4210,100993.59,97926.24,100991.7,103729.6,101004.91,101000.55,101001.3,100988.53
13054.635381292,4211,100988.53,97921.18,100986.66,103724.51,101003.0,101002.43,100993.27,100973.42
13054.656014115,4212,100991.46,97918.19,100988.73,103734.69,101008.06,100987.47,101007.45,100980.53
13054.676454969,4213,100996.51,97909.1,100991.7,103726.7,101015.04,100991.47,101001.3,100982.46
13054.697119189,4214,100993.59,97919.22,100985.62,103742.68,101007.01,101001.61,101001.3,100986.46
13054.719181515,4215,100991.46,97913.13,100994.67,103734.69,101003.0,100997.6,101001.3,100990.46
13054.738208579,4216,100985.61,97917.16,100982.65,103733.6,101009.97,100988.53,100993.27,100991.5
13054.759455732,4217,100989.6,97917.16,100995.7,103734.69,101003.0,101009.62,101009.33,100972.38
13054.779521788,4218,100995.72,97925.21,100992.74,103742.68,101003.0,100999.49,101013.34,100986.46
13054.803404246,4219,100996.51,97925.21,100993.63,103712.53,100996.88,100993.6,100998.35,100984.38
13054.824022307,4220,100983.47,97916.13,100989.63,103725.61,101012.08,100992.53,101010.39,100982.46
13054.84446363,4221,100997.58,97912.1,100985.62,103738.69,101011.02,101001.61,101009.33,100990.46
13054.865110615,4222,100991.46,97933.27,100991.7,103734.69,101011.02,100989.35,101010.39,100985.42
13054.885511477,4223,100992.52,97921.18,100991.7,103733.6,101011.02,101008.56,101011.46,100973.42
13054.90615033,4224,100992.52,97921.18,100986.66,103741.59,101012.08,101005.61,101009.33,100990.46
13054.92669483,4225,100993.59,97917.16,100986.66,103736.5,101011.02,100997.6,101001.3,100991.5
13054.947304678,4226,100992.52,97911.07,100987.69,103734.69,101011.02,101001.61,101009.33,100981.42
13054.971393308,4227,100996.51,97921.18,100997.63,103734.69,101003.0,101008.56,101007.45,100986.46
13054.992038359,4228,100993.59,97925.21,100995.7,103725.61,101003.0,100993.6,101010.39,100982.46
13055.013136907,4229,100993.59,97922.22,100988.73,103726.7,101015.04,100987.47,101008.26,100990.46
13055.033324307,4230,100990.66,97929.24,100995.7,103725.61,101011.02,100994.66,101015.47,100982.46
13055.053529864,4231,100983.47,97911.16,100993.63,103739.4,101011.02,100996.54,101010.39,100986.46
13055.07438264,4232,100992.52,97927.27,100987.69,103726.7,101011.02,100996.54,101005.31,100992.38
13055.094657732,4233,100993.59,97909.1,100987.69,103736.5,101004.05,101001.61,101006.38,100982.46
13055.115331097,4234,100993.59,97927.27,100989.63,103733.6,101013.13,100993.6,101001.3,100988.53
13055.13946199,4235,100992.52,97925.21,100991.7,103738.69,101007.01,100997.6,101003.43,100990.46
13055.16001339,4236,100997.58,97923.25,100989.63,103724.51,101007.01,100993.6,101001.3,100978.46
13055.180610159,4237,100983.47,97925.21,100987.69,103726.7,101011.02,100988.53,101003.43,100981.42
13055.20120149,4238,100985.61,97926.24,100985.62,103726.7,101015.04,100989.59,101001.3,100986.46
13055.221934815,4239,100980.55,97923.25,100984.58,103725.61,101013.13,101002.43,101004.25,100982.46
13055.242278972,4240,100993.59,97913.13,100989.63,103726.7,101011.02,101000.55,101000.23,100983.49
13055.262634766,4241,100993.59,97910.13,100985.62,103737.59,101008.06,100999.49,101005.31,100986.46
13055.283412308,4242,100991.46,97923.25,100985.62,103733.6,101003.0,101001.37,101009.33,100990.46
13055.307450461,4243,100976.56,97933.27,100990.66,103742.68,101007.01,101001.61,101008.26,100991.5
13055.328155734,4244,100994.65,97917.16,100989.63,103740.49,101011.02,100991.47,100994.34,100991.5
13055.348599041,4245,100996.51,97918.19,100979.69,103722.71,101011.02,100993.6,101001.3,100982.46
13055.369119975,4246,100983.47,97919.22,100991.7,103726.7,101007.01,101000.55,101011.46,100990.46
13055.390258493,4247,101005.56,97917.16,100994.67,103737.59,101008.06,100992.53,101007.2,100985.42
13055.410248474,4248,100992.52,97916.13,101005.64,103741.59,101007.01,100993.6,101008.51,100987.5
13055.430638701,4249,100988.53,97921.18,100987.69,103720.52,101007.01,101000.55,101003.43,100983.49
13055.451240637,4250,100991.46,97913.13,100985.62,103726.7,101004.91,100991.47,101009.33,100982.46
13055.475411902,4251,100991.46,97914.16,100987.69,103733.6,101015.04,100990.65,101009.33,100975.49
13055.496528937,4252,100992.52,97915.1,100989.63,103722.71,101011.02,101005.61,101001.3,100991.5
13055.516557827,4253,100984.54,97923.15,100985.62,103738.69,101008.92,101000.55,101002.37,100968.53
13055.537223911,4254,100985.61,97913.13,100985.62,103732.5,101017.14,101001.61,101009.33,100981.42
13055.557636922,4255,100994.65,97922.22,100988.73,103734.69,101004.05,100997.6,101005.31,100982.46
13055.578287452,4256,100985.61,97922.22,100986.66,103742.68,101008.92,100993.6,101007.45,100982.46
13055.598704008,4257,100994.65,97922.22,100990.66,103737.59,101011.02,100999.49,101008.26,100990.46
13055.622960301,4258,100984.54,97918.19,100988.59,103726.7,101023.06,101002.67,101003.43,100982.46
13055.643429327,4259,100992.52,97918.19,100992.59,103726.7,101011.02,101007.5,101005.31,100986.46
13055.664069701,4260,101005.56,97913.13,100986.66,103742.68,101015.04,100992.53,101009.33,100982.46
13055.684210981,4261,100992.52,97921.18,100987.69,103734.69,101011.02,101003.49,101009.33,100989.42
13055.705139442,4262,101005.56,97919.22,100984.58,103726.7,100994.97,101005.61,101010.39,100982.46
13055.725876713,4263,100992.52,97921.18,100986.66,103722.71,101011.02,100990.65,100994.34,100987.5
13055.746513102,4264,100993.59,97927.27,100985.62,103733.6,101013.13,100995.48,101010.39,100994.46
13055.767616006,4265,100994.65,97909.1,100988.73,103737.59,101016.09,101004.55,101009.33,100972.38
13055.790970976,4266,100987.46,97923.25,100992.59,103738.69,101007.87,101002.67,101001.3,100978.46
13055.811027528,4267,100997.58,97918.19,100986.66,103732.5,101011.02,100991.47,101006.38,100982.46
13055.832104423,4268,100992.52,97919.22,100985.62,103726.7,101012.08,100991.47,101001.3,100998.46
13055.852113512,4269,100992.52,97918.19,101001.64,103742.68,101011.02,100991.47,100986.31,100982.46
13055.873125149,4270,100993.59,97918.19,100990.66,103720.52,101007.01,100993.6,101011.46,100982.46
13055.893652703,4271,100991.46,97917.16,100983.69,103726.7,101011.02,100991.47,101007.45,100983.49
13055.914315191,4272,100979.76,97919.12,100989.63,103725.61,101011.02,100992.53,101011.46,100982.46
13055.934673549,4273,101002.64,97926.24,100986.66,103736.5,101000.04,100987.47,100986.31,100978.46
13055.958415655,4274,101000.5,97905.08,100988.59,103725.61,101007.01,101000.55,100994.34,100982.46
13055.979073205,4275,100999.71,97913.13,100989.63,103726.7,101016.09,100991.47,101002.37,100982.46
13055.999555501,4276,100991.46,97914.16,100995.7,103725.61,101013.13,101000.55,101007.45,100974.46
13056.020105539,4277,101000.5,97910.13,100989.63,103732.5,101011.02,100993.6,101015.47,100989.57
13056.04125249,4278,100991.46,97918.19,100993.63,103738.69,101007.87,100993.6,100999.42,100984.53
13056.061430385,4279,100985.61,97921.18,100985.62,103725.61,101014.18,100988.53,101007.45,100984.53
13056.082272756,4280,100997.58,97922.22,100988.59,103730.7,101012.08,101005.61,101010.39,100982.46
13056.102257058,4281,100981.62,97922.22,100986.66,103730.7,101007.01,101008.56,101014.41,100987.5
13056.126434462,4282,100993.59,97914.16,100984.58,103741.59,101011.02,100992.53,101002.37,100992.53
13056.14702427,4283,100985.61,97921.18,100985.62,103726.7,101000.89,100999.49,101011.46,100983.49
13056.167537432,4284,101001.57,97924.18,100991.7,103717.62,101008.92,100999.49,100994.34,100992.53
13056.188215013,4285,100997.58,97919.12,100984.58,103726.7,101015.04,100996.54,101003.43,100984.53
13056.208561734,4286,100991.46,97920.15,100991.7,103737.59,101016.09,100992.53,101010.39,100988.53
13056.22922278,4287,100985.61,97922.22,100993.63,103724.51,101011.02,100996.54,100991.39,100983.49
13056.250225643,4288,100985.61,97917.16,100993.63,103725.61,101020.1,101003.49,101021.62,100982.46
13056.270302505,4289,100988.53,97925.21,100986.66,103734.69,101011.02,100996.54,100995.4,100983.49
13056.294430154,4290,100993.59,97909.1,100989.63,103737.59,101000.89,101004.55,101011.46,100984.53
13056.31507126,4291,100985.61,97926.24,100990.66,103728.51,101007.01,101000.55,100994.34,100991.5
13056.335491211,4292,100998.65,97921.18,100985.62,103734.69,101009.97,101000.55,100994.34,100984.53
13056.356133759,4293,100983.47,97926.24,100995.7,103726.7,101011.02,100997.36,101013.59,100986.46
13056.376637747,4294,100992.52,97917.16,100985.62,103737.59,101005.96,101003.49,101003.18,100985.57
13056.397260696,4295,100993.59,97921.18,100993.63,103742.68,101005.96,100990.65,101013.34,100982.46
13056.418301306,4296,100985.61,97917.16,100993.63,103733.6,101009.97,101003.73,101010.39,100988.53
13056.438362415,4297,100989.6,97914.16,100992.59,103732.5,101007.01,100992.53,101009.33,100978.46
13056.462454139,4298,100976.56,97917.16,100991.7,103725.61,101001.94,100993.6,101003.43,100983.49
13056.483060652,4299,100991.46,97920.15,100979.54,103742.68,101016.94,100991.47,101005.31,100982.46
13056.503576359,4300,100985.61,97915.1,100985.62,103738.69,101011.02,100997.6,101003.43,100974.46
13056.524126076,4301,100993.59,97918.19,100985.62,103732.5,101003.0,100992.53,101011.46,100983.49
13056.544588832,4302,100984.54,97918.19,100986.66,103734.69,101003.0,100995.48,101017.61,100988.53
13056.565879601,4303,100992.52,97925.21,100991.7,103738.69,101007.01,100991.47,101007.45,100990.46
13056.585788389,4304,100986.67,97923.25,100985.62,103734.69,100998.98,101001.61,101007.45,100982.46
13056.60645932,4305,100993.59,97921.18,100977.61,103728.51,101007.01,101001.61,101011.46,100982.46
13056.630441959,4306,100992.52,97919.22,100987.69,103733.6,101019.05,101001.61,100994.34,100976.53
13056.6510533,4307,100989.6,97913.13,100984.58,103736.5,101011.02,100995.72,101013.34,100982.46
13056.671702999,4308,100995.45,97922.22,100995.7,103746.68,101009.97,101000.55,101011.46,100982.46
13056.692137262,4309,100985.61,97919.12,100986.66,103729.6,101012.08,101000.55,101005.56,100991.5
13056.712600198,4310,101000.5,97909.1,100993.63,103718.72,100999.84,100987.47,101009.33,100986.46
13056.733455869,4311,100986.67,97918.19,100993.63,103720.52,101015.04,100991.47,100998.35,100978.46
13056.754082323,4312,101001.57,97917.16,100985.62,103741.59,101007.01,100999.49,101011.46,100991.5
13056.774287619,4313,100985.61,97910.13,100985.62,103733.6,101012.93,101001.61,101016.54,100986.46
13056.798503551,4314,100993.59,97919.22,100993.63,103725.61,101011.02,101004.55,101002.37,100980.53
13056.819077536,4315,100985.61,97922.22,100985.62,103726.7,101011.02,101007.5,101012.53,100974.46
13056.839615966,4316,100988.53,97925.21,100993.63,103742.68,101011.02,100995.48,101003.43,100980.38
13056.860252595,4317,100985.61,97923.25,100991.7,103722.32,101014.18,100999.49,101002.37,100993.42
13056.880639346,4318,100996.51,97921.18,100989.63,103732.5,101019.05,101000.55,101011.46,100984.53
13056.901329566,4319,100991.46,97918.19,100995.7,103718.72,101009.97,100990.41,101003.43,100975.49
13056.921738701,4320,100984.54,97915.19,100985.62,103742.68,101008.92,100991.47,101010.39,100982.46
13056.946007784,4321,101004.49,97925.21,100994.67,103738.69,101000.89,101009.62,101015.47,100990.46
13056.966114882,4322,100993.59,97917.16,100994.67,103726.7,101012.08,100991.47,101011.46,100982.46
13056.987062852,4323,101003.7,97922.22,100989.63,103718.72,101012.08,100988.53,101011.46,100978.46
13057.007564707,4324,100993.59,97921.18,100990.66,103739.78,101012.08,100995.48,101005.31,100986.46
13057.028161847,4325,100991.46,97919.22,100990.66,103746.68,101008.92,100992.53,101003.43,100975.49
13057.048654378,4326,100994.65,97914.16,100986.66,103725.61,101012.08,100990.41,101015.47,100990.46
13057.069272158,4327,100981.62,97910.13,100990.66,103722.71,101013.13,101000.55,101001.3,100987.5
13057.089741234,4328,100985.61,97915.19,100985.62,103726.7,101011.02,101004.55,101010.39,100983.49
13057.114014222,4329,100995.72,97913.13,100977.61,103731.41,101011.02,100993.6,101009.33,100982.46
13057.134053138,4330,100981.62,97925.21,100994.67,103737.59,101004.91,100992.53,101007.45,100980.38
13057.155112025,4331,100994.65,97913.13,100981.62,103726.7,101003.0,100992.53,101001.3,100982.46
13057.175131651,4332,100993.59,97924.18,100995.7,103716.53,101011.02,101000.55,101011.46,100982.46
13057.19625098,4333,100996.51,97921.18,100990.66,103734.69,101007.01,100987.47,101007.45,100988.53
13057.216651602,4334,100997.58,97919.22,100981.62,103740.49,101015.04,100999.49,101011.46,100990.46
13057.237284405,4335,100985.61,97926.24,100989.63,103726.7,101004.91,100991.47,100995.4,100982.46
13057.258652951,4336,100992.52,97917.16,100988.59,103718.72,101008.92,100997.6,101011.46,100980.53
13057.281433813,4337,100993.59,97907.04,100993.63,103733.6,101019.05,100991.47,101005.31,100982.46
13057.302063752,4338,100982.68,97926.24,100993.63,103734.69,101005.96,101001.61,100994.34,100987.5
13057.323167408,4339,100979.48,97918.19,100984.58,103724.51,101015.04,100992.53,100995.4,100988.38
13057.343146642,4340,100986.67,97919.22,100985.62,103734.69,101015.04,100992.53,101019.49,100982.46
13057.364228996,4341,100995.45,97925.21,100985.62,103741.59,101001.94,101004.55,101010.39,100984.53
13057.384259809,4342,100997.58,97915.19,100984.58,103725.61,101011.02,100999.49,100991.14,100982.46
13057.405426119,4343,100993.59,97929.24,100986.66,103729.6,101001.94,101002.67,101005.31,100974.46
13057.425796435,4344,100987.74,97918.19,100990.66,103734.69,101015.04,100992.53,101005.31,100984.53
13057.449552201,4345,100989.6,97925.21,100985.62,103737.59,100997.93,100994.66,101013.34,100966.46
13057.470092124,4346,100992.52,97918.19,100986.66,103734.69,101015.04,101004.55,101001.3,100983.49
13057.490588351,4347,101001.57,97941.32,100990.66,103738.69,101008.92,100991.47,101009.33,100974.46
13057.511190167,4348,100995.72,97942.35,100985.62,103734.69,101004.91,101001.61,101005.56,100975.49
13057.531655517,4349,100985.61,97927.27,100985.62,103741.59,101011.02,101001.61,101005.31,100986.46
13057.552332087,4350,101004.49,97926.24,100987.69,103742.68,101016.09,100995.48,101009.33,100978.46
13057.573285475,4351,100992.52,97939.35,100987.69,103741.59,101007.01,100997.36,100993.27,100992.53
13057.593355857,4352,100984.54,97941.32,100991.7,103742.68,101016.09,100999.49,101010.39,100989.42
13057.617503556,4353,100989.6,97926.24,100995.7,103734.69,101008.06,101000.55,101001.3,100974.46
13057.638461962,4354,100993.59,97927.27,100986.66,103732.5,101019.05,100991.47,101000.23,100990.46
13057.658519475,4355,100993.59,97930.27,100993.63,103738.69,101007.01,100997.36,100995.4,100983.49
13057.682080557,4356,100993.59,97946.38,100986.66,103732.5,101011.02,100993.6,101011.46,100989.42
13057.699588585,4357,100981.62,97934.3,100986.66,103742.68,101009.97,101006.67,101002.37,100976.53
13057.720304153,4358,100994.65,97931.3,100985.62,103742.68,101011.02,101009.62,100993.27,100982.46
13057.740712958,4359,100985.61,97939.26,100986.66,103725.61,101011.02,100995.48,101007.45,100990.46
13057.761287363,4360,100995.72,97953.4,100990.66,103745.58,101001.94,100991.47,101002.37,100982.46
13057.785488082,4361,100992.52,97977.56,100980.58,103740.49,101005.96,100983.46,101015.47,100980.53
13057.806109568,4362,100993.59,97973.54,100994.67,103738.69,101005.96,101003.49,101003.43,100984.53
13057.826597803,4363,100983.75,97956.4,100987.69,103752.48,101019.05,100992.53,100998.35,100978.46
13057.84718036,4364,100995.72,97974.57,100991.7,103742.68,101011.02,100993.6,101010.39,100978.46
13057.867746983,4365,100997.58,97964.45,100986.66,103746.68,101008.92,100986.41,101005.31,100973.42
13057.888331854,4366,100991.73,97965.48,100988.59,103732.5,101015.04,100989.59,101012.53,100977.42
13057.909238121,4367,100987.74,97966.51,100993.63,103738.69,101001.94,100985.58,100999.42,100982.46
13057.929430548,4368,100989.6,97965.48,100985.62,103742.68,101011.02,100999.49,101013.34,100992.53
13057.953491526,4369,100995.72,97956.4,100991.56,103750.67,101013.13,100995.48,101011.46,100973.42
13057.97412494,4370,100985.61,97958.46,100985.62,103742.68,101007.01,100999.49,101009.33,100983.49
13057.994629449,4371,100992.52,97963.52,100985.62,103740.49,101005.96,101000.55,100995.4,100995.5
13058.015185817,4372,100989.6,97957.43,100981.62,103742.68,101011.02,101001.61,101001.3,100982.46
13058.035649484,4373,100994.65,98008.75,100989.63,103745.58,101008.06,100992.53,101007.45,100983.49
13058.056891439,4374,100995.72,98022.89,100992.59,103754.67,100998.98,101000.55,101007.45,100982.46
13058.076801529,4375,100991.46,98009.78,101001.64,103750.67,101015.04,100995.48,100994.34,100988.53
13058.097372359,4376,100977.63,98021.86,100987.55,103753.57,101007.01,101003.49,101015.47,100982.46
13058.121500989,4377,100979.76,97999.66,100985.62,103754.67,101007.01,100991.47,100993.27,100976.53
13058.14216547,4378,100993.59,98012.78,100985.62,103748.48,101008.92,100992.53,101001.3,100989.57
13058.162630409,4379,100983.47,98005.75,100990.66,103746.68,101003.0,101001.61,101015.47,100977.42
13058.183192185,4380,100987.74,98005.75,100993.63,103757.57,101007.01,100992.53,101003.43,100982.46
13058.203778989,4381,100991.46,98000.69,100993.63,103749.58,101018.0,100999.49,101001.3,100983.49
13058.224289017,4382,101003.7,98005.75,100995.7,103744.49,101008.06,100983.46,101002.37,100982.46
13058.245035722,4383,100985.61,98009.78,100985.62,103753.57,101004.91,100991.47,101007.45,100978.46
13058.26908349,4384,100993.59,98009.78,100993.63,103745.58,100992.87,101004.55,101001.3,100983.49
13058.289498945,4385,100984.54,98007.72,100984.58,103754.67,101009.97,101000.55,101009.33,100988.53
13058.310578013,4386,100988.53,98042.0,100993.63,103757.57,101013.98,100998.42,101002.37,100987.5
13058.33019526,4387,100992.52,98078.24,100997.63,103760.47,101011.02,100999.49,100999.42,100984.53
13058.352600113,4388,100992.52,98070.19,100989.63,103757.57,101001.94,100998.42,101008.51,100984.53
13058.371671235,4389,100985.61,98071.22,100994.67,103769.55,101000.89,100999.49,100987.37,100983.49
13058.392257177,4390,100992.52,98070.19,100993.63,103757.57,100996.88,100999.49,101011.46,100987.5
13058.412732833,4391,100992.52,98062.13,100993.63,103758.66,101003.0,100991.47,101003.43,100982.46
13058.437060163,4392,100991.46,98062.13,100991.7,103758.66,101003.0,101000.55,101011.46,100983.49
13058.457111448,4393,100985.61,98062.13,100985.62,103765.56,101012.08,100999.49,101014.41,100987.5
13058.478173009,4394,100987.74,98069.15,100988.59,103757.57,101012.08,100999.49,101004.5,100984.53
13058.498495934,4395,100995.72,98062.13,100987.69,103758.66,101011.02,100991.47,101009.33,100981.42
13058.519180325,4396,101009.55,98053.05,100990.66,103756.47,101009.97,100991.47,101005.31,100983.49
13058.539282596,4397,100991.46,98052.12,100989.63,103758.66,101000.89,100998.42,101003.43,100987.5
13058.560437208,4398,100993.59,98062.13,100993.63,103770.65,101004.05,101003.49,101011.46,100983.49
13058.580827816,4399,100990.66,98138.65,100986.66,103790.62,101003.0,101000.55,101001.3,100980.53
13058.60449022,4400,100985.61,98143.71,100989.63,103778.63,101008.92,101007.5,101017.36,100982.46
13058.625102433,4401,100997.58,98145.67,100989.63,103781.53,101011.02,100993.6,101003.43,100980.38
13058.646141901,4402,100993.59,98134.62,100987.69,103775.74,101000.89,101001.61,101005.31,100983.49
13058.666234317,4403,100993.59,98135.66,100986.66,103772.45,101004.05,100993.6,101002.37,100978.46
13058.687207145,4404,100996.51,98142.68,100981.62,103773.54,101011.02,100991.47,101014.41,100990.46
13058.707296266,4405,101003.7,98126.57,100983.55,103769.55,101011.02,101000.55,101003.43,100983.49
13058.728523908,4406,100985.61,98126.57,100986.66,103766.65,101005.1,100996.54,100997.28,100982.46
13058.748827614,4407,100984.54,98134.62,100992.59,103773.54,101013.98,100992.53,101009.33,100984.53
13058.772496549,4408,100995.72,98145.67,101003.71,103778.63,101011.02,100983.46,101014.41,100976.53
13058.793091966,4409,100987.74,98136.58,100990.66,103770.65,101011.02,100999.49,101011.46,100981.42
13058.813695605,4410,100989.6,98129.56,100985.62,103774.64,101012.08,100997.6,101012.53,100976.53
13058.834175166,4411,100993.59,98122.54,100990.66,103770.65,100998.98,100993.6,100994.34,100981.42
13058.85473566,4412,100985.61,98188.94,100985.62,103793.52,101008.92,101000.55,101007.45,100984.53
13058.875532382,4413,100993.59,98208.15,100991.7,103806.6,101019.05,101004.55,101013.34,100978.46
13058.896613923,4414,100993.59,98214.13,100986.66,103794.61,101009.97,100993.6,101003.43,100990.46
13058.916484104,4415,100995.72,98203.09,100998.67,103790.62,101007.01,100998.42,100999.42,100982.46
13058.940511901,4416,100992.52,98203.09,100977.61,103781.53,101007.01,100999.49,101010.39,100986.46
13058.961157674,4417,101002.64,98195.03,100989.77,103790.62,101016.94,101003.49,101005.31,100977.42
13058.98156748,4418,100997.58,98196.99,100987.69,103790.62,101004.05,100999.49,101012.53,100987.5
13059.003293617,4419,100989.6,98196.06,100987.69,103787.72,101003.0,101005.61,101010.39,100991.5
13059.022686255,4420,100993.59,98191.0,100990.66,103790.62,101008.92,100997.6,100999.17,100972.38
13059.043355443,4421,100980.55,98199.06,101007.72,103791.71,101008.92,101004.55,101001.3,100986.46
13059.063800943,4422,100986.67,98207.11,100985.62,103782.63,101012.93,100991.47,101001.3,100978.46
13059.084487748,4423,101001.57,98188.94,100993.63,103791.71,101015.04,100989.35,101011.46,100978.46
13059.108553162,4424,100979.48,98192.04,100985.62,103790.62,101007.01,100998.42,101003.43,100975.49
13059.129147718,4425,100993.59,98263.49,100986.66,103805.5,101012.93,100995.48,101010.39,100998.46
13059.14956847,4426,100995.72,98323.9,100991.7,103813.49,101000.04,101001.61,100993.27,100974.46
13059.170223728,4427,100982.68,98311.82,100985.62,103806.6,101011.02,100991.47,101002.37,100980.53
13059.190718853,4428,100985.61,98305.84,100994.67,103810.59,101008.92,100994.42,101010.39,100980.38
13059.211299777,4429,100997.58,98307.8,100981.62,103805.5,101005.96,100991.47,100994.34,100987.5
13059.231744997,4430,101001.57,98299.74,100985.62,103806.6,101011.02,100999.49,101011.46,100983.49
13059.252426134,4431,100987.74,98303.77,100990.66,103814.59,101008.92,100991.47,100991.39,100974.46
13059.276507502,4432,100992.52,98303.77,100995.7,103814.59,101019.05,100996.54,101005.31,100982.46
13059.297113685,4433,100988.53,98295.71,100991.7,103806.6,101007.01,100999.49,101002.37,100982.46
13059.317769213,4434,100985.61,98287.66,100987.69,103814.59,101011.02,100992.53,101009.33,100982.46
13059.338425362,4435,100993.59,98295.71,100989.63,103810.59,101011.02,100994.42,101005.31,100979.49
13059.35877714,4436,100992.52,98303.77,100988.59,103805.5,101003.0,100995.48,101001.3,100982.46
13059.37951384,4437,100985.61,98293.64,100985.62,103806.6,101003.0,101000.55,101007.45,100976.38
13059.399774861,4438,100993.59,98418.61,100979.69,103845.45,101004.91,100991.47,101003.43,100983.49
13059.424078716,4439,100987.74,98450.83,100985.62,103853.44,101019.05,100991.47,100999.42,100982.46
13059.444512339,4440,100984.54,98432.65,100993.63,103845.45,101007.01,100998.42,101004.5,100984.53
13059.465161867,4441,100993.59,98440.7,100993.63,103838.55,101008.06,100999.49,101007.45,100985.57
13059.48565562,4442,100985.61,98437.71,100995.7,103847.64,101011.02,100991.47,101003.43,100974.46
13059.506201943,4443,100980.55,98432.65,100986.66,103841.45,101008.92,100992.53,101003.43,100982.46
13059.526802146,4444,100981.62,98440.7,100985.62,103838.55,101012.08,101003.49,101003.43,100989.42
13059.547489853,4445,100984.54,98428.62,100986.66,103843.65,101003.0,100993.6,101005.31,100982.46
13059.567825837,4446,100979.48,98433.68,100985.62,103835.66,101012.08,100999.49,101011.46,100982.46
13059.592050202,4447,100985.61,98425.63,100985.62,103842.55,101009.97,100995.48,101014.41,100984.53
13059.612590576,4448,100993.59,98432.65,100984.58,103842.55,101007.01,100997.36,101010.39,100978.46
13059.633259343,4449,100984.54,98416.54,100988.59,103846.54,101011.02,100992.53,101008.26,100977.42
13059.653677031,4450,100993.59,98422.52,100980.58,103838.55,101012.08,100991.47,101006.38,100984.53
13059.674308222,4451,100984.54,98544.38,100987.69,103882.5,101008.92,100999.49,101003.18,100976.53
13059.694774544,4452,100977.63,98593.75,100986.66,103873.41,101011.02,100991.47,100993.27,100982.46
13059.715358003,4453,100993.59,98591.79,100985.62,103885.39,101005.96,101004.55,101009.33,100983.49
13059.735720857,4454,101002.64,98569.58,100995.7,103876.7,100997.93,100995.48,100993.27,100984.53
13059.760117132,4455,100992.52,98557.5,100989.63,103870.51,101011.02,100995.48,101004.25,100982.46
13059.780158121,4456,100993.59,98577.64,100977.61,103870.51,101007.01,100990.41,101009.33,100980.53
13059.801237209,4457,100996.51,98569.58,100989.63,103887.59,101011.02,100993.6,101009.33,100976.38
13059.821608577,4458,100985.61,98565.55,100985.62,103870.51,101011.02,100988.53,101005.31,100973.42
13059.842237825,4459,100994.65,98569.58,100985.62,103858.53,101012.08,100992.53,100987.12,100982.46
13059.862830037,4460,100997.58,98566.59,100979.54,103870.51,101001.94,100999.49,101003.18,100978.46
13059.883404221,4461,100993.59,98573.61,100987.69,103886.49,101001.94,100988.53,101013.34,100979.49
13059.903926938,4462,100983.47,98566.59,100995.7,103861.43,101011.02,100993.6,101004.25,100983.49
13059.927553168,4463,100985.61,98566.59,100991.7,103874.51,101008.92,100991.47,101013.34,100982.46
13059.94817847,4464,100979.48,98763.95,100994.67,103925.34,101015.04,100996.54,101017.36,100984.53
13059.969130637,4465,100993.59,98779.02,100992.59,103922.44,101011.02,100991.47,100993.27,100981.42
13059.989250334,4466,100985.61,98742.77,100992.74,103918.45,101003.85,101001.61,101013.34,100982.46
13060.010258895,4467,100993.59,98758.88,100987.69,103918.45,101003.0,101003.49,101000.23,100986.46
13060.030274415,4468,100995.72,98746.8,100998.67,103901.37,101003.0,100999.49,100991.14,100984.53
13060.051325792,4469,100986.67,98748.87,100985.62,103913.36,100996.88,101000.55,101001.3,100989.42
13060.071831703,4470,100993.59,98752.9,100985.62,103914.45,101001.94,100992.53,101005.31,100975.49
13060.095564234,4471,100986.67,98738.74,100982.65,103909.36,101003.0,100991.47,101000.23,100984.53
13060.116155134,4472,100995.45,98740.82,100995.7,103907.17,101011.02,100999.49,101010.39,100981.42
13060.136609728,4473,100991.46,98744.85,100983.55,103914.45,101003.0,100991.47,101001.3,100978.46
13060.157308501,4474,100993.59,98732.76,100986.66,103902.47,101011.02,100999.49,101002.37,100982.46
13060.177656153,4475,100992.52,98738.74,100982.65,103900.28,101011.02,100995.48,101009.33,100982.46
13060.198330349,4476,100981.62,98739.78,100993.63,103910.46,101004.05,100991.47,101001.3,100987.5
13060.219382847,4477,100993.59,98898.81,100987.69,103957.3,101001.94,100987.47,101001.3,100985.42
13060.239485629,4478,100993.59,98934.02,100985.62,103958.4,101009.97,100999.49,101005.31,100977.42
13060.263526265,4479,100991.73,98930.13,100989.63,103958.4,101015.04,100991.47,101009.33,100982.46
13060.284279331,4480,100985.61,98921.03,100995.7,103950.41,101011.02,100999.49,101001.3,100982.46
13060.304685732,4481,100987.46,98921.03,100995.7,103946.41,101004.05,100992.53,101001.3,100974.46
13060.32521581,4482,100978.69,98917.0,100989.63,103938.42,101007.01,100990.41,101001.3,100986.46
13060.345660018,4483,100985.61,98907.91,100993.63,103950.41,101011.02,100997.36,101008.26,100982.46
13060.366303968,4484,101003.7,98899.85,100989.63,103949.31,101012.08,100992.53,101000.23,100984.53
13060.387366692,4485,100995.72,98907.91,100987.69,103946.41,101000.89,100984.52,101002.37,100982.46
13060.407617747,4486,100997.58,98911.93,100991.7,103945.32,101013.13,100999.49,101000.23,100990.61
13060.43160264,4487,100978.69,98899.85,100983.69,103946.41,101011.02,100997.6,101000.23,100982.46
13060.45225283,4488,100993.59,98906.87,100985.62,103946.41,101007.01,100992.53,100991.14,100986.46
13060.472760414,4489,100997.58,98906.87,100984.58,103950.41,101004.05,100995.48,100996.22,100984.53
13060.493231392,4490,101000.5,99121.39,100979.69,103997.25,101011.02,100989.59,101008.26,100983.49
13060.513755802,4491,100993.59,99125.41,100986.66,103997.25,101009.97,100994.42,101013.34,100982.46
13060.534560024,4492,100992.52,99109.3,100996.74,103998.35,101005.1,101001.61,101013.34,100978.46
13060.554825192,4493,100983.47,99093.19,100994.67,103997.25,101011.02,100988.53,100993.27,100982.46
13060.575432016,4494,100991.46,99097.22,100985.62,103990.36,101011.02,101007.5,100995.4,100982.46
13060.599559584,4495,100993.59,99085.13,100985.62,103985.26,101009.97,100991.47,101008.26,100988.53
13060.620167259,4496,100997.58,99094.23,100993.63,103982.37,101012.08,100992.53,101005.31,100984.53
13060.640635554,4497,100987.74,99086.18,100989.63,103994.35,101000.89,100999.49,101001.3,100985.57
13060.661228216,4498,100993.59,99077.08,100993.63,103991.45,101005.96,100999.49,101002.37,100974.46
13060.681749631,4499,100985.61,99085.13,100993.63,103990.36,101003.0,100991.47,101001.3,100982.46
13060.702340241,4500,100992.52,99093.19,100987.69,103981.27,101009.97,100992.53,101004.25,100990.46
13060.723126596,4501,100989.6,99074.99,100987.69,103990.36,101011.02,100995.48,101009.33,100994.46
13060.747089115,4502,100989.6,99098.26,100985.62,103991.45,101005.96,101000.55,101013.34,100982.46
13060.767561446,4503,100981.62,99316.67,100987.69,104049.18,101018.0,101001.61,101000.23,100976.53
13060.788169342,4504,100993.59,99313.69,100985.62,104034.3,101008.92,100992.53,101009.33,100982.46
13060.808658427,4505,100984.54,99293.55,100985.62,104038.29,100998.98,101005.61,101002.37,100974.46
13060.82924452,4506,100989.6,99286.54,100984.58,104038.29,101009.97,101009.62,101001.3,100982.46
13060.849699935,4507,100997.58,99278.48,100977.61,104030.3,101020.1,100991.47,101005.31,100976.38
13060.870330455,4508,100992.52,99277.44,100991.7,104021.22,100998.98,101003.49,101013.34,100982.46
13060.890801083,4509,100996.51,99278.48,100989.63,104029.21,101008.92,100991.47,101001.3,100981.57
13060.915112069,4510,100983.75,99286.54,100989.63,104022.31,101019.05,100987.47,100993.27,100976.53
13060.935198887,4511,101001.57,99265.35,100986.66,104030.3,101007.01,100987.47,101007.2,100985.42
13060.956281971,4512,100981.62,99270.42,100989.63,104030.3,101004.91,100999.49,100989.26,100984.53
13060.976688322,4513,100984.54,99258.34,100997.63,104022.31,101009.97,100993.6,101005.31,100982.46
13060.99725191,4514,101002.64,99268.34,100978.65,104030.3,101000.89,100991.47,101000.23,100984.53
13061.017749599,4515,100992.52,99278.48,100994.67,104034.3,101011.02,100983.46,101013.34,100981.42
13061.038363955,4516,100981.62,99528.23,101002.68,104092.03,101015.04,100995.48,101005.31,100990.46
13061.058860151,4517,100995.72,99512.12,100985.62,104094.22,101005.96,101002.43,101003.43,100982.46
13061.083105508,4518,100993.59,99476.91,100981.62,104094.22,101009.11,100999.49,101001.3,100984.53
13061.103225306,4519,100993.59,99487.95,100990.66,104085.13,101009.97,100999.49,100994.34,100983.49
13061.124199475,4520,100990.66,99465.71,100995.7,104092.03,101011.02,101005.61,100997.28,100983.49
13061.144431903,4521,100989.6,99471.83,100986.66,104066.26,101011.02,100995.48,101001.3,100986.46
13061.1652459,4522,100992.52,99462.73,100988.59,104074.25,101013.98,100998.66,101001.3,100982.46
13061.185749759,4523,100984.54,99463.78,100993.63,104086.23,101019.05,100991.47,101001.3,100982.46
13061.206442553,4524,100985.61,99454.68,100985.76,104077.14,101007.01,100991.47,100999.17,100972.38
13061.226895914,4525,100995.72,99455.72,100986.66,104078.24,101012.08,100991.47,100989.26,100981.57
13061.25054566,4526,100987.74,99459.75,100995.7,104086.23,101011.02,101003.49,100986.31,100978.46
13061.271201859,4527,100984.54,99455.72,100987.69,104074.95,101000.89,101001.61,101001.3,100984.53
13061.292184832,4528,100985.61,99500.03,100985.62,104093.12,101003.0,100988.53,101004.25,100983.49
13061.312203336,4529,100988.53,99743.67,100994.67,104149.05,101009.97,100999.49,101011.46,100985.57
13061.333295214,4530,100996.51,99706.53,100986.66,104142.16,101013.98,100999.49,101012.28,100982.46
13061.353577287,4531,100989.6,99686.22,100989.63,104129.08,101011.02,100992.53,101010.39,100992.53
13061.374425005,4532,100991.46,99678.17,100984.58,104138.17,101004.91,100995.48,101009.33,100990.46
13061.39480095,4533,100987.74,99667.13,100994.67,104126.18,101007.01,101002.67,101005.31,100982.46
13061.420026469,4534,100987.74,99672.21,100981.62,104127.98,101011.02,100999.49,101000.23,100980.38
13061.439222459,4535,101006.63,99681.31,100988.73,104123.98,101008.06,101000.55,100988.19,100986.46
13061.459675701,4536,100985.61,99671.16,100995.7,104126.18,101020.1,100986.41,101001.3,100982.46
13061.480344098,4537,100989.6,99668.18,100982.65,104126.18,101000.89,100995.48,101000.23,100984.53
13061.501274522,4538,100997.58,99657.14,100992.74,104117.09,101007.01,101009.62,100993.27,100978.46
13061.521418776,4539,100985.61,99665.2,100986.66,104126.18,101011.02,101000.55,101000.23,100982.46
13061.542432075,4540,100997.58,99666.24,100993.63,104130.18,101007.01,100998.42,100994.34,100976.53
13061.562435306,4541,100990.39,99705.48,100985.62,104142.16,101008.06,100993.6,100997.28,100982.46
13061.586590516,4542,100977.63,99965.24,100999.71,104206.08,101012.93,100990.41,101008.26,100982.46
13061.607206745,4543,100999.71,99928.1,100982.65,104189.0,101011.02,100992.53,100993.27,100986.46
13061.627667107,4544,100989.6,99906.91,100995.7,104190.1,101009.97,100993.6,101005.31,100983.49
13061.648346361,4545,100987.74,99898.85,100982.65,104190.1,101008.92,101003.49,101001.3,100975.49
13061.668760714,4546,100993.59,99891.84,100994.67,104202.09,101008.92,100991.47,100999.17,100977.42
13061.68933607,4547,100993.59,99890.79,100993.63,104190.1,101011.02,100992.53,101000.23,100982.46
13061.709872137,4548,100995.72,99887.81,100987.69,104193.4,101008.92,100996.54,101011.21,100982.46
13061.732394718,4549,100993.59,99873.63,100985.62,104174.12,101000.89,101001.61,101001.3,100982.46
13061.754825461,4550,100995.72,99866.62,100985.62,104173.02,101011.02,101005.61,100995.4,100992.53
13061.775176849,4551,100977.63,99866.62,100993.63,104182.11,101007.01,100991.47,100992.2,100987.5
13061.795708288,4552,100994.65,99870.65,100993.63,104186.11,101003.0,100993.6,100997.28,100984.53
13061.816250405,4553,101002.64,99860.49,100986.66,104166.13,101011.02,100992.53,101001.3,100982.46
13061.836663646,4554,100994.65,99913.92,100995.7,104182.11,101003.0,100993.6,101003.18,100987.5
13061.857498435,4555,100985.61,100184.89,100994.67,104266.01,101015.04,100997.6,101001.3,100986.46
13061.879052752,4556,100993.59,100148.63,100989.63,104238.04,101008.06,100990.41,101001.3,100986.46
13061.902117163,4557,100971.5,100116.4,100993.63,104246.03,101011.02,101001.61,101003.18,100978.46
13061.92258054,4558,100993.59,100112.37,100987.69,104243.83,101011.02,100991.47,100998.35,100984.53
13061.944114055,4559,100985.61,100115.35,100985.62,104235.84,101001.09,100999.49,101009.33,100982.46
13061.963677501,4560,101006.63,100104.31,100985.62,104228.95,101009.97,100989.35,101001.3,100983.49
13061.984280109,4561,100989.6,100100.29,100984.58,104238.04,101013.98,100991.47,101001.3,100982.46
13062.004750176,4562,100979.48,100102.39,100991.7,104223.86,101003.0,100992.53,101010.39,100984.53
13062.025738257,4563,100999.71,100095.21,100992.59,104230.05,101016.09,100993.6,100992.2,100983.49
13062.045859776,4564,100977.63,100094.33,100981.62,104238.04,101008.92,100987.47,100993.27,100988.53
13062.070141418,4565,101001.57,100081.19,100987.69,104235.84,101011.02,100991.47,101007.2,100984.53
13062.090593669,4566,100985.61,100105.37,100991.7,104246.03,101008.92,101001.61,101009.33,100984.53
13062.111215736,4567,100995.72,100078.22,100987.69,104238.04,101012.93,100997.6,101004.25,100991.5
13062.131680795,4568,100995.72,100094.15,100989.63,104284.88,101007.01,101002.43,101009.33,100975.49
13062.152299738,4569,100993.59,100147.58,100993.63,104301.96,101015.04,100992.53,101002.37,100984.53
13062.17539857,4570,100985.61,100163.69,100993.63,104317.94,101008.92,100996.54,101006.13,100984.53
13062.193409819,4571,100985.61,100225.18,100987.69,104397.85,101011.02,100990.41,100997.28,100976.53
13062.213974209,4572,100993.59,100309.79,100987.69,104464.66,101011.02,100998.42,101009.33,100976.53
13062.238148718,4573,100997.58,100347.1,100991.7,104510.82,101009.97,100992.53,101005.31,100982.46
13062.258627028,4574,101001.57,100383.36,100989.63,104525.7,101007.01,100997.6,100999.17,100990.46
13062.279314925,4575,100993.59,100454.83,100991.7,104552.56,101011.02,100991.47,101006.38,100976.53
13062.299704741,4576,100981.62,100470.95,100993.63,104574.33,101013.13,100983.46,101000.23,100985.57
13062.32036781,4577,100993.59,100137.6,100985.62,104493.73,101008.92,101002.43,101005.31,100978.46
13062.340902915,4578,100981.62,98707.56,100987.69,104053.18,101011.02,100998.42,101000.23,100990.46
13062.361663622,4579,100980.55,97828.56,100983.69,103907.56,101004.91,100999.49,101000.23,100986.46
13062.381893726,4580,100993.59,98015.87,100990.66,103646.81,101012.93,101003.49,101014.41,100988.53
13062.406177371,4581,100995.72,98463.83,100984.58,103670.78,101009.97,100992.53,101000.23,100982.46
13062.426236927,4582,100987.74,98392.37,100993.63,103670.78,101007.01,100989.35,100991.14,100985.57
13062.447287853,4583,100992.52,97975.6,100991.7,103682.76,101004.91,101000.55,101000.23,100987.5
13062.467393088,4584,100985.61,97918.19,100994.67,103695.84,101015.04,100996.54,100996.22,100990.46
13062.488336892,4585,100999.71,97919.12,100987.69,103696.94,101011.02,100999.49,101005.31,100988.53
13062.508817685,4586,101005.56,97929.24,100991.7,103694.75,101011.02,101006.44,100997.28,100974.46
13062.529558903,4587,100996.51,97929.24,100985.62,103694.75,101005.1,100991.47,101000.23,100992.53
13062.550159397,4588,100992.52,97908.07,100993.63,103696.94,101008.92,100997.6,100991.39,100994.46
13062.573563161,4589,100993.59,97918.19,100987.69,103694.75,101019.05,100996.54,101005.31,100982.46
13062.594179449,4590,100997.58,97929.24,101001.64,103701.64,101020.1,100995.48,101005.31,100988.53
13062.615232849,4591,100985.61,97933.27,100987.69,103710.73,101013.98,100989.59,100993.27,100988.53
13062.635324994,4592,100987.74,97921.18,100984.58,103707.83,101009.97,100999.49,100997.28,100978.46
13062.658242052,4593,100991.73,97908.07,100979.69,103706.73,101011.02,100992.53,101001.3,100982.46
13062.676438391,4594,101000.5,97922.22,101003.71,103710.73,101027.07,100999.49,101009.33,100984.53
13062.697516338,4595,100991.46,97925.21,100993.63,103710.73,101005.96,100999.49,101013.34,100974.46
13062.718636478,4596,100992.52,97926.24,100986.66,103705.64,101009.97,100995.48,100998.35,100984.53
13062.751749976,4597,100992.52,97911.16,100986.66,103702.74,101019.05,101007.5,101001.3,100982.46
13062.763557322,4598,100990.66,97925.21,100988.73,103701.64,101019.05,101003.49,101009.33,100992.53
13062.784141212,4599,100985.61,97925.21,100992.59,103706.73,101003.0,100995.48,101001.3,100982.46
13062.804167938,4600,100992.52,97914.16,100975.68,103714.72,101008.06,100991.47,101009.33,100983.49
