t_pc,sample_idx,S0,S1,S2,S3,S4,S5,S6,S7
624182.955038261,11546,102682.88,96597.87,102681.72,107198.08,102666.34,102675.97,102690.4,102658.07
624182.973836121,11547,102692.76,96636.32,102688.73,107188.92,102683.54,102689.13,102701.44,102679.07
624182.994482687,11548,102691.69,96669.71,102685.75,107187.8,102683.54,102697.18,102701.7,102678.18
624183.015552863,11549,102676.71,96709.17,102681.72,107182.01,102675.47,102684.28,102697.67,102678.18
624183.035579891,11550,102681.8,96751.67,102681.72,107177.99,102685.46,102688.31,102698.48,102673.11
624183.056140226,11551,102680.72,96775.95,102691.87,107182.01,102674.41,102697.43,102693.63,102688.32
624183.076609434,11552,102692.76,96814.4,102677.7,107182.01,102659.33,102690.2,102692.55,102674.16
624183.097086032,11553,102684.74,96858.92,102687.84,107180.88,102670.38,102692.34,102702.51,102690.26
624183.121408217,11554,102696.78,96896.37,102689.78,107192.94,102667.4,102681.07,102696.59,102691.3
624183.141861891,11555,102682.88,96937.86,102693.8,107182.01,102683.54,102702.28,102691.48,102688.32
624183.162545853,11556,102694.92,96974.28,102690.82,107184.9,102674.41,102693.15,102704.66,102690.26
624183.183102582,11557,102684.74,97000.59,102690.82,107191.17,102685.67,102687.24,102693.63,102669.09
624183.20371772,11558,102684.74,97033.98,102694.85,107203.22,102666.34,102691.27,102691.48,102686.23
624183.224157173,11559,102691.69,97091.67,102685.75,107188.92,102664.43,102681.07,102692.55,102678.18
624183.244708835,11560,102672.7,97108.86,102691.87,107196.96,102663.37,102688.31,102699.55,102688.32
624183.268217028,11561,102692.76,97155.41,102681.72,107205.0,102678.45,102692.34,102701.7,102695.33
624183.289422699,11562,102697.85,97229.29,102690.82,107198.08,102673.35,102706.31,102709.78,102686.23
624183.309930134,11563,102686.89,97245.48,102686.8,107199.21,102667.4,102689.38,102704.66,102692.35
624183.330488156,11564,102694.92,97293.04,102678.74,107190.04,102683.54,102682.14,102700.63,102681.16
624183.350947508,11565,102693.84,97326.44,102689.78,107196.96,102677.39,102699.32,102695.52,102699.35
624183.371588966,11566,102694.92,97374.0,102689.78,107188.92,102687.58,102701.46,102695.52,102688.32
624183.392336394,11567,102690.9,97394.24,102695.74,107199.21,102675.47,102692.34,102690.67,102677.14
624183.412785812,11568,102680.72,97439.78,102699.93,107199.21,102672.5,102693.41,102697.67,102698.3
624183.433117391,11569,102684.74,97457.0,102685.75,107196.96,102669.32,102693.41,102692.55,102685.18
624183.457479716,11570,102680.72,97510.61,102681.72,107200.98,102679.51,102690.2,102696.59,102678.18
624183.477593065,11571,102702.94,97552.11,102689.78,107207.24,102685.67,102697.43,102702.78,102691.3
624183.498595359,11572,102694.92,97571.33,102690.82,107210.14,102671.44,102700.39,102698.48,102678.18
624183.518833196,11573,102684.74,97588.54,102690.82,107203.22,102680.57,102696.36,102692.55,102693.23
624183.539757181,11574,102687.97,97607.76,102681.72,107199.21,102668.47,102689.38,102690.67,102686.23
624183.560298227,11575,102686.89,97642.19,102675.6,107199.21,102675.47,102691.27,102692.55,102682.21
624183.580619421,11576,102702.94,97688.72,102689.78,107195.19,102681.42,102697.43,102704.66,102678.18
624183.604403612,11577,102685.81,97715.06,102688.73,107182.01,102683.54,102690.2,102692.55,102678.18
624183.624913461,11578,102686.89,97731.25,102678.74,107207.24,102675.69,102692.34,102698.74,102690.26
624183.64554269,11579,102694.92,97755.54,102699.93,107186.03,102671.44,102700.39,102697.67,102676.25
624183.666575299,11580,102677.79,97779.83,102688.73,107207.24,102685.67,102690.2,102696.59,102696.37
624183.686575708,11581,102691.69,97812.21,102685.75,107188.27,102678.45,102696.11,102696.59,102695.33
624183.70761712,11582,102666.53,97816.26,102681.72,107199.21,102667.4,102680.25,102684.48,102679.23
624183.727605771,11583,102697.85,97838.55,102686.8,107210.14,102679.51,102688.31,102700.63,102699.35
624183.748701415,11584,102692.76,97860.79,102696.79,107193.41,102681.63,102692.34,102701.7,102695.33
624183.77240225,11585,102676.71,97897.23,102697.83,107199.21,102669.53,102690.2,102692.55,102680.28
624183.792933522,11586,102690.9,97902.3,102677.7,107198.08,102664.43,102680.25,102688.52,102670.14
624183.813560778,11587,102682.88,97932.64,102686.8,107203.22,102676.54,102683.21,102683.4,102678.18
624183.834110236,11588,102686.89,97960.0,102689.78,107207.24,102680.57,102694.22,102701.44,102678.18
624183.854580275,11589,102705.88,97982.25,102685.75,107208.37,102682.48,102699.32,102704.66,102685.18
624183.875066398,11590,102679.94,98011.61,102685.75,107190.04,102666.34,102684.28,102700.63,102682.21
624183.895651881,11591,102672.7,98026.78,102679.63,107199.21,102679.51,102680.0,102698.74,102680.28
624183.916674385,11592,102678.86,98059.17,102689.78,107198.08,102680.57,102692.34,102690.4,102687.28
624183.940439097,11593,102690.9,98085.51,102690.82,107195.19,102683.54,102691.27,102704.66,102679.23
624183.960890958,11594,102702.94,98095.6,102681.72,107199.21,102676.54,102691.27,102695.52,102694.28
624183.981558165,11595,102693.84,98135.06,102677.7,107199.21,102671.44,102686.99,102701.7,102696.37
624184.001987932,11596,102686.89,98153.31,102691.87,107207.24,102681.42,102704.42,102701.7,102680.28
624184.022614928,11597,102688.75,98182.62,102689.78,107211.26,102678.66,102691.27,102701.7,102687.28
624184.043061872,11598,102687.97,98200.87,102678.74,107199.21,102683.54,102692.34,102689.59,102694.28
624184.063672974,11599,102682.88,98217.06,102674.72,107207.24,102677.6,102684.28,102686.37,102696.37
624184.084443797,11600,102697.07,98245.4,102690.82,107200.33,102674.41,102692.34,102696.59,102695.33
624184.108430064,11601,102702.94,98277.79,102678.74,107205.47,102683.54,102698.25,102683.4,102696.37
624184.128977519,11602,102684.74,98285.89,102691.87,107216.4,102676.54,102696.36,102695.52,102680.28
624184.149510964,11603,102687.97,98309.15,102682.77,107210.14,102674.41,102685.1,102697.67,102691.3
624184.16997295,11604,102685.81,98334.47,102685.75,107211.26,102673.56,102683.21,102702.78,102701.28
624184.190756012,11605,102684.74,98354.71,102681.72,107211.26,102684.61,102688.31,102701.7,102674.16
624184.211314044,11606,102684.74,98373.93,102679.63,107215.28,102672.5,102700.39,102689.59,102682.21
624184.231851124,11607,102681.8,98387.1,102680.68,107209.49,102668.47,102696.36,102696.59,102686.23
624184.252395695,11608,102684.74,98411.4,102681.72,107211.26,102668.47,102691.27,102698.74,102679.23
624184.276514382,11609,102678.86,98427.59,102690.82,107215.28,102676.54,102698.25,102700.63,102690.26
624184.296943508,11610,102694.92,98451.88,102685.75,107204.35,102682.48,102692.34,102701.7,102691.3
624184.317558607,11611,102676.71,98455.93,102690.82,107215.28,102660.39,102696.36,102704.66,102678.18
624184.338176659,11612,102690.61,98476.18,102693.8,107213.51,102681.63,102691.27,102700.63,102686.23
624184.358728321,11613,102680.72,98508.57,102672.62,107214.63,102677.6,102683.21,102696.59,102680.28
624184.379098338,11614,102685.81,98509.6,102695.74,107215.28,102673.56,102687.24,102696.59,102677.14
624184.39976885,11615,102684.74,98540.96,102680.68,107215.28,102669.53,102698.25,102696.59,102692.35
624184.420146589,11616,102686.89,98549.06,102682.77,107215.28,102673.35,102689.13,102701.7,102686.23
624184.444458488,11617,102686.89,98565.25,102700.97,107229.59,102676.54,102691.27,102695.52,102694.28
624184.464990861,11618,102685.81,98572.32,102687.84,107219.3,102668.47,102696.36,102700.63,102686.23
624184.485661323,11619,102681.8,98595.58,102691.87,107209.49,102663.37,102688.31,102687.44,102677.14
624184.506055977,11620,102690.9,98601.69,102682.77,107228.46,102678.45,102696.36,102696.59,102690.26
624184.526639127,11621,102692.76,98609.79,102699.93,107214.16,102681.63,102690.2,102701.7,102679.23
624184.547104739,11622,102683.66,98636.15,102677.7,107215.28,102675.47,102694.22,102691.48,102690.26
624184.567808391,11623,102681.8,98646.23,102690.82,107214.16,102673.35,102694.22,102697.67,102676.09
624184.589168986,11624,102683.66,98650.28,102683.82,107216.4,102672.5,102696.36,102700.63,102690.26
624184.612465349,11625,102683.95,98673.54,102681.72,107219.3,102659.33,102691.27,102693.63,102698.3
624184.632648304,11626,102685.81,98695.85,102685.75,107227.34,102681.63,102682.14,102694.7,102686.23
624184.653597848,11627,102686.89,98694.82,102685.75,107215.28,102679.51,102698.25,102693.63,102689.21
624184.674061106,11628,102678.86,98775.8,102691.87,107224.44,102678.45,102684.28,102698.74,102680.28
624184.694684707,11629,102674.85,99877.26,102691.87,107211.26,102675.47,102688.31,102700.63,102682.21
624184.7151315,11630,102678.86,100179.06,102681.72,107223.32,102678.45,102696.36,102703.59,102679.23
624184.735998379,11631,102684.74,100225.57,102677.7,107215.28,102693.74,102684.03,102708.7,102679.23
624184.75943265,11632,102686.89,100247.91,102689.78,107216.4,102671.44,102686.99,102692.55,102695.33
624184.780442285,11633,102686.89,100252.87,102681.72,107235.38,102668.47,102702.28,102692.55,102677.14
624184.80047352,11634,102689.04,100257.97,102682.77,107224.44,102671.44,102689.13,102710.85,102694.28
624184.821522995,11635,102686.89,100267.12,102675.6,107229.59,102668.47,102700.39,102693.63,102688.32
624184.84540232,11636,102692.76,100282.27,102678.74,107220.42,102666.34,102685.35,102690.67,102692.35
624184.862840253,11637,102695.99,100280.31,102681.72,107224.44,102668.47,102688.31,102702.78,102694.28
624184.882844457,11638,102680.72,100282.27,102682.77,107227.34,102672.5,102692.34,102695.78,102692.35
624184.903880351,11639,102692.76,100281.22,102683.82,107227.34,102680.57,102694.22,102704.93,102686.23
624184.927444459,11640,102679.65,100282.27,102686.8,107220.42,102669.53,102696.36,102686.63,102687.28
624184.947905835,11641,102678.86,100278.22,102689.78,107229.59,102668.47,102681.07,102698.74,102687.28
624184.968560402,11642,102697.85,100294.42,102685.75,107216.4,102668.47,102688.31,102706.82,102688.32
624184.989698752,11643,102691.98,100294.42,102677.7,107231.36,102680.57,102690.2,102714.89,102691.3
624185.00960653,11644,102684.74,100306.57,102689.78,107222.67,102663.37,102697.43,102701.7,102678.18
624185.031006675,11645,102693.84,100318.72,102693.8,107231.36,102676.54,102692.34,102698.74,102691.3
624185.050781993,11646,102674.85,100321.73,102686.8,107233.6,102682.48,102689.13,102692.55,102691.3
624185.072050179,11647,102686.89,100326.82,102686.8,107223.32,102672.5,102686.17,102685.55,102688.32
624185.0954578,11648,102679.94,100330.87,102681.72,107233.6,102680.57,102688.31,102702.78,102680.28
624185.11601491,11649,102684.74,100328.78,102686.8,107231.36,102670.38,102684.28,102711.93,102690.26
624185.136550769,11650,102686.89,100338.97,102679.79,107227.34,102667.4,102692.34,102703.85,102686.23
624185.156957612,11651,102686.89,100350.08,102682.77,107220.42,102666.34,102703.35,102698.74,102692.35
624185.178170283,11652,102687.97,100356.22,102702.91,107223.32,102684.61,102698.5,102699.82,102686.23
624185.198664128,11653,102686.89,100356.22,102699.93,107217.53,102681.63,102691.27,102698.74,102682.21
624185.218730316,11654,102692.76,100359.23,102689.78,107219.3,102685.67,102691.27,102693.63,102688.32
624185.239753581,11655,102684.74,100367.33,102684.7,107221.55,102679.51,102684.28,102702.78,102682.21
624185.263567106,11656,102686.89,100371.38,102685.75,107221.55,102674.41,102700.39,102702.78,102687.28
624185.283973889,11657,102678.86,100397.78,102690.82,107229.59,102665.28,102699.32,102700.89,102687.28
624185.306096537,11658,102677.79,100403.78,102681.72,107228.46,102675.47,102692.34,102693.63,102680.28
624185.324984894,11659,102686.89,100419.98,102682.77,107242.77,102679.51,102692.34,102697.67,102691.3
624185.345622526,11660,102689.04,100419.98,102689.78,107239.87,102684.61,102695.29,102708.97,102694.28
624185.3660633,11661,102682.88,100422.08,102673.67,107223.32,102669.53,102680.25,102700.89,102675.21
624185.386688894,11662,102680.72,100426.13,102677.7,107233.6,102679.51,102694.48,102695.78,102694.28
624185.407159533,11663,102686.89,100436.18,102683.66,107229.59,102689.49,102700.39,102701.7,102701.28
624185.431473125,11664,102680.72,100445.33,102682.77,107221.55,102666.34,102692.34,102708.7,102696.37
624185.452441828,11665,102682.88,100454.48,102674.72,107227.34,102675.47,102682.14,102706.82,102690.26
624185.472533544,11666,102685.81,100457.48,102685.75,107228.46,102671.44,102688.31,102693.63,102696.37
624185.493068852,11667,102678.86,100460.49,102689.78,107233.6,102676.54,102686.17,102695.78,102694.28
624185.513624029,11668,102670.84,100469.64,102691.87,107216.4,102677.39,102692.34,102698.74,102688.32
624185.534355633,11669,102676.71,100472.64,102685.75,107225.57,102675.47,102696.36,102702.78,102678.18
624185.554715375,11670,102681.8,100490.94,102677.7,107229.59,102675.47,102690.45,102698.74,102696.37
624185.575093174,11671,102693.84,100509.09,102693.8,107225.57,102679.51,102692.34,102705.74,102696.37
624185.5994626,11672,102686.89,100509.09,102691.87,107226.69,102673.35,102699.32,102694.7,102678.18
624185.620022615,11673,102686.89,100502.04,102691.87,107228.46,102658.27,102683.21,102689.59,102680.28
624185.640573936,11674,102692.76,100516.14,102681.72,107227.34,102668.47,102688.31,102698.74,102694.28
624185.661127792,11675,102689.04,100533.39,102685.75,107229.59,102677.39,102696.36,102696.59,102696.37
624185.684749887,11676,102694.92,100529.34,102690.82,107225.57,102677.39,102688.31,102694.7,102688.32
624185.702153699,11677,102685.03,100535.49,102690.82,107225.57,102667.4,102684.28,102695.78,102680.28
624185.72276431,11678,102694.92,100546.59,102681.72,107225.57,102674.41,102686.17,102694.7,102686.23
624185.743087296,11679,102695.99,100548.55,102690.82,107223.32,102676.54,102682.14,102704.93,102688.32
624185.76749526,11680,102677.79,100557.7,102682.77,107229.59,102678.45,102693.41,102694.7,102687.28
624185.787929434,11681,102689.83,100549.6,102684.7,107229.59,102675.47,102689.13,102699.82,102689.37
624185.808600497,11682,102686.89,100559.8,102689.78,107225.57,102675.47,102692.34,102695.78,102675.21
624185.82906006,11683,102688.75,100571.95,102683.82,107225.57,102678.45,102690.2,102698.74,102687.28
624185.849662128,11684,102678.86,100577.95,102681.72,107225.57,102678.45,102680.25,102696.85,102680.28
624185.87011462,11685,102674.85,100584.1,102681.72,107230.71,102675.47,102683.21,102694.7,102679.23
624185.890784441,11686,102687.97,100573.9,102680.68,107225.57,102673.56,102686.17,102696.59,102689.37
624185.914522582,11687,102686.89,100588.15,102688.73,107232.48,102685.67,102696.36,102686.63,102680.12
624185.93551405,11688,102680.72,100587.1,102671.58,107229.59,102670.59,102695.29,102701.7,102683.25
624185.9560185,11689,102690.9,100602.25,102676.65,107230.71,102667.4,102693.41,102694.7,102678.18
624185.976597093,11690,102686.6,100612.45,102690.82,107221.55,102663.37,102692.34,102704.93,102678.18
624185.997018669,11691,102686.89,100616.5,102689.78,107229.59,102675.47,102693.41,102700.89,102688.32
624186.017679926,11692,102687.97,100619.5,102691.87,107219.77,102679.51,102691.27,102700.89,102686.23
624186.03812688,11693,102684.74,100615.45,102679.79,107223.32,102668.47,102683.21,102698.74,102688.16
624186.058726534,11694,102686.89,100632.71,102690.82,107220.42,102671.44,102689.13,102698.74,102686.23
624186.082474891,11695,102694.92,100636.76,102681.72,107232.48,102669.32,102687.24,102698.74,102691.3
624186.103542814,11696,102685.81,100642.76,102679.63,107232.48,102671.44,102692.34,102697.67,102683.25
624186.123569342,11697,102678.86,100648.91,102679.63,107216.4,102677.6,102684.28,102704.93,102676.25
624186.144626839,11698,102691.98,100653.86,102690.82,107217.53,102674.41,102685.1,102694.7,102681.32
624186.164811556,11699,102687.97,100661.06,102682.77,107215.28,102678.45,102684.28,102698.74,102688.32
624186.185791135,11700,102686.89,100667.06,102682.77,107233.6,102661.46,102691.27,102702.78,102697.42
624186.206118188,11701,102694.92,100667.06,102682.77,107225.57,102675.47,102691.27,102694.7,102683.25
624186.226772224,11702,102679.94,100675.16,102681.72,107232.48,102678.45,102695.29,102698.48,102679.23
624186.250481051,11703,102694.92,100675.16,102689.78,107220.42,102673.56,102692.34,102690.67,102687.28
624186.271515343,11704,102694.92,100683.26,102680.68,107219.77,102678.66,102684.28,102710.85,102692.35
624186.291558626,11705,102686.89,100695.41,102677.7,107234.73,102664.43,102691.27,102698.74,102689.37
624186.312618297,11706,102685.81,100695.41,102677.7,107218.65,102684.61,102692.34,102705.74,102691.3
624186.3327147,11707,102686.89,100703.52,102685.75,107225.57,102676.54,102686.17,102694.7,102698.46
624186.355203272,11708,102686.89,100700.52,102681.72,107222.67,102674.62,102681.07,102697.67,102692.35
624186.37415225,11709,102687.97,100703.52,102682.77,107221.55,102669.32,102693.41,102703.85,102688.32
624186.394794239,11710,102686.89,100723.77,102690.82,107220.42,102671.44,102689.13,102695.78,102680.28
624186.41849958,11711,102682.88,100719.72,102690.82,107225.57,102675.47,102692.34,102703.85,102683.25
624186.438922347,11712,102676.71,100729.92,102687.68,107215.28,102674.41,102686.17,102691.74,102684.3
624186.459700312,11713,102681.8,100720.77,102682.77,107225.57,102685.67,102699.32,102694.7,102687.28
624186.480091311,11714,102690.9,100738.02,102692.92,107233.6,102668.47,102695.04,102698.74,102695.33
624186.502212577,11715,102681.01,100735.92,102682.77,107225.57,102678.45,102692.34,102696.59,102680.28
624186.521808504,11716,102680.72,100744.02,102691.87,107222.67,102680.57,102695.29,102690.67,102688.32
624186.541853249,11717,102686.89,100751.23,102689.78,107217.53,102679.51,102691.27,102694.7,102695.33
624186.562891256,11718,102694.92,100744.02,102681.72,107221.55,102671.44,102693.15,102694.7,102691.3
624186.586492911,11719,102676.71,100770.43,102678.74,107215.28,102684.61,102686.17,102700.63,102687.28
624186.607072636,11720,102684.74,100762.33,102685.75,107218.65,102677.39,102696.11,102701.7,102681.32
624186.627683277,11721,102680.72,100767.27,102681.72,107218.65,102679.51,102700.39,102694.7,102688.32
624186.648147817,11722,102680.72,100770.43,102684.7,107221.55,102678.45,102700.39,102702.78,102673.28
624186.668800181,11723,102692.76,100782.58,102678.74,107219.77,102678.66,102684.28,102695.78,102692.35
624186.689186243,11724,102676.71,100786.63,102681.72,107226.69,102684.61,102694.22,102699.82,102676.25
624186.710090038,11725,102698.93,100784.53,102689.78,107215.28,102679.72,102684.28,102695.78,102679.23
624186.730198399,11726,102692.76,100794.73,102672.62,107219.77,102673.56,102695.29,102705.74,102681.32
624186.754499412,11727,102685.81,100787.53,102689.78,107229.59,102678.66,102688.31,102694.7,102688.32
624186.77498231,11728,102673.77,100796.68,102678.74,107220.42,102674.41,102701.21,102694.7,102680.28
624186.795602055,11729,102697.07,100802.84,102689.78,107217.53,102677.6,102689.13,102702.78,102687.28
624186.816562966,11730,102697.07,100810.94,102681.72,107215.28,102680.57,102690.2,102699.82,102687.28
624186.83678495,11731,102677.79,100808.83,102684.7,107225.57,102671.44,102692.34,102685.55,102688.32
624186.857211342,11732,102695.99,100808.83,102690.82,107217.53,102672.5,102685.35,102702.78,102684.3
624186.877726008,11733,102686.89,100817.99,102680.68,107213.51,102668.47,102682.14,102696.59,102684.3
624186.898272623,11734,102685.81,100824.14,102689.78,107217.53,102677.6,102686.99,102696.85,102694.28
624186.922539003,11735,102686.89,100810.94,102685.75,107221.55,102673.35,102688.31,102698.74,102690.26
624186.944125109,11736,102686.89,100835.24,102671.58,107221.55,102679.51,102680.25,102699.82,102688.32
624186.963713014,11737,102684.74,100832.08,102691.87,107216.4,102661.46,102694.22,102694.7,102685.18
624186.984163233,11738,102678.86,100837.19,102690.82,107217.53,102679.51,102691.27,102690.67,102686.39
624187.00465881,11739,102688.75,100834.19,102686.8,107217.53,102677.6,102689.13,102702.78,102691.3
624187.025203672,11740,102689.83,100847.39,102682.77,107217.53,102679.51,102700.39,102690.67,102690.42
624187.046206556,11741,102690.9,100845.29,102682.77,107221.55,102660.39,102692.34,102696.85,102679.23
624187.066229789,11742,102689.04,100851.44,102683.82,107217.53,102676.54,102699.32,102698.74,102676.25
624187.090537211,11743,102679.94,100845.29,102691.87,107220.42,102677.6,102683.21,102703.85,102693.39
624187.111079379,11744,102684.74,100849.34,102689.78,107217.53,102669.53,102699.32,102696.85,102694.28
624187.131657902,11745,102677.79,100866.6,102675.76,107210.61,102673.56,102690.2,102702.78,102690.26
624187.152100098,11746,102686.89,100859.55,102682.77,107216.4,102681.63,102696.36,102699.82,102692.35
624187.172772773,11747,102678.86,100857.44,102682.77,107213.51,102683.54,102692.34,102698.74,102680.28
624187.193262582,11748,102682.88,100867.65,102681.72,107217.53,102675.47,102692.34,102694.7,102686.23
624187.21375228,11749,102691.98,100873.64,102682.77,107213.51,102689.7,102689.13,102699.82,102678.18
624187.237906701,11750,102686.89,100877.85,102682.77,107217.53,102677.6,102696.36,102703.85,102688.32
624187.258537192,11751,102686.89,100878.75,102683.82,107222.67,102668.47,102678.11,102690.67,102679.23
624187.279063215,11752,102697.07,100877.7,102685.75,107212.39,102669.53,102689.38,102695.78,102686.23
624187.299602148,11753,102682.88,100874.7,102680.68,107213.51,102667.4,102687.24,102693.63,102692.35
624187.320238028,11754,102689.04,100887.9,102689.78,107209.49,102676.54,102689.13,102702.78,102688.32
624187.340686364,11755,102682.88,100881.75,102691.87,107203.69,102667.4,102688.31,102692.82,102692.35
624187.361146848,11756,102678.86,100889.85,102681.72,107216.4,102667.4,102683.21,102692.55,102676.25
624187.381897371,11757,102689.04,100889.85,102690.82,107209.49,102681.63,102688.31,102702.78,102680.28
624187.40550902,11758,102679.94,100889.85,102681.72,107219.77,102676.54,102687.24,102694.7,102678.18
624187.426616673,11759,102678.86,100894.95,102681.72,107216.4,102677.6,102692.34,102698.74,102695.33
624187.446719226,11760,102686.89,100904.11,102689.78,107219.77,102661.46,102688.31,102694.7,102691.3
624187.467773058,11761,102677.79,100899.89,102682.77,107209.49,102680.57,102698.5,102698.74,102678.18
624187.488195034,11762,102687.97,100911.15,102686.8,107211.73,102677.6,102685.1,102695.78,102695.33
624187.508762419,11763,102687.97,100913.26,102679.79,107213.51,102671.44,102691.27,102698.74,102674.16
624187.529158957,11764,102690.9,100900.05,102690.82,107214.63,102676.54,102687.24,102691.74,102681.32
624187.551175264,11765,102701.08,100912.21,102685.75,107209.49,102680.57,102692.34,102702.78,102692.35
624187.573500889,11766,102681.01,100920.31,102681.72,107214.63,102677.6,102687.24,102695.78,102688.32
624187.594707672,11767,102689.04,100923.31,102682.77,107205.47,102668.47,102684.28,102710.85,102695.33
624187.6146878,11768,102686.89,100923.31,102681.72,107213.51,102679.51,102697.43,102701.7,102688.32
624187.63570127,11769,102676.71,100926.3,102684.86,107202.57,102676.54,102692.34,102686.63,102692.35
624187.655678924,11770,102683.95,100928.41,102689.78,107218.65,102676.54,102686.17,102688.78,102688.32
624187.676755019,11771,102682.88,100925.25,102682.77,107209.49,102687.58,102688.31,102700.89,102679.23
624187.697186369,11772,102690.9,100931.41,102689.78,107201.45,102678.66,102683.21,102702.78,102687.28
624187.717992757,11773,102686.89,100927.36,102682.77,107219.77,102669.53,102698.5,102706.82,102693.39
624187.741519579,11774,102682.88,100922.25,102683.82,107211.73,102675.47,102694.48,102694.7,102689.37
624187.762064911,11775,102678.86,100928.41,102678.74,107205.47,102668.47,102688.31,102702.78,102690.26
624187.782655262,11776,102692.76,100940.56,102687.84,107211.73,102665.49,102693.15,102695.78,102680.28
624187.803238722,11777,102686.89,100934.41,102683.82,107209.49,102680.57,102686.17,102698.74,102687.28
624187.823809383,11778,102678.86,100938.46,102687.84,107201.45,102681.63,102686.17,102703.85,102689.37
624187.84487374,11779,102687.97,100940.56,102690.82,107221.55,102677.6,102692.34,102697.67,102684.3
624187.864926798,11780,102678.86,100940.56,102681.72,107214.63,102685.67,102688.31,102692.82,102676.25
624187.885910624,11781,102678.86,100944.61,102679.79,107195.65,102673.56,102691.27,102704.93,102687.28
624187.909544277,11782,102694.92,100942.51,102681.72,107203.69,102673.56,102684.28,102705.74,102688.32
624187.930054937,11783,102687.97,100950.61,102673.67,107210.61,102665.28,102691.27,102702.78,102696.37
624187.950629053,11784,102686.89,100946.56,102678.74,107205.47,102656.36,102688.31,102695.78,102687.28
624187.971126143,11785,102678.86,100955.71,102689.78,107211.73,102676.54,102688.31,102694.7,102672.23
624187.991735812,11786,102686.89,100956.77,102690.82,107201.45,102660.39,102692.34,102695.78,102692.35
624188.012167112,11787,102682.88,100966.81,102691.87,107194.53,102673.35,102687.24,102698.74,102690.26
624188.03276178,11788,102682.88,100964.87,102689.78,107202.57,102675.47,102692.34,102703.85,102689.37
624188.053194662,11789,102700.01,100958.71,102697.83,107201.45,102653.39,102692.34,102690.67,102688.32
624188.077539591,11790,102685.81,100960.82,102682.77,107211.73,102670.59,102687.24,102696.85,102686.23
624188.098017341,11791,102690.9,100975.08,102699.93,107201.45,102671.44,102687.24,102699.82,102681.32
624188.118633421,11792,102678.86,100968.76,102691.87,107198.55,102674.62,102692.34,102699.82,102688.32
624188.139084391,11793,102686.89,100975.97,102675.76,107195.65,102682.69,102693.41,102692.55,102684.3
624188.159724837,11794,102694.92,100976.13,102682.77,107209.49,102674.41,102691.27,102697.67,102693.39
624188.180187474,11795,102682.88,100978.96,102681.72,107211.73,102683.54,102693.15,102695.78,102680.28
624188.201076827,11796,102685.03,100974.91,102681.72,107202.57,102681.63,102688.06,102699.82,102688.32
624188.221229316,11797,102681.01,100982.13,102683.82,107211.73,102685.67,102692.34,102699.82,102692.35
624188.245546683,11798,102691.98,100971.92,102687.84,107207.71,102670.38,102684.28,102694.7,102689.37
624188.26599595,11799,102686.89,100992.17,102678.74,107194.53,102672.5,102696.36,102704.93,102687.28
624188.286648495,11800,102691.98,100980.02,102682.77,107203.69,102685.67,102692.34,102695.78,102692.35
624188.307071442,11801,102694.92,100993.22,102690.82,107190.51,102677.6,102684.28,102692.82,102690.26
624188.327711618,11802,102690.9,100989.17,102686.8,107201.45,102677.6,102686.42,102696.85,102696.37
624188.348149969,11803,102682.88,101000.27,102689.78,107211.73,102676.54,102692.34,102704.93,102686.23
624188.368808302,11804,102694.92,100993.22,102679.79,107205.47,102669.53,102692.34,102707.89,102687.28
624188.392958617,11805,102686.89,101001.33,102681.72,107198.55,102677.6,102690.45,102700.89,102676.25
624188.413617912,11806,102689.04,100993.22,102682.77,107194.53,102674.62,102694.22,102699.82,102688.32
624188.434012977,11807,102683.95,100991.12,102677.7,107199.67,102674.41,102679.18,102694.7,102680.28
624188.455208413,11808,102690.12,101005.38,102684.7,107189.39,102667.4,102696.36,102698.74,102679.23
624188.475006956,11809,102686.89,101001.33,102681.72,107197.43,102682.69,102693.41,102702.78,102688.32
624188.495836017,11810,102690.9,101005.38,102682.77,107195.65,102669.53,102692.34,102694.7,102693.39
624188.516183901,11811,102679.94,101005.38,102689.78,107194.53,102676.54,102691.27,102694.7,102683.25
624188.536770035,11812,102669.76,100999.22,102689.78,107189.39,102676.54,102692.34,102702.78,102696.37
624188.560934631,11813,102681.01,101011.37,102683.82,107190.51,102672.5,102692.34,102696.59,102688.32
624188.581560877,11814,102689.04,101008.37,102683.82,107194.53,102667.4,102687.24,102688.78,102680.28
624188.602079679,11815,102681.8,101007.32,102683.82,107190.51,102684.61,102692.34,102699.82,102687.28
624188.622776571,11816,102682.88,101017.53,102681.72,107192.29,102670.59,102696.36,102696.85,102696.37
624188.643045996,11817,102687.97,101020.53,102682.77,107185.37,102677.6,102692.34,102698.74,102684.3
624188.663848828,11818,102686.89,101019.47,102675.6,107190.51,102674.62,102697.18,102702.78,102698.46
624188.684135148,11819,102679.94,101022.64,102683.82,107185.37,102683.76,102691.27,102694.7,102695.33
624188.704907955,11820,102697.07,101016.48,102681.72,107203.69,102666.34,102692.34,102694.7,102688.32
624188.728527096,11821,102687.97,101027.57,102687.84,107190.51,102677.6,102692.34,102703.85,102690.42
624188.749642651,11822,102685.03,101033.73,102683.82,107189.39,102685.67,102683.21,102694.7,102680.28
624188.770106671,11823,102686.89,101028.63,102675.76,107187.61,102679.51,102692.34,102703.85,102688.32
624188.790710332,11824,102682.88,101019.47,102689.78,107195.65,102668.47,102684.28,102694.7,102692.35
624188.811126298,11825,102686.89,101029.68,102686.8,107189.39,102680.57,102686.17,102693.63,102676.25
624188.833206563,11826,102683.95,101029.68,102677.7,107183.59,102677.6,102691.27,102690.67,102693.39
624188.852231055,11827,102700.01,101037.78,102677.7,107183.59,102667.4,102685.35,102695.78,102684.3
624188.872823989,11828,102687.97,101035.68,102681.72,107185.37,102677.6,102684.28,102694.7,102690.26
624188.896541229,11829,102686.89,101041.84,102674.72,107186.49,102681.63,102687.24,102707.89,102680.28
624188.917591625,11830,102689.04,101035.68,102685.75,107178.45,102676.54,102693.41,102699.82,102698.46
624188.939116329,11831,102689.04,101051.88,102679.79,107187.61,102669.53,102694.48,102713.0,102680.28
624188.958723152,11832,102672.99,101045.89,102675.76,107169.29,102673.56,102691.27,102699.82,102686.23
624188.978717351,11833,102685.03,101043.78,102681.72,107170.41,102664.43,102692.34,102703.85,102688.32
624188.999758544,11834,102686.89,101045.89,102683.82,107191.63,102678.66,102690.45,102703.85,102689.37
624189.020198927,11835,102679.94,101053.99,102682.77,107179.57,102678.66,102696.36,102696.85,102689.37
624189.040858463,11836,102687.97,101045.89,102690.82,107171.53,102672.5,102687.24,102696.85,102678.18
624189.064562552,11837,102685.03,101049.94,102682.77,107186.49,102675.69,102691.27,102698.74,102680.28
624189.085037048,11838,102685.03,101059.98,102682.77,107183.59,102669.53,102687.24,102696.85,102697.42
624189.105671044,11839,102685.81,101056.99,102672.62,107173.31,102679.72,102691.27,102699.82,102680.28
624189.12619858,11840,102691.98,101055.04,102677.7,107177.33,102683.54,102696.36,102706.82,102689.37
624189.146704162,11841,102681.01,101062.09,102691.87,107176.21,102681.63,102684.03,102698.74,102682.37
624189.167796692,11842,102679.94,101063.15,102679.79,107179.57,102677.6,102694.48,102696.85,102682.37
624189.187821147,11843,102683.95,101059.09,102685.75,107171.53,102677.6,102701.46,102694.7,102685.35
624189.208868439,11844,102689.04,101066.14,102685.75,107177.33,102677.6,102687.24,102698.74,102689.37
624189.232550656,11845,102687.97,101061.04,102690.82,107170.41,102664.43,102698.25,102694.7,102688.32
624189.253047705,11846,102678.86,101078.29,102695.9,107175.55,102669.53,102680.25,102694.7,102691.3
624189.273795754,11847,102674.85,101068.08,102683.82,107177.33,102685.67,102681.32,102702.78,102693.39
624189.294117088,11848,102686.89,101076.35,102686.8,107168.17,102668.47,102685.35,102700.89,102676.25
624189.314937086,11849,102679.94,101076.19,102691.87,107158.35,102681.63,102700.39,102703.85,102697.42
624189.335394245,11850,102682.88,101078.29,102678.74,107153.21,102674.62,102698.25,102703.85,102688.32
624189.356091357,11851,102685.03,101086.4,102682.77,107451.8,102669.53,102694.48,102699.82,102680.28
624189.376595758,11852,102687.97,101073.19,102676.65,107517.25,102675.47,102681.32,102699.82,102680.28
624189.400593732,11853,102678.86,101084.29,102681.72,107508.08,102674.41,102684.28,102694.7,102687.28
624189.421061117,11854,102683.95,101078.29,102675.76,107509.21,102672.5,102680.25,102704.93,102680.28
624189.441695754,11855,102685.03,101079.35,102682.77,107501.17,102677.6,102697.43,102698.74,102696.37
624189.462297232,11856,102689.04,101078.29,102674.72,107493.13,102676.54,102692.34,102696.85,102680.28
624189.482843285,11857,102683.95,101095.55,102678.74,107493.13,102672.5,102693.41,102690.67,102688.32
624189.503278672,11858,102691.98,101081.29,102679.79,107493.13,102676.54,102692.34,102702.78,102697.42
624189.524042735,11859,102693.06,101087.45,102677.7,107469.01,102681.63,102692.34,102696.85,102696.37
624189.544455337,11860,102687.97,101092.39,102690.82,107463.86,102684.61,102688.31,102704.93,102689.37
624189.568578029,11861,102687.97,101092.39,102683.82,107469.01,102672.5,102692.34,102695.78,102683.25
624189.589038314,11862,102682.88,101085.34,102674.72,107452.92,102677.6,102691.27,102702.78,102684.3
624189.609884521,11863,102686.89,101098.55,102689.78,107450.68,102678.66,102689.38,102694.7,102680.28
624189.630198984,11864,102689.04,101094.5,102676.65,107439.74,102681.63,102693.41,102698.74,102680.28
624189.6507995,11865,102689.04,101102.6,102678.74,107444.88,102681.63,102693.41,102699.82,102696.37
624189.671252053,11866,102689.04,101101.55,102682.77,107427.68,102685.67,102700.39,102694.7,102688.32
624189.691842473,11867,102687.97,101101.55,102682.77,107432.82,102673.56,102688.31,102704.93,102690.42
624189.715964796,11868,102685.81,101094.5,102686.8,107428.8,102677.6,102680.25,102701.97,102682.37
624189.736594906,11869,102689.04,101094.5,102690.82,107424.78,102672.5,102693.41,102700.89,102687.28
624189.757070473,11870,102686.89,101097.49,102681.72,107420.76,102678.66,102688.31,102706.82,102692.35
624189.777683899,11871,102683.95,101102.6,102685.75,107416.74,102677.6,102687.24,102696.85,102684.3
624189.798186967,11872,102687.97,101093.44,102674.72,107403.56,102673.56,102693.41,102702.78,102692.35
624189.819380571,11873,102689.04,101102.6,102678.74,107411.6,102675.47,102701.46,102694.7,102695.33
624189.839266305,11874,102697.07,101111.76,102690.82,107396.64,102685.67,102692.34,102700.63,102680.28
624189.859888314,11875,102689.04,101112.81,102681.72,107412.72,102656.36,102684.28,102694.7,102690.42
624189.883667818,11876,102685.03,101102.6,102683.82,107403.56,102679.72,102696.36,102698.74,102677.3
624189.904615319,11877,102679.94,101107.71,102681.72,107392.62,102676.54,102688.31,102694.7,102680.28
624189.925070364,11878,102697.07,101118.8,102682.77,107396.64,102673.56,102674.09,102696.85,102679.23
624189.945680615,11879,102681.01,101118.8,102678.74,107404.68,102671.44,102686.17,102694.7,102680.28
624189.966166838,11880,102682.88,101111.76,102677.7,107380.56,102683.76,102694.48,102707.89,102688.32
624189.986758411,11881,102682.88,101118.8,102686.8,107388.6,102680.57,102692.34,102692.82,102689.37
624190.007225695,11882,102685.03,101106.65,102685.75,107379.44,102672.5,102688.31,102700.89,102677.3
624190.027846312,11883,102685.03,101118.8,102690.82,107388.6,102677.6,102692.34,102688.78,102678.35
624190.051591313,11884,102679.94,101122.86,102689.78,107372.52,102668.47,102688.31,102694.7,102680.28
624190.072616942,11885,102685.03,101126.91,102676.65,107380.56,102684.61,102700.39,102694.7,102688.32
624190.093276778,11886,102685.03,101118.8,102674.72,107384.58,102680.57,102686.17,102696.85,102680.28
624190.113781369,11887,102697.07,101116.86,102690.82,107380.56,102672.5,102691.27,102695.78,102679.23
624190.13382307,11888,102687.97,101126.91,102674.72,107368.5,102677.6,102704.42,102700.89,102688.32
624190.154722478,11889,102687.97,101126.91,102679.79,107370.28,102682.69,102692.34,102690.67,102688.32
624190.175199667,11890,102685.03,101120.75,102685.75,107372.52,102669.53,102692.34,102696.85,102693.39
624190.195913214,11891,102705.1,101126.02,102681.72,107363.36,102669.53,102692.34,102710.85,102685.35
624190.21956841,11892,102681.01,101130.96,102683.82,107348.4,102669.53,102692.34,102698.74,102681.32
624190.240681812,11893,102681.01,101122.86,102690.82,107364.48,102678.45,102692.34,102700.89,102690.42
624190.260644293,11894,102689.04,101135.01,102687.84,107350.18,102681.63,102688.31,102692.82,102689.37
624190.281733217,11895,102686.1,101139.06,102681.72,107364.48,102694.8,102696.36,102700.89,102682.37
624190.301727747,11896,102682.88,101140.12,102691.87,107352.42,102672.5,102686.17,102696.85,102689.37
624190.322813146,11897,102685.03,101153.32,102678.74,107352.42,102685.67,102689.38,102697.93,102684.3
624190.34323408,11898,102686.89,101143.11,102690.82,107360.46,102677.6,102695.29,102703.85,102680.28
624190.363862419,11899,102701.08,101132.9,102686.8,107340.37,102674.41,102691.27,102699.82,102680.28
624190.387599548,11900,102683.95,101135.01,102685.75,107347.28,102674.62,102684.28,102689.59,102688.32
624190.408040173,11901,102689.04,101135.01,102686.8,107340.37,102663.58,102692.34,102699.82,102684.3
624190.428689523,11902,102679.94,101136.06,102684.86,107344.38,102678.66,102684.28,102696.85,102679.23
624190.44912563,11903,102685.03,101147.16,102691.87,107334.1,102685.67,102692.34,102707.89,102680.28
624190.469751614,11904,102685.03,101147.16,102694.85,107332.33,102660.39,102700.39,102691.74,102690.42
624190.490831395,11905,102670.84,101140.12,102693.96,107347.28,102665.49,102683.21,102708.97,102692.35
624190.510799535,11906,102687.97,101143.11,102682.77,107344.38,102677.6,102692.34,102690.67,102688.32
624190.531830842,11907,102697.07,101144.17,102671.74,107336.35,102672.5,102691.27,102688.78,102692.35
624190.555587401,11908,102686.89,101141.17,102679.79,107335.22,102677.6,102688.31,102702.78,102684.3
624190.576068997,11909,102682.88,101142.06,102690.82,107334.57,102676.54,102692.34,102695.78,102692.35
624190.596742043,11910,102682.88,101139.06,102687.84,107332.33,102682.69,102696.36,102695.78,102680.28
624190.617121835,11911,102689.04,101143.11,102682.77,107332.33,102682.69,102701.46,102704.93,102681.32
624190.637763644,11912,102686.89,101150.16,102691.87,107325.41,102680.57,102700.39,102698.74,102684.3
624190.661143623,11913,102681.01,101151.21,102682.77,107328.31,102677.6,102698.25,102704.93,102690.42
624190.678725654,11914,102678.86,101152.27,102682.77,107320.27,102670.59,102684.28,102694.7,102688.32
624190.699348855,11915,102689.04,101159.32,102674.72,107323.16,102676.54,102684.28,102700.89,102692.35
624190.723606882,11916,102679.94,101168.47,102675.76,107320.27,102670.59,102702.53,102703.85,102689.37
624190.744082259,11917,102686.89,101156.32,102691.87,107324.29,102673.56,102692.34,102692.82,102687.28
624190.764683226,11918,102683.95,101159.32,102683.82,107320.27,102670.38,102688.31,102702.78,102680.28
624190.785131431,11919,102687.97,101163.37,102687.84,107324.29,102676.54,102693.41,102690.67,102692.51
624190.805847221,11920,102689.04,101159.32,102685.75,107319.14,102675.47,102697.43,102707.89,102680.28
624190.826223649,11921,102689.04,101157.37,102675.76,107322.51,102669.53,102693.41,102687.7,102697.42
624190.847174855,11922,102682.88,101160.37,102682.77,107312.23,102672.5,102694.48,102706.82,102696.37
624190.867277919,11923,102690.9,101162.31,102680.84,107308.21,102669.53,102686.42,102687.7,102696.37
624190.891625051,11924,102681.01,101155.26,102692.92,107311.1,102669.53,102684.28,102706.82,102697.42
624190.912106457,11925,102682.09,101159.32,102691.87,107313.35,102677.6,102697.43,102692.82,102678.18
624190.932814816,11926,102672.99,101168.47,102689.78,107312.88,102660.39,102695.29,102700.89,102700.56
624190.953245385,11927,102682.88,101160.37,102682.77,107308.21,102675.47,102696.36,102703.85,102692.35
624190.973757087,11928,102689.04,101168.47,102681.72,107313.35,102680.57,102694.48,102699.82,102673.28
624190.994293756,11929,102683.95,101167.42,102679.79,107300.17,102675.47,102693.41,102692.55,102681.32
624191.01491951,11930,102693.06,101176.57,102691.87,107317.37,102677.6,102694.48,102700.89,102686.39
624191.039044026,11931,102685.03,101167.42,102683.82,107300.17,102677.6,102684.28,102698.74,102688.32
624191.059675579,11932,102686.89,101173.58,102671.74,107300.17,102678.66,102690.45,102696.85,102690.42
624191.080100169,11933,102692.76,101167.42,102681.72,107301.29,102661.25,102696.36,102704.93,102696.37
624191.100861147,11934,102687.97,101158.26,102681.72,107300.17,102675.69,102692.34,102692.82,102696.37
624191.121143482,11935,102698.14,101169.53,102691.87,107300.17,102669.53,102697.43,102695.78,102696.37
624191.141896659,11936,102695.99,101177.63,102683.82,107300.17,102680.57,102702.53,102695.78,102694.44
624191.162705801,11937,102687.97,101167.42,102683.82,107292.13,102671.65,102693.41,102698.74,102688.32
624191.183130881,11938,102689.04,101183.62,102692.92,107292.13,102685.67,102693.41,102702.78,102688.32
624191.209091053,11939,102689.04,101175.52,102675.76,107312.23,102671.65,102694.48,102698.74,102680.28
624191.227654959,11940,102686.89,101183.62,102683.82,107288.11,102675.69,102688.31,102694.7,102693.39
624191.248207953,11941,102689.04,101183.62,102683.82,107286.98,102669.53,102703.6,102691.74,102698.46
624191.268721528,11942,102690.12,101179.57,102687.84,107294.37,102668.47,102696.36,102690.67,102694.44
624191.289143344,11943,102687.97,101175.52,102687.84,107284.09,102681.63,102693.41,102694.7,102681.32
624191.309860606,11944,102697.07,101179.57,102686.8,107292.13,102673.56,102696.36,102695.78,102682.37
624191.330306488,11945,102679.94,101171.47,102678.74,107289.23,102676.54,102696.36,102702.78,102691.3
624191.350896178,11946,102686.1,101184.68,102676.81,107292.13,102676.54,102687.24,102697.67,102690.42
624191.374619186,11947,102686.89,101175.52,102692.92,107292.13,102665.49,102692.34,102694.7,102682.37
624191.395685547,11948,102682.88,101189.78,102678.74,107292.13,102671.44,102692.34,102694.7,102688.32
624191.415785085,11949,102693.06,101183.62,102688.89,107289.23,102664.43,102685.35,102703.85,102682.37
624191.436758876,11950,102678.86,101195.77,102687.84,107292.13,102681.63,102688.31,102695.78,102684.3
624191.457262094,11951,102687.97,101182.57,102689.78,107282.31,102669.53,102687.24,102694.7,102681.32
624191.477872716,11952,102693.06,101191.72,102683.82,107280.07,102668.47,102696.36,102696.85,102689.37
624191.498294571,11953,102683.95,101182.57,102683.82,107285.21,102673.56,102684.28,102704.93,102684.3
624191.518926785,11954,102689.04,101183.62,102683.82,107286.98,102673.56,102688.31,102697.67,102680.28
624191.54264729,11955,102683.95,101183.62,102683.82,107280.07,102684.82,102696.36,102696.85,102671.18
624191.563720621,11956,102693.06,101191.72,102690.82,107285.21,102678.66,102694.48,102695.78,102676.25
624191.583753699,11957,102689.04,101191.72,102683.82,107281.84,102676.54,102700.39,102706.82,102682.37
624191.604838587,11958,102694.92,101197.89,102689.78,107280.07,102678.66,102684.28,102690.67,102693.39
624191.624918877,11959,102687.97,101187.67,102683.82,107278.94,102671.65,102690.2,102695.78,102685.35
624191.64587439,11960,102695.99,101200.88,102683.82,107272.03,102682.69,102684.28,102694.7,102694.44
624191.666351038,11961,102685.03,101201.94,102683.82,107280.07,102679.51,102692.34,102698.74,102688.32
624191.686867077,11962,102677.0,101191.72,102691.87,107266.88,102681.63,102696.36,102689.59,102689.37
624191.710615824,11963,102682.88,101197.71,102684.86,107268.01,102663.58,102683.21,102695.78,102682.37
624191.731134366,11964,102685.03,101191.72,102683.82,107269.13,102665.49,102694.48,102697.93,102677.3
624191.751704887,11965,102681.01,101199.83,102683.82,107270.25,102677.6,102682.14,102703.04,102680.28
624191.772134214,11966,102698.93,101200.88,102687.84,107272.03,102658.27,102692.34,102700.89,102680.28
624191.792876634,11967,102697.07,101198.77,102684.86,107263.99,102676.54,102692.34,102692.82,102682.37
624191.813966611,11968,102683.95,101205.99,102689.78,107281.19,102679.51,102688.31,102696.85,102674.32
624191.834142084,11969,102687.97,101193.66,102691.87,107263.99,102674.62,102688.31,102703.85,102681.32
624191.854849832,11970,102687.97,101196.83,102684.86,107259.97,102681.63,102702.53,102704.93,102684.3
624191.880112519,11971,102683.95,101205.82,102687.84,107259.97,102665.49,102702.28,102698.74,102680.28
624191.899107908,11972,102678.86,101198.77,102691.87,107257.07,102670.59,102692.34,102704.93,102699.51
624191.919810488,11973,102686.89,101204.93,102688.89,107255.95,102674.62,102682.39,102704.93,102678.35
624191.940179954,11974,102681.01,101203.88,102681.72,107259.97,102678.66,102692.34,102696.85,102688.32
624191.960835814,11975,102689.04,101208.98,102690.82,107255.95,102680.57,102693.41,102696.85,102688.32
624191.981221285,11976,102685.03,101206.87,102687.84,107259.97,102685.67,102688.31,102698.74,102682.21
624192.001943635,11977,102691.98,101199.83,102686.8,107259.97,102681.63,102692.34,102707.89,102693.39
624192.022937696,11978,102689.04,101197.71,102682.77,107255.95,102681.63,102700.39,102702.78,102689.37
624192.04664441,11979,102689.04,101200.88,102692.92,107251.93,102677.6,102691.27,102701.97,102682.37
624192.067122351,11980,102687.97,101213.92,102687.84,107255.95,102672.5,102692.34,102696.85,102693.39
624192.087781916,11981,102682.88,101218.14,102684.86,107261.09,102675.69,102684.28,102704.93,102696.37
624192.108459739,11982,102685.03,101216.03,102691.87,107254.17,102670.59,102696.36,102700.89,102680.28
624192.128951591,11983,102677.0,101206.87,102681.72,107251.93,102668.47,102696.36,102694.7,102676.25
624192.149232764,11984,102686.89,101207.93,102683.82,107254.17,102678.66,102685.35,102696.85,102689.37
624192.169953622,11985,102687.97,101208.98,102691.87,107253.05,102681.63,102685.35,102690.67,102698.46
624192.194056545,11986,102685.03,101220.08,102691.87,107243.89,102683.76,102701.46,102700.89,102685.35
624192.214655579,11987,102686.89,101220.08,102691.87,107235.85,102666.55,102692.34,102693.89,102694.44
624192.235191176,11988,102683.95,101216.03,102682.77,107231.83,102675.69,102700.39,102696.85,102681.32
624192.255750911,11989,102689.04,101223.08,102682.77,107226.03,102673.56,102687.24,102691.74,102680.28
624192.276224044,11990,102693.06,101218.14,102677.7,107224.91,102663.37,102692.34,102690.67,102690.42
624192.296820494,11991,102681.01,101213.92,102679.79,107220.89,102682.69,102688.31,102692.82,102680.28
624192.317346247,11992,102685.03,101216.03,102691.87,107211.73,102662.31,102684.28,102699.82,102681.32
624192.337987264,11993,102689.04,101211.98,102690.82,107203.69,102664.43,102692.34,102704.93,102688.32
624192.362033431,11994,102678.86,101227.13,102671.74,107195.65,102678.66,102688.31,102699.82,102689.37
624192.382704344,11995,102689.04,101232.23,102681.72,107203.69,102670.59,102688.31,102694.7,102694.44
624192.403153832,11996,102694.92,101220.08,102683.82,107203.69,102686.73,102688.31,102700.89,102692.35
624192.423721397,11997,102687.97,101230.3,102683.82,107188.73,102673.56,102692.34,102694.7,102677.3
624192.444237115,11998,102687.97,101233.29,102691.87,107188.73,102678.66,102684.28,102706.0,102690.42
624192.464853706,11999,102686.89,101232.23,102691.87,107191.63,102669.53,102684.28,102698.74,102688.32
624192.485341381,12000,102689.04,101223.08,102674.72,107191.63,102685.67,102692.34,102702.78,102682.37
624192.505872552,12001,102685.03,101232.23,102683.82,107184.71,102681.63,102692.34,102699.82,102688.32
624192.530080885,12002,102689.04,101229.24,102682.77,107187.61,102669.53,102692.34,102698.74,102682.21
624192.55070054,12003,102701.08,101234.35,102675.76,107171.53,102666.55,102692.34,102699.82,102675.21
624192.571123517,12004,102685.03,101240.34,102682.77,107171.53,102669.53,102700.39,102686.63,102685.35
624192.591737443,12005,102694.13,101238.22,102686.8,107180.69,102677.6,102687.49,102696.85,102688.32
624192.61226564,12006,102686.1,101237.34,102686.8,107179.57,102687.79,102682.14,102696.85,102698.46
624192.633169425,12007,102694.13,101232.23,102689.78,107171.53,102671.65,102694.48,102703.85,102680.28
624192.65329318,12008,102683.95,101252.49,102679.79,107175.55,102682.69,102688.31,102695.78,102692.35
624192.673907106,12009,102682.09,101232.23,102691.87,107155.45,102689.91,102693.41,102700.89,102681.32
624192.697638467,12010,102683.95,101247.38,102673.67,107163.49,102685.67,102688.31,102691.74,102688.32
624192.718669935,12011,102689.04,101253.55,102683.82,107168.63,102679.72,102693.41,102693.63,102687.44
624192.74065822,12012,102683.95,101238.22,102683.82,107172.65,102672.5,102684.28,102704.93,102686.39
624192.760167415,12013,102679.94,101244.39,102681.88,107159.47,102673.56,102688.31,102696.85,102686.39
624192.780283589,12014,102683.95,101234.17,102690.82,107155.45,102668.47,102681.32,102697.93,102684.3
624192.800838065,12015,102679.94,101236.29,102681.72,107162.37,102679.51,102692.34,102696.85,102690.42
624192.821248524,12016,102686.1,101248.44,102691.87,107159.47,102670.59,102693.41,102700.89,102689.37
624192.842097115,12017,102679.94,101256.54,102678.74,107157.69,102671.65,102688.31,102701.97,102688.32
624192.865653622,12018,102681.01,101250.38,102691.87,107155.45,102669.53,102688.31,102690.67,102692.51
624192.886772491,12019,102678.08,101257.6,102686.8,107143.39,102670.59,102691.27,102698.74,102696.37
624192.906701181,12020,102687.97,101240.34,102683.82,107141.61,102686.73,102693.41,102697.93,102681.32
624192.927764818,12021,102683.95,101248.44,102683.82,107139.37,102674.62,102691.27,102695.78,102690.42
624192.947811026,12022,102685.03,101258.65,102675.76,107147.41,102670.59,102691.27,102696.85,102676.25
624192.968849855,12023,102690.12,101255.48,102683.82,107132.45,102674.62,102694.48,102696.85,102680.28
624192.989718216,12024,102689.04,101253.55,102683.82,107145.63,102664.43,102683.21,102688.52,102682.37
624193.009897765,12025,102695.99,101253.55,102675.76,107136.47,102681.63,102692.34,102695.78,102678.35
624193.033715927,12026,102689.04,101255.48,102684.86,107139.37,102674.62,102685.35,102703.04,102682.37
624193.054149801,12027,102685.03,101248.44,102689.78,107129.55,102678.66,102688.31,102692.82,102686.39
624193.074743207,12028,102689.04,101258.65,102681.72,107135.35,102675.69,102688.31,102698.74,102689.37
624193.09590428,12029,102685.03,101265.7,102681.88,107132.45,102675.69,102689.38,102701.97,102681.32
624193.11584607,12030,102682.88,101265.7,102683.82,107131.33,102678.66,102688.31,102699.82,102689.37
624193.136872751,12031,102685.03,101270.81,102692.92,107131.33,102666.55,102691.27,102706.0,102681.32
624193.15689369,12032,102678.86,101265.7,102683.82,107133.57,102681.63,102686.42,102702.78,102684.3
624193.177909655,12033,102683.95,101262.71,102675.76,107125.53,102677.6,102690.45,102699.0,102682.37
624193.201710571,12034,102682.88,101272.75,102687.84,107116.37,102674.62,102688.31,102696.85,102688.32
624193.222152998,12035,102689.04,101268.69,102688.89,107125.53,102685.67,102691.27,102699.82,102682.37
624193.242814886,12036,102687.97,101269.75,102689.78,107123.29,102670.59,102694.48,102696.85,102698.46
624193.263220017,12037,102685.03,101273.8,102686.8,107125.53,102680.57,102688.31,102696.85,102682.37
624193.283843498,12038,102685.03,101273.8,102682.77,107116.37,102681.63,102689.38,102700.89,102684.3
624193.304372035,12039,102678.86,101271.86,102684.86,107116.37,102670.59,102684.28,102700.89,102677.3
624193.325042667,12040,102690.12,101264.64,102675.76,107107.21,102670.59,102692.34,102694.7,102674.32
624193.34627584,12041,102689.04,101260.59,102689.78,107108.33,102690.76,102692.34,102696.85,102692.35
624193.369706977,12042,102689.04,101262.53,102680.84,107103.65,102674.62,102682.14,102696.85,102690.42
624193.39020623,12043,102682.09,101272.75,102679.79,107116.37,102675.69,102690.2,102696.85,102682.37
624193.41081619,12044,102681.01,101269.75,102688.89,107104.31,102669.53,102692.34,102710.04,102680.28
624193.431239158,12045,102685.03,101272.75,102691.87,107108.33,102687.79,102693.41,102696.85,102685.35
624193.451867125,12046,102681.01,101279.79,102682.77,107105.43,102670.59,102692.34,102695.78,102697.42
624193.472372828,12047,102689.04,101276.8,102679.79,107108.33,102666.55,102684.28,102699.82,102680.28
624193.493052524,12048,102705.1,101272.75,102691.87,107109.45,102673.56,102692.34,102696.85,102680.28
624193.517085601,12049,102689.04,101287.01,102677.7,107111.23,102673.56,102685.35,102706.0,102689.37
624193.537662241,12050,102681.01,101278.91,102679.79,107113.47,102669.53,102685.35,102691.74,102672.23
624193.558155034,12051,102691.19,101280.85,102679.79,107112.35,102673.56,102693.41,102696.85,102690.42
624193.578773457,12052,102685.03,101280.85,102683.82,107103.19,102669.53,102686.17,102696.85,102688.32
624193.599267682,12053,102689.04,101278.73,102683.82,107109.45,102654.24,102688.31,102691.74,102698.46
624193.619798563,12054,102697.07,101287.01,102680.84,107108.33,102683.76,102696.36,102695.78,102672.23
624193.640302984,12055,102689.04,101288.95,102675.76,107097.39,102685.67,102698.5,102697.93,102682.37
624193.66106889,12056,102686.89,101280.85,102681.88,107099.17,102669.53,102685.35,102699.82,102677.3
624193.685096399,12057,102677.0,101280.85,102683.82,107107.21,102678.66,102692.34,102696.85,102682.37
624193.705686009,12058,102685.03,101280.85,102679.79,107093.37,102668.47,102685.35,102694.7,102680.28
624193.726147114,12059,102681.01,101287.89,102679.79,107107.21,102678.66,102697.43,102695.78,102689.37
624193.746751315,12060,102681.01,101288.95,102680.84,107096.27,102669.53,102696.36,102700.89,102684.46
624193.767188865,12061,102685.03,101280.85,102691.87,107105.43,102676.54,102684.28,102698.74,102679.39
624193.787939888,12062,102683.95,101297.05,102687.84,107093.37,102656.36,102696.36,102692.82,102690.42
624193.808367333,12063,102686.89,101281.9,102677.86,107097.39,102674.62,102701.46,102695.78,102695.33
624193.828912024,12064,102681.01,101297.05,102683.82,107109.45,102674.62,102687.24,102701.97,102689.37
624193.853091183,12065,102679.94,101299.17,102683.82,107092.26,102677.6,102702.53,102708.97,102686.39
624193.873743968,12066,102682.09,101281.9,102689.78,107112.35,102675.69,102684.28,102704.93,102688.32
624193.894136209,12067,102689.04,101283.84,102685.75,107095.15,102670.59,102677.3,102692.82,102690.42
624193.914814613,12068,102689.04,101297.05,102677.7,107092.26,102669.53,102677.3,102691.74,102685.35
624193.935206844,12069,102697.07,101290.01,102685.91,107108.33,102682.69,102692.34,102696.85,102688.32
624193.955854521,12070,102689.04,101297.05,102678.74,107091.14,102661.46,102692.34,102688.78,102688.32
624193.976376478,12071,102689.04,101297.05,102680.84,107093.37,102677.6,102688.31,102700.89,102673.28
624193.997273803,12072,102689.04,101297.05,102693.96,107101.41,102676.54,102691.27,102696.85,102681.32
624194.021093718,12073,102681.01,101300.05,102690.82,107090.02,102684.82,102691.27,102700.89,102682.37
624194.041693033,12074,102686.1,101297.05,102691.87,107093.37,102666.55,102692.34,102700.89,102700.56
624194.062206176,12075,102689.04,101301.1,102683.82,107088.24,102688.85,102687.24,102699.0,102676.25
624194.082841094,12076,102682.09,101305.15,102683.82,107100.29,102677.6,102693.41,102704.93,102692.35
624194.102963768,12077,102689.04,101305.15,102674.72,107100.29,102669.53,102692.34,102706.0,102690.42
624194.123911879,12078,102681.01,101302.16,102691.87,107107.21,102673.56,102693.41,102697.93,102682.37
624194.144504884,12079,102697.07,101306.21,102687.84,107110.57,102662.52,102687.24,102692.82,102688.32
624194.165028854,12080,102704.02,101305.15,102683.82,107091.14,102684.82,102692.34,102700.89,102690.42
624194.18870375,12081,102685.03,101303.22,102677.7,107106.55,102681.63,102692.34,102687.7,102680.44
624194.209790622,12082,102687.18,101302.16,102686.8,107103.19,102654.45,102689.13,102692.82,102684.46
624194.2298573,12083,102686.89,101300.05,102683.82,107097.39,102681.63,102697.43,102704.93,102684.46
624194.250964363,12084,102679.94,101305.15,102681.88,107096.27,102675.47,102688.31,102688.78,102682.37
624194.271289041,12085,102690.12,101290.89,102680.84,107087.12,102681.63,102692.34,102707.08,102694.44
624194.291850639,12086,102678.86,101310.26,102676.81,107095.15,102678.66,102684.28,102700.89,102682.37
624194.311995025,12087,102689.04,101298.11,102682.77,107097.39,102667.61,102684.28,102696.85,102682.37
624194.332951038,12088,102689.04,101305.15,102689.94,107108.33,102681.63,102688.31,102697.93,102688.32
624194.356708319,12089,102691.98,101323.47,102680.84,107108.33,102684.82,102692.34,102699.82,102680.28
624194.377156745,12090,102698.14,101322.42,102688.89,107096.27,102670.59,102686.17,102696.85,102682.37
624194.39776365,12091,102689.04,101309.21,102687.84,107095.61,102676.54,102688.31,102704.93,102689.37
624194.418839015,12092,102681.01,101313.26,102679.79,107096.27,102669.53,102687.24,102703.85,102683.42
624194.440126129,12093,102685.03,101313.26,102680.84,107096.27,102690.76,102693.41,102708.97,102694.44
624194.459917311,12094,102689.04,101314.31,102684.86,107100.29,102671.65,102681.32,102696.85,102681.32
624194.479966333,12095,102682.88,101318.37,102683.82,107095.61,102669.53,102687.24,102694.7,102680.28
624194.501026384,12096,102689.04,101316.43,102691.87,107092.26,102667.61,102691.27,102708.97,102690.42
624194.524697043,12097,102683.95,101319.42,102683.82,107096.27,102668.47,102692.34,102687.7,102698.46
624194.545201855,12098,102677.0,101319.42,102690.82,107093.37,102672.5,102690.45,102694.7,102682.37
624194.565871095,12099,102689.04,101313.26,102687.84,107092.26,102671.65,102689.38,102700.89,102681.32
624194.586287913,12100,102685.03,101327.52,102681.72,107095.15,102669.53,102689.38,102696.85,102681.32
624194.606929151,12101,102685.03,101321.36,102683.82,107097.39,102680.78,102688.31,102691.74,102681.32
624194.627308512,12102,102686.1,101322.42,102683.82,107099.63,102679.72,102697.43,102693.89,102689.37
624194.647941878,12103,102691.19,101313.26,102684.86,107108.33,102675.69,102691.27,102696.85,102690.42
624194.668952604,12104,102685.03,101323.47,102683.82,107097.39,102681.63,102689.38,102696.85,102689.37
624194.692709975,12105,102683.95,101320.3,102683.82,107091.14,102678.66,102701.46,102699.82,102685.35
624194.713194496,12106,102689.04,101329.64,102679.79,107092.26,102676.75,102701.46,102690.67,102694.44
624194.733789713,12107,102689.04,101326.47,102684.86,107093.37,102678.66,102688.31,102696.85,102684.46
624194.754262877,12108,102689.04,101330.52,102687.84,107092.26,102675.69,102684.28,102696.85,102684.46
624194.774924175,12109,102681.01,101321.36,102679.79,107103.19,102664.64,102682.39,102700.89,102696.53
624194.795389326,12110,102681.01,101317.31,102683.82,107091.14,102663.37,102689.38,102695.78,102689.37
624194.816092167,12111,102699.22,101326.47,102675.76,107094.49,102672.71,102687.24,102694.7,102690.42
624194.840082059,12112,102689.04,101331.58,102682.77,107111.69,102673.56,102694.48,102699.0,102694.44
624194.860759281,12113,102681.01,101337.56,102685.91,107094.49,102677.6,102685.35,102696.85,102689.37
624194.881188528,12114,102689.04,101337.56,102683.82,107093.37,102687.79,102692.34,102696.85,102688.32
624194.90181233,12115,102689.04,101330.52,102687.84,107105.43,102666.55,102694.48,102697.93,102674.32
624194.922329269,12116,102697.07,101325.41,102681.72,107107.21,102686.73,102694.48,102697.93,102694.44
624194.942923135,12117,102689.04,101330.52,102675.76,107091.14,102681.63,102684.28,102696.85,102694.44
624194.96338407,12118,102689.04,101329.46,102689.94,107092.26,102681.63,102693.41,102706.0,102684.3
624194.983918286,12119,102681.01,101333.51,102680.84,107091.14,102670.59,102688.31,102691.74,102682.37
624195.008131826,12120,102693.06,101329.46,102683.82,107093.37,102684.61,102692.34,102696.85,102691.46
624195.028748086,12121,102686.89,101330.52,102683.82,107092.26,102675.69,102692.34,102700.89,102682.37
624195.049314631,12122,102689.04,101337.56,102684.86,107093.37,102684.82,102693.41,102688.78,102690.42
624195.069895397,12123,102682.09,101330.52,102683.82,107101.41,102673.77,102698.5,102694.7,102688.49
624195.090345946,12124,102687.97,101330.52,102683.82,107092.26,102685.67,102685.35,102692.82,102673.28
624195.110877408,12125,102681.01,101333.51,102679.79,107091.14,102672.71,102700.39,102702.78,102678.35
624195.131321827,12126,102698.14,101334.57,102683.82,107097.39,102678.66,102693.41,102696.85,102678.35
624195.151957547,12127,102693.06,101335.63,102693.96,107091.14,102685.67,102687.24,102696.85,102678.35
624195.176129795,12128,102679.94,101328.4,102688.89,107097.39,102677.6,102688.31,102691.74,102685.35
624195.196714106,12129,102681.01,101337.56,102692.92,107105.43,102683.76,102697.43,102699.82,102684.46
624195.218220983,12130,102685.81,101338.62,102673.67,107104.31,102669.53,102693.41,102708.97,102682.37
624195.238028149,12131,102681.01,101345.67,102683.82,107103.19,102675.69,102681.32,102710.04,102686.39
624195.258627303,12132,102691.19,101347.78,102687.84,107091.14,102687.79,102686.42,102697.93,102682.37
624195.278884851,12133,102681.01,101346.72,102691.87,107111.69,102672.71,102692.34,102692.82,102688.32
624195.299351254,12134,102689.04,101346.72,102679.79,107093.37,102660.39,102684.28,102697.93,102683.42
624195.320099443,12135,102689.04,101346.72,102692.92,107092.26,102680.78,102692.34,102696.85,102690.42
624195.343818496,12136,102685.03,101352.71,102675.76,107099.63,102668.47,102688.31,102700.89,102681.32
624195.364732246,12137,102689.04,101347.78,102688.89,107099.17,102665.49,102688.31,102704.93,102685.35
624195.385185639,12138,102678.86,101337.56,102692.92,107108.33,102674.62,102687.24,102706.0,102688.49
624195.405898515,12139,102687.97,101345.67,102679.79,107093.37,102678.66,102688.31,102688.78,102682.37
624195.426305288,12140,102689.04,101341.62,102692.92,107100.75,102682.69,102695.29,102700.89,102690.42
624195.446901788,12141,102687.97,101351.65,102683.82,107098.51,102681.63,102688.31,102695.78,102679.23
624195.46737393,12142,102682.88,101345.67,102675.76,107088.24,102671.65,102689.38,102695.78,102689.37
624195.48799013,12143,102693.06,101353.77,102683.82,107093.37,102664.43,102683.21,102703.04,102698.46
624195.511720279,12144,102686.89,101354.83,102683.82,107095.15,102671.65,102692.34,102692.82,102682.37
624195.532737095,12145,102685.03,101358.88,102691.87,107092.26,102681.84,102689.38,102696.85,102686.39
624195.552782591,12146,102677.0,101345.67,102691.87,107088.24,102681.63,102690.2,102691.74,102682.37
624195.573844054,12147,102687.97,101361.87,102679.79,107093.37,102671.65,102692.34,102697.93,102677.46
624195.594167381,12148,102690.12,101347.78,102683.82,107092.26,102681.84,102689.38,102703.85,102681.32
624195.614936232,12149,102694.13,101350.78,102684.86,107100.29,102670.59,102687.24,102696.85,102686.39
624195.635549367,12150,102697.07,101368.04,102693.96,107097.39,102683.76,102688.31,102697.93,102696.53
624195.655995319,12151,102681.01,101368.04,102682.93,107092.26,102679.72,102691.27,102704.93,102682.37
624195.680031331,12152,102679.94,101357.82,102683.82,107095.61,102669.53,102683.21,102696.85,102689.37
624195.700195097,12153,102693.06,101361.87,102684.86,107097.39,102670.59,102693.41,102704.93,102686.39
624195.720826269,12154,102687.97,101372.09,102683.82,107097.39,102681.63,102692.34,102692.82,102692.51
624195.741976687,12155,102685.03,101361.87,102683.82,107107.67,102667.61,102682.39,102702.78,102680.44
624195.762239152,12156,102686.1,101365.92,102687.84,107097.39,102669.53,102693.41,102697.93,102696.53
624195.783354587,12157,102681.01,101368.92,102683.82,107108.33,102678.66,102690.45,102707.08,102677.3
624195.803092929,12158,102689.04,101369.97,102676.81,107097.39,102678.66,102693.41,102702.78,102682.37
624195.824158788,12159,102682.88,101362.93,102679.79,107093.37,102687.79,102692.34,102696.85,102684.46
624195.847727013,12160,102685.03,101369.97,102691.87,107093.37,102670.59,102703.6,102703.85,102682.37
624195.868316913,12161,102684.24,101378.08,102673.67,107103.19,102675.69,102696.36,102696.85,102692.51
624195.888877619,12162,102690.12,101362.93,102682.77,107108.33,102669.53,102686.42,102695.78,102674.32
624195.909342199,12163,102689.04,101361.87,102702.02,107092.26,102685.67,102693.41,102703.04,102681.32
624195.930194176,12164,102681.01,101371.03,102692.92,107098.51,102677.6,102688.31,102696.85,102690.42
624195.950544153,12165,102691.19,101362.93,102695.9,107096.27,102671.65,102684.28,102692.82,102684.46
624195.971085079,12166,102694.13,101382.13,102683.82,107092.26,102678.66,102696.36,102701.97,102684.46
624195.992011137,12167,102689.04,101369.97,102677.86,107108.33,102680.57,102687.24,102696.85,102682.37
624196.015741156,12168,102682.09,101378.08,102677.7,107093.37,102670.59,102692.34,102707.89,102678.35
624196.036213158,12169,102697.07,101380.19,102686.96,107096.27,102665.49,102694.48,102704.93,102677.3
624196.056928327,12170,102683.17,101380.19,102679.79,107092.26,102670.59,102696.36,102696.85,102691.46
624196.077385967,12171,102690.12,101383.19,102685.91,107092.26,102674.62,102689.38,102695.78,102694.44
624196.097905321,12172,102682.09,101383.19,102683.82,107097.39,102673.56,102688.31,102703.85,102694.44
624196.118339174,12173,102694.13,101388.29,102683.82,107093.37,102683.76,102689.38,102696.85,102688.49
624196.141208812,12174,102690.12,101378.08,102679.79,107093.37,102681.63,102693.41,102700.89,102692.51
624196.163146691,12175,102690.12,101388.29,102683.82,107089.36,102678.45,102684.28,102696.85,102689.37
624196.183810833,12176,102691.19,101387.24,102681.88,107088.24,102687.79,102691.27,102696.85,102691.46
624196.204282795,12177,102681.01,101383.19,102683.82,107089.36,102675.69,102685.35,102698.74,102682.37
624196.225018536,12178,102698.14,101383.19,102685.91,107093.37,102676.75,102686.17,102704.93,102700.56
624196.245253899,12179,102691.19,101380.19,102684.86,107109.45,102684.82,102694.48,102708.97,102688.32
624196.265920355,12180,102695.21,101389.17,102689.94,107109.45,102676.75,102684.28,102695.78,102684.46
624196.286367059,12181,102685.03,101383.19,102675.76,107092.26,102675.69,102688.31,102692.82,102696.53
624196.307009859,12182,102675.93,101390.23,102684.86,107093.37,102677.6,102701.46,102704.93,102696.37
624196.331149367,12183,102699.22,101388.29,102680.84,107091.14,102670.59,102694.48,102692.82,102684.46
624196.351828422,12184,102681.01,101398.51,102683.82,107099.63,102669.53,102685.35,102696.85,102683.42
624196.372226021,12185,102697.07,101384.24,102683.82,107105.43,102679.72,102694.48,102692.82,102677.3
624196.392951015,12186,102689.04,101386.18,102687.84,107096.27,102673.56,102688.31,102696.85,102673.28
624196.413516488,12187,102689.04,101392.35,102692.92,107093.37,102684.82,102693.41,102700.89,102681.32
624196.433949611,12188,102686.1,101395.34,102687.84,107091.14,102685.88,102690.45,102692.82,102689.37
624196.454940939,12189,102681.01,101391.29,102683.82,107097.39,102671.65,102691.27,102701.97,102688.32
624196.47498329,12190,102690.12,101392.35,102679.79,107093.37,102677.6,102685.35,102703.85,102689.37
624196.499158413,12191,102682.09,101396.4,102687.84,107084.22,102672.71,102684.28,102697.93,102674.32
624196.519880903,12192,102681.01,101398.51,102693.96,107096.27,102687.79,102686.42,102699.0,102682.37
624196.540294316,12193,102685.03,101392.35,102683.82,107095.61,102672.71,102693.41,102692.82,102692.35
624196.56084036,12194,102689.04,101400.45,102702.02,107099.63,102676.75,102694.48,102694.97,102682.37
624196.581426835,12195,102686.1,101390.23,102679.79,107093.37,102676.54,102689.13,102692.82,102682.37
624196.601965647,12196,102689.04,101396.4,102676.81,107093.37,102671.65,102694.48,102697.93,102694.44
624196.622464299,12197,102679.94,101394.28,102683.82,107104.31,102676.75,102694.48,102700.89,102682.37
624196.64294885,12198,102689.04,101394.28,102683.82,107097.39,102687.79,102692.34,102704.93,102700.56
624196.666833523,12199,102690.12,101400.45,102683.82,107093.37,102667.61,102693.41,102699.0,102692.51
624196.687777919,12200,102689.04,101404.5,102693.96,107097.39,102677.6,102693.15,102704.12,102672.23
624196.708289932,12201,102689.04,101403.44,102700.97,107099.63,102662.52,102693.41,102699.0,102692.51
624196.728936928,12202,102685.03,101395.34,102682.77,107111.69,102659.54,102692.34,102697.93,102680.44
624196.749374477,12203,102697.07,101395.34,102683.82,107110.57,102662.52,102688.31,102707.08,102681.32
624196.769961844,12204,102678.86,101395.34,102679.79,107091.59,102674.62,102681.32,102699.0,102693.39
624196.790586707,12205,102686.89,101404.5,102683.82,107095.61,102674.62,102692.34,102695.78,102683.42
624196.811148123,12206,102685.03,101400.45,102683.82,107093.37,102683.76,102694.48,102697.93,102685.51
624196.834747145,12207,102689.04,101400.45,102683.82,107092.26,102677.6,102689.38,102697.93,102682.37
624196.855847837,12208,102689.04,101401.51,102689.94,107097.39,102677.6,102682.39,102688.78,102681.32
624196.875809086,12209,102687.97,101396.4,102683.82,107093.37,102675.69,102696.36,102697.93,102689.37
624196.896985173,12210,102675.93,101404.5,102683.82,107093.37,102677.6,102688.31,102697.93,102686.39
624196.91738127,12211,102681.01,101394.28,102692.92,107092.26,102679.72,102701.46,102706.0,102690.42
624196.938134477,12212,102682.09,101399.39,102688.89,107100.29,102672.71,102692.34,102695.78,102678.35
624196.958545887,12213,102690.12,101400.45,102684.86,107085.34,102682.69,102692.34,102696.85,102682.37
624196.980203391,12214,102694.92,101410.67,102676.81,107091.14,102680.57,102696.36,102699.0,102692.51
624197.002807648,12215,102685.03,101404.5,102683.82,107103.65,102668.47,102680.25,102688.78,102682.37
624197.023246219,12216,102689.04,101403.44,102683.82,107093.37,102675.69,102689.38,102696.85,102678.35
624197.043946176,12217,102681.01,101395.34,102683.82,107089.36,102674.62,102694.48,102697.93,102682.37
624197.064918975,12218,102682.09,101409.61,102684.86,107117.49,102678.66,102692.34,102700.89,102684.46
624197.08501658,12219,102697.07,101396.4,102689.94,107098.51,102671.65,102692.34,102692.82,102682.37
624197.10598991,12220,102697.07,101412.6,102683.82,107097.39,102665.49,102684.28,102704.93,102692.51
624197.126218203,12221,102678.86,101399.39,102685.91,107100.75,102668.47,102698.5,102696.85,102684.46
624197.1470113,12222,102679.94,101412.6,102683.82,107093.37,102681.63,102699.32,102704.93,102690.42
624197.170779527,12223,102681.01,101404.5,102685.91,107093.37,102678.66,102697.43,102700.89,102682.37
624197.191257658,12224,102687.97,101411.54,102677.86,107100.75,102677.6,102700.39,102696.85,102690.58
624197.212283257,12225,102685.03,101412.6,102692.92,107096.27,102682.69,102688.31,102692.82,102688.49
624197.232415475,12226,102705.1,101410.49,102695.9,107099.63,102687.79,102686.42,102703.04,102684.46
624197.253055511,12227,102689.04,101412.6,102682.77,107089.36,102672.71,102697.43,102697.93,102692.51
624197.273828558,12228,102685.03,101404.5,102685.91,107095.61,102663.58,102694.48,102700.89,102685.51
624197.29560312,12229,102682.88,101411.54,102683.82,107095.61,102671.65,102691.27,102693.89,102690.42
624197.318143009,12230,102685.03,101414.72,102680.84,107093.37,102675.69,102676.23,102688.78,102678.35
624197.338785759,12231,102689.04,101406.61,102687.84,107093.37,102660.61,102692.34,102695.78,102682.37
624197.359214265,12232,102697.07,101410.49,102697.99,107087.57,102671.65,102688.31,102699.0,102680.28
624197.37995949,12233,102690.12,101410.49,102692.92,107094.49,102674.62,102697.43,102688.78,102680.44
624197.400914121,12234,102685.03,101412.6,102684.86,107081.32,102679.72,102687.24,102701.97,102682.37
624197.420998857,12235,102682.09,101410.49,102680.84,107097.39,102672.5,102692.34,102696.85,102692.51
624197.44183504,12236,102697.07,101420.7,102676.81,107092.26,102684.82,102686.17,102696.85,102678.35
624197.46331092,12237,102685.03,101416.65,102683.82,107091.59,102664.64,102694.48,102703.04,102682.37
624197.486147478,12238,102683.95,101422.64,102689.94,107092.26,102669.53,102694.48,102701.97,102682.37
624197.506810849,12239,102687.18,101410.49,102687.84,107089.36,102678.66,102701.46,102700.89,102693.56
624197.527224212,12240,102693.06,101425.81,102692.92,107087.57,102674.62,102701.46,102706.0,102684.3
624197.547869115,12241,102686.1,101425.81,102680.84,107093.37,102689.91,102690.45,102696.85,102677.3
624197.568338983,12242,102687.18,101424.76,102693.96,107111.69,102678.66,102697.43,102697.93,102686.39
624197.588998399,12243,102686.1,101411.54,102683.82,107085.34,102688.85,102686.42,102694.7,102684.46
624197.60937782,12244,102691.98,101407.49,102680.84,107093.37,102662.52,102694.48,102700.89,102682.37
624197.630022303,12245,102689.04,101419.65,102683.82,107081.32,102682.69,102689.38,102696.85,102682.37
624197.654197365,12246,102686.1,101421.58,102675.76,107100.75,102662.52,102690.45,102700.89,102693.39
624197.67478403,12247,102683.17,101416.65,102685.91,107097.39,102683.76,102683.21,102684.74,102696.53
624197.695291515,12248,102683.95,101418.59,102675.76,107091.59,102679.51,102686.42,102699.0,102690.42
624197.716120517,12249,102681.01,101420.7,102674.72,107109.45,102673.77,102694.48,102688.78,102689.37
624197.736390944,12250,102682.88,101418.59,102686.8,107098.51,102674.62,102701.46,102699.0,102690.42
624197.75716976,12251,102686.89,101415.6,102683.82,107092.26,102681.84,102697.43,102701.15,102690.42
624197.777661211,12252,102697.07,101416.65,102683.82,107095.61,102680.78,102694.48,102693.89,102690.42
624197.798091329,12253,102697.07,101419.65,102677.86,107095.61,102671.65,102676.23,102696.85,102684.3
624197.822191098,12254,102682.88,101431.8,102672.78,107093.37,102671.65,102692.34,102701.97,102692.51
624197.842828289,12255,102687.97,101430.92,102692.92,107091.59,102681.84,102692.34,102685.82,102682.37
624197.863349375,12256,102687.97,101419.65,102681.88,107092.26,102679.72,102688.31,102692.82,102690.42
624197.88415405,12257,102685.03,101427.75,102693.96,107107.67,102675.69,102684.28,102688.78,102682.37
624197.904393109,12258,102685.03,101420.7,102685.91,107095.61,102678.66,102689.38,102703.85,102692.51
624197.925059835,12259,102679.94,101420.7,102693.96,107092.26,102679.72,102692.34,102700.89,102680.28
624197.945448161,12260,102689.04,101432.86,102689.94,107099.63,102667.61,102693.41,102707.08,102693.39
624197.966060375,12261,102693.06,101426.69,102695.01,107085.34,102677.6,102693.41,102696.85,102686.39
624197.990176107,12262,102685.03,101427.75,102684.86,107099.63,102673.77,102693.41,102696.85,102678.35
624198.010779708,12263,102685.03,101413.48,102685.91,107093.37,102687.79,102688.31,102692.82,102688.32
624198.031311179,12264,102675.93,101424.76,102688.89,107093.37,102682.69,102698.5,102704.93,102680.28
624198.051909813,12265,102685.03,101410.49,102687.84,107089.36,102675.69,102681.32,102690.93,102686.39
624198.072574045,12266,102685.03,101424.76,102674.72,107095.61,102674.62,102694.48,102700.89,102682.37
624198.092930071,12267,102685.03,101414.54,102675.76,107095.61,102670.59,102693.41,102703.04,102674.32
624198.11339339,12268,102681.01,101428.81,102681.88,107099.63,102677.6,102694.48,102692.82,102666.28
624198.134225176,12269,102681.01,101428.81,102686.96,107089.36,102674.62,102689.38,102697.93,102681.32
624198.157785428,12270,102691.19,101420.7,102678.74,107092.26,102678.66,102692.34,102700.89,102682.37
624198.178818819,12271,102689.04,101426.69,102692.92,107091.59,102674.62,102692.34,102699.0,102674.32
624198.198875362,12272,102685.03,101428.81,102681.88,107094.49,102671.65,102692.34,102696.85,102684.46
624198.219973381,12273,102685.03,101423.7,102685.91,107089.36,102670.59,102684.28,102692.82,102694.44
624198.24007347,12274,102686.1,101423.7,102684.86,107093.37,102679.72,102694.48,102699.0,102684.46
624198.261054091,12275,102690.12,101430.92,102685.91,107095.61,102665.49,102693.41,102692.82,102682.37
624198.281107189,12276,102690.12,101410.49,102683.82,107091.59,102684.82,102683.21,102704.93,102684.46
624198.302070914,12277,102679.94,101428.81,102687.84,107095.61,102683.76,102695.29,102696.85,102686.39
624198.325770157,12278,102685.03,101429.87,102681.88,107085.34,102689.7,102694.48,102696.85,102690.42
624198.346242489,12279,102685.03,101424.76,102676.81,107092.26,102669.53,102702.53,102699.0,102677.46
624198.366870276,12280,102681.01,101415.6,102683.82,107102.53,102679.72,102692.34,102706.0,102680.44
624198.387926922,12281,102681.01,101410.49,102675.76,107094.49,102687.79,102693.41,102707.08,102682.37
624198.407953701,12282,102685.03,101414.54,102691.87,107088.24,102679.72,102682.14,102697.93,102684.46
624198.429019341,12283,102690.12,101427.75,102683.82,107093.37,102680.78,102691.27,102697.93,102692.51
624198.448965307,12284,102681.01,101420.7,102680.84,107095.61,102688.85,102692.34,102692.82,102690.42
624198.470176606,12285,102681.01,101417.53,102685.91,107087.57,102669.53,102693.41,102690.93,102690.42
624198.493790119,12286,102672.99,101418.59,102672.78,107106.55,102670.59,102689.38,102700.89,102680.44
624198.514267109,12287,102690.12,101414.72,102675.76,107091.59,102685.67,102693.41,102697.93,102674.32
624198.534885141,12288,102690.12,101411.54,102683.82,107091.59,102673.77,102689.38,102690.67,102693.56
624198.555330823,12289,102677.0,101427.75,102683.82,107107.67,102682.69,102692.34,102703.85,102680.44
624198.576062688,12290,102685.03,101416.65,102681.88,107096.73,102681.84,102700.39,102697.93,102682.37
624198.597100075,12291,102693.06,101423.7,102683.82,107095.61,102679.72,102693.41,102700.89,102684.3
624198.617352164,12292,102681.01,101423.7,102687.84,107089.36,102671.65,102697.43,102694.7,102690.42
624198.641206852,12293,102691.19,101416.65,102683.82,107093.37,102682.69,102694.48,102689.85,102681.32
624198.661837944,12294,102689.04,101419.65,102675.76,107099.63,102666.55,102690.45,102689.85,102692.51
624198.682291397,12295,102682.09,101427.75,102682.77,107097.39,102681.84,102681.32,102689.85,102694.6
624198.702928098,12296,102693.06,101410.49,102685.91,107095.61,102683.76,102701.46,102695.78,102695.49
624198.723338217,12297,102690.12,101425.81,102683.82,107087.57,102676.75,102689.38,102706.0,102682.37
624198.74396362,12298,102685.03,101423.7,102685.91,107097.39,102680.78,102693.41,102696.85,102692.51
624198.764667923,12299,102681.01,101416.65,102685.91,107095.61,102673.56,102686.17,102701.97,102689.37
624198.785080415,12300,102691.19,101420.7,102676.81,107095.61,102673.77,102676.23,102707.08,102680.44
624198.809200234,12301,102686.1,101418.59,102677.86,107094.49,102671.65,102691.27,102696.85,102680.44
624198.82985401,12302,102681.01,101419.65,102685.91,107095.61,102684.82,102709.52,102701.97,102692.51
624198.850562089,12303,102681.01,101427.75,102687.84,107095.61,102678.66,102695.29,102694.97,102684.46
624198.870909422,12304,102690.12,101419.65,102684.86,107097.39,102672.71,102696.36,102696.85,102670.3
624198.891337427,12305,102681.01,101424.76,102682.93,107101.41,102663.58,102684.28,102699.0,102682.37
624198.91199514,12306,102690.12,101418.59,102675.76,107095.61,102682.69,102688.31,102688.78,102684.46
624198.932661376,12307,102681.01,101423.7,102680.84,107093.37,102682.69,102692.34,102704.93,102692.51
624198.953231245,12308,102689.04,101428.81,102683.82,107095.61,102683.76,102684.28,102710.04,102674.32
624198.977190471,12309,102685.03,101424.76,102677.86,107093.37,102678.66,102693.41,102689.85,102682.37
624198.997864268,12310,102689.04,101424.76,102684.86,107108.79,102688.85,102698.5,102701.97,102704.58
624199.01828333,12311,102687.97,101429.87,102675.76,107093.37,102660.61,102684.28,102706.0,102674.32
624199.038960341,12312,102682.09,101423.7,102685.91,107093.37,102679.72,102692.34,102692.82,102682.37
624199.059372823,12313,102681.01,101427.75,102684.86,107095.61,102676.75,102697.43,102713.0,102684.46
624199.080012098,12314,102685.03,101422.64,102691.87,107110.57,102674.62,102700.39,102695.78,102690.42
624199.100437028,12315,102681.01,101423.7,102675.76,107095.61,102678.66,102686.42,102701.97,102683.42
624199.12106781,12316,102694.13,101427.75,102684.86,107091.59,102684.82,102677.3,102696.85,102678.35
624199.145218716,12317,102683.17,101436.91,102683.82,107091.59,102672.71,102694.48,102696.85,102676.41
624199.165845352,12318,102685.03,101428.81,102668.76,107089.36,102672.71,102692.34,102697.93,102682.37
624199.18633513,12319,102681.01,101428.81,102680.84,107085.34,102677.81,102697.43,102699.0,102681.49
624199.206928405,12320,102687.18,101434.79,102685.91,107083.55,102667.61,102684.28,102697.93,102682.37
624199.227392986,12321,102689.04,101428.81,102680.84,107095.61,102674.62,102693.41,102688.78,102693.56
624199.248020082,12322,102685.03,101426.69,102685.91,107091.59,102682.69,102692.34,102696.85,102684.46
624199.268508449,12323,102681.01,101431.8,102681.88,107079.08,102671.65,102685.35,102706.0,102680.44
624199.289046821,12324,102685.03,101428.81,102676.81,107079.54,102684.82,102693.41,102696.85,102684.46
624199.314080431,12325,102697.07,101427.75,102684.86,107089.36,102675.69,102684.28,102699.0,102676.41
624199.33385594,12326,102682.09,101435.85,102691.87,107092.26,102681.84,102697.43,102706.0,102678.35
624199.354124764,12327,102681.01,101436.91,102683.82,107089.36,102686.73,102693.41,102706.0,102675.37
624199.375016561,12328,102682.09,101429.87,102684.86,107079.54,102656.36,102694.48,102689.85,102682.37
624199.395548133,12329,102686.1,101429.87,102687.84,107079.54,102669.74,102696.36,102696.85,102682.37
624199.416163321,12330,102689.04,101427.75,102684.86,107096.27,102683.76,102691.27,102693.89,102684.46
624199.437758742,12331,102681.01,101439.9,102683.82,107092.71,102680.78,102692.34,102713.0,102678.35
624199.457244362,12332,102698.14,101426.69,102693.96,107085.34,102659.54,102684.28,102692.82,102688.49
624199.480850453,12333,102681.01,101431.8,102685.91,107081.32,102686.73,102692.34,102710.04,102678.35
624199.50187454,12334,102681.01,101436.91,102683.82,107093.37,102677.81,102685.35,102692.82,102674.32
624199.521972816,12335,102683.95,101434.79,102679.79,107081.32,102668.68,102684.28,102693.89,102694.44
624199.543012296,12336,102685.03,101435.85,102692.92,107087.57,102681.84,102696.36,102707.08,102676.41
624199.563079827,12337,102681.01,101432.86,102683.82,107089.36,102665.7,102692.34,102704.93,102684.46
624199.584216463,12338,102685.03,101434.79,102685.91,107088.24,102685.88,102684.28,102696.85,102676.41
624199.604305536,12339,102687.97,101426.69,102693.96,107089.36,102671.65,102684.28,102696.85,102690.42
624199.625175449,12340,102689.04,101434.79,102681.88,107084.22,102678.66,102688.31,102696.85,102700.56
624199.648844176,12341,102691.19,101426.69,102677.86,107083.1,102677.6,102684.28,102690.93,102692.51
624199.66989924,12342,102682.88,101426.69,102684.86,107081.32,102680.78,102695.55,102692.82,102680.44
624199.69003977,12343,102698.14,101425.63,102676.81,107090.47,102674.62,102700.39,102696.85,102684.46
624199.710983255,12344,102690.12,101433.74,102675.76,107093.37,102674.62,102684.28,102703.04,102692.51
624199.73105422,12345,102681.01,101434.79,102678.9,107095.61,102674.62,102694.48,102695.78,102682.37
624199.752062974,12346,102689.04,101443.95,102684.86,107093.37,102671.65,102684.28,102696.85,102692.51
624199.772212748,12347,102689.04,101432.68,102683.82,107095.15,102679.72,102692.34,102697.93,102674.32
624199.793118336,12348,102686.1,101433.74,102683.82,107093.37,102673.56,102694.48,102697.93,102674.32
624199.816821023,12349,102685.03,101434.79,102684.86,107095.61,102661.46,102692.34,102688.78,102674.32
624199.837326536,12350,102681.01,101434.79,102688.89,107086.46,102674.62,102693.41,102688.78,102684.46
624199.857993152,12351,102682.09,101443.95,102675.76,107093.37,102681.84,102689.38,102700.89,102682.37
624199.878391803,12352,102690.12,101443.95,102691.87,107085.34,102671.65,102688.31,102700.89,102680.44
624199.899060412,12353,102687.18,101434.79,102681.88,107089.36,102671.65,102688.31,102692.82,102684.46
624199.921164332,12354,102689.04,101445.01,102687.84,107093.37,102679.72,102690.45,102696.85,102678.35
624199.940163155,12355,102677.0,101441.84,102679.79,107079.54,102678.66,102689.38,102688.78,102682.37
624199.964219277,12356,102686.1,101437.79,102679.79,107095.61,102682.69,102680.25,102694.97,102674.32
624199.984861386,12357,102678.86,101433.92,102677.86,107095.61,102671.65,102686.42,102704.93,102680.44
624200.005321871,12358,102685.03,101432.68,102686.96,107090.47,102673.77,102688.31,102706.0,102674.32
624200.025933814,12359,102682.09,101443.95,102692.92,107092.26,102670.59,102690.45,102693.89,102674.32
624200.046414189,12360,102695.99,101435.85,102684.86,107092.26,102679.72,102684.28,102696.85,102676.41
624200.066994444,12361,102689.04,101430.74,102683.82,107088.24,102679.72,102686.42,102696.85,102676.41
624200.087732288,12362,102691.19,101437.79,102687.84,107091.59,102671.65,102696.36,102697.93,102682.37
624200.108512315,12363,102694.13,101442.9,102683.82,107089.36,102686.73,102694.48,102692.82,102684.46
624200.132231568,12364,102681.01,101439.9,102688.89,107084.22,102679.72,102693.41,102696.85,102680.44
624200.152881349,12365,102691.98,101434.79,102695.01,107089.36,102669.53,102684.28,102696.85,102679.39
624200.173913347,12366,102689.04,101443.95,102693.96,107085.34,102676.75,102680.25,102696.85,102682.37
624200.194033347,12367,102681.01,101442.9,102685.91,107080.2,102679.72,102692.34,102697.93,102670.3
624200.21456569,12368,102685.03,101442.9,102690.82,107093.37,102677.6,102688.31,102689.85,102672.23
624200.234968517,12369,102690.12,101438.85,102683.82,107095.61,102674.62,102691.27,102690.67,102682.37
624200.255502803,12370,102693.06,101436.91,102699.93,107091.59,102671.65,102692.34,102702.78,102684.46
624200.277130633,12371,102689.04,101435.85,102684.86,107085.34,102672.71,102690.45,102695.78,102674.32
624200.300259603,12372,102681.01,101434.79,102689.94,107089.36,102662.52,102682.14,102699.82,102676.41
624200.320878697,12373,102683.17,101434.79,102685.91,107089.36,102674.62,102689.38,102696.85,102686.56
624200.341402908,12374,102689.04,101442.9,102687.84,107084.22,102679.72,102686.42,102702.78,102684.46
624200.361979418,12375,102686.89,101439.9,102688.89,107085.34,102675.69,102690.45,102692.82,102674.32
624200.3824252,12376,102689.04,101442.9,102683.82,107088.24,102663.58,102690.45,102703.85,102678.35
624200.403234742,12377,102685.03,101432.68,102687.84,107097.39,102682.69,102684.28,102696.85,102682.37
624200.423679372,12378,102689.04,101442.9,102680.84,107092.26,102681.84,102689.38,102693.63,102676.41
624200.444007116,12379,102681.01,101442.9,102685.91,107093.37,102672.71,102688.31,102690.67,102674.32
624200.468257622,12380,102689.04,101442.9,102676.81,107087.57,102677.6,102685.35,102692.55,102666.28
624200.488936247,12381,102683.17,101445.89,102685.91,107089.36,102675.69,102683.21,102696.85,102674.32
624200.509394948,12382,102697.07,101442.9,102689.94,107093.37,102679.72,102692.34,102698.74,102680.28
624200.529974653,12383,102685.03,101426.69,102677.86,107093.37,102680.78,102692.34,102696.85,102686.39
624200.550411852,12384,102683.17,101434.79,102677.86,107088.24,102672.71,102701.46,102694.7,102673.28
624200.572304482,12385,102681.01,101448.01,102680.84,107077.3,102663.58,102683.21,102686.63,102676.41
624200.591511801,12386,102685.03,101441.84,102684.86,107093.37,102666.55,102694.48,102692.82,102673.28
624200.612188763,12387,102686.1,101439.9,102676.81,107095.61,102678.66,102688.31,102691.74,102674.32
624200.635900775,12388,102689.04,101442.9,102685.91,107076.18,102669.53,102694.48,102698.74,102684.46
624200.656860544,12389,102695.21,101438.85,102680.84,107091.14,102670.59,102688.31,102695.78,102674.32
624200.677068347,12390,102693.06,101441.84,102683.82,107092.26,102670.59,102692.34,102700.89,102678.35
624200.697992522,12391,102681.01,101446.95,102676.81,107093.37,102681.63,102697.43,102692.82,102690.42
624200.718596083,12392,102685.03,101449.94,102683.82,107080.2,102679.72,102684.28,102697.93,102673.28
624200.739110619,12393,102695.21,101440.78,102685.91,107087.57,102673.56,102693.41,102693.63,102673.28
624200.759647399,12394,102681.01,101426.69,102684.86,107097.39,102670.59,102684.28,102694.7,102678.35
624200.780412103,12395,102681.01,101449.94,102687.84,107091.14,102672.71,102686.42,102686.63,102668.21
624200.803887858,12396,102685.03,101445.89,102685.91,107082.44,102679.72,102692.34,102701.7,102674.32
624200.824910292,12397,102697.07,101441.84,102683.82,107096.27,102667.61,102683.21,102698.74,102674.32
624200.844994397,12398,102689.04,101434.79,102689.94,107091.14,102664.64,102698.5,102690.67,102678.35
624200.866018584,12399,102689.04,101446.95,102683.82,107079.54,102669.53,102689.38,102708.97,102685.51
624200.886579009,12400,102689.04,101446.95,102691.87,107079.08,102681.63,102688.31,102698.74,102674.32
624200.907216411,12401,102687.18,101446.95,102684.86,107081.32,102675.69,102680.25,102687.7,102674.32
624200.927394108,12402,102682.09,101451.0,102692.92,107093.37,102675.69,102693.41,102694.7,102672.23
624200.948322119,12403,102691.98,101442.9,102681.88,107084.22,102675.69,102692.34,102686.63,102680.28
624200.971868971,12404,102687.18,101452.06,102691.87,107091.59,102681.63,102693.41,102685.55,102679.39
624200.993090387,12405,102681.01,101434.79,102679.79,107087.57,102679.72,102692.34,102691.74,102670.3
624201.01297547,12406,102689.04,101446.95,102687.84,107080.2,102664.64,102687.24,102703.85,102684.46
624201.034098717,12407,102685.03,101438.85,102685.91,107077.3,102682.69,102696.36,102692.55,102677.46
624201.054238527,12408,102682.09,101449.94,102692.92,107093.37,102666.55,102688.31,102693.63,102674.32
624201.075184265,12409,102689.04,101453.12,102684.86,107093.37,102677.6,102694.48,102696.85,102680.44
624201.095273648,12410,102687.97,101451.0,102679.79,107083.1,102678.66,102682.39,102695.78,102676.41
624201.119261838,12411,102681.01,101448.88,102676.81,107094.49,102675.69,102684.28,102693.63,102674.32
624201.139859439,12412,102672.99,101451.0,102685.91,107093.37,102662.52,102686.42,102700.89,102674.32
624201.160336178,12413,102682.88,101441.84,102692.92,107083.1,102671.65,102690.45,102698.74,102676.25
624201.180990516,12414,102686.1,101451.0,102681.88,107093.37,102673.56,102684.28,102695.78,102681.32
624201.201436638,12415,102691.98,101444.83,102684.86,107089.36,102676.75,102686.42,102696.85,102682.37
624201.222049253,12416,102681.01,101446.95,102685.91,107089.36,102667.61,102686.42,102694.7,102670.3
624201.243054771,12417,102689.04,101452.06,102685.91,107091.59,102661.46,102698.5,102696.85,102684.3
624201.263714667,12418,102681.01,101444.83,102676.81,107089.36,102671.65,102688.31,102690.67,102690.42
624201.287288721,12419,102687.97,101457.17,102679.79,107085.34,102679.72,102698.5,102694.7,102675.37
624201.307939603,12420,102693.06,101456.99,102677.86,107083.1,102669.53,102690.45,102698.74,102694.44
624201.328385034,12421,102689.04,101442.9,102676.81,107081.32,102682.69,102684.28,102694.7,102677.3
624201.349093824,12422,102685.03,101453.12,102689.94,107095.61,102678.66,102688.31,102695.78,102682.37
624201.37003164,12423,102695.99,101451.0,102677.86,107075.06,102675.69,102698.5,102696.85,102682.37
624201.390091709,12424,102682.88,101446.95,102684.86,107077.3,102675.69,102687.24,102696.85,102679.39
624201.411066351,12425,102686.89,101456.11,102681.88,107083.55,102670.59,102684.28,102694.7,102682.37
624201.431182505,12426,102685.03,101455.05,102688.89,107085.34,102682.69,102687.24,102690.67,102678.35
624201.455278538,12427,102686.89,101448.01,102685.91,107093.37,102675.69,102681.32,102691.74,102682.37
624201.475892544,12428,102690.12,101460.16,102687.84,107085.34,102672.71,102680.25,102695.78,102674.32
624201.496339678,12429,102689.04,101449.94,102691.87,107117.49,102673.56,102685.35,102700.89,102680.28
624201.517042039,12430,102678.86,101448.01,102683.82,107093.37,102659.54,102684.28,102698.74,102666.28
624201.537530926,12431,102695.99,101463.15,102687.84,107087.57,102661.46,102691.27,102696.85,102682.37
624201.558072623,12432,102693.06,101448.01,102685.91,107084.22,102677.6,102680.25,102696.85,102674.32
624201.57848864,12433,102683.95,101446.95,102685.91,107090.47,102672.71,102697.43,102702.78,102684.46
624201.599304241,12434,102689.04,101440.78,102685.91,107085.34,102676.54,102684.28,102686.63,102666.28
624201.623270157,12435,102693.06,101449.94,102683.82,107082.44,102675.69,102680.25,102694.7,102674.32
624201.643962843,12436,102682.09,101459.1,102679.79,107089.36,102673.56,102693.41,102704.93,102679.39
624201.664350066,12437,102698.14,101446.95,102675.76,107087.57,102672.71,102685.35,102700.89,102690.42
624201.685060869,12438,102693.06,101452.93,102676.81,107089.36,102669.53,102684.28,102687.7,102676.41
624201.705417376,12439,102681.01,101455.05,102683.82,107087.12,102669.53,102684.28,102687.7,102673.28
624201.7260691,12440,102687.97,101443.95,102683.82,107085.34,102671.65,102692.34,102700.89,102680.44
624201.746544737,12441,102681.01,101461.22,102689.94,107087.57,102674.62,102684.28,102688.52,102681.32
624201.767138863,12442,102686.1,101444.83,102685.91,107080.2,102670.59,102688.56,102694.7,102680.44
624201.791291923,12443,102685.03,101471.26,102685.91,107080.2,102663.58,102683.21,102696.85,102672.23
624201.811959781,12444,102678.86,101459.1,102681.88,107085.34,102682.69,102676.23,102703.85,102684.46
624201.832368326,12445,102681.01,101453.12,102678.74,107076.18,102671.65,102688.31,102695.78,102676.41
624201.854147795,12446,102689.04,101458.04,102677.86,107076.18,102682.69,102686.17,102683.67,102680.44
624201.873429177,12447,102686.1,101449.94,102685.91,107083.1,102679.72,102687.24,102690.67,102672.23
624201.894076864,12448,102695.21,101451.0,102688.89,107084.22,102670.59,102693.41,102700.89,102674.32
624201.914820757,12449,102689.04,101458.04,102681.88,107080.2,102682.69,102689.38,102692.55,102684.46
624201.935146217,12450,102681.01,101456.99,102692.92,107091.59,102670.59,102684.28,102703.85,102681.49
624201.958974335,12451,102683.95,101459.1,102687.84,107080.2,102649.35,102696.36,102694.7,102674.32
624201.980018432,12452,102681.01,101461.22,102680.84,107081.32,102673.56,102686.17,102696.85,102674.32
624202.000357432,12453,102679.94,101451.0,102683.82,107083.55,102670.59,102690.45,102696.85,102676.41
624202.021050578,12454,102681.01,101449.94,102693.96,107076.18,102683.76,102688.31,102690.67,102670.3
624202.041468539,12455,102689.04,101451.0,102684.86,107081.32,102668.47,102688.31,102696.85,102680.44
624202.064113717,12456,102681.01,101460.16,102689.94,107085.34,102676.75,102685.35,102688.78,102674.32
624202.082574347,12457,102687.97,101448.88,102692.92,107087.57,102671.65,102686.42,102693.63,102684.46
624202.103127111,12458,102682.09,101451.0,102684.86,107080.2,102667.61,102693.41,102690.67,102674.32
624202.126918292,12459,102693.06,101463.15,102676.81,107079.54,102671.65,102688.31,102699.82,102678.35
624202.14792976,12460,102697.07,101452.06,102692.92,107081.32,102677.6,102693.41,102695.78,102676.41
624202.168008647,12461,102689.04,101459.1,102680.84,107092.26,102670.59,102691.52,102694.7,102677.3
624202.188988087,12462,102689.04,101452.06,102689.94,107081.32,102674.62,102684.28,102687.7,102670.3
624202.209568372,12463,102685.03,101448.88,102685.91,107088.24,102671.65,102686.42,102687.7,102682.37
624202.230360818,12464,102685.03,101455.05,102679.79,107083.1,102678.66,102684.28,102696.85,102678.35
624202.250614069,12465,102679.94,101452.06,102683.82,107085.34,102662.52,102693.41,102692.82,102678.35
624202.271101354,12466,102687.18,101459.1,102674.72,107085.34,102672.71,102698.5,102679.63,102692.51
624202.294890323,12467,102685.03,101458.04,102685.91,107076.18,102678.66,102689.38,102695.78,102674.32
624202.315957104,12468,102682.09,101459.1,102691.87,107121.51,102681.84,102688.31,102704.93,102690.42
624202.335976952,12469,102685.03,101451.0,102689.94,107111.69,102676.75,102686.42,102706.0,102678.35
624202.35704155,12470,102682.09,101459.1,102674.72,107091.14,102681.84,102682.14,102692.82,102682.37
624202.377438218,12471,102685.03,101459.1,102693.96,107083.1,102662.52,102678.37,102696.85,102676.41
624202.398071323,12472,102683.17,101458.04,102685.91,107078.42,102670.59,102696.36,102695.78,102674.32
624202.418538628,12473,102682.09,101459.1,102691.87,107081.32,102670.59,102684.28,102695.78,102664.18
624202.442282418,12474,102681.01,101459.1,102676.81,107079.54,102673.56,102693.41,102696.85,102676.41
624202.462915253,12475,102690.12,101459.1,102685.91,107077.3,102675.69,102693.41,102692.82,102680.44
624202.483387976,12476,102683.17,101451.0,102679.79,107083.55,102678.66,102690.45,102706.0,102676.41
624202.504012067,12477,102686.1,101462.09,102691.87,107093.37,102667.61,102684.28,102695.78,102677.46
624202.524462246,12478,102689.04,101465.27,102676.81,107105.43,102681.84,102690.45,102687.7,102662.25
624202.545108081,12479,102679.94,101451.0,102686.8,107109.45,102669.53,102682.39,102695.78,102676.25
624202.566248123,12480,102682.09,101466.15,102684.86,107088.24,102673.56,102689.38,102707.08,102674.32
624202.58629378,12481,102689.04,101459.1,102684.86,107084.22,102673.56,102680.25,102690.67,102682.37
624202.610301139,12482,102691.19,101448.88,102682.93,107076.18,102673.56,102690.45,102686.63,102678.35
624202.630941605,12483,102690.12,101469.32,102685.91,107081.32,102666.55,102689.38,102688.78,102684.46
624202.651380146,12484,102690.12,101467.2,102687.84,107095.61,102670.59,102692.34,102680.44,102673.28
624202.67205193,12485,102689.04,101460.16,102675.76,107077.3,102669.53,102685.35,102695.78,102684.46
624202.692446224,12486,102681.01,101463.15,102683.82,107087.57,102679.72,102684.28,102706.0,102674.32
624202.713057617,12487,102682.09,101456.99,102685.91,107097.39,102673.56,102685.35,102702.78,102678.35
624202.733494856,12488,102681.01,101463.15,102677.86,107108.79,102677.81,102690.45,102699.82,102672.23
624202.754405161,12489,102681.01,101451.0,102683.82,107092.26,102678.66,102685.35,102699.82,102678.35
624202.778302022,12490,102682.09,101468.26,102685.91,107089.36,102671.65,102686.42,102696.85,102674.32
624202.798943851,12491,102685.03,101452.06,102677.86,107080.2,102681.63,102684.28,102687.7,102674.32
624202.819402282,12492,102689.04,101455.05,102679.79,107095.61,102683.76,102681.32,102694.7,102680.44
624202.839998873,12493,102686.1,101458.04,102688.89,107085.34,102671.65,102688.31,102698.74,102676.41
624202.860545237,12494,102687.97,101459.1,102684.86,107089.36,102676.54,102691.27,102702.78,102676.41
624202.881182368,12495,102686.1,101456.99,102676.81,107086.46,102657.42,102684.28,102701.7,102684.46
624202.901585556,12496,102689.04,101465.27,102681.88,107076.18,102674.62,102684.28,102699.82,102672.39
624202.922218351,12497,102681.01,101463.15,102679.79,107071.04,102669.53,102686.42,102694.7,102676.41
624202.94632518,12498,102682.09,101463.15,102683.82,107077.3,102680.78,102694.48,102694.7,102682.37
624202.966919327,12499,102685.03,101456.99,102687.84,107100.29,102671.65,102692.34,102698.74,102666.28
624202.987409786,12500,102689.04,101475.31,102676.81,107087.12,102668.47,102685.35,102687.7,102666.28
624203.007987037,12501,102698.14,101459.1,102671.74,107069.26,102678.66,102692.34,102690.67,102684.46
624203.029172237,12502,102685.03,101463.15,102678.9,107077.3,102670.59,102692.34,102697.67,102678.35
624203.049093737,12503,102691.19,101452.93,102693.96,107079.08,102673.56,102692.34,102696.85,102674.32
624203.069590826,12504,102681.01,101461.22,102675.76,107082.44,102662.52,102685.35,102696.85,102672.23
624203.090220877,12505,102681.01,101459.1,102683.82,107092.26,102663.58,102685.35,102695.78,102678.35
624203.114313685,12506,102689.04,101463.15,102682.77,107072.16,102671.65,102689.38,102693.63,102678.35
624203.134931778,12507,102694.13,101461.04,102677.86,107083.1,102654.45,102685.35,102697.93,102678.35
624203.155364921,12508,102682.09,101459.1,102681.88,107085.34,102671.65,102690.45,102694.7,102684.46
624203.176034231,12509,102685.03,101459.1,102693.96,107087.57,102678.66,102689.38,102707.89,102668.37
624203.19658351,12510,102697.07,101469.32,102688.89,107085.34,102670.59,102690.45,102695.78,102674.32
624203.217110094,12511,102685.03,101460.16,102677.86,107060.1,102681.63,102696.36,102681.52,102678.35
624203.237504729,12512,102681.01,101467.2,102680.84,107073.28,102679.72,102677.3,102690.67,102684.46
624203.258474393,12513,102697.07,101471.26,102681.88,107077.3,102680.78,102684.28,102704.93,102676.41
624203.282352536,12514,102689.04,101459.1,102677.86,107082.44,102677.6,102685.35,102680.7,102678.35
624203.302962507,12515,102679.94,101465.09,102675.76,107085.34,102661.46,102690.45,102684.74,102680.44
624203.323414859,12516,102687.18,101468.26,102678.74,107093.37,102677.6,102684.28,102690.67,102682.37
624203.34405171,12517,102693.06,101459.1,102684.86,107111.69,102674.62,102686.42,102692.82,102682.37
624203.364493015,12518,102689.04,101458.04,102684.86,107097.39,102677.6,102691.52,102702.78,102670.3
624203.385422539,12519,102681.01,101459.1,102683.82,107077.3,102671.65,102685.35,102696.85,102682.37
624203.405589129,12520,102679.94,101462.09,102693.96,107075.06,102669.53,102688.31,102696.85,102669.25
624203.4262395,12521,102689.04,101459.1,102691.87,107077.3,102662.52,102684.28,102690.67,102676.41
624203.449965003,12522,102689.04,101468.26,102680.84,107080.2,102677.81,102693.41,102694.7,102678.35
624203.470988318,12523,102694.13,101466.15,102683.82,107079.54,102671.65,102692.34,102704.93,102674.32
624203.491440721,12524,102690.12,101463.15,102684.86,107082.44,102674.62,102688.31,102698.74,102680.44
624203.5120767,12525,102685.03,101466.15,102689.94,107069.26,102665.49,102686.42,102696.85,102682.37
624203.53343982,12526,102679.94,101467.2,102684.86,107085.34,102671.65,102694.48,102695.78,102680.44
624203.553206285,12527,102682.09,101471.26,102691.87,107097.39,102674.62,102697.43,102691.74,102678.35
624203.573607359,12528,102685.03,101459.1,102687.84,107091.14,102667.61,102701.46,102692.82,102674.32
624203.594150709,12529,102687.97,101471.26,102683.82,107093.37,102669.53,102704.42,102686.63,102676.41
624203.617925916,12530,102681.01,101467.2,102688.89,107083.1,102666.55,102684.28,102691.74,102677.46
624203.63896105,12531,102681.01,101466.15,102683.82,107092.26,102670.59,102682.39,102692.82,102666.28
624203.658976071,12532,102687.97,101467.2,102677.86,107079.54,102671.65,102689.38,102686.63,102678.35
624203.680111476,12533,102693.06,101468.26,102679.79,107082.44,102678.66,102683.21,102686.63,102673.44
624203.700145445,12534,102677.0,101464.03,102679.79,107084.22,102683.76,102686.17,102694.7,102677.46
624203.721090101,12535,102681.01,101463.15,102684.86,107080.2,102666.55,102694.48,102700.89,102682.37
624203.741297894,12536,102681.01,101465.09,102677.86,107093.37,102674.62,102689.38,102688.78,102676.41
624203.765308407,12537,102694.13,101456.99,102692.92,107092.26,102673.56,102688.31,102700.89,102673.28
624203.785968383,12538,102679.94,101459.1,102680.84,107093.37,102671.65,102688.31,102696.85,102682.37
624203.806463229,12539,102683.17,101466.15,102685.91,107091.59,102681.84,102685.35,102699.82,102684.46
624203.827160392,12540,102685.03,101467.2,102684.86,107093.37,102661.46,102689.38,102691.74,102674.32
624203.847476498,12541,102681.01,101466.15,102688.89,107077.3,102680.78,102688.31,102698.74,102676.41
624203.868167781,12542,102685.03,101463.15,102683.82,107069.26,102671.65,102693.41,102699.0,102680.44
624203.889374504,12543,102693.06,101466.15,102685.91,107085.34,102679.72,102688.31,102692.82,102672.39
624203.909318788,12544,102683.95,101460.16,102680.84,107087.57,102686.73,102691.27,102700.89,102678.35
624203.933330934,12545,102685.03,101464.21,102693.96,107077.3,102679.72,102685.35,102704.93,102677.46
624203.953947735,12546,102689.04,101451.0,102683.82,107080.2,102677.6,102691.52,102703.85,102682.37
624203.974358674,12547,102682.09,101467.2,102680.84,107095.15,102661.46,102685.35,102696.85,102678.35
624203.995059071,12548,102686.1,101459.1,102685.91,107088.24,102674.62,102685.35,102696.85,102684.46
624204.015468388,12549,102698.14,101459.1,102675.76,107083.55,102671.65,102689.13,102699.0,102676.41
624204.036146471,12550,102697.07,101467.2,102679.79,107093.37,102675.69,102690.45,102694.7,102676.41
624204.056529028,12551,102685.03,101461.04,102688.89,107080.65,102669.74,102686.42,102699.82,102676.41
624204.077110055,12552,102687.97,101467.2,102679.79,107079.08,102678.66,102692.34,102702.78,102682.37
624204.101323736,12553,102694.13,101460.16,102685.91,107068.14,102672.71,102690.45,102699.82,102672.23
624204.122009981,12554,102689.04,101476.37,102679.79,107076.18,102671.65,102695.55,102699.82,102681.32
624204.14255279,12555,102685.03,101467.2,102680.84,107075.06,102670.59,102686.42,102698.74,102676.41
624204.16311631,12556,102686.1,101475.31,102689.94,107089.36,102660.61,102692.34,102691.74,102682.37
624204.183566149,12557,102681.01,101465.09,102688.89,107085.34,102666.55,102696.36,102695.78,102674.32
624204.204129398,12558,102681.01,101467.2,102680.84,107081.32,102670.59,102688.31,102691.74,102678.35
624204.224585877,12559,102682.09,101467.2,102681.88,107083.1,102669.53,102688.31,102702.78,102674.32
624204.245193874,12560,102685.03,101475.31,102685.91,107083.1,102668.47,102693.41,102696.85,102682.37
624204.269337219,12561,102689.04,101468.26,102685.91,107091.14,102668.68,102686.42,102694.7,102676.41
624204.290140451,12562,102682.09,101467.2,102685.91,107077.3,102672.71,102694.48,102694.7,102684.46
624204.310537179,12563,102685.03,101462.09,102692.92,107073.28,102673.56,102687.49,102700.89,102674.32
624204.331101661,12564,102689.04,101467.2,102677.86,107081.32,102679.72,102685.35,102688.78,102682.37
624204.3516972,12565,102697.07,101473.19,102681.88,107089.36,102671.65,102684.28,102689.85,102674.32
624204.372275852,12566,102691.19,101468.26,102688.0,107089.36,102686.73,102693.41,102686.63,102680.44
624204.392632059,12567,102686.1,101471.26,102678.9,107085.34,102687.79,102693.41,102700.89,102678.35
624204.413195089,12568,102697.07,101473.19,102683.82,107097.39,102675.69,102687.49,102695.78,102676.41
624204.43735608,12569,102678.86,101467.2,102688.89,107109.45,102678.66,102692.34,102699.0,102682.37
624204.45797887,12570,102689.04,101455.05,102686.96,107085.34,102684.82,102681.32,102699.0,102675.37
624204.478510191,12571,102681.01,101467.2,102680.84,107075.06,102667.61,102684.28,102697.93,102674.32
624204.499109516,12572,102685.03,101468.26,102693.96,107081.32,102669.53,102693.41,102695.78,102677.3
624204.519485883,12573,102678.86,101466.15,102686.96,107077.3,102674.62,102689.38,102696.85,102690.42
624204.540145788,12574,102677.0,101467.2,102685.91,107087.12,102669.53,102692.34,102694.7,102692.51
624204.560661747,12575,102693.06,101467.2,102685.91,107084.22,102677.81,102688.31,102692.82,102666.28
624204.581183163,12576,102685.03,101477.42,102693.96,107084.22,102687.79,102689.38,102696.85,102677.46
624204.605373769,12577,102695.21,101466.15,102691.87,107087.12,102682.69,102695.55,102690.67,102678.35
624204.626063801,12578,102697.07,101467.2,102681.88,107081.32,102674.62,102684.28,102698.74,102684.46
624204.64654737,12579,102681.01,101465.09,102687.84,107091.14,102680.78,102680.25,102692.82,102677.46
624204.667066082,12580,102681.01,101465.09,102684.86,107080.2,102671.65,102694.48,102698.74,102684.46
624204.687444713,12581,102697.07,101463.15,102684.86,107079.54,102676.75,102692.34,102696.85,102674.32
624204.708285973,12582,102681.01,101469.32,102683.82,107087.12,102679.72,102676.23,102690.67,102670.3
624204.730185814,12583,102687.97,101463.15,102684.86,107076.18,102667.61,102684.28,102694.7,102680.44
624204.749262125,12584,102697.07,101459.1,102683.82,107063.0,102672.71,102694.48,102688.78,102674.32
624204.772957442,12585,102683.95,101466.15,102669.8,107077.3,102676.75,102685.35,102692.82,102669.25
624204.794003122,12586,102687.97,101462.09,102688.89,107107.67,102667.61,102694.48,102691.74,102678.35
624204.814137733,12587,102689.04,101467.2,102679.79,107093.37,102665.49,102684.28,102698.74,102675.37
624204.83511533,12588,102683.95,101463.15,102685.91,107093.37,102661.46,102684.28,102703.85,102676.41
624204.855472708,12589,102685.03,101467.2,102692.92,107084.22,102679.72,102684.28,102686.63,102671.34
624204.876130461,12590,102695.21,101465.09,102680.84,107084.22,102683.76,102689.38,102690.67,102680.44
624204.898239508,12591,102689.04,101475.31,102687.84,107085.34,102663.58,102685.35,102700.89,102677.3
624204.91752806,12592,102683.95,101467.2,102681.88,107075.06,102660.61,102685.35,102700.89,102686.56
624204.941031206,12593,102685.03,101463.15,102680.84,107081.32,102666.55,102684.28,102702.78,102678.35
624204.962076936,12594,102689.04,101467.2,102693.96,107081.32,102669.53,102694.48,102699.82,102684.46
624204.98212042,12595,102679.94,101462.09,102685.91,107093.37,102679.72,102676.23,102688.78,102680.44
624205.003200361,12596,102681.01,101467.2,102691.87,107081.32,102660.61,102690.45,102694.7,102684.46
624205.023198797,12597,102681.01,101467.2,102685.91,107065.24,102672.71,102684.28,102703.85,102680.44
624205.044170654,12598,102685.03,101465.09,102681.88,107081.32,102675.69,102681.32,102690.67,102684.46
624205.064325917,12599,102681.01,101475.31,102689.94,107103.65,102669.53,102686.42,102688.78,102690.42
624205.088346195,12600,102685.03,101465.09,102685.91,107081.32,102680.78,102688.31,102691.74,102680.44
624205.108976326,12601,102683.17,101469.14,102692.92,107068.14,102679.72,102686.42,102687.7,102679.39
624205.129501628,12602,102690.12,101467.2,102679.79,107076.18,102663.58,102684.28,102694.7,102680.44
624205.150393165,12603,102687.18,101475.31,102685.91,107075.06,102670.59,102692.34,102692.82,102674.32
624205.171206713,12604,102681.01,101471.26,102683.82,107093.37,102678.66,102690.2,102692.82,102674.32
624205.191197708,12605,102685.03,101466.15,102673.83,107075.06,102671.65,102691.27,102691.74,102680.44
624205.212233191,12606,102689.04,101467.2,102675.76,107084.22,102661.46,102694.48,102698.74,102684.46
624205.232237035,12607,102689.04,101466.15,102685.91,107079.08,102671.65,102688.31,102696.85,102674.32
624205.256356213,12608,102681.01,101475.31,102676.81,107119.73,102670.59,102676.23,102699.82,102672.39
624205.277003089,12609,102678.86,101478.3,102685.91,107076.18,102684.82,102693.41,102700.89,102674.32
624205.298120547,12610,102681.01,101461.04,102675.76,107056.08,102681.63,102689.38,102688.78,102677.46
624205.318080985,12611,102685.03,101468.26,102693.96,107080.2,102672.71,102690.45,102702.78,102674.32
624205.338551285,12612,102683.95,101475.31,102683.82,107081.32,102687.79,102690.45,102700.89,102676.41
624205.359188106,12613,102689.04,101473.19,102688.0,107089.36,102676.75,102676.23,102692.82,102666.28
624205.379599105,12614,102675.93,101467.2,102679.79,107076.18,102670.59,102688.31,102692.82,102675.37
624205.400232902,12615,102689.04,101467.2,102677.86,107083.1,102679.72,102683.21,102700.89,102678.35
624205.424378439,12616,102689.04,101467.2,102683.82,107092.26,102666.55,102695.55,102696.85,102679.39
624205.445005916,12617,102686.1,101468.08,102685.91,107084.22,102679.72,102689.38,102696.85,102676.41
624205.465512721,12618,102694.13,101473.19,102677.86,107089.36,102671.65,102690.45,102692.82,102680.44
624205.48612871,12619,102681.01,101474.25,102684.86,107076.18,102688.85,102688.31,102692.82,102676.41
624205.506621223,12620,102690.12,101474.25,102687.84,107080.2,102687.79,102686.42,102697.93,102682.37
624205.527213377,12621,102681.01,101474.25,102686.96,107093.37,102679.72,102687.49,102701.97,102683.42
624205.547591827,12622,102682.88,101465.09,102677.86,107083.1,102675.69,102691.52,102711.12,102682.37
624205.568357183,12623,102689.04,101469.32,102684.86,107068.14,102666.55,102680.25,102700.89,102678.51
624205.592423871,12624,102691.98,101453.99,102679.79,107065.24,102680.78,102683.21,102696.85,102674.32
624205.613038528,12625,102689.04,101469.14,102684.86,107104.31,102669.53,102694.48,102706.0,102680.44
624205.63351043,12626,102697.07,101475.31,102676.81,107079.08,102670.59,102689.38,102696.85,102682.37
624205.655253734,12627,102681.01,101467.2,102688.0,107071.04,102657.42,102693.41,102696.85,102676.41
624205.674583218,12628,102694.13,101475.31,102684.86,107076.18,102679.72,102685.35,102695.78,102676.41
624205.695137956,12629,102697.07,101465.09,102676.81,107093.37,102679.72,102680.25,102694.97,102674.32
624205.715702097,12630,102681.01,101467.2,102685.91,107084.22,102684.82,102686.42,102704.93,102666.28
624205.736463406,12631,102681.01,101474.25,102689.94,107083.1,102656.36,102686.42,102696.85,102674.32
624205.76039508,12632,102687.18,101459.1,102684.86,107084.22,102672.71,102684.28,102700.89,102674.32
624205.781033333,12633,102689.04,101467.2,102685.91,107084.22,102660.61,102693.41,102692.82,102668.21
624205.801486937,12634,102686.1,101465.09,102685.91,107091.14,102672.71,102698.5,102692.82,102676.41
624205.822121755,12635,102689.04,101462.09,102685.91,107081.32,102659.54,102693.41,102697.93,102684.46
624205.842578514,12636,102693.06,101469.14,102685.91,107069.26,102687.79,102684.28,102696.85,102676.41
624205.863162575,12637,102699.22,101470.2,102688.0,107096.27,102667.61,102688.31,102696.85,102682.37
624205.883605413,12638,102689.04,101474.25,102678.9,107091.14,102679.72,102678.37,102696.85,102680.28
624205.904249195,12639,102694.13,101461.04,102681.88,107092.26,102673.56,102694.48,102691.74,102688.49
624205.928432279,12640,102685.03,101467.2,102681.88,107075.06,102660.61,102690.45,102688.78,102674.32
624205.94900959,12641,102687.97,101469.14,102677.86,107076.18,102683.76,102676.23,102695.78,102678.35
624205.969518388,12642,102683.95,101464.03,102693.96,107093.37,102684.82,102685.35,102688.78,102680.44
624205.990118533,12643,102689.04,101469.14,102678.9,107077.96,102679.72,102688.31,102692.82,102677.3
624206.010585658,12644,102681.01,101465.09,102677.86,107080.2,102670.59,102685.35,102688.78,102670.3
624206.031190951,12645,102691.19,101477.24,102685.91,107087.12,102668.68,102684.28,102688.78,102672.39
624206.05171388,12646,102683.17,101467.2,102688.89,107082.44,102675.69,102687.49,102695.78,102673.28
624206.072245061,12647,102693.06,101475.31,102693.96,107092.26,102671.65,102698.5,102695.78,102678.35
624206.095996353,12648,102681.01,101474.25,102686.96,107090.47,102672.71,102684.28,102697.93,102678.35
624206.117050365,12649,102685.03,101456.99,102683.82,107067.02,102671.65,102688.31,102694.97,102678.35
624206.137473953,12650,102690.12,101473.19,102683.98,107083.1,102674.62,102694.48,102696.85,102666.28
624206.15812759,12651,102681.01,101467.2,102684.86,107089.36,102670.59,102687.49,102697.93,102680.44
624206.178604769,12652,102685.03,101466.15,102686.96,107083.1,102675.69,102686.42,102696.85,102680.44
624206.199235731,12653,102691.19,101475.31,102676.81,107075.52,102671.65,102693.41,102696.85,102677.3
624206.220121319,12654,102679.94,101475.31,102683.82,107075.06,102675.69,102688.31,102695.78,102674.32
624206.243959492,12655,102685.03,101475.31,102681.88,107085.34,102673.77,102686.42,102696.85,102674.32
624206.263988403,12656,102678.86,101470.2,102677.86,107088.24,102680.78,102680.25,102693.89,102678.35
624206.285218452,12657,102689.04,101464.21,102696.06,107079.08,102679.72,102681.32,102689.85,102674.32
624206.305241945,12658,102687.97,101466.15,102681.88,107079.08,102667.61,102688.31,102692.82,102674.32
624206.326132851,12659,102686.1,101472.31,102677.86,107092.26,102664.64,102684.28,102699.0,102672.23
624206.346185678,12660,102683.95,101476.37,102685.91,107089.36,102680.78,102688.31,102696.85,102676.41
624206.367273712,12661,102681.01,101462.09,102686.96,107076.18,102675.69,102693.41,102704.93,102670.3
624206.387645142,12662,102681.01,101467.2,102677.86,107067.02,102672.71,102682.39,102694.7,102666.28
624206.411371155,12663,102689.04,101469.14,102689.94,107095.15,102681.84,102682.39,102699.82,102684.46
624206.432004661,12664,102681.01,101469.14,102688.0,107079.08,102664.64,102684.28,102688.78,102674.32
624206.45370487,12665,102691.19,101461.04,102693.96,107076.18,102680.57,102688.31,102699.0,102682.37
624206.473119603,12666,102679.94,101463.15,102695.01,107076.18,102679.72,102692.34,102694.7,102678.35
624206.49416335,12667,102681.01,101467.2,102693.96,107085.34,102663.58,102685.35,102687.7,102672.39
624206.514156487,12668,102681.01,101475.31,102695.9,107083.1,102674.62,102701.46,102691.74,102680.28
624206.535571775,12669,102685.03,101469.14,102684.86,107076.18,102675.69,102680.25,102696.85,102670.3
624206.555332812,12670,102685.03,101466.15,102677.86,107072.16,102671.65,102690.45,102701.97,102674.32
624206.579462996,12671,102687.18,101456.99,102685.91,107075.06,102672.71,102683.21,102694.7,102674.32
624206.600079467,12672,102690.12,101473.19,102681.88,107084.22,102677.6,102688.31,102689.85,102680.44
624206.620510897,12673,102681.01,101465.09,102683.98,107093.37,102673.77,102686.42,102703.04,102670.3
624206.641223002,12674,102685.03,101452.93,102687.84,107067.02,102663.58,102686.42,102690.93,102680.44
624206.661640432,12675,102687.97,101461.04,102685.91,107068.14,102671.65,102680.25,102695.78,102676.41
624206.682260848,12676,102685.03,101464.03,102693.96,107083.1,102683.76,102681.32,102696.85,102670.3
624206.702824068,12677,102686.89,101461.04,102691.87,107088.24,102671.65,102684.28,102704.93,102676.41
624206.723314798,12678,102681.01,101452.93,102677.86,107079.08,102663.58,102692.34,102688.78,102684.46
624206.747419053,12679,102679.94,101461.04,102688.89,107079.54,102658.48,102692.34,102688.78,102673.28
624206.768019639,12680,102686.1,101471.26,102685.91,107091.14,102675.69,102685.35,102689.85,102672.39
624206.789312493,12681,102689.04,101465.09,102685.91,107085.34,102669.53,102685.35,102698.74,102670.46
624206.809383327,12682,102681.01,101468.08,102685.91,107077.3,102670.59,102684.28,102696.85,102677.3
624206.829616498,12683,102682.09,101456.99,102684.86,107075.06,102663.58,102692.34,102687.7,102682.37
624206.850285758,12684,102683.17,101465.09,102684.86,107076.18,102664.64,102693.41,102700.89,102683.42
624206.870908889,12685,102685.03,101465.09,102692.92,107087.12,102675.69,102672.2,102693.89,102676.41
624206.89133411,12686,102697.07,101467.2,102685.91,107095.15,102659.54,102680.25,102685.82,102684.46
624206.915412386,12687,102689.04,101456.99,102693.96,107068.14,102683.76,102690.45,102688.78,102684.46
624206.936045832,12688,102689.04,101465.09,102688.89,107068.14,102658.48,102681.32,102690.67,102678.35
624206.956493046,12689,102689.04,101456.99,102675.76,107080.2,102673.56,102693.41,102700.89,102677.3
624206.977247425,12690,102681.01,101451.88,102685.91,107091.14,102683.76,102684.28,102695.78,102676.41
624206.997628279,12691,102682.09,101465.09,102684.86,107077.3,102670.59,102692.34,102690.67,102684.46
624207.018475478,12692,102697.07,101462.09,102683.82,107071.04,102676.75,102685.35,102696.85,102676.41
624207.038709149,12693,102683.95,101464.03,102685.91,107089.36,102677.6,102689.38,102704.93,102672.39
624207.059322275,12694,102678.86,101465.09,102685.91,107079.08,102679.72,102685.35,102696.85,102678.35
624207.083467432,12695,102682.88,101459.98,102677.86,107088.24,102679.72,102681.32,102700.89,102672.39
624207.104038404,12696,102686.1,101461.04,102685.91,107075.06,102687.79,102697.43,102687.7,102676.41
624207.124593841,12697,102691.98,101474.25,102685.91,107088.24,102684.82,102684.28,102696.85,102678.35
624207.145148037,12698,102679.94,101456.99,102689.94,107087.12,102668.47,102680.25,102688.78,102680.44
624207.165632068,12699,102678.86,101465.09,102681.88,107093.37,102663.58,102692.34,102696.85,102674.32
624207.186239915,12700,102690.12,101456.99,102696.94,107060.1,102680.78,102688.31,102701.97,102676.41
624207.206777155,12701,102689.04,101465.09,102684.86,107076.18,102684.82,102697.43,102707.08,102676.41
624207.227276689,12702,102681.01,101465.09,102685.91,107084.22,102662.52,102681.32,102683.67,102674.32
624207.25145765,12703,102693.06,101463.15,102680.84,107084.22,102679.72,102694.48,102699.0,102674.32
624207.272063604,12704,102690.12,101470.2,102684.86,107069.26,102679.72,102689.38,102691.74,102676.25
624207.292522236,12705,102686.1,101468.08,102685.91,107079.08,102677.6,102688.31,102704.93,102669.25
624207.313200249,12706,102681.01,101458.04,102680.84,107085.34,102679.72,102689.38,102711.93,102666.28
624207.333774436,12707,102689.04,101471.26,102680.84,107079.08,102674.62,102689.38,102697.93,102682.37
624207.354289292,12708,102683.95,101465.09,102684.86,107084.22,102671.65,102687.24,102693.08,102677.3
624207.37483151,12709,102689.04,101463.15,102685.91,107075.06,102687.79,102685.35,102699.0,102677.3
624207.395323002,12710,102681.01,101469.14,102685.91,107074.4,102681.84,102684.28,102696.85,102674.32
624207.419028063,12711,102681.01,101458.04,102681.88,107088.24,102667.61,102697.43,102692.82,102670.3
624207.440082155,12712,102687.97,101467.2,102677.86,107093.37,102678.66,102680.25,102704.93,102673.28
624207.460148434,12713,102685.03,101462.09,102686.96,107072.16,102665.7,102680.25,102710.04,102674.32
624207.481154944,12714,102681.01,101454.87,102685.91,107077.3,102682.69,102688.31,102689.85,102678.35
624207.501681949,12715,102685.03,101463.15,102681.88,107092.26,102673.56,102689.38,102699.82,102676.41
624207.522520555,12716,102690.12,101463.15,102677.86,107083.1,102674.62,102692.34,102697.93,102676.41
624207.542725062,12717,102681.01,101469.14,102685.91,107076.18,102675.69,102686.42,102683.67,102676.41
624207.56699592,12718,102690.12,101466.15,102685.91,107082.44,102652.32,102687.49,102695.78,102673.28
624207.587069028,12719,102689.04,101466.15,102680.84,107089.36,102671.65,102689.38,102692.82,102665.23
624207.608095058,12720,102681.01,101465.09,102689.94,107073.28,102674.62,102697.43,102697.93,102684.46
624207.628144751,12721,102697.07,101464.03,102680.84,107085.34,102673.56,102684.28,102692.82,102674.32
624207.649171482,12722,102685.03,101468.26,102682.93,107084.22,102671.65,102693.41,102691.74,102684.46
624207.669298472,12723,102681.01,101456.99,102684.86,107077.3,102678.66,102694.48,102699.0,102682.37
624207.690240765,12724,102690.12,101466.15,102681.88,107081.32,102672.71,102688.31,102699.82,102674.32
624207.710702071,12725,102689.04,101454.87,102691.87,107097.39,102670.59,102676.23,102685.82,102674.32
624207.734446762,12726,102681.01,101475.31,102680.84,107076.18,102675.47,102686.42,102704.93,102680.44
624207.755071435,12727,102679.94,101461.04,102675.76,107077.3,102667.61,102692.34,102704.93,102668.37
624207.775477587,12728,102685.03,101467.2,102685.91,107091.14,102672.71,102684.28,102688.78,102684.46
624207.796138394,12729,102685.03,101459.1,102685.91,107081.32,102671.65,102694.48,102687.7,102676.41
624207.817211485,12730,102693.06,101467.2,102683.82,107075.06,102669.74,102681.32,102691.74,102668.37
624207.837250172,12731,102689.04,101459.1,102691.87,107079.08,102670.59,102676.23,102698.74,102678.35
624207.858287769,12732,102689.04,101465.09,102676.81,107092.26,102688.85,102699.57,102692.82,102674.32
624207.879187718,12733,102689.04,101465.09,102685.91,107069.26,102674.62,102697.43,102690.67,102675.37
624207.902446415,12734,102683.95,101472.31,102688.0,107076.18,102670.59,102685.35,102695.78,102676.41
624207.923104328,12735,102685.03,101467.2,102681.88,107093.37,102673.77,102685.35,102699.82,102681.32
624207.943520665,12736,102689.04,101462.09,102677.86,107080.2,102671.65,102685.35,102696.85,102677.46
624207.964215694,12737,102686.1,101467.2,102686.96,107091.14,102670.59,102688.31,102699.0,102676.41
624207.984576918,12738,102678.86,101470.2,102683.82,107091.14,102670.59,102686.42,102700.89,102677.46
624208.005204215,12739,102681.01,101490.45,102681.88,107081.32,102685.88,102688.31,102687.7,102673.28
624208.025679422,12740,102683.95,101465.09,102679.79,107089.36,102675.69,102698.5,102692.82,102680.44
624208.046280609,12741,102683.95,101480.23,102683.82,107095.61,102671.65,102688.31,102700.89,102684.46
624208.070440589,12742,102687.97,101478.3,102681.88,107084.22,102673.56,102680.25,102700.89,102684.46
624208.091040354,12743,102686.1,101466.15,102685.91,107095.61,102662.52,102689.38,102697.93,102674.32
624208.111518715,12744,102694.13,101466.15,102688.89,107092.26,102677.81,102688.31,102693.89,102674.32
624208.132190058,12745,102679.94,101474.25,102676.81,107097.39,102675.69,102689.38,102700.89,102674.32
624208.15270814,12746,102686.1,101473.19,102680.84,107093.37,102671.65,102684.28,102696.85,102678.35
624208.175569956,12747,102683.95,101482.35,102680.84,107095.61,102681.84,102684.28,102697.93,102681.49
624208.194064137,12748,102685.03,101473.19,102685.91,107088.24,102671.65,102688.31,102696.85,102678.35
624208.214451831,12749,102682.09,101481.29,102688.89,107097.39,102675.69,102696.36,102699.0,102674.32
624208.238444678,12750,102683.95,101473.19,102684.86,107084.22,102679.72,102685.35,102695.78,102676.41
624208.259090593,12751,102689.04,101489.39,102684.86,107091.14,102683.76,102684.28,102706.0,102682.53
624208.280167689,12752,102686.1,101490.45,102691.87,107103.19,102671.65,102679.18,102684.74,102676.41
624208.300240888,12753,102686.1,101493.45,102675.76,107095.15,102675.69,102687.24,102696.85,102666.28
624208.320688623,12754,102682.09,101497.5,102680.84,107095.61,102672.71,102682.39,102687.7,102674.32
624208.343111486,12755,102681.01,101494.5,102682.93,107109.45,102679.72,102694.48,102696.85,102668.37
624208.361779309,12756,102687.97,101499.61,102684.86,107097.39,102674.62,102686.42,102695.78,102676.41
624208.382486777,12757,102682.09,101490.45,102684.86,107108.33,102680.78,102691.52,102704.93,102678.35
624208.406469348,12758,102677.0,101498.56,102681.88,107095.15,102676.75,102685.35,102695.78,102678.35
624208.427076845,12759,102698.14,101482.35,102677.86,107097.39,102663.58,102678.11,102690.67,102674.32
624208.447552803,12760,102685.03,101481.29,102687.84,107107.21,102684.82,102683.21,102696.85,102674.32
624208.468318469,12761,102689.04,101494.5,102695.01,107088.24,102675.69,102684.28,102687.7,102682.53
624208.488723609,12762,102689.04,101489.39,102685.91,107093.37,102679.72,102690.45,102688.78,102676.41
624208.509384026,12763,102675.93,101507.72,102696.06,107096.27,102680.78,102697.43,102686.63,102669.25
624208.529878752,12764,102690.12,101511.77,102675.76,107117.49,102680.78,102693.41,102692.82,102681.49
624208.550429233,12765,102690.12,101519.87,102684.86,107115.25,102671.65,102685.35,102688.78,102684.46
624208.575049068,12766,102685.03,101516.88,102688.89,107115.25,102677.6,102689.38,102695.78,102676.25
624208.595088175,12767,102689.04,101515.82,102681.88,107113.47,102671.65,102692.34,102695.78,102670.3
624208.615541118,12768,102682.09,101515.82,102677.86,107108.33,102678.66,102686.42,102694.7,102668.37
624208.636219372,12769,102681.01,101507.72,102680.84,107119.27,102664.64,102692.34,102695.78,102684.46
624208.658173525,12770,102681.01,101518.81,102684.86,107107.21,102680.78,102686.17,102692.82,102662.25
624208.677187542,12771,102687.97,101514.76,102676.81,107115.25,102677.6,102692.34,102692.82,102680.44
624208.697760727,12772,102683.95,101521.81,102683.82,107107.21,102671.65,102690.45,102695.78,102666.28
624208.718413903,12773,102689.04,101502.61,102672.78,107116.37,102671.65,102694.48,102690.67,102671.34
624208.742120046,12774,102689.04,101524.98,102684.86,107097.39,102678.66,102688.56,102696.85,102674.32
624208.763123632,12775,102689.04,101505.6,102680.84,107115.25,102665.49,102689.38,102695.78,102676.41
624208.783223871,12776,102686.1,101525.86,102684.86,107125.53,102674.62,102688.31,102695.78,102681.32
624208.804194217,12777,102697.07,101538.01,102693.96,107119.27,102676.75,102680.25,102704.93,102672.39
624208.825038612,12778,102685.03,101557.39,102684.86,107131.33,102681.84,102688.31,102696.85,102674.32
624208.845227245,12779,102681.01,101533.96,102685.91,107128.43,102671.65,102685.35,102696.85,102674.32
624208.865798677,12780,102679.94,101546.11,102681.88,107124.41,102681.63,102686.42,102699.82,102676.41
624208.890050706,12781,102685.03,101529.91,102680.84,107119.27,102693.74,102684.28,102693.89,102674.32
624208.910103544,12782,102683.95,101554.22,102681.88,107127.31,102689.91,102694.48,102703.85,102684.46
624208.931135132,12783,102681.01,101538.01,102676.81,107130.21,102669.74,102681.32,102680.7,102669.25
624208.951157574,12784,102687.18,101544.18,102675.76,107109.45,102668.68,102685.35,102692.82,102676.41
624208.972259349,12785,102683.17,101539.07,102677.86,107124.41,102681.63,102687.24,102690.67,102666.44
624208.992677238,12786,102681.01,101540.13,102683.82,107123.29,102678.66,102680.25,102696.85,102674.32
624209.013537978,12787,102690.12,101538.01,102676.81,107124.41,102671.65,102676.23,102696.85,102670.3
624209.033972363,12788,102679.94,101530.97,102685.91,107116.37,102672.71,102692.34,102684.74,102674.32
624209.05746288,12789,102685.03,101570.42,102677.86,107133.57,102669.53,102682.39,102696.85,102674.32
624209.078113643,12790,102686.1,101562.32,102685.91,107149.65,102673.56,102690.45,102696.85,102684.46
624209.098586305,12791,102682.09,101588.74,102685.91,107150.77,102671.65,102689.38,102692.82,102670.3
624209.119169205,12792,102682.09,101572.54,102677.86,107140.49,102664.43,102676.23,102693.89,102682.37
624209.140334255,12793,102689.04,101579.58,102673.83,107139.37,102667.61,102684.28,102694.97,102671.34
624209.16043807,12794,102679.94,101570.42,102689.94,107139.37,102674.62,102688.31,102697.93,102682.37
624209.181306581,12795,102682.09,101570.42,102677.86,107134.23,102671.65,102674.34,102697.93,102678.35
624209.201299048,12796,102681.01,101574.47,102677.86,107141.61,102678.66,102678.37,102696.85,102674.32
624209.225464536,12797,102698.14,101570.42,102676.81,107141.61,102674.83,102684.28,102682.85,102674.32
624209.246080655,12798,102685.03,101568.49,102687.84,107147.41,102671.65,102689.38,102703.04,102684.46
624209.266559929,12799,102690.12,101572.54,102677.86,107137.59,102680.78,102681.32,102687.7,102676.41
624209.28722371,12800,102682.09,101572.54,102684.86,107128.43,102683.76,102693.41,102697.93,102676.41
624209.307658937,12801,102685.03,101572.54,102685.91,107141.61,102663.58,102678.37,102689.85,102680.44
624209.328243769,12802,102689.04,101598.78,102677.86,107157.69,102671.65,102684.28,102704.93,102664.18
624209.349006861,12803,102685.03,101613.05,102688.0,107172.65,102670.59,102693.41,102690.67,102678.35
624209.369511112,12804,102689.04,101614.99,102693.96,107156.57,102665.49,102680.25,102692.82,102664.34
624209.393466121,12805,102689.04,101603.89,102685.91,107167.51,102662.52,102682.39,102689.85,102666.44
624209.41413438,12806,102685.03,101604.95,102684.86,107157.69,102676.54,102689.38,102692.82,102676.41
624209.434693333,12807,102685.03,101606.88,102683.82,107164.61,102686.73,102676.23,102692.82,102674.32
624209.455205156,12808,102681.01,101610.93,102688.89,107155.45,102688.85,102680.25,102693.89,102666.28
624209.475800654,12809,102689.04,101606.88,102693.96,107159.47,102668.68,102684.28,102703.85,102678.35
624209.497624691,12810,102687.97,101602.83,102689.94,107156.57,102668.47,102681.32,102695.78,102676.41
624209.517015728,12811,102668.97,101601.77,102685.91,107155.45,102670.59,102697.43,102692.82,102674.32
624209.537311723,12812,102681.01,101603.89,102693.96,107165.73,102675.69,102688.31,102701.97,102674.32
624209.56148324,12813,102686.89,101602.83,102685.91,107155.45,102684.82,102679.18,102699.0,102678.35
624209.582118449,12814,102686.1,101586.63,102693.96,107147.41,102658.48,102681.32,102697.93,102676.41
624209.602610581,12815,102695.99,101619.04,102689.94,107172.65,102658.48,102682.39,102700.89,102674.32
624209.623243807,12816,102697.07,101671.7,102683.82,107203.69,102679.72,102684.28,102696.85,102674.32
624209.643679905,12817,102690.12,101660.61,102693.96,107192.75,102671.44,102681.32,102704.93,102681.49
624209.664275884,12818,102685.03,101651.45,102686.96,107192.75,102678.66,102676.23,102696.85,102682.37
624209.685257096,12819,102691.19,101654.44,102681.88,107197.89,102674.62,102687.24,102692.82,102666.28
624209.70545953,12820,102689.04,101668.71,102679.79,107187.61,102676.75,102681.32,102688.78,102676.41
624209.72948089,12821,102682.09,101655.5,102688.0,107183.59,102671.65,102686.42,102696.85,102677.46
624209.750130991,12822,102685.03,101651.45,102675.92,107189.85,102671.65,102694.48,102688.78,102670.3
624209.770647791,12823,102693.06,101650.39,102682.93,107189.85,102679.72,102686.42,102694.7,102684.46
624209.791267536,12824,102674.85,101647.4,102677.86,107191.63,102669.53,102682.39,102699.0,102684.46
624209.811799859,12825,102697.07,101651.45,102685.91,107191.63,102671.65,102688.31,102697.93,102666.28
624209.832516451,12826,102687.18,101651.45,102682.93,107188.73,102671.65,102684.28,102688.78,102671.34
624209.853324591,12827,102687.97,101651.45,102685.91,107179.57,102667.61,102681.32,102701.97,102665.23
624209.873512824,12828,102689.04,101700.06,102685.91,107201.45,102665.49,102693.41,102696.85,102675.37
624209.897517198,12829,102690.12,101718.39,102676.81,107227.81,102672.71,102689.38,102696.85,102682.37
624209.918163524,12830,102681.01,101714.34,102677.86,107224.91,102676.75,102693.41,102700.89,102676.41
624209.93863842,12831,102689.04,101710.29,102683.82,107219.77,102660.39,102685.35,102700.89,102682.37
624209.959293649,12832,102672.99,101708.17,102686.96,107222.01,102659.54,102689.38,102700.89,102681.32
624209.979712721,12833,102685.03,101700.06,102677.86,107215.75,102678.66,102686.42,102695.78,102673.28
624210.000366067,12834,102690.12,101706.24,102685.91,107212.85,102680.78,102686.42,102700.89,102674.32
624210.02315361,12835,102694.13,101708.17,102684.86,107219.77,102673.56,102684.28,102687.7,102672.39
624210.045042135,12836,102679.94,101718.39,102681.88,107215.75,102670.59,102683.21,102692.82,102672.39
624210.065184919,12837,102683.95,101700.06,102675.76,107219.77,102683.76,102688.31,102689.85,102676.41
624210.086156797,12838,102677.0,101710.29,102681.88,107220.89,102664.64,102686.42,102694.97,102676.41
624210.106585263,12839,102681.01,101709.23,102688.89,107215.75,102679.72,102688.31,102690.67,102670.3
624210.127270577,12840,102694.92,101710.29,102685.91,107219.77,102670.59,102684.28,102696.85,102678.51
624210.147688697,12841,102679.94,101750.8,102685.91,107251.93,102679.72,102688.31,102689.85,102690.42
624210.168279058,12842,102682.09,101775.98,102689.94,107259.97,102678.66,102688.31,102699.0,102675.37
624210.188823419,12843,102691.19,101767.01,102669.8,107259.97,102674.62,102687.49,102695.78,102674.32
624210.213050711,12844,102681.01,101775.11,102686.96,107254.17,102680.57,102688.31,102692.82,102674.32
624210.233168147,12845,102683.95,101764.89,102681.88,107243.89,102675.69,102676.23,102692.82,102684.46
624210.254166885,12846,102685.03,101775.98,102688.89,107253.05,102664.64,102693.41,102695.78,102674.32
624210.274161715,12847,102689.04,101765.95,102685.91,107250.81,102679.72,102693.41,102689.85,102674.32
624210.295233033,12848,102683.95,101771.06,102680.84,107257.07,102678.66,102686.42,102692.82,102665.23
624210.315386574,12849,102694.92,101779.16,102681.88,107251.93,102674.62,102686.42,102691.74,102674.32
624210.336290719,12850,102681.01,101765.95,102689.94,107249.03,102686.73,102686.42,102690.67,102674.32
624210.356717052,12851,102677.0,101772.99,102672.78,107253.05,102679.72,102681.32,102684.74,102668.37
624210.380493882,12852,102681.01,101774.05,102684.86,107245.01,102671.65,102684.28,102688.78,102676.41
624210.401192797,12853,102681.01,101767.01,102685.91,107249.03,102680.78,102693.41,102696.85,102674.32
624210.421590386,12854,102689.04,101837.81,102677.86,107290.35,102671.65,102685.35,102694.7,102678.35
624210.442256842,12855,102685.03,101858.07,102683.82,107303.53,102674.62,102684.28,102691.74,102676.41
624210.463318275,12856,102689.04,101833.76,102681.88,107296.15,102676.75,102685.35,102700.89,102676.41
624210.483287557,12857,102694.92,101848.04,102681.88,107293.25,102680.78,102694.48,102687.7,102678.35
624210.504310021,12858,102681.01,101843.99,102684.86,107292.13,102675.69,102686.42,102692.82,102680.44
624210.524468129,12859,102683.95,101837.81,102676.81,107289.23,102675.69,102690.45,102691.74,102674.32
624210.548494656,12860,102682.09,101846.98,102681.88,107285.21,102669.53,102694.48,102691.74,102664.34
624210.569147972,12861,102686.89,101841.87,102681.88,107288.11,102678.66,102692.34,102688.78,102676.41
624210.591115045,12862,102685.03,101841.87,102677.86,107284.09,102678.66,102696.36,102692.82,102674.32
624210.610331819,12863,102679.94,101841.0,102686.96,107292.13,102678.66,102698.5,102694.7,102676.41
624210.630861037,12864,102681.01,101838.88,102688.0,107294.37,102669.53,102697.43,102685.82,102676.41
624210.651416335,12865,102679.94,101829.71,102681.88,107284.09,102687.79,102693.41,102697.93,102676.41
624210.671914987,12866,102686.89,101831.83,102683.98,107290.35,102675.69,102687.49,102699.0,102674.32
624210.693051845,12867,102685.03,101834.82,102685.91,107300.17,102670.59,102694.48,102686.89,102678.35
624210.71800251,12868,102675.93,101830.77,102683.82,107288.11,102680.78,102681.32,102699.0,102674.32
624210.737178412,12869,102685.03,101848.04,102675.76,107292.13,102683.76,102689.38,102696.85,102676.41
624210.757598415,12870,102679.15,101839.94,102684.86,107280.07,102658.48,102690.45,102699.0,102674.32
624210.778232001,12871,102685.03,101838.88,102681.88,107282.31,102668.68,102690.45,102688.78,102676.41
624210.798687168,12872,102681.01,101894.54,102684.86,107332.33,102668.68,102690.45,102696.85,102678.35
624210.819335937,12873,102689.04,101920.97,102685.91,107340.37,102676.75,102694.48,102692.82,102684.46
624210.840155875,12874,102689.04,101915.86,102693.96,107332.33,102687.79,102688.31,102690.93,102684.46
624210.86035894,12875,102685.03,101902.64,102681.88,107341.49,102679.72,102682.39,102699.0,102674.32
624210.884530257,12876,102672.99,101904.76,102678.9,107336.35,102663.58,102685.35,102693.89,102676.41
624210.905152085,12877,102685.03,101899.65,102692.92,107340.37,102682.69,102685.35,102696.85,102674.32
624210.925614402,12878,102681.01,101904.76,102681.88,107334.57,102659.54,102684.28,102697.93,102672.39
624210.94624216,12879,102686.89,101904.76,102693.96,107324.29,102671.65,102682.14,102696.85,102670.3
624210.966708703,12880,102682.09,101907.75,102673.83,107332.33,102669.74,102686.42,102696.85,102672.39
624210.987273516,12881,102685.03,101896.66,102686.96,107320.27,102670.59,102684.28,102700.89,102681.49
624211.007660639,12882,102685.03,101907.75,102677.86,107324.29,102671.65,102686.42,102697.93,102682.37
624211.028360586,12883,102681.01,101902.64,102681.88,107333.45,102662.52,102685.35,102700.89,102676.41
624211.052520916,12884,102690.12,101886.43,102679.79,107332.33,102674.62,102686.42,102692.82,102674.32
624211.073131998,12885,102681.01,101896.66,102689.94,107317.37,102664.43,102694.48,102691.74,102670.3
624211.093737572,12886,102689.04,101898.59,102685.91,107324.29,102669.53,102688.31,102688.78,102674.32
624211.114282214,12887,102687.18,101886.43,102680.99,107333.45,102673.56,102690.45,102701.97,102684.46
624211.134665071,12888,102686.1,101887.5,102676.81,107332.33,102675.69,102686.42,102696.85,102676.41
624211.155399389,12889,102689.04,101888.56,102683.82,107317.37,102675.69,102689.38,102689.85,102676.41
624211.175793934,12890,102691.19,101943.16,102685.91,107353.55,102669.53,102684.28,102696.85,102676.41
624211.196430074,12891,102681.01,101984.73,102679.79,107390.85,102674.62,102695.55,102695.78,102674.32
624211.22054115,12892,102682.09,101977.69,102685.91,107373.65,102675.69,102690.45,102696.85,102673.28
624211.2412172,12893,102681.01,101973.64,102689.94,107382.81,102672.71,102682.39,102688.78,102677.46
624211.261600227,12894,102687.97,101973.64,102685.02,107368.5,102669.53,102688.31,102690.93,102671.34
624211.282289448,12895,102677.0,101978.76,102685.91,107379.44,102673.77,102692.34,102692.82,102665.23
624211.302695209,12896,102682.09,101969.59,102678.9,107375.42,102685.67,102688.31,102698.74,102678.35
624211.323394465,12897,102685.03,101961.49,102683.98,107376.54,102671.65,102690.45,102692.82,102674.32
624211.343746626,12898,102697.07,101959.36,102676.81,107375.42,102675.69,102676.23,102701.97,102678.35
624211.36811487,12899,102689.04,101968.53,102679.95,107377.67,102678.66,102674.34,102693.89,102672.39
624211.388561584,12900,102683.95,101969.59,102689.94,107372.52,102663.58,102685.35,102696.85,102673.44
624211.409182391,12901,102687.18,101961.49,102679.79,107377.67,102666.55,102689.38,102689.85,102666.28
624211.429605188,12902,102694.13,101973.64,102693.96,107377.67,102658.48,102679.44,102689.85,102672.23
624211.450316362,12903,102691.19,102044.45,102685.91,107429.93,102677.6,102694.48,102695.78,102673.28
624211.470763286,12904,102687.18,102066.83,102685.91,107444.88,102673.56,102686.42,102683.67,102680.44
624211.49143514,12905,102679.94,102074.94,102689.94,107439.09,102680.78,102693.41,102707.08,102676.41
624211.511885248,12906,102685.03,102058.73,102677.86,107444.23,102672.71,102685.35,102689.85,102677.46
624211.536088814,12907,102686.1,102059.79,102688.89,107440.86,102669.74,102685.35,102696.85,102672.39
624211.556123575,12908,102689.04,102052.55,102681.88,107436.84,102672.71,102685.35,102693.89,102676.41
624211.577164557,12909,102689.04,102056.6,102677.86,107440.86,102674.62,102690.45,102701.97,102676.41
624211.59721385,12910,102686.1,102056.6,102677.86,107428.8,102678.66,102690.45,102689.85,102680.44
624211.618303225,12911,102690.12,102052.55,102677.86,107425.91,102674.62,102686.42,102692.82,102680.44
624211.63887617,12912,102685.03,102048.5,102684.86,107428.8,102677.6,102690.45,102686.63,102677.46
624211.659584349,12913,102685.03,102053.61,102684.86,107433.95,102669.53,102687.49,102691.74,102666.28
624211.679821315,12914,102681.01,102058.73,102685.91,107431.05,102665.49,102685.35,102696.85,102676.41
624211.703545305,12915,102687.18,102053.61,102693.96,107427.68,102679.72,102689.38,102696.85,102674.32
624211.724208737,12916,102687.97,102125.48,102685.91,107478.17,102669.53,102684.53,102696.85,102685.51
624211.744630993,12917,102681.01,102170.05,102684.86,107509.21,102681.84,102693.41,102692.82,102674.32
624211.765233042,12918,102689.04,102174.1,102684.86,107494.25,102663.58,102688.31,102691.74,102678.35
624211.786479816,12919,102681.01,102164.08,102682.93,107489.11,102667.61,102692.34,102696.85,102685.51
624211.807427597,12920,102689.04,102155.97,102683.98,107483.31,102671.65,102677.3,102688.78,102672.39
624211.827335616,12921,102685.03,102153.84,102684.86,107494.25,102672.71,102690.45,102697.93,102672.39
624211.847284537,12922,102681.01,102146.81,102677.86,107478.17,102675.69,102680.25,102688.78,102666.28
624211.871526971,12923,102681.01,102157.9,102689.94,107490.23,102669.53,102682.39,102695.78,102678.35
624211.892199957,12924,102678.86,102151.92,102693.96,107494.25,102675.69,102684.28,102701.97,102680.44
624211.912589234,12925,102690.12,102143.82,102685.91,107477.05,102680.78,102682.39,102693.89,102676.41
624211.933326437,12926,102679.94,102142.75,102684.86,107493.13,102668.68,102691.52,102696.85,102685.51
624211.953717145,12927,102672.99,102147.87,102681.88,107490.23,102673.56,102690.45,102707.08,102679.39
624211.974349901,12928,102687.97,102145.74,102685.91,107475.92,102669.53,102686.42,102693.89,102680.44
624211.994733619,12929,102671.91,102244.05,102685.91,107557.45,102667.4,102694.48,102704.93,102676.41
624212.015645476,12930,102689.04,102279.45,102693.96,107566.61,102679.72,102688.31,102703.04,102669.41
624212.039548998,12931,102689.04,102253.22,102684.86,107554.55,102687.79,102689.38,102693.89,102678.51
624212.060169274,12932,102685.03,102260.26,102681.88,107557.45,102675.69,102690.45,102689.85,102668.21
624212.080643529,12933,102677.79,102251.09,102696.06,107546.51,102674.62,102684.28,102692.82,102670.3
624212.101267741,12934,102699.22,102251.09,102685.91,107545.39,102670.59,102680.25,102693.89,102671.34
624212.121614924,12935,102681.01,102260.26,102676.81,107545.39,102666.55,102689.38,102696.85,102673.44
624212.14238061,12936,102681.01,102260.26,102685.91,107541.37,102679.51,102684.28,102688.78,102678.35
624212.162739501,12937,102685.03,102252.15,102683.98,107541.37,102663.58,102694.48,102696.85,102676.41
624212.183660672,12938,102685.03,102251.09,102688.0,107529.31,102671.65,102683.21,102696.85,102673.44
624212.207604124,12939,102677.0,102253.22,102684.86,107545.39,102662.52,102687.49,102699.0,102677.46
624212.228228306,12940,102681.01,102242.98,102686.96,107537.35,102664.64,102690.45,102692.82,102676.41
624212.248698916,12941,102682.09,102251.09,102682.93,107525.29,102662.52,102692.34,102699.0,102672.23
624212.269514187,12942,102685.03,102370.73,102685.91,107621.77,102673.77,102698.5,102690.93,102673.44
624212.28984773,12943,102685.32,102406.13,102685.91,107625.79,102662.52,102690.45,102699.0,102674.32
624212.310514196,12944,102674.06,102372.65,102685.91,107621.77,102678.66,102697.43,102688.78,102664.34
624212.330848319,12945,102690.12,102381.82,102677.86,107621.77,102663.58,102686.42,102699.0,102682.53
624212.351385429,12946,102687.18,102376.7,102681.88,107622.9,102671.65,102689.38,102689.85,102677.46
624212.375795147,12947,102682.09,102378.83,102684.86,107609.71,102671.65,102686.42,102699.0,102666.28
624212.396238565,12948,102686.1,102370.73,102681.88,107621.77,102661.46,102690.45,102699.0,102676.41
624212.41667238,12949,102677.0,102365.61,102683.98,107605.69,102673.56,102685.35,102699.0,102670.3
624212.437370984,12950,102685.03,102366.68,102680.84,107605.69,102682.69,102686.42,102690.93,102672.39
624212.457910718,12951,102681.01,102360.49,102673.83,107614.85,102679.72,102682.39,102700.08,102692.51
624212.479289201,12952,102695.21,102352.39,102679.95,107620.0,102680.78,102684.28,102689.85,102676.41
624212.499538286,12953,102682.09,102373.71,102681.88,107606.81,102676.75,102680.0,102697.93,102668.37
624212.519728011,12954,102681.01,102364.54,102680.84,107605.69,102679.72,102684.28,102697.93,102676.41
624212.543622059,12955,102682.09,102462.86,102681.88,107661.97,102675.69,102696.62,102703.04,102670.46
624212.564182264,12956,102689.04,102490.15,102681.88,107686.09,102663.58,102693.41,102696.85,102674.32
624212.584619022,12957,102677.0,102487.17,102680.84,107683.2,102684.82,102677.3,102693.89,102674.32
624212.605323386,12958,102668.97,102484.19,102675.76,107683.2,102678.66,102680.25,102696.85,102678.35
624212.62574409,12959,102690.12,102494.21,102689.94,107682.07,102675.69,102684.28,102686.89,102684.46
624212.646575395,12960,102685.03,102482.05,102683.82,107661.97,102661.46,102693.41,102690.93,102674.32
624212.666953074,12961,102681.01,102469.89,102675.76,107686.09,102674.62,102693.41,102694.97,102676.41
624212.691098943,12962,102687.97,102473.95,102685.91,107683.2,102659.33,102685.35,102690.93,102672.39
624212.712198143,12963,102683.95,102469.89,102681.88,107657.95,102672.71,102684.28,102694.97,102680.44
624212.73310999,12964,102681.01,102484.19,102681.88,107674.03,102661.67,102690.45,102693.89,102678.35
624212.752375978,12965,102687.18,102478.0,102683.98,107664.22,102669.53,102686.42,102692.82,102676.41
624212.773343349,12966,102681.01,102480.13,102686.96,107670.01,102663.58,102687.49,102699.0,102666.28
624212.793754229,12967,102690.12,102472.03,102685.91,107674.03,102671.65,102694.48,102693.89,102676.41
624212.81630892,12968,102685.03,102611.72,102675.76,107752.67,102686.73,102692.34,102689.85,102676.41
624212.834991726,12969,102685.03,102617.91,102681.88,107762.48,102670.59,102692.34,102703.04,102674.32
624212.85912775,12970,102689.04,102608.73,102685.91,107755.57,102678.66,102680.25,102692.82,102676.41
624212.879207418,12971,102685.03,102599.56,102681.88,107742.38,102657.42,102690.45,102690.93,102672.39
624212.900231084,12972,102689.04,102595.51,102686.96,107755.57,102673.56,102694.48,102693.89,102673.28
624212.920268489,12973,102687.18,102575.25,102689.94,107734.34,102682.69,102694.48,102703.04,102675.37
624212.941491477,12974,102682.88,102592.53,102676.81,107751.55,102676.75,102688.31,102686.89,102680.44
624212.96178571,12975,102689.04,102593.59,102687.84,107752.67,102672.5,102689.38,102699.0,102680.44
624212.982535041,12976,102685.03,102591.46,102679.79,107752.67,102678.66,102698.5,102694.97,102677.46
624213.002792879,12977,102686.1,102585.49,102677.86,107750.42,102663.58,102684.28,102699.0,102676.41
624213.026548908,12978,102694.13,102580.37,102681.88,107756.69,102671.65,102685.35,102693.89,102678.51
624213.047339471,12979,102687.18,102579.3,102675.76,107747.52,102671.65,102684.28,102699.0,102672.39
624213.067678562,12980,102685.03,102575.25,102687.84,107742.38,102658.48,102684.28,102692.82,102666.28
624213.088311988,12981,102682.09,102717.07,102684.86,107827.93,102669.53,102693.41,102697.93,102680.44
624213.109330657,12982,102701.08,102724.11,102693.96,107806.7,102673.56,102686.42,102689.85,102676.41
624213.129329353,12983,102685.03,102711.11,102677.86,107815.87,102674.62,102688.31,102693.89,102672.39
624213.150407952,12984,102689.04,102703.01,102685.91,107814.74,102680.78,102688.31,102696.85,102678.35
624213.170666161,12985,102697.07,102707.06,102672.78,107798.66,102666.55,102685.35,102690.93,102666.28
624213.194560709,12986,102689.04,102705.99,102693.96,107811.85,102681.63,102686.42,102689.04,102672.39
624213.215207265,12987,102685.03,102696.81,102677.86,107805.58,102673.56,102686.42,102694.97,102667.32
624213.235653448,12988,102681.01,102693.83,102686.96,107802.68,102671.65,102686.42,102697.93,102668.37
624213.256344461,12989,102689.04,102696.81,102685.91,107798.66,102669.53,102685.35,102693.89,102676.41
624213.276699626,12990,102682.09,102697.04,102685.91,107794.64,102679.72,102686.42,102694.97,102677.46
624213.29737121,12991,102681.01,102696.81,102685.91,107800.92,102669.53,102686.42,102694.97,102677.46
624213.318621058,12992,102687.18,102691.92,102679.95,107790.62,102680.78,102693.41,102700.08,102674.32
624213.338440934,12993,102681.01,102696.81,102678.9,107811.85,102679.72,102685.35,102700.08,102680.44
624213.362595685,12994,102681.01,102870.23,102681.88,107885.98,102664.64,102694.48,102704.12,102672.39
624213.383246958,12995,102690.12,102859.98,102677.86,107888.24,102663.58,102684.28,102696.04,102670.3
624213.403696837,12996,102685.03,102830.54,102689.94,107879.07,102666.55,102684.28,102699.0,102681.49
624213.4242819,12997,102683.17,102835.66,102685.91,107862.99,102674.62,102677.3,102689.85,102674.32
624213.444744678,12998,102686.1,102819.45,102684.86,107862.99,102679.72,102686.42,102693.89,102681.49
624213.465352555,12999,102685.03,102818.38,102695.01,107857.2,102674.62,102689.38,102707.08,102672.39
624213.486060153,13000,102682.09,102812.42,102695.01,107862.99,102672.71,102680.25,102699.0,102674.32
624213.506684385,13001,102687.18,102818.38,102685.91,107849.16,102678.66,102684.28,102703.04,102672.39
624213.530613916,13002,102689.04,102802.17,102689.94,107865.24,102680.57,102678.37,102692.82,102683.42
624213.551271028,13003,102689.04,102810.28,102686.96,107857.2,102670.59,102693.41,102699.0,102676.41
624213.571662188,13004,102699.22,102807.3,102684.86,107862.99,102684.82,102680.25,102692.0,102677.46
624213.592314452,13005,102681.01,102812.42,102677.86,107864.12,102673.77,102684.28,102686.89,102677.46
624213.612815388,13006,102682.09,102812.42,102682.93,107857.2,102667.61,102689.38,102697.93,102677.46
624213.633350896,13007,102689.04,102970.47,102682.93,107935.36,102675.69,102683.21,102696.04,102676.41
624213.653836899,13008,102685.03,102962.36,102688.0,107933.59,102669.53,102684.28,102694.97,102678.51
624213.674474792,13009,102682.09,102959.14,102676.81,107919.28,102671.65,102694.48,102697.93,102668.37
624213.698602783,13010,102699.22,102958.31,102679.79,107912.36,102666.55,102692.34,102696.04,102674.32
624213.719225052,13011,102687.97,102951.28,102693.96,107907.21,102678.66,102684.28,102705.19,102672.39
624213.739691956,13012,102690.12,102945.08,102681.88,107916.38,102659.54,102684.28,102694.97,102680.44
624213.760332924,13013,102690.12,102944.01,102685.91,107900.3,102665.49,102690.45,102694.97,102684.46
624213.780853299,13014,102682.09,102944.01,102678.9,107924.42,102668.68,102694.48,102699.0,102676.41
624213.801431541,13015,102685.03,102939.95,102689.94,107911.23,102674.62,102690.2,102689.85,102676.41
624213.821832356,13016,102686.1,102931.85,102686.96,107911.23,102663.58,102683.21,102687.97,102677.46
624213.846162953,13017,102683.17,102935.9,102675.76,107912.36,102681.84,102694.48,102699.0,102673.44
624213.866603868,13018,102689.04,102931.85,102683.98,107904.32,102662.52,102685.35,102699.0,102678.51
624213.887218876,13019,102689.04,102931.85,102689.94,107920.4,102659.54,102684.28,102694.97,102680.44
624213.907690588,13020,102682.09,103135.55,102684.86,108000.18,102671.65,102688.31,102699.0,102670.46
624213.928368972,13021,102685.03,103104.2,102685.91,107983.6,102667.4,102685.35,102699.0,102681.49
624213.948766591,13022,102685.03,103085.84,102687.84,107975.56,102671.65,102682.39,102699.0,102685.51
624213.969458806,13023,102690.12,103093.95,102692.92,107975.56,102672.71,102685.35,102699.0,102676.41
624213.989766169,13024,102689.04,103079.89,102680.84,107959.48,102663.58,102694.48,102699.0,102682.53
624214.014139411,13025,102683.17,103089.07,102683.82,107963.5,102673.56,102680.25,102693.08,102676.41
624214.034632004,13026,102683.95,103071.78,102677.86,107967.52,102680.78,102681.32,102692.82,102674.32
624214.055227733,13027,102690.12,103078.81,102681.88,107976.69,102670.59,102694.48,102692.0,102684.46
624214.075480864,13028,102689.04,103069.63,102683.98,107955.46,102680.78,102693.41,102693.89,102668.37
624214.096496398,13029,102686.1,103062.6,102684.86,107956.59,102666.55,102681.32,102686.89,102668.37
624214.116748758,13030,102695.21,103062.6,102681.88,107961.74,102677.81,102690.45,102689.04,102664.34
624214.137474874,13031,102677.0,103060.7,102682.93,107955.46,102680.78,102676.23,102708.15,102674.32
624214.157842889,13032,102689.04,103093.95,102677.86,107960.61,102676.75,102694.48,102694.97,102680.44
624214.18216299,13033,102681.01,103277.39,102697.1,108041.02,102684.82,102694.48,102699.0,102672.55
624214.202271653,13034,102679.94,103240.92,102695.01,108028.96,102669.53,102686.42,102696.85,102677.46
624214.2232363,13035,102677.0,103231.74,102688.0,108030.09,102680.78,102686.42,102703.04,102666.28
624214.243314306,13036,102685.03,103231.74,102685.91,108023.81,102671.65,102689.38,102699.0,102668.37
624214.264316389,13037,102697.07,103234.72,102693.96,108020.92,102670.59,102686.42,102700.08,102681.49
624214.284630062,13038,102690.12,103231.74,102672.78,108026.07,102663.58,102680.25,102689.85,102660.32
624214.305479084,13039,102693.35,103215.53,102684.86,108015.77,102673.56,102693.41,102692.82,102686.56
624214.325895201,13040,102681.01,103217.68,102685.91,108018.03,102665.49,102686.42,102697.93,102674.32
624214.349612952,13041,102686.1,103219.58,102685.91,108009.98,102656.36,102692.34,102692.82,102682.37
624214.370279979,13042,102685.32,103219.58,102684.86,108007.73,102672.71,102682.39,102699.0,102671.34
624214.391239258,13043,102682.09,103216.6,102681.88,108011.75,102670.59,102688.31,102694.97,102674.32
624214.411344104,13044,102699.22,103218.75,102695.01,108011.75,102674.62,102681.32,102694.97,102676.41
624214.432430786,13045,102682.09,103231.74,102685.91,108015.77,102675.69,102686.42,102699.0,102678.51
624214.452359616,13046,102681.01,103466.8,102681.88,108112.26,102655.51,102691.52,102694.97,102674.32
624214.473391014,13047,102685.03,103410.06,102684.86,108082.36,102671.65,102685.35,102681.78,102670.3
624214.493845149,13048,102681.01,103393.85,102682.93,108074.32,102680.78,102684.28,102699.0,102677.46
624214.517611283,13049,102690.12,103406.01,102686.96,108073.19,102669.53,102685.35,102692.0,102676.41
624214.53827191,13050,102687.97,103396.82,102681.88,108071.42,102678.66,102686.42,102694.97,102676.41
624214.558706676,13051,102693.06,103377.64,102677.86,108074.32,102679.72,102684.28,102697.93,102665.23
624214.579332911,13052,102686.1,103377.64,102679.79,108072.06,102672.71,102694.48,102697.93,102681.49
624214.599771673,13053,102697.07,103377.64,102681.88,108059.99,102674.62,102685.35,102699.0,102676.41
624214.620376486,13054,102686.1,103369.53,102685.91,108057.1,102676.54,102694.48,102684.74,102677.46
624214.641669379,13055,102683.95,103373.58,102679.79,108065.14,102658.48,102692.59,102701.97,102664.34
624214.661829469,13056,102689.04,103368.46,102684.86,108047.93,102678.66,102685.35,102696.85,102669.41
624214.685630436,13057,102677.0,103369.53,102682.93,108066.27,102673.56,102684.28,102694.97,102672.39
624214.706279295,13058,102685.03,103434.38,102677.86,108062.89,102665.7,102686.42,102689.85,102677.46
624214.72672038,13059,102677.0,103581.36,102682.93,108153.6,102673.56,102686.42,102690.93,102676.41
624214.747543634,13060,102690.12,103535.7,102685.91,108135.26,102675.69,102686.42,102688.78,102672.39
624214.767799208,13061,102681.01,103548.94,102682.93,108132.37,102681.63,102690.45,102701.97,102676.41
624214.788407456,13062,102681.01,103529.75,102682.93,108119.17,102653.39,102676.23,102694.97,102682.53
624214.808866128,13063,102683.17,103531.65,102676.81,108112.26,102680.78,102683.46,102694.97,102672.39
624214.829425762,13064,102685.03,103523.54,102684.86,108115.15,102653.39,102686.42,102697.93,102676.41
624214.854050905,13065,102681.01,103522.46,102678.9,108114.02,102670.59,102690.45,102700.08,102678.51
624214.87428009,13066,102686.1,103503.28,102692.92,108105.35,102676.75,102691.52,102700.89,102676.41
624214.894991844,13067,102699.22,103516.51,102680.84,108112.26,102677.6,102682.39,102693.89,102668.37
624214.915435434,13068,102683.17,103513.54,102684.86,108108.24,102661.46,102682.39,102703.04,102676.41
624214.935868566,13069,102695.99,103507.33,102680.84,108114.52,102672.71,102684.28,102690.93,102669.41
624214.956327879,13070,102686.1,103517.59,102680.84,108109.37,102670.59,102692.34,102697.93,102676.41
624214.976854684,13071,102683.17,103572.18,102669.8,108137.52,102664.64,102684.28,102708.15,102677.46
624214.997476643,13072,102686.1,103766.72,102696.06,108204.74,102671.65,102685.35,102697.93,102674.32
624215.021679978,13073,102681.01,103726.19,102681.88,108193.18,102666.55,102685.35,102701.97,102672.39
624215.042227093,13074,102686.1,103715.93,102680.84,108176.59,102677.6,102684.28,102694.97,102672.39
624215.06274188,13075,102694.13,103701.87,102677.86,108170.81,102668.47,102690.45,102697.12,102668.21
624215.083340664,13076,102685.32,103693.77,102693.96,108176.59,102661.46,102687.49,102700.08,102680.44
624215.103842351,13077,102683.17,103689.71,102676.81,108164.53,102666.55,102686.42,102687.97,102676.41
624215.124461515,13078,102689.04,103694.85,102684.86,108169.68,102671.65,102691.52,102700.08,102672.39
624215.144873456,13079,102681.01,103687.82,102685.91,108169.68,102669.53,102694.48,102689.85,102688.49
624215.169193418,13080,102689.04,103675.4,102677.86,108169.68,102680.57,102683.46,102696.04,102672.39
624215.189636316,13081,102677.0,103677.55,102695.01,108156.49,102673.56,102682.39,102682.85,102677.46
624215.210317113,13082,102687.97,103677.55,102692.92,108162.77,102675.69,102690.45,102697.93,102680.44
624215.230747011,13083,102681.01,103666.47,102681.88,108158.75,102674.62,102686.42,102690.93,102676.41
624215.251347347,13084,102678.86,103718.09,102683.98,108188.66,102655.51,102686.42,102688.78,102668.37
624215.271751537,13085,102681.01,103920.74,102673.83,108252.99,102665.49,102685.35,102699.0,102682.37
624215.292474218,13086,102683.95,103880.21,102676.81,108232.88,102682.69,102682.39,102699.0,102672.39
624215.31284039,13087,102691.19,103864.0,102688.89,108231.13,102681.63,102688.31,102693.89,102672.39
624215.337181563,13088,102685.03,103862.92,102683.98,108225.97,102677.6,102685.35,102699.0,102680.44
624215.35763707,13089,102685.03,103873.19,102681.88,108224.84,102666.55,102694.48,102699.0,102672.39
624215.378319961,13090,102691.19,103855.89,102670.85,108224.84,102683.76,102686.42,102699.0,102674.32
624215.398765934,13091,102681.01,103847.79,102677.86,108220.82,102656.36,102685.35,102703.04,102678.51
624215.419331076,13092,102681.01,103843.73,102681.88,108216.8,102657.42,102682.39,102694.97,102678.51
624215.43975137,13093,102679.94,103832.65,102688.0,108220.82,102674.62,102687.49,102703.04,102686.56
624215.460640293,13094,102689.04,103842.65,102686.96,108219.06,102661.46,102690.45,102699.0,102682.37
624215.481217143,13095,102694.13,103833.74,102685.91,108209.89,102677.6,102689.38,102692.0,102670.3
624215.505189359,13096,102675.14,103827.52,102677.86,108217.93,102674.62,102689.38,102700.08,102676.41
624215.525222177,13097,102689.04,103831.57,102685.91,108213.91,102674.62,102686.42,102697.12,102676.41
624215.546836676,13098,102693.06,103823.47,102676.81,108208.76,102681.63,102678.37,102699.0,102673.44
624215.567140804,13099,102683.17,103823.47,102685.91,108215.04,102672.5,102686.42,102696.85,102666.28
624215.58737075,13100,102682.09,103803.2,102677.86,108217.93,102661.46,102687.49,102694.7,102681.49
624215.607475036,13101,102687.97,103815.36,102677.86,108211.02,102668.68,102686.42,102701.15,102677.46
624215.628478332,13102,102690.12,103922.91,102685.91,108240.93,102671.65,102684.28,102690.93,102677.46
624215.650038679,13103,102681.01,104066.66,102677.86,108317.32,102666.55,102686.42,102699.0,102672.39
624215.672636056,13104,102693.06,104039.37,102683.98,108296.59,102671.65,102687.49,102690.93,102676.41
624215.693253668,13105,102690.12,104020.99,102685.91,108285.15,102674.62,102685.35,102694.97,102676.41
624215.714419229,13106,102689.04,104023.16,102678.9,108290.31,102663.58,102692.34,102694.97,102674.32
624215.734357804,13107,102690.12,104005.86,102676.81,108286.29,102670.59,102684.28,102696.85,102676.41
624215.755384164,13108,102686.1,103996.67,102693.96,108281.13,102662.52,102684.28,102699.0,102676.41
624215.776545649,13109,102677.0,104001.81,102692.92,108277.11,102670.59,102692.34,102699.0,102681.49
624215.796422471,13110,102689.04,104005.86,102681.88,108274.22,102653.39,102690.45,102692.82,102676.41
624215.817087224,13111,102689.04,103989.65,102681.88,108265.55,102669.53,102684.28,102699.0,102667.32
624215.840655579,13112,102681.01,103985.6,102679.79,108266.18,102679.72,102690.45,102696.85,102676.41
624215.861255545,13113,102685.03,103985.6,102676.81,108265.05,102668.47,102694.48,102694.97,102668.37
624215.881706264,13114,102697.07,103985.6,102675.76,108273.09,102670.59,102689.38,102689.85,102681.49
624215.90241895,13115,102681.01,104066.66,102676.81,108315.56,102661.46,102688.31,102703.04,102685.51
624215.922801076,13116,102682.09,104263.4,102675.76,108410.93,102661.46,102682.39,102697.93,102672.39
624215.943471719,13117,102693.06,104202.31,102677.86,108381.66,102670.59,102684.28,102697.93,102669.41
624215.964501684,13118,102682.09,104199.34,102693.96,108395.98,102668.47,102681.58,102697.12,102677.46
624215.984532659,13119,102685.03,104196.37,102677.86,108367.84,102669.53,102686.42,102699.0,102680.44
624216.008673139,13120,102685.03,104200.43,102696.06,108370.72,102677.6,102684.53,102697.93,102668.37
624216.029273926,13121,102683.17,104188.27,102677.86,108370.72,102679.72,102694.48,102693.08,102670.3
624216.049764165,13122,102689.04,104188.27,102681.88,108369.59,102666.55,102676.23,102699.0,102669.41
624216.070425944,13123,102695.99,104185.3,102679.95,108363.81,102662.52,102684.28,102700.89,102672.39
624216.090844836,13124,102681.01,104180.16,102684.86,108358.66,102675.47,102694.48,102690.93,102666.28
624216.111435117,13125,102677.0,104181.24,102678.9,108358.66,102662.52,102688.56,102697.93,102670.3
624216.133273185,13126,102690.12,104172.05,102689.94,108353.51,102667.4,102686.42,102690.93,102682.53
624216.152647456,13127,102672.99,104163.95,102683.82,108354.64,102661.46,102685.35,102694.97,102676.41
624216.176686904,13128,102689.04,104261.23,102685.91,108467.23,102673.56,102697.43,102689.85,102672.39
624216.197284666,13129,102685.03,104462.83,102685.91,108568.89,102673.56,102693.41,102689.85,102676.41
624216.217740263,13130,102681.01,104419.32,102686.96,108538.47,102681.63,102684.28,102699.0,102672.39
624216.238458467,13131,102686.1,104411.21,102685.91,108522.39,102661.46,102694.48,102703.04,102660.32
624216.258837939,13132,102683.17,104390.95,102693.96,108522.39,102666.55,102689.38,102693.89,102676.41
624216.280277234,13133,102689.04,104403.11,102686.96,108519.5,102673.56,102686.42,102699.0,102664.34
624216.299961284,13134,102685.03,104386.89,102686.96,108522.39,102664.43,102686.42,102701.97,102682.37
624216.320572797,13135,102685.03,104382.84,102683.98,108504.55,102668.68,102685.35,102693.89,102670.3
624216.344649922,13136,102682.09,104382.84,102689.94,108510.33,102679.72,102687.49,102701.15,102668.37
624216.365316137,13137,102681.01,104385.01,102685.91,108499.4,102675.69,102689.38,102699.0,102676.41
624216.385806858,13138,102690.12,104374.73,102684.86,108499.4,102661.46,102694.48,102707.08,102676.41
624216.406446783,13139,102681.01,104376.9,102683.98,108482.18,102661.46,102677.3,102707.08,102680.44
624216.426877793,13140,102683.17,104374.73,102685.91,108504.55,102666.55,102682.39,102696.85,102672.39
624216.447486412,13141,102681.01,104522.84,102686.96,108594.77,102670.59,102685.35,102692.82,102670.3
624216.468046868,13142,102685.03,104650.39,102677.86,108874.51,102666.55,102689.38,102697.93,102677.46
624216.492198565,13143,102689.04,104619.04,102685.91,108811.91,102666.55,102688.31,102693.89,102680.44
624216.512698068,13144,102687.97,104612.03,102681.88,108800.99,102663.58,102696.62,102699.0,102669.41
624216.533318955,13145,102689.04,104597.69,102676.81,108795.83,102672.5,102696.36,102697.93,102672.39
624216.553794072,13146,102681.01,104588.49,102677.86,108788.92,102669.53,102690.45,102699.0,102683.42
624216.575269391,13147,102670.05,104577.42,102688.0,108780.88,102670.59,102689.38,102677.74,102670.46
624216.595133895,13148,102685.03,104577.42,102689.94,108782.02,102671.65,102686.42,102689.85,102660.32
624216.615492084,13149,102689.04,104570.4,102679.95,108764.79,102659.54,102686.42,102694.97,102672.39
624216.635967982,13150,102681.01,104569.31,102680.84,108756.75,102674.62,102684.28,102694.97,102668.37
624216.660213221,13151,102685.03,104573.36,102685.91,108752.73,102670.59,102692.34,102701.15,102686.56
624216.68069663,13152,102682.09,104563.38,102681.88,108748.71,102666.55,102690.45,102687.97,102676.41
624216.701387282,13153,102681.01,104553.1,102689.94,108740.67,102657.42,102686.42,102707.08,102676.41
624216.721739113,13154,102687.18,104690.93,102689.94,108962.98,102672.5,102685.35,102696.04,102668.37
624216.742419089,13155,102691.19,104897.68,102685.91,109314.61,102661.46,102684.28,102690.93,102666.28
624216.762852843,13156,102686.1,104844.98,102685.91,109222.11,102677.6,102688.31,102699.0,102669.41
624216.783437506,13157,102683.17,104828.76,102677.86,109202.0,102678.66,102686.42,102694.97,102669.41
624216.803981716,13158,102685.03,104827.67,102686.96,109191.07,102670.59,102697.43,102690.93,102678.51
624216.828253085,13159,102681.01,104818.78,102685.91,109181.89,102661.46,102694.48,102689.85,102676.41
624216.848329088,13160,102689.04,104803.35,102683.98,109177.87,102662.52,102681.32,102689.04,102672.39
624216.869328838,13161,102686.1,104803.35,102677.86,109161.78,102669.53,102679.44,102697.93,102666.28
624216.890120804,13162,102681.01,104804.44,102681.88,109174.99,102665.49,102682.39,102705.19,102676.41
624216.910458182,13163,102690.12,104796.33,102685.91,109143.95,102669.53,102698.5,102689.85,102675.53
624216.930888321,13164,102681.01,104788.22,102686.96,109137.05,102670.59,102686.42,102699.0,102658.23
624216.951478141,13165,102677.0,104794.15,102691.87,109134.77,102661.46,102680.25,102703.04,102672.39
624216.971915761,13166,102683.17,104776.06,102684.86,109129.61,102669.53,102694.48,102699.0,102675.37
624216.995678409,13167,102683.17,104772.01,102693.96,109135.91,102669.53,102685.35,102692.0,102678.51
624217.01638066,13168,102689.04,104774.19,102679.95,109118.68,102660.39,102690.45,102694.97,102677.46
624217.037366018,13169,102685.03,104759.84,102682.93,109118.68,102687.79,102685.35,102699.0,102672.39
624217.058408162,13170,102682.09,104774.19,102676.81,109114.66,102661.46,102690.45,102697.93,102676.41
624217.078512398,13171,102693.06,104763.9,102681.88,109101.46,102684.82,102689.38,102686.89,102681.49
624217.098442861,13172,102682.09,104763.9,102676.81,109114.66,102669.53,102678.37,102690.93,102678.51
624217.11943531,13173,102683.17,104732.56,102685.91,109119.82,102671.65,102698.5,102697.12,102677.46
624217.140566338,13174,102686.1,104759.84,102676.81,109168.08,102672.71,102690.45,102690.93,102674.32
624217.163670932,13175,102681.01,104735.52,102678.9,109223.25,102675.69,102681.32,102690.93,102684.46
624217.184300362,13176,102690.12,104892.54,102688.0,109602.45,102666.55,102686.42,102699.0,102682.37
624217.204748959,13177,102678.08,105996.47,102678.9,112018.09,102654.45,102678.37,102694.97,102670.46
624217.225468565,13178,102672.99,106292.49,102682.93,112534.41,102655.51,102678.37,102686.89,102662.25
624217.245812163,13179,102682.09,106148.36,102686.96,112352.12,102663.58,102695.55,102704.12,102664.34
624217.266477006,13180,102682.09,106117.02,102675.76,112287.73,102658.48,102686.42,102707.08,102678.35
624217.287623779,13181,102686.1,106084.58,102683.82,112253.85,102654.45,102685.35,102696.04,102678.35
624217.307594202,13182,102691.19,106065.4,102677.86,112207.24,102665.49,102685.35,102699.0,102681.49
624217.333072646,13183,102682.09,106032.96,102682.93,112180.24,102668.47,102687.49,102692.82,102673.44
624217.352391754,13184,102681.01,106016.74,102686.96,112194.65,102663.58,102681.32,102689.85,102676.41
624217.372828733,13185,102682.09,105994.26,102679.79,112180.24,102670.59,102686.42,102699.0,102672.39
624217.39351588,13186,102689.04,105961.82,102686.96,112243.46,102665.49,102684.28,102701.97,102670.46
624217.413894822,13187,102686.1,105937.5,102680.84,112287.73,102673.56,102678.37,102699.0,102672.39
624217.434472654,13188,102681.01,105931.59,102684.86,112385.49,102666.55,102686.42,102694.97,102680.44
624217.4548947,13189,102689.04,105881.83,102695.01,112447.54,102679.72,102674.34,102694.97,102673.44
624217.475531051,13190,102681.01,105885.88,102685.91,112522.33,102672.5,102698.5,102703.04,102678.35
624217.499674555,13191,102687.18,105876.67,102685.91,112590.76,102659.54,102689.38,102703.04,102664.34
624217.520337165,13192,102682.09,105865.61,102685.91,112620.1,102677.6,102687.49,102697.93,102680.44
624217.540782347,13193,102681.01,105882.93,102686.96,112667.23,102658.48,102686.42,102696.85,102678.51
624217.561432578,13194,102685.03,105878.87,102683.82,112703.46,102683.76,102692.34,102703.04,102676.41
624217.581868525,13195,102683.17,105875.92,102685.91,112765.01,102678.66,102682.39,102707.08,102681.49
624217.602491957,13196,102697.07,105882.93,102684.86,112836.28,102679.72,102694.48,102703.04,102666.28
624217.623126244,13197,102691.19,105882.93,102689.94,112883.41,102673.56,102682.39,102699.0,102684.46
624217.643604325,13198,102698.14,105905.4,102679.95,112965.09,102667.4,102686.42,102700.08,102686.56
624217.668089537,13199,102683.17,105923.48,102685.91,113020.27,102661.46,102692.59,102694.97,102677.46
624217.68832466,13200,102677.0,105923.48,102681.88,113085.85,102676.75,102687.49,102680.7,102677.46
624217.708758995,13201,102697.36,105939.7,102681.88,113108.83,102666.55,102684.28,102707.08,102681.49
624217.729474315,13202,102681.01,105943.75,102683.98,113110.0,102668.47,102681.32,102703.04,102682.37
624217.749833276,13203,102686.89,105955.92,102688.0,113111.18,102662.52,102687.49,102687.97,102678.51
624217.770656309,13204,102685.03,105972.14,102681.88,113126.1,102662.52,102686.42,102696.04,102664.34
624217.79112794,13205,102677.0,106969.78,102667.87,114815.94,102658.48,102670.31,102681.78,102668.37
624217.815362172,13206,102670.05,108218.03,102649.67,117638.3,102643.19,102665.21,102681.78,102660.32
624217.835708454,13207,102683.17,108242.37,102676.81,117359.02,102653.39,102685.35,102693.08,102670.46
624217.856317844,13208,102685.03,108200.68,102677.86,117231.29,102663.58,102684.28,102694.97,102672.39
624217.876796376,13209,102682.09,108194.81,102679.95,117361.83,102654.45,102684.28,102706.0,102673.44
624217.897445766,13210,102679.15,109693.86,102661.75,120828.8,102647.44,102660.12,102666.7,102648.25
624217.917995315,13211,102667.11,110540.34,102661.75,122849.94,102643.19,102666.28,102673.7,102646.32
624217.939244823,13212,102679.15,110521.81,102669.8,122321.36,102654.45,102674.34,102699.0,102672.39
624217.958944116,13213,102691.19,110571.67,102685.91,122166.78,102661.46,102694.48,102693.08,102673.44
624217.98325221,13214,102672.99,110612.26,102681.88,122040.2,102670.59,102678.37,102690.93,102672.39
624218.003427333,13215,102685.03,110627.35,102681.88,121958.25,102666.55,102700.39,102705.19,102674.32
624218.024447203,13216,102685.03,110662.11,102688.0,121894.96,102662.52,102690.45,102693.08,102665.39
624218.0449286,13217,102681.01,110667.94,102678.9,121861.43,102673.56,102682.39,102690.93,102673.44
624218.065581225,13218,102697.07,110678.97,102681.88,121808.98,102665.49,102684.28,102692.0,102673.44
624218.085896379,13219,102679.15,110691.15,102675.92,121796.88,102666.55,102678.37,102694.97,102670.46
624218.106516195,13220,102685.03,110688.23,102681.88,121889.67,102673.56,102694.48,102696.04,102677.46
624218.126987015,13221,102685.03,110708.53,102685.91,121746.96,102670.59,102694.48,102690.93,102677.46
624218.151278043,13222,102681.01,110715.5,102685.91,121782.0,102672.5,102686.42,102697.93,102668.37
624218.171313705,13223,102687.18,110724.77,102673.83,121748.47,102675.47,102694.48,102700.08,102677.46
624218.192348218,13224,102682.09,111228.13,102673.83,123512.86,102652.32,102671.38,102676.93,102660.32
624218.212469609,13225,102651.06,113007.76,102633.56,123512.86,102621.1,102654.2,102665.63,102637.22
624218.233568579,13226,102679.15,113087.82,102662.79,123512.86,102650.41,102678.37,102665.63,102662.41
624218.253751775,13227,102683.17,112988.01,102677.86,123512.86,102661.46,102673.27,102689.04,102658.23
624218.274736492,13228,102677.0,112949.74,102677.86,123512.86,102670.59,102682.39,102694.97,102672.39
624218.294914419,13229,102685.03,112939.28,102685.91,123512.86,102658.48,102686.42,102696.04,102672.39
624218.318677659,13230,102685.03,112925.37,102677.86,123512.86,102662.52,102690.45,102699.0,102675.37
624218.339371827,13231,102681.01,112907.4,102682.93,123512.86,102661.46,102681.32,102697.93,102673.44
624218.360388983,13232,102683.17,112918.41,102678.9,123512.86,102678.66,102686.42,102701.15,102673.44
624218.380408541,13233,102682.09,112941.61,102679.95,123512.86,102646.38,102671.38,102686.89,102660.32
624218.401463444,13234,102686.1,112910.29,102679.95,123512.86,102670.59,102684.28,102678.82,102668.37
624218.421480859,13235,102683.17,112930.6,102693.96,123512.86,102653.39,102682.39,102682.85,102672.39
624218.442472637,13236,102689.04,112925.37,102685.91,123512.86,102660.39,102682.39,102699.0,102678.51
624218.463280687,13237,102682.09,112925.37,102685.91,123512.86,102653.39,102686.42,102690.93,102676.41
624218.486703251,13238,102691.19,112925.37,102677.86,123512.86,102670.59,102690.45,102700.89,102676.41
624218.507392151,13239,102685.32,112941.61,102686.96,123512.86,102667.61,102686.42,102693.89,102668.37
624218.527832906,13240,102695.21,112952.07,102685.91,123512.86,102670.59,102678.37,102689.85,102662.25
624218.548469327,13241,102681.01,112952.07,102679.95,123512.86,102657.42,102678.37,102692.0,102666.44
624218.568910482,13242,102685.03,112974.1,102692.92,123512.86,102674.62,102686.42,102700.08,102676.41
624218.589476476,13243,102685.03,112991.52,102695.01,123512.86,102671.65,102682.39,102699.0,102680.44
624218.611176045,13244,102687.97,113007.76,102679.95,123512.86,102671.65,102682.39,102699.0,102665.39
624218.630599871,13245,102682.09,113026.9,102685.91,123512.86,102657.42,102694.48,102696.04,102669.41
624218.654816947,13246,102681.01,113030.96,102678.9,123512.86,102674.62,102687.49,102696.04,102669.41
624218.675406657,13247,102691.19,113036.19,102685.91,123512.86,102662.52,102678.37,102700.08,102662.41
624218.695892601,13248,102682.09,113056.5,102677.86,123512.86,102668.47,102686.42,102693.08,102668.37
624218.717215409,13249,102681.01,113065.79,102678.9,123512.86,102662.52,102685.35,102692.82,102666.28
624218.736854772,13250,102681.01,113072.74,102683.98,123512.86,102669.53,102679.44,102688.78,102664.34
624218.75756914,13251,102684.24,113094.22,102681.88,123512.86,102663.58,102687.49,102694.97,102676.41
624218.77809287,13252,102682.09,113106.4,102682.93,123512.86,102662.52,102693.41,102694.97,102670.46
624218.79874842,13253,102683.17,113122.65,102673.83,123512.86,102674.62,102690.45,102699.0,102668.37
624218.822703109,13254,102685.03,113125.54,102696.06,123512.86,102670.59,102680.51,102696.85,102668.37
624218.843321903,13255,102675.14,113136.55,102681.88,123512.86,102670.59,102688.56,102699.0,102676.41
624218.863967718,13256,102681.01,113145.85,102682.93,123512.86,102663.37,102695.55,102700.08,102672.39
624218.884441943,13257,102693.06,113174.28,102680.84,123512.86,102665.49,102682.39,102692.0,102672.39
624218.905154339,13258,102687.18,113171.38,102681.88,123512.86,102671.65,102686.42,102681.78,102672.39
624218.925699902,13259,102682.09,113179.51,102673.83,123512.86,102669.53,102687.49,102699.0,102684.46
624218.946085904,13260,102685.03,113194.58,102689.94,123512.86,102677.6,102686.42,102689.85,102664.34
624218.97028996,13261,102685.03,113228.25,102681.88,123512.86,102673.56,102692.59,102690.93,102682.53
624218.99082645,13262,102682.09,113228.25,102688.0,123512.86,102669.53,102686.42,102704.12,102677.46
624219.011506066,13263,102685.03,113242.15,102681.88,123512.86,102672.5,102688.56,102696.85,102681.49
624219.033163531,13264,102677.0,113274.64,102685.91,123512.86,102683.76,102692.59,102692.0,102668.37
624219.05248971,13265,102685.03,113303.07,102677.86,123512.86,102662.52,102683.46,102703.04,102669.41
624219.072918987,13266,102699.22,113325.72,102678.9,123512.86,102677.6,102696.62,102697.93,102673.44
624219.095124601,13267,102675.14,114360.38,102661.75,123512.86,102639.37,102656.34,102661.59,102644.22
624219.113927899,13268,102633.93,116122.69,102611.33,123512.86,102622.17,102630.03,102637.36,102622.17
624219.138293229,13269,102664.96,116054.8,102651.76,123512.86,102633.21,102663.32,102679.89,102666.44
624219.158755727,13270,102679.15,115904.42,102669.8,123512.86,102645.32,102676.48,102683.93,102664.34
624219.17941376,13271,102681.01,115850.4,102672.78,123512.86,102653.39,102674.34,102682.85,102665.39
624219.199861455,13272,102681.01,115804.02,102677.86,123512.86,102654.45,102678.37,102690.93,102658.23
624219.220480099,13273,102684.24,115812.15,102677.86,123512.86,102661.46,102672.2,102685.82,102669.41
624219.240908765,13274,102687.97,115789.44,102671.89,123512.86,102657.42,102674.34,102685.82,102668.37
624219.261530864,13275,102681.01,115774.38,102682.93,123512.86,102654.45,102683.46,102690.93,102673.44
624219.281974894,13276,102682.09,115763.86,102673.83,123512.86,102676.54,102682.39,102686.89,102669.41
624219.306312202,13277,102686.1,115759.8,102678.9,123512.86,102653.39,102690.45,102690.93,102675.53
624219.326485362,13278,102670.84,115744.74,102678.9,123512.86,102665.49,102690.45,102690.93,102661.37
624219.349736156,13279,102686.1,115744.74,102686.96,123512.86,102652.32,102686.42,102699.0,102660.32
624219.367851514,13280,102682.09,115748.8,102685.91,123512.86,102676.54,102691.52,102689.85,102676.41
624219.388467023,13281,102678.08,115744.74,102686.96,123512.86,102664.43,102690.45,102696.85,102666.44
624219.408944053,13282,102687.18,115748.8,102681.88,123512.86,102673.56,102684.28,102681.78,102677.46
624219.429494443,13283,102687.18,115744.74,102688.0,123512.86,102658.27,102693.41,102700.08,102666.28
624219.449907696,13284,102687.97,115755.25,102678.9,123512.86,102658.48,102688.56,102699.0,102666.28
624219.474303853,13285,102672.99,115756.93,102688.89,123512.86,102671.65,102691.52,102689.85,102682.53
624219.494380858,13286,102685.03,115778.44,102676.81,123512.86,102670.59,102670.31,102690.93,102664.34
624219.515357894,13287,102681.01,115792.31,102681.88,123512.86,102671.65,102683.46,102689.85,102664.34
624219.535980263,13288,102677.0,115801.63,102681.88,123512.86,102659.33,102685.6,102690.93,102668.37
624219.556477814,13289,102664.96,115801.63,102646.69,123512.86,102642.13,102656.34,102680.7,102652.27
624219.576989646,13290,102666.04,115850.4,102669.8,123512.86,102655.51,102674.34,102683.93,102653.32
624219.598168136,13291,102625.9,118068.25,102629.53,123512.86,102615.16,102630.03,102634.4,102593.85
624219.61823131,13292,102600.75,119330.56,102601.34,123512.86,102588.82,102608.01,102622.29,102599.96
624219.641717571,13293,102626.98,118964.52,102623.57,123512.86,102609.0,102631.1,102617.18,102613.08
624219.66242584,13294,102651.06,118835.6,102648.78,123512.86,102620.04,102654.2,102658.63,102636.18
624219.683469617,13295,102667.11,118781.51,102643.7,123512.86,102645.32,102658.23,102672.89,102640.2
624219.70344681,13296,102664.96,118732.71,102659.81,123512.86,102643.19,102660.37,102681.78,102662.41
624219.724471318,13297,102672.99,118731.09,102670.85,123512.86,102636.18,102666.28,102674.78,102648.25
624219.744508712,13298,102668.97,118724.57,102661.75,123512.86,102655.51,102670.31,102678.82,102660.32
624219.765529905,13299,102672.99,118712.37,102670.85,123512.86,102651.26,102672.45,102677.74,102658.39
624219.786206006,13300,102678.08,118582.24,102661.75,123512.86,102645.32,102670.31,102667.78,102652.27
624219.809731306,13301,102778.41,115850.4,102770.48,123512.86,102763.4,102771.0,102731.3,102708.61
624219.830434147,13302,102679.15,115992.64,102700.08,123512.86,102667.4,102674.34,102682.85,102664.34
624219.850877065,13303,102663.1,116036.14,102647.73,123512.86,102631.09,102654.2,102667.78,102634.09
624219.871482839,13304,102637.94,116109.3,102641.61,123512.86,102630.24,102657.16,102668.85,102622.01
624219.892458413,13305,102620.03,117155.12,102618.5,123512.86,102577.78,102608.01,102599.14,102589.98
624219.913495649,13306,102517.54,120309.66,102506.78,123512.86,102505.15,102526.39,102520.28,102504.44
624219.933855492,13307,102521.56,120458.6,102539.89,123512.86,102526.38,102530.41,102565.76,102532.61
624219.953863993,13308,102581.76,120221.4,102575.24,123512.86,102550.39,102585.73,102580.84,102565.84
624219.97779747,13309,102610.92,120144.1,102605.37,123512.86,102577.57,102608.01,102619.33,102591.92
624219.998344986,13310,102598.88,119990.75,102595.38,123512.86,102579.69,102597.81,102619.33,102596.99
624220.018802296,13311,102652.92,120176.65,102613.42,123512.86,102634.27,102630.03,102667.78,102644.22
624220.039522243,13312,102645.97,119995.18,102634.6,123512.86,102629.17,102639.16,102663.74,102629.18
624220.059906111,13313,102622.96,119878.45,102638.63,123512.86,102610.06,102647.21,102658.63,102646.32
624220.080560639,13314,102635.01,119742.61,102625.5,123512.86,102622.17,102632.99,102651.63,102634.09
624220.100984268,13315,102618.95,119440.38,102667.87,123512.86,102590.94,102664.39,102627.4,102630.22
624220.122566079,13316,102674.06,120225.47,102679.95,123512.86,102670.59,102676.48,102709.23,102660.32
624220.145751554,13317,102655.07,119916.29,102662.79,123512.86,102637.25,102655.27,102650.55,102652.27
624220.16637834,13318,102625.9,119455.04,102630.58,123512.86,102623.23,102638.09,102648.66,102620.08
624220.18682243,13319,102649.98,119517.66,102641.61,123512.86,102637.25,102649.35,102649.48,102636.18
624220.207502537,13320,102672.99,119496.09,102663.84,123512.86,102653.39,102672.45,102675.85,102662.41
624220.227938024,13321,102679.15,119447.28,102660.7,123512.86,102636.18,102663.32,102675.85,102644.22
624220.248517718,13322,102675.14,119489.19,102673.99,123512.86,102644.25,102671.38,102670.74,102658.39
624220.269021959,13323,102660.95,119501.39,102647.73,123512.86,102638.31,102652.06,102671.81,102645.27
624220.293603657,13324,102667.11,119376.53,102663.84,123512.86,102644.46,102666.53,102674.78,102646.32
624220.31377223,13325,102672.99,119403.77,102669.8,123512.86,102644.25,102671.38,102693.08,102653.32
624220.334386357,13326,102683.17,119433.47,102679.95,123512.86,102669.53,102688.56,102694.97,102676.41
624220.354907203,13327,102682.09,119511.99,102696.06,123512.86,102661.46,102688.56,102690.93,102664.34
624220.375493758,13328,102679.15,119516.43,102692.03,123512.86,102681.63,102680.51,102701.15,102662.41
624220.395954813,13329,102666.04,119452.58,102662.79,123512.86,102637.25,102660.37,102667.78,102654.36
624220.416595951,13330,102679.94,117889.77,102699.04,123512.86,102693.74,102693.41,102713.27,102684.46
624220.436968833,13331,102884.92,111853.35,102863.1,123512.86,102866.19,102885.92,102882.86,102870.61
624220.46132521,13332,103036.37,105307.16,103041.36,120659.41,103034.84,103051.07,103047.33,103038.57
624220.482040059,13333,103129.77,100152.66,103157.1,110528.2,103121.5,103171.91,103173.59,103144.25
624220.502403066,13334,103164.81,96848.81,103178.29,105947.88,103155.91,103173.79,103171.43,103161.4
624220.522849569,13335,103101.67,91727.08,103102.82,104902.02,103086.24,103111.49,103117.06,103101.03
624220.543481353,13336,103012.28,90562.61,103025.25,105589.12,102999.36,103022.87,103034.14,103015.48
624220.563895908,13337,102949.14,90132.18,102961.86,107526.41,102945.0,102967.55,102961.46,102959.14
624220.584534141,13338,102891.87,90033.02,102905.47,107196.77,102899.54,102923.25,102939.39,102898.78
624220.605246677,13339,102844.79,90146.21,102867.3,107140.49,102847.08,102853.7,102860.51,102841.39
624220.629337532,13340,102819.63,90906.26,102814.78,107204.81,102814.8,102820.41,102833.32,102809.2
624220.649463231,13341,102783.5,91418.8,102791.66,107215.75,102784.64,102797.31,102801.02,102777.01
624220.670456631,13342,102762.36,91629.06,102769.59,107224.91,102750.23,102761.06,102779.76,102757.94
624220.690974763,13343,102745.23,91816.04,102752.44,107236.97,102736.22,102757.03,102760.64,102734.84
624220.7116024,13344,102738.28,92066.76,102740.36,107254.17,102734.09,102734.75,102756.61,102725.75
624220.731910945,13345,102727.32,92220.43,102735.28,107246.13,102717.95,102726.7,102740.46,102716.65
624220.752633206,13346,102731.33,92486.37,102720.22,107253.05,102710.94,102716.76,102736.42,102712.63
624220.773325941,13347,102731.33,92867.52,102722.15,107274.27,102710.94,102723.74,102736.42,102702.65
624220.797328984,13348,102711.26,92091.99,102711.12,107258.19,102699.9,102727.77,102732.38,102709.65
624220.817395482,13349,102707.25,92324.6,102720.22,107263.99,102697.77,102712.73,102733.46,102710.7
624220.83842643,13350,102723.3,92782.58,102712.17,107265.11,102702.87,102706.56,102737.49,102706.67
624220.858920054,13351,102708.32,92511.61,102716.19,107259.97,102689.7,102714.87,102716.23,102697.58
624220.879547331,13352,102691.19,92527.79,102707.09,107257.07,102667.61,102687.49,102704.12,102693.56
624220.899589002,13353,102699.22,93156.77,102697.99,107285.21,102674.62,102697.69,102713.27,102693.56
624220.9206861,13354,102688.26,93279.09,102689.05,107262.21,102679.72,102690.45,102701.15,102698.63
624220.943277517,13355,102707.25,93611.76,102704.11,107273.15,102684.61,102696.62,102708.15,102681.49
624220.964759346,13356,102706.17,93490.41,102703.06,107278.29,102702.87,102716.76,102726.19,102710.7
624220.98545704,13357,102717.43,93174.91,102726.34,107262.21,102702.87,102719.71,102716.23,102705.63
624221.006568569,13358,102695.21,93631.99,102679.95,107254.17,102675.69,102680.51,102700.08,102678.51
624221.026502187,13359,102683.17,93720.98,102686.96,107262.21,102682.69,102692.59,102700.08,102686.56
624221.054186176,13360,102703.23,93837.31,102704.11,107280.53,102702.87,102712.73,102716.23,102701.6
624221.070258354,13361,102715.27,93930.35,102724.25,107292.59,102703.93,102720.78,102725.38,102705.63
624221.089342186,13362,102715.27,94428.93,102704.11,107287.45,102678.66,102708.7,102716.23,102693.56
624221.114983396,13363,102699.22,94711.14,102688.0,107269.13,102659.54,102682.39,102696.04,102669.41
624221.13334082,13364,102707.25,94445.11,102689.05,107274.27,102670.59,102692.59,102696.04,102686.56
624221.153412797,13365,102697.07,94542.21,102683.98,107270.25,102653.39,102668.17,102689.04,102683.58
624221.173886151,13366,102679.15,94441.07,102672.94,107276.51,102637.25,102670.31,102687.15,102670.46
