t_pc,sample_idx,S0,S1,S2,S3,S4,S5,S6,S7
1704.207289714,13630,100524.7,97786.9,100522.96,103035.8,100514.54,100544.06,100536.28,100519.19
1704.22805394,13631,100533.75,97768.72,100517.0,103051.06,100519.6,100544.06,100532.26,100513.24
1704.248714828,13632,100532.69,97790.93,100510.93,103061.97,100506.52,100533.93,100532.26,100528.22
1704.269351456,13633,100526.57,97791.96,100532.01,103059.06,100513.5,100537.94,100541.36,100525.25
1704.292678894,13634,100531.62,97790.93,100532.01,103061.97,100515.59,100540.05,100535.22,100517.25
1704.313270524,13635,100528.69,97789.9,100517.0,103068.88,100506.52,100539.0,100532.26,100536.23
1704.333983432,13636,100542.79,97781.84,100532.01,103069.96,100523.62,100543.01,100543.48,100531.19
1704.354446446,13637,100540.92,97794.96,100515.97,103073.96,100516.64,100540.05,100534.38,100529.25
1704.374840983,13638,100532.69,97793.93,100514.94,103069.96,100519.6,100547.01,100548.33,100533.26
1704.395579653,13639,100528.69,97790.93,100507.96,103069.96,100519.6,100540.05,100544.31,100529.25
1704.416231445,13640,100521.77,97789.9,100507.96,103096.13,100506.52,100537.94,100534.38,100534.29
1704.436825611,13641,100530.82,97790.93,100515.97,103089.96,100507.56,100540.05,100537.34,100530.29
1704.460614162,13642,100534.81,97801.99,100518.95,103097.95,100524.67,100556.09,100553.41,100537.26
1704.481229792,13643,100538.8,97811.08,100514.94,103085.96,100526.59,100547.01,100541.36,100534.29
1704.50185575,13644,100532.69,97797.96,100518.95,103099.04,100516.64,100539.0,100545.37,100541.26
1704.522373564,13645,100525.76,97786.9,100513.0,103103.04,100517.68,100529.93,100532.26,100517.25
1704.543003812,13646,100532.69,97786.9,100507.96,103099.04,100519.6,100537.94,100534.38,100525.25
1704.563602344,13647,100532.69,97791.96,100514.94,103093.95,100507.56,100542.16,100542.42,100517.25
1704.58423508,13648,100536.68,97789.9,100532.01,103111.03,100515.59,100541.95,100546.43,100513.24
1704.604812704,13649,100533.75,97795.99,100515.97,103095.04,100505.47,100548.07,100535.44,100532.23
1704.628597373,13650,100516.72,97795.99,100518.95,103101.21,100519.6,100540.05,100530.36,100539.32
1704.649164034,13651,100541.73,97798.99,100517.0,103119.03,100531.65,100537.94,100542.42,100529.25
1704.669744055,13652,100540.67,97806.02,100526.97,103110.3,100523.62,100536.04,100550.45,100533.26
1704.690471263,13653,100532.69,97800.02,100529.03,103101.95,100505.64,100540.05,100533.32,100521.25
1704.711062161,13654,100524.7,97783.9,100504.98,103122.29,100519.6,100540.05,100530.36,100533.26
1704.73157756,13655,100525.76,97781.84,100513.0,103101.95,100507.56,100530.98,100526.34,100520.22
1704.752853177,13656,100528.69,97783.9,100510.93,103109.95,100520.65,100540.05,100540.52,100537.26
1704.774471689,13657,100533.75,97789.9,100515.97,103103.04,100515.59,100536.89,100535.44,100530.29
1704.796488298,13658,100538.8,97798.99,100506.92,103121.21,100523.62,100549.13,100534.38,100533.26
1704.817104991,13659,100537.74,97790.93,100514.94,103130.29,100508.61,100541.11,100541.36,100537.26
1704.837696988,13660,100531.62,97779.87,100526.97,103117.21,100499.53,100539.0,100541.36,100545.27
1704.858377256,13661,100523.64,97777.81,100510.93,103109.95,100516.64,100540.05,100536.5,100537.26
1704.878933629,13662,100532.69,97775.84,100511.96,103103.04,100497.44,100530.98,100526.34,100533.26
1704.899451355,13663,100517.78,97767.78,100503.95,103123.03,100500.58,100539.0,100531.42,100529.25
1704.920139511,13664,100525.76,97749.6,100517.0,103136.11,100507.56,100533.93,100538.4,100533.26
1704.94070381,13665,100534.81,97742.57,100517.0,103128.12,100491.51,100529.93,100518.3,100529.25
1704.964472031,13666,100540.67,97749.6,100522.96,103137.94,100501.45,100544.06,100538.4,100535.32
1704.985044613,13667,100527.63,97767.78,100529.03,103137.2,100515.59,100544.06,100545.37,100531.19
1705.005632033,13668,100529.75,97751.66,100514.94,103154.28,100505.47,100532.04,100538.4,100534.29
1705.026273251,13669,100525.76,97741.54,100503.95,103171.01,100508.61,100518.95,100534.38,100517.25
1705.046845906,13670,100524.7,97738.54,100502.0,103192.09,100499.53,100536.89,100530.36,100525.25
1705.067511892,13671,100533.75,97742.57,100508.99,103167.01,100515.59,100540.05,100542.42,100533.26
1705.088039081,13672,100542.79,97808.08,100533.04,103160.1,100529.73,100541.95,100558.49,100543.33
1705.111823366,13673,100511.66,97733.48,100490.89,103151.02,100499.53,100521.91,100518.3,100504.2
1705.132471958,13674,100499.69,97718.39,100498.91,103167.01,100487.49,100524.02,100510.27,100509.24
1705.153081394,13675,100512.72,97704.33,100490.89,103138.29,100500.58,100529.08,100524.44,100515.31
1705.173666834,13676,100529.75,97743.6,100506.92,103101.21,100516.64,100547.01,100534.38,100529.25
1705.194174834,13677,100520.71,97743.6,100514.94,103108.12,100515.59,100549.13,100534.38,100533.26
1705.214805712,13678,100524.7,97711.36,100510.93,103123.03,100523.62,100540.05,100542.42,100530.29
1705.235399071,13679,100534.81,97699.27,100508.99,103138.29,100516.64,100540.05,100531.42,100518.28
1705.256050695,13680,100533.75,97711.36,100523.99,103127.03,100511.58,100532.04,100536.28,100529.25
1705.279760656,13681,100532.69,97749.6,100506.92,103117.21,100521.52,100533.93,100543.48,100533.26
1705.300386081,13682,100526.82,97711.36,100515.97,103129.2,100518.73,100544.06,100528.24,100521.25
1705.320988335,13683,100518.84,97702.28,100506.92,103146.29,100511.58,100529.93,100530.36,100513.24
1705.341632486,13684,100532.69,97695.24,100528.0,103140.11,100524.67,100548.07,100536.5,100529.25
1705.362274018,13685,100537.74,97705.28,100532.01,103115.03,100519.6,100539.0,100546.43,100529.25
1705.383156769,13686,100516.72,97710.34,100533.04,103127.03,100508.61,100548.07,100537.56,100525.25
1705.408576374,13687,100523.64,97703.3,100506.92,103142.29,100515.59,100540.05,100539.46,100518.28
1705.424681297,13688,100526.82,97690.19,100514.94,103141.2,100500.58,100548.07,100532.26,100526.28
1705.447718617,13689,100536.68,97714.36,100528.0,103136.11,100519.6,100547.01,100542.42,100551.33
1705.468256554,13690,100532.69,97713.34,100525.02,103133.2,100519.6,100545.12,100542.42,100531.32
1705.488906718,13691,100532.69,97703.3,100508.99,103134.29,100511.58,100532.04,100528.46,100530.29
1705.509535838,13692,100525.76,97706.31,100509.9,103128.12,100515.59,100544.06,100528.46,100530.29
1705.53011499,13693,100532.69,97703.3,100514.94,103136.11,100520.65,100539.0,100530.36,100531.32
1705.550711057,13694,100528.69,97709.31,100523.99,103130.29,100508.61,100540.05,100534.38,100526.16
1705.571372594,13695,100528.69,97711.36,100517.0,103133.2,100507.56,100534.99,100543.48,100537.26
1705.591945109,13696,100530.82,97710.34,100514.94,103136.11,100519.6,100540.05,100546.43,100536.23
1705.615674655,13697,100532.69,97707.33,100507.04,103120.12,100511.58,100539.0,100535.44,100529.25
1705.636241117,13698,100528.69,97711.36,100517.0,103129.2,100511.58,100536.04,100539.46,100519.19
1705.656816303,13699,100541.73,97717.37,100511.96,103129.2,100503.55,100544.06,100540.52,100532.23
1705.677425678,13700,100536.68,97710.34,100529.03,103134.29,100519.6,100545.12,100534.38,100545.27
1705.698048404,13701,100528.69,97707.33,100510.93,103128.12,100507.56,100534.99,100534.38,100539.32
1705.718665209,13702,100528.69,97711.36,100507.96,103120.12,100508.61,100540.05,100539.46,100538.29
1705.73926198,13703,100529.75,97694.22,100507.96,103121.21,100513.67,100533.93,100518.3,100528.35
1705.75983218,13704,100529.75,97703.3,100511.96,103120.12,100505.64,100537.1,100532.48,100534.29
1705.783671461,13705,100532.69,97710.34,100529.03,103140.46,100516.64,100548.07,100540.52,100537.26
1705.804189002,13706,100532.69,97712.39,100521.01,103129.2,100525.71,100541.11,100543.48,100529.25
1705.824981899,13707,100524.7,97703.3,100515.97,103138.29,100515.59,100541.11,100526.34,100539.32
1705.845443076,13708,100524.7,97704.25,100510.93,103132.11,100515.59,100536.89,100534.38,100535.32
1705.86605549,13709,100541.73,97707.33,100510.93,103134.29,100515.59,100544.06,100534.38,100530.29
1705.88671869,13710,100528.69,97701.25,100506.92,103121.21,100522.75,100540.05,100529.3,100537.26
1705.90723607,13711,100532.69,97719.42,100515.97,103145.2,100519.6,100538.15,100543.48,100527.31
1705.927822177,13712,100529.75,97710.34,100519.98,103141.2,100520.65,100536.04,100534.38,100530.29
1705.951568884,13713,100530.82,97702.28,100514.94,103144.11,100515.59,100539.0,100536.5,100533.26
1705.97218444,13714,100525.76,97709.31,100510.93,103149.2,100516.64,100540.05,100540.52,100529.25
1705.992984301,13715,100527.63,97711.36,100514.94,103139.02,100523.62,100544.06,100542.42,100529.25
1706.013395362,13716,100532.69,97715.39,100507.96,103150.28,100517.68,100541.11,100535.44,100537.26
1706.034020105,13717,100529.75,97710.34,100517.0,103153.2,100527.63,100536.04,100526.34,100521.25
1706.054588393,13718,100529.75,97706.31,100515.97,103148.11,100520.65,100542.16,100536.5,100529.25
1706.075157798,13719,100528.69,97716.42,100514.94,103144.11,100521.7,100540.05,100542.42,100533.26
1706.095770059,13720,100523.64,97711.36,100517.0,103157.19,100521.7,100553.98,100535.44,100529.25
1706.119539413,13721,100532.69,97711.36,100523.99,103153.2,100516.64,100533.09,100544.54,100528.22
1706.140184937,13722,100517.78,97714.36,100517.0,103154.28,100517.68,100540.05,100539.46,100533.26
1706.16077985,13723,100530.82,97719.42,100502.92,103153.2,100520.65,100552.08,100546.66,100531.32
1706.181348803,13724,100533.75,97711.36,100518.04,103154.28,100517.68,100544.06,100542.42,100525.25
1706.201918323,13725,100530.82,97709.31,100514.94,103169.19,100513.5,100548.07,100539.46,100532.23
1706.22248631,13726,100526.82,97715.39,100518.04,103158.28,100507.56,100536.04,100537.34,100532.23
1706.243109975,13727,100522.83,97712.39,100511.96,103160.1,100516.64,100549.13,100542.42,100529.25
1706.263655513,13728,100524.7,97707.33,100514.94,103162.28,100508.61,100540.05,100542.42,100529.25
1706.287512271,13729,100533.75,97715.39,100529.03,103169.19,100515.59,100542.16,100538.4,100530.29
1706.30807931,13730,100532.69,97709.31,100507.96,103164.1,100516.64,100540.05,100544.54,100529.25
1706.328727361,13731,100532.69,97711.36,100529.03,103161.19,100513.67,100548.07,100535.44,100533.26
1706.34922958,13732,100528.69,97711.36,100521.01,103177.19,100509.66,100540.05,100534.38,100533.26
1706.369836615,13733,100521.77,97710.34,100510.93,103170.28,100504.6,100536.04,100535.44,100531.32
1706.390526439,13734,100524.7,97719.42,100517.0,103170.28,100512.62,100537.94,100535.44,100536.23
1706.411202156,13735,100532.69,97710.34,100515.97,103186.27,100515.59,100533.93,100528.46,100521.25
1706.434882951,13736,100532.69,97717.37,100515.97,103194.27,100503.55,100540.05,100539.46,100545.27
1706.455463355,13737,100536.68,97709.31,100508.99,103169.19,100518.56,100534.99,100536.5,100541.26
1706.476068105,13738,100538.8,97724.48,100515.97,103178.27,100507.56,100540.05,100538.4,100537.26
1706.496614411,13739,100534.81,97714.28,100511.96,103178.27,100508.61,100548.07,100526.34,100530.29
1706.517211345,13740,100534.81,97714.36,100514.94,103177.19,100505.64,100537.1,100539.46,100539.32
1706.537808635,13741,100530.82,97717.37,100513.91,103197.18,100525.71,100529.93,100529.3,100528.22
1706.55840284,13742,100532.69,97718.39,100513.0,103185.18,100513.5,100540.05,100535.44,100535.32
1706.579015252,13743,100533.75,97717.37,100515.97,103194.27,100517.68,100536.04,100538.4,100533.26
1706.602772076,13744,100532.69,97719.42,100514.94,103202.27,100503.55,100550.18,100544.54,100545.27
1706.623387234,13745,100524.7,97717.37,100510.93,103198.27,100516.64,100541.95,100536.5,100538.29
1706.644100278,13746,100532.69,97722.42,100504.98,103202.27,100511.58,100533.09,100518.3,100534.29
1706.664638732,13747,100527.63,97719.42,100511.96,103186.27,100500.58,100544.06,100539.46,100538.29
1706.685202884,13748,100532.69,97733.48,100533.04,103198.27,100515.59,100545.96,100539.46,100531.32
1706.705762154,13749,100532.69,97723.45,100513.0,103185.18,100516.64,100539.0,100544.54,100539.32
1706.726404684,13750,100524.7,97725.43,100507.96,103198.27,100520.65,100540.05,100542.42,100525.25
1706.746953561,13751,100524.7,97723.45,100515.97,103198.27,100521.7,100533.93,100538.4,100529.25
1706.770756325,13752,100532.69,97727.48,100504.98,103204.44,100509.66,100544.06,100526.34,100535.32
1706.791350056,13753,100516.72,97735.54,100532.01,103198.27,100524.67,100536.04,100534.38,100529.25
1706.811946248,13754,100527.63,97734.51,100514.94,103213.17,100517.68,100540.05,100535.44,100533.26
1706.832590677,13755,100524.7,97735.54,100515.97,103199.0,100512.62,100542.16,100535.44,100533.26
1706.853147403,13756,100525.76,97726.45,100506.92,103201.18,100509.66,100547.01,100538.4,100529.25
1706.873847481,13757,100542.79,97727.48,100513.0,103201.18,100515.59,100539.0,100543.48,100531.32
1706.894428796,13758,100528.69,97743.6,100517.0,103217.17,100508.61,100540.05,100540.3,100526.28
1706.914991558,13759,100528.69,97743.6,100509.9,103206.27,100517.68,100548.07,100538.4,100529.25
1706.938697711,13760,100524.7,97744.63,100511.96,103206.27,100505.64,100543.01,100534.38,100537.26
1706.959260271,13761,100516.72,97739.57,100528.0,103218.26,100509.66,100540.05,100522.32,100529.25
1706.979909259,13762,100533.75,97735.54,100525.02,103202.27,100507.56,100541.11,100540.52,100529.25
1707.000539145,13763,100533.75,97732.54,100514.94,103208.09,100511.58,100536.04,100532.48,100529.25
1707.021107051,13764,100528.69,97743.6,100508.99,103205.18,100515.59,100540.05,100531.42,100529.25
1707.041745936,13765,100533.75,97734.51,100508.99,103207.0,100517.68,100541.11,100534.38,100529.25
1707.06229401,13766,100531.62,97739.57,100519.07,103217.17,100512.62,100549.13,100540.52,100517.25
1707.082899191,13767,100527.63,97749.6,100525.02,103220.08,100519.6,100540.9,100547.49,100546.3
1707.106658558,13768,100515.65,97734.51,100519.98,103205.18,100499.53,100548.07,100529.52,100528.22
1707.127266521,13769,100517.78,97725.43,100508.99,103205.18,100504.6,100541.95,100527.4,100522.28
1707.147870668,13770,100533.75,97741.54,100521.01,103221.17,100522.57,100548.07,100538.4,100537.26
1707.168477198,13771,100532.69,97767.78,100508.99,103204.09,100523.62,100548.07,100540.52,100531.19
1707.189070236,13772,100515.65,97742.57,100508.99,103222.26,100515.59,100533.09,100526.34,100524.22
1707.209646644,13773,100517.78,97738.54,100499.94,103222.26,100515.59,100533.93,100533.32,100525.25
1707.230279656,13774,100528.69,97737.51,100530.98,103210.26,100517.68,100540.05,100530.36,100523.31
1707.250810912,13775,100536.68,97751.66,100517.0,103218.26,100515.59,100538.15,100539.46,100537.26
1707.274649372,13776,100541.73,97747.63,100515.97,103217.17,100520.65,100537.94,100533.32,100531.19
1707.295215183,13777,100508.73,97735.54,100507.96,103221.17,100517.68,100548.07,100535.44,100529.25
1707.315832128,13778,100528.95,97745.57,100518.95,103218.26,100514.72,100543.01,100534.38,100538.29
1707.336381801,13779,100532.69,97743.6,100517.0,103210.26,100501.63,100544.06,100534.38,100537.26
1707.356986034,13780,100530.82,97751.66,100511.96,103218.99,100504.6,100537.94,100540.52,100535.32
1707.377578519,13781,100529.75,97751.66,100522.96,103229.52,100518.73,100529.93,100536.5,100538.29
1707.398221748,13782,100516.72,97742.57,100517.0,103225.17,100511.58,100537.94,100528.24,100525.25
1707.418799655,13783,100524.7,97743.6,100533.04,103226.26,100512.62,100540.05,100544.54,100537.26
1707.442614206,13784,100524.7,97759.72,100500.97,103218.26,100505.64,100540.05,100539.46,100536.23
1707.463202038,13785,100528.69,97739.57,100517.0,103218.26,100522.75,100543.01,100530.36,100529.25
1707.483824008,13786,100525.76,97743.6,100515.97,103234.26,100508.61,100543.01,100540.3,100537.26
1707.504368503,13787,100532.69,97749.6,100517.0,103219.35,100515.59,100543.01,100539.46,100530.29
1707.525015772,13788,100528.69,97757.66,100529.03,103226.26,100507.56,100530.98,100542.42,100529.25
1707.545545877,13789,100528.69,97757.66,100527.08,103221.17,100509.66,100536.26,100534.38,100529.25
1707.566161543,13790,100529.75,97745.57,100515.97,103226.26,100524.67,100539.0,100540.52,100528.22
1707.586801608,13791,100524.7,97751.66,100523.99,103222.26,100515.59,100549.13,100536.5,100537.26
1707.610504924,13792,100532.69,97757.66,100533.04,103230.99,100517.68,100540.05,100532.48,100529.25
1707.631107436,13793,100533.75,97757.66,100503.95,103230.26,100523.62,100548.07,100531.42,100522.28
1707.651686475,13794,100523.64,97762.72,100525.02,103233.17,100511.58,100543.01,100534.38,100521.25
1707.672597544,13795,100532.69,97750.63,100508.99,103237.17,100516.64,100546.17,100544.54,100529.25
1707.693263709,13796,100528.69,97749.6,100521.01,103235.34,100513.67,100548.07,100543.48,100531.32
1707.714001412,13797,100529.75,97765.72,100517.0,103232.08,100517.68,100536.04,100540.3,100533.26
1707.734201012,13798,100528.69,97757.66,100528.0,103233.17,100515.59,100548.07,100539.46,100531.32
1707.757925072,13799,100529.75,97763.75,100517.0,103230.26,100508.61,100541.95,100535.44,100513.24
1707.778459318,13800,100526.82,97764.69,100518.95,103236.43,100517.68,100534.99,100535.44,100533.26
1707.799034012,13801,100528.69,97757.66,100515.97,103229.17,100515.59,100550.18,100540.52,100535.2
1707.819686437,13802,100533.75,97753.63,100508.99,103234.26,100515.59,100536.04,100523.38,100530.29
1707.840273459,13803,100533.75,97765.72,100517.0,103236.08,100509.66,100541.11,100526.34,100530.29
1707.860883953,13804,100533.75,97759.72,100526.97,103236.43,100515.59,100541.11,100544.54,100530.29
1707.881448474,13805,100520.71,97766.75,100515.97,103226.26,100521.7,100540.05,100545.6,100529.25
1707.902087723,13806,100532.69,97767.78,100508.99,103250.25,100516.64,100541.11,100536.5,100533.26
1707.92580161,13807,100532.69,97762.72,100518.95,103238.25,100516.64,100550.18,100543.48,100537.26
1707.946462798,13808,100524.7,97775.84,100517.0,103245.16,100516.64,100539.0,100534.38,100536.35
1707.967060206,13809,100525.76,97766.75,100514.03,103238.25,100516.64,100545.12,100534.38,100537.26
1707.987648648,13810,100532.69,97762.72,100508.99,103236.43,100500.58,100548.07,100534.38,100521.25
1708.00825186,13811,100536.68,97761.69,100525.02,103235.34,100512.62,100540.05,100532.26,100535.32
1708.028815994,13812,100538.8,97760.75,100517.0,103236.08,100515.59,100541.95,100531.42,100531.32
1708.049399148,13813,100532.69,97773.78,100533.04,103234.26,100515.59,100539.0,100536.5,100536.35
1708.069971053,13814,100528.69,97767.78,100530.98,103234.26,100511.58,100532.04,100526.34,100525.25
1708.093786796,13815,100534.81,97764.78,100514.94,103238.25,100507.56,100540.05,100542.42,100533.26
1708.11440194,13816,100520.71,97767.78,100523.99,103238.25,100511.58,100539.0,100542.42,100529.25
1708.134976041,13817,100534.81,97767.78,100507.96,103241.16,100516.64,100541.11,100539.46,100537.26
1708.15559602,13818,100524.7,97767.78,100517.0,103237.52,100515.59,100544.06,100535.44,100534.29
1708.176244179,13819,100528.69,97763.75,100506.92,103252.43,100508.61,100540.05,100547.49,100534.29
1708.196780026,13820,100533.75,97774.81,100517.0,103246.25,100517.68,100541.11,100539.46,100537.26
1708.217423793,13821,100531.62,97773.78,100506.92,103249.16,100503.55,100542.16,100535.44,100531.19
1708.238016125,13822,100534.81,97767.78,100506.92,103235.34,100514.72,100534.15,100535.44,100529.25
1708.261742578,13823,100528.95,97767.78,100515.97,103238.25,100509.66,100534.99,100538.4,100532.23
1708.282337901,13824,100529.75,97773.78,100521.01,103243.34,100518.73,100540.05,100534.38,100531.32
1708.302957752,13825,100527.63,97763.75,100517.0,103251.34,100518.73,100540.05,100534.38,100535.32
1708.323588958,13826,100531.62,97779.87,100519.98,103242.25,100514.72,100530.98,100535.44,100530.29
1708.344220641,13827,100524.7,97774.81,100507.96,103234.26,100507.56,100533.09,100527.4,100530.29
1708.364817089,13828,100531.88,97773.78,100525.02,103250.25,100517.68,100540.05,100534.38,100528.22
1708.385328003,13829,100532.69,97778.84,100533.04,103250.25,100522.75,100549.13,100542.42,100528.22
1708.406012681,13830,100524.7,97770.78,100508.99,103233.17,100522.75,100524.02,100534.38,100529.25
1708.429728464,13831,100536.68,97773.78,100515.97,103250.25,100517.68,100528.03,100530.36,100529.25
1708.450839481,13832,100534.81,97775.84,100504.98,103261.16,100519.78,100548.07,100534.38,100525.25
1708.471011253,13833,100532.69,97776.78,100514.94,103237.17,100503.55,100540.05,100546.43,100533.26
1708.491488013,13834,100524.7,97782.87,100517.0,103237.17,100517.68,100548.07,100526.34,100533.26
1708.512133847,13835,100536.68,97779.87,100511.96,103251.34,100520.65,100540.05,100534.38,100533.26
1708.532708398,13836,100523.64,97782.87,100517.0,103258.25,100517.68,100543.01,100542.42,100529.25
1708.553429283,13837,100524.7,97781.84,100506.92,103258.25,100516.64,100541.11,100542.42,100521.25
1708.573907815,13838,100528.69,97779.87,100507.96,103252.43,100513.67,100532.04,100538.4,100533.26
1708.597664054,13839,100524.7,97774.81,100518.04,103262.25,100506.69,100540.05,100531.42,100527.19
1708.618283563,13840,100528.69,97781.84,100526.97,103260.43,100505.64,100540.05,100538.4,100527.31
1708.6388644,13841,100532.69,97790.93,100515.97,103268.42,100517.68,100534.99,100543.48,100529.25
1708.659523206,13842,100532.69,97778.84,100517.0,103262.25,100518.73,100545.12,100535.44,100525.25
1708.680051762,13843,100528.69,97774.81,100513.0,103264.07,100518.73,100540.05,100544.54,100528.22
1708.700612448,13844,100527.63,97779.87,100499.94,103257.16,100509.66,100534.99,100543.48,100533.26
1708.721202331,13845,100532.69,97783.9,100515.97,103256.07,100511.58,100544.06,100527.4,100533.26
1708.741937052,13846,100529.75,97791.96,100517.0,103260.43,100503.55,100548.07,100539.46,100537.26
1708.765707495,13847,100528.69,97777.81,100519.98,103262.25,100511.58,100542.16,100534.38,100530.29
1708.786228998,13848,100533.75,97783.9,100506.92,103266.24,100509.66,100540.05,100534.38,100538.29
1708.80674658,13849,100538.8,97774.81,100506.92,103265.16,100517.68,100540.05,100543.48,100537.26
1708.827366371,13850,100525.76,97787.93,100507.96,103260.43,100513.67,100534.15,100551.51,100539.32
1708.848028848,13851,100532.69,97781.84,100529.03,103262.25,100516.64,100539.0,100548.55,100521.25
1708.868612023,13852,100532.69,97778.84,100507.96,103266.24,100515.59,100544.06,100544.54,100529.25
1708.88922531,13853,100525.76,97774.81,100511.96,103260.43,100501.45,100530.98,100539.46,100538.29
1708.913051902,13854,100532.69,97791.96,100513.0,103258.25,100508.61,100539.0,100538.4,100537.26
1708.93355858,13855,100537.99,97782.87,100529.03,103270.24,100523.62,100537.94,100538.4,100528.22
1708.954155787,13856,100536.68,97794.96,100514.94,103262.25,100510.7,100534.99,100537.34,100527.19
1708.974876254,13857,100525.76,97791.96,100515.97,103266.24,100509.66,100540.05,100526.34,100530.29
1708.995462466,13858,100528.69,97788.87,100508.99,103268.42,100513.67,100542.16,100536.5,100533.26
1709.016082958,13859,100515.65,97781.84,100517.0,103270.24,100522.75,100536.04,100535.44,100537.26
1709.036513907,13860,100534.81,97789.9,100513.0,103278.24,100518.73,100532.04,100550.45,100534.29
1709.05721065,13861,100529.75,97789.9,100523.99,103266.24,100519.78,100540.05,100544.54,100533.26
1709.080874123,13862,100533.75,97794.96,100533.04,103266.24,100516.64,100537.94,100543.48,100534.29
1709.101532469,13863,100532.69,97791.96,100508.99,103269.51,100520.65,100547.01,100541.58,100531.32
1709.122152387,13864,100527.63,97789.9,100514.94,103266.24,100514.72,100544.06,100533.32,100539.32
1709.14274331,13865,100529.75,97786.9,100514.94,103266.24,100505.64,100534.99,100530.36,100533.26
1709.163302267,13866,100528.69,97787.93,100506.92,103270.24,100516.64,100540.05,100544.54,100526.28
1709.183863019,13867,100534.81,97793.93,100511.96,103269.15,100507.56,100549.13,100535.44,100527.19
1709.204455275,13868,100529.75,97803.02,100515.97,103277.51,100510.7,100536.04,100527.4,100539.32
1709.225029127,13869,100533.75,97793.93,100511.96,103266.24,100521.7,100536.04,100540.52,100529.25
1709.248846529,13870,100515.65,97790.93,100515.97,103267.33,100517.68,100540.05,100536.5,100537.26
1709.269459871,13871,100533.75,97797.96,100508.99,103269.15,100516.64,100534.99,100548.55,100518.15
1709.290105754,13872,100534.81,97789.9,100511.96,103274.24,100504.6,100540.05,100535.44,100529.25
1709.310858016,13873,100530.56,97808.08,100519.98,103278.24,100517.68,100544.06,100532.48,100529.25
1709.331237878,13874,100530.82,97793.93,100533.04,103275.33,100520.65,100545.12,100538.4,100525.25
1709.351894281,13875,100518.84,97795.99,100510.93,103274.24,100516.64,100536.89,100544.54,100531.32
1709.372554262,13876,100532.69,97791.96,100522.96,103270.24,100514.72,100540.05,100544.54,100521.25
1709.393116491,13877,100532.69,97791.96,100518.95,103274.24,100516.64,100537.1,100535.44,100544.24
1709.416895351,13878,100534.81,97788.87,100515.97,103274.24,100509.66,100530.98,100537.56,100529.25
1709.437416914,13879,100536.68,97807.05,100508.99,103284.42,100516.64,100540.05,100534.38,100529.25
1709.45801514,13880,100534.81,97797.96,100518.95,103278.24,100509.66,100548.07,100540.52,100538.29
1709.478639288,13881,100524.7,97808.08,100514.94,103272.06,100510.7,100534.99,100526.34,100528.22
1709.499238061,13882,100536.68,97808.08,100517.0,103276.42,100522.75,100541.95,100540.52,100523.31
1709.51984226,13883,100525.76,97808.08,100515.97,103270.24,100522.75,100522.96,100536.5,100527.19
1709.540472473,13884,100532.69,97797.96,100507.96,103266.24,100506.69,100537.94,100544.54,100535.32
1709.561033832,13885,100528.69,97803.02,100507.96,103282.24,100516.64,100529.93,100537.56,100530.29
1709.584780392,13886,100524.7,97798.99,100526.97,103283.33,100518.73,100543.01,100544.54,100525.25
1709.605365367,13887,100532.69,97806.02,100514.94,103274.6,100521.7,100539.0,100537.56,100525.25
1709.625956973,13888,100532.69,97804.05,100515.97,103282.24,100524.67,100543.01,100534.38,100531.32
1709.646627041,13889,100533.75,97801.99,100517.0,103299.32,100516.64,100536.04,100542.42,100529.25
1709.667209461,13890,100524.7,97806.02,100514.94,103282.24,100513.67,100540.05,100535.44,100530.29
1709.687788826,13891,100525.76,97808.08,100506.92,103290.24,100517.68,100540.05,100526.34,100530.29
1709.708940996,13892,100529.75,97807.05,100508.99,103283.33,100517.68,100536.04,100532.48,100535.32
1709.728863829,13893,100533.75,97803.02,100523.99,103282.24,100517.68,100540.05,100536.5,100533.26
1709.752735983,13894,100524.7,97806.02,100517.0,103282.24,100509.66,100548.07,100542.42,100526.28
1709.773443097,13895,100524.7,97812.11,100518.95,103282.24,100505.64,100546.17,100539.46,100533.26
1709.793928933,13896,100520.71,97807.05,100508.99,103282.24,100505.64,100540.05,100539.46,100531.32
1709.814651432,13897,100531.88,97808.08,100510.93,103286.24,100518.73,100540.05,100532.48,100533.26
1709.835229157,13898,100526.82,97811.08,100510.93,103278.24,100524.67,100540.05,100540.52,100529.25
1709.855741229,13899,100524.7,97807.05,100521.01,103290.24,100518.73,100545.12,100540.52,100526.28
1709.87640092,13900,100524.7,97808.08,100518.95,103286.24,100509.66,100543.01,100538.4,100529.25
1709.89707764,13901,100534.81,97808.08,100528.0,103282.24,100516.64,100542.16,100551.51,100535.32
1709.920644703,13902,100535.87,97811.08,100508.99,103286.24,100517.68,100529.93,100539.46,100536.35
1709.941231167,13903,100534.81,97808.08,100528.0,103280.06,100519.78,100540.05,100535.44,100530.29
1709.961859741,13904,100524.7,97806.02,100514.94,103282.24,100513.67,100548.07,100542.42,100526.28
1709.982426547,13905,100533.75,97810.05,100502.92,103282.24,100517.68,100533.09,100534.38,100547.33
1710.003082374,13906,100527.88,97815.11,100515.97,103299.32,100522.75,100545.12,100541.36,100529.25
1710.023700893,13907,100532.69,97814.08,100507.96,103296.06,100516.64,100540.05,100533.32,100529.25
1710.044308974,13908,100532.69,97811.08,100528.0,103281.15,100497.61,100548.07,100539.46,100529.25
1710.064911593,13909,100533.75,97814.08,100506.92,103290.24,100517.68,100534.99,100534.38,100533.26
1710.088656567,13910,100533.75,97816.14,100514.03,103285.15,100517.68,100536.04,100540.3,100537.26
1710.109223997,13911,100528.69,97800.02,100511.96,103298.23,100518.73,100541.11,100530.36,100536.23
1710.129803238,13912,100541.73,97814.08,100525.02,103290.24,100511.75,100542.16,100534.38,100533.26
1710.150438993,13913,100532.69,97823.17,100529.03,103298.23,100518.73,100542.16,100534.38,100529.25
1710.170969688,13914,100535.87,97824.2,100501.89,103298.23,100499.53,100539.0,100538.4,100537.26
1710.191579118,13915,100528.69,97814.08,100514.94,103289.15,100519.78,100537.94,100534.38,100532.23
1710.21227509,13916,100534.81,97816.14,100519.98,103290.24,100521.7,100544.06,100532.26,100521.25
1710.235997211,13917,100532.69,97816.14,100507.96,103289.15,100516.64,100537.1,100518.3,100538.29
1710.256564875,13918,100537.74,97815.11,100510.93,103290.24,100516.64,100536.04,100537.34,100531.32
1710.27721456,13919,100533.75,97814.08,100513.0,103297.15,100501.63,100537.94,100538.4,100533.26
1710.297791927,13920,100529.75,97806.02,100521.01,103282.24,100522.75,100548.07,100528.24,100521.25
1710.318391985,13921,100525.76,97814.08,100508.99,103291.33,100517.68,100542.16,100532.26,100529.25
1710.338956279,13922,100530.82,97818.11,100515.97,103286.24,100517.68,100540.05,100527.4,100531.32
1710.359616511,13923,100532.69,97823.17,100518.04,103298.23,100518.73,100540.05,100541.36,100527.19
1710.380196725,13924,100532.69,97819.14,100510.02,103311.32,100499.53,100540.05,100540.52,100537.26
1710.403956169,13925,100530.82,97823.17,100508.99,103301.5,100517.68,100532.04,100534.38,100529.25
1710.424636554,13926,100520.71,97828.23,100515.97,103314.23,100512.62,100533.09,100533.32,100529.25
1710.445229014,13927,100529.75,97831.23,100508.99,103297.15,100518.73,100544.06,100534.38,100533.26
1710.465736517,13928,100525.76,97830.2,100507.96,103298.23,100516.64,100534.99,100534.38,100527.31
1710.486385627,13929,100529.75,97824.2,100514.94,103302.23,100530.77,100540.05,100539.46,100534.29
1710.50695659,13930,100526.82,97827.2,100523.99,103290.24,100519.78,100533.93,100524.44,100521.25
1710.527642036,13931,100520.71,97825.14,100515.97,103306.23,100518.73,100530.98,100545.37,100532.35
1710.548159516,13932,100521.77,97823.17,100515.97,103298.23,100516.64,100542.16,100543.48,100530.29
1710.571890754,13933,100524.7,97834.31,100521.01,103302.23,100516.64,100540.05,100534.38,100531.32
1710.592435572,13934,100525.76,97821.11,100517.0,103305.5,100521.7,100548.07,100534.38,100533.26
1710.613040197,13935,100522.83,97830.2,100529.03,103302.23,100510.7,100532.04,100535.44,100525.25
1710.633690778,13936,100526.82,97827.2,100515.97,103305.14,100503.55,100536.04,100535.44,100529.25
1710.654306335,13937,100515.65,97832.25,100508.99,103298.23,100517.68,100536.04,100530.36,100537.26
1710.674971738,13938,100528.69,97832.25,100515.97,103312.41,100515.59,100542.16,100533.32,100525.25
1710.695585284,13939,100537.74,97827.2,100513.0,103302.59,100524.67,100544.06,100534.38,100523.19
1710.716121584,13940,100528.69,97824.2,100511.96,103316.41,100510.7,100540.05,100542.42,100529.25
1710.73978511,13941,100528.69,97823.17,100510.93,103309.5,100525.71,100536.04,100535.44,100539.32
1710.760579738,13942,100528.69,97840.31,100508.99,103294.24,100509.66,100534.99,100543.48,100540.36
1710.781037495,13943,100534.81,97832.25,100517.0,103306.23,100516.64,100541.11,100543.48,100533.26
1710.801615314,13944,100524.7,97827.2,100511.96,103306.23,100509.66,100532.04,100542.42,100530.29
1710.822218425,13945,100529.75,97830.2,100506.92,103316.41,100525.71,100536.04,100526.34,100531.32
1710.842780884,13946,100533.75,97824.2,100506.92,103315.32,100504.6,100547.01,100536.5,100529.25
1710.863461131,13947,100534.81,97839.29,100511.96,103298.23,100512.62,100530.98,100522.32,100524.22
1710.884057127,13948,100533.75,97831.23,100503.95,103313.5,100493.6,100541.11,100543.48,100535.32
1710.907761373,13949,100525.76,97830.2,100518.04,103315.32,100518.73,100544.06,100516.18,100525.25
1710.928388548,13950,100526.82,97839.29,100525.02,103315.32,100521.7,100539.0,100528.46,100530.29
1710.949062789,13951,100525.76,97840.31,100521.01,103297.15,100519.78,100540.05,100536.5,100533.26
1710.969566627,13952,100540.92,97829.25,100515.97,103310.23,100507.56,100530.98,100533.32,100522.28
1710.990222365,13953,100529.75,97827.2,100500.97,103306.23,100503.55,100542.16,100535.44,100526.28
1711.010786331,13954,100532.69,97836.28,100517.0,103310.23,100505.64,100544.06,100532.26,100531.32
1711.031434507,13955,100521.77,97838.26,100518.04,103310.23,100514.72,100538.15,100534.38,100535.32
1711.052037894,13956,100533.75,97840.31,100507.96,103316.41,100509.66,100540.05,100533.32,100521.25
1711.075782705,13957,100526.82,97839.29,100517.0,103303.32,100517.68,100540.05,100534.38,100528.22
1711.096448827,13958,100520.71,97836.28,100510.93,103312.41,100511.75,100541.11,100524.22,100529.25
1711.117046866,13959,100525.76,97834.23,100515.97,103306.23,100518.73,100544.06,100541.36,100521.25
1711.137651395,13960,100538.8,97832.25,100517.0,103316.41,100518.73,100541.11,100537.56,100529.25
1711.15815905,13961,100533.75,97838.26,100517.0,103313.14,100507.74,100534.99,100534.38,100536.23
1711.178795672,13962,100522.58,97852.4,100514.94,103314.23,100519.6,100541.11,100532.26,100525.25
1711.19939421,13963,100525.76,97831.23,100515.97,103317.5,100517.68,100540.05,100534.38,100533.26
1711.21993744,13964,100536.68,97831.23,100517.0,103310.59,100517.68,100540.05,100544.54,100537.26
1711.243705796,13965,100534.81,97836.28,100525.02,103318.59,100507.56,100543.01,100527.4,100529.25
1711.264312988,13966,100534.81,97836.28,100528.0,103314.23,100524.67,100539.0,100526.34,100521.25
1711.284954354,13967,100534.81,97847.34,100532.01,103316.41,100513.67,100540.05,100538.4,100528.22
1711.305507196,13968,100533.75,97840.31,100506.92,103316.41,100521.7,100545.12,100537.34,100521.25
1711.326096683,13969,100530.82,97843.31,100528.0,103314.23,100501.63,100544.06,100538.4,100531.19
1711.346695569,13970,100529.75,97844.34,100523.99,103316.41,100518.73,100548.07,100542.42,100530.29
1711.367247196,13971,100524.7,97848.37,100513.0,103316.41,100517.68,100542.16,100543.48,100529.25
1711.387928302,13972,100532.69,97839.29,100529.03,103318.59,100517.68,100529.93,100534.38,100529.25
1711.411735475,13973,100534.81,97848.37,100518.04,103316.41,100507.56,100540.05,100534.38,100529.25
1711.432215749,13974,100524.7,97838.26,100500.97,103310.23,100509.66,100548.07,100538.4,100537.26
1711.452916681,13975,100515.65,97839.29,100515.97,103322.23,100507.56,100540.05,100535.44,100525.25
1711.473478413,13976,100525.76,97840.31,100511.96,103314.23,100518.73,100537.94,100525.28,100533.26
1711.494078219,13977,100526.82,97839.29,100498.91,103315.32,100509.66,100536.04,100534.38,100529.25
1711.514719617,13978,100526.82,97838.26,100506.92,103322.23,100513.67,100543.01,100534.38,100536.23
1711.535298565,13979,100528.69,97842.29,100533.04,103314.23,100509.66,100544.06,100539.46,100533.26
1711.559046841,13980,100531.62,97840.31,100511.96,103327.32,100514.72,100539.0,100531.42,100545.27
1711.579681312,13981,100516.72,97844.34,100515.97,103323.32,100509.66,100546.17,100543.48,100531.32
1711.600267259,13982,100540.67,97848.37,100510.93,103330.58,100526.76,100540.05,100541.36,100537.26
1711.620795438,13983,100546.79,97840.31,100508.99,103315.32,100518.73,100543.01,100534.38,100537.26
1711.641413846,13984,100529.75,97844.34,100508.99,103322.23,100522.75,100539.0,100534.38,100524.22
1711.662019759,13985,100534.81,97841.26,100513.0,103317.5,100518.73,100539.0,100536.5,100536.23
1711.682658802,13986,100522.83,97846.32,100510.02,103317.5,100515.59,100530.98,100530.36,100537.26
1711.703260082,13987,100525.76,97848.37,100517.0,103319.32,100509.66,100533.09,100520.42,100528.22
1711.72707463,13988,100526.82,97840.31,100519.98,103315.32,100518.73,100532.04,100514.29,100533.26
1711.7476208,13989,100526.82,97848.37,100510.93,103323.32,100507.74,100529.93,100531.42,100535.32
1711.768237593,13990,100533.75,97839.29,100502.92,103322.23,100509.66,100537.1,100542.42,100533.26
1711.788793984,13991,100533.75,97843.31,100517.0,103322.23,100517.68,100541.11,100544.54,100528.22
1711.809485209,13992,100533.75,97855.4,100517.0,103325.5,100518.73,100534.99,100534.38,100528.22
1711.83003458,13993,100530.82,97848.37,100515.97,103327.32,100519.78,100544.06,100534.38,100528.22
1711.850605854,13994,100525.76,97843.31,100522.96,103334.22,100518.73,100540.05,100542.42,100525.25
1711.871143472,13995,100525.76,97852.4,100506.01,103324.41,100510.7,100540.05,100534.38,100536.35
1711.894934397,13996,100522.83,97852.4,100508.99,103322.23,100518.73,100532.04,100523.38,100533.26
1711.915498822,13997,100540.67,97852.4,100533.04,103322.23,100514.72,100533.09,100545.6,100537.26
1711.936220242,13998,100517.78,97852.4,100507.96,103314.23,100516.64,100541.11,100536.5,100545.27
1711.956842688,13999,100531.88,97852.4,100511.96,103316.41,100517.68,100541.11,100540.3,100526.28
1711.977389285,14000,100529.75,97854.37,100523.99,103328.41,100504.6,100532.04,100535.44,100530.29
1711.997932673,14001,100525.76,97846.32,100511.96,103322.23,100511.75,100536.04,100528.24,100541.39
1712.018612111,14002,100521.77,97856.43,100513.0,103326.23,100512.62,100544.06,100534.38,100533.26
1712.039210772,14003,100525.76,97848.37,100517.0,103331.31,100517.68,100528.03,100531.42,100529.25
1712.062862695,14004,100516.72,97856.43,100515.97,103324.41,100504.6,100532.04,100544.54,100529.25
1712.083469752,14005,100526.82,97851.37,100511.96,103326.23,100517.68,100549.13,100538.4,100531.32
1712.104128721,14006,100528.69,97860.46,100530.98,103325.5,100518.73,100532.04,100534.38,100529.25
1712.124659995,14007,100533.75,97848.37,100508.99,103331.31,100504.6,100540.05,100534.38,100529.25
1712.145337683,14008,100529.75,97846.32,100513.0,103322.23,100517.68,100545.12,100536.5,100531.32
1712.165878742,14009,100534.81,97849.32,100517.0,103321.14,100521.7,100544.06,100530.36,100547.33
1712.186500107,14010,100538.8,97850.34,100517.0,103322.23,100517.68,100544.06,100544.54,100531.32
1712.207139713,14011,100526.82,97856.43,100518.95,103322.23,100514.72,100542.16,100535.44,100533.26
1712.230827913,14012,100529.75,97846.32,100506.92,103336.4,100514.72,100540.05,100533.32,100537.38
1712.251492139,14013,100538.8,97859.43,100533.04,103330.58,100503.72,100535.2,100534.38,100531.32
1712.272133833,14014,100524.7,97857.46,100514.94,103324.41,100530.77,100533.93,100543.48,100537.26
1712.292656322,14015,100520.71,97855.4,100510.93,103331.31,100506.69,100544.06,100534.38,100537.26
1712.31321518,14016,100542.79,97854.37,100518.04,103330.22,100508.61,100532.04,100544.54,100535.32
1712.333838361,14017,100536.68,97855.4,100517.0,103324.41,100517.68,100536.04,100542.42,100539.32
1712.354475528,14018,100516.72,97859.43,100507.96,103334.58,100518.73,100534.15,100535.44,100534.29
1712.375048504,14019,100532.69,97854.37,100519.07,103328.41,100519.78,100538.15,100534.38,100532.35
1712.398840711,14020,100517.78,97859.43,100515.97,103330.22,100508.61,100540.05,100535.44,100530.29
1712.419429796,14021,100530.82,97855.4,100502.92,103332.4,100517.68,100539.0,100541.36,100543.33
1712.439997046,14022,100534.81,97869.55,100514.94,103326.23,100517.68,100540.05,100544.54,100531.32
1712.46058235,14023,100529.75,97852.4,100519.98,103333.49,100517.68,100533.09,100535.44,100538.29
1712.48122349,14024,100524.7,97856.43,100517.0,103330.22,100508.61,100538.15,100525.28,100529.25
1712.501864813,14025,100532.69,97865.52,100514.94,103322.23,100505.64,100538.15,100538.4,100535.32
1712.522443024,14026,100534.81,97856.43,100515.97,103330.22,100517.68,100538.15,100533.32,100520.22
1712.543048558,14027,100525.76,97860.46,100510.93,103338.22,100513.67,100540.05,100527.4,100538.29
1712.566789725,14028,100533.75,97864.49,100510.93,103330.22,100516.64,100546.17,100522.32,100530.29
1712.587362596,14029,100518.84,97860.46,100517.92,103340.4,100508.61,100541.11,100533.32,100532.35
1712.607958172,14030,100524.7,97860.46,100505.89,103334.22,100517.68,100542.16,100536.5,100527.31
1712.628622657,14031,100540.67,97864.49,100504.98,103334.22,100512.62,100542.16,100543.48,100540.36
1712.649156038,14032,100538.8,97861.49,100514.94,103337.49,100507.56,100533.09,100530.36,100532.23
1712.669788677,14033,100529.75,97869.55,100506.92,103338.22,100516.64,100548.07,100534.38,100521.25
1712.690390446,14034,100533.75,97856.43,100513.91,103330.22,100505.64,100537.1,100534.38,100530.29
1712.71102298,14035,100515.65,97857.46,100508.99,103330.22,100511.75,100532.04,100532.26,100531.32
1712.734721174,14036,100524.7,97860.46,100506.92,103330.22,100505.64,100540.05,100526.34,100529.25
1712.755324844,14037,100534.81,97860.46,100519.98,103334.22,100519.78,100536.04,100539.46,100530.29
1712.775931326,14038,100533.75,97862.52,100522.96,103334.22,100515.76,100542.16,100532.26,100531.32
1712.796596548,14039,100529.75,97855.4,100514.94,103339.31,100510.7,100534.99,100534.38,100529.25
1712.817112502,14040,100526.82,97866.46,100529.03,103333.49,100518.73,100540.05,100535.44,100531.32
1712.837759576,14041,100542.79,97863.46,100511.96,103332.4,100513.67,100541.11,100542.42,100529.25
1712.858305605,14042,100523.89,97872.55,100517.0,103332.4,100512.62,100537.94,100534.38,100541.39
1712.882051169,14043,100525.76,97856.43,100521.01,103331.31,100508.61,100548.07,100535.44,100531.32
1712.902656193,14044,100529.75,97868.52,100511.96,103342.22,100521.7,100544.06,100533.32,100526.28
1712.923247575,14045,100524.7,97872.55,100507.96,103342.58,100507.74,100536.04,100539.46,100531.32
1712.943875586,14046,100526.82,97868.52,100511.96,103334.58,100513.67,100536.04,100536.5,100533.26
1712.964509272,14047,100526.82,97872.55,100511.96,103336.4,100518.73,100542.16,100543.48,100529.25
1712.985106817,14048,100534.81,97864.49,100513.0,103335.31,100518.73,100540.05,100546.43,100538.29
1713.005632484,14049,100536.68,97864.49,100528.0,103334.58,100510.7,100549.13,100534.38,100534.29
1713.026253147,14050,100520.71,97871.52,100507.96,103330.22,100501.63,100541.11,100543.48,100537.38
1713.050079692,14051,100533.75,97872.55,100518.95,103331.31,100515.59,100540.05,100539.46,100530.29
1713.070651497,14052,100524.7,97872.55,100522.96,103335.31,100508.61,100540.05,100539.46,100537.26
1713.091336947,14053,100517.78,97865.52,100514.94,103331.31,100519.78,100536.04,100524.22,100536.35
1713.11198132,14054,100525.76,97864.49,100511.96,103334.58,100504.6,100541.11,100538.4,100537.38
1713.13254587,14055,100526.82,97872.55,100517.0,103330.22,100517.68,100533.93,100534.38,100526.28
1713.153298538,14056,100528.69,97875.55,100510.93,103339.31,100511.75,100534.99,100538.4,100531.32
1713.174005503,14057,100527.88,97872.55,100525.02,103346.22,100525.71,100540.05,100535.44,100529.25
1713.194704457,14058,100529.75,97872.55,100519.98,103338.58,100517.68,100541.11,100534.38,100534.29
1713.217934347,14059,100526.82,97872.55,100506.92,103339.31,100505.64,100529.93,100529.3,100525.25
1713.238681534,14060,100534.81,97862.43,100514.94,103336.4,100513.67,100536.04,100547.49,100531.32
1713.259371639,14061,100532.69,97872.55,100502.92,103348.4,100508.61,100541.11,100534.38,100537.26
1713.279931204,14062,100529.75,97876.58,100513.0,103345.13,100520.83,100532.04,100538.4,100526.28
1713.300595161,14063,100534.81,97876.58,100532.01,103346.22,100510.7,100533.09,100543.48,100542.3
1713.321246318,14064,100525.76,97872.55,100508.99,103338.22,100513.67,100548.07,100536.28,100538.29
1713.341978714,14065,100525.76,97872.55,100517.0,103342.58,100518.73,100548.07,100541.36,100523.31
1713.36216765,14066,100533.75,97870.49,100507.96,103336.4,100522.75,100540.05,100535.44,100531.32
1713.385916023,14067,100525.76,97863.46,100523.99,103330.22,100519.78,100536.04,100539.46,100525.37
1713.40660784,14068,100526.82,97872.55,100513.0,103340.4,100519.78,100543.01,100536.5,100524.22
1713.427305448,14069,100526.82,97880.61,100514.94,103349.49,100512.8,100541.11,100534.38,100529.25
1713.447913172,14070,100538.8,97877.61,100525.02,103346.22,100525.71,100540.05,100539.46,100525.25
1713.468664407,14071,100525.76,97875.55,100517.0,103338.22,100516.64,100539.0,100533.32,100529.25
1713.489211741,14072,100533.75,97878.55,100507.96,103347.31,100518.73,100548.07,100542.42,100530.29
1713.510006651,14073,100525.76,97872.55,100507.96,103346.22,100515.76,100532.04,100535.44,100530.29
1713.530569151,14074,100527.63,97871.52,100507.96,103347.31,100515.76,100541.11,100536.5,100527.31
1713.55384019,14075,100538.8,97876.58,100510.93,103341.49,100518.73,100538.15,100543.48,100534.29
1713.574566254,14076,100533.75,97874.52,100517.0,103338.22,100504.6,100530.98,100540.52,100537.38
1713.595264687,14077,100538.8,97875.55,100507.96,103335.31,100511.75,100540.05,100534.38,100535.32
1713.615890124,14078,100532.69,97880.61,100521.01,103348.4,100518.73,100540.05,100534.38,100539.32
1713.636518928,14079,100528.69,97880.61,100508.99,103340.4,100513.67,100536.04,100539.46,100527.31
1713.657150974,14080,100530.82,97888.67,100504.98,103350.58,100519.78,100533.09,100534.38,100531.32
1713.677843042,14081,100532.69,97872.55,100513.0,103339.31,100518.73,100536.04,100526.34,100535.32
1713.698517595,14082,100528.69,97880.61,100517.0,103350.58,100510.7,100544.06,100539.46,100530.29
1713.721838653,14083,100530.82,97879.58,100502.92,103346.58,100521.7,100540.05,100535.44,100530.29
1713.742543194,14084,100525.76,97875.55,100511.96,103341.49,100519.78,100540.05,100526.34,100533.26
1713.763158693,14085,100526.82,97872.55,100523.99,103341.49,100503.72,100539.0,100540.52,100531.32
1713.783829648,14086,100533.75,97877.61,100507.96,103345.49,100513.67,100541.11,100522.32,100538.29
1713.804546016,14087,100528.69,97872.55,100510.93,103354.22,100505.64,100537.1,100530.36,100529.25
1713.825167453,14088,100528.69,97884.64,100517.0,103346.58,100502.67,100533.09,100539.46,100529.25
1713.845826839,14089,100528.69,97873.58,100508.99,103356.4,100513.67,100533.09,100543.48,100546.3
1713.866613508,14090,100533.75,97884.64,100507.96,103346.22,100519.78,100541.11,100540.52,100527.31
1713.889797394,14091,100526.82,97880.61,100519.98,103348.4,100507.74,100541.11,100534.38,100537.38
1713.910608333,14092,100526.82,97896.73,100504.98,103342.58,100513.67,100532.04,100535.44,100530.29
1713.931155122,14093,100532.69,97880.61,100499.94,103347.31,100506.69,100536.04,100534.38,100531.32
1713.951760739,14094,100532.69,97892.7,100511.96,103349.49,100511.58,100538.15,100534.38,100537.26
1713.972409349,14095,100531.62,97880.61,100508.99,103357.49,100518.73,100548.07,100538.4,100529.25
1713.993240906,14096,100526.82,97882.67,100515.97,103347.31,100510.7,100543.22,100535.44,100535.32
1714.013840338,14097,100532.69,97881.64,100503.95,103345.49,100519.78,100545.12,100527.4,100529.25
1714.037135923,14098,100524.7,97880.61,100517.0,103350.22,100509.66,100532.04,100540.52,100539.32
1714.057808121,14099,100526.82,97886.61,100513.0,103346.22,100518.73,100541.11,100537.34,100524.22
1714.078456244,14100,100532.69,97880.61,100505.89,103346.22,100506.69,100540.05,100527.4,100537.26
1714.099107811,14101,100518.84,97888.67,100508.99,103358.58,100522.75,100549.13,100535.44,100526.28
1714.119741671,14102,100525.76,97889.7,100511.96,103350.22,100517.68,100540.9,100534.38,100529.25
1714.140470413,14103,100526.82,97887.64,100510.93,103351.31,100519.78,100536.04,100539.46,100543.33
1714.161086278,14104,100528.69,97889.7,100507.96,103338.22,100511.75,100550.18,100535.44,100525.25
1714.18168962,14105,100532.69,97879.58,100508.99,103363.3,100524.84,100544.06,100530.36,100529.25
1714.205065215,14106,100532.69,97888.67,100517.0,103350.58,100507.74,100540.05,100535.44,100527.31
1714.2257187,14107,100529.75,97886.61,100529.03,103335.31,100502.67,100539.0,100545.37,100530.29
1714.246336542,14108,100525.76,97887.64,100508.99,103361.49,100509.66,100541.11,100534.38,100533.26
1714.266895901,14109,100534.81,97879.58,100517.0,103349.49,100512.62,100540.05,100534.38,100529.25
1714.287490424,14110,100534.81,97880.61,100519.98,103358.58,100518.73,100537.94,100535.44,100531.32
1714.308265703,14111,100528.69,97890.64,100507.96,103360.4,100510.7,100540.05,100534.38,100539.32
1714.328698704,14112,100533.75,97892.7,100513.0,103356.4,100510.7,100541.11,100536.5,100530.29
1714.349317101,14113,100528.69,97887.64,100514.94,103353.49,100509.66,100532.04,100534.38,100523.31
1714.3731369,14114,100525.76,97894.67,100515.97,103358.22,100511.58,100541.11,100526.34,100529.25
1714.393639475,14115,100538.8,97892.7,100506.92,103362.58,100517.68,100550.18,100526.34,100531.32
1714.414233646,14116,100529.75,97894.76,100517.0,103356.4,100511.75,100541.11,100532.26,100533.38
1714.434911996,14117,100534.81,97887.64,100508.99,103351.31,100513.67,100541.11,100544.54,100527.31
1714.455510891,14118,100525.76,97896.73,100522.96,103357.49,100517.68,100542.16,100534.38,100521.25
1714.476064275,14119,100534.81,97896.73,100510.93,103357.49,100513.67,100530.98,100543.48,100544.36
1714.496717869,14120,100530.82,97887.64,100508.99,103365.48,100513.67,100533.09,100530.36,100531.32
1714.517324372,14121,100534.81,97884.64,100521.01,103357.49,100506.69,100538.15,100536.5,100530.29
1714.541102401,14122,100521.77,97896.73,100508.99,103356.4,100513.67,100541.11,100535.44,100529.25
1714.561651121,14123,100526.82,97894.76,100513.0,103357.49,100505.64,100536.04,100527.4,100534.29
1714.582268975,14124,100535.87,97888.67,100517.0,103355.31,100528.85,100536.04,100534.38,100540.36
1714.602822973,14125,100525.76,97892.7,100517.0,103358.22,100517.68,100545.12,100526.34,100531.32
1714.623436653,14126,100534.81,97898.79,100510.02,103354.22,100528.85,100537.1,100528.46,100532.35
1714.644005437,14127,100526.82,97896.73,100511.96,103356.4,100518.73,100544.06,100523.38,100528.35
1714.664724482,14128,100525.76,97892.7,100510.93,103349.49,100505.64,100542.16,100532.48,100522.28
1714.685300693,14129,100534.81,97899.73,100511.05,103364.39,100522.75,100541.11,100535.44,100534.29
1714.708940828,14130,100530.82,97900.76,100508.99,103366.21,100522.75,100530.98,100530.36,100528.35
1714.729615567,14131,100532.94,97896.73,100507.96,103354.22,100509.66,100540.05,100540.52,100531.32
1714.750207126,14132,100536.93,97896.73,100517.0,103358.22,100518.73,100539.0,100542.42,100531.32
1714.770805495,14133,100537.74,97892.7,100513.0,103354.22,100527.81,100537.94,100534.38,100522.28
1714.791459161,14134,100533.75,97896.73,100523.99,103363.3,100509.66,100532.04,100535.44,100539.32
1714.811995282,14135,100530.82,97896.73,100508.99,103373.48,100525.89,100529.93,100534.38,100528.35
1714.832665761,14136,100530.82,97900.76,100510.93,103357.49,100521.87,100533.09,100536.5,100544.24
1714.853256408,14137,100529.75,97897.76,100517.0,103362.58,100511.75,100544.06,100538.62,100532.35
1714.876976596,14138,100534.81,97900.76,100525.02,103366.57,100509.66,100540.05,100534.38,100533.38
1714.897586947,14139,100529.75,97902.82,100525.02,103358.22,100509.66,100539.0,100540.52,100529.25
1714.918193053,14140,100524.7,97906.85,100511.96,103355.31,100501.63,100529.93,100541.36,100541.39
1714.938844419,14141,100534.81,97897.76,100518.95,103363.3,100517.68,100534.99,100529.3,100531.32
1714.959392195,14142,100533.75,97897.76,100518.95,103366.57,100509.66,100537.1,100538.62,100537.26
1714.97997079,14143,100528.69,97904.79,100519.98,103356.4,100515.59,100533.93,100531.42,100530.29
1715.000656505,14144,100526.82,97892.7,100518.04,103362.58,100502.67,100542.16,100536.5,100538.29
1715.021190069,14145,100530.82,97904.79,100508.99,103365.48,100516.64,100544.06,100536.5,100533.38
1715.044871747,14146,100533.75,97896.73,100510.93,103363.3,100508.61,100540.05,100535.44,100535.32
1715.06553993,14147,100528.69,97896.73,100506.92,103358.22,100526.76,100544.06,100534.6,100531.32
1715.086156969,14148,100526.82,97904.79,100517.0,103366.21,100505.64,100542.16,100533.54,100536.35
1715.10677124,14149,100529.75,97908.82,100511.96,103362.21,100503.72,100540.05,100536.5,100530.29
1715.127316988,14150,100536.93,97908.82,100508.87,103369.48,100504.6,100532.04,100524.44,100534.29
1715.147960633,14151,100534.81,97896.73,100506.92,103366.57,100507.74,100539.0,100527.4,100529.38
1715.168568179,14152,100534.81,97905.82,100508.99,103362.21,100515.76,100544.06,100532.48,100531.32
1715.189158218,14153,100530.82,97896.73,100517.0,103371.3,100517.68,100545.12,100523.38,100533.38
1715.212900492,14154,100528.69,97904.79,100513.0,103361.49,100510.7,100543.22,100540.52,100536.35
1715.233465285,14155,100516.72,97892.7,100515.97,103362.21,100509.66,100540.05,100535.44,100534.29
1715.254081146,14156,100533.75,97896.73,100507.96,103374.57,100502.67,100544.06,100540.52,100528.35
1715.274651795,14157,100538.8,97908.82,100514.94,103368.39,100528.85,100536.04,100534.38,100521.25
1715.29528265,14158,100536.68,97904.79,100506.92,103366.21,100502.67,100536.04,100519.36,100523.31
1715.315840696,14159,100518.84,97902.82,100513.0,103367.3,100503.72,100540.05,100540.52,100533.26
1715.336715377,14160,100529.75,97896.73,100511.96,103368.39,100507.74,100540.05,100545.6,100533.26
1715.360200758,14161,100532.69,97897.76,100513.0,103363.3,100521.7,100537.94,100524.44,100538.29
1715.380795734,14162,100526.82,97909.85,100507.96,103369.48,100516.64,100549.13,100536.5,100535.32
1715.401409248,14163,100520.71,97899.73,100511.96,103366.57,100523.79,100552.08,100535.44,100535.32
1715.422073556,14164,100528.95,97904.79,100518.04,103373.48,100511.75,100539.0,100536.5,100525.25
1715.442649405,14165,100529.75,97904.79,100510.93,103378.57,100516.64,100533.09,100544.54,100539.32
1715.463197246,14166,100534.81,97896.73,100513.0,103364.39,100507.74,100539.21,100540.52,100528.22
1715.483831622,14167,100536.93,97907.79,100515.97,103365.48,100525.89,100542.16,100533.54,100539.32
1715.504403043,14168,100526.82,97900.76,100508.99,103362.21,100524.67,100540.05,100536.5,100531.32
1715.52816968,14169,100534.81,97902.73,100506.92,103369.48,100508.61,100542.16,100540.52,100529.25
1715.548770857,14170,100525.76,97901.79,100515.97,103371.3,100510.7,100546.17,100530.36,100534.29
1715.569336946,14171,100532.69,97913.88,100513.0,103367.3,100517.68,100541.11,100540.52,100533.38
1715.58991999,14172,100538.8,97892.7,100515.97,103366.57,100525.71,100544.06,100531.42,100521.25
1715.61061242,14173,100530.82,97908.82,100508.99,103362.21,100520.83,100540.05,100532.48,100531.32
1715.631226518,14174,100525.76,97906.85,100503.95,103372.39,100511.75,100545.12,100544.54,100532.35
1715.651776611,14175,100529.75,97904.79,100528.0,103362.21,100520.83,100540.05,100520.42,100539.32
1715.672307255,14176,100534.81,97908.82,100513.0,103377.48,100518.73,100541.11,100539.46,100521.25
1715.696094945,14177,100534.81,97909.85,100506.92,103367.3,100518.73,100532.04,100542.64,100529.25
1715.716741112,14178,100532.69,97904.79,100518.95,103368.39,100510.7,100532.04,100540.52,100531.32
1715.737342153,14179,100526.82,97896.73,100510.93,103372.39,100521.7,100538.15,100535.44,100531.32
1715.757962102,14180,100522.83,97912.85,100513.0,103370.21,100509.66,100549.13,100531.42,100530.29
1715.778590504,14181,100534.81,97903.76,100511.96,103368.39,100521.7,100532.04,100535.44,100536.35
1715.799165242,14182,100533.75,97904.79,100515.97,103382.57,100526.76,100532.04,100535.44,100538.29
1715.819748357,14183,100530.82,97905.82,100507.96,103369.48,100518.73,100538.15,100535.44,100533.26
1715.840321668,14184,100525.76,97901.79,100517.0,103369.48,100523.79,100542.16,100536.5,100533.38
1715.86405425,14185,100533.75,97904.79,100507.96,103363.3,100510.7,100541.11,100532.48,100535.32
1715.884658634,14186,100534.81,97904.79,100529.03,103377.48,100519.78,100544.06,100528.46,100523.31
1715.905252905,14187,100531.88,97905.82,100507.96,103366.57,100509.66,100540.05,100537.56,100525.25
1715.925893453,14188,100530.82,97904.79,100517.0,103365.48,100517.68,100540.05,100536.5,100530.29
1715.946533088,14189,100526.82,97905.82,100502.92,103362.21,100513.84,100541.11,100536.5,100529.25
1715.967028711,14190,100530.82,97916.88,100513.0,103378.57,100521.7,100534.15,100540.52,100531.32
1715.987738902,14191,100530.82,97912.85,100517.0,103367.3,100513.67,100541.11,100531.42,100539.32
1716.008306097,14192,100532.69,97911.82,100507.96,103369.12,100511.75,100541.11,100536.5,100530.29
1716.031999317,14193,100534.81,97909.85,100519.98,103382.57,100526.76,100540.05,100538.62,100521.25
1716.052654688,14194,100533.75,97912.85,100517.0,103372.39,100515.76,100539.0,100536.5,100535.32
1716.073272692,14195,100536.68,97912.85,100529.03,103382.57,100511.75,100544.06,100542.42,100529.25
1716.093784263,14196,100530.82,97902.73,100525.02,103369.48,100517.68,100532.04,100532.48,100538.29
1716.11440005,14197,100526.82,97912.85,100515.97,103380.39,100520.65,100541.11,100544.54,100546.3
1716.135033587,14198,100526.82,97912.85,100517.0,103365.48,100523.79,100538.15,100537.56,100529.25
1716.155655967,14199,100518.84,97912.85,100511.96,103381.48,100514.72,100548.07,100529.52,100539.32
1716.176512786,14200,100530.82,97908.82,100517.0,103368.39,100510.7,100549.13,100542.64,100521.25
1716.199983519,14201,100528.69,97912.85,100515.97,103366.57,100517.68,100540.05,100536.5,100526.28
1716.220567471,14202,100528.95,97907.79,100498.91,103378.57,100513.67,100546.17,100536.5,100526.28
1716.241186241,14203,100530.82,97902.82,100517.0,103378.57,100516.64,100545.12,100534.6,100535.32
1716.261671615,14204,100526.82,97910.88,100515.97,103371.3,100524.84,100540.05,100527.4,100523.31
1716.28242334,14205,100528.95,97908.82,100529.03,103375.3,100516.81,100533.09,100546.66,100529.25
1716.302972946,14206,100528.69,97908.82,100513.0,103366.21,100513.67,100537.1,100545.6,100535.32
1716.323640936,14207,100524.7,97914.91,100513.0,103369.48,100511.75,100544.06,100537.56,100529.25
1716.344156717,14208,100532.69,97914.91,100525.02,103380.39,100530.77,100534.99,100545.6,100523.31
1716.367949784,14209,100525.76,97910.88,100515.97,103377.48,100511.75,100528.03,100540.52,100527.31
1716.388614496,14210,100522.83,97921.94,100522.96,103381.48,100527.81,100544.06,100533.54,100534.29
1716.409119185,14211,100534.81,97912.85,100523.99,103370.57,100523.79,100536.04,100541.58,100531.32
1716.429732418,14212,100534.81,97912.85,100515.97,103378.57,100516.64,100537.1,100543.7,100531.32
1716.450296476,14213,100532.69,97903.76,100507.96,103382.57,100519.78,100534.15,100539.46,100535.32
1716.470956355,14214,100529.75,97904.79,100517.0,103374.57,100516.64,100550.18,100535.44,100538.29
1716.491543667,14215,100525.76,97913.88,100503.95,103384.75,100510.7,100539.0,100544.54,100531.32
1716.512141377,14216,100522.83,97920.91,100510.02,103382.57,100519.78,100526.13,100535.44,100534.41
1716.535978714,14217,100525.76,97931.03,100515.97,103389.48,100517.68,100544.06,100532.48,100531.32
1716.556481838,14218,100526.82,97921.94,100514.94,103366.57,100526.76,100541.95,100540.52,100534.41
1716.577107363,14219,100526.82,97910.79,100500.97,103388.39,100502.67,100540.05,100541.58,100529.25
1716.59771624,14220,100518.84,97920.91,100517.0,103378.57,100519.78,100536.04,100530.58,100539.32
1716.61828253,14221,100530.82,97914.91,100528.0,103382.57,100514.72,100549.13,100536.5,100521.25
1716.638838706,14222,100532.69,97918.94,100530.06,103373.48,100511.75,100541.11,100536.5,100519.19
1716.659490107,14223,100538.8,97912.85,100503.95,103386.57,100506.69,100542.16,100540.52,100530.29
1716.683208881,14224,100533.75,97917.91,100507.96,103376.39,100510.7,100532.04,100536.5,100529.25
1716.703855676,14225,100533.75,97912.85,100513.0,103390.57,100518.73,100533.09,100536.5,100543.33
1716.724381547,14226,100534.81,97920.91,100504.98,103378.57,100509.66,100538.15,100535.44,100529.25
1716.745020291,14227,100533.75,97920.91,100513.0,103382.57,100503.72,100541.11,100532.48,100525.25
1716.765641916,14228,100533.75,97922.97,100525.02,103371.3,100512.62,100541.11,100528.46,100529.25
1716.786236345,14229,100530.82,97913.88,100517.0,103382.57,100510.7,100541.11,100540.74,100530.29
1716.806828245,14230,100525.76,97914.91,100513.0,103377.48,100507.74,100551.24,100532.48,100536.35
1716.827424564,14231,100532.69,97919.88,100515.97,103380.39,100516.64,100540.05,100537.56,100532.23
1716.851169503,14232,100526.82,97918.94,100503.95,103382.57,100517.68,100548.07,100535.44,100533.26
1716.871780738,14233,100533.75,97913.88,100521.01,103370.21,100515.76,100542.16,100534.6,100530.29
1716.892434846,14234,100516.72,97920.91,100513.0,103378.57,100519.78,100540.05,100538.62,100521.25
1716.912957246,14235,100534.81,97920.91,100529.03,103385.48,100505.64,100541.11,100537.56,100537.26
1716.93356826,14236,100533.75,97912.85,100518.04,103385.48,100518.73,100547.23,100536.5,100526.28
1716.954137736,14237,100534.81,97920.91,100515.97,103382.57,100506.69,100533.09,100544.54,100534.29
1716.974758456,14238,100520.96,97924.94,100508.99,103382.57,100519.78,100538.15,100538.62,100533.38
1716.995439224,14239,100533.75,97906.85,100521.01,103378.57,100512.62,100548.07,100535.44,100535.32
1717.019133464,14240,100526.82,97921.94,100519.98,103391.66,100514.72,100546.17,100541.58,100529.38
1717.039744537,14241,100524.7,97927.94,100511.96,103380.39,100519.6,100544.06,100530.58,100537.26
1717.060368439,14242,100534.81,97917.91,100515.97,103381.48,100519.78,100537.1,100536.5,100530.29
1717.080958326,14243,100525.76,97910.88,100508.99,103374.21,100515.76,100541.11,100540.52,100530.29
1717.10155105,14244,100532.69,97920.91,100508.99,103390.57,100529.9,100536.04,100541.58,100521.25
1717.122125397,14245,100526.82,97921.94,100513.0,103389.48,100507.74,100541.11,100553.63,100534.29
1717.142738126,14246,100524.7,97937.03,100518.04,103389.48,100527.81,100542.16,100545.6,100531.32
1717.163357934,14247,100530.82,97919.88,100517.0,103392.39,100517.68,100536.04,100532.48,100539.32
1717.187120029,14248,100534.81,97930.0,100519.07,103388.39,100510.7,100541.11,100538.62,100537.38
1717.207716699,14249,100525.76,97916.88,100521.01,103390.57,100519.78,100541.11,100537.56,100527.31
1717.228228888,14250,100534.81,97924.94,100514.94,103379.3,100518.73,100541.11,100540.52,100530.29
1717.248871638,14251,100537.74,97921.94,100513.0,103382.57,100513.67,100541.11,100536.5,100538.29
1717.26948469,14252,100534.81,97921.94,100530.98,103382.57,100527.81,100544.06,100544.54,100532.35
1717.290099969,14253,100534.81,97914.91,100511.96,103387.3,100507.74,100539.0,100536.5,100530.29
1717.310688106,14254,100529.75,97916.88,100519.98,103382.57,100516.81,100542.16,100537.56,100533.38
1717.331292951,14255,100534.81,97928.97,100515.97,103389.48,100521.7,100549.13,100546.66,100535.32
1717.355128771,14256,100525.76,97928.97,100533.04,103386.57,100515.76,100540.05,100545.6,100529.25
1717.375669544,14257,100526.82,97922.97,100517.0,103390.57,100508.78,100540.05,100545.6,100528.35
1717.396292903,14258,100538.8,97928.97,100518.04,103389.48,100510.7,100542.16,100539.46,100533.38
1717.416847074,14259,100533.75,97924.0,100510.93,103397.48,100507.74,100532.04,100538.62,100533.38
1717.437454031,14260,100525.76,97924.94,100518.95,103390.57,100508.61,100532.04,100534.6,100526.28
1717.458068591,14261,100533.75,97934.03,100517.0,103388.39,100511.75,100546.17,100544.54,100529.25
1717.478680985,14262,100517.78,97925.97,100513.0,103390.57,100515.76,100537.1,100540.52,100528.35
1717.499233673,14263,100526.82,97939.09,100511.96,103390.57,100509.66,100534.15,100538.62,100531.32
1717.522923372,14264,100524.7,97931.03,100515.97,103380.39,100529.9,100540.05,100535.44,100533.38
1717.543607737,14265,100525.76,97927.0,100513.0,103381.48,100519.78,100533.09,100536.5,100536.35
1717.564226851,14266,100530.82,97924.94,100514.94,103382.57,100504.6,100546.17,100532.48,100529.25
1717.584776336,14267,100520.71,97922.97,100513.0,103382.57,100505.82,100540.05,100541.58,100527.31
1717.605500891,14268,100525.76,97930.0,100530.98,103382.57,100505.64,100542.16,100536.5,100536.35
1717.626044798,14269,100524.7,97931.03,100515.97,103390.57,100513.67,100536.04,100550.67,100533.26
1717.646588889,14270,100539.86,97921.94,100529.03,103390.57,100518.73,100539.0,100547.72,100543.33
1717.667190049,14271,100536.93,97930.0,100518.95,103390.57,100522.75,100542.16,100551.51,100535.32
1717.690887648,14272,100532.94,97928.03,100514.03,103401.47,100517.68,100522.96,100538.62,100534.29
1717.7115041,14273,100530.82,97937.03,100515.97,103392.75,100517.68,100540.05,100540.52,100521.25
1717.732217597,14274,100526.82,97935.06,100523.99,103390.57,100506.69,100550.18,100541.58,100520.34
1717.75279555,14275,100534.81,97920.91,100508.99,103380.39,100512.8,100532.04,100535.44,100527.31
1717.773293799,14276,100529.75,97928.97,100513.0,103394.57,100513.67,100530.98,100526.56,100535.32
1717.793966795,14277,100525.76,97921.94,100508.99,103388.75,100511.75,100536.04,100544.54,100539.32
1717.814569762,14278,100533.75,97919.88,100521.01,103389.48,100515.76,100541.11,100540.52,100523.31
1717.838301831,14279,100539.86,97939.09,100511.96,103398.57,100503.72,100540.05,100536.5,100531.32
1717.858916889,14280,100538.8,97937.03,100517.0,103390.57,100518.73,100540.05,100544.54,100529.25
1717.879574379,14281,100525.76,97925.97,100508.99,103390.57,100517.68,100550.18,100542.64,100531.32
1717.900136442,14282,100538.8,97930.0,100513.0,103377.48,100510.7,100540.05,100532.48,100535.44
1717.920696901,14283,100529.75,97931.03,100507.96,103390.57,100518.73,100541.11,100542.64,100523.31
1717.941341751,14284,100525.76,97930.0,100511.96,103392.39,100505.64,100541.11,100537.56,100529.38
1717.961897465,14285,100533.75,97924.94,100513.0,103389.48,100522.75,100546.17,100536.5,100523.31
1717.982493729,14286,100526.82,97939.09,100517.0,103388.39,100518.73,100540.05,100538.62,100531.32
1718.006299608,14287,100521.77,97930.0,100511.96,103387.3,100528.85,100545.12,100536.5,100523.31
1718.026912569,14288,100550.78,97940.12,100508.99,103398.57,100502.67,100540.05,100544.76,100535.32
1718.047500233,14289,100530.82,97927.0,100508.99,103389.48,100517.68,100549.13,100522.54,100541.39
1718.068125773,14290,100521.77,97943.12,100523.99,103390.57,100522.75,100546.17,100536.5,100532.35
1718.08872492,14291,100530.82,97931.03,100510.93,103390.57,100502.67,100543.01,100541.58,100531.32
1718.109315209,14292,100522.83,97928.97,100510.93,103389.48,100514.72,100540.05,100539.46,100531.32
1718.129932344,14293,100538.8,97931.03,100514.94,103394.57,100509.66,100534.15,100528.46,100541.39
1718.150495759,14294,100536.93,97934.03,100517.0,103380.39,100510.7,100539.0,100541.58,100533.38
1718.174263022,14295,100532.69,97925.97,100518.04,103389.48,100517.68,100538.15,100539.68,100533.38
1718.194872898,14296,100526.82,97931.03,100517.0,103382.57,100509.66,100548.07,100534.38,100536.35
1718.215448005,14297,100534.81,97946.12,100525.02,103393.48,100511.75,100550.18,100545.6,100529.38
1718.236059032,14298,100534.81,97938.06,100518.04,103385.48,100521.7,100537.1,100537.56,100543.33
1718.256637883,14299,100524.7,97937.03,100495.93,103394.57,100506.69,100550.18,100536.5,100539.32
1718.277168006,14300,100528.95,97938.06,100529.03,103398.57,100507.74,100534.15,100544.54,100541.39
1718.29789678,14301,100525.76,97928.97,100507.96,103390.57,100517.68,100543.22,100538.62,100531.32
1718.318439475,14302,100530.82,97938.06,100508.99,103394.57,100515.76,100537.1,100536.5,100529.25
1718.342161497,14303,100533.75,97940.12,100514.03,103386.57,100517.86,100545.12,100542.64,100530.29
1718.362746564,14304,100521.77,97943.12,100515.97,103382.57,100511.75,100532.04,100537.56,100534.29
1718.383323922,14305,100525.76,97932.06,100523.99,103398.57,100512.62,100534.15,100540.52,100533.38
1718.403954876,14306,100518.84,97939.09,100507.96,103394.57,100518.73,100547.23,100541.58,100531.32
1718.424612564,14307,100538.8,97932.06,100518.04,103397.48,100505.64,100546.17,100536.5,100535.32
1718.44514427,14308,100518.84,97931.03,100511.05,103398.57,100511.75,100546.17,100537.56,100525.25
1718.465826165,14309,100534.81,97947.15,100510.02,103398.57,100515.76,100542.16,100537.56,100531.32
1718.486194523,14310,100518.84,97934.03,100508.99,103382.57,100517.68,100542.16,100533.54,100532.35
1718.510110465,14311,100534.81,97945.09,100513.0,103398.57,100524.67,100543.01,100544.54,100543.33
1718.530755249,14312,100534.81,97928.97,100511.05,103394.57,100516.64,100544.06,100545.6,100531.32
1718.551325304,14313,100533.75,97931.03,100517.0,103394.57,100506.69,100550.18,100540.52,100544.36
1718.571963116,14314,100528.95,97940.12,100515.97,103394.57,100520.83,100539.21,100543.48,100525.25
1718.592601677,14315,100531.88,97939.09,100519.98,103396.39,100518.73,100533.09,100520.42,100539.32
1718.613120602,14316,100533.75,97947.15,100515.97,103402.56,100518.73,100548.07,100536.5,100540.36
1718.633775422,14317,100534.81,97928.97,100518.04,103397.48,100517.68,100540.05,100536.5,100529.38
1718.654386735,14318,100542.79,97939.09,100517.0,103390.57,100507.56,100541.11,100540.52,100531.32
1718.678149574,14319,100527.88,97947.15,100517.0,103394.57,100502.67,100532.04,100541.58,100534.29
1718.698694821,14320,100525.76,97934.03,100529.03,103390.57,100513.67,100543.01,100536.5,100529.25
1718.719315955,14321,100536.93,97922.97,100514.94,103394.57,100509.66,100545.12,100538.62,100530.29
1718.739886906,14322,100529.75,97931.03,100514.03,103399.66,100510.7,100542.16,100542.64,100525.25
1718.760460021,14323,100525.76,97947.15,100513.0,103383.66,100523.79,100533.09,100540.52,100531.32
1718.781137535,14324,100529.75,97943.12,100515.97,103390.57,100511.75,100537.1,100544.54,100531.32
1718.801694077,14325,100529.75,97950.15,100525.02,103394.57,100507.74,100536.04,100530.58,100525.37
1718.822345255,14326,100535.87,97939.09,100510.93,103394.57,100503.72,100534.15,100537.56,100540.36
1718.846023007,14327,100538.8,97937.03,100517.0,103394.57,100523.79,100542.16,100519.36,100527.31
1718.866630825,14328,100527.88,97948.18,100518.04,103398.57,100519.78,100550.18,100545.6,100535.32
1718.887425736,14329,100530.82,97940.12,100517.92,103392.39,100519.78,100542.16,100534.6,100531.32
1718.907888852,14330,100526.82,97947.15,100515.97,103390.57,100511.75,100550.18,100535.44,100531.32
1718.928535299,14331,100534.81,97942.09,100515.97,103396.39,100508.78,100537.1,100536.5,100538.29
1718.949348384,14332,100528.69,97947.15,100506.92,103400.38,100512.8,100541.11,100536.5,100530.29
1718.969608647,14333,100530.82,97949.21,100517.0,103390.57,100519.78,100536.04,100536.5,100532.35
1718.990224218,14334,100525.76,97947.15,100517.0,103398.57,100510.7,100546.17,100536.5,100523.31
1719.013987413,14335,100526.82,97948.18,100514.94,103388.39,100514.72,100540.05,100537.56,100541.39
1719.034565397,14336,100534.81,97943.12,100517.0,103406.56,100518.73,100546.17,100538.62,100537.38
1719.055164412,14337,100530.82,97940.12,100511.96,103390.57,100511.75,100540.05,100538.62,100550.43
1719.075778054,14338,100528.69,97955.21,100513.0,103390.57,100502.67,100542.16,100536.5,100531.32
1719.09647178,14339,100533.75,97944.15,100518.04,103387.3,100516.64,100545.12,100541.58,100528.35
1719.116973759,14340,100533.75,97941.06,100510.02,103394.57,100507.74,100545.12,100538.62,100534.29
1719.137632933,14341,100533.75,97947.15,100522.04,103394.57,100512.8,100533.09,100537.56,100543.33
1719.161421515,14342,100534.81,97947.15,100508.99,103395.66,100511.75,100540.05,100538.62,100532.35
1719.181938209,14343,100536.93,97947.15,100529.03,103398.57,100518.73,100540.05,100540.52,100527.31
1719.202520233,14344,100526.82,97939.09,100508.99,103396.39,100520.83,100534.15,100546.66,100520.22
1719.223095553,14345,100530.82,97947.15,100507.96,103398.57,100517.68,100536.04,100545.6,100533.38
1719.24366664,14346,100528.69,97947.15,100529.03,103396.39,100517.86,100540.05,100536.5,100529.25
1719.264296857,14347,100533.75,97947.15,100507.96,103394.57,100518.73,100532.04,100546.66,100537.38
1719.284951384,14348,100533.75,97951.18,100514.03,103394.57,100518.73,100540.05,100540.52,100539.32
1719.305537807,14349,100538.8,97950.15,100511.05,103398.57,100517.68,100541.11,100537.56,100535.32
1719.32931288,14350,100529.75,97937.03,100521.01,103398.57,100510.7,100545.12,100546.66,100531.32
1719.349965716,14351,100526.82,97954.18,100507.96,103386.21,100518.73,100533.09,100538.62,100530.29
1719.370515645,14352,100529.75,97946.12,100513.0,103406.56,100513.67,100533.09,100538.62,100526.28
1719.391112066,14353,100534.81,97947.15,100521.01,103402.56,100521.7,100540.05,100540.52,100529.38
1719.411729852,14354,100529.75,97956.24,100508.99,103404.38,100530.95,100541.11,100543.48,100531.32
1719.432358153,14355,100530.82,97928.97,100533.04,103396.39,100520.83,100542.16,100536.5,100535.32
1719.452884714,14356,100528.95,97957.18,100517.0,103390.57,100510.7,100533.09,100536.5,100529.25
1719.473612943,14357,100534.81,97953.15,100515.06,103404.75,100511.75,100542.16,100528.46,100546.3
1719.497275881,14358,100526.82,97937.03,100514.94,103395.29,100520.83,100540.05,100537.56,100533.38
1719.517878008,14359,100534.81,97937.03,100521.01,103396.39,100515.76,100541.11,100549.61,100523.31
1719.538469125,14360,100534.81,97948.18,100508.99,103390.57,100502.67,100544.06,100549.61,100529.38
1719.559069102,14361,100534.81,97955.21,100498.91,103404.75,100521.87,100533.09,100536.5,100531.32
1719.579689834,14362,100529.75,97946.12,100513.0,103398.57,100517.68,100549.13,100536.5,100529.25
1719.600318409,14363,100526.82,97947.15,100508.99,103399.66,100518.73,100541.11,100537.56,100540.36
1719.62091461,14364,100530.82,97947.15,100515.97,103398.57,100505.64,100538.15,100540.52,100530.29
1719.641474316,14365,100538.8,97947.15,100517.0,103392.39,100527.81,100538.15,100537.56,100531.32
1719.665253912,14366,100526.82,97948.18,100508.99,103390.57,100518.73,100544.06,100536.5,100531.32
1719.685884269,14367,100526.82,97950.15,100498.91,103395.66,100518.73,100529.93,100537.56,100521.25
1719.707555463,14368,100535.87,97953.24,100522.96,103398.57,100511.75,100543.22,100535.66,100533.26
1719.726993519,14369,100538.8,97955.21,100517.0,103398.57,100511.75,100537.1,100526.56,100535.32
1719.747659835,14370,100534.81,97947.15,100507.96,103398.57,100509.66,100546.17,100533.54,100535.32
1719.768259109,14371,100530.82,97952.21,100517.0,103402.56,100515.76,100548.07,100542.64,100532.35
1719.78887286,14372,100534.81,97955.21,100518.04,103398.57,100527.81,100542.16,100528.46,100549.39
1719.810249706,14373,100525.76,97958.21,100514.94,103399.66,100520.83,100542.16,100546.66,100536.35
1719.833161539,14374,100534.81,97955.21,100510.02,103397.48,100521.87,100541.11,100540.52,100524.34
1719.853775191,14375,100534.81,97956.24,100504.98,103402.56,100514.72,100542.16,100544.54,100536.35
1719.874454179,14376,100526.82,97947.15,100504.98,103399.66,100511.75,100542.16,100538.62,100533.38
1719.894938807,14377,100534.81,97948.18,100507.96,103414.56,100514.72,100538.15,100536.5,100531.32
1719.915574165,14378,100525.76,97964.3,100508.99,103398.57,100518.73,100542.16,100528.46,100539.32
1719.936141908,14379,100529.75,97955.21,100513.0,103398.57,100510.7,100542.16,100524.44,100533.26
1719.956842239,14380,100516.72,97950.15,100508.99,103397.48,100518.73,100541.11,100528.46,100541.39
1719.97741071,14381,100532.69,97960.27,100517.0,103398.2,100515.76,100541.11,100537.56,100530.29
1720.001120047,14382,100533.75,97950.15,100508.99,103398.57,100519.78,100546.17,100532.48,100530.29
1720.021817767,14383,100534.81,97951.18,100523.99,103382.57,100509.66,100539.0,100540.52,100536.35
1720.042373771,14384,100526.82,97952.21,100517.0,103402.56,100515.76,100532.04,100545.6,100529.25
1720.062900018,14385,100542.79,97956.24,100519.07,103405.47,100511.75,100532.04,100541.58,100532.35
1720.083488568,14386,100518.84,97959.24,100514.03,103402.56,100517.86,100533.09,100536.5,100537.26
1720.104090425,14387,100526.82,97956.24,100502.92,103398.57,100512.8,100540.05,100538.62,100535.32
1720.124752595,14388,100521.77,97946.12,100513.0,103398.57,100523.79,100532.04,100536.5,100531.32
1720.145342512,14389,100535.87,97961.3,100503.95,103396.39,100514.72,100543.22,100533.54,100532.35
1720.169199808,14390,100534.81,97957.27,100510.93,103398.57,100518.73,100541.11,100536.72,100531.32
1720.189723273,14391,100528.95,97957.27,100535.1,103398.57,100519.78,100536.04,100533.54,100535.32
1720.210274112,14392,100530.82,97956.24,100528.0,103410.56,100509.66,100533.09,100546.66,100530.29
1720.230855112,14393,100525.76,97950.15,100507.96,103398.57,100509.66,100550.18,100541.58,100528.35
1720.2515091,14394,100534.81,97951.18,100513.0,103398.57,100511.75,100542.16,100546.66,100531.32
1720.27213428,14395,100530.82,97957.27,100508.99,103400.38,100511.75,100536.04,100541.58,100543.33
1720.292692592,14396,100522.83,97951.18,100520.1,103402.2,100510.7,100541.11,100538.62,100524.34
1720.31330398,14397,100526.82,97962.24,100514.03,103398.57,100523.79,100543.22,100537.56,100532.35
1720.337067987,14398,100538.8,97964.3,100517.0,103393.48,100502.67,100544.06,100545.6,100531.32
1720.357633294,14399,100524.7,97947.15,100500.97,103398.57,100508.78,100537.1,100537.56,100537.38
1720.378283565,14400,100535.87,97951.18,100519.98,103396.39,100522.75,100539.21,100533.54,100532.35
1720.398886097,14401,100526.82,97955.21,100515.97,103409.47,100507.74,100543.22,100542.64,100539.32
1720.419608466,14402,100530.82,97954.18,100525.02,103400.38,100506.69,100540.26,100531.64,100535.32
1720.440095868,14403,100524.7,97951.18,100510.02,103397.48,100512.8,100541.11,100538.62,100531.32
1720.460730046,14404,100534.81,97951.18,100517.0,103402.56,100511.75,100542.16,100530.58,100531.32
1720.48436199,14405,100537.74,97951.18,100521.01,103406.56,100509.66,100540.05,100531.64,100533.38
1720.504964525,14406,100525.76,97955.21,100510.02,103398.57,100511.75,100536.04,100538.62,100536.35
1720.525608902,14407,100537.74,97967.3,100508.99,103397.48,100513.84,100536.04,100528.46,100529.38
1720.546238018,14408,100529.75,97963.27,100508.99,103398.57,100506.69,100534.15,100533.54,100547.33
1720.566834716,14409,100526.82,97955.21,100510.02,103414.56,100519.78,100548.07,100542.64,100540.36
1720.58739825,14410,100534.81,97954.18,100514.94,103398.57,100515.76,100542.16,100528.46,100548.36
1720.60808139,14411,100534.81,97959.24,100511.05,103405.47,100519.78,100530.98,100537.56,100533.38
1720.628681796,14412,100532.69,97956.24,100503.03,103398.57,100522.75,100541.95,100537.56,100523.31
1720.652340779,14413,100534.81,97964.3,100523.99,103397.48,100513.84,100537.1,100542.64,100525.37
1720.67296936,14414,100525.76,97957.18,100518.04,103406.56,100513.84,100544.06,100541.58,100533.38
1720.693581915,14415,100526.82,97969.36,100528.0,103406.56,100511.75,100532.04,100541.58,100541.39
1720.714159991,14416,100538.8,97961.21,100507.96,103402.56,100519.78,100538.15,100522.54,100533.38
1720.734778762,14417,100524.7,97962.24,100517.0,103410.2,100502.67,100537.1,100539.68,100539.32
1720.75583727,14418,100526.82,97956.24,100517.0,103399.66,100509.66,100546.17,100532.48,100532.35
1720.775984414,14419,100518.84,97955.21,100517.0,103400.38,100511.75,100537.1,100537.56,100533.38
1720.796618571,14420,100536.93,97956.24,100514.03,103398.57,100519.78,100549.13,100542.64,100536.35
1720.820344592,14421,100534.81,97959.24,100504.98,103396.39,100519.78,100533.09,100540.52,100533.38
1720.840911528,14422,100533.75,97963.27,100513.0,103406.56,100519.78,100542.16,100540.74,100525.37
1720.861503565,14423,100536.93,97959.24,100525.02,103402.56,100512.8,100534.15,100530.58,100533.38
1720.882138357,14424,100528.95,97959.24,100508.99,103403.29,100519.78,100540.05,100538.62,100533.38
1720.902738316,14425,100531.88,97954.18,100523.99,103406.56,100504.6,100545.12,100537.56,100541.39
1720.923286045,14426,100526.82,97965.33,100510.02,103410.56,100510.7,100533.09,100537.56,100533.38
1720.943966127,14427,100530.82,97955.21,100517.0,103408.38,100503.72,100541.11,100533.54,100530.29
1720.964551573,14428,100533.75,97963.27,100515.97,103402.56,100506.69,100538.15,100534.6,100539.32
1720.98822293,14429,100534.81,97951.18,100517.0,103402.56,100511.75,100540.05,100529.52,100537.38
1721.008872694,14430,100534.81,97952.21,100513.0,103402.56,100517.68,100544.06,100540.52,100537.38
1721.029509774,14431,100528.69,97970.3,100508.99,103404.38,100512.8,100541.11,100538.62,100535.32
1721.050061581,14432,100533.75,97963.27,100508.99,103403.29,100517.68,100549.13,100525.5,100527.31
1721.070709865,14433,100523.89,97972.36,100521.01,103394.57,100515.76,100536.04,100536.5,100523.31
1721.09130493,14434,100518.84,97960.27,100508.99,103408.38,100519.78,100539.0,100537.56,100531.32
1721.111916434,14435,100534.81,97962.24,100506.92,103406.56,100511.75,100536.04,100535.66,100529.38
1721.132529857,14436,100526.82,97966.27,100515.97,103406.56,100509.66,100549.13,100537.56,100536.35
1721.156232076,14437,100525.76,97972.36,100510.02,103406.56,100519.78,100534.15,100546.66,100535.32
1721.176884652,14438,100529.75,97963.27,100517.0,103416.74,100506.69,100542.16,100533.54,100536.35
1721.197489617,14439,100527.88,97970.3,100513.0,103405.47,100525.89,100545.12,100534.6,100542.42
1721.218248157,14440,100535.87,97964.3,100514.03,103403.66,100527.81,100543.22,100536.5,100527.31
1721.238865018,14441,100521.77,97967.3,100508.99,103394.57,100523.79,100542.16,100536.5,100525.37
1721.259511336,14442,100526.82,97967.3,100517.0,103404.75,100502.67,100545.96,100540.74,100529.38
1721.280255257,14443,100540.92,97968.33,100507.04,103414.56,100511.75,100540.05,100522.54,100527.31
1721.300860258,14444,100530.82,97965.24,100517.0,103399.29,100518.73,100540.05,100537.56,100533.38
1721.324155314,14445,100529.75,97968.33,100508.99,103398.57,100524.67,100536.04,100538.62,100535.44
1721.344804711,14446,100526.82,97961.21,100519.07,103405.47,100510.7,100534.15,100538.62,100536.35
1721.365505333,14447,100529.75,97956.24,100517.0,103397.48,100501.63,100546.17,100537.56,100531.32
1721.386125712,14448,100518.84,97967.39,100517.0,103398.57,100511.75,100542.16,100539.68,100533.38
1721.406840705,14449,100528.95,97971.33,100533.04,103396.39,100520.83,100544.06,100534.6,100545.39
1721.427585013,14450,100534.81,97965.33,100510.02,103409.47,100510.7,100534.15,100530.58,100530.41
1721.448209489,14451,100517.78,97967.3,100508.99,103401.47,100518.73,100540.05,100547.72,100541.39
1721.468847815,14452,100528.69,97959.24,100519.07,103413.47,100513.67,100542.16,100541.58,100535.32
1721.49214137,14453,100534.81,97955.21,100510.02,103404.38,100505.64,100538.15,100546.66,100540.36
1721.512733679,14454,100533.75,97973.39,100511.05,103402.56,100519.78,100543.22,100529.52,100537.38
1721.533323069,14455,100531.88,97967.3,100523.07,103414.56,100504.77,100545.12,100533.54,100526.28
1721.55393428,14456,100521.77,97962.24,100515.06,103406.56,100511.75,100542.16,100541.58,100540.36
1721.574564666,14457,100535.87,97967.3,100508.99,103406.56,100513.84,100550.18,100540.52,100534.29
1721.595182602,14458,100533.75,97959.24,100513.0,103398.57,100519.78,100534.15,100544.54,100531.32
1721.6157476,14459,100534.81,97965.33,100517.0,103407.65,100519.78,100533.93,100535.44,100529.38
1721.639520897,14460,100530.82,97968.33,100508.99,103410.56,100511.75,100541.11,100548.78,100531.32
1721.660114248,14461,100534.81,97968.33,100507.96,103405.47,100503.72,100536.04,100537.56,100533.38
1721.68069213,14462,100526.82,97973.39,100519.07,103413.47,100509.66,100543.22,100541.58,100531.32
1721.701378776,14463,100540.92,97965.33,100511.05,103402.56,100501.63,100538.15,100520.42,100539.32
1721.72190087,14464,100526.82,97963.27,100507.96,103406.56,100509.66,100541.11,100531.64,100531.32
1721.742593334,14465,100536.93,97968.33,100511.05,103402.56,100511.75,100541.11,100533.54,100534.41
1721.763172126,14466,100524.7,97964.3,100511.96,103404.38,100517.68,100540.05,100533.54,100523.31
1721.783729518,14467,100538.8,97973.39,100513.0,103402.56,100507.74,100544.06,100538.62,100528.35
1721.807445299,14468,100532.69,97973.39,100510.02,103406.2,100527.81,100543.22,100537.56,100532.35
1721.828099253,14469,100536.93,97969.36,100513.0,103404.75,100515.76,100552.08,100538.62,100536.35
1721.848622418,14470,100536.93,97972.36,100517.0,103406.56,100509.66,100533.09,100534.6,100536.35
1721.869197951,14471,100526.82,97965.33,100523.07,103398.57,100510.7,100546.17,100536.5,100534.41
1721.889836777,14472,100534.81,97964.3,100525.02,103402.56,100510.7,100540.05,100530.58,100533.38
1721.910513034,14473,100534.81,97964.3,100508.99,103406.56,100519.78,100542.16,100534.6,100537.38
1721.931051851,14474,100526.82,97965.33,100515.97,103407.65,100519.78,100542.16,100541.58,100537.38
1721.951689547,14475,100534.81,97965.33,100515.06,103414.56,100518.73,100548.07,100538.62,100537.38
1721.975421588,14476,100531.88,97964.3,100533.04,103402.56,100518.73,100536.04,100537.56,100531.32
1721.996022756,14477,100530.82,97964.3,100508.99,103414.56,100505.64,100542.16,100544.54,100531.32
1722.016607547,14478,100534.81,97973.39,100527.08,103402.56,100507.74,100542.16,100534.6,100523.31
1722.037247083,14479,100530.82,97963.27,100533.04,103406.56,100514.72,100541.11,100538.62,100529.38
1722.057796001,14480,100531.88,97973.39,100513.0,103406.56,100519.78,100530.14,100525.5,100538.29
1722.078387574,14481,100532.94,97965.33,100521.01,103403.66,100519.78,100534.15,100544.76,100533.38
1722.099055877,14482,100535.87,97971.33,100517.0,103407.65,100528.68,100549.13,100530.58,100534.41
1722.11960753,14483,100529.75,97971.33,100515.06,103406.56,100514.72,100550.18,100538.62,100537.38
1722.143345746,14484,100528.69,97974.42,100518.04,103415.65,100514.72,100550.18,100534.6,100541.39
1722.164024441,14485,100534.81,97971.33,100508.99,103398.57,100517.68,100548.07,100546.66,100533.38
1722.184611457,14486,100526.82,97967.3,100510.02,103402.56,100522.75,100542.16,100541.58,100540.36
1722.205214223,14487,100526.82,97976.39,100515.06,103406.56,100514.72,100538.15,100541.58,100523.31
1722.225752842,14488,100535.87,97956.24,100508.99,103398.57,100519.78,100542.16,100538.62,100533.38
1722.246675627,14489,100536.93,97973.39,100525.02,103396.39,100511.75,100539.21,100540.52,100523.31
1722.267341884,14490,100528.69,97969.36,100513.0,103404.38,100503.72,100540.26,100537.56,100535.32
1722.28793008,14491,100534.81,97963.27,100517.0,103401.47,100518.73,100542.16,100534.6,100531.32
1722.311349398,14492,100526.82,97967.3,100513.0,103402.56,100511.75,100534.15,100538.62,100527.44
1722.331958365,14493,100526.82,97972.36,100522.04,103402.56,100522.75,100534.15,100545.6,100525.37
1722.352617118,14494,100533.75,97976.39,100513.0,103414.56,100503.72,100541.11,100531.42,100532.35
1722.373276772,14495,100531.88,97969.36,100508.99,103406.56,100508.78,100534.15,100548.55,100533.38
1722.393963698,14496,100534.81,97961.3,100514.94,103406.56,100518.73,100550.18,100538.62,100536.35
1722.414587639,14497,100522.83,97965.33,100517.0,103405.47,100507.74,100529.08,100550.67,100534.29
1722.435456891,14498,100534.81,97967.3,100517.0,103401.47,100508.78,100549.13,100529.52,100537.38
1722.456107208,14499,100534.81,97973.39,100513.0,103398.57,100510.7,100540.05,100531.64,100533.38
1722.479301585,14500,100525.76,97972.36,100507.96,103412.74,100514.72,100542.16,100536.5,100547.33
1722.499920201,14501,100529.75,97971.33,100508.99,103406.56,100511.75,100533.09,100537.56,100533.38
1722.520577198,14502,100530.82,97969.36,100511.96,103416.74,100515.76,100533.09,100536.5,100533.38
1722.541230058,14503,100525.76,97977.42,100515.06,103402.56,100508.78,100538.15,100532.48,100534.41
1722.561912472,14504,100525.76,97981.45,100507.96,103406.56,100510.7,100534.15,100528.46,100533.38
1722.582587263,14505,100529.75,97973.39,100520.1,103414.56,100515.76,100538.15,100531.64,100531.44
1722.603266779,14506,100530.82,97968.33,100518.04,103406.56,100517.68,100532.04,100543.48,100539.32
1722.624071145,14507,100531.88,97971.33,100525.02,103410.56,100506.69,100541.11,100538.62,100532.35
1722.647180439,14508,100526.82,97972.36,100529.03,103406.56,100515.76,100542.16,100542.64,100524.34
1722.667706269,14509,100532.94,97957.27,100515.97,103402.56,100515.76,100536.04,100544.76,100527.31
1722.688412448,14510,100534.81,97961.21,100513.0,103410.56,100518.73,100540.05,100542.64,100529.38
1722.708951484,14511,100534.81,97971.33,100508.99,103403.66,100511.75,100544.06,100539.68,100533.38
1722.72961346,14512,100529.75,97985.48,100521.01,103397.48,100514.72,100533.09,100541.58,100531.32
1722.75020666,14513,100532.94,97973.39,100526.05,103415.65,100519.78,100537.1,100538.62,100535.44
1722.770803611,14514,100527.88,97973.39,100525.02,103410.56,100521.87,100533.09,100540.52,100536.35
1722.79143409,14515,100534.81,97981.45,100506.01,103412.74,100509.83,100533.09,100530.58,100523.31
1722.815170731,14516,100530.82,97971.42,100531.09,103406.56,100507.74,100538.15,100546.66,100525.37
1722.835878781,14517,100518.84,97973.39,100500.97,103406.56,100517.86,100538.15,100534.6,100528.35
1722.856480034,14518,100525.76,97960.27,100513.0,103406.56,100513.84,100551.24,100542.64,100530.41
1722.877240083,14519,100534.81,97973.39,100517.0,103414.56,100519.78,100534.15,100539.68,100534.29
1722.897871317,14520,100537.74,97965.33,100510.02,103406.56,100515.76,100535.2,100538.62,100537.38
1722.918540773,14521,100520.96,97972.36,100515.97,103402.56,100507.74,100545.12,100524.66,100527.31
1722.938739967,14522,100536.93,97955.21,100513.0,103406.56,100519.78,100539.0,100535.66,100533.38
1722.962505125,14523,100526.82,97977.42,100508.99,103410.56,100517.68,100542.16,100532.7,100537.38
1722.98318683,14524,100536.93,97972.36,100533.04,103410.56,100516.81,100544.06,100523.6,100527.31
1723.003749636,14525,100534.81,97981.45,100515.06,103414.56,100512.8,100546.17,100537.56,100533.38
1723.024323557,14526,100529.75,97972.36,100510.93,103409.47,100517.68,100541.11,100544.76,100532.35
1723.044903225,14527,100527.88,97969.36,100508.99,103414.56,100511.75,100532.04,100537.56,100539.32
1723.065523328,14528,100529.75,97973.39,100510.93,103396.39,100517.68,100535.2,100542.64,100533.38
1723.086222519,14529,100524.7,97967.3,100511.05,103414.56,100521.87,100541.11,100533.54,100533.38
1723.107199332,14530,100525.76,97967.3,100517.0,103406.56,100510.7,100537.1,100544.54,100534.41
1723.130451099,14531,100531.88,97973.39,100513.0,103406.56,100516.81,100549.13,100534.6,100531.32
1723.151118465,14532,100526.82,97973.39,100510.02,103411.65,100511.75,100534.15,100546.66,100525.37
1723.171784542,14533,100526.82,97972.36,100513.0,103414.56,100518.73,100540.05,100535.66,100535.32
1723.192528313,14534,100526.82,97973.39,100515.97,103412.74,100512.8,100542.16,100537.56,100534.41
1723.213160539,14535,100525.76,97972.36,100517.0,103405.47,100524.84,100543.22,100537.56,100544.36
1723.233885047,14536,100533.75,97972.36,100511.05,103414.56,100525.89,100541.11,100533.54,100535.32
1723.25453148,14537,100529.75,97974.42,100515.06,103412.38,100507.74,100541.11,100539.68,100534.41
1723.27518587,14538,100528.69,97973.39,100525.02,103408.74,100507.74,100534.15,100538.62,100537.38
1723.298380076,14539,100526.82,97956.24,100517.0,103402.56,100514.89,100546.17,100543.7,100533.38
1723.319134329,14540,100532.94,97977.42,100519.07,103406.56,100507.74,100542.16,100537.56,100533.38
1723.339721325,14541,100530.82,97962.24,100513.0,103405.47,100516.81,100536.26,100546.66,100533.38
1723.360422133,14542,100532.69,97967.3,100519.07,103407.65,100516.81,100534.15,100533.54,100536.35
1723.381106204,14543,100528.95,97969.36,100516.09,103416.74,100518.73,100546.17,100538.62,100528.35
1723.401751957,14544,100528.69,97971.33,100515.97,103414.56,100519.78,100534.15,100537.56,100532.35
1723.422350848,14545,100536.93,97971.33,100519.07,103414.56,100502.67,100544.27,100533.54,100531.32
1723.443147028,14546,100528.95,97968.33,100517.0,103412.74,100530.77,100530.14,100538.62,100541.39
1723.466320509,14547,100534.81,97968.33,100508.99,103416.74,100519.78,100548.07,100549.84,100541.39
1723.487018298,14548,100539.86,97971.33,100529.03,103418.56,100512.8,100542.16,100536.72,100533.38
1723.507672215,14549,100530.82,97980.42,100521.01,103403.66,100510.88,100550.18,100525.5,100531.32
1723.528309572,14550,100530.82,97965.33,100500.97,103406.56,100530.77,100533.09,100538.62,100528.35
1723.549080594,14551,100536.93,97969.36,100508.99,103406.56,100518.91,100536.26,100538.62,100532.35
1723.569728146,14552,100530.82,97972.36,100508.99,103410.56,100519.78,100542.16,100539.68,100533.38
1723.590381505,14553,100529.75,97974.42,100499.94,103414.56,100518.73,100548.07,100536.5,100521.25
1723.610964934,14554,100532.94,97965.33,100517.0,103417.47,100523.79,100540.05,100531.64,100545.39
1723.634324586,14555,100535.87,97969.36,100507.96,103413.47,100512.8,100537.1,100545.6,100525.37
1723.654978207,14556,100526.82,97965.33,100511.05,103406.56,100524.84,100544.27,100541.58,100526.41
1723.67568805,14557,100540.92,97974.42,100517.0,103414.56,100518.73,100537.1,100538.62,100524.34
1723.696348827,14558,100528.95,97973.39,100517.0,103414.56,100523.79,100537.1,100537.56,100533.38
1723.716982195,14559,100538.8,97972.36,100515.97,103407.65,100513.84,100542.16,100530.58,100531.32
1723.737346756,14560,100532.94,97977.42,100517.0,103407.65,100520.83,100532.04,100538.62,100540.36
1723.757890371,14561,100530.82,97977.42,100508.99,103414.56,100511.75,100535.2,100534.6,100532.35
1723.778514749,14562,100525.76,97972.36,100513.0,103413.47,100514.72,100539.21,100538.62,100525.37
1723.802245813,14563,100526.82,97973.39,100518.04,103416.38,100509.66,100537.1,100525.5,100531.32
1723.822890433,14564,100524.95,97973.39,100507.96,103404.38,100519.78,100547.23,100541.58,100537.38
1723.843449385,14565,100531.88,97981.45,100531.09,103410.56,100524.84,100536.04,100536.5,100531.32
1723.864083944,14566,100526.82,97968.33,100514.94,103416.74,100511.75,100542.16,100537.56,100535.44
1723.884688887,14567,100526.82,97967.3,100514.03,103414.56,100513.67,100542.16,100541.58,100535.44
1723.905333304,14568,100530.82,97965.33,100529.03,103406.56,100512.8,100542.16,100537.56,100539.32
1723.925977609,14569,100535.87,97977.42,100515.06,103413.47,100504.77,100542.16,100537.56,100535.44
1723.946543351,14570,100528.95,97977.42,100510.02,103414.56,100509.66,100546.17,100537.56,100532.35
1723.970250078,14571,100532.94,97973.39,100519.98,103414.56,100515.76,100537.1,100540.52,100535.44
1723.990874512,14572,100528.95,97977.42,100526.05,103406.56,100515.76,100536.04,100532.48,100530.41
1724.011440979,14573,100528.95,97975.36,100517.0,103414.56,100505.64,100533.09,100538.62,100527.31
1724.032040337,14574,100516.72,97969.36,100515.06,103418.56,100517.86,100543.22,100537.56,100534.41
1724.052691646,14575,100532.94,97972.36,100533.04,103402.56,100510.7,100550.18,100526.56,100533.38
1724.073223782,14576,100535.87,97969.36,100515.06,103414.56,100512.8,100541.11,100539.68,100541.39
1724.093898583,14577,100530.82,97963.27,100515.06,103398.2,100523.79,100543.22,100532.7,100532.35
1724.114493829,14578,100527.88,97973.39,100513.0,103414.56,100519.78,100546.17,100539.68,100536.48
1724.138206664,14579,100530.82,97968.33,100513.0,103414.56,100511.75,100542.16,100527.62,100527.31
1724.158808528,14580,100533.75,97982.48,100511.05,103413.47,100510.7,100530.14,100548.78,100533.38
1724.179407284,14581,100535.87,97972.36,100516.09,103416.38,100511.75,100546.17,100522.54,100533.38
1724.200005042,14582,100525.76,97972.36,100515.06,103405.47,100507.74,100551.24,100523.6,100523.31
1724.220654928,14583,100525.76,97972.36,100514.94,103413.47,100511.75,100541.11,100534.6,100532.35
1724.241219617,14584,100536.93,97971.33,100513.0,103414.56,100510.7,100542.16,100539.68,100535.32
1724.26184989,14585,100522.83,97980.42,100513.0,103406.56,100527.81,100542.16,100534.6,100533.38
1724.285508557,14586,100526.82,97971.33,100517.0,103413.47,100512.8,100539.21,100530.58,100533.38
1724.306168331,14587,100534.81,97972.36,100513.11,103415.65,100512.8,100547.23,100543.7,100533.26
1724.326755322,14588,100529.75,97972.36,100514.03,103417.47,100504.77,100544.06,100538.62,100533.38
1724.347380704,14589,100534.81,97975.45,100530.06,103408.74,100508.78,100543.22,100538.62,100535.32
1724.368043296,14590,100527.88,97988.48,100515.06,103414.56,100503.72,100538.15,100537.56,100525.37
1724.388585919,14591,100524.7,97975.45,100515.06,103411.29,100506.69,100543.22,100529.52,100536.35
1724.409183973,14592,100528.95,97980.42,100513.0,103409.47,100512.8,100534.15,100533.54,100525.37
1724.429750108,14593,100521.77,97980.42,100519.07,103414.56,100511.75,100554.19,100538.62,100531.32
1724.453482434,14594,100532.94,97972.36,100519.07,103406.56,100519.78,100543.22,100520.42,100531.32
1724.474091614,14595,100538.8,97969.36,100519.07,103422.56,100501.63,100533.09,100529.52,100531.32
1724.494720364,14596,100534.81,97964.3,100508.99,103422.56,100516.81,100541.11,100533.76,100539.32
1724.515382111,14597,100526.82,97980.42,100519.07,103418.56,100509.83,100545.12,100543.7,100537.38
1724.535929338,14598,100530.82,97973.39,100515.06,103417.47,100517.86,100542.16,100536.5,100524.34
1724.556830464,14599,100524.7,97974.42,100507.04,103416.74,100507.74,100543.22,100521.48,100532.35
1724.577500781,14600,100542.79,97978.36,100513.0,103417.47,100517.68,100542.16,100538.62,100547.45
1724.598235922,14601,100525.76,97965.33,100519.07,103407.65,100511.75,100543.22,100530.58,100540.36
1724.621509195,14602,100532.69,97981.45,100514.03,103408.74,100506.69,100544.06,100538.62,100532.35
1724.642159409,14603,100533.75,97972.36,100508.99,103412.38,100517.86,100533.09,100538.62,100529.38
1724.662884912,14604,100536.93,97972.36,100517.0,103422.56,100511.75,100545.12,100539.68,100532.35
1724.683286179,14605,100536.93,97981.45,100504.98,103410.56,100507.74,100534.15,100530.58,100523.43
1724.703951661,14606,100533.75,97981.45,100520.1,103414.56,100510.7,100546.17,100546.66,100541.39
1724.724549274,14607,100533.75,97976.39,100519.07,103406.56,100502.67,100540.05,100534.6,100523.31
1724.74506592,14608,100534.81,97981.45,100511.05,103410.56,100518.73,100542.16,100538.62,100535.32
1724.765698566,14609,100534.81,97979.48,100518.04,103414.56,100506.69,100542.16,100540.74,100526.41
1724.789384439,14610,100536.93,97977.42,100511.96,103402.56,100519.6,100546.17,100529.52,100531.32
1724.809935226,14611,100534.81,97981.45,100508.99,103410.56,100513.84,100534.15,100522.54,100530.29
1724.830616579,14612,100526.82,97981.45,100515.06,103430.56,100502.67,100534.15,100537.56,100531.32
1724.85121467,14613,100534.81,97971.33,100508.07,103414.56,100510.7,100550.18,100538.62,100538.42
1724.871808967,14614,100524.95,97979.39,100506.92,103414.56,100506.69,100540.05,100530.58,100531.32
1724.892463393,14615,100527.88,97975.36,100515.06,103415.65,100520.83,100536.04,100531.64,100529.38
1724.913043448,14616,100534.81,97975.36,100519.07,103413.47,100516.64,100535.2,100542.64,100534.41
1724.933617666,14617,100530.82,97971.33,100515.06,103411.65,100510.7,100532.25,100541.58,100541.39
1724.957383805,14618,100534.81,97973.39,100518.04,103415.65,100519.78,100541.11,100529.52,100526.41
1724.977988995,14619,100528.95,97972.36,100521.13,103410.56,100512.8,100533.09,100520.42,100532.35
1724.998590989,14620,100534.81,97971.33,100512.08,103417.47,100521.87,100548.28,100532.48,100541.39
1725.019169092,14621,100518.84,97984.45,100518.04,103414.56,100519.78,100538.15,100545.6,100531.32
1725.039802835,14622,100525.76,97973.39,100519.07,103410.56,100519.78,100542.16,100540.52,100534.41
1725.06039772,14623,100529.75,97973.39,100517.0,103422.56,100519.78,100548.28,100523.38,100542.42
1725.080951058,14624,100526.82,97980.42,100508.99,103414.56,100523.79,100532.04,100541.58,100522.28
1725.101690976,14625,100522.02,97979.48,100512.08,103403.66,100517.68,100544.27,100539.68,100534.41
1725.125355236,14626,100530.82,97978.45,100514.03,103410.56,100518.73,100546.17,100539.46,100528.35
1725.145870846,14627,100528.95,97977.42,100521.13,103414.56,100515.76,100544.06,100529.52,100537.38
1725.16651221,14628,100532.69,97988.48,100518.04,103413.47,100502.67,100538.15,100526.56,100533.38
1725.187106242,14629,100536.93,97980.42,100511.05,103415.65,100518.73,100536.26,100537.56,100534.41
1725.207740142,14630,100526.82,97981.45,100500.97,103420.74,100511.75,100552.29,100537.56,100535.44
1725.228352743,14631,100530.82,97981.45,100510.02,103410.56,100515.76,100543.22,100533.54,100535.32
1725.248884585,14632,100526.82,97977.42,100513.0,103423.65,100520.83,100542.16,100537.56,100531.32
1725.269594962,14633,100530.82,97982.48,100519.07,103416.74,100515.76,100542.16,100542.64,100538.42
1725.293295717,14634,100534.81,97976.39,100519.07,103424.74,100517.68,100542.16,100545.6,100541.39
1725.313891207,14635,100530.82,97985.48,100507.04,103421.47,100507.74,100544.27,100528.46,100523.31
1725.334506919,14636,100518.84,97985.48,100513.0,103414.56,100510.7,100545.12,100538.62,100528.35
1725.355087946,14637,100526.82,97973.39,100519.07,103416.74,100512.8,100542.16,100546.66,100523.43
1725.375704543,14638,100534.81,97973.39,100508.99,103414.56,100511.75,100540.05,100529.52,100533.38
1725.396318561,14639,100528.69,97978.45,100508.99,103418.56,100511.75,100542.16,100535.44,100545.39
1725.416840265,14640,100530.82,97977.42,100510.02,103415.65,100511.75,100548.28,100544.54,100540.36
1725.437452719,14641,100526.82,97985.48,100508.99,103415.65,100520.83,100534.15,100536.5,100530.29
1725.461241436,14642,100534.81,97965.33,100511.05,103414.56,100512.8,100540.26,100544.54,100532.35
1725.481860936,14643,100528.95,97981.45,100529.03,103416.74,100521.87,100542.16,100530.58,100528.35
1725.502446033,14644,100536.93,97981.45,100513.0,103416.74,100517.68,100533.09,100537.56,100537.38
1725.523000784,14645,100534.81,97980.42,100510.02,103413.47,100518.73,100540.26,100528.46,100541.39
1725.543614422,14646,100530.82,97987.45,100508.99,103413.47,100515.76,100543.22,100539.46,100537.38
1725.564239209,14647,100530.82,97981.45,100519.07,103422.56,100505.82,100533.09,100536.5,100523.31
1725.584836331,14648,100528.95,97981.45,100517.0,103417.47,100504.77,100542.16,100530.58,100541.39
1725.608564551,14649,100528.69,97973.39,100515.06,103414.56,100503.72,100542.16,100538.62,100544.36
1725.629171786,14650,100534.81,97981.45,100523.07,103407.65,100517.68,100544.27,100536.5,100533.38
1725.649781184,14651,100526.82,97980.42,100504.98,103422.56,100520.65,100538.15,100536.5,100525.37
1725.670439578,14652,100529.75,97977.42,100518.04,103422.56,100519.78,100546.17,100534.6,100542.42
1725.690986507,14653,100530.82,97984.45,100508.99,103426.56,100503.72,100540.05,100545.6,100531.32
1725.711544326,14654,100535.87,97976.39,100508.99,103410.56,100517.68,100542.16,100536.5,100532.35
1725.732151333,14655,100534.81,97989.51,100519.07,103419.65,100522.92,100551.24,100538.62,100533.38
1725.752778384,14656,100534.81,97985.48,100519.07,103406.56,100504.77,100535.2,100545.6,100523.31
1725.776497167,14657,100535.87,97981.45,100508.99,103423.65,100512.8,100541.11,100545.6,100533.38
1725.797154773,14658,100526.82,97990.54,100508.99,103422.56,100518.73,100537.31,100532.48,100537.38
1725.817747419,14659,100517.78,97985.48,100513.0,103422.56,100518.73,100544.27,100536.5,100532.35
1725.838340701,14660,100535.87,97981.45,100511.05,103414.56,100511.75,100542.16,100537.56,100533.38
1725.858881471,14661,100522.83,97981.45,100513.0,103418.56,100509.83,100544.27,100522.54,100526.41
1725.879524266,14662,100532.94,97981.45,100502.0,103416.74,100522.75,100533.09,100537.56,100530.41
1725.900212972,14663,100534.81,97993.54,100519.07,103414.56,100504.77,100532.04,100536.5,100532.35
1725.920722069,14664,100526.82,97985.48,100518.04,103418.56,100520.83,100546.17,100538.62,100525.37
1725.944554562,14665,100523.89,97981.45,100515.06,103408.74,100522.75,100530.14,100522.54,100529.38
1725.965139372,14666,100521.77,97987.54,100517.0,103414.56,100508.61,100534.15,100538.62,100531.32
1725.985678116,14667,100530.82,97983.51,100519.07,103414.56,100513.84,100542.16,100536.5,100532.35
1726.006298375,14668,100530.82,97991.57,100511.05,103416.74,100517.68,100539.21,100529.52,100535.32
1726.02689398,14669,100534.81,97983.51,100525.14,103422.56,100510.7,100544.27,100546.66,100535.44
1726.047504157,14670,100526.82,97983.51,100518.04,103410.56,100517.86,100535.2,100544.54,100533.38
1726.068031682,14671,100534.81,97982.48,100515.06,103414.56,100514.72,100544.27,100533.54,100533.38
1726.088674586,14672,100532.94,97989.51,100511.05,103422.56,100516.64,100542.16,100532.48,100539.32
1726.112432955,14673,100524.7,97990.54,100523.07,103420.74,100507.74,100538.15,100536.5,100536.35
1726.133049692,14674,100523.89,97985.48,100514.03,103418.56,100513.67,100530.14,100537.56,100533.38
1726.15362416,14675,100526.82,97988.48,100511.05,103419.65,100506.69,100538.15,100532.48,100528.35
1726.174235013,14676,100532.69,97989.51,100507.04,103418.56,100506.69,100542.16,100532.48,100541.39
1726.194882193,14677,100524.95,97979.48,100508.99,103423.65,100515.76,100535.2,100533.54,100532.35
1726.215457684,14678,100526.82,97980.42,100537.16,103432.74,100510.7,100542.16,100542.64,100542.42
1726.236124031,14679,100534.81,97991.57,100511.05,103426.56,100511.75,100542.16,100533.54,100527.31
1726.256739205,14680,100526.82,97985.48,100500.97,103416.74,100509.66,100539.21,100538.62,100523.31
1726.280391528,14681,100538.8,97985.48,100510.02,103416.74,100505.64,100529.08,100545.6,100541.39
1726.300990944,14682,100534.81,97981.45,100511.05,103429.83,100511.75,100535.2,100540.52,100533.38
1726.321621108,14683,100532.94,97981.45,100519.07,103426.56,100504.6,100544.27,100533.54,100528.35
1726.34221349,14684,100536.93,97985.48,100519.07,103424.74,100515.76,100542.16,100532.48,100533.38
1726.362879053,14685,100522.83,97981.45,100517.12,103418.56,100503.72,100537.1,100532.48,100525.37
1726.383421363,14686,100536.93,97981.45,100515.06,103420.74,100510.7,100543.22,100536.5,100537.38
1726.404064173,14687,100531.88,97985.48,100519.07,103419.65,100509.66,100546.17,100533.54,100535.44
1726.424697265,14688,100534.81,97981.45,100519.07,103424.74,100521.87,100543.22,100536.5,100535.44
1726.448339894,14689,100530.82,97973.39,100526.05,103414.56,100513.67,100538.15,100538.62,100531.32
1726.468953948,14690,100532.94,97985.48,100511.05,103415.65,100517.68,100544.27,100537.56,100539.32
1726.489581135,14691,100528.95,97987.54,100506.01,103416.74,100518.73,100541.11,100522.54,100523.31
1726.510184776,14692,100532.94,97985.48,100515.06,103410.56,100515.76,100536.26,100528.46,100534.41
1726.530805008,14693,100530.82,97991.57,100510.02,103418.56,100521.87,100542.16,100536.5,100529.38
1726.55140228,14694,100527.88,97989.51,100499.02,103419.65,100512.8,100537.1,100536.5,100532.35
1726.571992247,14695,100534.81,97969.36,100507.04,103414.56,100507.74,100533.09,100536.5,100532.35
1726.592611661,14696,100533.75,97981.45,100513.11,103423.65,100507.74,100542.16,100535.44,100533.38
1726.616306477,14697,100532.69,97987.54,100529.15,103426.56,100507.74,100536.26,100538.62,100538.42
1726.636925222,14698,100526.82,97984.45,100511.05,103414.56,100519.78,100546.17,100528.46,100532.35
1726.657549084,14699,100527.88,97983.51,100515.06,103432.74,100522.75,100534.15,100533.54,100528.35
1726.678137987,14700,100517.78,97979.48,100518.04,103419.65,100511.75,100550.18,100532.48,100539.32
1726.698746202,14701,100518.84,97989.51,100512.08,103426.56,100503.72,100538.15,100537.56,100531.32
1726.719296436,14702,100530.82,97982.48,100515.06,103418.56,100511.75,100545.12,100540.52,100531.44
1726.740127112,14703,100526.82,97990.54,100527.08,103432.74,100520.83,100536.26,100538.62,100538.42
1726.763625133,14704,100526.82,97977.42,100519.07,103434.56,100519.78,100540.26,100537.56,100534.41
1726.784242443,14705,100524.95,97987.54,100508.99,103416.74,100518.73,100535.2,100527.4,100525.37
1726.804842394,14706,100525.76,97994.57,100515.06,103418.56,100519.78,100538.15,100543.7,100535.44
1726.825673802,14707,100519.9,97989.51,100521.01,103418.56,100514.72,100550.18,100540.52,100537.38
1726.846270842,14708,100536.93,97990.54,100517.0,103420.74,100511.75,100534.15,100540.52,100532.35
1726.86687817,14709,100530.82,97999.63,100510.02,103417.47,100524.84,100544.06,100535.44,100533.38
1726.88751744,14710,100526.82,97990.54,100515.06,103423.65,100502.67,100524.02,100537.56,100533.38
1726.908238416,14711,100528.95,97989.51,100519.07,103414.56,100511.75,100542.16,100536.5,100543.45
1726.931544378,14712,100525.76,97989.51,100512.08,103422.56,100525.89,100526.13,100538.62,100525.37
1726.952223084,14713,100526.82,97990.54,100510.02,103414.56,100507.74,100544.27,100540.52,100535.32
1726.972940741,14714,100534.81,97991.57,100520.1,103423.65,100511.75,100545.33,100538.62,100533.38
1726.993604651,14715,100529.75,97979.48,100519.07,103431.65,100504.77,100543.22,100528.46,100534.41
1727.014253068,14716,100530.82,97989.51,100508.99,103432.74,100511.75,100546.17,100541.58,100524.34
1727.034901654,14717,100533.75,97999.63,100508.99,103429.83,100511.75,100546.17,100538.62,100527.31
1727.055496407,14718,100526.82,97989.51,100521.13,103418.56,100515.76,100538.15,100536.5,100532.35
1727.076396773,14719,100527.88,97987.54,100510.02,103429.47,100505.64,100544.27,100528.46,100533.38
1727.099538865,14720,100534.81,97989.51,100533.15,103418.56,100526.76,100537.1,100539.46,100533.38
1727.120189145,14721,100531.88,97985.48,100527.08,103414.56,100513.84,100538.15,100537.56,100525.37
1727.140816041,14722,100524.95,97982.48,100519.07,103426.56,100519.78,100534.15,100544.54,100533.38
1727.161579305,14723,100526.82,97997.57,100511.05,103426.56,100517.86,100542.16,100538.62,100535.44
1727.182212462,14724,100534.81,97991.57,100521.01,103424.74,100515.76,100534.15,100544.54,100531.32
1727.202878899,14725,100530.82,97994.57,100510.02,103424.74,100511.75,100538.15,100539.68,100543.45
1727.223575699,14726,100534.81,97989.51,100519.07,103416.74,100519.78,100547.23,100542.64,100542.42
1727.244281655,14727,100532.69,97979.48,100518.04,103418.56,100510.7,100540.05,100533.54,100532.35
1727.267500258,14728,100536.68,97994.57,100518.04,103422.56,100503.72,100543.22,100538.62,100531.32
1727.288171876,14729,100520.71,97981.45,100508.99,103423.65,100510.7,100543.22,100538.62,100533.38
1727.308822475,14730,100531.88,97991.57,100510.02,103422.56,100521.87,100542.16,100542.64,100539.45
1727.329557583,14731,100534.81,98005.63,100510.02,103424.74,100512.8,100540.26,100538.62,100541.39
1727.350135532,14732,100526.82,97989.51,100515.06,103432.74,100507.74,100544.27,100537.56,100535.44
1727.371101172,14733,100529.75,97981.45,100518.04,103420.74,100523.79,100534.15,100536.5,100533.38
1727.391130385,14734,100526.82,97989.51,100519.07,103418.56,100519.95,100538.15,100534.6,100533.38
1727.41169285,14735,100530.82,97994.57,100516.09,103426.56,100511.75,100542.16,100536.5,100541.39
1727.435468274,14736,100531.88,97990.54,100511.05,103418.56,100515.76,100550.18,100546.66,100533.38
1727.456067705,14737,100530.82,97995.6,100515.06,103418.56,100502.67,100542.16,100535.44,100536.35
1727.476895642,14738,100536.93,97999.63,100511.05,103425.47,100513.84,100550.18,100542.64,100533.38
1727.497441907,14739,100534.81,97999.63,100519.07,103422.56,100527.81,100536.04,100528.46,100535.32
1727.517886391,14740,100531.88,97989.51,100508.99,103420.74,100513.84,100534.15,100536.5,100536.35
1727.538537808,14741,100529.75,97998.6,100517.0,103422.56,100517.68,100542.16,100542.64,100541.39
1727.559040877,14742,100527.88,97998.6,100513.11,103426.56,100525.89,100541.11,100530.58,100518.4
1727.57965686,14743,100522.83,97993.54,100511.05,103422.56,100507.74,100546.17,100545.6,100524.34
1727.603444818,14744,100530.82,97989.51,100517.0,103426.56,100514.72,100541.11,100523.38,100539.45
1727.624041067,14745,100536.93,97991.57,100508.99,103426.56,100514.89,100533.09,100540.52,100535.32
1727.644588065,14746,100534.81,97998.6,100511.05,103431.65,100506.69,100543.22,100538.62,100531.32
1727.665259194,14747,100532.69,97981.45,100512.08,103422.56,100524.84,100537.1,100538.62,100534.41
1727.685767508,14748,100530.01,97990.54,100520.1,103418.56,100519.78,100538.15,100537.56,100531.32
1727.706375892,14749,100530.82,97993.54,100511.05,103426.56,100506.69,100533.09,100537.56,100533.38
1727.726965391,14750,100521.77,97991.57,100511.05,103417.47,100506.69,100548.07,100542.64,100523.31
1727.74759635,14751,100527.88,98003.66,100523.07,103432.74,100524.84,100533.09,100533.54,100525.37
1727.771324894,14752,100530.01,97997.57,100511.05,103422.56,100503.72,100544.27,100538.62,100535.44
1727.792021152,14753,100526.82,97999.63,100511.05,103426.56,100516.81,100534.15,100538.62,100523.31
1727.812591967,14754,100534.81,97989.51,100510.02,103428.38,100511.75,100535.2,100520.42,100532.35
1727.833164989,14755,100518.84,97999.63,100517.12,103424.74,100511.75,100528.03,100537.56,100530.41
1727.853770494,14756,100536.93,97995.6,100513.11,103422.56,100502.67,100540.05,100541.58,100536.35
1727.874389652,14757,100527.88,97995.6,100513.11,103430.56,100518.73,100541.11,100536.5,100528.35
1727.894996536,14758,100535.87,97997.57,100511.05,103426.56,100515.76,100539.21,100537.56,100528.35
1727.915632813,14759,100526.82,97996.63,100518.04,103436.74,100505.64,100530.14,100541.58,100536.35
1727.939340106,14760,100532.94,97995.6,100511.05,103422.56,100518.73,100533.09,100534.6,100534.41
1727.959902069,14761,100542.79,97993.54,100515.97,103423.65,100518.73,100536.04,100534.6,100525.37
1727.980562901,14762,100530.82,97995.6,100510.02,103432.74,100517.68,100538.15,100536.5,100532.35
1728.001117907,14763,100534.81,97999.63,100508.99,103423.65,100510.7,100542.16,100526.56,100531.44
1728.021717824,14764,100535.87,97998.6,100516.09,103426.56,100519.78,100538.15,100528.46,100521.37
1728.042319245,14765,100527.88,98007.69,100519.07,103427.65,100511.75,100542.16,100529.52,100525.37
1728.062960336,14766,100526.82,97999.63,100511.05,103416.74,100507.74,100547.23,100541.58,100526.41
1728.086664949,14767,100525.76,98005.63,100512.08,103425.83,100514.72,100547.23,100538.62,100531.32
1728.107267184,14768,100539.86,97994.57,100514.03,103439.65,100503.72,100534.15,100525.5,100531.32
1728.127855452,14769,100517.78,97997.57,100520.1,103428.38,100519.78,100532.04,100540.74,100542.42
1728.148488682,14770,100535.87,97989.51,100517.0,103422.56,100506.69,100534.15,100551.73,100535.44
1728.169082859,14771,100528.95,97997.57,100519.07,103418.56,100502.67,100536.04,100538.62,100538.42
1728.189721819,14772,100534.81,97993.54,100517.0,103419.65,100519.78,100534.15,100536.5,100537.38
1728.210334413,14773,100534.81,97986.51,100515.06,103427.65,100511.75,100542.16,100529.52,100532.35
1728.230859701,14774,100526.82,97991.57,100503.03,103427.65,100520.83,100534.15,100534.6,100530.41
1728.254669356,14775,100534.81,98002.63,100527.08,103432.74,100519.78,100532.04,100546.66,100533.38
1728.275222269,14776,100529.75,98003.66,100511.05,103431.65,100515.76,100540.05,100532.48,100531.44
1728.295847226,14777,100533.75,97993.54,100519.07,103424.74,100514.89,100548.28,100536.5,100529.38
1728.316458849,14778,100534.81,97999.63,100518.04,103431.65,100522.75,100550.18,100529.52,100533.38
1728.337045346,14779,100534.81,97991.57,100510.02,103428.38,100508.61,100540.26,100536.5,100529.25
1728.357614852,14780,100526.82,97995.6,100517.0,103430.56,100509.83,100541.11,100538.62,100527.44
1728.378239217,14781,100534.81,97998.6,100508.99,103424.38,100515.76,100544.27,100535.44,100541.39
1728.398823511,14782,100528.69,98007.69,100515.06,103414.56,100511.75,100546.17,100532.48,100533.38
1728.422612521,14783,100531.88,98002.63,100508.99,103430.56,100520.83,100542.16,100538.62,100524.34
1728.443274712,14784,100529.75,97995.6,100518.04,103434.56,100511.75,100542.16,100536.5,100523.31
1728.4638295,14785,100532.94,97997.57,100511.05,103423.29,100512.8,100543.22,100544.54,100537.38
1728.484456082,14786,100527.88,97997.57,100531.09,103422.56,100520.83,100539.21,100538.62,100533.38
1728.504982846,14787,100525.76,98002.63,100507.04,103426.56,100515.76,100535.2,100541.58,100535.32
1728.525596264,14788,100526.82,97998.6,100515.06,103426.56,100512.8,100535.2,100532.48,100533.38
1728.546198636,14789,100526.82,98003.66,100519.07,103431.28,100509.83,100538.15,100525.5,100533.38
1728.566791482,14790,100536.93,97990.54,100517.0,103430.56,100512.8,100542.16,100529.52,100533.38
1728.590555243,14791,100526.82,97997.57,100515.06,103421.47,100506.69,100533.09,100525.5,100529.38
1728.611199385,14792,100526.82,97998.6,100519.07,103434.56,100515.76,100541.11,100532.48,100541.39
1728.631742428,14793,100532.94,98002.63,100507.04,103430.56,100520.83,100542.16,100538.62,100528.35
1728.652371077,14794,100526.82,97999.63,100511.05,103427.65,100521.87,100554.19,100538.62,100533.38
1728.672933271,14795,100520.96,97991.57,100503.03,103430.56,100511.75,100542.16,100521.48,100531.32
1728.693594726,14796,100526.82,97993.54,100510.02,103434.56,100511.75,100544.06,100545.6,100525.37
1728.714145914,14797,100530.82,97993.54,100509.1,103411.29,100509.83,100544.06,100536.5,100533.38
1728.734811238,14798,100534.81,97988.48,100515.06,103429.47,100526.76,100538.15,100531.42,100533.38
1728.758531748,14799,100534.81,97988.48,100512.08,103418.56,100514.72,100533.09,100536.5,100539.32
1728.779127954,14800,100530.82,97992.51,100511.05,103430.56,100519.78,100538.15,100534.6,100537.38
1728.799736105,14801,100520.96,98001.6,100515.97,103425.47,100503.72,100546.17,100533.54,100540.36
1728.820371439,14802,100531.88,98005.63,100517.0,103422.56,100519.78,100534.15,100533.54,100542.42
1728.840961806,14803,100534.81,97999.63,100511.05,103430.56,100511.75,100542.16,100536.5,100525.37
1728.861606885,14804,100526.82,97983.42,100513.0,103430.56,100504.77,100538.15,100537.56,100528.35
1728.882125472,14805,100527.88,97999.54,100510.02,103433.47,100527.81,100535.2,100537.56,100533.38
1728.90280464,14806,100526.82,98001.6,100503.03,103422.56,100517.68,100541.11,100538.62,100529.38
1728.926527186,14807,100531.88,97994.57,100511.05,103430.56,100502.67,100539.21,100537.56,100533.38
1728.947158877,14808,100534.81,98001.6,100504.98,103438.56,100504.77,100537.1,100538.62,100533.38
1728.967696822,14809,100535.87,97991.48,100511.05,103424.38,100507.74,100534.15,100536.5,100524.34
1728.988311054,14810,100538.8,97999.63,100515.06,103434.56,100523.79,100525.07,100532.48,100524.34
1729.008914041,14811,100535.87,97989.51,100514.03,103430.56,100512.8,100534.15,100537.56,100534.29
1729.029510026,14812,100522.83,97989.51,100517.12,103422.56,100507.74,100543.22,100536.5,100534.41
1729.050092601,14813,100526.82,97989.51,100510.02,103430.56,100504.77,100539.21,100532.48,100535.44
1729.070772859,14814,100533.75,98013.69,100510.02,103426.2,100504.77,100538.15,100526.56,100525.37
1729.094461998,14815,100534.81,97989.51,100508.99,103429.47,100506.69,100541.11,100529.52,100526.41
1729.115043356,14816,100530.82,97997.57,100526.05,103430.56,100503.72,100533.09,100539.68,100542.42
1729.135682545,14817,100516.72,97997.57,100517.0,103438.56,100503.72,100542.16,100538.62,100525.37
1729.156303671,14818,100523.89,97996.54,100515.06,103430.56,100510.7,100535.2,100527.4,100533.38
1729.176811379,14819,100526.82,97997.57,100515.06,103430.56,100505.64,100543.22,100533.54,100534.41
1729.197393049,14820,100519.9,98005.63,100519.07,103426.56,100514.72,100550.18,100536.5,100525.37
1729.218035345,14821,100535.87,97997.57,100520.1,103434.56,100512.8,100537.1,100539.68,100526.41
1729.238650734,14822,100526.82,97993.54,100513.11,103431.65,100513.84,100536.26,100538.62,100533.38
1729.26284374,14823,100537.99,97995.51,100510.02,103432.38,100509.83,100537.1,100536.5,100532.35
1729.282916347,14824,100528.95,97997.57,100526.05,103430.56,100500.58,100534.15,100538.62,100523.31
1729.303531196,14825,100530.82,98011.72,100509.1,103437.46,100503.72,100536.26,100525.5,100531.32
1729.324224999,14826,100526.82,97998.6,100517.0,103432.38,100499.71,100541.11,100544.54,100543.33
1729.344803643,14827,100529.75,98005.63,100519.07,103428.38,100507.74,100540.05,100530.58,100535.44
1729.365335326,14828,100532.94,97999.63,100518.04,103429.47,100512.8,100536.26,100520.42,100533.38
1729.385931231,14829,100527.88,98009.66,100510.02,103439.65,100519.78,100534.15,100537.56,100539.32
1729.409689468,14830,100528.95,98006.66,100510.02,103430.56,100521.87,100537.1,100536.5,100525.37
1729.430308267,14831,100525.76,97995.6,100510.02,103436.74,100519.78,100542.16,100529.52,100534.41
1729.450960814,14832,100530.82,97989.51,100523.07,103426.56,100512.8,100534.15,100524.44,100532.35
1729.471569584,14833,100540.92,97994.57,100511.05,103430.56,100507.74,100541.11,100541.58,100533.26
1729.492162827,14834,100528.95,98002.63,100511.05,103430.56,100506.69,100544.27,100524.44,100540.36
1729.512796222,14835,100526.82,98005.63,100508.07,103430.56,100503.72,100539.21,100536.5,100524.34
1729.533327674,14836,100538.8,98000.57,100519.07,103421.47,100511.75,100542.16,100537.56,100519.31
1729.553976553,14837,100525.76,98006.66,100529.15,103430.56,100508.78,100540.05,100525.5,100527.31
1729.577738316,14838,100528.95,98005.63,100512.08,103426.56,100505.64,100543.22,100536.5,100530.29
1729.598273178,14839,100534.81,97995.6,100513.0,103430.56,100502.67,100546.17,100536.5,100525.37
1729.61888705,14840,100526.82,97998.6,100515.06,103431.28,100511.75,100534.15,100534.6,100521.37
1729.639500298,14841,100527.88,98002.63,100512.08,103432.38,100513.84,100542.16,100536.5,100518.4
1729.660124212,14842,100535.87,97993.54,100523.07,103436.37,100513.84,100539.21,100538.62,100529.38
1729.680698691,14843,100536.93,97999.63,100511.05,103441.46,100509.83,100537.1,100533.54,100529.38
1729.701278105,14844,100527.88,98006.66,100508.99,103430.56,100513.84,100530.14,100526.34,100532.35
1729.721913243,14845,100534.81,97998.6,100519.07,103428.38,100520.83,100543.22,100545.6,100533.38
1729.745660901,14846,100536.93,97999.63,100511.05,103423.29,100519.78,100528.03,100537.56,100528.35
1729.766178722,14847,100535.87,98008.72,100512.08,103436.37,100508.78,100534.15,100518.3,100543.45
1729.786801915,14848,100534.81,98009.66,100511.05,103430.56,100515.76,100550.18,100528.46,100534.41
1729.807405695,14849,100532.94,97997.57,100518.04,103430.56,100510.7,100538.15,100525.5,100533.38
1729.828044544,14850,100528.95,97996.54,100516.09,103430.56,100512.8,100543.22,100525.5,100526.41
1729.848660478,14851,100518.84,98006.66,100531.09,103429.47,100503.72,100540.26,100527.4,100531.32
1729.869244245,14852,100520.96,97999.63,100519.07,103434.56,100510.7,100540.05,100535.44,100533.38
1729.889826901,14853,100528.95,98006.66,100511.05,103434.56,100507.74,100542.16,100537.56,100531.44
1729.913631082,14854,100532.94,98006.66,100523.07,103429.47,100512.8,100535.2,100536.5,100533.38
1729.934264725,14855,100531.88,98005.63,100519.07,103434.56,100496.74,100544.27,100532.48,100533.38
1729.954847766,14856,100528.95,98002.63,100510.02,103430.56,100511.75,100534.15,100532.48,100534.41
1729.975389663,14857,100522.83,97999.63,100514.03,103435.65,100508.61,100540.26,100537.56,100524.34
1729.995955703,14858,100528.95,98010.69,100507.04,103432.74,100519.78,100534.15,100536.5,100527.31
1730.016608222,14859,100544.92,98007.69,100518.04,103432.38,100506.86,100546.17,100536.5,100524.34
1730.037195399,14860,100534.81,98001.6,100519.07,103427.29,100512.8,100536.26,100533.54,100534.41
1730.057807334,14861,100536.93,97998.6,100527.08,103425.47,100506.69,100534.15,100546.66,100543.45
1730.081580724,14862,100533.75,98010.69,100515.06,103430.56,100508.78,100532.04,100538.62,100534.41
1730.102132586,14863,100538.8,98010.69,100508.99,103429.47,100503.72,100550.18,100535.66,100526.41
1730.122709651,14864,100530.82,98006.66,100517.0,103430.56,100509.66,100534.15,100530.58,100541.39
1730.143360544,14865,100534.81,98002.63,100519.07,103433.47,100510.7,100525.07,100537.56,100524.34
1730.163918146,14866,100527.88,97989.51,100513.0,103430.56,100503.72,100528.24,100528.46,100537.38
1730.184531714,14867,100526.82,98005.63,100511.05,103434.56,100507.74,100538.15,100524.44,100533.38
1730.205137806,14868,100530.82,97995.6,100517.12,103434.56,100507.74,100526.13,100534.6,100525.37
1730.225757833,14869,100530.82,98015.75,100520.1,103434.56,100512.8,100537.1,100540.52,100532.35
1730.249468084,14870,100522.83,97998.6,100513.0,103433.47,100499.71,100534.15,100526.56,100540.36
1730.270135284,14871,100527.88,97999.63,100515.06,103429.47,100511.75,100542.16,100533.54,100523.31
1730.290719227,14872,100526.82,98001.6,100520.1,103429.47,100507.74,100543.22,100540.52,100524.34
1730.311302511,14873,100530.82,98002.63,100519.07,103430.56,100516.64,100542.16,100528.46,100525.37
1730.331882813,14874,100518.84,98006.66,100511.05,103430.56,100503.72,100533.09,100536.5,100523.43
1730.352528739,14875,100520.96,98023.81,100508.99,103435.28,100517.68,100540.26,100536.5,100516.34
1730.373075375,14876,100534.81,97997.57,100508.99,103434.56,100508.78,100538.15,100537.56,100533.38
1730.393643269,14877,100534.81,98011.72,100524.11,103430.56,100503.72,100541.11,100540.52,100528.35
1730.417466186,14878,100526.82,98009.66,100510.02,103444.37,100512.8,100542.16,100528.46,100537.38
1730.4380361,14879,100528.69,98007.69,100517.0,103432.38,100508.78,100535.2,100538.62,100537.38
1730.458715902,14880,100530.82,98005.63,100523.07,103430.56,100504.77,100536.26,100528.46,100534.41
1730.479232504,14881,100521.77,98007.69,100515.06,103440.37,100508.78,100518.11,100544.54,100529.38
1730.499790053,14882,100536.93,97997.57,100515.06,103430.56,100512.8,100543.22,100539.46,100535.44
1730.520474496,14883,100535.87,97993.54,100521.01,103429.47,100510.7,100538.15,100532.48,100529.38
1730.541046146,14884,100534.81,98011.72,100489.97,103430.56,100498.66,100548.28,100537.56,100526.41
1730.564822163,14885,100539.86,97997.57,100511.05,103434.56,100501.63,100532.04,100532.48,100545.39
1730.585415749,14886,100536.93,98008.72,100503.03,103430.56,100511.75,100543.22,100529.52,100534.41
1730.606059903,14887,100522.83,98005.63,100516.09,103429.47,100513.84,100534.15,100538.62,100526.41
1730.626660739,14888,100526.82,98015.75,100510.02,103428.38,100507.74,100537.1,100534.6,100534.41
1730.647189244,14889,100526.82,97999.54,100518.15,103429.47,100512.8,100534.15,100528.46,100529.38
1730.66782411,14890,100528.95,98000.57,100523.99,103436.37,100505.82,100535.2,100532.48,100541.39
1730.688423827,14891,100531.88,98011.72,100510.02,103430.56,100509.66,100542.16,100532.48,100532.35
1730.709020829,14892,100518.84,98003.66,100500.97,103434.56,100511.75,100534.15,100524.44,100537.38
1730.732728576,14893,100536.93,98011.72,100508.99,103432.38,100507.74,100534.15,100544.54,100535.44
1730.753367652,14894,100530.82,98005.63,100519.07,103429.47,100511.75,100533.09,100528.46,100532.35
1730.773984641,14895,100531.88,98008.72,100513.0,103429.47,100507.74,100546.17,100536.5,100531.32
1730.794524137,14896,100531.88,98011.72,100515.06,103430.56,100505.64,100537.1,100533.54,100533.38
1730.815146048,14897,100517.78,98005.63,100519.07,103429.47,100501.63,100546.17,100536.5,100531.32
1730.835718044,14898,100536.93,98011.72,100517.0,103433.47,100508.78,100537.1,100536.5,100519.31
1730.856393789,14899,100536.93,98006.66,100508.99,103436.37,100503.72,100537.1,100533.54,100529.38
1730.876956271,14900,100526.01,98009.66,100518.04,103442.55,100509.66,100538.15,100520.42,100525.37
1730.900720225,14901,100525.76,98011.72,100515.06,103438.56,100513.84,100532.04,100542.64,100528.35
1730.921257599,14902,100530.82,98010.69,100520.1,103430.56,100506.69,100538.15,100529.52,100523.31
1730.941954356,14903,100534.81,98009.66,100515.06,103430.56,100500.75,100543.22,100531.42,100531.32
1730.962553592,14904,100536.93,98013.69,100511.05,103434.56,100512.8,100543.22,100534.6,100531.32
1730.983100088,14905,100518.84,98011.72,100511.05,103438.56,100506.69,100538.15,100532.48,100524.22
1731.003722331,14906,100536.93,98009.66,100511.05,103435.28,100513.84,100553.35,100536.5,100533.38
1731.024328904,14907,100530.82,98007.69,100519.07,103446.55,100503.72,100534.15,100532.48,100533.38
1731.044925477,14908,100524.95,98007.69,100523.07,103437.46,100504.77,100534.15,100544.54,100531.32
1731.068700206,14909,100530.82,98009.66,100510.93,103437.46,100512.8,100542.16,100529.52,100532.35
1731.089248114,14910,100532.94,98007.6,100520.1,103433.47,100507.74,100542.16,100537.56,100534.41
1731.109863994,14911,100528.95,98014.72,100521.01,103430.56,100495.69,100535.2,100524.44,100523.31
1731.130461173,14912,100532.94,98010.69,100511.05,103430.56,100508.78,100533.09,100536.5,100528.35
1731.151170642,14913,100534.81,98014.72,100510.02,103446.55,100512.8,100532.25,100538.62,100531.32
1731.171652342,14914,100536.93,98013.69,100500.97,103434.56,100503.72,100538.15,100536.5,100533.38
1731.192302031,14915,100540.92,98017.72,100513.0,103434.19,100514.72,100530.14,100532.48,100531.32
1731.212838842,14916,100524.7,98005.63,100519.07,103428.38,100501.63,100541.11,100529.52,100526.28
1731.236619182,14917,100543.85,98009.66,100510.02,103430.56,100507.74,100536.04,100532.48,100536.35
1731.25721872,14918,100527.88,98007.69,100511.05,103430.56,100501.63,100542.16,100540.52,100531.32
1731.27795666,14919,100532.94,98011.72,100515.06,103437.46,100507.74,100535.2,100535.66,100525.37
1731.298696847,14920,100534.81,98002.63,100507.96,103430.56,100503.72,100540.26,100538.62,100525.37
1731.31918192,14921,100532.94,97998.6,100519.07,103434.56,100505.64,100542.16,100521.48,100534.41
1731.339674407,14922,100518.84,98002.63,100514.03,103434.56,100504.77,100534.15,100535.44,100525.37
1731.360319221,14923,100534.81,97998.6,100508.99,103430.56,100511.75,100537.1,100542.64,100533.38
1731.380838874,14924,100536.93,98015.75,100519.07,103442.55,100504.77,100537.1,100516.41,100527.44
1731.404632098,14925,100521.77,98007.69,100520.1,103438.56,100509.66,100547.23,100536.5,100536.35
1731.425277242,14926,100528.95,98007.69,100510.02,103436.37,100503.72,100542.16,100536.5,100537.38
1731.445782215,14927,100526.82,98009.66,100513.11,103432.38,100502.67,100544.27,100538.62,100530.41
1731.466380279,14928,100525.76,98006.66,100522.16,103438.56,100519.78,100539.21,100532.48,100534.41
1731.486955534,14929,100534.81,98005.63,100508.99,103428.38,100503.72,100540.26,100522.54,100531.32
1731.507529217,14930,100527.88,98000.66,100511.05,103433.47,100520.83,100538.15,100539.68,100545.39
1731.528157593,14931,100531.88,98002.63,100520.1,103430.56,100509.66,100542.16,100536.5,100525.37
1731.548777404,14932,100527.88,98006.66,100520.1,103434.56,100503.72,100536.04,100536.5,100523.31
1731.572547266,14933,100536.93,98007.69,100515.06,103430.56,100503.72,100542.16,100540.52,100535.44
1731.593150662,14934,100522.83,98013.69,100512.08,103434.56,100519.78,100544.27,100540.52,100534.41
1731.613737224,14935,100534.81,98014.72,100518.04,103442.55,100506.69,100537.1,100530.58,100525.37
1731.634408557,14936,100532.69,98009.66,100511.05,103438.56,100504.77,100536.26,100533.54,100531.32
1731.65497134,14937,100532.69,98010.69,100511.05,103445.46,100511.75,100537.1,100525.5,100532.35
1731.675565713,14938,100527.88,98017.72,100534.07,103430.19,100507.74,100534.15,100530.58,100539.45
1731.69608711,14939,100534.81,98021.75,100511.05,103438.56,100506.69,100538.15,100538.62,100540.36
1731.716726555,14940,100541.99,98013.69,100511.05,103428.38,100502.67,100525.07,100538.62,100541.39
1731.740485218,14941,100530.82,98015.75,100518.04,103445.46,100508.78,100552.29,100530.58,100532.35
1731.761073777,14942,100536.93,98004.6,100515.06,103437.46,100512.8,100534.15,100538.62,100521.25
1731.781675583,14943,100526.82,98007.69,100519.07,103446.55,100506.69,100555.24,100524.44,100533.38
1731.802324871,14944,100538.8,98015.75,100507.04,103438.56,100506.69,100540.05,100523.38,100524.34
1731.822847886,14945,100534.81,98006.66,100511.05,103458.55,100501.63,100534.15,100537.56,100537.38
1731.843462432,14946,100532.94,98009.76,100508.99,103438.56,100495.69,100545.12,100529.52,100526.41
1731.864101447,14947,100528.95,98029.81,100513.11,103445.46,100511.75,100538.15,100537.56,100533.38
1731.88784215,14948,100527.88,98009.66,100521.13,103444.37,100510.7,100539.21,100536.5,100530.41
1731.908468777,14949,100531.88,98023.81,100519.07,103434.19,100505.82,100538.15,100528.46,100541.39
1731.929064249,14950,100528.95,98029.81,100516.09,103442.55,100502.67,100542.16,100536.5,100529.38
1731.949683896,14951,100526.82,98014.72,100506.01,103428.38,100500.58,100536.04,100536.5,100535.44
1731.970257332,14952,100520.96,98005.63,100519.07,103441.46,100510.7,100534.15,100538.62,100528.35
1731.99084427,14953,100536.93,98014.72,100518.04,103435.28,100507.74,100534.15,100529.52,100534.41
1732.01142469,14954,100526.82,98021.75,100517.0,103445.46,100500.58,100534.15,100531.42,100534.41
1732.032040461,14955,100526.82,98023.81,100507.04,103433.47,100509.83,100534.15,100537.56,100516.34
1732.055786114,14956,100530.82,98005.63,100519.07,103446.55,100503.72,100538.15,100535.44,100525.37
1732.076401621,14957,100530.82,98007.69,100510.02,103456.37,100505.64,100528.03,100546.66,100526.41
1732.097000023,14958,100528.95,98006.66,100512.08,103445.46,100499.71,100533.09,100536.5,100525.37
1732.117600284,14959,100534.81,98021.75,100513.11,103426.2,100520.83,100552.29,100518.3,100527.44
1732.138190325,14960,100536.93,98015.75,100524.11,103442.55,100511.58,100535.2,100546.66,100535.44
1732.158775369,14961,100517.78,98017.72,100519.07,103444.37,100503.72,100541.11,100533.54,100533.38
1732.179355333,14962,100528.95,98014.72,100510.02,103436.37,100507.74,100534.15,100536.5,100522.4
1732.200041336,14963,100528.95,98013.69,100510.02,103437.46,100507.74,100541.11,100546.66,100523.31
1732.223767532,14964,100532.94,98001.6,100510.02,103446.55,100503.72,100534.15,100536.5,100531.32
1732.244401162,14965,100526.82,98021.75,100504.98,103439.65,100502.67,100541.11,100538.62,100515.31
1732.26498425,14966,100526.82,98015.75,100513.0,103442.19,100523.79,100539.21,100520.42,100531.32
1732.285615813,14967,100531.88,98005.63,100500.97,103442.55,100511.75,100542.16,100535.44,100531.32
1732.306146809,14968,100535.87,98012.66,100519.07,103433.47,100515.76,100542.16,100521.48,100531.32
1732.326747907,14969,100532.94,98015.75,100519.07,103434.56,100503.72,100538.15,100537.56,100534.41
1732.347348032,14970,100528.95,98013.69,100521.13,103426.2,100515.76,100534.36,100537.56,100534.41
1732.367933699,14971,100534.81,98005.63,100512.08,103464.37,100508.78,100541.11,100531.42,100530.41
1732.391689772,14972,100528.69,98021.75,100518.04,103450.55,100503.72,100541.11,100537.56,100538.42
1732.412328109,14973,100533.75,98011.63,100521.13,103436.37,100519.78,100538.15,100524.44,100527.44
1732.432932341,14974,100535.87,98025.78,100517.0,103434.19,100512.8,100539.21,100522.54,100525.37
1732.453459415,14975,100526.82,98025.78,100508.99,103434.19,100504.77,100533.09,100543.48,100533.38
1732.474222592,14976,100528.95,98013.69,100512.08,103442.55,100506.69,100543.22,100536.5,100540.48
1732.494735265,14977,100519.9,98013.69,100508.99,103452.37,100503.72,100546.17,100538.62,100533.38
1732.515418164,14978,100528.95,98013.69,100516.09,103444.37,100508.78,100540.26,100528.46,100533.38
1732.535919203,14979,100518.84,98019.78,100523.07,103435.28,100507.74,100538.15,100520.42,100525.37
1732.559659094,14980,100537.99,98013.69,100513.0,103427.29,100505.82,100530.14,100538.62,100535.44
1732.580310086,14981,100535.87,98021.75,100518.04,103433.47,100503.72,100544.06,100534.38,100515.31
1732.600892917,14982,100532.94,98014.72,100511.05,103433.47,100512.8,100534.15,100536.5,100531.32
1732.621493517,14983,100534.81,98005.63,100514.03,103458.19,100511.75,100542.16,100544.54,100525.37
1732.642091933,14984,100532.94,98025.78,100512.08,103426.2,100500.75,100533.09,100532.48,100525.37
1732.662689218,14985,100527.88,98045.93,100511.05,103436.37,100505.64,100538.15,100536.5,100534.41
1732.68321499,14986,100531.88,98092.33,100534.07,103441.46,100501.63,100538.15,100540.52,100529.38
1732.703903187,14987,100527.88,98006.66,100518.04,103445.46,100502.67,100542.16,100533.54,100535.44
1732.727610242,14988,100528.95,98017.72,100510.02,103445.46,100503.72,100533.09,100553.63,100533.38
1732.748248241,14989,100517.78,98009.66,100511.05,103458.19,100505.64,100548.28,100528.46,100521.37
1732.768874145,14990,100536.93,98019.78,100511.05,103434.56,100507.74,100534.15,100530.58,100533.38
1732.789464972,14991,100524.95,98022.78,100531.09,103432.38,100507.74,100535.2,100538.62,100527.31
1732.810060676,14992,100531.88,98005.63,100517.0,103427.29,100506.69,100541.11,100537.56,100520.34
1732.830633688,14993,100527.88,98021.75,100510.02,103446.55,100503.72,100535.2,100528.46,100534.41
1732.851242079,14994,100527.88,98005.63,100527.08,103446.19,100503.72,100534.15,100536.5,100534.41
1732.871839633,14995,100536.93,98005.63,100504.98,103444.37,100503.72,100535.2,100536.5,100535.44
1732.895642669,14996,100517.78,98034.87,100515.97,103462.18,100500.58,100540.05,100545.6,100540.36
1732.916288869,14997,100528.95,98166.84,100519.07,103478.55,100511.75,100544.27,100536.5,100531.32
1732.936767247,14998,100517.78,98079.21,100508.99,103484.36,100516.81,100534.15,100537.56,100545.39
1732.957388125,14999,100528.95,98151.75,100517.0,103476.36,100502.67,100546.17,100536.5,100521.37
1732.977965336,15000,100544.92,98080.24,100525.02,103477.45,100507.74,100539.21,100532.48,100537.38
1732.998563253,15001,100530.82,98110.41,100517.0,103462.55,100502.67,100544.27,100537.56,100535.44
1733.019125794,15002,100535.87,98091.3,100526.05,103469.46,100507.74,100544.27,100535.44,100545.39
1733.039751012,15003,100526.82,98099.36,100515.06,103470.55,100512.8,100536.04,100536.5,100537.38
1733.06353937,15004,100532.94,98102.35,100519.07,103476.36,100503.72,100542.16,100537.56,100531.32
1733.084132326,15005,100534.81,98106.38,100527.08,103476.36,100502.67,100535.2,100533.54,100533.38
1733.104712726,15006,100520.96,98114.44,100527.08,103477.45,100510.7,100543.22,100536.5,100527.44
1733.125353129,15007,100536.93,98118.47,100511.05,103482.54,100493.6,100542.16,100553.63,100540.36
1733.145929774,15008,100526.82,98129.53,100519.07,103480.36,100503.72,100531.19,100532.48,100522.4
1733.166571856,15009,100517.78,98272.66,100519.07,103531.26,100512.8,100542.16,100536.5,100539.45
1733.187094921,15010,100536.93,98358.33,100520.1,103571.25,100507.74,100542.16,100544.54,100533.38
1733.210864756,15011,100529.75,98366.39,100518.04,103566.52,100504.77,100539.21,100538.62,100535.44
1733.231506519,15012,100526.82,98352.23,100510.02,103561.43,100502.67,100543.22,100537.56,100526.41
1733.252096447,15013,100528.95,98345.2,100508.99,103555.25,100505.64,100540.05,100528.46,100534.41
1733.272704289,15014,100536.93,98362.36,100520.1,103557.43,100502.67,100535.2,100529.52,100525.37
1733.293302147,15015,100528.95,98362.36,100516.09,103559.25,100507.74,100529.08,100528.46,100533.38
1733.313821143,15016,100534.81,98354.3,100515.06,103569.43,100514.72,100542.16,100532.48,100534.41
1733.3344815,15017,100535.87,98360.29,100532.12,103570.52,100508.61,100542.16,100540.52,100522.4
1733.355077641,15018,100526.82,98344.17,100510.02,103561.43,100503.72,100545.12,100532.48,100522.4
1733.378832787,15019,100522.83,98344.17,100519.07,103558.53,100511.75,100542.16,100536.5,100533.38
1733.399383198,15020,100535.87,98355.33,100522.04,103544.35,100512.8,100544.27,100528.46,100522.4
1733.420057314,15021,100528.95,98360.29,100515.06,103584.34,100507.74,100535.2,100516.41,100533.38
1733.440631663,15022,100540.92,98735.12,100529.15,103718.49,100515.76,100542.16,100544.54,100541.39
1733.461322391,15023,100536.93,98829.91,100525.14,103750.11,100510.7,100541.11,100549.61,100531.32
1733.481860653,15024,100520.96,98796.62,100519.07,103741.39,100511.75,100546.17,100540.52,100528.35
1733.502456548,15025,100541.99,98808.72,100521.13,103746.49,100505.64,100544.27,100547.72,100535.44
1733.523056074,15026,100528.95,98809.75,100511.05,103722.12,100507.74,100538.15,100541.58,100526.41
1733.546857621,15027,100526.82,98795.58,100511.05,103729.4,100501.8,100534.15,100533.54,100527.44
1733.567464814,15028,100531.88,98788.56,100515.06,103724.3,100501.63,100550.18,100528.46,100529.38
1733.588037685,15029,100530.01,98773.48,100519.07,103715.21,100504.77,100545.12,100536.5,100533.38
1733.609063508,15030,100540.92,98781.54,100517.0,103718.49,100502.67,100535.2,100524.44,100525.37
1733.629191877,15031,100538.8,98768.41,100516.09,103714.12,100492.55,100542.16,100529.52,100535.44
1733.649766975,15032,100522.83,98751.25,100511.05,103714.12,100513.84,100534.15,100537.56,100534.41
1733.670330914,15033,100518.84,98764.38,100519.07,103717.4,100502.67,100536.04,100524.44,100521.37
1733.691054614,15034,100533.75,98804.68,100535.1,103733.4,100507.74,100547.23,100543.48,100525.37
1733.714786672,15035,100538.8,99226.89,100534.07,103949.36,100514.72,100552.29,100548.55,100541.39
1733.73539001,15036,100534.81,99553.41,100511.05,104140.24,100508.78,100542.16,100545.6,100533.38
1733.756029174,15037,100536.93,99537.28,100515.06,104100.24,100516.81,100550.18,100545.6,100533.38
1733.776621025,15038,100536.93,99496.97,100517.12,104086.44,100498.66,100533.09,100542.64,100531.32
1733.797193659,15039,100529.75,99491.0,100515.06,104074.44,100501.63,100532.25,100536.5,100537.38
1733.817821346,15040,100534.0,99467.71,100515.06,104060.25,100507.74,100532.25,100533.32,100529.38
1733.838330106,15041,100528.95,99472.78,100512.08,104061.34,100505.64,100543.22,100538.62,100531.32
1733.85896088,15042,100526.82,99466.81,100512.08,104058.44,100505.64,100534.15,100536.5,100533.38
1733.882669049,15043,100527.88,99466.81,100511.05,104046.44,100503.72,100544.27,100533.54,100539.45
1733.90334219,15044,100528.95,99462.78,100514.03,104056.25,100499.71,100529.08,100534.6,100529.38
1733.923903821,15045,100527.88,99447.7,100517.12,104053.34,100506.69,100548.28,100538.62,100524.34
1733.944508964,15046,100530.01,99451.73,100526.05,104058.44,100512.8,100549.13,100541.36,100536.35
1733.96518658,15047,100522.83,99603.88,100519.07,104092.24,100508.78,100543.22,100541.58,100533.38
1733.985719572,15048,100528.95,100199.51,100520.1,104412.91,100514.72,100535.2,100549.61,100529.38
1734.00638265,15049,100534.81,100384.98,100515.06,104537.31,100505.64,100552.29,100537.56,100533.38
1734.026950614,15050,100536.93,100319.41,100507.04,104466.01,100503.72,100538.15,100522.32,100533.38
1734.050726472,15051,100526.82,100312.4,100519.07,104459.11,100497.61,100536.04,100535.44,100523.31
1734.071218636,15052,100543.85,100274.01,100524.11,104445.31,100503.72,100544.27,100541.58,100533.38
1734.091867979,15053,100534.81,100264.02,100519.07,104440.21,100490.63,100544.27,100522.32,100525.37
1734.112505314,15054,100532.94,100262.97,100513.11,104440.21,100515.76,100537.1,100534.6,100532.35
1734.133047134,15055,100528.95,100264.02,100518.04,104441.31,100506.69,100538.15,100536.5,100531.32
1734.153636199,15056,100528.95,100248.77,100511.05,104437.31,100505.82,100532.25,100533.54,100533.38
1734.174245841,15057,100536.93,100243.86,100521.13,104414.01,100502.67,100530.14,100536.5,100525.37
1734.198103082,15058,100525.76,100240.88,100519.07,104413.31,100493.6,100542.16,100528.46,100531.32
1734.218604097,15059,100531.88,100230.71,100512.08,104403.11,100503.72,100542.16,100533.54,100533.38
1734.239285759,15060,100531.88,100401.11,100510.02,104484.21,100499.71,100536.26,100536.5,100531.32
1734.259837753,15061,100519.9,101175.31,100508.99,104842.0,100495.69,100546.17,100520.42,100521.37
1734.28043716,15062,100534.81,101460.57,100510.02,104901.32,100502.67,100539.21,100534.6,100524.34
1734.301051859,15063,100532.94,101343.62,100508.99,104848.21,100509.83,100530.14,100530.58,100520.34
1734.32160792,15064,100520.96,101327.49,100511.05,104838.0,100487.67,100534.15,100524.44,100535.44
1734.342248367,15065,100524.7,101303.3,100518.04,104817.31,100487.67,100539.21,100516.41,100532.35
1734.365993428,15066,100520.96,101287.17,100518.04,104794.0,100514.72,100534.15,100532.48,100533.38
1734.386608953,15067,100528.95,101272.1,100511.05,104792.21,100494.65,100537.1,100538.62,100533.38
1734.407271707,15068,100524.95,101254.9,100518.04,104771.1,100505.64,100541.11,100528.46,100536.35
1734.427720932,15069,100534.81,101257.03,100511.05,104763.1,100495.69,100543.22,100528.46,100532.35
1734.448556355,15070,100534.81,101231.77,100519.07,104764.21,100497.61,100535.2,100538.62,100527.44
1734.470330998,15071,100535.87,101226.68,100518.04,104756.21,100497.79,100540.26,100532.48,100533.38
1734.490031784,15072,100528.95,101216.7,100510.02,104758.0,100498.66,100541.11,100525.5,100534.41
1734.510145998,15073,100528.95,101230.71,100521.13,104790.41,100502.67,100536.26,100538.62,100534.41
1734.533909786,15074,100536.93,101208.64,100522.04,104805.31,100503.72,100534.15,100536.5,100531.32
1734.554550979,15075,100536.93,101199.51,100521.13,104836.21,100514.72,100539.21,100533.54,100539.32
1734.575138338,15076,100521.77,101208.64,100524.11,104876.21,100496.74,100533.09,100540.52,100533.38
1734.59575731,15077,100518.84,101202.48,100519.07,104940.21,100504.77,100543.22,100543.48,100525.37
1734.616354019,15078,100530.01,101215.64,100519.07,104989.32,100507.74,100544.27,100536.5,100533.38
1734.637003257,15079,100544.92,101253.84,100515.06,105018.01,100495.69,100537.1,100544.54,100541.39
1734.657502352,15080,100532.94,101283.13,100517.0,105076.22,100508.78,100535.2,100537.56,100533.38
1734.678115859,15081,100534.81,101281.22,100519.07,105109.33,100503.72,100539.21,100533.54,100543.45
1734.701867934,15082,100532.94,101288.23,100511.05,105138.02,100511.75,100536.26,100537.56,100533.38
1734.722488684,15083,100527.88,101319.43,100525.02,105170.02,100499.53,100542.16,100532.48,100536.48
1734.748356438,15084,100524.95,101327.49,100500.97,105194.02,100507.74,100541.11,100538.62,100533.38
1734.763854314,15085,100531.88,101327.49,100520.1,105236.24,100504.77,100538.15,100538.62,100533.38
1734.784484301,15086,100535.87,101357.85,100510.02,105282.03,100516.81,100535.2,100541.58,100529.38
1734.805151241,15087,100536.93,101390.11,100520.1,105346.04,100519.78,100542.16,100533.54,100533.38
1734.825710747,15088,100530.82,101442.54,100519.07,105410.05,100502.67,100543.22,100540.52,100525.37
1734.846505623,15089,100535.87,101472.67,100506.01,105450.05,100507.74,100546.17,100538.62,100524.34
1734.872059385,15090,100540.92,101513.0,100517.12,105504.28,100501.63,100542.16,100547.72,100533.38
1734.89056086,15091,100536.93,101547.39,100510.02,105530.07,100507.74,100534.15,100538.62,100536.35
1734.911147998,15092,100533.75,101584.76,100521.01,105570.07,100519.78,100542.16,100534.38,100541.39
1734.931767142,15093,100536.93,101628.06,100511.05,105578.07,100512.8,100536.26,100538.62,100533.38
1734.952494617,15094,100535.87,101660.32,100517.0,105594.08,100503.72,100538.15,100544.54,100531.32
1734.973134426,15095,100526.01,101700.65,100519.07,105619.19,100509.66,100541.11,100540.52,100539.32
1734.993730938,15096,100530.82,101729.72,100518.04,105638.09,100491.68,100540.26,100541.58,100524.34
1735.014489499,15097,100537.74,101767.08,100518.04,105678.09,100511.75,100535.2,100535.44,100524.34
1735.051135301,15098,100532.94,101847.74,100520.1,105730.11,100503.72,100543.22,100537.56,100533.38
1735.058364683,15099,100524.95,101886.18,100511.05,105771.23,100506.69,100542.16,100540.52,100531.32
1735.078976923,15100,100538.8,101964.71,100511.05,105828.35,100501.63,100542.16,100544.54,100535.44
1735.099649911,15101,100530.82,102013.11,100517.12,105873.02,100504.77,100537.1,100537.56,100536.35
1735.120294849,15102,100552.9,102087.84,100518.04,105927.92,100502.67,100545.33,100537.56,100531.32
1735.140891392,15103,100530.82,102174.44,100510.02,105960.39,100490.63,100545.12,100541.58,100540.36
1735.16147293,15104,100532.94,102221.77,100525.02,105954.16,100518.73,100536.04,100536.5,100540.36
1735.182073749,15105,100526.82,102265.32,100523.07,105984.4,100505.82,100538.15,100542.64,100540.36
1735.205826765,15106,100522.02,102313.72,100513.0,105994.17,100501.63,100528.24,100537.56,100524.34
1735.226409444,15107,100534.0,102382.29,100517.0,105967.28,100502.67,100543.22,100536.5,100523.31
1735.247024286,15108,100524.95,102446.83,100515.06,105974.17,100505.82,100542.16,100536.5,100535.44
1735.267662596,15109,100536.93,102501.16,100524.11,106045.53,100503.72,100546.17,100536.5,100543.45
1735.288135796,15110,100526.82,102585.87,100518.04,106090.2,100508.78,100543.22,100540.52,100532.35
1735.308749799,15111,100530.82,102664.66,100511.05,106150.22,100508.78,100539.21,100536.5,100541.39
1735.329324807,15112,100518.84,102757.44,100521.01,106202.23,100521.87,100531.19,100536.5,100541.39
1735.349946811,15113,100534.81,103412.86,100515.06,106436.55,100503.72,100522.12,100538.62,100535.44
1735.373767952,15114,100536.93,103797.24,100516.09,106595.5,100504.77,100533.09,100540.52,100529.38
1735.394362268,15115,100534.81,103733.77,100518.04,106513.23,100505.82,100544.27,100531.42,100536.35
1735.415000156,15116,100525.76,103766.04,100513.11,106509.7,100494.65,100533.09,100530.58,100533.38
1735.435522369,15117,100526.82,103775.98,100507.96,106502.34,100520.83,100538.15,100520.42,100529.38
1735.456242847,15118,100530.82,103821.45,100511.05,106514.35,100503.72,100543.22,100529.52,100527.44
1735.476725615,15119,100535.87,103892.99,100515.06,106545.24,100507.74,100543.22,100532.48,100542.42
1735.497350947,15120,100536.93,103943.58,100509.1,106562.37,100503.72,100533.09,100532.48,100534.41
1735.521147797,15121,100536.93,104015.12,100518.04,106618.39,100503.72,100539.21,100535.44,100518.4
1735.541693945,15122,100537.99,104080.77,100519.07,106654.4,100503.72,100545.33,100536.5,100531.32
1735.562268847,15123,100526.82,104179.47,100521.13,106697.3,100505.82,100539.21,100542.64,100532.35
1735.582919909,15124,100536.93,104223.86,100516.09,106733.8,100507.74,100534.15,100536.5,100536.35
1735.603506836,15125,100526.01,104290.27,100513.11,106769.33,100507.74,100542.16,100536.5,100534.41
1735.624083012,15126,100526.82,104339.03,100515.06,106769.33,100512.8,100542.16,100535.44,100534.41
1735.644721088,15127,100532.94,104401.41,100512.08,106786.46,100507.74,100532.04,100536.5,100533.38
1735.665202415,15128,100532.94,104433.69,100527.08,106802.47,100495.69,100539.21,100536.5,100535.32
1735.689001811,15129,100526.82,104498.25,100519.07,106834.48,100504.77,100542.16,100537.56,100524.34
1735.709668167,15130,100536.93,104541.55,100517.0,106873.38,100507.74,100535.2,100540.52,100534.41
1735.730265024,15131,100528.95,104578.96,100511.05,106940.29,100510.7,100534.15,100523.38,100527.31
1735.750868328,15132,100520.96,104619.32,100515.06,107006.57,100502.67,100542.16,100537.56,100535.32
1735.771458083,15133,100528.95,104772.67,100513.11,107098.62,100499.71,100534.15,100535.44,100534.41
1735.792040826,15134,100524.95,105840.02,100504.98,107867.09,100495.69,100528.24,100533.54,100534.41
1735.812573477,15135,100503.93,107590.38,100500.97,109423.91,100486.62,100525.07,100512.39,100523.43
1735.833159876,15136,100516.97,107711.52,100500.97,109366.11,100487.67,100527.18,100521.48,100527.44
1735.856985148,15137,100524.95,107590.38,100502.0,109188.22,100495.69,100526.13,100538.62,100518.28
1735.88361268,15138,100526.82,107580.51,100504.06,109120.16,100503.72,100538.15,100529.52,100529.5
1735.898166397,15139,100518.84,107598.46,100508.99,109088.12,100510.7,100532.25,100528.46,100533.38
1735.918808544,15140,100526.82,107622.68,100519.07,109060.1,100499.71,100540.26,100537.56,100531.44
1735.939393436,15141,100536.93,107653.87,100507.04,109070.39,100493.6,100534.15,100535.44,100532.35
1735.959958577,15142,100532.94,107687.29,100518.04,109070.39,100503.72,100548.07,100528.46,100531.44
1735.980605745,15143,100532.94,107749.66,100512.08,109072.11,100503.72,100532.25,100537.56,100533.38
1736.001218251,15144,100528.95,107796.32,100510.02,109074.97,100503.72,100540.26,100535.44,100526.41
1736.024950429,15145,100532.94,107848.82,100511.05,109076.11,100493.6,100542.16,100535.44,100527.31
1736.0455727,15146,100532.94,107877.09,100519.07,109068.1,100504.77,100542.16,100536.5,100523.31
1736.066117468,15147,100532.13,107930.71,100507.04,109060.1,100498.66,100544.27,100538.62,100533.38
1736.086753635,15148,100530.82,107953.82,100518.04,109050.94,100499.71,100532.25,100533.54,100542.42
1736.107467139,15149,100526.82,108003.41,100516.09,109052.09,100502.67,100536.26,100536.5,100545.39
1736.127890915,15150,100536.93,108063.98,100511.05,109064.1,100507.74,100534.15,100540.52,100532.35
1736.148458551,15151,100520.96,108115.36,100527.08,109084.12,100512.8,100542.16,100535.44,100527.31
1736.169154023,15152,100535.87,108170.77,100511.05,109096.13,100502.67,100540.05,100528.46,100541.39
1736.192898717,15153,100532.94,108283.2,100508.99,109172.21,100502.67,100534.15,100536.5,100532.35
1736.213429977,15154,100519.9,109507.11,100504.06,110636.78,100487.67,100529.08,100513.45,100513.37
1736.234014635,15155,100493.01,111316.17,100482.99,112552.96,100473.53,100511.99,100500.33,100505.36
1736.254676159,15156,100504.99,111310.97,100495.01,112234.05,100487.67,100513.05,100516.41,100509.36
1736.27530626,15157,100528.95,111283.84,100493.98,112072.12,100481.56,100526.13,100510.27,100529.38
1736.29692732,15158,100518.84,111278.64,100511.05,111991.99,100502.67,100534.15,100528.46,100527.44
1736.318637264,15159,100527.88,111300.0,100521.13,111919.87,100485.57,100532.25,100527.4,100526.41
1736.342921485,15160,100524.95,111328.29,100511.05,111870.61,100501.63,100538.15,100529.52,100529.38
1736.360839014,15161,100527.88,111339.26,100505.09,111832.89,100494.65,100534.15,100520.42,100529.38
1736.38169152,15162,100532.94,111394.68,100506.01,111799.67,100513.67,100537.1,100520.42,100530.41
1736.402055972,15163,100532.94,111452.42,100511.05,111783.64,100494.65,100538.15,100536.5,100527.44
1736.422643299,15164,100531.88,111496.88,100503.03,111759.6,100499.71,100542.16,100513.45,100526.41
1736.443292641,15165,100536.93,111556.34,100504.98,111762.44,100493.6,100532.04,100535.44,100534.41
1736.463803751,15166,100512.98,111611.2,100512.08,111738.4,100495.52,100526.13,100532.48,100542.42
1736.484517353,15167,100528.95,111646.42,100515.06,111727.55,100489.59,100534.15,100527.4,100529.38
1736.505002929,15168,100520.96,111711.08,100515.06,111682.81,100501.63,100538.15,100528.46,100534.41
1736.528822852,15169,100524.95,111754.38,100506.01,111685.15,100500.75,100536.26,100520.42,100537.38
1736.549406261,15170,100530.01,111800.01,100511.05,111685.15,100502.67,100534.15,100536.5,100538.42
1736.570025735,15171,100522.83,111840.42,100511.05,111670.79,100493.6,100530.14,100536.5,100541.39
1736.590554539,15172,100531.07,111897.01,100507.04,111667.45,100497.61,100536.26,100536.5,100537.38
1736.61116374,15173,100531.07,111968.6,100514.14,111663.45,100502.67,100534.15,100534.38,100530.41
1736.631732272,15174,100536.93,112027.52,100517.12,111665.12,100501.63,100543.22,100530.58,100525.37
1736.65242125,15175,100518.84,112082.94,100508.99,111679.47,100501.63,100538.15,100537.56,100542.42
1736.673007681,15176,100530.01,112155.7,100511.05,111706.35,100507.74,100540.26,100537.56,100521.37
1736.696739805,15177,100520.96,112237.71,100509.1,111716.03,100500.58,100535.2,100536.5,100542.42
1736.717640431,15178,100520.96,112282.18,100507.04,111711.53,100491.68,100532.25,100513.45,100519.43
1736.738044217,15179,100504.99,112317.39,100485.97,111678.3,100481.56,100509.04,100507.31,100514.4
1736.758573955,15180,100504.99,112382.07,100495.01,111687.49,100484.52,100518.11,100512.39,100525.37
1736.779168263,15181,100522.02,112427.71,100512.08,111671.46,100491.51,100531.19,100516.41,100521.37
1736.799765998,15182,100520.96,112480.26,100499.02,111686.32,100494.65,100529.08,100512.39,100524.34
1736.820446187,15183,100518.84,112555.9,100502.0,111687.49,100503.72,100532.25,100535.44,100524.34
1736.844109857,15184,100534.81,112623.45,100502.0,111711.53,100501.63,100528.24,100525.5,100531.44
1736.86471403,15185,100517.78,112696.22,100504.06,111727.55,100493.6,100532.25,100532.48,100536.48
1736.885285474,15186,100507.92,112729.73,100485.97,111742.41,100479.64,100513.05,100500.33,100501.36
1736.905874019,15187,100516.97,112829.63,100503.03,111763.61,100482.6,100510.09,100503.29,100513.37
1736.926501015,15188,100520.96,112894.31,100493.98,111747.58,100486.62,100528.24,100520.42,100527.44
1736.947093641,15189,100528.95,112961.35,100497.99,111753.26,100499.71,100530.14,100512.39,100525.37
1736.967845801,15190,100512.98,113030.08,100513.11,111737.23,100498.66,100521.06,100521.48,100536.48
1736.988317335,15191,100526.82,113083.81,100503.03,111750.42,100495.69,100526.13,100520.42,100523.43
1737.01215361,15192,100518.84,113136.89,100507.04,111718.37,100489.59,100534.15,100520.42,100525.37
1737.032710373,15193,100518.84,113214.89,100504.06,111726.38,100502.67,100532.04,100520.42,100520.34
1737.053305776,15194,100528.95,113252.96,100515.06,111738.4,100495.69,100528.24,100526.56,100520.34
1737.073802963,15195,100517.78,113352.36,100508.99,111750.42,100495.69,100522.12,100520.42,100535.44
1737.094484721,15196,100524.95,113440.13,100515.06,111735.56,100485.57,100530.14,100534.6,100529.38
1737.11504684,15197,100522.02,113530.27,100501.08,111767.62,100500.58,100520.22,100521.48,100523.43
1737.135646772,15198,100490.89,115570.31,100473.02,114276.44,100455.38,100500.18,100493.35,100484.31
1737.15620178,15199,100451.22,118408.28,100430.88,117712.34,100423.44,100437.94,100444.07,100445.31
1737.180037368,15200,100469.06,118407.05,100446.91,117368.52,100425.36,100471.06,100464.16,100460.29
1737.20108989,15201,100470.93,118275.92,100469.01,117043.56,100453.46,100491.1,100488.27,100487.41
1737.221261332,15202,100486.9,118255.67,100460.88,116884.31,100463.58,100498.07,100498.43,100493.35
1737.241951445,15203,100495.94,118277.51,100495.01,116778.8,100473.53,100506.08,100497.37,100511.42
1737.262740122,15204,100493.01,118331.36,100482.99,116681.3,100469.51,100520.22,100496.31,100513.37
1737.28330327,15205,100498.07,118392.08,100497.08,116578.23,100478.59,100526.13,100496.31,100512.33
1737.3041081,15206,100590.7,116396.84,100568.2,115695.86,100501.63,100551.24,100649.02,100587.36
1737.326261764,15207,100590.7,112446.75,100573.12,114008.29,100565.85,100606.3,100602.92,100599.5
1737.347977509,15208,100550.78,110992.86,100545.18,114557.08,100521.7,100570.22,100552.57,100552.37
1737.368619913,15209,100554.77,111134.88,100535.1,114068.41,100525.71,100560.31,100548.55,100557.4
1737.389171933,15210,100545.98,110860.66,100532.12,114252.39,100509.66,100534.15,100539.46,100533.38
1737.40977728,15211,100528.95,110836.99,100515.06,114451.64,100511.75,100538.15,100532.48,100526.41
1737.430409316,15212,100520.96,111149.31,100517.12,114140.14,100485.57,100536.26,100516.41,100521.37
1737.451033519,15213,100502.87,112270.05,100478.98,115931.26,100461.49,100490.05,100488.27,100484.31
1737.471589477,15214,100415.04,115057.78,100408.88,121443.08,100383.3,100413.89,100408.96,100413.29
1737.492233493,15215,100429.13,115565.06,100406.82,121347.96,100393.25,100430.97,100432.01,100422.32
1737.515932162,15216,100427.01,115819.48,100438.89,121766.92,100404.24,100447.01,100441.11,100446.34
1737.536588016,15217,100477.04,115874.92,100471.99,120863.3,100446.48,100486.04,100473.26,100478.37
1737.557154448,15218,100453.9,115738.57,100452.98,120662.53,100442.46,100478.02,100468.18,100457.32
1737.577780558,15219,100478.91,114941.67,100452.98,120250.22,100433.39,100464.1,100464.16,100477.34
1737.59832262,15220,100470.93,115339.73,100484.94,121915.54,100470.56,100502.08,100502.23,100487.41
1737.618921413,15221,100556.89,114686.85,100535.1,120077.58,100510.7,100542.16,100535.44,100591.49
1737.639515383,15222,100487.96,114897.18,100474.97,119839.46,100456.43,100489.0,100484.26,100487.41
1737.660140832,15223,100485.84,114523.89,100474.97,119835.45,100454.5,100506.29,100490.17,100477.34
1737.683832351,15224,100493.01,114751.57,100475.89,119385.85,100458.52,100502.08,100487.21,100487.41
1737.704485719,15225,100486.9,114651.64,100477.95,119450.07,100457.47,100503.13,100487.21,100505.36
1737.725068514,15226,100498.88,114893.13,100487.0,119996.03,100479.64,100515.16,100503.29,100505.36
1737.745610966,15227,100431.0,118228.94,100399.84,119996.03,100384.17,100421.9,100410.86,100419.35
1737.766280144,15228,100360.2,120359.94,100336.73,119996.03,100319.07,100357.77,100353.54,100352.33
1737.786978768,15229,100369.25,119921.32,100357.69,119996.03,100330.95,100357.77,100373.64,100375.31
1737.807457577,15230,100388.96,119854.04,100374.76,119996.03,100356.08,100401.86,100390.77,100398.3
1737.828143421,15231,100423.02,119961.81,100413.81,119996.03,100396.22,100432.03,100415.94,100430.33
1737.851894957,15232,100433.13,119871.48,100426.87,119996.03,100405.29,100441.95,100433.91,100427.24
1737.872490857,15233,100438.99,119678.35,100422.86,119996.03,100413.32,100445.96,100440.05,100446.34
1737.89308783,15234,100449.1,119817.27,100447.94,119996.03,100423.44,100461.99,100460.14,100454.35
1737.913639306,15235,100469.06,119778.01,100450.92,119996.03,100426.41,100476.12,100464.16,100462.35
1737.934185349,15236,100477.04,119749.67,100460.88,119996.03,100448.4,100486.04,100480.24,100479.4
1737.954823561,15237,100473.05,119763.39,100470.96,119996.03,100454.5,100479.08,100480.24,100475.27
1737.97543922,15238,100482.91,119688.92,100473.02,119996.03,100459.57,100488.15,100482.36,100487.41
1737.999205369,15239,100518.84,118180.36,100519.07,124960.14,100501.63,100542.16,100527.4,100559.46
1738.019769388,15240,100700.63,113064.12,100692.48,117249.73,100662.2,100736.7,100701.27,100723.6
1738.040403379,15241,100830.26,107687.29,100832.79,108331.44,100816.84,100861.81,100851.86,100855.72
1738.061014322,15242,100902.13,103325.19,100889.95,103546.16,100893.12,100932.08,100913.21,100903.77
1738.081616649,15243,100916.24,100105.73,100894.86,102532.38,100888.05,100937.15,100926.33,100939.8
1738.10217921,15244,100850.23,99733.77,100848.82,104818.0,100830.8,100871.94,100864.98,100865.66
1738.122837515,15245,100818.28,98842.91,100812.74,104498.01,100793.62,100822.78,100827.75,100823.69
1738.143365881,15246,100774.36,98395.53,100759.59,104158.04,100750.51,100775.73,100770.65,100776.68
1738.164055459,15247,100729.64,97952.21,100719.5,103866.09,100712.47,100734.58,100728.34,100733.68
1738.187782436,15248,100703.56,97988.48,100686.4,103513.08,100672.32,100695.55,100705.29,100703.59
1738.208335743,15249,100680.67,97910.88,100664.41,103424.01,100647.19,100680.57,100681.18,100675.56
1738.228907278,15250,100636.75,97965.33,100630.28,103354.22,100622.05,100650.4,100639.93,100648.57
1738.249547923,15251,100621.58,98483.16,100611.27,103354.22,100603.03,100639.43,100631.89,100633.59
1738.270135591,15252,100603.74,98158.78,100599.24,103451.28,100578.95,100610.31,100607.78,100603.38
1738.290744913,15253,100582.72,98374.34,100582.17,103465.09,100565.85,100611.37,100592.76,100599.5
1738.311293311,15254,100572.86,98493.29,100569.23,103440.01,100562.89,100590.27,100586.84,100589.55
1738.33507224,15255,100562.76,98424.78,100560.18,103424.01,100549.8,100582.25,100574.79,100575.48
1738.355701577,15256,100556.89,98981.0,100551.14,103392.02,100541.77,100574.23,100577.75,100583.48
1738.376290729,15257,100556.89,98516.44,100543.12,103330.22,100538.8,100558.2,100572.67,100559.46
1738.396848906,15258,100560.89,98701.84,100547.13,103313.14,100533.74,100559.25,100552.57,100555.46
1738.417512212,15259,100552.9,98263.56,100550.1,103260.07,100527.63,100560.31,100564.63,100567.47
1738.438094357,15260,100555.83,97902.91,100537.16,103202.27,100517.68,100550.18,100560.61,100562.44
1738.45871294,15261,100550.78,97907.88,100541.17,103098.3,100526.76,100560.31,100552.57,100541.39
1738.479230456,15262,100540.92,97887.73,100545.18,103018.33,100520.65,100549.13,100556.59,100543.45
1738.503028745,15263,100544.92,97884.73,100537.16,102978.35,100535.84,100555.24,100543.48,100550.43
1738.523661622,15264,100532.94,97876.67,100535.1,102950.36,100528.68,100544.27,100551.51,100542.42
1738.544237809,15265,100540.92,97874.61,100521.13,102933.63,100521.7,100542.16,100539.46,100539.45
1738.564824151,15266,100539.05,97880.7,100521.13,102930.37,100515.76,100557.35,100540.52,100548.49
1738.585461885,15267,100540.92,97875.64,100523.07,102933.63,100514.72,100551.24,100545.6,100543.45
1738.606012569,15268,100536.93,97878.73,100519.07,102939.45,100527.81,100547.23,100540.52,100556.49
1738.632038984,15269,100534.81,97876.67,100519.07,102930.37,100511.75,100543.22,100536.5,100540.48
1738.65559571,15270,100530.82,97864.58,100529.03,102939.45,100511.75,100548.28,100539.46,100539.45
1738.671931592,15271,100536.93,97860.55,100516.09,102946.36,100499.53,100543.22,100540.52,100526.41
1738.692348115,15272,100539.86,97860.55,100515.06,102945.28,100521.7,100547.23,100536.5,100520.34
1738.712815635,15273,100534.81,97861.58,100509.1,102938.36,100523.79,100541.32,100529.52,100527.44
1738.733558915,15274,100537.74,97855.49,100528.11,102954.36,100509.66,100530.14,100536.5,100525.37
1738.753311607,15275,100540.92,97848.46,100511.05,102954.36,100513.67,100537.31,100528.46,100530.41
1738.775085285,15276,100535.87,97856.52,100519.07,102962.36,100508.78,100536.26,100536.5,100526.41
1738.794632894,15277,100536.93,97842.37,100523.07,102977.26,100517.68,100535.2,100535.44,100525.37
1738.815040567,15278,100537.99,97858.49,100521.13,103159.37,100517.68,100539.21,100539.46,100521.37
1738.83947615,15279,100534.81,97852.49,100523.07,102974.35,100509.66,100552.29,100545.6,100528.35
1738.870796472,15280,100526.82,97844.43,100510.02,102999.43,100511.75,100536.26,100535.44,100521.37
1738.880642238,15281,100526.82,97844.43,100526.05,103002.34,100514.72,100535.2,100537.56,100521.37
1738.900844582,15282,100526.82,97850.43,100515.06,103019.42,100514.72,100538.15,100545.6,100535.44
1738.921310504,15283,100528.95,97862.61,100523.07,103027.42,100511.75,100543.22,100541.58,100536.48
1738.941921862,15284,100528.95,97840.4,100510.02,103056.49,100510.7,100535.2,100533.54,100536.48
1738.962571377,15285,100544.92,97872.64,100536.13,103018.33,100519.78,100547.23,100554.69,100543.45
