t_pc,sample_idx,S0,S1,S2,S3,S4,S5,S6,S7
17003.474168373,6691,101005.1,99185.76,100994.07,103616.4,101037.6,101004.68,101004.93,101014.27
17003.498534721,6692,101000.3,99183.81,100991.1,103614.22,101032.53,101002.57,101014.04,101030.31
17003.518971777,6693,101001.1,99185.76,100983.08,103615.31,101044.59,100999.61,101010.02,101009.23
17003.539577138,6694,100995.24,99176.65,100994.07,103615.31,101028.51,101003.62,101006.0,101012.21
17003.560022997,6695,100995.24,99193.83,100990.06,103624.4,101038.65,101003.62,101015.1,101020.22
17003.580657051,6696,100995.24,99185.76,100989.03,103610.21,101033.58,101008.69,100997.95,101014.27
17003.601258495,6697,101001.1,99169.62,100989.03,103611.31,101028.51,101008.69,101008.95,101018.28
17003.62201177,6698,100997.11,99177.69,100999.12,103613.12,101034.63,101008.69,101004.93,101022.29
17003.642171476,6699,100991.24,99186.8,100989.03,103609.12,101036.55,100999.61,101003.04,101013.24
17003.666500848,6700,100992.3,99178.73,100991.1,103624.4,101036.55,101007.64,101006.0,101030.31
17003.687021901,6701,101004.3,99187.84,100989.03,103613.12,101028.51,101008.69,101006.0,101018.28
17003.707654393,6702,100996.3,99181.73,100995.11,103608.39,101037.6,101006.58,101006.0,101030.31
17003.72870066,6703,101003.23,99181.73,100990.06,103622.22,101029.56,101016.72,101007.06,101030.31
17003.748645381,6704,101005.36,99194.87,100990.06,103609.12,101030.61,100996.44,101006.0,101025.27
17003.769163951,6705,101003.23,99185.76,100998.08,103616.4,101036.55,101008.69,101014.04,101034.32
17003.789938236,6706,101003.23,99182.77,100991.1,103613.12,101038.65,101011.65,101001.98,101020.22
17003.810341001,6707,100996.3,99187.84,100989.03,103610.21,101034.63,101006.58,101006.0,101022.29
17003.835079181,6708,100997.11,99179.77,100995.11,103618.22,101030.61,101008.69,101004.93,101026.3
17003.855030312,6709,100995.24,99177.69,100994.07,103613.12,101039.7,101006.58,101012.98,101028.24
17003.875636975,6710,101002.17,99189.79,100993.04,103614.22,101046.69,101004.68,101003.87,101030.31
17003.895706144,6711,100998.17,99199.95,100993.04,103678.25,101034.63,100998.55,101004.93,101031.34
17003.917253139,6712,100989.11,99182.77,100989.03,103596.03,101030.61,101004.68,101006.0,101019.19
17003.937265442,6713,100995.24,99181.73,100989.03,103607.3,101028.51,101012.71,101006.0,101022.29
17003.95785569,6714,100995.24,99185.76,100989.03,103611.67,101030.61,101006.58,101008.12,101021.26
17003.978319817,6715,100993.11,99187.84,100989.03,103608.39,101041.62,101014.6,101010.02,101030.31
17004.002518071,6716,101003.23,99195.91,100991.1,103611.31,101032.53,101004.68,101015.1,101025.27
17004.022605998,6717,101000.3,99187.84,100995.11,103609.49,101028.51,101010.81,101001.98,101030.31
17004.043622721,6718,100989.11,99191.88,100999.12,103604.39,101038.65,100996.66,101007.06,101030.31
17004.063660653,6719,101005.36,99191.88,101003.13,103609.49,101036.55,101007.64,101010.02,101021.26
17004.084761223,6720,101005.36,99186.8,100990.06,103613.49,101040.57,101006.58,101006.0,101020.22
17004.104837513,6721,101007.23,99187.71,100994.07,103609.49,101027.46,101008.69,101007.06,101018.28
17004.125728025,6722,100995.24,99191.88,100989.03,103605.48,101039.7,101014.82,101006.0,101022.29
17004.146212362,6723,101009.36,99187.84,100986.05,103604.39,101036.55,101012.71,101001.98,101022.29
17004.172102024,6724,101000.3,99178.73,100991.1,103616.4,101055.78,101006.58,101011.08,101023.33
17004.190585976,6725,100999.23,99185.76,100999.12,103603.3,101033.58,101012.71,101008.95,101029.27
17004.211608167,6726,100994.17,99187.84,100982.04,103608.39,101038.65,101005.74,101015.1,101021.26
17004.231781615,6727,101004.3,99186.8,100990.06,103609.49,101036.55,101011.65,101006.0,101022.29
17004.252699668,6728,101004.3,99187.84,100991.1,103613.49,101032.53,101005.74,101006.0,101015.31
17004.272730329,6729,100996.3,99195.91,100999.12,103604.39,101028.51,101004.68,101008.12,101012.21
17004.293704968,6730,100994.17,99187.84,100990.06,103608.39,101037.6,101007.64,101014.04,101023.33
17004.313929042,6731,100999.23,99189.79,100991.1,103605.48,101034.63,101007.64,101004.93,101018.28
17004.337950689,6732,101007.23,99190.84,100995.11,103609.49,101040.57,101008.69,101010.02,101026.3
17004.358705265,6733,101012.29,99193.83,100989.03,103609.49,101036.55,100998.55,101006.0,101014.27
17004.379111214,6734,100996.3,99187.84,100990.06,103609.49,101034.63,101004.68,101018.06,101030.31
17004.399869285,6735,100996.3,99189.79,100986.05,103613.49,101034.63,101008.69,100995.83,101029.27
17004.422080645,6736,101009.36,99194.87,100993.17,103612.4,101031.66,101016.72,101012.15,101029.27
17004.440722005,6737,101004.3,99177.69,101000.15,103600.39,101034.63,101008.69,101017.0,101029.27
17004.461697966,6738,101000.3,99192.92,100991.1,103608.39,101042.67,101000.67,101010.02,101032.38
17004.485521753,6739,101004.3,99185.76,100978.03,103603.3,101046.69,101016.72,101010.02,101017.25
17004.505980522,6740,101007.23,99187.84,100985.02,103609.49,101030.61,100995.6,100997.95,101026.3
17004.526573254,6741,101000.3,99184.72,100991.1,103609.49,101046.69,101000.67,101006.0,101026.3
17004.54700419,6742,100998.17,99191.88,101003.13,103617.49,101033.58,101003.62,101010.02,101038.33
17004.567666667,6743,100993.11,99179.77,100978.03,103609.49,101032.53,101008.69,101006.0,101030.31
17004.588185857,6744,100999.23,99192.92,100992.13,103601.48,101034.63,101012.71,101008.12,101030.31
17004.61026746,6745,100999.23,99191.88,100990.06,103608.39,101040.57,101005.74,101006.0,101022.29
17004.629131507,6746,100990.17,99189.79,101005.07,103608.39,101036.55,101004.68,101006.0,101022.29
17004.653515603,6747,101004.3,99188.75,100994.07,103617.49,101036.55,101007.64,101004.93,101029.27
17004.673984627,6748,101004.3,99198.9,100983.08,103605.48,101034.63,101008.69,101006.0,101038.33
17004.694617489,6749,100995.24,99191.88,100993.04,103613.49,101034.63,101006.58,101015.1,101026.3
17004.715183259,6750,100999.23,99197.86,100983.08,103609.49,101038.65,101015.66,101010.02,101026.3
17004.735744573,6751,100995.24,99192.92,100998.08,103609.49,101032.53,101004.68,101010.02,101015.31
17004.756334911,6752,101003.23,99186.8,100991.1,103617.49,101037.6,101015.66,101010.02,101017.25
17004.776915814,6753,100985.11,99186.8,100991.1,103600.39,101030.61,101008.69,101007.06,101022.29
17004.797309946,6754,101004.3,99187.84,100981.01,103609.49,101036.55,101000.67,101008.12,101022.29
17004.821537834,6755,101003.23,99185.76,101003.13,103609.49,101038.65,101004.68,101001.98,101029.27
17004.842006117,6756,100995.24,99195.91,101003.13,103613.49,101036.55,101008.69,100997.95,101014.27
17004.862591738,6757,100996.3,99186.8,100995.11,103613.49,101036.55,101001.73,101008.12,101028.24
17004.883088484,6758,100991.24,99196.95,101000.15,103609.49,101036.73,101011.65,101004.93,101026.3
17004.903811473,6759,101002.17,99191.88,100992.13,103601.48,101024.49,101005.74,100999.02,101014.27
17004.924279405,6760,100987.24,99195.91,100992.13,103605.48,101037.6,100998.55,101014.04,101022.29
17004.945008974,6761,100998.17,99191.88,100991.1,103605.48,101033.58,101010.59,101007.06,101019.32
17004.965483627,6762,101000.3,99187.84,100991.1,103613.49,101044.59,101000.67,101008.95,101022.29
17004.989550862,6763,100997.36,99187.84,100986.05,103609.49,101032.53,101008.69,101015.93,101022.29
17005.010060748,6764,100987.24,99187.84,100992.13,103611.67,101036.55,101009.75,101003.87,101030.31
17005.030723466,6765,100991.24,99177.69,100991.1,103609.49,101030.61,101000.67,101008.95,101032.38
17005.051022703,6766,101000.3,99179.77,101001.19,103609.49,101031.66,101004.68,100996.89,101020.22
17005.071650938,6767,100995.24,99186.8,100992.13,103605.48,101048.61,101004.68,101000.91,101034.32
17005.09209166,6768,101007.23,99185.76,100984.11,103611.67,101036.55,101008.69,101011.08,101034.32
17005.112664621,6769,100995.24,99188.88,100999.12,103610.58,101027.46,101003.62,101006.0,101030.31
17005.133277783,6770,100994.17,99194.87,100994.07,103609.49,101030.61,101001.73,101007.06,101022.29
17005.15759004,6771,101004.3,99187.84,100994.07,103609.49,101030.61,101010.81,101004.93,101022.29
17005.177681643,6772,101004.3,99187.84,100995.11,103610.58,101037.6,101002.79,101004.93,101025.27
17005.198661891,6773,100999.23,99187.84,100991.1,103609.49,101029.56,101016.72,101006.0,101026.3
17005.219158587,6774,100995.24,99185.76,100987.09,103617.49,101027.46,101008.69,101007.06,101018.28
17005.239783978,6775,101000.3,99195.91,100991.1,103602.57,101038.65,101010.81,101010.02,101024.23
17005.260175615,6776,100995.24,99203.98,100994.07,103600.39,101040.57,101015.66,101006.0,101026.3
17005.280731331,6777,101004.3,99185.76,100987.09,103609.49,101038.65,101004.68,101007.06,101026.3
17005.301434299,6778,101001.36,99183.81,100991.1,103608.39,101030.61,100998.55,101016.17,101025.27
17005.325553954,6779,101000.3,99189.92,100991.1,103609.49,101028.51,101000.67,101006.0,101030.31
17005.345669984,6780,100996.3,99181.73,100993.17,103613.49,101034.63,101000.67,100992.87,101021.26
17005.366628479,6781,101004.3,99187.84,100991.1,103619.67,101036.55,101007.64,101008.95,101024.23
17005.386893184,6782,100994.17,99182.77,100996.14,103611.67,101036.55,101008.69,101006.0,101012.21
17005.407726489,6783,101000.3,99189.79,100986.05,103611.67,101037.6,101008.69,101006.0,101021.26
17005.428382797,6784,101000.3,99179.77,100991.1,103615.67,101037.6,101008.69,100997.95,101022.29
17005.448839923,6785,100999.23,99194.87,100991.1,103609.49,101046.69,101020.73,100997.95,101024.23
17005.469325713,6786,101000.3,99187.84,100991.1,103605.48,101037.6,101008.69,101008.12,101014.27
17005.49302385,6787,101006.42,99187.84,100991.1,103608.76,101027.46,101002.79,101001.98,101014.27
17005.513633888,6788,100991.24,99191.88,100993.04,103614.58,101036.55,101004.68,101004.93,101020.22
17005.534737492,6789,100997.36,99191.88,100991.1,103617.49,101032.53,101008.69,101006.0,101018.28
17005.554725248,6790,100999.23,99194.87,100992.13,103609.49,101039.7,101003.62,101006.0,101030.31
17005.575846439,6791,101004.3,99183.81,101000.15,103621.49,101038.65,101001.73,101006.0,101024.36
17005.595703207,6792,100995.24,99186.8,100991.1,103608.39,101037.6,101000.67,101006.0,101020.22
17005.616856897,6793,101000.3,99187.84,100987.09,103609.49,101034.63,101008.69,101014.04,101026.3
17005.640527833,6794,101005.36,99187.84,101001.19,103609.49,101037.6,101008.69,101006.0,101022.29
17005.660985521,6795,100993.11,99194.87,100983.08,103619.67,101036.55,101000.67,101006.0,101023.33
17005.681648428,6796,100999.23,99187.84,100991.1,103619.67,101037.6,101008.69,101010.02,101022.29
17005.702255962,6797,100997.36,99180.81,100987.09,103613.49,101036.55,101005.74,101011.08,101022.29
17005.722741882,6798,100995.24,99188.88,101000.15,103605.48,101034.63,101008.69,100999.02,101022.29
17005.743205929,6799,101001.36,99203.98,100997.18,103613.49,101028.51,101017.78,100990.98,101022.29
17005.76377844,6800,101000.3,99193.83,100993.17,103605.48,101045.64,101003.62,100991.81,101021.26
17005.784813059,6801,100995.24,99194.87,100991.1,103611.67,101037.6,101003.62,101001.98,101022.29
17005.808534993,6802,100997.36,99186.8,100993.17,103609.49,101031.66,101000.67,101006.0,101025.27
17005.829035545,6803,100995.24,99189.79,101000.15,103617.49,101030.61,101008.69,101008.12,101030.31
17005.849648407,6804,101009.36,99185.76,100999.12,103609.49,101042.67,101002.57,101011.91,101033.28
17005.870109148,6805,101010.16,99197.99,100991.1,103607.67,101032.71,101006.58,101000.08,101022.29
17005.890712496,6806,101008.29,99177.69,100999.12,103611.67,101040.75,101008.69,101004.93,101016.34
17005.913093121,6807,100996.3,99186.8,100990.06,103612.76,101038.65,100997.5,101001.98,101030.31
17005.93176658,6808,100995.24,99199.95,100995.11,103615.67,101038.65,101001.73,101007.06,101014.27
17005.952257448,6809,101004.3,99197.86,100991.1,103615.67,101036.55,101009.75,101014.04,101030.31
17005.976557405,6810,101008.29,99187.84,100995.11,103618.58,101038.65,101013.76,101007.89,101030.31
17005.997028142,6811,101001.36,99208.02,100992.13,103613.49,101038.65,101011.65,100995.0,101024.36
17006.017655616,6812,100999.23,99187.84,100999.12,103609.49,101047.74,100999.61,101016.17,101026.3
17006.038153183,6813,101004.3,99191.88,100999.12,103620.76,101036.55,101008.69,101015.1,101034.32
17006.058741949,6814,100990.17,99187.84,100992.13,103619.67,101038.65,101003.62,101014.04,101024.36
17006.079608054,6815,101003.23,99192.92,100992.13,103615.67,101034.63,101012.71,101006.0,101028.37
17006.099799769,6816,100993.11,99181.73,100992.13,103610.58,101032.53,100999.61,101006.0,101016.34
17006.121219531,6817,100998.17,99191.88,100988.12,103609.49,101043.72,101011.87,101011.08,101030.31
17006.144603113,6818,100995.24,99196.95,100991.1,103611.67,101036.55,100992.65,101000.91,101032.38
17006.165058677,6819,100995.24,99190.84,100990.06,103613.49,101046.69,100999.61,101001.98,101022.29
17006.185663236,6820,100999.23,99179.77,100991.1,103611.67,101035.68,101009.75,101001.98,101024.36
17006.206067052,6821,101000.3,99187.84,101002.09,103616.76,101024.49,101008.69,100995.83,101027.34
17006.226719133,6822,101003.23,99182.77,100982.04,103613.85,101034.63,101013.76,101006.0,101026.3
17006.247281789,6823,100999.23,99199.95,100995.11,103610.58,101036.55,101008.69,101001.98,101014.27
17006.267766006,6824,100991.24,99185.76,100999.12,103609.49,101038.65,101016.72,101006.0,101036.39
17006.288219006,6825,100996.3,99182.77,100986.05,103609.49,101028.51,101006.58,101001.98,101020.22
17006.312571053,6826,100999.23,99190.84,100983.08,103614.58,101038.65,101012.71,101007.06,101017.25
17006.333095811,6827,100996.3,99192.92,100997.18,103615.67,101043.72,101005.74,101010.02,101023.33
17006.353694472,6828,100996.3,99193.83,100991.1,103609.49,101033.58,101004.68,101006.0,101026.3
17006.374209636,6829,101004.3,99187.84,100993.17,103611.67,101038.65,101004.68,101001.98,101010.27
17006.394773283,6830,101004.3,99187.84,100991.1,103613.49,101029.56,101012.71,101006.0,101030.31
17006.41630196,6831,100992.3,99185.76,100991.1,103605.48,101039.7,101009.75,101003.04,101018.28
17006.435806977,6832,100990.17,99193.83,100991.1,103611.67,101040.57,101008.69,101011.08,101029.27
17006.456252395,6833,100999.23,99187.84,100991.1,103613.49,101042.67,101004.68,101006.0,101031.34
17006.48064976,6834,101003.23,99193.83,101001.19,103605.48,101038.65,101008.69,101006.0,101031.34
17006.501053246,6835,101005.36,99187.84,100992.13,103618.58,101038.65,101008.69,101004.93,101014.27
17006.521627359,6836,100996.3,99189.79,100986.05,103601.48,101038.65,101000.67,101006.0,101027.34
17006.542110625,6837,100987.24,99195.91,100995.11,103614.58,101038.65,101008.69,101008.12,101037.29
17006.563096871,6838,100997.36,99181.73,100999.12,103609.49,101030.61,101016.72,101000.91,101036.39
17006.583380966,6839,100991.24,99195.91,100987.09,103613.49,101038.65,101008.69,101010.02,101030.31
17006.603772683,6840,101000.3,99191.88,100991.1,103621.49,101030.61,101004.68,101006.0,101021.26
17006.624258113,6841,101004.3,99191.88,101001.19,103610.58,101036.55,101009.75,101008.95,101034.32
17006.648621085,6842,100999.23,99195.91,100987.09,103617.49,101032.53,101017.78,101006.0,101030.31
17006.668623584,6843,100991.24,99187.84,100999.12,103616.76,101032.53,100991.59,100997.95,101026.3
17006.689771826,6844,101000.3,99184.85,100999.12,103609.49,101035.68,101006.58,101006.0,101012.21
17006.709816548,6845,100996.3,99187.84,100999.12,103620.76,101034.63,101004.68,101008.12,101022.29
17006.730763375,6846,101008.29,99195.91,100991.1,103609.49,101034.63,101009.75,101003.04,101023.33
17006.751337759,6847,100995.24,99194.87,100988.12,103603.67,101033.58,101004.68,101014.04,101024.36
17006.771866764,6848,100987.24,99185.76,100987.09,103627.68,101030.61,101008.69,101006.0,101014.27
17006.792360756,6849,101002.17,99187.84,101001.19,103605.48,101039.7,101008.69,101006.0,101030.31
17006.816032274,6850,100995.24,99191.88,100991.1,103613.49,101038.65,100996.66,101003.87,101027.34
17006.836623643,6851,101005.36,99183.81,100982.04,103625.49,101040.75,100999.61,101011.08,101022.29
17006.857692905,6852,101003.23,99194.87,100996.14,103609.49,101030.61,101007.64,101011.08,101024.36
17006.877721694,6853,100996.3,99195.91,100991.1,103622.58,101030.61,101007.64,101014.04,101028.24
17006.898944137,6854,101003.23,99191.88,100997.18,103617.49,101038.65,101009.75,101004.93,101024.23
17006.919151386,6855,101000.3,99195.91,100985.02,103617.49,101038.65,101008.69,100999.02,101026.3
17006.94014241,6856,101003.23,99194.87,100987.09,103619.67,101029.56,101008.69,101006.0,101023.33
17006.963588596,6857,100996.3,99185.76,100992.13,103615.67,101042.67,101006.58,101011.08,101022.29
17006.984055888,6858,101002.17,99197.86,100995.11,103612.76,101043.72,101005.74,101007.89,101027.34
17007.004660748,6859,101007.23,99195.91,100992.13,103613.49,101034.63,101006.58,101006.0,101030.31
17007.025210384,6860,101004.3,99195.91,100990.06,103619.67,101036.73,101013.76,101007.06,101023.33
17007.045838959,6861,101006.17,99195.91,100995.11,103612.76,101030.61,101004.68,101010.02,101032.38
17007.066400754,6862,101001.36,99181.73,100984.11,103621.49,101030.61,101014.82,101001.98,101023.33
17007.086795326,6863,100995.24,99189.79,100995.11,103621.86,101038.65,101006.8,101006.0,101014.27
17007.107838719,6864,101002.43,99185.89,100993.17,103612.76,101028.51,101005.74,101011.08,101014.27
17007.131586872,6865,101005.36,99194.87,100995.11,103621.49,101039.7,101009.75,101012.15,101027.34
17007.152046993,6866,100995.24,99177.69,100987.09,103619.67,101038.65,101008.69,100997.95,101014.27
17007.172692464,6867,100997.36,99185.76,100990.06,103624.77,101042.67,101008.69,101014.04,101029.41
17007.19318236,6868,100993.11,99183.81,100987.09,103619.67,101038.65,101000.67,101007.06,101022.29
17007.213744255,6869,100997.11,99198.9,100987.09,103613.49,101030.61,101003.62,101007.06,101011.3
17007.236201055,6870,100995.24,99187.84,101008.17,103615.67,101036.55,101016.72,101007.89,101024.36
17007.254825811,6871,100995.24,99200.99,100991.1,103615.67,101035.68,101008.69,101004.93,101022.29
17007.275294484,6872,100988.3,99187.84,100994.07,103617.49,101034.63,101008.69,101003.04,101020.35
17007.299601783,6873,100996.3,99191.88,100991.1,103617.49,101038.65,101008.69,101008.12,101030.31
17007.320050837,6874,100995.24,99195.91,100995.11,103623.68,101038.65,101004.68,101001.98,101031.34
17007.34071683,6875,101012.29,99194.87,100991.1,103611.67,101039.7,101016.72,101007.06,101027.34
17007.361160145,6876,101002.43,99199.95,100995.11,103612.76,101038.65,101002.57,101010.02,101030.31
17007.381769542,6877,101003.23,99182.77,100989.03,103611.67,101033.58,101004.68,101001.98,101022.29
17007.402218125,6878,100989.37,99190.84,100991.1,103614.58,101036.55,101008.69,101003.87,101023.33
17007.422775303,6879,100995.24,99193.83,100991.1,103614.58,101040.75,101009.75,101004.93,101024.36
17007.443349286,6880,100998.17,99195.91,100994.07,103608.39,101038.65,101004.68,101012.15,101035.35
17007.467591937,6881,100992.3,99193.83,100993.17,103617.49,101036.55,101008.69,101004.93,101023.33
17007.488058909,6882,101001.36,99189.79,100991.1,103607.67,101026.59,101004.68,101011.08,101030.31
17007.508753383,6883,101003.23,99190.84,100995.11,103615.67,101043.72,101001.73,100995.0,101024.36
17007.529121736,6884,100991.24,99193.83,100991.1,103611.67,101034.63,101012.71,100999.02,101026.3
17007.549847519,6885,100995.24,99195.91,100991.1,103619.67,101031.66,101014.82,101006.0,101023.33
17007.570391656,6886,100999.23,99203.98,100999.12,103615.67,101028.51,101001.73,101007.06,101026.3
17007.591050568,6887,101006.42,99199.95,100983.08,103610.58,101042.67,101008.69,101014.04,101014.27
17007.611417237,6888,101007.23,99195.91,101001.19,103629.86,101036.55,101009.75,100997.95,101016.34
17007.635642482,6889,100990.17,99188.88,100989.16,103625.86,101030.61,101009.75,101010.02,101032.38
17007.656113399,6890,101004.3,99193.96,100987.09,103620.76,101038.65,101006.8,101010.02,101031.34
17007.67671869,6891,100997.36,99186.8,100990.06,103621.49,101030.61,101002.79,100999.02,101020.35
17007.697194635,6892,101000.3,99203.98,101000.15,103614.58,101043.72,101001.73,101006.0,101032.38
17007.717868308,6893,100996.3,99199.95,100997.18,103623.68,101034.63,101000.67,101001.98,101022.29
17007.738263491,6894,101003.23,99193.83,100983.08,103618.58,101044.59,101006.8,101010.02,101035.35
17007.758873038,6895,100997.36,99192.92,100989.16,103609.49,101036.73,101012.71,101000.08,101028.37
17007.779279958,6896,100992.3,99187.84,100991.1,103628.77,101030.61,101011.65,100996.89,101022.29
17007.803611264,6897,100999.23,99208.02,100991.1,103611.67,101030.61,101010.81,100999.02,101030.31
17007.824092737,6898,101009.36,99191.88,100982.04,103614.58,101022.57,101009.75,100997.95,101024.36
17007.845167978,6899,101001.36,99186.8,100991.1,103619.67,101033.58,101000.67,100993.93,101017.25
17007.865150316,6900,101003.23,99195.91,100992.13,103615.67,101030.61,101008.69,100997.95,101010.27
17007.885773263,6901,100996.3,99191.88,100987.09,103620.76,101038.65,101014.82,101006.0,101016.34
17007.906339495,6902,100996.3,99191.88,100991.1,103619.67,101025.54,101005.74,101019.12,101034.32
17007.926897905,6903,100996.3,99195.91,100991.1,103612.76,101030.61,101004.68,101007.06,101035.35
17007.947352517,6904,100997.36,99187.84,100991.1,103620.76,101034.63,101016.72,101001.98,101015.31
17007.971660287,6905,100999.23,99179.77,100991.1,103624.77,101036.55,101004.68,101004.1,101026.3
17007.991648183,6906,100995.24,99191.88,100993.17,103619.67,101029.56,101003.62,101006.0,101028.37
17008.01276719,6907,101000.3,99188.88,100993.17,103615.67,101034.63,101004.68,101016.17,101032.38
17008.033200872,6908,100996.3,99184.85,100988.12,103614.58,101039.7,101005.74,101001.98,101032.38
17008.053846683,6909,100997.36,99183.81,100994.07,103610.58,101038.65,101004.68,100995.83,101030.31
17008.07507791,6910,101005.36,99191.88,100995.11,103617.85,101032.53,101003.62,101004.1,101035.35
17008.094775127,6911,101006.42,99191.88,100996.14,103612.76,101033.58,101000.67,101006.0,101022.29
17008.115314398,6912,100996.3,99187.84,100987.09,103621.86,101041.62,101013.76,101003.04,101025.4
17008.139062852,6913,101009.36,99195.91,100992.13,103620.76,101038.65,101003.62,101000.91,101031.34
17008.159651527,6914,100996.3,99187.84,100996.14,103619.67,101039.7,101004.68,101014.04,101030.31
17008.180782813,6915,101003.23,99196.95,100991.1,103621.86,101039.7,100998.78,101006.0,101040.4
17008.200968619,6916,100995.24,99186.8,100991.1,103624.77,101021.52,101010.59,101006.0,101020.35
17008.221796786,6917,101003.23,99191.88,100996.14,103620.76,101037.6,101008.69,100997.95,101028.37
17008.241786897,6918,101001.36,99190.84,100991.1,103620.76,101038.65,101016.72,100999.02,101019.32
17008.262848036,6919,100995.24,99195.91,100991.1,103627.68,101037.6,101006.8,101006.0,101019.32
17008.286601618,6920,101005.36,99196.95,100993.17,103616.76,101038.65,101005.74,101008.12,101027.34
17008.3070757,6921,100997.36,99200.99,100991.1,103621.86,101035.68,101016.72,100997.95,101022.29
17008.327686308,6922,100995.24,99191.88,100993.17,103610.58,101031.66,101004.68,101003.04,101033.41
17008.348164236,6923,101000.3,99191.88,101001.19,103619.67,101038.65,101008.69,101007.06,101020.35
17008.369171685,6924,100995.24,99187.84,100991.1,103621.86,101040.57,101008.69,101001.98,101014.27
17008.38926403,6925,101004.3,99195.91,100989.03,103619.67,101040.57,100999.61,101006.0,101019.32
17008.409905755,6926,101005.36,99195.91,100983.08,103616.76,101030.61,101000.67,101006.0,101024.36
17008.430813052,6927,101000.3,99203.98,100985.15,103620.76,101038.65,101011.65,101011.08,101030.31
17008.454629889,6928,101004.3,99191.88,100987.09,103612.76,101034.63,101007.64,101000.08,101023.33
17008.47505682,6929,101000.3,99186.8,100991.1,103609.49,101031.66,101013.76,101001.98,101032.38
17008.495767109,6930,100997.11,99195.91,100991.1,103628.77,101036.55,101007.64,101005.17,101024.36
17008.516219819,6931,101004.3,99200.99,100983.08,103616.76,101038.65,101002.79,101016.17,101026.43
17008.536888365,6932,101005.36,99194.87,100995.11,103612.76,101037.6,101005.74,101012.15,101020.35
17008.557540436,6933,100999.23,99187.84,100991.1,103621.86,101039.7,101000.67,101004.1,101032.38
17008.578097704,6934,100989.37,99185.76,100999.12,103624.77,101032.53,101004.68,100997.95,101032.38
17008.598683305,6935,100995.24,99187.84,100991.1,103624.77,101040.75,101001.73,100999.02,101024.36
17008.622606012,6936,100999.23,99187.84,100991.1,103620.76,101020.47,101006.58,101007.06,101032.38
17008.643079163,6937,101000.3,99179.77,100998.08,103624.77,101038.65,101000.67,101006.0,101023.33
17008.663767369,6938,100997.36,99187.84,100993.17,103615.67,101038.65,101001.73,101007.06,101016.34
17008.684165576,6939,100995.24,99191.88,100988.12,103616.76,101035.68,101005.74,101008.12,101024.36
17008.704865339,6940,100989.37,99199.95,101001.19,103620.76,101043.72,101000.67,100993.93,101023.33
17008.725253521,6941,101005.36,99187.84,100991.1,103617.85,101038.65,101000.67,101008.12,101016.34
17008.745795005,6942,100989.37,99191.88,100996.14,103629.86,101038.65,101008.69,101004.1,101031.34
17008.766300285,6943,100995.24,99192.92,100995.11,103620.76,101042.67,101002.57,101008.12,101033.41
17008.790630157,6944,100997.36,99189.79,100993.17,103628.77,101046.69,101009.75,100999.02,101030.31
17008.812140677,6945,101003.23,99186.8,101001.19,103620.76,101039.7,101006.58,101008.12,101028.37
17008.831752505,6946,100997.36,99189.92,100992.13,103632.77,101034.63,101004.68,100996.06,101016.34
17008.852196702,6947,100987.24,99195.91,100994.07,103628.77,101043.72,101021.79,101008.12,101027.34
17008.872808582,6948,101001.36,99199.95,100999.12,103620.76,101038.65,101004.68,101004.1,101023.33
17008.893258878,6949,101006.42,99195.91,100987.09,103618.58,101039.7,100996.66,101000.08,101024.36
17008.913879522,6950,101003.23,99193.96,100991.1,103615.67,101030.61,101000.67,101006.0,101020.35
17008.934320544,6951,100997.36,99187.84,100990.06,103624.77,101038.65,101008.69,101008.12,101015.31
17008.958709787,6952,100990.17,99188.88,100997.18,103621.86,101035.68,100998.55,100999.02,101010.27
17008.979142747,6953,101003.23,99184.85,100991.1,103630.59,101038.65,101015.66,101011.08,101026.3
17008.9997694,6954,100999.23,99187.84,100991.1,103612.76,101028.51,101012.71,101006.0,101020.35
17009.020208168,6955,101001.36,99194.87,100990.06,103615.67,101046.69,101002.79,101007.06,101035.35
17009.04081449,6956,100995.24,99191.88,100993.17,103616.76,101040.75,101009.75,101011.08,101022.29
17009.061325117,6957,100995.24,99191.88,100975.06,103620.76,101032.53,101008.69,100993.93,101032.38
17009.081916046,6958,101000.3,99199.95,100987.09,103612.76,101038.65,101011.65,101008.12,101022.29
17009.102397269,6959,101000.3,99195.91,100993.17,103625.86,101038.65,101001.73,101000.08,101024.36
17009.126703105,6960,100996.3,99187.84,100985.15,103614.58,101029.56,101000.67,101004.1,101028.37
17009.147100361,6961,100997.36,99191.88,100985.15,103623.68,101037.6,101005.74,101010.02,101028.37
17009.167726764,6962,100988.3,99205.02,100991.1,103629.86,101036.73,101000.67,101007.06,101033.41
17009.188206675,6963,100997.36,99196.95,100987.09,103619.67,101038.65,101008.69,101001.98,101028.37
17009.20891426,6964,101006.42,99200.99,100991.1,103619.67,101038.65,101008.69,101006.0,101024.36
17009.229414582,6965,101000.3,99194.87,100987.09,103621.49,101040.57,100999.61,100999.02,101024.36
17009.249907572,6966,100987.24,99187.84,100995.11,103620.76,101026.59,101011.65,101010.02,101019.32
17009.270381975,6967,100989.37,99187.84,100993.17,103611.67,101033.58,101004.68,101008.12,101028.37
17009.294660199,6968,100997.36,99202.03,101000.15,103637.86,101039.7,101017.78,101008.12,101028.37
17009.314745043,6969,100999.49,99191.88,100995.11,103611.67,101034.63,101008.69,101004.1,101036.39
17009.335745301,6970,100996.3,99197.86,100996.14,103636.77,101035.68,101004.68,101011.08,101020.35
17009.356183699,6971,100999.23,99189.79,100991.1,103617.49,101038.65,101001.73,101004.1,101037.42
17009.376808569,6972,101002.17,99203.98,100983.08,103628.77,101034.63,100992.65,101015.1,101023.33
17009.39731491,6973,100997.36,99196.95,100983.08,103619.67,101034.63,101001.73,100997.95,101032.38
17009.417879348,6974,100997.36,99199.95,100983.08,103621.86,101034.63,101008.69,101004.1,101024.36
17009.441627973,6975,101005.36,99197.99,100991.1,103620.76,101038.65,101006.8,101014.04,101034.45
17009.462129015,6976,101001.36,99187.84,100984.11,103617.85,101038.65,100995.6,101011.08,101012.34
17009.482721526,6977,100996.3,99192.92,100990.06,103615.67,101038.65,101006.58,101008.12,101019.32
17009.503735275,6978,100988.3,99189.92,100995.11,103628.77,101035.5,101008.69,101007.06,101026.43
17009.523853288,6979,100997.36,99191.88,100989.16,103619.67,101036.73,101004.68,101006.0,101012.34
17009.544839144,6980,101000.3,99196.95,100991.1,103619.67,101030.61,101012.71,101024.21,101031.34
17009.564835283,6981,100996.3,99199.95,100980.1,103620.76,101036.73,101000.67,101004.1,101014.27
17009.585856943,6982,100995.24,99191.88,100993.17,103625.86,101035.68,101016.72,101000.08,101028.37
17009.609690897,6983,101005.36,99187.84,100979.07,103631.68,101036.55,101012.71,101001.98,101038.46
17009.630167232,6984,101005.36,99187.84,100991.1,103620.76,101028.51,101005.52,101006.0,101034.45
17009.650774976,6985,100997.36,99189.92,100993.17,103612.76,101034.63,101000.67,100999.02,101012.34
17009.671251632,6986,100995.24,99180.81,100990.19,103618.58,101030.61,101008.69,101008.12,101024.36
17009.691833958,6987,100991.24,99187.84,100992.13,103627.68,101032.71,101008.69,101012.15,101024.36
17009.712292597,6988,101001.36,99203.98,100993.17,103623.68,101038.65,101009.75,101012.15,101033.41
17009.733092962,6989,100997.36,99197.99,100991.1,103629.86,101041.62,101008.69,101007.06,101025.4
17009.753940449,6990,101005.36,99202.94,100988.12,103644.78,101038.65,101010.81,100999.02,101032.38
17009.777649944,6991,100996.3,99190.84,100989.16,103620.76,101038.65,101012.71,101007.06,101028.37
17009.798097856,6992,100991.24,99193.96,100992.13,103617.85,101033.58,101008.69,101001.15,101017.38
17009.818734664,6993,101004.3,99187.84,100993.17,103626.59,101036.55,101008.69,100998.19,101029.41
17009.839202978,6994,100989.37,99192.92,100989.16,103619.67,101038.65,100995.6,101000.08,101026.43
17009.8598364,6995,101003.23,99187.84,100999.12,103621.86,101047.74,100999.61,101008.12,101027.34
17009.880273917,6996,100991.5,99189.92,100993.17,103621.86,101030.61,101013.76,101009.19,101031.47
17009.903233809,6997,100997.36,99199.95,100995.11,103629.86,101034.63,101004.68,101008.12,101022.29
17009.921336805,6998,101001.36,99189.92,100997.18,103625.86,101039.7,101004.68,101008.12,101017.38
17009.945651986,6999,100999.23,99185.76,100991.1,103628.77,101030.61,101003.62,101009.19,101025.4
17009.966126378,7000,100993.37,99184.85,100995.11,103629.86,101030.61,101012.71,100999.02,101028.37
17009.986775375,7001,101001.36,99202.03,100993.17,103621.86,101037.6,101005.74,101016.17,101030.31
17010.007195555,7002,100997.36,99185.76,100995.11,103625.49,101038.65,101004.68,101010.25,101031.34
17010.028010243,7003,100996.3,99199.95,100993.17,103628.77,101047.74,101000.67,101007.06,101016.34
17010.048264232,7004,100996.3,99178.73,100987.09,103622.58,101031.66,101017.78,101011.08,101016.34
17010.069142805,7005,100989.37,99187.84,100985.15,103625.86,101031.66,101009.75,101004.1,101033.41
17010.089648545,7006,100993.37,99191.88,100991.1,103629.86,101045.64,101008.69,101006.23,101029.41
17010.113687128,7007,101001.36,99188.88,100993.17,103629.86,101037.6,101005.74,101011.08,101025.4
17010.134144324,7008,100995.24,99187.84,100990.19,103621.86,101030.61,101000.67,101015.1,101026.43
17010.154843677,7009,100999.23,99197.99,100999.12,103613.85,101037.6,101010.81,101018.29,101024.36
17010.175189355,7010,100989.37,99202.94,100997.18,103629.86,101038.65,101002.79,100993.1,101032.38
17010.195825172,7011,100999.23,99188.88,100986.18,103617.85,101036.55,101008.69,101012.15,101016.34
17010.216319565,7012,100998.43,99187.84,101001.19,103628.77,101026.59,101016.72,101008.12,101032.38
17010.236895771,7013,100995.24,99190.84,100992.13,103637.86,101025.54,101008.69,101009.19,101024.36
17010.257392307,7014,101005.36,99187.84,100983.08,103621.86,101031.66,101008.69,101010.25,101022.29
17010.281673476,7015,100998.43,99197.86,100995.11,103640.78,101038.65,101000.67,101004.1,101020.35
17010.302152736,7016,100997.36,99188.88,100996.14,103624.04,101042.67,101008.69,101002.21,101026.3
17010.322773039,7017,100990.43,99195.91,100995.11,103628.77,101037.6,101009.75,101005.17,101028.37
17010.343327964,7018,101006.42,99187.84,100992.13,103629.86,101038.65,101000.67,101007.06,101026.43
17010.363829667,7019,101004.3,99200.99,100987.09,103617.85,101038.65,101000.67,101011.08,101024.36
17010.384311231,7020,100990.43,99181.85,100989.16,103624.77,101038.65,101005.74,101001.15,101028.37
17010.404872284,7021,101001.36,99199.95,100985.15,103628.77,101034.63,101011.65,101001.15,101018.41
17010.425387459,7022,100992.3,99195.91,100992.13,103621.86,101039.7,101008.69,101000.08,101029.41
17010.449680346,7023,100997.36,99199.95,100992.13,103629.86,101034.63,101001.73,100993.1,101032.38
17010.469793963,7024,100999.49,99199.95,100996.14,103620.76,101034.63,101001.73,101002.21,101031.34
17010.49078093,7025,101002.43,99187.84,100990.06,103625.86,101042.67,101001.73,101000.08,101018.28
17010.511232208,7026,101006.42,99182.77,100991.1,103628.77,101041.62,101008.69,101012.15,101016.34
17010.532101718,7027,100989.37,99180.81,100997.05,103621.86,101035.68,101008.69,101004.1,101029.27
17010.552311831,7028,100994.43,99192.92,100975.06,103624.77,101038.65,101005.74,101005.17,101033.41
17010.572887987,7029,101005.36,99193.96,100992.13,103625.86,101034.63,101009.75,101009.19,101024.36
17010.593566008,7030,101006.42,99195.91,100989.16,103621.86,101045.64,101012.71,100996.06,101018.41
17010.617682468,7031,100995.49,99189.79,100989.16,103625.86,101030.61,101005.74,101003.04,101032.38
17010.637765238,7032,100997.36,99191.88,100992.13,103623.68,101030.61,101006.58,101005.17,101029.41
17010.658750754,7033,101001.36,99195.91,100991.1,103619.67,101039.7,101010.81,101000.08,101028.37
17010.679216894,7034,101004.3,99203.98,100988.12,103613.85,101021.52,101001.73,101012.15,101030.44
17010.699869306,7035,100997.36,99183.81,100994.2,103625.86,101040.75,101004.68,101013.21,101022.29
17010.720365421,7036,100997.36,99194.87,100983.08,103628.77,101034.63,101008.69,101008.12,101024.36
17010.741179467,7037,100990.43,99188.88,100993.17,103629.86,101035.5,101012.71,101009.19,101033.41
17010.764684283,7038,100989.37,99183.81,100996.14,103620.76,101039.7,101008.69,101009.19,101032.38
17010.785714876,7039,100994.43,99194.87,100987.09,103627.68,101038.65,101004.68,101018.29,101039.49
17010.805775663,7040,101003.49,99195.91,100995.11,103629.86,101040.75,101001.73,101001.15,101036.39
17010.826921271,7041,101005.36,99187.84,100992.13,103625.86,101038.65,101013.76,101000.08,101015.31
17010.84693714,7042,100997.36,99195.91,100987.09,103624.77,101034.63,101008.69,101005.17,101030.44
17010.867885279,7043,100997.36,99194.87,100989.16,103624.77,101030.61,101012.71,101002.21,101034.45
17010.887895099,7044,101001.36,99199.95,100988.12,103621.86,101034.63,101009.75,101008.12,101028.37
17010.908783918,7045,100997.36,99196.95,100999.25,103617.85,101038.65,101000.67,101000.08,101023.33
17010.932659043,7046,101005.36,99188.88,100993.17,103620.76,101038.65,101008.69,101012.15,101016.34
17010.953113836,7047,100997.36,99189.92,100985.15,103621.86,101046.69,101012.71,101004.1,101032.38
17010.973805077,7048,101002.43,99194.87,100996.14,103628.77,101030.61,101000.67,101013.21,101032.38
17010.994429366,7049,101005.36,99196.95,100987.09,103630.59,101028.51,101005.74,101005.17,101026.43
17011.014862607,7050,100991.5,99195.91,100993.17,103624.77,101034.63,101008.69,101010.25,101028.37
17011.035993602,7051,101001.36,99192.92,100992.13,103629.86,101034.63,101012.71,101009.19,101014.27
17011.055892674,7052,100998.43,99188.88,100989.16,103620.76,101029.56,101005.74,101001.15,101016.34
17011.076946733,7053,100998.43,99195.91,101001.19,103628.77,101047.74,101001.73,101012.15,101034.45
17011.100675638,7054,100989.37,99196.95,100991.1,103617.85,101031.66,101000.67,101014.27,101025.4
17011.12114941,7055,100997.36,99191.88,100999.12,103621.86,101041.62,101010.81,101002.21,101020.35
17011.141792066,7056,100989.37,99179.77,100999.12,103629.86,101029.56,101002.79,101002.21,101009.36
17011.162195111,7057,101005.36,99205.02,100997.18,103628.77,101034.63,101010.59,101009.19,101012.34
17011.182919301,7058,101007.49,99193.96,100990.19,103629.86,101022.57,101008.69,101016.17,101032.38
17011.203374214,7059,101005.36,99197.99,100993.17,103625.86,101038.65,101010.81,101013.21,101026.43
17011.223928398,7060,100997.36,99192.92,100992.13,103621.86,101038.65,101008.69,101010.25,101012.34
17011.244425805,7061,100997.36,99206.06,100993.17,103629.86,101032.71,101004.68,101014.27,101019.45
17011.268680414,7062,100994.43,99192.92,100999.12,103626.95,101040.75,101005.74,101000.08,101028.37
17011.289148347,7063,101005.36,99200.99,100991.1,103625.86,101030.61,100991.59,101010.25,101024.36
17011.309750172,7064,100987.24,99195.91,100982.04,103628.77,101032.71,101008.69,101009.19,101029.41
17011.330230854,7065,101006.42,99188.88,100983.08,103633.86,101031.66,101010.81,101011.32,101024.36
17011.350897137,7066,101001.36,99196.95,100991.1,103629.86,101031.66,101006.8,101012.15,101028.37
17011.37151703,7067,100996.3,99196.95,100991.1,103632.77,101030.61,101000.67,101011.32,101039.36
17011.392244205,7068,100993.37,99193.96,100995.11,103620.76,101039.7,101004.68,101002.21,101024.36
17011.412405073,7069,100997.36,99189.92,100987.09,103617.49,101034.63,101004.68,101002.21,101040.4
17011.436716548,7070,101001.36,99186.8,100989.16,103632.77,101043.72,101001.73,101004.1,101032.38
17011.457255408,7071,100990.43,99200.99,100983.08,103628.77,101032.71,101008.69,101010.25,101029.41
17011.477816882,7072,100996.3,99191.88,100983.08,103620.76,101038.65,101008.69,101000.08,101016.34
17011.49825526,7073,100998.43,99196.95,100993.17,103629.86,101049.66,101008.69,101006.23,101025.4
17011.518871568,7074,100997.36,99197.99,100993.17,103629.86,101038.65,101002.79,100997.12,101028.37
17011.539357247,7075,101005.36,99188.88,100984.11,103629.86,101036.73,101008.69,101008.36,101025.4
17011.559936869,7076,100997.36,99195.91,100992.13,103624.04,101036.73,101005.74,101000.08,101031.47
17011.580380405,7077,100992.3,99196.95,100983.08,103625.86,101038.65,101005.74,100992.04,101029.41
17011.60471854,7078,101001.36,99194.87,100993.17,103633.86,101031.66,101000.67,101022.32,101028.37
17011.625153012,7079,100997.36,99192.92,100980.1,103620.76,101031.66,101001.73,101018.29,101018.41
17011.645753416,7080,100997.36,99195.91,100991.1,103617.85,101039.7,101010.81,101010.02,101032.38
17011.666281139,7081,101001.36,99187.84,100990.06,103616.76,101038.65,101000.67,101010.25,101016.34
17011.686886309,7082,101005.36,99192.92,101001.19,103629.86,101030.61,101009.75,101010.25,101006.26
17011.707340301,7083,101005.36,99189.92,100992.13,103616.76,101035.68,101016.72,101006.23,101024.36
17011.727948566,7084,100997.36,99191.88,100988.12,103629.86,101048.79,101000.67,101010.25,101020.35
17011.74878086,7085,101009.36,99193.83,100989.16,103624.77,101038.65,101001.73,101002.21,101015.31
17011.772788465,7086,100995.24,99191.88,101005.2,103619.67,101039.7,101005.74,101010.25,101026.43
17011.79317838,7087,100997.36,99197.99,100992.13,103628.77,101046.69,101006.8,101004.1,101020.35
17011.813774988,7088,101005.36,99189.92,100986.05,103633.86,101038.65,101013.76,101001.15,101022.42
17011.83426226,7089,101001.36,99187.84,100999.12,103621.86,101034.63,101010.81,101001.15,101024.36
17011.854901081,7090,100998.43,99196.95,100987.09,103628.77,101037.6,101017.78,101010.25,101021.39
17011.875383025,7091,101001.36,99195.91,100997.18,103627.68,101038.65,101008.69,101000.08,101032.38
17011.896003087,7092,100992.3,99195.91,100987.09,103629.86,101039.7,101002.79,101010.25,101014.4
17011.916676852,7093,100997.36,99188.88,100991.1,103629.86,101036.73,101010.81,101009.19,101026.43
17011.940730367,7094,100997.36,99195.0,100984.11,103621.86,101032.71,101001.73,100998.19,101024.36
17011.960792406,7095,101005.36,99195.91,100984.11,103616.76,101038.65,101008.69,101003.27,101030.44
17011.981779614,7096,100997.36,99194.87,101000.15,103613.85,101032.71,101001.73,101005.17,101028.37
17012.00222971,7097,101001.36,99180.81,100987.09,103628.77,101038.65,101007.64,101008.12,101032.51
17012.023513817,7098,101001.36,99187.84,100993.17,103630.95,101034.63,101012.71,100997.12,101030.44
17012.043634765,7099,101001.36,99197.99,100984.11,103628.77,101039.7,101008.69,101006.23,101026.43
17012.063940242,7100,101000.3,99195.91,101001.19,103628.77,101038.65,101013.76,101002.21,101017.38
17012.08769125,7101,101005.36,99195.91,100993.17,103629.86,101037.6,101009.75,100997.12,101022.42
17012.108161065,7102,100999.49,99195.91,100981.14,103629.86,101034.63,101005.74,101010.25,101021.39
17012.128776902,7103,101001.36,99197.86,100992.13,103625.86,101039.7,101008.69,101003.27,101035.48
17012.14985711,7104,100989.37,99186.8,100993.17,103625.86,101038.65,100998.55,101005.17,101026.43
17012.169921282,7105,100989.37,99195.91,100991.1,103629.86,101038.65,101008.69,101013.21,101019.32
17012.190915501,7106,100998.43,99192.92,100991.1,103613.85,101031.66,101013.76,101012.15,101037.42
17012.210927424,7107,100996.3,99177.69,100988.12,103633.86,101031.66,101009.75,101005.17,101016.34
17012.232324903,7108,100992.3,99199.95,100991.1,103632.77,101038.65,101000.67,101008.12,101021.39
17012.255729777,7109,101004.3,99191.88,100993.17,103628.77,101024.67,101001.73,101000.08,101033.41
17012.276179042,7110,100990.43,99191.88,100996.14,103629.86,101039.7,101008.69,101011.32,101019.32
17012.296788549,7111,100997.36,99205.02,101004.16,103629.86,101038.65,101004.68,101006.23,101038.46
17012.317207608,7112,100992.3,99188.88,101000.15,103629.86,101029.56,101011.65,101007.29,101021.39
17012.337895573,7113,100997.36,99194.87,100993.17,103629.86,101035.68,101003.62,101014.27,101014.4
17012.3589876,7114,101004.3,99191.88,100995.11,103624.04,101039.7,101000.67,101012.15,101027.47
17012.37922935,7115,100997.36,99195.91,100982.04,103632.04,101034.63,101018.83,101006.23,101028.37
17012.400011398,7116,101005.36,99202.03,100990.06,103629.86,101034.63,101013.76,101009.19,101024.36
17012.423729396,7117,100984.31,99199.95,100991.1,103632.77,101030.61,101000.67,101009.19,101023.33
17012.44418465,7118,101005.36,99189.92,100991.1,103621.86,101028.51,101005.74,101002.21,101024.36
17012.46480318,7119,101006.42,99189.92,100991.1,103632.04,101051.76,101017.78,101002.21,101034.45
17012.485324404,7120,100992.3,99191.88,100995.11,103627.68,101036.55,101013.76,101009.19,101031.34
17012.505934331,7121,100992.3,99187.84,100991.1,103625.86,101042.67,101009.75,101009.19,101019.45
17012.526284235,7122,101001.36,99187.84,100990.06,103629.86,101036.55,101006.8,101010.25,101027.47
17012.547089989,7123,101003.23,99195.91,100982.04,103645.87,101040.75,101012.71,101002.21,101017.38
17012.567422848,7124,101001.36,99190.84,100991.1,103629.86,101035.68,101012.71,101002.21,101030.44
17012.591747873,7125,100989.37,99195.91,100994.2,103630.95,101038.65,101016.72,101005.17,101026.43
17012.612239822,7126,100997.36,99188.88,100991.1,103629.86,101027.64,101008.69,101010.25,101026.43
17012.632813665,7127,100992.3,99192.92,100987.09,103632.77,101030.61,101001.73,101001.15,101026.43
17012.653259405,7128,101001.36,99192.92,101001.19,103621.86,101039.7,101014.82,101009.19,101024.36
17012.674093862,7129,100989.37,99195.91,100997.18,103629.86,101030.61,101009.75,101001.15,101017.38
17012.69439373,7130,101004.3,99187.84,100992.13,103645.87,101030.61,101003.62,101002.21,101020.35
17012.714966532,7131,100998.43,99199.95,100992.13,103625.86,101030.61,101009.75,101001.15,101033.41
17012.735574807,7132,100996.3,99193.96,100988.12,103648.05,101037.6,101000.67,101006.23,101030.44
17012.75975305,7133,100993.37,99196.95,100992.13,103629.86,101034.63,101000.67,101018.29,101032.38
17012.78030475,7134,101005.36,99195.91,100992.13,103629.86,101039.7,101010.81,101015.34,101037.42
17012.800923891,7135,100998.43,99178.73,100992.13,103629.86,101035.68,100998.78,101022.32,101020.35
17012.821254226,7136,101004.3,99191.88,100993.17,103633.86,101035.68,101012.71,101001.15,101024.36
17012.841928411,7137,101000.3,99187.84,100989.03,103633.86,101039.7,101009.75,101006.23,101025.4
17012.862377595,7138,100997.36,99199.95,100993.17,103633.86,101040.75,101001.73,101009.19,101017.38
17012.882926761,7139,100998.43,99191.88,100996.14,103633.86,101035.68,101017.78,101009.19,101034.45
17012.903421785,7140,100995.49,99188.88,100992.13,103633.86,101041.8,100997.5,101009.19,101034.45
17012.927751307,7141,101001.36,99188.88,100993.17,103621.86,101032.71,101000.67,101009.19,101026.43
17012.948263427,7142,100987.24,99188.88,100991.1,103629.86,101035.68,101006.58,101008.12,101015.31
17012.968843139,7143,101000.3,99187.84,100984.11,103637.86,101031.66,101008.69,101010.25,101033.41
17012.989271582,7144,101002.43,99191.88,100993.17,103633.86,101034.63,101012.71,101006.23,101026.43
17013.009905736,7145,101009.36,99196.95,100993.17,103629.86,101032.71,101001.73,101009.19,101020.35
17013.030343944,7146,101001.36,99208.02,100991.1,103633.86,101034.63,101016.72,101010.25,101024.36
17013.050974392,7147,100995.24,99196.95,100989.16,103629.86,101039.7,101013.76,101011.32,101030.44
17013.071454384,7148,101000.3,99195.91,100989.16,103621.86,101040.75,100996.66,101006.23,101025.4
17013.095759209,7149,101006.42,99200.99,100996.14,103629.86,101031.66,101008.69,101009.19,101033.41
17013.116258299,7150,100996.3,99202.03,100983.08,103644.78,101034.63,101000.67,101010.25,101017.38
17013.136857931,7151,100996.3,99192.92,100987.09,103628.77,101030.61,101008.69,101014.27,101024.36
17013.157360185,7152,100989.37,99192.92,100985.15,103632.04,101031.66,101001.73,101002.21,101020.35
17013.177934108,7153,100998.43,99199.95,100993.17,103629.86,101040.75,101005.74,101002.21,101025.4
17013.198456934,7154,100998.43,99183.81,101004.16,103636.05,101034.63,101002.79,100998.19,101026.43
17013.218941772,7155,101002.43,99191.88,100997.18,103625.86,101032.71,101005.74,101019.36,101016.34
17013.243044262,7156,101014.42,99197.99,100987.09,103633.86,101034.63,101012.71,101020.42,101033.41
17013.263797065,7157,101001.36,99190.84,100991.1,103629.86,101029.56,101004.68,101006.23,101027.47
17013.283897372,7158,100996.3,99197.99,100985.15,103629.86,101035.68,101004.68,101001.15,101036.52
17013.304833073,7159,100994.43,99195.91,100991.1,103622.95,101029.56,100999.61,101009.19,101014.4
17013.325276609,7160,100996.3,99198.9,100996.14,103621.86,101031.66,101012.93,101012.38,101037.42
17013.345969301,7161,100993.37,99191.88,100991.1,103629.86,101030.61,101006.8,101006.23,101026.43
17013.366387729,7162,101003.23,99195.91,100993.17,103637.86,101038.65,101013.76,101010.25,101031.34
17013.386947311,7163,100997.36,99184.85,100992.13,103636.05,101034.63,101007.64,101006.23,101024.36
17013.410776957,7164,101005.36,99205.02,100987.09,103629.86,101034.63,100996.66,101002.21,101023.33
17013.431756533,7165,100997.36,99199.95,100993.17,103636.77,101034.63,101013.76,101002.21,101019.32
17013.451857151,7166,100988.3,99187.84,101000.15,103633.86,101040.75,101004.68,101010.25,101033.41
17013.47288494,7167,101005.36,99199.04,100989.16,103629.86,101030.61,101001.73,100998.19,101031.47
17013.492937335,7168,100992.3,99200.99,100991.1,103637.86,101046.69,101006.8,101010.25,101026.43
17013.513888268,7169,100995.49,99189.92,100993.17,103632.04,101039.7,101006.8,101014.27,101034.45
17013.533964108,7170,101005.36,99195.91,100989.16,103630.95,101034.63,100995.6,101006.23,101029.41
17013.555003645,7171,100997.36,99187.84,100989.16,103629.86,101030.61,101012.71,101002.21,101026.43
17013.578745579,7172,100992.3,99195.91,100995.11,103636.05,101039.7,101002.79,101001.15,101014.4
17013.599234384,7173,100989.37,99196.95,100996.14,103633.86,101034.63,100997.72,101002.21,101028.5
17013.619816639,7174,101005.36,99188.88,100992.13,103645.87,101038.65,101010.81,101001.15,101030.44
17013.640357282,7175,101006.42,99183.81,100987.09,103630.95,101030.61,101009.75,101010.25,101020.35
17013.66091422,7176,100988.3,99196.95,100991.1,103629.86,101030.61,101004.68,100996.06,101016.34
17013.682372059,7177,101001.36,99191.88,100983.08,103625.86,101039.7,101014.82,101002.21,101033.41
17013.702049066,7178,100997.36,99195.91,100983.08,103633.86,101032.71,101002.79,101003.27,101015.44
17013.723067982,7179,101001.36,99206.06,100997.18,103634.95,101038.65,101000.67,101012.15,101015.31
17013.746767682,7180,100989.37,99187.84,100985.15,103629.86,101036.73,101010.81,101002.21,101030.44
17013.767209155,7181,100997.36,99186.8,100996.14,103633.86,101038.65,101005.74,101009.19,101026.43
17013.787827826,7182,100989.37,99203.98,100997.18,103632.04,101038.65,101008.92,101010.25,101020.35
17013.808452385,7183,101001.36,99188.88,101001.19,103632.04,101034.63,101005.74,101010.25,101024.36
17013.828955291,7184,101001.36,99187.84,100987.09,103632.04,101038.65,101007.64,101005.17,101016.34
17013.849509965,7185,101001.36,99187.84,100997.18,103637.86,101039.7,101005.74,101009.19,101017.38
17013.870146343,7186,100999.23,99191.88,100993.17,103632.04,101029.56,101006.8,101006.23,101025.4
17013.890534044,7187,100994.43,99199.95,100987.09,103627.68,101030.61,101016.72,101002.21,101025.4
17013.914761863,7188,100989.37,99206.06,100983.08,103634.95,101033.58,101016.72,101012.38,101024.36
17013.935191338,7189,100997.36,99184.85,100999.12,103630.95,101038.65,101000.67,101004.34,101014.4
17013.955891352,7190,100989.37,99187.84,100996.14,103621.86,101039.7,101008.69,101010.25,101027.47
17013.976319724,7191,100995.24,99191.88,100993.17,103632.04,101047.74,101009.75,101004.1,101027.47
17013.996993568,7192,101000.3,99196.95,100997.18,103617.85,101040.75,100999.61,101010.25,101025.4
17014.01747368,7193,101001.36,99205.02,100989.16,103637.14,101031.66,101010.81,101002.21,101025.4
17014.037969455,7194,101005.36,99187.84,100997.18,103629.86,101022.57,101013.76,101010.25,101026.43
17014.058421704,7195,100997.36,99203.98,100988.12,103637.86,101042.67,101010.81,101002.21,101022.42
17014.082798047,7196,100993.37,99196.95,100992.13,103629.86,101043.72,101014.82,101013.21,101022.42
17014.103268203,7197,101004.3,99183.81,100995.11,103633.86,101039.7,101003.85,101012.38,101030.44
17014.123841556,7198,100989.37,99189.92,100989.16,103625.86,101032.71,101008.69,100997.12,101032.38
17014.144354076,7199,100993.37,99197.99,100996.14,103637.14,101032.71,101009.75,101009.19,101029.41
17014.164958125,7200,100989.37,99188.88,100990.19,103632.04,101038.65,101001.73,101014.27,101028.37
17014.185378556,7201,101004.3,99200.99,100993.17,103633.86,101039.7,101001.73,101000.08,101025.4
17014.206063036,7202,100993.37,99192.92,100992.13,103640.05,101038.65,101004.68,101004.1,101016.34
17014.22649239,7203,100997.36,99191.88,100995.11,103633.14,101036.73,101008.69,101002.21,101016.34
17014.250767681,7204,100993.37,99194.87,100990.06,103641.14,101026.59,101017.78,101003.04,101024.36
17014.271228213,7205,101007.23,99189.92,100991.1,103637.86,101038.65,101001.73,101009.19,101026.43
17014.291875677,7206,100996.3,99189.92,100993.17,103636.05,101047.74,101009.75,101005.17,101032.51
17014.312314205,7207,100989.37,99191.88,100993.17,103628.77,101033.58,101006.8,101006.23,101035.48
17014.332966968,7208,100999.23,99188.88,100987.09,103638.96,101035.68,101005.74,101006.23,101024.36
17014.353421871,7209,101001.36,99183.81,100999.12,103633.86,101042.67,101018.83,101010.25,101030.44
17014.373999139,7210,101001.36,99193.96,101000.15,103633.86,101034.63,101018.83,101002.21,101015.31
17014.394574344,7211,100985.37,99197.99,100997.18,103632.04,101038.65,101012.71,101010.25,101026.43
17014.418798647,7212,100997.36,99187.84,100993.17,103641.87,101039.7,101004.68,101011.32,101026.43
17014.43923317,7213,100997.36,99200.99,100991.1,103634.95,101032.71,101013.76,101008.36,101021.52
17014.45988464,7214,100993.37,99187.84,101003.13,103630.95,101042.67,101009.75,101007.29,101031.47
17014.480334085,7215,100990.43,99202.03,100991.1,103648.05,101039.7,101006.8,101003.27,101017.38
17014.500901057,7216,101006.42,99205.02,100993.17,103645.87,101040.75,101009.75,101003.27,101032.38
17014.521444835,7217,100990.43,99202.03,101001.19,103646.96,101030.61,101001.73,101001.15,101030.44
17014.542187644,7218,100998.43,99188.88,100993.17,103630.95,101040.75,101002.57,100998.19,101018.41
17014.565751598,7219,101002.43,99197.99,100991.1,103621.86,101039.7,101004.68,101003.27,101020.48
17014.586801431,7220,100999.23,99205.02,100987.09,103629.86,101038.65,101000.67,101006.23,101026.43
17014.607265648,7221,101004.3,99196.95,100988.12,103633.86,101035.68,101012.71,101006.23,101024.36
17014.62799052,7222,101005.36,99197.99,100981.14,103637.86,101032.71,101006.8,101001.15,101014.4
17014.648337289,7223,101005.36,99197.99,100991.1,103630.95,101047.74,100996.66,101009.19,101027.47
17014.669205257,7224,100990.43,99189.92,100988.12,103630.95,101030.61,101000.67,101010.25,101033.41
17014.689691848,7225,101001.36,99197.99,100989.16,103641.14,101034.63,101012.71,101002.21,101027.47
17014.710034682,7226,101003.49,99205.02,100992.13,103633.86,101038.65,101010.81,101018.29,101026.43
17014.733758228,7227,101007.49,99196.95,100989.16,103640.05,101030.61,101005.74,101010.25,101030.44
17014.75480109,7228,100996.3,99200.99,100989.16,103630.95,101030.61,101010.81,101003.27,101028.5
17014.774877381,7229,100995.24,99202.03,100992.13,103629.86,101031.66,101000.67,101009.19,101027.47
17014.795940083,7230,100997.36,99197.99,100991.1,103632.77,101038.65,101004.68,101010.25,101024.36
17014.815943444,7231,101001.36,99196.95,100989.16,103636.05,101043.72,101008.69,101009.19,101022.42
17014.837009681,7232,101005.36,99188.88,100993.17,103632.04,101040.75,101008.69,100993.1,101028.5
17014.857478546,7233,101005.36,99193.96,100997.18,103641.14,101031.66,101008.69,100994.17,101025.4
17014.878038528,7234,100997.36,99180.81,100989.16,103634.95,101039.7,101000.67,101010.25,101032.51
17014.901782915,7235,101001.36,99195.91,100990.06,103629.86,101044.77,101009.75,101002.21,101018.41
17014.922302326,7236,101007.49,99187.84,101001.19,103633.86,101024.67,101009.75,101010.25,101016.34
17014.942865263,7237,101005.36,99193.96,100985.15,103636.05,101039.7,100997.72,101006.23,101021.39
17014.963357462,7238,101004.3,99202.03,100985.15,103629.86,101038.65,101000.67,101011.32,101027.47
17014.983994441,7239,101001.36,99193.96,100992.13,103636.05,101038.65,101012.71,101005.17,101024.36
17015.005031124,7240,100997.36,99202.03,100992.13,103630.95,101035.68,101008.69,101002.21,101020.48
17015.025179072,7241,100997.36,99189.92,100993.17,103638.96,101040.75,101004.68,101010.25,101018.41
17015.046143716,7242,100997.36,99184.85,100989.16,103633.86,101031.66,101008.69,101002.21,101024.36
17015.069788353,7243,101001.36,99192.01,100983.08,103633.86,101038.65,101005.74,100997.12,101015.31
17015.090346262,7244,101001.36,99197.99,100983.08,103646.96,101034.63,101008.69,101009.19,101024.36
17015.110984743,7245,100997.36,99197.99,100989.16,103629.86,101029.56,101008.69,101010.25,101023.33
17015.131382359,7246,101001.36,99196.95,100993.17,103633.86,101034.63,101008.69,101009.19,101025.4
17015.151989182,7247,100993.37,99200.99,100993.17,103636.05,101040.75,101010.81,101006.23,101017.38
17015.172583887,7248,100991.5,99200.08,100993.17,103640.05,101037.6,101002.79,101009.19,101024.36
17015.193112061,7249,101001.36,99202.03,101005.2,103637.86,101047.74,101008.69,101006.23,101011.43
17015.216353207,7250,100995.24,99188.88,100997.18,103640.05,101033.76,101004.68,101001.15,101026.43
17015.237813671,7251,100997.36,99183.94,100993.17,103648.05,101036.55,101002.79,101010.25,101033.41
17015.258274934,7252,100993.37,99200.99,100989.16,103646.96,101028.69,101000.67,101002.21,101008.33
17015.278967346,7253,101001.36,99196.95,100993.17,103636.05,101030.61,101002.79,101010.25,101017.38
17015.29939613,7254,101002.43,99188.88,100997.18,103632.04,101031.66,101005.74,101006.23,101027.47
17015.320051015,7255,100993.37,99192.92,100993.17,103645.87,101026.59,101012.93,101010.25,101022.42
17015.340455382,7256,101000.3,99193.96,100991.1,103634.95,101034.63,101003.85,101008.12,101029.41
17015.361439536,7257,101001.36,99200.99,100987.09,103640.05,101033.58,101009.75,101010.25,101029.41
17015.381510909,7258,101002.43,99190.97,100993.17,103630.95,101031.66,101011.87,101002.21,101027.47
17015.405844207,7259,101005.36,99206.06,100993.17,103636.77,101038.65,101006.8,101003.27,101033.41
17015.426321224,7260,100999.49,99189.92,100984.11,103645.87,101038.65,100999.61,101003.27,101032.51
17015.44690417,7261,100990.43,99199.04,100985.15,103629.86,101033.76,101009.75,101006.23,101019.45
17015.467458003,7262,100998.43,99189.92,100988.12,103629.86,101032.71,101003.85,101010.25,101015.31
17015.488028982,7263,100988.3,99188.88,100985.15,103645.87,101028.51,101008.69,101011.32,101029.54
17015.508454471,7264,101001.36,99196.95,100984.11,103629.86,101038.83,101005.74,101003.27,101034.45
17015.529033201,7265,100997.36,99200.99,100997.18,103633.86,101039.7,101010.81,101007.29,101026.43
17015.549480142,7266,101000.3,99192.92,100997.18,103632.04,101027.64,101000.67,101010.25,101030.44
17015.573838238,7267,101001.36,99189.92,100989.16,103644.05,101039.7,101010.81,101006.23,101026.43
17015.594282004,7268,101000.56,99197.99,101001.19,103628.77,101038.65,101006.8,101002.21,101026.43
17015.614964852,7269,100997.36,99195.91,100997.18,103641.14,101023.62,101012.71,101011.32,101030.44
17015.635342749,7270,100997.36,99206.06,100993.17,103636.05,101027.64,101008.69,101010.25,101034.45
17015.655985115,7271,100997.36,99206.06,100993.17,103633.86,101031.66,101006.8,101012.38,101026.43
17015.676481902,7272,100997.36,99187.84,100985.15,103649.87,101040.75,101018.83,101005.17,101014.4
17015.697016526,7273,101003.49,99197.99,101000.15,103628.77,101038.65,101008.69,101013.44,101034.45
17015.718034771,7274,101001.36,99202.03,100997.18,103640.05,101038.65,100997.72,101009.19,101030.44
17015.741823365,7275,100997.36,99193.96,101001.19,103629.13,101045.82,101011.87,101010.25,101028.37
17015.763100392,7276,100999.49,99197.99,100993.17,103630.95,101031.66,101000.67,101008.12,101027.47
17015.782927055,7277,101002.43,99187.84,100997.18,103632.04,101034.63,101010.81,101010.25,101027.47
17015.803318792,7278,100997.36,99192.92,100985.15,103637.14,101033.58,101010.81,101006.23,101020.35
17015.824166319,7279,100997.36,99205.02,100993.17,103640.05,101028.69,101005.74,101002.21,101018.41
17015.844452677,7280,101001.36,99190.97,100995.11,103648.05,101030.61,100993.71,101006.23,101028.5
17015.865016515,7281,100997.36,99193.96,100993.17,103641.87,101042.67,101004.68,101002.21,101021.52
17015.888791359,7282,101001.36,99206.06,100990.19,103633.86,101038.65,101005.74,101006.23,101036.52
17015.909818578,7283,101007.49,99197.99,100997.18,103646.96,101030.61,101002.79,101020.42,101009.36
17015.930276836,7284,100999.49,99195.0,100988.12,103630.95,101034.63,101011.87,101010.25,101020.35
17015.951022038,7285,101005.36,99185.89,100997.18,103645.87,101034.63,101004.68,101009.19,101027.47
17015.971406094,7286,100998.43,99196.95,100984.11,103634.95,101033.76,101004.68,101002.21,101025.4
17015.992023743,7287,100997.36,99197.99,100992.13,103634.95,101036.55,101006.58,101001.15,101028.5
17016.012406598,7288,100997.36,99200.99,100993.17,103629.86,101048.79,101002.79,101002.21,101032.51
17016.033248095,7289,100991.5,99188.88,100993.17,103645.87,101025.54,101013.76,101002.21,101016.47
17016.056815626,7290,100998.43,99196.95,100987.09,103645.87,101030.61,101017.78,101009.19,101012.34
17016.077847852,7291,100995.49,99193.96,100987.09,103648.05,101038.65,101000.67,101001.15,101026.43
17016.097895279,7292,101005.36,99188.88,100984.11,103633.86,101026.59,101009.75,101012.38,101027.47
17016.118917259,7293,100997.36,99196.95,101001.19,103636.05,101040.75,100999.61,100998.19,101018.41
17016.138964316,7294,100997.36,99197.99,100994.2,103636.05,101038.65,100995.6,101002.21,101023.33
17016.159983322,7295,101006.42,99195.91,100988.12,103632.04,101035.68,101007.64,101006.23,101018.41
17016.180464575,7296,100996.3,99193.96,100989.16,103636.05,101030.61,100995.6,101004.34,101014.4
17016.201110798,7297,100995.49,99203.98,100989.16,103640.78,101046.69,101000.67,101002.21,101026.43
17016.22480519,7298,100992.3,99197.99,101000.15,103629.86,101022.57,101000.67,101014.27,101026.43
17016.245250338,7299,101002.43,99189.92,100993.17,103633.86,101039.7,101005.74,101002.21,101024.36
17016.265935539,7300,100994.43,99189.92,100993.17,103632.04,101044.77,101004.68,101006.23,101028.5
17016.286404284,7301,100991.5,99191.88,100993.17,103638.96,101034.63,100996.66,101002.21,101028.5
17016.307068173,7302,101005.36,99193.96,100987.09,103634.95,101040.75,101004.68,101004.34,101021.39
17016.327972065,7303,101005.36,99189.92,100990.06,103645.87,101039.7,101010.81,101005.17,101027.47
17016.348113675,7304,101005.36,99187.84,101001.19,103640.05,101040.57,101013.76,101009.19,101014.4
17016.369008784,7305,100993.37,99206.06,100989.16,103645.87,101038.65,101008.69,101003.27,101028.5
17016.394092336,7306,101005.36,99193.96,100989.16,103640.05,101040.75,101006.8,101010.25,101018.41
17016.4132648,7307,101007.49,99196.95,100997.18,103636.05,101031.66,101003.85,101010.25,101019.45
17016.433910542,7308,100990.43,99193.96,100994.2,103640.05,101032.71,101000.67,101002.21,101022.42
17016.454437254,7309,100998.43,99191.88,100978.16,103648.05,101030.61,101008.69,101003.27,101028.5
17016.474992358,7310,100993.37,99192.92,100988.12,103636.05,101045.64,101006.8,101006.23,101032.51
17016.495456265,7311,100990.43,99189.92,100985.15,103649.14,101032.71,101002.79,101006.23,101042.47
17016.516009297,7312,100999.49,99196.95,100992.13,103640.05,101030.61,101006.8,101007.29,101027.47
17016.536553415,7313,100997.36,99197.99,100993.17,103638.96,101040.75,101002.79,101002.21,101016.47
17016.561172165,7314,100997.36,99190.97,100993.17,103632.04,101040.75,101008.69,101000.31,101026.43
17016.581355557,7315,101007.49,99193.96,100989.16,103640.05,101031.66,101000.67,100998.19,101022.42
17016.601940367,7316,100997.36,99195.0,100985.15,103646.96,101029.56,101009.75,100998.19,101015.44
17016.62248095,7317,101007.49,99195.0,100985.15,103637.86,101034.63,101009.75,101010.25,101027.47
17016.643009244,7318,101006.42,99193.96,100989.16,103630.95,101038.65,101009.75,101010.25,101018.41
17016.663514022,7319,100997.36,99192.92,100993.17,103637.86,101032.71,101004.68,101009.19,101014.4
17016.684138502,7320,101002.43,99197.99,100989.16,103648.05,101032.71,101008.69,101010.25,101033.54
17016.704555368,7321,100999.49,99193.96,100998.21,103640.05,101036.73,101005.74,101003.27,101018.41
17016.72883185,7322,101006.42,99205.02,100993.17,103648.05,101029.56,101002.79,101006.23,101035.48
17016.749276057,7323,101002.43,99189.92,100997.18,103646.96,101032.71,101004.68,101003.27,101034.45
17016.769921518,7324,100998.43,99193.96,100993.17,103629.86,101026.59,101006.8,101012.38,101032.38
17016.790475882,7325,100997.36,99197.99,100985.15,103629.86,101036.73,101000.67,101002.21,101024.36
17016.811130718,7326,100990.43,99195.91,100990.19,103638.96,101027.64,101009.75,101014.27,101025.4
17016.831586072,7327,100999.49,99208.02,100992.13,103640.05,101040.75,101008.69,101003.27,101034.45
17016.852243751,7328,100989.37,99192.92,100987.09,103640.05,101026.59,101002.79,101012.38,101032.38
17016.872646776,7329,100992.3,99187.84,100990.19,103648.05,101039.7,101009.75,101007.29,101020.48
17016.896861505,7330,100997.36,99202.03,100986.18,103638.96,101038.65,100999.61,101006.23,101016.47
17016.917375387,7331,101007.49,99191.88,100994.2,103636.05,101031.66,101001.73,101011.32,101026.43
17016.937954088,7332,100998.43,99202.03,100993.17,103632.04,101028.69,100992.65,101007.29,101032.51
17016.958326156,7333,100998.43,99188.88,100996.14,103632.04,101031.66,101003.62,101006.23,101026.43
17016.979189186,7334,100987.5,99193.96,100985.15,103640.05,101038.65,101002.79,101010.25,101027.47
17016.999443506,7335,100993.37,99196.95,100989.16,103636.05,101030.61,101005.74,101007.29,101027.47
17017.020168988,7336,100999.49,99202.03,101005.2,103641.14,101048.79,101001.73,100999.25,101022.42
17017.040545803,7337,101005.36,99199.04,100992.13,103650.24,101036.73,101008.69,101005.17,101023.46
17017.064837819,7338,100997.36,99206.06,100993.17,103630.95,101035.68,101004.68,101006.23,101018.41
17017.085365783,7339,100989.37,99208.15,100996.14,103629.86,101034.63,101013.76,101010.25,101028.5
17017.105941519,7340,101003.49,99200.08,100989.16,103649.14,101036.55,101009.75,101004.34,101019.45
17017.126499387,7341,100997.36,99184.85,100990.19,103634.95,101048.79,101008.69,101002.21,101022.42
17017.147083326,7342,100990.43,99195.0,100997.18,103637.86,101034.63,101009.75,101014.27,101033.41
17017.16772386,7343,100994.43,99197.99,100990.19,103634.95,101034.63,101006.58,101004.34,101028.5
17017.188156239,7344,101005.36,99189.92,100991.1,103646.96,101038.65,101009.75,101002.21,101035.48
17017.211818823,7345,100997.36,99206.06,100993.17,103656.06,101039.7,101001.73,101000.31,101018.41
17017.232828405,7346,101005.36,99195.0,100994.2,103649.14,101030.61,101013.76,101002.21,101028.5
17017.253047952,7347,100991.5,99183.81,100989.16,103637.86,101036.73,101006.8,101005.17,101012.47
17017.27392242,7348,100998.43,99179.77,100989.16,103652.05,101033.58,101001.73,101011.32,101020.48
17017.294391735,7349,100997.36,99192.92,101001.19,103634.95,101031.66,101004.68,100999.25,101024.49
17017.315381988,7350,100997.36,99192.01,100991.1,103637.14,101038.65,101002.79,101010.25,101029.54
17017.335629758,7351,100989.37,99189.92,100993.17,103638.96,101038.65,101004.91,101013.21,101032.51
17017.356225343,7352,100998.43,99192.92,100985.15,103630.95,101025.54,101008.69,101002.21,101020.35
17017.379834927,7353,100997.36,99187.84,100997.31,103640.05,101039.7,101005.74,101013.21,101034.45
17017.400865661,7354,101005.36,99188.88,100994.2,103648.05,101035.68,101002.79,101008.36,101036.52
17017.420920499,7355,101002.43,99196.95,100985.15,103641.87,101041.8,101008.69,101010.25,101021.39
17017.442094149,7356,100999.49,99197.99,100991.23,103648.05,101030.61,101005.74,101002.21,101015.44
17017.462038,7357,100997.36,99189.92,100986.18,103649.87,101027.64,101001.73,101010.25,101034.45
17017.48317206,7358,101007.49,99202.03,100993.17,103652.05,101037.6,101008.69,101004.34,101037.55
17017.503531389,7359,101002.43,99205.02,100989.16,103633.14,101035.68,101001.73,101018.29,101035.48
17017.524118492,7360,100997.36,99197.99,100990.19,103636.05,101031.66,101014.82,101014.27,101036.52
17017.547842148,7361,100999.49,99193.96,100993.17,103648.05,101032.71,101005.74,101003.27,101032.51
17017.568322941,7362,101005.36,99193.96,101001.19,103636.05,101032.71,101011.87,101011.32,101030.44
17017.588928682,7363,100997.36,99195.0,100993.17,103637.14,101042.67,101009.75,101007.29,101041.56
17017.609409064,7364,101000.56,99196.95,100993.17,103648.05,101031.66,101008.69,101006.23,101033.54
17017.630094355,7365,100999.49,99208.15,100997.18,103638.96,101038.65,101002.79,101011.32,101031.47
17017.651085039,7366,100997.36,99192.01,100993.17,103648.05,101031.66,101009.75,101014.27,101020.48
17017.672308584,7367,101003.49,99202.03,100992.13,103646.96,101044.77,101001.73,100997.12,101020.48
17017.692981597,7368,101000.56,99188.88,100997.18,103641.14,101038.65,101004.68,101000.08,101020.48
17017.71588979,7369,101001.36,99206.06,100993.17,103645.87,101036.73,101010.81,101010.25,101028.5
17017.736382921,7370,101005.36,99197.99,100985.15,103648.05,101033.58,101002.79,101002.21,101033.54
17017.75697382,7371,100999.49,99189.92,100989.16,103646.23,101032.71,101001.73,101008.12,101029.54
17017.777476606,7372,101007.49,99197.99,100995.24,103638.96,101032.71,101006.8,101002.21,101020.48
17017.798060054,7373,100989.37,99189.92,100981.14,103636.05,101036.73,101000.67,101010.25,101020.48
17017.818452793,7374,101002.43,99197.99,100991.1,103648.05,101023.62,101007.86,101006.23,101020.48
17017.839053797,7375,100990.43,99193.96,100995.24,103649.14,101035.68,101007.86,101008.36,101020.48
17017.860068757,7376,100986.43,99196.95,100991.1,103648.05,101020.47,101009.75,101010.25,101026.43
17017.883879555,7377,100995.49,99202.03,100993.17,103648.05,101032.71,101001.73,101002.21,101019.45
17017.90433535,7378,101002.43,99199.04,100984.11,103637.86,101038.65,101001.73,101011.32,101032.51
17017.924990936,7379,101007.49,99190.97,100993.17,103653.15,101040.75,101008.69,101010.25,101028.5
17017.945433651,7380,100998.43,99196.95,101000.15,103649.14,101034.63,101007.86,101006.0,101034.58
17017.9660447,7381,100991.5,99202.03,100995.24,103645.87,101030.61,101010.81,101001.15,101027.47
17017.986497,7382,101003.49,99190.97,100985.15,103646.96,101042.67,101005.74,101008.12,101010.4
17018.007132326,7383,100997.36,99196.95,100987.09,103648.05,101031.66,101005.74,101014.27,101022.55
17018.027863487,7384,100994.43,99197.99,100997.18,103645.14,101039.7,100998.78,101001.98,101027.47
17018.05190248,7385,100998.43,99196.95,100992.13,103653.15,101040.75,101001.73,101012.15,101033.54
17018.072385435,7386,101006.42,99193.96,100984.11,103646.96,101040.75,101013.76,100997.12,101032.51
17018.093050707,7387,100995.24,99197.99,100992.13,103640.05,101035.68,101008.69,101006.23,101028.5
17018.11339973,7388,100997.36,99193.96,100987.22,103645.87,101039.7,101010.81,100998.19,101021.52
17018.134111682,7389,100993.37,99197.99,100996.14,103648.05,101034.63,101001.73,101004.34,101026.43
17018.154494526,7390,101005.36,99189.92,100991.1,103649.14,101034.63,101004.68,101012.38,101023.46
17018.175151345,7391,100989.37,99189.92,100993.17,103648.05,101036.55,101000.67,100999.25,101024.49
17018.195610244,7392,100998.43,99188.88,100989.16,103644.05,101030.61,101003.85,101002.21,101019.45
17018.219879285,7393,100988.3,99188.88,100992.13,103652.05,101035.68,101000.67,101009.42,101028.5
17018.240336061,7394,100999.49,99189.92,100993.17,103648.05,101034.63,101008.69,101010.25,101029.54
17018.260979289,7395,101005.36,99199.95,100991.1,103634.95,101039.7,101007.86,101008.36,101020.48
17018.281392219,7396,100991.5,99197.99,100993.17,103645.87,101035.68,101001.73,101007.29,101030.44
17018.302071702,7397,100995.49,99207.1,100997.18,103660.06,101044.77,101009.75,101010.25,101030.44
17018.322523881,7398,101003.49,99189.92,100989.16,103648.05,101039.7,101016.72,101007.29,101042.47
17018.343350867,7399,101006.42,99197.99,100994.2,103649.14,101028.69,101014.82,100996.29,101027.47
17018.367268727,7400,101000.56,99197.99,100989.16,103648.05,101043.72,101012.93,101002.21,101026.43
17018.38786901,7401,101002.43,99193.96,100985.15,103640.05,101039.7,101010.81,101005.4,101014.4
17018.408322571,7402,100999.49,99192.92,100997.18,103648.05,101032.71,101004.68,100998.19,101026.43
17018.429041223,7403,100989.37,99189.92,100993.17,103646.96,101037.78,101004.91,101008.36,101036.52
17018.449598701,7404,100991.5,99195.91,100995.11,103648.05,101036.73,101008.92,101017.23,101027.47
17018.470323292,7405,100993.37,99197.99,100993.17,103640.05,101032.71,101021.79,101006.23,101037.55
17018.490631954,7406,101003.49,99207.1,100993.17,103646.96,101023.62,101010.81,101002.21,101027.47
17018.511185377,7407,101000.56,99202.03,100993.17,103637.86,101040.75,101000.67,101011.32,101031.47
17018.534862392,7408,100991.5,99202.03,100989.16,103648.05,101036.73,101006.8,101007.29,101027.47
17018.555872125,7409,101000.56,99190.97,100998.21,103657.88,101036.73,101008.69,101002.21,101018.41
17018.576349973,7410,101001.36,99200.08,100993.17,103649.14,101031.66,101006.8,101011.32,101033.54
17018.597086782,7411,100999.49,99197.99,100986.18,103646.96,101031.66,101005.74,101004.34,101020.48
17018.617456987,7412,100989.37,99195.0,101000.15,103640.05,101039.7,100997.72,101020.42,101018.41
17018.638239195,7413,100998.43,99196.95,101002.22,103642.23,101034.63,101009.75,100999.25,101022.42
17018.658614158,7414,100999.49,99199.04,100992.13,103645.87,101032.71,101006.8,100995.23,101017.51
17018.679045025,7415,100997.36,99197.99,100985.15,103645.14,101026.59,101004.68,101018.29,101019.45
17018.702857946,7416,100999.49,99208.15,100983.08,103648.05,101035.68,101002.79,101012.38,101026.43
17018.723956703,7417,101003.49,99192.92,100993.17,103637.86,101038.65,101010.81,101002.21,101018.41
17018.74402397,7418,101001.36,99193.96,100984.11,103650.24,101032.71,100997.72,101015.34,101036.52
17018.765007903,7419,101002.43,99195.91,100993.17,103636.05,101032.71,101014.82,101015.34,101019.45
17018.785061109,7420,101005.36,99181.85,100989.16,103649.14,101032.71,101008.69,101005.17,101026.43
17018.806158123,7421,100989.37,99189.92,100986.18,103648.05,101036.73,101005.74,101002.21,101018.41
17018.826795833,7422,100990.43,99193.96,100996.14,103648.05,101039.7,101004.68,101010.25,101028.5
17018.847087089,7423,100991.5,99187.84,100987.09,103642.96,101032.71,100994.77,101020.42,101028.5
17018.870875082,7424,100997.36,99189.92,101009.21,103637.14,101048.79,101010.81,101012.38,101032.51
17018.891384959,7425,100999.49,99199.04,100987.09,103649.87,101032.71,101003.85,101008.36,101028.5
17018.911973824,7426,100999.49,99189.92,100993.17,103648.05,101039.7,100993.71,101004.34,101024.36
17018.932472774,7427,100991.5,99203.07,100989.16,103645.87,101040.75,101001.73,101008.36,101032.51
17018.953096923,7428,100999.49,99190.97,100994.2,103636.05,101041.8,101009.75,101002.21,101021.52
17018.974097171,7429,101004.3,99207.1,100997.18,103653.15,101039.7,101010.81,101009.42,101026.43
17018.994135875,7430,101007.49,99206.06,100991.1,103648.05,101027.64,101008.92,101004.34,101030.44
17019.01531285,7431,101001.36,99197.99,100992.13,103657.15,101040.75,101006.8,101000.31,101032.51
17019.038873881,7432,100997.36,99196.95,100993.17,103648.05,101031.66,101012.93,101003.27,101019.45
17019.061166984,7433,100990.43,99196.95,100999.12,103636.05,101039.7,101004.68,101010.25,101018.41
17019.080012693,7434,100995.49,99195.0,100993.17,103648.05,101027.64,101005.74,101007.29,101036.52
17019.100507256,7435,100997.36,99188.88,100993.17,103645.14,101038.65,101002.79,101012.38,101014.4
17019.121248803,7436,101001.36,99200.99,100992.13,103653.15,101031.66,101002.79,101011.32,101020.48
17019.1416004,7437,101007.49,99193.96,100995.11,103640.05,101032.71,101009.75,101011.32,101035.61
17019.16220492,7438,100998.43,99200.99,100991.1,103648.05,101034.63,101005.74,101009.42,101028.5
17019.182668626,7439,101003.49,99197.99,100986.18,103657.15,101036.73,101010.81,101016.4,101020.48
17019.206893901,7440,100983.5,99189.92,100993.17,103648.05,101040.75,100996.66,101014.51,101015.44
17019.227463057,7441,101003.49,99192.01,100993.17,103656.06,101032.71,101002.79,101007.29,101031.47
17019.248028137,7442,101001.62,99202.03,100994.2,103653.15,101035.68,101003.62,101006.23,101027.47
17019.268546035,7443,101002.43,99207.1,100985.15,103646.96,101036.73,101010.81,101016.4,101030.44
17019.289235113,7444,100998.43,99202.03,101001.19,103640.05,101040.75,101006.8,101004.34,101034.58
17019.309767173,7445,100998.43,99189.92,100986.18,103652.05,101031.66,101010.81,101010.25,101025.53
17019.331224081,7446,101000.56,99192.01,100993.17,103660.06,101036.73,101006.8,100998.19,101029.54
17019.350888329,7447,100993.37,99214.13,100994.2,103652.05,101039.7,101012.71,101010.25,101037.55
17019.375033733,7448,101007.49,99197.99,100994.2,103650.24,101036.73,101008.69,101004.34,101028.5
17019.395377458,7449,100993.37,99197.99,100997.18,103644.05,101032.71,101002.79,101003.27,101031.47
17019.41603025,7450,100994.43,99206.06,100983.08,103637.14,101031.66,101009.75,101004.34,101028.5
17019.437098301,7451,100998.43,99203.07,100993.17,103636.05,101031.66,101002.79,101012.38,101028.5
17019.457224978,7452,101001.36,99189.92,100992.13,103653.15,101034.63,101007.86,101008.36,101022.55
17019.477483644,7453,100990.43,99195.0,100995.11,103648.05,101038.65,101005.74,101009.42,101018.41
17019.499361499,7454,101000.56,99199.95,100985.15,103648.05,101040.75,101002.79,101012.38,101015.44
17019.518932917,7455,100999.49,99199.04,100997.18,103646.96,101047.74,101010.81,101003.27,101019.45
17019.542924048,7456,101005.36,99197.99,100997.18,103652.05,101039.7,101010.81,101008.36,101028.5
17019.563425181,7457,100998.43,99200.08,100989.16,103652.05,101024.67,100998.78,101011.32,101031.47
17019.584050151,7458,100999.49,99197.99,100993.17,103648.05,101024.67,101009.75,101005.4,101030.57
17019.604441428,7459,100999.49,99206.06,100994.2,103653.15,101032.71,101008.69,101002.21,101012.47
17019.625172239,7460,100991.5,99185.89,100992.13,103656.06,101039.7,101003.85,100998.19,101027.47
17019.645650507,7461,100995.49,99193.96,100993.17,103633.14,101030.61,101010.81,101010.48,101010.4
17019.666473817,7462,100999.49,99202.03,100994.2,103649.14,101030.61,101005.74,101002.21,101029.54
17019.692035453,7463,101007.49,99190.97,100997.18,103654.24,101041.8,101005.97,101010.25,101028.5
17019.710968625,7464,101002.43,99189.92,100986.05,103649.14,101040.75,101010.81,101014.27,101015.44
17019.731401255,7465,100989.37,99197.99,100993.17,103652.05,101030.61,101009.75,101012.38,101027.47
17019.752129972,7466,101006.42,99193.96,101001.19,103652.05,101036.73,101004.68,101004.34,101017.51
17019.772616273,7467,101003.49,99200.08,100983.08,103650.24,101039.7,101012.71,101011.32,101020.48
17019.793079559,7468,100997.36,99196.04,100997.18,103648.05,101040.75,101001.73,101006.23,101037.55
17019.813996441,7469,100998.43,99197.99,100995.11,103646.96,101028.69,101008.69,101007.29,101026.43
17019.834277771,7470,100999.49,99202.03,100997.18,103649.14,101030.61,101018.83,101004.34,101023.46
17019.857957041,7471,100991.5,99197.99,100994.2,103648.05,101030.61,101001.73,101012.38,101030.44
17019.878956587,7472,101007.49,99192.01,100987.09,103648.05,101030.61,101013.76,101008.36,101028.5
17019.899382707,7473,100993.37,99207.1,101001.19,103654.24,101036.73,101007.86,100995.23,101029.54
17019.920039776,7474,100999.49,99202.03,100990.06,103648.05,101036.73,101010.81,101003.27,101018.41
17019.940434729,7475,100997.36,99195.0,100985.15,103657.15,101036.73,101006.8,100996.06,101028.5
17019.961114792,7476,101009.36,99199.04,100988.12,103645.87,101032.71,101017.78,101004.34,101024.49
17019.981588183,7477,101007.49,99206.06,100992.13,103648.05,101029.56,101010.81,101007.29,101017.51
17020.002260355,7478,100999.49,99197.99,100988.12,103649.14,101031.66,101007.86,101018.29,101028.5
17020.02588404,7479,100995.49,99203.07,100990.06,103649.14,101034.63,101009.75,100994.17,101021.52
17020.04694456,7480,100995.49,99200.08,100993.17,103650.24,101030.61,101010.81,100996.29,101025.53
17020.066986799,7481,100990.43,99200.08,101001.19,103661.15,101028.69,101005.74,101008.36,101037.55
17020.088250846,7482,100990.43,99206.06,100993.17,103641.14,101032.71,101012.93,100995.23,101027.47
17020.108095877,7483,101002.43,99203.07,100993.17,103646.96,101028.69,101004.68,101013.44,101029.54
17020.129093791,7484,101001.36,99202.03,100992.13,103652.05,101032.71,101009.75,101002.21,101038.59
17020.14958573,7485,100990.43,99197.99,100993.17,103648.05,101031.66,101009.75,101000.31,101025.53
17020.172030883,7486,100991.5,99204.11,100984.11,103661.15,101039.7,101009.75,101004.34,101018.41
17020.193918223,7487,100997.36,99199.04,100993.17,103654.24,101032.71,101000.67,101005.4,101028.5
17020.214370672,7488,101002.43,99200.08,100993.17,103644.05,101031.66,101009.75,101000.31,101038.59
17020.234987741,7489,100998.43,99197.99,100992.13,103650.24,101035.68,101002.79,100996.29,101012.47
17020.25607528,7490,101002.43,99200.08,100992.13,103650.24,101034.63,101009.75,101003.27,101012.47
17020.276076888,7491,100997.36,99197.99,100983.08,103654.24,101038.65,101010.81,101008.36,101033.54
17020.29714554,7492,101007.49,99204.11,100992.13,103661.15,101036.73,101005.74,101016.4,101032.51
17020.317154869,7493,100991.5,99192.01,100993.17,103637.14,101040.75,101003.85,101004.34,101029.54
17020.338167426,7494,100998.43,99197.99,100992.13,103648.05,101040.75,101006.8,101008.36,101022.42
17020.36193583,7495,101000.56,99192.01,100993.17,103656.06,101033.76,101006.8,101012.38,101027.47
17020.382385375,7496,100997.36,99197.99,100991.1,103662.24,101031.66,101008.69,101012.38,101034.58
17020.402974641,7497,101003.49,99207.1,100986.18,103641.14,101030.61,101005.74,101006.23,101032.51
17020.423421272,7498,100999.49,99197.99,100993.17,103652.05,101031.66,101005.74,101011.32,101036.52
17020.444088076,7499,101002.43,99199.04,100992.13,103648.05,101039.7,101011.87,101012.38,101030.57
17020.464599154,7500,101007.49,99190.97,100997.18,103646.96,101038.65,101014.82,101017.46,101031.47
17020.485151294,7501,100999.49,99208.15,100994.2,103653.15,101030.61,100997.72,101011.32,101027.47
17020.506266056,7502,101006.42,99197.99,100993.17,103633.14,101039.7,101014.82,101012.38,101016.47
17020.529959847,7503,101008.55,99202.03,100993.17,103649.14,101032.71,101008.69,101000.31,101021.52
17020.550391595,7504,100992.56,99193.96,100993.17,103648.05,101039.7,101010.81,101011.32,101029.54
17020.571003996,7505,101007.49,99188.88,100995.24,103650.96,101036.73,101006.8,101007.29,101028.5
17020.591484198,7506,100999.49,99208.15,100985.15,103652.05,101042.67,101006.8,101007.29,101027.47
17020.612107375,7507,101005.36,99197.99,100987.09,103660.06,101036.73,101002.79,101002.21,101021.52
17020.633251151,7508,100998.43,99196.04,101005.2,103654.97,101040.75,100998.78,100999.25,101020.48
17020.653189072,7509,100999.49,99204.11,100997.18,103649.14,101031.66,101008.69,101009.42,101016.47
17020.673701893,7510,100996.3,99189.92,101002.22,103648.05,101035.68,101011.87,101004.34,101025.4
17020.697965496,7511,101006.42,99195.0,100985.15,103649.87,101031.66,101010.81,101009.42,101030.57
17020.718497255,7512,101006.42,99189.92,100993.17,103649.14,101035.68,101010.81,101010.25,101028.5
17020.739132021,7513,100991.5,99197.99,101001.19,103649.14,101039.7,101000.67,101002.21,101029.54
17020.759453632,7514,100990.43,99193.96,100990.19,103649.87,101039.7,100993.71,101004.34,101015.44
17020.78008979,7515,100989.37,99192.92,100989.16,103657.15,101032.71,101004.68,101012.38,101034.58
17020.800558734,7516,100995.49,99189.92,101003.13,103649.14,101031.66,101002.79,101012.38,101027.47
17020.821171676,7517,100999.49,99196.95,100993.17,103641.14,101032.71,101010.81,101010.25,101018.54
17020.841598347,7518,100995.49,99189.92,100994.2,103637.14,101031.66,101008.69,100996.29,101027.47
17020.865932016,7519,101007.49,99203.07,100989.16,103640.05,101036.73,101009.75,101017.46,101036.52
17020.886382823,7520,100990.43,99206.06,101001.19,103650.24,101031.66,101006.8,101008.36,101015.44
17020.907063728,7521,100994.43,99193.96,100997.18,103649.14,101038.83,101002.79,101012.38,101025.53
17020.92772978,7522,100999.49,99207.1,100991.1,103648.05,101032.71,101010.81,101009.42,101020.48
17020.948161498,7523,100982.44,99189.92,100993.17,103636.05,101032.71,101011.87,101016.4,101025.53
17020.968585936,7524,101000.56,99200.08,100993.17,103637.14,101032.71,101011.87,101004.34,101027.47
17020.989263566,7525,100991.5,99206.06,100990.19,103653.15,101036.73,101010.81,101003.27,101016.47
17021.013354317,7526,100998.43,99200.99,100986.18,103640.05,101022.57,101002.79,101012.38,101028.5
17021.033961691,7527,101005.36,99193.96,100987.22,103652.05,101030.61,101009.75,101003.27,101028.5
17021.054474121,7528,101003.49,99188.88,100989.16,103646.96,101032.71,101000.67,101011.32,101029.54
17021.07511791,7529,100999.49,99199.04,100995.11,103657.15,101032.71,100997.72,101012.38,101021.52
17021.095533464,7530,100999.49,99189.92,100993.17,103664.06,101038.65,101010.81,101007.29,101032.51
17021.1163078,7531,100997.36,99206.06,100993.17,103656.06,101040.75,101001.73,101012.38,101021.52
17021.136561569,7532,100997.36,99193.96,100994.2,103657.88,101048.79,101000.67,101010.25,101021.52
17021.157262735,7533,100999.49,99202.03,100993.17,103648.05,101047.74,101002.79,101008.36,101028.5
17021.18093243,7534,101002.43,99189.92,100984.11,103664.06,101036.73,100998.78,101011.32,101023.46
17021.201962062,7535,101001.36,99189.92,100983.08,103672.07,101032.71,101010.81,101004.34,101030.57
17021.222482625,7536,101005.36,99193.96,100995.24,103662.97,101032.71,101011.87,101020.42,101018.41
17021.243108637,7537,100990.43,99193.96,100987.22,103669.16,101041.8,101009.75,101002.21,101024.49
17021.263540585,7538,100995.49,99197.99,100995.24,103664.06,101031.66,101010.81,101012.38,101022.55
17021.284132927,7539,101005.62,99189.92,100993.17,103657.88,101034.63,101016.72,100994.17,101028.5
17021.304583163,7540,100991.5,99190.97,100983.08,103653.87,101040.75,100997.72,101012.38,101016.47
17021.325210226,7541,101001.36,99205.02,100985.15,103669.88,101043.72,101001.73,101006.23,101020.48
17021.348943036,7542,100997.36,99195.91,100978.16,103661.88,101026.59,101010.81,101008.36,101031.47
17021.369970726,7543,101006.42,99199.95,100993.17,103672.07,101040.75,101007.86,101002.21,101026.43
17021.390072295,7544,101001.36,99188.88,101005.2,103673.16,101040.75,101009.75,101006.23,101020.48
17021.411213326,7545,100999.49,99197.99,100984.11,103664.06,101036.73,101013.76,101006.23,101028.5
17021.431179961,7546,101002.43,99189.92,100993.17,103672.07,101030.61,100998.78,101003.27,101016.47
17021.452190634,7547,100989.37,99197.99,100986.18,103672.07,101030.61,101004.91,101012.38,101020.48
17021.472661942,7548,101001.36,99195.0,100985.15,103656.06,101028.69,101010.81,101002.21,101019.45
17021.493234403,7549,101001.36,99188.88,100998.21,103672.07,101027.64,100998.78,101003.27,101016.47
17021.516947554,7550,101002.43,99189.92,100992.13,103653.87,101032.71,101002.79,101013.44,101016.47
17021.537401746,7551,100999.49,99195.91,100993.17,103658.97,101036.73,101006.8,101003.27,101032.51
17021.55803545,7552,100994.43,99187.84,100989.16,103668.79,101032.71,100993.71,100999.25,101028.5
17021.580176673,7553,100997.36,99196.95,100993.17,103661.88,101035.68,101010.81,101000.31,101019.45
17021.599123826,7554,100999.49,99193.96,100985.15,103676.07,101032.71,100996.66,101004.34,101023.46
17021.620181301,7555,101010.42,99193.96,101002.22,103661.88,101023.62,101000.67,101002.21,101021.52
17021.640224902,7556,101000.56,99196.95,100992.13,103672.07,101026.59,101001.73,101002.21,101012.47
17021.661294074,7557,101002.43,99195.91,100998.21,103661.88,101031.66,101005.74,101010.25,101019.45
17021.685010129,7558,100998.43,99189.92,100984.11,103661.88,101034.81,100993.71,101002.21,101027.47
17021.705435708,7559,100995.49,99184.85,100993.17,103661.88,101040.75,101000.67,101006.23,101021.39
17021.726089993,7560,101003.49,99197.99,100993.17,103661.88,101031.66,101000.67,101006.23,101016.47
17021.746471615,7561,101007.49,99197.99,100993.17,103661.88,101023.62,101009.75,100996.29,101012.47
17021.767226292,7562,100999.49,99188.88,100993.17,103669.88,101031.66,100994.77,100994.17,101016.47
17021.787618851,7563,100999.49,99187.84,100993.17,103661.88,101031.66,101005.74,101006.23,101017.51
17021.808592138,7564,100991.5,99193.96,100985.15,103665.88,101030.61,101004.68,101016.4,101014.4
17021.829230309,7565,100995.49,99189.92,100989.16,103669.88,101023.62,100997.72,101003.27,101012.47
17021.852954967,7566,100991.5,99199.95,100982.17,103668.79,101030.61,100992.65,101008.36,101020.48
17021.873433486,7567,100990.43,99192.92,100989.16,103661.88,101031.66,100998.78,101004.34,101028.5
17021.894025716,7568,101001.36,99196.95,100994.2,103660.79,101031.66,101000.67,100999.25,101028.5
17021.91454036,7569,100990.43,99199.04,100991.1,103672.07,101024.67,101000.67,101004.34,101027.47
17021.935149136,7570,101001.36,99191.88,100994.2,103672.07,101031.66,100996.66,100998.19,101022.42
17021.957182336,7571,100986.43,99192.92,100989.16,103668.06,101032.71,101001.73,101004.34,101030.44
17021.976192454,7572,100999.49,99196.95,100995.24,103664.06,101032.71,101000.67,101002.21,101016.47
17021.998110781,7573,101001.36,99188.88,100993.17,103677.89,101030.61,101004.68,101003.27,101018.41
17022.020970931,7574,100991.5,99192.92,100989.16,103669.88,101041.8,101001.73,101014.27,101010.4
17022.041431854,7575,101001.36,99188.88,100997.18,103665.88,101027.64,101009.75,101008.36,101021.39
17022.062026699,7576,100999.49,99189.92,100997.31,103672.07,101028.69,101006.8,101004.34,101021.52
17022.0824999,7577,100993.37,99195.91,100989.16,103673.88,101034.63,101003.85,101012.38,101013.5
17022.10323091,7578,100989.37,99197.99,100984.11,103653.87,101033.58,101006.8,101006.23,101016.47
17022.123662689,7579,101002.43,99189.92,100993.17,103670.97,101030.61,100992.65,101007.29,101012.47
17022.145016411,7580,101008.55,99188.88,100993.17,103661.88,101027.64,101001.73,101006.23,101022.55
17022.16837136,7581,101001.36,99189.92,100989.16,103666.97,101023.62,101008.69,101009.42,101032.51
17022.188992945,7582,101005.62,99205.02,100991.1,103676.07,101032.71,101002.79,101002.21,101015.44
17022.209510624,7583,100998.43,99190.97,100993.17,103670.97,101030.61,100994.77,101002.21,101012.47
17022.230096465,7584,101001.36,99188.88,100989.16,103669.88,101037.78,101005.74,101003.27,101026.43
17022.250569355,7585,100991.5,99180.81,100993.17,103670.97,101031.66,101003.85,100997.12,101015.44
17022.271160735,7586,101001.36,99195.91,100998.21,103673.88,101030.61,100993.71,101003.27,101027.47
17022.291691052,7587,101011.49,99184.85,100988.12,103672.79,101030.61,101003.85,100996.29,101016.47
17022.312555655,7588,101005.36,99191.88,100985.15,103674.98,101033.76,101002.79,101007.29,101013.5
17022.336360795,7589,100998.43,99181.85,100995.11,103657.88,101036.73,100997.72,101007.29,101021.52
17022.356985234,7590,101002.43,99189.92,100993.17,103678.98,101032.71,101002.79,101008.36,101006.39
17022.37744825,7591,100990.43,99197.99,100983.08,103676.79,101032.71,101010.81,101007.29,101002.38
17022.398071388,7592,100999.49,99196.95,100997.18,103672.07,101039.7,101006.8,101010.25,101021.52
17022.418561484,7593,100989.37,99189.92,100983.08,103664.06,101022.57,101000.67,101004.34,101012.47
17022.439262079,7594,101001.36,99185.89,100992.13,103673.88,101034.63,101000.67,101010.25,101019.45
17022.459878056,7595,100998.43,99187.84,100997.18,103657.88,101034.63,101008.69,100995.23,101020.48
17022.480514894,7596,101002.43,99181.85,100993.17,103674.98,101033.76,101004.68,101006.23,101015.44
17022.504048934,7597,101001.62,99188.88,100985.15,103673.88,101027.64,101008.69,101012.38,101028.5
17022.524987388,7598,101002.43,99189.92,100994.2,103677.89,101034.63,100999.61,101012.38,101020.48
17022.545473299,7599,101002.43,99187.84,100985.15,103681.89,101029.74,101000.67,101012.38,101013.37
17022.566091319,7600,101007.49,99179.77,100986.18,103673.88,101023.62,101006.8,101004.34,101022.42
17022.586156322,7601,101001.36,99185.89,100989.16,103677.89,101029.56,101002.79,101014.27,101011.43
17022.607153526,7602,100994.43,99189.92,100993.17,103680.07,101036.73,100997.72,101008.36,101016.47
17022.627678425,7603,100999.49,99196.95,100993.17,103665.88,101031.66,101006.8,100998.19,101032.51
17022.648260741,7604,100993.37,99195.91,101001.19,103669.88,101034.63,101003.62,101002.21,101021.52
17022.672031719,7605,100997.36,99189.92,100992.13,103672.07,101032.71,101000.67,101010.25,101015.44
17022.693044236,7606,101003.49,99192.01,100993.17,103673.88,101038.65,100996.66,101018.29,101016.47
17022.713077411,7607,101002.43,99195.91,100992.13,103660.79,101035.68,101000.67,101002.21,101021.52
17022.734113483,7608,100999.49,99179.77,101001.19,103672.79,101036.73,101000.67,101002.21,101018.41
17022.755854131,7609,101007.49,99196.95,100995.24,103667.7,101024.67,100996.66,101002.21,101026.43
17022.775282191,7610,100999.49,99196.95,101001.19,103662.97,101025.72,101008.69,101001.15,101010.4
17022.795654409,7611,101006.42,99202.03,100993.17,103672.79,101032.71,100996.66,101001.15,101015.44
17022.816217246,7612,100997.36,99188.88,100990.19,103673.88,101032.71,101000.67,101006.23,101020.48
17022.839973952,7613,101007.49,99188.88,100981.14,103678.98,101032.71,101006.8,101006.23,101020.48
17022.86049103,7614,101006.42,99192.92,100998.21,103681.89,101031.66,101000.67,101003.27,101021.52
17022.881097082,7615,100999.49,99195.91,100997.18,103672.07,101034.63,101001.73,101002.21,101012.47
17022.902106984,7616,100994.43,99191.88,100984.11,103676.79,101031.66,101004.68,101003.27,101028.5
17022.922163445,7617,101001.36,99193.96,100990.19,103680.8,101027.64,101009.75,101006.23,101010.4
17022.943179917,7618,100990.43,99188.88,100993.17,103672.07,101026.59,101000.67,101006.23,101018.41
17022.963193133,7619,100999.49,99195.91,100990.19,103673.88,101037.78,101004.68,101007.29,101020.48
17022.984349326,7620,101006.42,99195.91,100993.17,103661.88,101036.73,101004.68,100998.19,101014.4
17023.008052552,7621,100999.49,99186.8,100987.09,103673.88,101032.71,101009.75,101009.19,101020.48
17023.028507335,7622,101001.36,99187.84,100992.13,103665.88,101032.71,100999.61,101002.21,101012.47
17023.049097323,7623,100994.43,99193.96,100993.17,103661.88,101031.66,101012.71,101011.32,101012.47
17023.069562922,7624,100997.36,99187.84,100989.16,103670.97,101030.61,101007.64,101003.27,101012.47
17023.090342466,7625,100989.37,99183.81,100992.13,103669.88,101034.63,101000.67,101012.38,101027.47
17023.11058616,7626,100997.36,99203.98,100993.17,103673.88,101032.71,101004.68,101014.27,101019.45
17023.131198001,7627,101007.49,99205.02,100992.13,103673.88,101026.59,100999.61,101007.29,101021.39
17023.152258229,7628,101005.36,99188.88,100984.11,103671.7,101035.68,101009.75,100995.23,101029.54
17023.175999923,7629,101006.42,99195.91,100984.11,103669.88,101031.66,101000.67,101008.36,101019.45
17023.196479424,7630,100998.43,99179.77,100990.19,103660.79,101030.61,101010.81,101002.21,101028.5
17023.217092616,7631,100998.43,99193.96,100987.09,103669.88,101022.57,101000.67,101005.17,101028.5
17023.237561941,7632,100999.49,99187.84,100983.08,103676.07,101030.61,100999.61,101006.23,101012.47
17023.25820528,7633,100998.43,99192.92,100992.13,103678.98,101028.69,101005.74,101009.19,101013.5
17023.278685411,7634,101006.42,99188.88,100990.19,103660.79,101039.7,101001.73,101010.25,101013.5
17023.299191381,7635,101003.49,99192.92,100997.18,103677.89,101028.69,101004.68,101005.17,101010.4
17023.319792596,7636,100997.36,99188.88,100993.17,103677.89,101040.75,101005.74,101009.19,101018.41
17023.344044662,7637,100998.43,99193.96,100991.1,103669.88,101031.66,101004.68,101003.27,101018.41
17023.364473836,7638,101001.62,99189.92,100995.24,103673.88,101032.71,101009.75,100997.12,101018.41
17023.385163975,7639,100989.37,99184.85,100990.06,103677.89,101040.75,101012.71,101002.21,101035.48
17023.405615103,7640,100998.43,99184.85,100989.16,103681.89,101019.6,101001.73,101005.17,101010.53
17023.42633033,7641,100999.49,99187.84,100996.14,103673.88,101031.66,101002.79,101010.25,101026.43
17023.446610439,7642,100998.43,99179.77,100991.1,103677.89,101039.7,101002.79,100996.06,101021.52
17023.467276902,7643,101004.55,99182.77,100987.09,103667.7,101030.61,101001.73,100994.17,101014.4
17023.491394735,7644,100997.36,99186.8,100984.11,103668.79,101026.59,101002.79,100994.17,101016.47
17023.512013676,7645,100989.37,99190.84,100993.17,103673.88,101032.71,101008.69,101005.17,101012.47
17023.532463351,7646,100997.36,99187.84,100988.12,103677.89,101032.71,100997.72,101010.25,101019.45
17023.553095022,7647,100997.36,99191.88,100985.15,103673.88,101030.61,101006.8,101004.1,101012.47
17023.573560131,7648,100997.36,99191.88,100985.15,103684.8,101039.7,101000.67,101009.19,101012.47
17023.594281727,7649,101001.36,99195.91,101001.19,103677.89,101040.75,101009.75,100997.12,101029.54
17023.614768008,7650,101001.36,99195.91,100990.19,103681.89,101026.59,101005.74,101009.19,101019.45
17023.635319677,7651,101002.43,99190.84,100989.16,103669.88,101031.66,101002.79,101002.21,101013.5
17023.659403398,7652,100998.43,99179.77,100993.17,103681.89,101030.61,101008.69,100994.17,101014.4
17023.680107118,7653,100997.36,99191.88,100983.08,103673.88,101031.66,101000.67,101007.29,101008.46
17023.700480348,7654,100997.36,99197.86,100991.1,103672.79,101024.49,101013.76,101003.27,101010.4
17023.721187252,7655,101004.55,99199.95,100992.13,103672.79,101038.65,101003.85,101007.29,101008.33
17023.74159894,7656,100999.49,99178.73,100992.13,103673.88,101032.71,101004.68,101002.21,101024.49
17023.762380968,7657,100994.43,99179.77,100991.1,103673.88,101030.61,101008.69,101002.21,101006.39
17023.782649089,7658,100998.43,99191.88,100992.13,103672.79,101032.71,101006.8,101006.23,101020.48
17023.803236232,7659,101002.43,99200.99,100993.17,103673.88,101032.71,101005.74,101002.21,101016.47
17023.827421747,7660,100995.49,99188.75,100993.17,103672.79,101022.57,101002.79,100993.1,101012.47
17023.848042702,7661,101002.43,99194.87,100998.21,103677.89,101023.62,101006.8,101002.21,101020.48
17023.868516453,7662,100994.43,99194.87,100988.12,103677.89,101027.64,100993.71,101006.23,101015.44
17023.88916547,7663,100997.36,99192.92,100988.12,103681.89,101031.66,100996.66,101010.25,101017.38
17023.909539081,7664,101000.56,99175.74,100989.16,103673.88,101032.71,101001.73,101002.21,101010.4
17023.930174968,7665,100999.49,99203.98,100993.17,103671.7,101032.71,101000.67,100994.17,101020.48
17023.950657783,7666,101002.43,99186.8,100992.13,103677.89,101026.59,101005.74,101012.38,101010.4
17023.971269003,7667,100990.43,99196.95,100993.17,103680.07,101026.77,100993.71,101009.19,101020.48
17023.995003846,7668,100997.36,99192.92,100991.1,103673.88,101038.65,101005.74,100997.12,101019.45
17024.016090665,7669,100998.43,99197.99,100985.15,103673.88,101027.64,101004.68,100998.19,101014.4
17024.036103841,7670,100990.43,99180.81,100985.15,103666.61,101031.66,101003.85,101002.21,101020.48
17024.057218842,7671,100990.43,99189.92,100994.2,103675.7,101032.71,101001.73,101018.29,101010.4
17024.07761077,7672,100999.49,99189.92,100993.17,103676.79,101022.57,100995.6,101006.23,101014.4
17024.098369283,7673,100999.49,99196.95,100993.17,103677.89,101031.66,101000.67,101014.27,101019.45
17024.118693879,7674,100997.36,99191.88,100986.18,103681.89,101024.67,101002.79,101010.25,101022.42
17024.139267942,7675,101006.42,99185.89,100991.1,103677.89,101033.76,101001.73,101012.38,101013.5
17024.163017488,7676,100999.49,99197.99,101001.19,103676.79,101031.66,101006.8,101006.23,101012.47
17024.183467704,7677,100991.5,99184.85,100993.17,103675.7,101038.65,101008.69,101006.23,101015.44
17024.204079234,7678,101011.49,99206.06,100994.2,103668.79,101033.58,101008.69,101010.25,101018.41
17024.225198422,7679,101003.49,99197.99,100985.15,103672.79,101031.66,101016.72,101002.21,101013.5
17024.24522633,7680,101001.36,99197.99,100993.17,103672.79,101031.66,100996.66,101011.32,101016.47
17024.266252537,7681,100998.43,99183.81,100993.17,103671.7,101030.61,101000.67,101009.19,101016.47
17024.286241285,7682,100991.5,99192.92,100995.11,103677.89,101019.6,101002.79,101002.21,101012.47
17024.30727218,7683,100989.37,99187.84,101001.19,103677.89,101026.59,101002.79,101000.08,101020.48
17024.331016467,7684,100999.49,99192.92,100985.15,103676.79,101030.61,101008.69,101008.12,101026.43
17024.35153039,7685,101003.49,99196.95,100993.17,103677.89,101031.66,101002.79,101002.21,101019.45
17024.372109742,7686,101009.62,99179.77,100993.17,103661.88,101038.65,100994.77,101001.15,101010.4
17024.392575391,7687,100999.49,99193.96,100993.17,103676.79,101038.65,101008.69,101003.27,101017.51
17024.41319256,7688,101003.49,99187.84,100995.11,103676.79,101028.51,101001.73,101010.25,101021.52
17024.433663197,7689,100997.36,99199.95,100985.15,103676.79,101027.64,101005.74,101006.23,101017.51
17024.454267396,7690,101001.36,99196.95,100993.17,103671.7,101026.59,101000.67,101000.08,101018.41
17024.475246712,7691,100989.37,99200.99,100990.19,103672.79,101024.67,101005.74,101002.21,101018.41
17024.499040715,7692,101007.49,99188.88,100988.12,103671.7,101032.71,101001.73,101001.15,101019.45
17024.51947042,7693,100987.24,99185.89,100993.17,103665.88,101027.64,101002.79,101002.21,101012.47
17024.540141921,7694,100999.49,99187.84,100989.16,103676.79,101033.76,101002.79,100996.06,101024.36
17024.560601331,7695,100999.49,99187.84,101005.2,103671.7,101033.76,101001.73,101011.32,101014.4
17024.581295396,7696,100999.49,99187.84,100993.17,103665.51,101028.51,101017.78,101006.23,101019.45
17024.60165169,7697,100989.37,99180.81,101002.22,103676.79,101024.67,101001.73,101002.21,101018.41
17024.62225634,7698,101007.49,99199.95,100989.16,103680.8,101030.61,101013.76,101007.29,101014.4
17024.642706136,7699,100998.43,99187.84,100994.2,103679.7,101024.67,101010.81,101009.19,101030.44
17024.667059945,7700,101003.49,99199.95,100989.16,103677.89,101031.66,101008.69,101008.12,101011.43
17024.687533557,7701,100999.49,99191.88,100993.17,103664.79,101026.59,101010.81,101004.1,101016.34
17024.708128141,7702,100996.3,99187.84,100998.21,103681.89,101037.6,101001.73,101004.1,101022.42
17024.728571868,7703,100993.37,99197.99,100993.17,103681.89,101030.61,100998.78,101005.17,101018.41
17024.749210359,7704,100992.3,99187.84,100994.2,103683.71,101031.66,101000.67,101002.21,101018.41
17024.769662448,7705,100998.43,99195.91,100985.15,103676.79,101020.65,101000.67,101005.17,101017.38
17024.790323052,7706,100990.43,99188.88,100993.17,103673.52,101030.61,101005.74,101001.15,101012.47
17024.816098141,7707,100997.36,99188.88,100989.16,103667.7,101032.71,100997.72,101014.27,101020.48
17024.83504886,7708,100998.43,99188.88,100991.1,103677.89,101024.67,101003.85,101006.23,101010.4
17024.855517243,7709,100988.3,99197.99,100989.16,103675.7,101032.71,101004.68,101002.21,101012.47
17024.876156245,7710,100999.49,99199.95,100991.1,103676.79,101032.71,101009.75,101009.19,101034.58
17024.896661394,7711,101001.36,99191.88,100984.11,103676.79,101031.66,101008.69,101004.1,101022.55
17024.917212753,7712,100997.36,99199.95,100989.16,103675.7,101032.71,101004.68,101006.23,101027.47
17024.93794732,7713,100989.37,99182.77,100997.18,103673.88,101026.59,101001.73,101006.23,101011.43
17024.958946226,7714,100991.5,99195.91,100993.17,103675.7,101035.68,100997.72,101011.32,101008.33
17024.982435668,7715,101001.36,99188.88,101001.19,103676.79,101031.66,101006.8,100998.19,101010.4
17025.003064715,7716,100998.43,99191.88,100993.17,103681.89,101030.61,101002.79,101002.21,101012.47
17025.02352729,7717,100996.3,99196.95,100985.15,103685.89,101042.67,101004.68,101008.12,101012.47
17025.044165129,7718,101002.43,99199.95,100993.17,103677.89,101036.73,101009.75,101002.21,101011.43
17025.064553833,7719,101007.49,99188.88,100986.05,103677.89,101023.62,101009.75,101011.32,101020.48
17025.085247637,7720,100993.37,99196.95,100993.17,103681.89,101030.61,101005.74,100994.17,101017.51
17025.105694388,7721,100997.36,99195.91,100985.15,103677.89,101023.62,101002.79,101002.21,101023.46
17025.126288993,7722,101001.36,99189.92,101001.19,103673.52,101032.71,101006.8,101003.27,101023.46
17025.150454808,7723,101005.36,99195.91,100993.17,103677.89,101032.71,101010.81,100997.12,101028.5
17025.171058176,7724,100997.36,99192.92,100993.17,103683.71,101031.66,101004.68,101011.32,101020.48
17025.191535363,7725,100990.43,99193.96,100991.1,103674.61,101032.71,101006.8,101002.21,101017.38
17025.214098545,7726,101009.62,99195.91,100992.13,103677.89,101030.61,101006.8,101002.21,101011.43
17025.232751933,7727,100990.43,99187.84,100991.1,103672.79,101028.69,101002.79,101006.23,101018.41
17025.253392197,7728,100998.43,99187.84,100993.17,103676.79,101039.7,101010.81,101006.23,101012.47
17025.274064249,7729,100990.43,99187.84,100985.15,103677.89,101032.71,101002.79,100998.19,101012.47
17025.294270967,7730,101007.49,99194.87,100993.17,103676.79,101032.71,101005.74,100996.06,101020.48
17025.318038149,7731,100989.37,99187.84,100989.16,103675.7,101039.7,101004.91,101001.15,101011.43
17025.339099019,7732,100992.3,99186.8,100987.09,103681.89,101031.66,101004.68,101002.21,101016.47
17025.359121308,7733,100999.49,99179.77,100989.16,103676.79,101031.66,101002.79,101002.21,101019.45
17025.380212313,7734,100997.36,99187.84,100994.2,103680.8,101022.57,101004.68,101003.27,101021.52
17025.400639955,7735,100989.37,99191.88,100993.17,103672.79,101030.61,100998.78,101015.34,101014.4
17025.421335012,7736,100997.36,99188.88,100993.17,103689.89,101032.71,101001.73,101005.17,101017.51
17025.441747381,7737,101001.36,99187.84,100991.1,103680.8,101040.75,101001.73,100994.17,101013.37
17025.462312982,7738,100994.43,99192.92,100993.17,103669.88,101031.66,100993.71,101005.17,101029.54
17025.48616989,7739,100990.43,99179.77,100986.18,103685.89,101032.71,101001.73,101006.23,101012.47
17025.506497971,7740,101003.49,99192.92,100997.18,103677.89,101030.61,101005.74,101010.25,101004.32
17025.527189132,7741,101002.43,99187.84,100987.09,103680.8,101027.64,101002.79,101010.25,101022.42
17025.548308179,7742,100998.43,99187.84,100988.12,103675.7,101034.63,101002.79,101006.23,101010.4
17025.568399222,7743,100993.37,99186.8,100991.1,103683.71,101022.57,101006.8,101003.04,101020.48
17025.58930675,7744,100999.49,99194.87,100996.14,103681.89,101023.62,101006.8,101005.17,101019.45
17025.609235738,7745,100998.43,99186.8,100994.2,103677.89,101034.63,101002.79,100998.19,101013.37
17025.630232241,7746,101006.42,99187.84,101001.19,103674.61,101033.76,101002.79,101008.12,101010.4
17025.654086645,7747,100991.5,99193.83,100988.12,103680.8,101031.66,101000.67,101001.15,101012.47
17025.674504112,7748,100998.43,99187.84,100985.15,103671.7,101031.66,101004.91,101009.19,101012.47
17025.695225999,7749,100997.62,99190.84,100994.2,103683.71,101024.67,101009.75,101010.25,101020.48
17025.715595092,7750,100991.24,99195.91,100990.19,103683.71,101031.66,100996.66,101005.17,101026.43
17025.736511333,7751,101001.36,99195.91,100993.17,103675.7,101032.71,101002.79,101015.34,101012.47
17025.756634175,7752,100990.43,99187.84,100993.17,103676.79,101032.71,101000.67,101004.1,101011.43
17025.777265585,7753,100999.49,99185.76,100985.15,103664.79,101034.63,101002.79,100998.19,101020.48
17025.79828374,7754,100991.5,99187.84,100991.1,103675.7,101030.61,101002.79,101003.27,101008.33
17025.822103982,7755,100989.37,99191.88,100985.15,103660.79,101031.66,100995.82,101002.21,101021.52
17025.842643183,7756,100997.36,99203.98,101003.26,103676.79,101032.71,101006.8,101003.27,101009.49
17025.863127962,7757,101003.49,99195.91,100985.15,103681.89,101036.73,100996.66,101002.21,101010.4
17025.883630237,7758,100999.49,99191.88,100993.17,103684.8,101022.57,101001.73,100996.06,101010.4
17025.904436812,7759,100999.49,99188.88,100993.17,103683.71,101030.61,101001.73,100998.19,101020.48
17025.925050065,7760,100989.37,99188.88,100993.17,103675.7,101027.64,101001.73,101014.27,101010.4
17025.946193289,7761,100998.43,99188.88,100992.13,103679.7,101023.62,101004.91,101010.25,101014.4
17025.969451742,7762,100998.43,99200.99,100985.15,103675.7,101023.62,101001.73,101002.21,101016.47
17025.990098555,7763,100999.49,99190.84,100997.18,103684.8,101031.66,101002.79,101010.25,101018.41
17026.010551095,7764,100997.36,99203.98,100989.16,103672.79,101030.61,101000.67,101000.08,101020.48
17026.031210658,7765,100993.37,99199.95,100991.1,103677.89,101048.79,100998.78,101002.21,101014.53
17026.051668716,7766,100997.36,99189.92,100993.17,103681.89,101032.71,101005.74,101002.21,101020.48
17026.072286976,7767,101002.43,99199.95,100997.18,103681.89,101040.75,101003.85,101001.15,101011.43
17026.092706436,7768,100997.36,99190.84,100997.18,103675.7,101024.67,101001.73,101010.25,101026.43
17026.113297595,7769,101007.49,99189.92,100986.18,103684.8,101030.61,101007.64,101006.23,101018.41
17026.137458113,7770,100989.37,99191.88,100995.11,103680.8,101026.59,100992.65,101010.25,101008.46
17026.158129524,7771,100998.43,99188.88,100993.17,103677.89,101019.6,100995.82,101010.25,101028.5
17026.17856019,7772,100989.37,99188.88,100993.17,103677.89,101030.61,101001.73,101006.23,101018.41
17026.199120653,7773,100998.43,99203.98,100985.15,103680.8,101033.58,101014.82,101011.32,101012.47
17026.219903693,7774,100995.49,99179.77,100989.16,103671.7,101034.63,101005.74,100994.17,101029.54
17026.240316192,7775,100999.49,99196.95,100997.18,103680.8,101026.59,101004.68,101002.21,101018.41
17026.260728521,7776,100997.36,99185.76,100993.17,103680.8,101034.63,101002.79,101002.21,101012.47
17026.281356456,7777,101005.36,99185.76,100993.17,103681.89,101039.7,100997.72,100997.12,101010.4
17026.305494379,7778,100999.49,99179.77,100997.18,103670.61,101031.66,101005.74,101005.17,101014.4
17026.32609324,7779,101008.29,99197.99,100993.17,103676.79,101023.62,101002.79,100998.19,101011.43
17026.346595425,7780,100991.5,99188.88,100990.19,103684.8,101030.61,101001.73,101006.23,101025.4
17026.367156649,7781,101003.49,99190.84,100985.15,103680.8,101032.71,100994.77,101001.15,101026.43
17026.387647096,7782,100997.36,99187.84,100993.17,103672.79,101034.81,101001.73,101006.23,101018.41
17026.408335753,7783,100998.43,99195.91,100992.13,103680.8,101035.68,101000.67,100993.1,101018.41
17026.428747881,7784,101005.36,99196.95,100984.11,103679.7,101027.64,101010.81,100993.1,101008.33
17026.449585674,7785,101003.49,99180.81,100992.13,103684.8,101022.57,101002.79,101002.21,101015.44
17026.473475942,7786,100993.37,99191.88,100985.15,103677.89,101026.59,101001.73,101002.21,101020.48
17026.494118229,7787,101002.43,99199.95,100991.1,103672.79,101027.64,101000.67,101002.21,101009.36
17026.514237555,7788,101000.56,99198.9,100993.17,103679.7,101032.71,101008.69,101002.21,101012.47
17026.535208138,7789,101007.49,99190.84,100988.12,103671.7,101034.63,101000.67,101001.15,101019.45
17026.555621138,7790,101007.49,99185.76,100992.13,103676.79,101037.6,100994.77,100997.12,101014.53
17026.576230355,7791,100990.43,99199.95,100997.18,103672.79,101032.71,101002.79,101014.27,101011.43
17026.596745319,7792,100999.49,99187.84,100993.17,103675.7,101027.64,101010.81,100997.12,101009.36
17026.619348591,7793,100994.43,99188.88,100993.17,103677.89,101024.67,101001.73,101002.21,101016.34
17026.641108979,7794,100994.43,99186.8,100997.18,103680.8,101026.59,101016.72,101010.25,101010.4
17026.662120434,7795,100995.49,99189.92,101002.22,103679.7,101032.71,101002.79,101006.23,101011.43
17026.68212785,7796,100997.36,99187.84,100992.13,103676.79,101034.63,101009.75,101010.25,101025.53
17026.703265276,7797,100998.43,99187.84,100993.17,103691.71,101031.66,101005.74,101006.23,101020.48
17026.723714371,7798,101001.62,99187.84,100996.14,103681.89,101030.61,101002.79,101000.08,101020.48
17026.74820746,7799,100994.43,99190.84,100993.17,103679.7,101030.61,100998.55,101006.23,101020.48
17026.76469227,7800,101005.36,99185.76,100993.17,103683.71,101038.83,101005.74,100996.06,101016.47
17026.785345133,7801,100999.49,99195.91,100989.16,103675.7,101036.73,101001.73,101002.21,101021.52
17026.809069931,7802,100989.37,99202.03,100989.16,103676.79,101022.57,101002.79,101007.29,101013.37
17026.82955495,7803,100998.43,99187.84,100991.1,103680.8,101026.59,101006.8,101001.15,101015.44
17026.850145298,7804,100998.43,99186.8,100993.17,103689.89,101029.74,101008.69,101000.08,101020.48
17026.871426862,7805,100991.5,99187.84,100992.13,103680.8,101023.62,101004.68,101006.23,101010.4
17026.891351333,7806,100998.43,99186.8,100985.15,103676.79,101038.65,101008.69,101002.21,101012.34
17026.912279772,7807,101001.36,99190.84,100993.17,103684.8,101034.63,101002.79,101008.12,101014.4
17026.932375953,7808,100989.37,99199.95,100994.2,103679.7,101023.62,101002.79,101014.27,101013.5
17026.953369651,7809,100990.43,99183.81,100993.17,103679.7,101028.69,101003.85,101002.21,101021.52
17026.977096573,7810,101002.43,99183.81,100993.17,103683.71,101038.65,101000.67,101006.23,101020.48
17026.997656675,7811,100990.43,99187.84,101002.22,103677.89,101023.62,100997.72,101004.34,101014.4
17027.018117107,7812,100998.43,99178.73,100989.16,103684.8,101039.7,100988.64,100994.17,101007.42
17027.038569036,7813,100988.3,99183.81,100989.16,103676.79,101035.68,100996.66,101002.21,101019.45
17027.059404144,7814,100998.43,99191.88,100993.17,103705.9,101031.66,101003.85,101005.17,101012.47
17027.080338753,7815,100999.49,99185.76,100993.17,103684.8,101030.61,101009.75,101005.17,101021.52
17027.100279559,7816,100995.49,99187.84,100985.15,103678.61,101032.71,101002.79,100993.1,101008.33
17027.121391486,7817,101002.43,99193.83,100994.2,103680.8,101035.68,101004.68,101006.23,101023.46
17027.145105618,7818,101001.36,99194.87,100985.15,103677.89,101028.51,101008.69,101006.23,101024.49
17027.165541072,7819,100991.5,99194.87,100993.17,103684.8,101030.61,101003.62,101002.21,101019.45
17027.186220405,7820,100999.49,99205.02,100993.17,103677.89,101026.59,101006.8,101002.21,101018.41
17027.206615908,7821,100997.36,99195.91,100999.25,103693.9,101027.64,101006.58,101000.08,101020.48
17027.227337424,7822,100993.37,99195.91,101002.22,103675.7,101026.59,101006.8,101002.21,101012.34
17027.247764275,7823,100998.43,99195.91,100994.2,103680.8,101031.66,101011.87,101002.21,101013.37
17027.268316406,7824,100997.36,99195.91,100993.17,103673.52,101023.62,101001.73,101001.15,101018.41
17027.292498746,7825,100996.3,99191.88,101001.19,103679.7,101016.63,101008.69,100994.17,101014.4
17027.313118148,7826,100989.37,99193.83,100993.17,103679.7,101031.66,100996.66,100998.19,101024.36
17027.333610068,7827,101002.43,99198.9,101004.16,103683.71,101031.66,101006.58,101007.29,101018.41
17027.354279245,7828,100991.5,99187.84,101000.15,103683.71,101031.66,100998.78,101002.21,101018.41
17027.374738204,7829,100998.43,99191.88,100985.15,103687.71,101030.61,101001.73,101011.32,101012.47
17027.395389535,7830,100993.37,99191.88,100990.19,103692.8,101030.61,100998.78,101010.25,101023.46
17027.415826982,7831,100991.5,99187.84,100993.17,103677.89,101027.64,101006.8,101001.15,101021.52
17027.436422688,7832,101000.56,99190.84,100989.16,103675.7,101023.62,100993.71,101008.12,101011.43
17027.460555914,7833,100991.5,99195.91,100994.2,103682.61,101032.71,101000.67,101014.27,101012.34
17027.481173924,7834,101014.42,99187.84,101001.19,103683.71,101040.75,101002.79,101002.21,101011.43
17027.50162407,7835,100998.43,99195.91,100998.21,103676.79,101031.66,101003.85,101002.21,101026.43
17027.522535344,7836,101008.55,99189.79,100991.1,103689.53,101032.71,101001.73,101006.23,101017.38
17027.542670754,7837,100990.43,99199.95,100994.2,103683.71,101032.71,101000.67,101003.27,101020.48
17027.563268173,7838,101002.43,99199.95,100993.17,103679.7,101038.65,101006.8,101011.32,101022.42
17027.584198715,7839,100997.36,99195.91,100993.17,103680.8,101039.7,101001.73,101002.21,101013.5
17027.604914013,7840,100997.36,99187.84,100993.17,103676.79,101026.59,101002.79,101002.21,101018.41
17027.628511538,7841,100989.37,99187.84,100999.25,103679.7,101035.68,101000.67,101002.21,101024.49
17027.649191692,7842,101001.36,99182.77,101002.22,103682.61,101027.64,101012.71,101002.21,101012.47
17027.669593065,7843,101005.36,99187.84,100989.16,103687.71,101027.64,101009.75,100994.17,101016.34
17027.690293149,7844,101003.49,99187.84,100991.1,103685.89,101032.71,101002.79,101006.23,101015.44
17027.710715694,7845,100993.37,99195.91,100993.17,103679.7,101032.71,101002.79,101009.19,101014.4
17027.733191763,7846,101001.36,99195.91,100985.15,103675.7,101031.66,101002.79,101000.08,101015.44
17027.751758421,7847,100986.43,99187.84,100992.13,103685.89,101030.61,101000.67,101000.08,101028.5
17027.772371434,7848,100989.37,99187.84,100993.17,103684.8,101040.75,101008.69,101014.27,101022.42
17027.796182502,7849,100977.37,99198.9,100988.12,103677.52,101028.69,101002.79,100998.19,101027.47
17027.817183341,7850,101003.49,99191.88,100997.18,103683.71,101031.66,101003.62,101000.08,101020.48
17027.8377081,7851,101003.49,99200.99,100997.18,103688.8,101026.59,101001.73,101000.08,101010.4
17027.858254011,7852,101005.36,99199.95,100994.2,103685.89,101031.66,101009.75,101004.34,101018.41
17027.878703046,7853,100999.49,99191.88,100985.15,103692.8,101032.71,101008.69,101009.19,101015.44
17027.899302738,7854,101007.49,99189.79,100993.17,103674.61,101034.63,101004.68,101002.21,101016.47
17027.919772183,7855,101001.36,99186.8,100997.18,103688.8,101031.66,101000.67,101002.21,101015.44
17027.940386839,7856,100998.43,99197.86,100994.2,103688.8,101026.59,101001.73,101002.21,101019.45
17027.964124015,7857,101008.55,99193.83,100996.14,103679.7,101032.71,100994.77,101002.21,101019.45
17027.985160539,7858,100992.56,99187.84,100989.16,103677.89,101017.5,101001.73,100998.19,101011.43
17028.005255267,7859,100998.43,99185.76,100993.17,103677.89,101032.71,101000.67,100997.12,101016.47
17028.026263046,7860,100999.49,99196.95,100997.18,103682.61,101027.64,101000.67,101002.21,101008.33
17028.04638043,7861,100991.5,99193.83,100992.13,103680.8,101031.66,100993.71,101012.38,101016.47
17028.067318784,7862,100993.37,99195.91,101001.19,103683.71,101032.71,100992.65,100998.19,101019.45
17028.087745354,7863,101006.42,99194.87,100993.17,103683.71,101028.69,101008.69,101001.15,101020.48
17028.108332958,7864,100997.36,99186.8,100993.17,103691.71,101031.66,101006.8,101001.15,101016.47
17028.132156787,7865,100997.36,99180.81,100994.2,103681.52,101028.69,101001.73,101010.25,101008.33
17028.153154961,7866,100993.37,99193.83,100990.19,103679.7,101032.71,100999.61,101002.21,101014.4
17028.173175428,7867,100997.36,99178.73,100993.17,103683.71,101026.59,101012.71,101001.15,101020.48
17028.194290419,7868,100990.43,99201.9,100985.15,103675.7,101030.61,101001.73,100992.04,101018.41
17028.214306749,7869,101006.42,99195.91,100994.2,103691.71,101030.61,101009.75,101001.15,101014.4
17028.235571918,7870,101002.43,99206.06,100993.17,103675.7,101022.57,101003.62,101000.08,101010.4
17028.255617463,7871,100999.49,99189.92,100993.17,103676.79,101032.71,101010.81,101005.17,101024.36
17028.276472401,7872,100999.49,99189.79,100995.11,103684.8,101032.71,100997.72,101009.19,101010.4
17028.3001448,7873,101001.36,99191.88,100986.18,103677.89,101034.63,101003.85,101001.15,101017.38
17028.320646084,7874,100997.36,99194.87,100993.17,103680.8,101028.69,100996.66,101003.27,101009.36
17028.341265816,7875,100995.49,99195.91,100993.17,103684.8,101034.63,100997.72,101012.38,101011.43
17028.361680329,7876,100989.37,99189.79,100994.2,103677.52,101032.71,101011.87,101006.23,101019.45
17028.38235867,7877,100997.36,99191.88,100989.16,103675.7,101038.65,101001.73,101009.19,101014.4
17028.403331046,7878,100994.43,99193.83,100988.12,103684.8,101030.61,101005.74,101001.15,101012.34
17028.423354657,7879,100998.43,99187.84,100986.18,103682.61,101027.64,100997.72,101005.17,101016.34
17028.445362398,7880,100997.36,99186.8,100989.16,103684.8,101032.71,100998.78,101004.1,101020.48
17028.468134346,7881,100997.36,99189.79,100991.1,103685.89,101029.56,101002.79,101014.27,101022.42
17028.488640086,7882,101006.42,99203.98,100995.24,103683.71,101030.61,101010.81,101000.08,101018.41
17028.509249132,7883,101002.43,99187.84,100993.17,103681.52,101031.66,101002.79,101001.15,101012.47
17028.529833972,7884,100997.36,99185.76,100993.17,103684.8,101032.71,101005.74,101003.27,101028.5
17028.55025835,7885,101001.36,99187.84,100996.14,103680.8,101032.71,101000.67,101008.12,101011.43
17028.570764711,7886,100994.43,99186.8,100989.16,103688.8,101040.75,101009.75,101002.21,101014.4
17028.591394849,7887,100998.43,99188.88,100993.17,103691.71,101034.63,101001.73,101009.19,101010.4
17028.615545231,7888,101005.36,99185.76,100997.18,103671.7,101028.69,100996.66,101005.17,101011.43
17028.636141638,7889,100999.49,99190.84,100996.14,103683.71,101032.71,101013.76,101010.25,101012.47
17028.656658506,7890,101002.43,99197.86,100987.09,103674.61,101022.57,100994.77,101010.25,101012.47
17028.677273631,7891,101003.49,99185.76,100992.13,103696.81,101022.57,101010.81,100992.04,101021.52
17028.697703427,7892,101010.42,99193.96,100993.17,103687.71,101030.61,101000.67,101010.25,101010.4
17028.718397231,7893,101006.42,99188.88,100993.17,103687.71,101026.59,100992.65,101005.17,101012.34
17028.738750141,7894,100989.37,99173.66,100996.14,103682.61,101032.71,101009.75,101002.21,101019.45
17028.760330886,7895,100989.37,99185.76,101001.19,103675.7,101038.65,100998.78,101006.23,101013.37
17028.783547266,7896,100993.37,99187.84,100996.27,103691.71,101048.79,101003.85,101005.17,101023.46
17028.804147289,7897,100999.49,99185.76,100989.16,103692.8,101035.68,101004.91,101001.15,101018.41
17028.824672238,7898,100997.36,99191.88,100991.1,103673.52,101031.66,100998.78,101005.17,101028.5
17028.845219842,7899,101001.36,99191.88,100993.17,103681.52,101020.47,101008.69,101001.15,101020.48
17028.865685321,7900,100989.37,99189.79,100998.21,103691.71,101031.66,101005.74,101002.21,101012.34
17028.886352856,7901,100991.5,99194.87,100989.16,103684.8,101022.57,100996.66,101000.08,101016.47
17028.906805826,7902,101001.36,99185.76,100995.24,103683.71,101030.61,101000.67,101000.08,101025.4
17028.927374362,7903,100997.36,99187.84,100985.15,103683.71,101030.61,101003.85,100997.12,101010.4
17028.951545234,7904,100989.37,99192.92,100992.13,103681.52,101027.64,101004.68,101001.15,101009.36
17028.972148612,7905,100989.37,99190.84,100994.2,103691.71,101022.57,101006.8,100996.06,101017.38
17028.992655845,7906,101002.43,99186.8,101005.2,103679.7,101030.61,100998.78,101002.21,101010.4
17029.013261306,7907,100998.43,99187.84,100984.11,103681.52,101032.71,101009.75,101006.23,101019.45
17029.033726915,7908,100990.43,99195.91,100995.11,103686.62,101038.65,100992.65,101004.1,101006.39
17029.054377104,7909,100999.49,99187.84,100988.12,103692.8,101027.64,101011.87,101003.27,101012.34
17029.074805547,7910,101007.49,99181.73,100985.15,103680.8,101037.6,101004.68,101006.23,101008.33
17029.095531511,7911,100990.43,99190.84,100993.17,103683.71,101022.57,101001.73,101010.25,101008.33
17029.120079524,7912,100999.49,99192.92,100989.16,103691.71,101032.71,101000.67,101002.21,101017.38
17029.140158339,7913,100994.43,99177.69,100993.17,103689.53,101026.59,101002.79,101005.17,101016.47
17029.160680323,7914,101008.55,99185.76,100984.11,103682.61,101028.69,100997.72,101010.25,101027.47
17029.181278734,7915,100990.43,99187.84,100991.1,103679.7,101030.61,101010.81,101002.21,101009.36
17029.201703191,7916,101009.62,99185.76,100993.17,103683.71,101032.71,101010.81,101004.34,101012.47
17029.222376194,7917,101003.49,99185.76,100984.11,103678.61,101024.49,101002.79,101006.23,101019.45
17029.242782474,7918,101007.49,99191.88,100985.15,103682.61,101026.59,101008.69,101006.23,101001.34
17029.264370091,7919,100994.43,99187.84,100995.11,103692.8,101035.68,101002.79,101010.25,101009.36
17029.287139875,7920,101009.36,99193.96,100993.17,103683.71,101032.71,100988.64,101006.23,101010.4
17029.308864759,7921,101007.49,99183.81,100993.17,103683.71,101030.61,101000.67,101006.23,101014.4
17029.328373471,7922,100995.49,99179.77,100993.17,103703.72,101030.61,101007.86,100999.25,101012.47
17029.349400159,7923,101005.62,99186.8,100993.17,103678.61,101030.61,101000.67,101014.27,101020.48
17029.369839469,7924,101007.49,99194.87,100993.17,103686.62,101030.61,101008.69,101006.23,101016.47
17029.390557901,7925,101003.49,99175.74,100994.2,103689.53,101038.65,100996.66,101012.38,101011.43
17029.410779602,7926,101002.43,99186.8,100993.17,103679.7,101027.64,101001.73,101001.15,101020.48
17029.432268839,7927,100991.5,99188.88,100994.2,103683.71,101031.66,101002.79,101006.23,101010.4
17029.455178785,7928,101007.49,99186.8,100994.2,103669.52,101031.66,101009.75,101018.29,101006.52
17029.47626911,7929,100997.36,99185.76,100993.17,103687.71,101035.68,101002.79,100999.25,101015.44
17029.496294774,7930,101002.43,99186.8,100992.13,103700.81,101034.63,100996.66,101004.34,101011.43
17029.517490798,7931,101005.36,99181.73,100989.16,103693.9,101026.59,101005.74,101010.25,101028.5
17029.537309029,7932,100989.37,99189.79,100991.1,103685.89,101032.71,101002.79,101011.32,101022.55
17029.55834427,7933,100998.43,99185.76,100989.16,103682.61,101032.71,101005.74,100997.12,101016.47
17029.578371486,7934,100991.5,99189.79,100994.2,103683.71,101030.61,101001.73,100998.19,101014.4
17029.599349601,7935,100989.37,99181.73,100994.2,103684.8,101035.68,101010.81,101002.21,101014.4
17029.623159468,7936,101001.36,99189.79,100996.14,103675.7,101040.75,100996.66,101007.29,101020.48
17029.643587561,7937,101001.36,99189.79,100995.24,103689.53,101032.71,101001.73,101006.23,101010.4
17029.664238671,7938,101001.62,99177.69,100994.2,103695.71,101039.7,101003.85,101004.1,101011.43
17029.684693374,7939,101004.3,99192.92,100995.24,103687.71,101026.59,101001.73,101003.27,101020.48
17029.705413549,7940,100989.37,99181.73,100993.17,103678.61,101032.71,100999.61,101010.25,101011.43
17029.726392815,7941,100997.36,99177.69,100998.21,103691.71,101034.63,101000.67,101002.21,101011.43
17029.746381774,7942,100991.5,99187.84,100993.17,103691.71,101023.62,101002.79,101002.21,101026.43
17029.768047708,7943,101008.55,99177.69,100986.18,103683.71,101028.69,101006.8,101003.27,101015.44
17029.791175233,7944,100998.43,99187.84,100990.06,103682.61,101028.69,101005.74,101002.21,101011.43
17029.811666121,7945,100998.43,99177.69,100993.17,103687.71,101028.69,101001.73,101006.23,101016.34
17029.832231432,7946,100993.37,99183.81,100991.1,103685.89,101038.65,100993.71,101002.21,101013.5
17029.852722079,7947,100999.49,99190.84,100985.15,103691.71,101032.71,101008.69,101009.19,101012.47
17029.873365287,7948,101007.49,99185.76,100993.17,103691.71,101028.69,100997.72,101000.31,101014.4
17029.893781052,7949,100990.43,99184.72,100988.12,103678.61,101031.66,101001.73,101006.23,101015.44
17029.914364169,7950,100998.43,99189.79,100993.17,103685.89,101032.71,101003.85,101004.1,100997.34
17029.938558287,7951,100995.49,99181.73,100976.09,103684.8,101032.71,101001.73,101002.21,101011.43
17029.959169317,7952,101006.42,99185.76,101001.19,103689.53,101022.57,101008.69,101010.25,101010.4
17029.979643349,7953,100999.49,99177.69,100993.17,103675.7,101022.57,101010.81,101006.23,101026.43
17030.000331545,7954,101006.42,99183.81,100993.17,103680.8,101036.73,101007.64,101005.17,101020.48
17030.02078779,7955,100989.37,99178.73,100993.17,103699.72,101030.61,101004.68,101015.34,101002.38
17030.041371519,7956,101006.42,99191.88,100997.18,103691.71,101038.65,101002.79,100996.29,101015.44
17030.06187138,7957,101001.36,99187.84,100995.11,103683.71,101032.71,101001.73,101000.08,101020.48
17030.08243631,7958,101000.3,99177.69,100991.1,103686.62,101030.61,101004.68,100994.17,101012.47
17030.106569215,7959,100998.43,99181.73,100991.1,103686.62,101036.73,101001.73,101006.23,101014.4
17030.127242038,7960,100998.43,99185.76,100992.13,103683.71,101029.56,101010.81,100997.12,101006.39
17030.147632464,7961,100997.36,99186.8,100994.2,103691.71,101034.63,101000.67,101011.32,101019.45
17030.168264876,7962,100989.37,99186.8,100990.19,103684.8,101031.66,100994.77,101009.19,101008.33
17030.188762834,7963,100999.49,99181.73,100984.11,103682.61,101030.61,100998.78,101007.29,101018.41
17030.209484571,7964,101006.42,99181.73,100993.17,103697.9,101023.62,101009.75,101001.15,101013.5
17030.229873114,7965,100994.43,99173.66,100993.17,103691.71,101036.73,101010.81,101001.15,101010.4
17030.250469992,7966,100993.62,99177.69,100993.17,103678.61,101027.64,100997.72,101018.29,101019.45
17030.274604601,7967,101001.36,99187.84,100993.17,103685.89,101025.54,101005.74,101009.19,101019.45
17030.295218274,7968,100992.3,99178.73,100993.17,103683.71,101030.61,100994.77,100992.04,101019.45
17030.315665436,7969,101007.49,99201.9,100989.16,103692.8,101030.61,101018.83,101010.25,101013.37
17030.336388665,7970,101002.43,99186.8,100993.17,103680.8,101029.56,101001.73,101002.21,101012.47
17030.356726662,7971,101007.49,99177.69,100989.16,103691.71,101026.59,100994.77,101006.23,101014.4
17030.377349258,7972,100997.36,99185.76,101001.19,103692.8,101033.58,101006.8,101001.15,101009.36
17030.397867858,7973,100995.49,99186.8,100991.1,103681.52,101023.62,101002.79,101005.17,101029.54
17030.418676537,7974,100997.36,99184.72,100994.2,103685.89,101028.69,100994.77,101001.15,101015.44
17030.442591913,7975,100999.49,99177.69,100991.1,103677.52,101031.66,101001.73,100998.19,101016.47
17030.463199898,7976,101002.43,99196.82,100993.17,103683.71,101032.71,101001.73,101002.21,101012.47
17030.483710896,7977,101006.42,99181.73,100988.12,103691.71,101020.47,100992.65,100997.12,101013.5
17030.504281435,7978,100989.37,99178.73,100985.15,103679.7,101020.47,101000.67,101001.15,101008.46
17030.524720694,7979,101007.49,99182.77,100991.1,103676.79,101036.73,101009.75,101010.25,101010.4
17030.54555367,7980,100997.36,99183.81,100993.17,103680.8,101023.62,100998.55,101001.15,101013.5
17030.565989454,7981,101001.36,99189.79,100989.16,103691.71,101038.65,101001.73,101002.21,101010.4
17030.586594374,7982,101007.49,99181.73,100988.12,103683.71,101036.73,100993.71,101006.23,101011.43
17030.61018491,7983,101002.43,99179.77,100986.18,103689.53,101046.69,101009.75,101002.21,101009.36
17030.631255594,7984,101005.36,99182.77,100996.14,103681.52,101028.69,100992.65,101002.21,101020.35
17030.651720202,7985,101008.55,99186.8,100995.24,103690.62,101031.66,101001.73,101002.21,101011.43
17030.672319044,7986,101007.49,99186.8,100992.13,103691.71,101032.71,100998.78,101009.19,101010.4
17030.69284193,7987,100998.43,99184.72,100990.19,103682.61,101030.61,100993.71,101008.36,101010.4
17030.713427821,7988,100997.36,99177.69,100989.16,103676.79,101034.63,101008.69,100998.19,101019.45
17030.733980252,7989,100995.49,99185.76,100997.18,103682.61,101015.58,101005.74,101004.1,101007.29
17030.754469467,7990,101006.42,99185.76,100995.24,103704.81,101035.68,101001.73,101010.25,101028.5
17030.778191983,7991,101005.36,99179.77,100989.16,103679.7,101034.63,101002.79,101006.23,101013.37
17030.7992117,7992,100997.36,99174.7,100993.17,103683.71,101038.65,100993.71,101003.04,101011.43
17030.819538249,7993,100990.43,99186.8,100996.14,103686.62,101031.66,101009.75,101006.23,101026.56
17030.84047412,7994,100997.36,99181.73,100995.24,103683.71,101031.66,101002.79,101008.36,101020.48
17030.860401746,7995,101011.49,99169.62,100989.16,103678.61,101030.61,101005.74,101010.25,101010.4
17030.881768649,7996,101005.36,99180.68,100989.16,103686.62,101030.61,101005.74,101010.25,101016.47
17030.902009228,7997,101007.49,99185.76,100988.12,103690.62,101023.62,101002.79,101004.34,101006.39
17030.922541839,7998,100997.36,99185.76,100991.1,103690.62,101031.66,101002.79,101004.1,101018.41
17030.946191133,7999,100989.37,99181.73,100995.24,103689.53,101022.57,101005.74,101006.23,101018.41
17030.966781431,8000,100999.49,99177.69,100989.16,103694.62,101033.76,101004.68,101012.38,101012.47
17030.987335575,8001,100995.49,99193.83,100985.15,103681.52,101030.61,101008.69,101002.21,101031.47
17031.007740132,8002,100989.37,99181.73,100991.1,103681.52,101037.78,101002.79,100998.19,101025.53
17031.028432544,8003,100998.43,99177.69,101000.15,103694.62,101032.71,101000.67,101006.23,101010.4
17031.049375226,8004,101005.36,99186.8,100991.23,103675.7,101034.63,101010.81,101017.23,101019.45
17031.069397985,8005,100998.43,99185.76,100993.17,103679.7,101031.66,101005.74,101002.21,101010.4
17031.093578223,8006,101003.49,99195.91,100997.18,103687.71,101038.65,101008.69,101006.23,101015.44
17031.114222122,8007,100995.49,99181.73,100989.16,103683.71,101031.66,100997.72,101004.34,101007.42
17031.134689504,8008,100997.36,99176.65,100994.2,103691.71,101030.61,100998.78,101001.15,101012.47
17031.155303188,8009,100997.36,99177.69,101002.22,103677.52,101026.59,101008.69,101002.21,101028.5
17031.175725452,8010,100999.49,99176.65,100991.1,103691.71,101036.73,101000.67,101003.27,101014.4
17031.196546639,8011,100997.36,99176.65,100991.1,103691.71,101034.63,100998.78,101000.08,101014.4
17031.216917295,8012,100999.49,99174.7,100993.17,103686.62,101031.66,100994.77,101006.23,101010.4
17031.23745234,8013,101001.36,99185.76,100994.2,103677.52,101034.63,101001.73,101002.21,101011.43
17031.261583683,8014,100995.49,99187.84,100993.17,103684.8,101026.59,101009.75,101008.12,101012.47
17031.282217587,8015,100994.43,99182.77,100994.2,103689.53,101032.71,100992.65,101006.23,101020.48
17031.30267221,8016,101002.43,99181.73,100994.2,103699.72,101031.66,101000.67,101002.21,101020.48
17031.323412905,8017,100998.43,99173.66,100985.15,103684.8,101022.57,101005.74,101011.32,101010.4
17031.346052362,8018,101002.43,99181.73,100993.17,103675.7,101039.7,101006.8,101001.15,101021.52
17031.364390154,8019,100993.37,99177.69,100986.18,103683.71,101026.59,101005.74,101000.08,101012.47
17031.384819119,8020,101005.36,99185.76,100993.17,103703.72,101028.69,101001.73,101014.27,101016.34
17031.405429777,8021,101002.43,99181.73,100988.12,103691.71,101032.71,101009.75,101001.15,101019.45
17031.429592778,8022,101001.36,99185.76,100993.17,103682.61,101030.61,101004.68,101001.15,101008.46
17031.4502312,8023,100999.49,99180.68,100990.19,103693.9,101030.61,100997.72,101003.27,101012.47
17031.470661666,8024,100997.36,99185.76,100987.22,103689.53,101030.61,101013.76,101007.29,101017.51
17031.492060937,8025,100997.36,99177.69,100994.2,103681.89,101039.7,101007.86,101000.08,101013.37
17031.511779848,8026,100991.5,99175.74,101003.26,103691.71,101037.6,101010.81,101004.34,101012.47
17031.532527244,8027,101001.36,99179.77,100994.2,103682.61,101035.68,101002.79,101004.34,101020.48
17031.552992042,8028,101007.49,99175.74,100997.18,103691.71,101031.66,101009.75,101002.21,101018.41
17031.57342987,8029,101007.49,99183.81,100994.2,103689.53,101023.62,100997.72,101006.23,101016.34
17031.598070794,8030,100997.36,99179.64,100977.13,103681.52,101032.71,101010.81,101004.1,101018.41
17031.618259985,8031,100998.43,99180.68,100993.17,103684.8,101023.62,101001.73,101011.32,101013.37
17031.638753717,8032,101006.42,99176.65,100999.25,103691.71,101030.61,101000.67,101004.34,101013.37
17031.660217146,8033,101001.36,99189.79,100989.16,103690.62,101022.57,101001.73,101002.21,101015.44
17031.679801503,8034,100998.43,99186.8,100993.17,103682.61,101035.68,100997.72,100995.23,101018.41
17031.700412863,8035,100997.36,99175.61,100995.24,103689.53,101032.71,101003.85,101001.15,101019.45
17031.72089654,8036,100989.37,99184.72,100989.16,103684.8,101030.61,100994.77,101005.17,101012.47
17031.741584616,8037,100990.43,99185.76,100994.2,103682.61,101031.66,101010.81,101005.17,101012.47
17031.765636559,8038,101005.36,99180.68,100989.16,103689.53,101024.67,101000.67,100994.17,101017.38
17031.786238374,8039,100993.37,99182.77,100994.2,103684.8,101036.73,101000.67,101002.21,100997.34
17031.806733829,8040,101001.36,99186.8,100990.19,103682.61,101034.63,101002.79,101006.23,101012.47
17031.827343417,8041,100994.43,99185.76,100993.17,103693.53,101030.61,100993.71,101009.19,101011.43
17031.847822657,8042,100997.36,99182.77,100977.13,103692.8,101022.57,101004.68,101010.25,101019.45
17031.868457462,8043,100998.43,99185.76,100994.2,103682.61,101029.56,100996.66,101002.21,101021.52
17031.888847568,8044,100997.36,99174.7,100995.24,103678.61,101023.62,100996.66,101003.27,101015.44
17031.909411937,8045,100998.43,99182.77,100994.2,103697.53,101028.69,101010.81,101006.23,101008.46
17031.933231098,8046,101002.43,99180.68,100990.19,103699.72,101027.64,101001.73,101005.17,101015.44
17031.954286289,8047,100999.49,99181.73,100991.23,103683.71,101033.58,100994.77,101009.19,101015.44
17031.974727091,8048,100998.43,99188.88,100986.18,103691.71,101023.62,101003.85,100999.02,101016.47
17031.995349127,8049,100988.3,99177.69,100994.2,103681.89,101031.66,101010.81,100996.06,101016.47
17032.015820456,8050,100998.43,99177.69,100993.17,103698.62,101031.66,101000.67,101011.08,101025.53
17032.038214361,8051,101001.36,99186.8,101001.19,103700.81,101032.71,101008.69,101004.1,101011.43
17032.056850975,8052,101003.49,99175.74,100985.15,103690.62,101030.61,100997.72,101003.04,101009.36
17032.077819135,8053,100999.49,99177.69,100989.16,103681.52,101030.61,101002.79,101004.1,101004.45
17032.101238852,8054,101001.36,99181.73,100993.17,103692.44,101032.71,101009.75,101010.25,101011.43
17032.122413183,8055,101007.49,99177.69,100994.2,103690.62,101036.73,101006.8,101008.12,101010.4
17032.142349592,8056,100998.43,99187.84,100996.27,103685.52,101035.68,101006.8,101001.15,101023.46
17032.163356991,8057,100999.49,99193.83,100988.25,103681.52,101032.71,101000.67,100996.06,101010.4
17032.183357888,8058,100999.49,99181.73,100999.25,103683.71,101028.51,101004.68,101000.08,101009.49
17032.204405438,8059,100996.56,99184.72,100989.16,103681.52,101031.66,100994.77,101001.98,101016.47
17032.224921474,8060,100989.37,99177.69,100989.16,103703.72,101028.51,101001.73,100997.12,101014.4
17032.245501136,8061,100997.36,99178.73,100993.17,103673.52,101024.67,101003.85,101002.21,101019.45
17032.269227306,8062,100986.43,99188.75,100997.18,103677.52,101031.66,101018.83,101006.23,101019.45
17032.289679445,8063,100981.37,99178.73,100997.18,103690.62,101029.56,100998.78,100997.12,101016.34
17032.310338277,8064,100991.5,99185.76,100988.12,103686.25,101034.63,101009.75,101001.15,101018.41
17032.330771758,8065,100997.36,99181.73,100989.16,103689.53,101030.61,101009.75,101002.21,101016.47
17032.351474637,8066,100998.43,99178.73,100988.12,103677.52,101036.73,100994.77,101006.23,101012.47
17032.372898826,8067,100997.36,99181.73,101001.19,103681.52,101028.51,101001.73,101000.08,101011.43
17032.39236908,8068,101010.42,99178.73,100994.2,103691.71,101030.61,101005.74,101005.17,101012.47
17032.416612944,8069,101002.43,99185.76,100993.17,103699.72,101035.68,101005.74,101000.08,101012.47
17032.437253138,8070,100993.37,99181.73,100989.16,103690.62,101036.73,101003.85,100996.06,101010.4
17032.457743795,8071,100997.36,99185.76,100990.19,103681.52,101022.57,101010.81,101001.15,101018.41
17032.478416257,8072,100999.49,99173.66,100987.22,103681.52,101032.53,100996.66,100992.04,101026.43
17032.498786883,8073,101003.49,99175.61,100994.2,103682.61,101032.71,101002.79,101001.15,101016.47
17032.519474078,8074,101005.36,99185.76,100983.21,103673.52,101026.59,100994.77,101000.08,101016.47
17032.540174222,8075,100998.43,99176.65,100984.11,103681.52,101032.71,100996.66,100992.04,101012.47
17032.560726273,8076,100994.43,99171.7,100997.18,103693.53,101031.66,101008.69,101004.1,101012.47
17032.584610062,8077,101002.43,99188.75,100995.24,103682.61,101028.51,101004.68,100996.06,101010.4
17032.605273981,8078,100991.5,99186.8,100994.2,103681.52,101031.66,101000.67,101006.0,101012.47
17032.625692449,8079,100995.49,99177.69,100987.22,103677.52,101034.63,101006.8,101000.08,101011.43
17032.646384662,8080,100989.37,99189.79,100993.17,103677.52,101028.69,101008.69,101000.08,101014.4
17032.666906196,8081,100998.43,99185.76,100993.17,103702.62,101032.71,100997.72,101001.98,101012.47
17032.687856559,8082,101007.49,99177.69,100998.21,103689.53,101030.61,101002.79,101004.1,101017.51
17032.707877606,8083,100999.49,99185.76,100998.21,103686.62,101027.64,100992.65,101000.08,101012.47
17032.728553384,8084,100993.37,99181.73,100996.27,103697.53,101026.59,100999.61,101004.1,101017.38
17032.752623634,8085,101002.43,99184.72,100992.13,103699.72,101025.54,100996.66,101000.08,101014.4
17032.773256938,8086,101001.36,99178.73,100994.2,103697.53,101031.66,101001.73,101001.15,101023.46
17032.793749418,8087,100999.49,99196.82,100993.17,103686.62,101030.61,101009.75,101002.21,101012.47
17032.81440877,8088,100999.49,99194.87,100998.21,103690.62,101023.62,101004.68,101008.12,101022.42
17032.834865236,8089,101005.36,99184.72,100998.21,103697.53,101035.68,101010.81,101000.08,101018.41
17032.855640364,8090,100989.37,99185.76,100992.13,103697.53,101028.51,101006.8,100996.06,101007.42
17032.875838008,8091,100995.49,99186.8,100978.16,103686.62,101026.59,100996.66,101004.1,101027.47
17032.896772147,8092,100995.49,99185.76,100985.15,103689.53,101030.61,100998.78,101000.08,101002.38
17032.920626311,8093,100999.49,99185.76,100997.18,103685.52,101030.61,101009.75,100997.95,101009.36
17032.94132296,8094,101001.36,99177.69,100998.21,103700.81,101031.66,101001.73,101004.1,101011.43
17032.961858174,8095,100991.5,99182.77,100989.16,103683.71,101023.62,101008.69,100992.04,101020.48
17032.982361651,8096,101003.49,99183.68,100993.17,103684.43,101034.63,101001.73,101004.1,101012.34
17033.002842494,8097,101005.62,99171.57,100997.18,103699.72,101040.75,101008.69,101008.12,101003.41
17033.023435156,8098,101001.36,99189.79,100994.2,103698.62,101028.51,101001.73,100996.06,101013.37
17033.043895608,8099,100997.36,99201.9,100985.15,103689.53,101032.71,100999.61,101008.12,101018.41
17033.066052926,8100,101005.36,99205.93,101001.19,103685.52,101034.63,101002.79,100992.04,101019.45
17033.088305478,8101,101002.43,99197.86,100985.15,103697.53,101030.61,101011.65,101000.08,101023.46
17033.109289041,8102,100997.36,99190.84,100991.1,103691.71,101024.49,101002.79,101000.08,101008.46
17033.129770524,8103,100999.49,99201.9,100988.12,103690.62,101028.69,101012.71,100999.02,101015.44
17033.150348644,8104,100993.37,99189.79,100994.2,103693.53,101036.73,101006.8,101000.08,101002.38
17033.170818029,8105,100989.37,99197.86,100993.17,103693.53,101031.66,101000.67,101000.08,101016.47
17033.193279007,8106,100990.43,99205.93,100986.18,103689.53,101030.61,101001.73,101005.17,101021.39
17033.211988761,8107,101002.43,99201.9,100993.17,103681.52,101028.51,100996.66,101000.08,101012.47
17033.232854185,8108,100991.5,99193.83,100981.14,103700.81,101023.62,101008.69,101000.08,101002.38
17033.256256175,8109,100999.49,99201.9,100997.18,103689.53,101028.69,101001.73,101003.04,101022.42
17033.277267019,8110,101007.49,99193.83,100988.12,103689.53,101030.61,101002.79,101000.08,101011.43
17033.298127006,8111,100997.36,99201.9,100989.16,103697.53,101030.61,101001.73,101008.12,101012.47
17033.318388667,8112,100997.36,99225.06,100997.18,103697.53,101022.57,101009.75,101001.15,100995.4
17033.338879354,8113,100997.36,99234.18,100993.17,103697.53,101033.58,101004.68,101000.08,101016.47
17033.359464104,8114,100997.36,99218.04,100993.17,103697.53,101029.56,101003.85,101010.25,101019.45
17033.379857244,8115,100997.36,99229.1,100993.17,103703.72,101028.69,101000.67,101002.21,101010.4
17033.400464678,8116,100993.37,99229.1,100993.17,103697.53,101030.61,101004.68,101006.23,101010.4
17033.424287134,8117,101007.49,99222.07,100993.17,103693.53,101023.62,101000.67,101001.15,101016.47
17033.445271979,8118,101003.49,99230.14,100986.18,103689.53,101031.66,101005.74,100999.02,101012.47
17033.465386648,8119,100999.49,99226.11,100993.17,103689.53,101023.62,101002.79,101009.19,101019.45
17033.486569272,8120,100991.5,99218.04,100977.13,103699.72,101028.69,101002.79,101001.15,101012.47
17033.506516788,8121,101002.43,99222.07,100989.16,103689.53,101038.65,100992.65,101010.25,101015.44
17033.527484467,8122,101000.56,99225.06,100997.18,103703.72,101030.61,101001.73,101008.12,101010.4
17033.547545385,8123,101006.42,99226.11,100994.2,103701.53,101023.62,101005.74,101004.1,101004.32
17033.568475557,8124,101003.49,99233.13,100993.17,103700.81,101038.65,101001.73,101007.06,101011.43
17033.592243551,8125,100997.36,99282.59,100993.17,103709.54,101028.51,101004.68,100999.02,101002.38
17033.612711304,8126,100993.37,99258.38,100994.2,103709.54,101028.51,101001.73,101010.25,101013.5
17033.633375293,8127,101006.42,99257.34,100985.15,103706.63,101030.61,101000.67,100990.98,101020.48
17033.653833622,8128,100997.36,99274.52,100997.18,103707.72,101018.55,100993.71,101009.19,101016.47
17033.674460385,8129,100999.49,99249.27,100983.08,103707.72,101030.61,100992.65,101003.04,101009.36
17033.695470448,8130,101004.55,99262.42,100988.12,103705.53,101022.57,101002.79,101000.08,101029.54
17033.715563495,8131,100999.49,99260.33,100989.16,103705.53,101030.61,101006.58,101005.17,101016.47
17033.739674847,8132,100991.5,99267.49,100991.23,103711.72,101027.64,101001.73,101000.08,101014.4
17033.760299117,8133,101007.49,99258.38,100991.1,103710.63,101040.75,101002.79,101008.12,101011.43
17033.780783205,8134,100997.36,99254.35,100993.17,103717.54,101030.61,101002.79,101001.15,101016.47
17033.801374154,8135,100990.43,99256.43,100993.17,103707.72,101030.61,101010.81,101003.04,101015.31
17033.821919855,8136,100995.49,99258.38,100993.17,103707.72,101026.59,101000.67,100993.93,101025.4
17033.842431214,8137,100999.49,99266.45,100985.15,103719.73,101031.66,100996.66,101000.08,101011.43
17033.862869041,8138,100999.49,99317.86,100993.17,103727.73,101038.65,101002.79,101002.21,101018.41
17033.883741506,8139,100998.43,99308.75,100980.1,103723.73,101032.71,100998.78,101004.1,101019.45
17033.907658285,8140,101002.43,99306.8,100993.17,103717.54,101028.51,100996.66,101000.08,101011.43
17033.928264647,8141,101003.49,99314.87,101005.2,103725.55,101022.57,100994.77,101007.06,101014.4
17033.948754273,8142,101005.36,99305.76,100994.2,103718.63,101034.63,101000.67,101017.23,101011.43
17033.969378553,8143,100998.43,99310.83,100994.2,103721.54,101030.61,101002.79,100989.91,101019.45
17033.989820196,8144,100995.49,99305.76,100988.12,103711.72,101026.59,101009.75,101001.15,101020.48
17034.010610267,8145,101007.49,99311.88,100993.17,103727.73,101030.61,101003.85,101008.12,101010.4
17034.030857366,8146,100998.43,99292.61,100987.09,103718.63,101031.66,100998.78,101004.1,101016.47
17034.051525702,8147,100991.5,99298.73,101000.28,103719.73,101023.62,100998.78,101003.04,101016.47
17034.075687011,8148,100998.43,99314.87,100993.17,103721.54,101034.63,101011.87,101000.08,101012.47
17034.096309538,8149,101001.36,99305.76,100989.16,103717.91,101028.51,100986.74,101007.06,101028.5
17034.116718992,8150,100986.43,99314.87,100993.17,103721.54,101036.73,100996.66,101003.04,101010.4
17034.137435261,8151,100997.36,99364.33,100996.14,103734.64,101026.59,101000.67,101005.17,101006.39
17034.157803504,8152,100994.43,99369.27,100992.13,103733.55,101023.62,101001.73,101001.15,101014.4
17034.178454353,8153,100999.49,99363.29,100991.1,103736.83,101022.57,101005.74,101002.21,101008.46
17034.198906653,8154,100998.43,99362.24,100993.17,103731.73,101026.59,101000.67,101008.12,101007.42
17034.219507907,8155,100993.37,99359.25,100993.17,103737.55,101030.61,101004.68,101001.15,101018.41
17034.243662496,8156,100994.43,99369.41,100993.17,103735.73,101031.66,101004.68,101008.12,101010.4
17034.264297402,8157,100997.36,99362.24,100993.17,103728.45,101030.61,101012.93,101004.1,101013.37
17034.284801249,8158,101003.49,99366.28,100989.16,103735.73,101031.66,101006.8,101008.12,101011.43
17034.305370796,8159,101001.36,99347.15,100993.17,103730.64,101030.61,101001.73,101013.21,101012.34
17034.326035136,8160,101005.36,99363.29,100985.15,103734.64,101030.61,101002.79,101001.15,101012.47
17034.346533736,8161,100990.43,99353.13,100986.18,103721.54,101034.63,100997.72,101000.08,101011.43
17034.366928117,8162,100997.36,99362.24,100989.16,103731.73,101027.64,101003.85,101000.08,101020.48
17034.388237704,8163,100999.49,99390.49,101002.22,103737.55,101030.61,101000.67,101008.12,101016.47
17034.411717672,8164,100992.56,99422.76,100992.13,103753.56,101029.56,100993.71,101009.19,101010.4
17034.432400911,8165,101005.36,99418.73,100994.2,103750.65,101036.55,101002.79,101014.27,101011.43
17034.452773389,8166,100994.43,99423.81,100994.2,103747.74,101022.57,101000.67,100999.02,101008.33
17034.473340092,8167,100999.49,99416.64,100989.16,103746.65,101039.7,101001.73,101001.15,101012.47
17034.493973596,8168,100999.49,99409.62,100993.17,103745.56,101039.7,101002.79,101004.1,101008.33
17034.51505742,8169,100999.49,99412.75,100989.16,103745.56,101028.69,101008.69,101009.19,101015.44
17034.53498774,8170,101007.49,99411.7,100993.17,103740.83,101035.68,101001.73,101010.25,101021.39
17034.555638059,8171,100998.43,99417.69,100995.24,103746.65,101031.66,101000.67,101008.12,101017.38
17034.57925885,8172,101012.55,99427.84,100993.17,103743.74,101037.6,100999.61,100996.06,101009.36
17034.600269304,8173,100989.37,99415.74,100994.2,103737.55,101028.51,101000.67,101007.06,101012.47
17034.620432156,8174,100989.37,99415.74,100993.17,103741.55,101031.66,101002.79,101000.08,101014.4
17034.641457352,8175,100994.43,99410.66,100994.2,103740.46,101032.71,101000.67,101007.06,101015.44
17034.662139038,8176,101003.49,99449.06,100996.14,103759.75,101026.59,101005.74,101005.17,101008.46
17034.682450415,8177,100994.43,99502.42,100994.2,103771.75,101031.66,101009.75,101010.25,101022.42
17034.702951959,8178,101002.43,99498.38,100989.16,103771.75,101034.63,101001.73,101000.08,101027.47
17034.723653886,8179,101001.36,99495.39,100991.1,103770.66,101034.63,101001.73,101007.06,101014.4
17034.747312594,8180,101001.36,99491.36,100990.19,103765.57,101028.51,101002.79,101012.15,101009.36
17034.768441307,8181,101007.49,99494.35,100993.17,103769.57,101036.73,100996.66,101008.12,101016.47
17034.788372368,8182,100998.43,99490.31,100998.21,103770.66,101027.64,101001.73,101006.23,101012.47
17034.809398886,8183,100997.36,99483.29,100989.16,103765.57,101020.47,100988.64,101004.1,101019.45
17034.829566425,8184,100999.49,99496.43,100994.2,103772.85,101038.65,101004.68,100997.95,101008.33
17034.850773997,8185,101001.36,99484.33,100989.16,103766.66,101032.53,101002.79,101004.1,101014.4
17034.870834423,8186,100993.37,99494.49,100993.17,103767.75,101032.53,101008.69,100999.02,101012.47
17034.894688077,8187,100989.37,99483.29,100989.16,103753.56,101022.57,100992.65,101000.08,101011.43
17034.915292376,8188,100998.43,99486.28,100993.17,103753.56,101031.66,101004.68,101006.23,101012.34
17034.935767079,8189,101001.36,99555.91,100989.16,103787.76,101030.61,101000.67,101002.21,101017.38
17034.956427774,8190,101007.49,99600.3,100997.18,103799.77,101031.66,101005.74,101009.19,101013.37
17034.977434572,8191,100998.43,99597.31,100985.15,103797.58,101022.57,101006.8,101008.12,101003.41
17034.997533247,8192,100998.43,99588.19,100993.17,103778.67,101030.61,101006.8,101010.25,101011.43
17035.018531021,8193,100991.5,99591.18,100993.17,103778.67,101032.71,101000.67,100992.04,101010.4
17035.038538619,8194,100990.43,99593.27,100985.15,103786.67,101039.7,101000.67,101013.21,101027.47
17035.062686366,8195,101003.49,99586.25,100989.16,103787.76,101034.63,100998.78,101004.1,101011.43
17035.083303636,8196,100999.49,99596.26,100988.12,103789.95,101029.56,101017.78,100996.06,101010.4
17035.103748344,8197,101002.43,99580.12,100994.2,103785.58,101026.59,101002.79,100997.12,101016.47
17035.124452764,8198,100995.49,99581.17,100991.23,103787.76,101026.59,101001.73,101008.12,101009.36
17035.144940958,8199,100991.5,99593.27,100989.16,103794.67,101024.67,101002.79,101013.21,101009.36
17035.165627222,8200,100991.5,99582.21,100993.17,103795.77,101022.57,101006.8,101000.08,101009.36
17035.186084329,8201,101006.42,99588.19,100987.09,103774.66,101022.57,100992.65,101001.98,101019.45
17035.20667051,8202,100989.37,99589.24,100986.18,103786.67,101025.54,101000.67,101008.12,101018.41
17035.230710656,8203,100995.49,99590.28,100995.24,103788.86,101034.63,100991.59,101002.21,101014.4
17035.252384212,8204,100997.36,99577.13,100993.17,103786.67,101017.5,100992.65,101009.19,101018.41
17035.271877051,8205,101003.49,99580.12,100994.2,103781.57,101029.56,101001.73,101005.17,101010.4
17035.292484355,8206,100991.5,99580.12,100986.18,103787.76,101032.71,101000.67,101009.19,101012.47
17035.313005729,8207,100998.43,99580.12,100990.19,103777.57,101031.66,101002.79,101007.06,101012.47
17035.335107973,8208,100997.36,99581.17,100989.16,103785.58,101030.61,101008.69,101009.19,101004.32
17035.354141387,8209,101001.62,99575.04,100994.2,103777.57,101035.68,101005.74,101000.08,101014.53
17035.374528118,8210,100999.49,99577.13,100993.17,103795.77,101022.57,100992.65,101006.23,101015.31
17035.398835678,8211,101001.36,99573.1,100985.15,103785.58,101031.66,101000.67,101004.1,101022.42
17035.419321888,8212,100993.37,99641.69,100993.17,103809.59,101024.49,101001.73,101004.1,101021.52
17035.439834128,8213,100991.5,99734.5,101005.2,103819.78,101028.51,101009.75,100992.04,101018.41
17035.460467672,8214,100997.36,99717.31,100993.17,103826.69,101028.51,100993.71,100992.04,101028.5
17035.480850847,8215,100997.36,99717.31,100997.18,103805.59,101026.59,101009.75,101002.21,101020.48
17035.501911106,8216,101007.49,99718.36,100993.17,103817.59,101022.57,101007.86,101000.08,101010.4
17035.523036013,8217,101003.49,99715.37,100993.17,103809.59,101028.51,101005.74,101000.08,101010.4
17035.542603765,8218,100997.36,99709.24,100988.12,103810.68,101037.6,101004.68,100999.02,101012.47
17035.566708347,8219,101001.36,99701.17,100983.08,103825.6,101030.61,101000.67,101000.08,101011.43
17035.587317845,8220,100990.43,99718.36,100993.17,103813.59,101028.51,101001.73,101013.21,101011.43
17035.607845027,8221,100987.5,99706.25,100989.16,103811.78,101030.61,101001.73,101004.1,101012.47
17035.628468005,8222,100989.37,99704.16,100993.17,103813.59,101021.52,101001.73,101001.15,101014.4
17035.648877049,8223,100999.49,99702.22,101001.19,103825.6,101030.61,101007.86,101001.15,101013.37
17035.669481479,8224,101005.36,99710.29,100989.16,103813.59,101031.66,101006.8,101000.08,101010.4
17035.689984275,8225,101001.36,99782.92,100992.26,103833.6,101030.61,101001.73,101002.21,101023.46
17035.710603457,8226,100989.37,99863.62,100985.15,103851.8,101032.53,101002.79,100996.06,101018.41
17035.734770053,8227,101006.42,99856.6,100989.16,103851.8,101026.59,100992.65,101006.23,101006.39
17035.755330046,8228,100990.43,99847.48,100992.13,103845.61,101030.61,101002.57,100997.12,101018.41
17035.775773292,8229,100991.5,99839.41,100990.19,103852.89,101032.71,101001.73,101009.19,101019.45
17035.796430181,8230,101003.49,99832.39,100996.14,103848.89,101030.61,101001.73,101000.08,101010.4
17035.816870052,8231,101001.36,99851.52,100985.15,103848.52,101030.61,101008.69,100992.04,101008.33
17035.837546039,8232,101007.49,99846.43,100985.15,103847.8,101037.6,101000.67,101006.23,101012.47
17035.857975294,8233,100999.49,99822.22,100990.19,103845.61,101031.66,101001.73,101001.15,101007.42
17035.878570319,8234,101006.42,99832.39,100985.15,103837.6,101022.57,101001.73,100992.04,101015.44
17035.902304171,8235,101006.42,99839.41,100995.24,103853.61,101034.63,101001.73,101002.21,101012.47
17035.923376428,8236,101004.55,99821.33,100993.17,103851.8,101037.6,101002.79,101005.17,101016.34
17035.943571389,8237,101002.43,99828.35,101003.26,103845.61,101027.64,101004.68,101008.12,101012.47
17035.964551236,8238,100997.36,99928.18,101001.19,103882.72,101020.47,100992.65,101008.12,101012.47
17035.98504604,8239,100990.43,100016.96,100993.17,103897.64,101022.57,101010.81,100996.06,101005.35
17036.005590329,8240,101003.49,100007.84,100997.18,103887.82,101026.59,101009.75,100996.06,101009.36
17036.025927645,8241,100987.5,99994.84,100995.24,103887.82,101030.61,100997.72,101002.21,101008.33
17036.046552265,8242,100998.43,99995.73,100997.18,103892.92,101025.54,101001.73,101002.21,101018.41
17036.07031466,8243,100997.36,99984.68,101001.19,103881.63,101026.59,101001.73,101000.08,101012.47
17036.091385084,8244,100997.36,99982.58,100993.17,103898.73,101021.52,101001.73,101005.17,101009.36
17036.11137841,8245,101001.36,99992.75,100985.15,103895.82,101031.66,101002.79,101004.1,101012.47
17036.132530387,8246,101010.42,99980.64,100994.2,103881.63,101038.65,101001.73,101002.21,101014.4
17036.15259457,8247,101006.42,99991.7,100991.23,103881.63,101026.59,101004.68,101005.17,101018.41
17036.173612114,8248,100997.36,99983.63,100989.16,103875.81,101028.51,101006.58,101002.21,101018.41
17036.19402864,8249,100996.3,99982.58,100992.13,103871.81,101029.56,100999.61,101009.19,101008.33
17036.217726287,8250,101006.42,99975.56,100995.24,103875.81,101020.47,101001.73,101009.19,101010.4
17036.238331889,8251,100997.36,100092.58,100995.24,103910.74,101030.61,101005.74,101001.15,101013.37
17036.258808405,8252,100998.43,100174.34,101001.19,103939.85,101026.59,101005.74,101004.1,101010.4
17036.279458393,8253,100994.43,100166.27,100994.2,103929.66,101036.55,101002.79,100999.02,101016.47
17036.30055033,8254,101006.42,100157.15,100993.17,103926.75,101032.53,101001.73,100994.17,101010.4
17036.320596115,8255,100989.37,100157.15,100994.2,103926.75,101023.62,100994.77,100998.19,101016.47
17036.343072435,8256,101002.43,100160.13,100977.13,103917.65,101024.49,101009.75,101010.25,101023.33
17036.361672154,8257,101007.49,100154.16,101002.22,103921.65,101029.56,100993.71,101006.23,101010.4
17036.385778649,8258,101003.49,100146.09,100989.16,103931.84,101034.63,101002.79,101000.08,101002.38
17036.406340544,8259,101001.36,100136.97,100985.15,103923.84,101030.61,101004.68,101008.12,101006.39
17036.426798392,8260,101009.36,100139.07,100997.18,103924.93,101038.65,101000.67,101004.1,101016.47
17036.447532949,8261,101002.43,100142.05,100995.24,103916.93,101022.57,101000.67,100992.04,101011.43
17036.467885598,8262,101001.36,100146.09,100986.18,103923.84,101021.52,100987.58,101008.12,101012.47
17036.48853801,8263,101002.43,100146.09,100993.17,103921.65,101030.61,101000.67,101005.17,101011.43
17036.509022959,8264,101001.36,100255.05,100986.18,103955.86,101030.61,101008.69,101010.25,101014.4
17036.529564513,8265,100997.36,100355.93,100998.21,103979.87,101021.52,101006.8,101004.1,101018.41
17036.553731791,8266,100998.43,100346.81,100986.18,103969.68,101031.66,101008.69,101006.0,101003.41
17036.574344533,8267,100999.49,100339.79,100985.15,103975.87,101024.49,101005.74,101010.25,101012.47
17036.594837755,8268,101015.49,100331.72,100994.2,103972.96,101021.52,101002.79,101008.12,101020.48
17036.61714534,8269,100999.49,100330.67,100993.17,103963.86,101030.61,100996.66,101010.25,101018.41
17036.635941074,8270,100997.36,100314.53,100989.16,103962.77,101031.66,101009.75,101006.23,101015.44
17036.656526445,8271,101003.49,100319.61,100993.17,103963.86,101014.53,101000.67,101008.12,101010.4
17036.676966877,8272,101001.36,100313.47,100997.31,103976.97,101031.66,101000.67,100999.02,101011.43
17036.697556794,8273,101007.49,100321.55,100993.17,103963.86,101031.66,101000.67,101000.08,101019.45
17036.721744223,8274,101001.36,100312.6,100986.18,103961.67,101030.61,100994.77,101008.12,101012.47
17036.74236078,8275,101003.49,100313.47,100991.23,103958.77,101030.61,101000.67,101001.15,101007.42
17036.762902715,8276,100999.49,100306.46,100993.17,103963.86,101031.66,101000.67,101005.17,101006.39
17036.783564893,8277,100990.43,100415.41,100989.16,104009.7,101038.65,101007.86,101004.1,101010.4
17036.803970321,8278,100995.49,100564.73,100986.18,104027.9,101030.61,101001.73,101004.1,101013.37
17036.824525206,8279,101005.36,100531.39,100989.29,104015.89,101025.54,101005.74,101010.25,101011.43
17036.845012939,8280,100997.36,100524.38,100994.2,104025.71,101030.61,100992.65,101000.08,101006.52
17036.865522525,8281,100981.37,100533.5,100985.15,104017.71,101030.61,100998.78,101006.23,101006.52
17036.88975402,8282,100989.37,100521.39,100988.12,104018.8,101038.65,101002.79,101010.25,101009.36
17036.91039832,8283,101001.36,100531.57,101001.19,104014.8,101032.53,101005.74,101002.21,101010.4
17036.930905212,8284,100999.49,100515.25,100988.12,104014.08,101027.64,101009.75,101014.27,101005.35
17036.951564985,8285,100999.49,100517.36,100989.29,104011.89,101031.66,101003.85,101008.12,101013.37
17036.972109885,8286,100989.37,100506.13,100995.24,103999.88,101039.7,100996.66,101000.08,101015.44
17036.992686302,8287,101002.43,100516.31,100983.08,104005.7,101026.59,101004.68,101004.1,101010.4
17037.013033173,8288,100999.49,100513.32,100998.21,104003.89,101026.59,100984.63,101014.27,101016.47
17037.034793741,8289,100997.36,100517.36,100986.18,104001.7,101029.56,101000.67,101000.08,101018.41
17037.05777222,8290,100997.36,100719.15,100993.17,104069.74,101022.57,101006.8,100997.12,101013.5
17037.078388949,8291,100997.36,100783.72,100985.15,104086.84,101031.66,100998.78,101001.15,101010.4
17037.09894822,8292,101007.49,100746.34,100988.12,104070.83,101014.53,101006.8,101006.23,101012.47
17037.11954614,8293,100990.43,100741.25,100994.2,104070.83,101031.66,101000.67,101000.08,101003.41
17037.139970567,8294,100997.36,100741.25,100993.17,104073.74,101028.51,101008.69,101000.08,101013.5
17037.160535607,8295,101003.49,100717.04,100988.25,104063.92,101030.61,101005.74,100997.95,101010.4
17037.180991202,8296,100994.43,100723.18,100977.13,104069.02,101023.62,101001.73,101000.08,101012.47
17037.205329217,8297,101006.42,100723.18,100994.2,104058.83,101021.52,100991.59,101013.21,101008.33
17037.225804752,8298,100993.37,100710.02,100990.19,104067.93,101032.53,100993.71,101000.08,101023.46
17037.24644083,8299,100993.37,100717.04,100984.11,104058.83,101030.61,100993.71,101004.1,101013.37
17037.266553476,8300,100997.36,100703.0,100989.16,104061.02,101022.57,101006.8,101004.1,101012.47
17037.287664952,8301,100997.36,100703.0,100998.21,104061.73,101018.55,101002.79,101000.08,101013.37
17037.307909157,8302,100989.37,100698.97,100993.17,104059.92,101023.62,100994.77,101010.25,101018.41
17037.328549631,8303,100998.43,100863.38,100992.26,104129.77,101022.57,100996.66,101004.1,101012.34
17037.348991495,8304,100995.49,101000.61,100995.24,104139.97,101034.63,101005.74,101004.1,101017.51
17037.37330912,8305,101009.62,100961.3,100985.15,104121.77,101021.52,101007.64,101009.19,101014.4
17037.393342065,8306,101006.42,100956.21,100986.18,104125.77,101030.61,100995.6,101000.08,101018.41
17037.414385319,8307,100991.5,100948.14,100985.15,104117.77,101038.65,101002.79,101005.17,101010.4
17037.434456432,8308,100995.49,100944.1,100994.2,104123.96,101022.57,101006.8,101000.08,101000.31
17037.455494207,8309,101002.43,100945.16,100989.16,104121.77,101024.49,101000.67,101001.15,101015.44
17037.475634034,8310,101002.43,100937.95,100994.2,104122.86,101030.61,101005.74,101005.17,101013.5
17037.496572178,8311,100993.37,100945.16,100993.17,104121.77,101028.51,101012.71,100993.1,101010.4
17037.51663615,8312,100998.43,100947.28,100993.17,104115.96,101031.66,101007.64,100997.12,101010.4
17037.540759401,8313,100994.43,100929.02,100992.13,104121.77,101031.66,101000.67,101001.15,101012.47
17037.561374317,8314,100986.43,100926.9,100994.2,104117.77,101030.61,100988.64,101002.21,101008.46
17037.581821058,8315,100997.36,100916.91,100997.18,104118.86,101032.71,101002.79,101012.15,101016.47
17037.602497467,8316,101003.49,101195.4,100991.23,104201.11,101030.61,101002.79,101000.08,101006.39
17037.623531947,8317,101003.49,101245.75,100986.18,104201.82,101027.64,101000.67,100996.06,101016.34
17037.643518151,8318,101002.43,101210.49,100989.16,104196.01,101031.66,101002.79,100996.06,101020.48
17037.664569487,8319,101002.43,101203.47,100990.19,104185.81,101023.62,101004.68,100997.12,101010.4
17037.684552998,8320,100998.43,101200.5,100995.24,104185.81,101030.61,101004.68,101005.17,101014.4
17037.708847528,8321,101007.49,101190.3,100986.18,104177.8,101022.57,100996.66,101002.21,101017.38
17037.729382562,8322,100997.36,101187.33,100982.17,104184.0,101027.64,101001.73,101001.15,101010.4
17037.749816234,8323,100998.43,101183.29,100993.17,104177.8,101025.54,101004.68,101004.1,101009.36
17037.770598542,8324,100990.43,101174.16,100993.17,104181.8,101031.66,101001.73,101000.08,101010.4
17037.791018063,8325,100998.43,101179.26,100994.2,104182.9,101031.66,100997.72,100998.19,101000.31
17037.813164354,8326,100997.36,101169.06,100987.22,104186.9,101022.57,101009.75,101008.12,101010.4
17037.832033609,8327,100998.43,101170.12,100993.17,104161.79,101026.59,100993.71,101010.25,101008.33
17037.852669016,8328,100989.37,101169.06,100995.24,104169.8,101032.71,101000.67,101000.08,101010.4
17037.876843605,8329,100989.37,101348.78,100992.26,104241.84,101028.69,100996.66,101009.19,101017.38
17037.897518431,8330,100999.49,101484.96,100997.18,104257.85,101031.66,101002.79,101007.06,101009.36
17037.91793747,8331,101001.36,101459.67,100997.18,104244.04,101030.61,100997.72,100999.02,101003.41
17037.938898559,8332,100997.36,101449.69,100985.15,104244.04,101022.57,101001.73,101005.17,101010.4
17037.958998966,8333,100998.43,101445.65,100994.2,104253.14,101030.61,101001.73,101009.19,101011.3
17037.979547842,8334,100997.36,101432.48,100990.19,104244.04,101030.61,101005.74,101008.12,101011.43
17038.000043397,8335,100993.37,101428.45,100995.24,104244.04,101022.57,100999.61,101004.1,101012.34
17038.020682029,8336,100991.5,101437.58,100990.19,104244.04,101031.66,101000.67,101003.04,101014.4
17038.044779811,8337,101013.36,101429.51,100991.23,104244.04,101031.66,101002.79,100986.95,101004.32
17038.065434607,8338,100990.43,101423.56,101005.33,104244.04,101034.63,101004.68,101008.12,101008.33
17038.085927728,8339,101007.49,101429.51,100988.25,104233.84,101030.61,100996.66,101004.1,101012.47
17038.106549995,8340,100996.3,101413.36,100994.2,104233.84,101029.56,101001.73,101000.08,101012.34
17038.128238604,8341,101007.49,101403.16,100989.16,104225.83,101030.61,101002.79,100995.0,101012.47
17038.147573213,8342,101005.36,101615.19,100997.31,104297.88,101026.59,101000.67,101004.1,101010.4
17038.167948637,8343,100999.49,101726.08,100991.23,104325.9,101030.61,100995.6,101000.08,101016.47
17038.188593147,8344,100989.37,101703.99,100987.22,104317.18,101022.57,101000.67,101000.08,101010.4
17038.212827436,8345,100997.36,101685.72,100982.17,104308.08,101030.61,101002.79,100997.95,101014.4
17038.233422942,8346,100997.36,101693.79,100996.27,104302.98,101030.61,101000.67,100999.02,101012.47
17038.253865397,8347,100997.36,101682.74,100995.24,104312.08,101030.61,101004.91,100993.93,101020.48
17038.275114672,8348,101003.49,101670.64,100994.2,104296.07,101030.61,101001.73,100999.02,101015.44
17038.294963248,8349,100991.5,101679.77,100997.31,104292.07,101026.59,101000.67,100996.06,101008.46
17038.315591714,8350,100997.36,101662.56,100991.23,104297.88,101038.65,101002.79,101003.04,101011.43
17038.336247662,8351,100998.43,101663.63,100994.2,104297.17,101030.61,100995.6,101004.1,101013.37
17038.356623536,8352,100995.49,101653.42,100993.17,104290.97,101028.51,101001.73,101002.21,101011.43
17038.380804695,8353,100990.43,101647.48,100989.16,104280.06,101014.53,101010.81,100988.85,101014.4
17038.401460101,8354,101003.49,101646.42,100986.18,104293.88,101039.7,101001.73,100992.04,101012.34
17038.421905731,8355,100991.5,101926.01,100992.26,104372.12,101029.56,100991.59,101001.98,101005.35
17038.442654368,8356,101003.49,101984.43,100989.16,104385.94,101028.51,101001.73,101001.98,101009.36
17038.462936461,8357,101003.49,101957.24,100991.23,104381.23,101022.57,100992.65,101000.08,101010.4
17038.483529674,8358,100997.36,101952.14,100983.21,104367.02,101022.57,101000.67,100990.98,101010.4
17038.504035244,8359,100998.43,101949.17,100996.27,104380.13,101030.61,101004.68,101000.08,101004.45
17038.528337075,8360,101007.49,101941.09,100985.15,104369.92,101026.59,101000.67,101004.1,101008.33
17038.548467227,8361,100998.43,101957.24,100994.2,104361.92,101030.61,101002.79,101008.12,101006.39
17038.569440194,8362,101002.43,101937.06,100986.18,104363.02,101023.62,100998.78,101001.15,101006.39
17038.589887066,8363,100997.36,101938.12,101002.22,104368.12,101022.57,101008.92,100990.98,101011.43
17038.611044952,8364,100986.43,101930.05,100985.15,104351.01,101027.64,100995.6,100990.98,101015.44
17038.631323249,8365,100997.36,101921.98,100997.18,104361.92,101030.61,101003.85,100995.0,101010.4
17038.651665692,8366,101009.36,101921.98,100993.17,104353.21,101034.63,101000.67,101000.08,101007.42
17038.672018551,8367,100988.3,101917.94,100994.2,104363.02,101031.66,100998.78,100996.06,101016.47
17038.69635193,8368,100994.43,102196.49,100991.23,104444.17,101024.49,100998.78,100999.02,101013.5
17038.716456474,8369,101006.42,102267.02,100993.17,104448.17,101024.49,101009.75,100992.04,101018.54
17038.737449091,8370,100998.43,102220.71,100983.21,104441.97,101027.64,101004.68,101009.19,101012.47
17038.757508917,8371,100990.43,102218.57,100993.17,104435.07,101022.57,101001.73,100990.98,101015.44
17038.778566111,8372,101003.49,102220.71,101001.19,104429.97,101036.73,101002.79,100996.06,101014.4
17038.798592577,8373,101002.43,102200.53,100985.15,104441.97,101022.57,101000.67,101004.1,101010.4
17038.819918918,8374,100999.49,102206.46,100994.2,104440.17,101029.56,101010.81,101000.08,101001.34
17038.840008058,8375,100999.49,102196.49,100996.27,104427.06,101031.66,101004.68,101003.04,101003.41
17038.863773489,8376,101003.49,102186.28,100990.19,104432.16,101023.62,101000.67,100999.02,101011.43
17038.884435435,8377,100991.5,102196.49,100990.19,104435.07,101027.64,101001.73,101008.12,101012.47
17038.904908987,8378,101003.49,102187.35,100989.29,104424.16,101030.61,101001.73,100999.02,101012.47
17038.925709253,8379,100994.43,102190.31,101002.22,104423.06,101026.59,101002.79,101000.08,101006.52
17038.946538102,8380,101006.42,102178.2,100994.2,104424.16,101035.68,100994.77,101010.25,101014.4
17038.966577617,8381,101000.56,102566.84,100993.17,104522.03,101021.52,101000.67,100990.98,101020.48
17038.987622643,8382,100997.36,102557.69,100993.17,104515.12,101026.59,100988.64,101001.98,101011.43
17039.007615147,8383,101007.49,102512.46,100995.24,104507.12,101021.52,100996.66,100999.02,101003.41
17039.031816136,8384,100997.36,102511.39,100989.16,104508.22,101022.57,100996.66,101000.08,101012.47
17039.052431562,8385,100999.49,102498.21,100993.17,104500.21,101024.67,101000.67,101003.04,101005.48
17039.072863271,8386,101006.42,102498.21,100986.18,104498.01,101031.66,101000.67,101004.1,101007.42
17039.093499218,8387,100990.43,102486.09,101001.32,104501.31,101022.57,101004.68,100992.04,101011.43
17039.113979049,8388,101002.43,102478.02,100991.23,104487.1,101022.57,101001.73,100999.02,101016.47
17039.13464377,8389,101006.42,102478.02,100993.17,104490.01,101030.61,101000.67,101010.25,101007.42
17039.156059116,8390,101005.36,102476.95,100992.13,104491.11,101030.61,101011.87,101008.12,101020.48
17039.175765438,8391,100997.36,102462.94,100985.15,104491.11,101028.51,101001.73,101003.04,101016.34
17039.199850311,8392,100998.43,102468.87,100984.11,104484.9,101034.63,101005.74,100997.95,101011.43
17039.220392706,8393,100999.49,102476.95,100998.21,104482.0,101026.59,101000.67,101000.08,101017.51
17039.241282267,8394,100989.37,102775.71,100995.24,104592.28,101030.61,101000.67,101002.21,101015.44
17039.261615477,8395,100991.5,102812.05,100987.22,104586.07,101026.59,101002.79,101000.08,101003.41
17039.282025753,8396,101002.43,102784.86,100985.15,104574.06,101027.64,101000.67,101003.04,101014.4
17039.302586256,8397,100997.36,102773.82,100997.31,104564.26,101028.51,101000.67,101000.08,101017.38
17039.323110224,8398,100997.36,102767.64,100977.13,104562.06,101032.71,100993.71,100996.06,101007.29
17039.343629435,8399,101001.36,102767.64,100995.24,104540.24,101020.47,101006.8,101004.1,101012.47
17039.367915282,8400,100997.36,102748.52,100993.17,104564.26,101022.57,100995.82,101000.08,100994.36
17039.388424978,8401,100999.49,102751.49,100993.17,104565.36,101023.62,101011.87,101000.08,101002.38
17039.408889487,8402,100993.37,102747.45,100986.18,104554.05,101030.61,101002.79,100996.06,101019.45
17039.429689272,8403,101006.42,102760.64,100996.27,104551.15,101022.57,101002.79,100995.0,101000.31
17039.450002772,8404,101001.36,102754.71,100989.16,104557.35,101033.58,100994.77,100999.02,101015.44
17039.471388883,8405,100998.43,102735.34,100985.15,104538.04,101032.71,101002.79,101000.08,101011.43
17039.491047873,8406,100991.5,102735.34,100994.2,104543.14,101031.66,101004.68,101008.12,101010.4
17039.511612532,8407,101003.49,103051.35,100991.23,104667.23,101024.67,101004.68,100999.02,101012.47
17039.535827112,8408,100989.37,103122.95,100984.11,104655.22,101031.66,101001.73,101008.12,101011.43
17039.556426264,8409,100997.36,103086.61,100993.17,104649.42,101029.56,100992.65,100997.95,101007.42
17039.576883871,8410,101007.49,103075.57,100994.2,104638.11,101023.62,100998.78,101009.19,101010.4
17039.597550916,8411,100989.37,103066.42,100987.22,104630.1,101030.61,100993.71,100994.17,101009.36
17039.618212822,8412,101001.36,103059.42,100996.27,104630.1,101024.67,101004.91,101000.08,101011.43
17039.638609968,8413,101000.56,103047.31,100985.15,104630.1,101028.51,101002.79,101000.08,101013.5
17039.659053254,8414,100994.43,103054.31,100993.17,104638.11,101030.61,101000.67,100999.02,101011.43
17039.679601098,8415,100989.37,103043.27,100989.16,104634.11,101025.54,100997.72,101001.15,101010.4
17039.703813925,8416,100991.5,103042.19,100998.21,104628.3,101021.52,101005.74,101004.1,101008.33
17039.724475711,8417,100999.49,103034.12,100992.13,104623.2,101024.49,101003.62,101000.08,101008.46
17039.744961332,8418,100990.43,103032.23,100988.12,104634.11,101020.47,101005.74,101000.08,101003.41
17039.765543848,8419,100994.43,103061.58,100987.22,104619.2,101025.54,100996.66,101000.08,101006.39
17039.785976518,8420,100997.36,103399.68,100995.24,104746.19,101020.47,100996.66,101001.15,101012.34
17039.806567107,8421,100991.5,103425.79,100995.24,104746.19,101029.56,101004.68,101000.08,101016.47
17039.827118937,8422,100998.43,103389.45,100994.2,104731.28,101028.51,100992.65,100994.17,101004.45
17039.851366476,8423,101000.56,103389.45,100989.16,104730.18,101030.61,101000.67,100999.02,101014.53
17039.871878806,8424,100998.43,103383.53,100994.2,104726.17,101030.61,101001.73,100997.95,101010.4
17039.892449735,8425,100999.49,103366.3,100994.2,104719.27,101025.54,101000.67,100996.06,101008.46
17039.912553879,8426,100995.49,103366.3,100993.17,104708.36,101030.61,100992.65,101000.08,101012.47
17039.933636091,8427,100989.37,103359.3,100996.27,104714.17,101026.59,100998.78,101001.15,101016.47
17039.954092727,8428,101009.62,103357.14,100992.26,104716.37,101027.64,101003.85,101008.12,101013.37
17039.974669284,8429,100994.43,103342.07,100993.17,104714.17,101026.59,101000.67,101010.25,100996.43
17039.995171289,8430,101003.49,103346.11,100992.26,104702.16,101027.64,101008.69,101010.25,101012.47
17040.019427942,8431,101001.36,103358.22,100994.2,104708.36,101024.49,101006.8,101009.19,101013.5
17040.039448479,8432,101000.56,103342.07,100987.22,104714.17,101022.57,100998.78,100992.04,101011.43
17040.060597221,8433,100998.43,103335.08,100994.2,104707.26,101022.57,101003.85,101003.04,101021.52
17040.080599511,8434,101005.36,103323.76,100997.18,104702.16,101030.61,100988.64,101000.08,101012.47
17040.101562783,8435,100999.49,103328.08,100993.17,104702.16,101030.61,100994.77,101000.08,101004.45
17040.122050656,8436,101002.43,103327.0,100991.23,104698.15,101022.57,100996.66,101001.15,101008.46
17040.142891774,8437,100999.49,103340.99,100987.22,104702.16,101023.62,101009.75,101004.1,101008.46
17040.163066183,8438,100994.43,103740.76,100985.15,104810.24,101023.62,101009.75,101001.15,101004.45
17040.186806996,8439,101002.43,103763.12,100997.31,104802.23,101024.49,100998.78,101006.23,101013.5
17040.207497045,8440,100994.43,103709.54,100987.22,104795.33,101026.59,101006.8,100999.25,101004.45
17040.227904918,8441,100991.5,103705.5,100989.16,104787.32,101030.61,100994.54,101004.1,101006.39
17040.248580906,8442,101003.49,103705.5,100982.17,104787.32,101034.63,100997.72,101000.08,101004.45
17040.269555565,8443,100990.43,103688.27,100989.16,104787.32,101026.59,101004.68,101001.15,101014.4
17040.289643905,8444,100989.37,103689.35,100996.27,104791.33,101030.61,100995.6,101000.08,101016.47
17040.31070147,8445,100998.43,103687.18,100994.2,104778.21,101026.59,100996.66,100997.12,101012.47
17040.331074579,8446,100991.5,103689.35,100992.26,104767.31,101022.57,101008.69,101006.23,101018.41
17040.354826509,8447,100991.5,103673.2,100994.2,104778.21,101025.54,101001.73,100992.04,101003.41
17040.375443498,8448,100991.5,103661.87,100990.19,104777.11,101024.49,101001.73,101000.08,101014.4
17040.395925342,8449,101001.62,103655.96,101003.26,104766.2,101018.55,100994.77,101001.15,101001.34
17040.416609712,8450,101003.49,103725.7,100994.2,104783.32,101022.57,100993.71,101001.15,101013.5
17040.43694172,8451,100989.37,104146.79,100990.19,104878.29,101028.51,100998.78,100990.98,101004.45
17040.457641003,8452,100990.43,104093.2,100989.16,104858.27,101030.61,101000.67,100992.04,101000.31
17040.478063588,8453,100991.5,104081.08,100994.2,104861.17,101030.61,100996.66,101008.12,101020.48
17040.498674027,8454,101007.49,104066.01,100996.27,104850.27,101030.61,100996.66,100997.12,101006.39
17040.522867825,8455,100998.43,104060.89,101002.22,104858.27,101029.56,101004.68,101010.25,101005.35
17040.543443591,8456,100991.5,104061.97,100995.24,104858.27,101029.56,101001.73,101002.21,101009.36
17040.565119251,8457,100990.43,104044.73,100978.16,104842.26,101021.52,101000.67,101005.17,101010.4
17040.584556886,8458,100995.49,104047.68,100986.18,104846.26,101031.66,101002.79,101003.27,101009.36
17040.605073803,8459,100999.49,104027.49,100995.24,104851.37,101030.61,100993.71,101004.1,101011.43
17040.625661898,8460,100998.43,104039.61,100987.22,104850.27,101028.51,101010.81,101004.1,101012.47
17040.646061859,8461,100990.43,104032.62,100993.17,104841.16,101023.62,100993.71,101006.23,101002.38
17040.666781603,8462,101001.36,104018.33,100994.2,104842.26,101030.61,100998.78,101004.1,101003.41
17040.691135242,8463,100999.49,104025.63,101002.22,104834.26,101030.61,101002.79,101005.17,101003.41
17040.711533881,8464,100990.43,104015.37,100997.31,104847.37,101030.61,101000.67,101009.19,101006.39
17040.732048815,8465,101007.49,104023.45,100996.27,104834.26,101030.61,101008.69,101011.32,101010.4
17040.752612824,8466,100998.43,104007.3,100990.19,104839.36,101022.57,101009.75,101002.21,101007.42
17040.773016019,8467,100997.36,104015.37,100985.15,104842.26,101026.59,101002.79,101001.15,101012.47
17040.793665657,8468,100999.49,104028.58,100986.18,104835.36,101026.59,101000.67,100998.19,101020.48
17040.814089784,8469,100999.49,104524.25,100988.25,104938.34,101018.55,100996.66,101001.15,101000.44
17040.834738641,8470,101003.49,104502.97,100995.24,104922.32,101029.56,100993.71,101000.08,101010.4
17040.858862273,8471,101005.36,104475.79,100987.22,104924.53,101024.49,101003.62,101001.15,101010.4
17040.879472501,8472,100989.37,104451.55,100987.22,104912.52,101034.63,101000.67,101000.08,101002.38
17040.900027847,8473,100998.43,104435.4,100992.26,104907.42,101031.66,101001.73,101006.23,101010.4
17040.920563052,8474,100999.49,104431.36,100982.17,104905.21,101016.45,100999.61,101009.19,101004.45
17040.941039438,8475,101005.36,104421.43,100987.22,104908.52,101021.52,101001.73,100996.06,101006.39
17040.961609195,8476,100995.49,104412.26,100997.31,104902.31,101018.55,101008.92,101001.98,101010.4
17040.98246863,8477,100994.43,104399.05,100999.25,104906.31,101031.66,100997.72,100995.0,101003.41
17041.002753707,8478,100995.49,104402.0,100978.16,104909.21,101031.66,101007.86,101011.32,101016.47
17041.026837579,8479,100995.49,104392.06,101000.28,104890.99,101022.57,101001.73,101010.25,101004.45
17041.047504763,8480,100997.36,104399.05,100986.18,104893.2,101023.62,100997.72,101004.1,101011.43
17041.068057475,8481,100989.37,104458.54,100993.17,104898.31,101024.67,101002.79,101001.15,101012.47
17041.088565539,8482,100995.49,104941.38,100985.15,105002.39,101022.57,100996.66,101001.15,101013.5
17041.109061755,8483,100998.43,104886.68,100982.17,104988.58,101029.56,100994.77,101002.21,101008.33
17041.129802691,8484,100997.36,104875.66,100997.18,104982.37,101034.63,101000.67,100997.12,100999.28
17041.15028769,8485,101000.56,104850.33,100995.24,104970.36,101022.57,101002.79,100997.12,101002.38
17041.174394266,8486,101007.49,104844.44,100987.22,104979.47,101027.64,101006.8,101005.17,101001.34
17041.194513182,8487,100989.37,104843.34,100990.19,104982.37,101030.61,100993.71,100995.0,101011.43
17041.215498768,8488,100993.37,104836.36,100993.17,104970.36,101020.65,101001.73,100997.12,101007.42
17041.235944828,8489,100991.5,104822.05,100995.24,104969.26,101018.55,101005.74,101009.19,101004.45
17041.256639995,8490,100989.37,104824.24,100991.23,104970.36,101030.61,101005.74,101004.1,101006.39
17041.277068468,8491,101002.43,104806.99,100993.17,104974.36,101034.63,100992.65,100998.19,101012.47
17041.297731146,8492,101002.43,104819.11,100992.26,104954.35,101021.52,100997.72,101002.21,101010.4
17041.31841759,8493,101001.36,104795.97,100995.24,104970.36,101026.59,101008.69,101013.21,101004.45
17041.342426518,8494,100990.43,104794.87,100986.18,104974.36,101030.61,101002.79,100998.19,101019.45
17041.362444661,8495,100998.43,104790.83,100982.17,104962.36,101028.51,101002.79,101008.12,101015.44
17041.383540053,8496,100990.43,104795.97,100978.16,104954.35,101026.59,101000.67,101015.1,101016.47
17041.40353391,8497,100990.43,104786.79,100993.17,104961.25,101029.56,101000.67,101001.15,101003.41
17041.424589672,8498,101001.36,104787.89,100995.24,104955.45,101031.66,101004.68,101000.08,101006.39
17041.444614886,8499,100991.5,104798.91,101002.22,104966.36,101028.51,101001.73,101006.23,101012.47
17041.46583041,8500,100999.49,105280.7,100991.23,105072.23,101029.56,100998.78,101000.08,101022.55
17041.486219884,8501,100991.5,105279.6,100991.23,105033.31,101025.54,100985.68,101004.1,101008.33
17041.509865163,8502,100989.37,105263.44,100989.16,105043.52,101030.61,100997.72,100995.23,101002.38
17041.530465376,8503,101006.42,105265.64,100990.19,105046.42,101022.57,101002.79,101000.08,101006.39
17041.553150402,8504,101008.55,105247.28,100989.16,105038.42,101022.57,101001.73,101004.1,101016.47
17041.571621245,8505,100997.36,105239.2,100987.22,105027.51,101028.51,100992.65,101003.27,101007.42
17041.592646562,8506,100999.49,105228.18,100990.19,105034.41,101033.58,101006.8,101001.15,100994.36
17041.612612335,8507,101005.36,105221.2,100997.18,105026.41,101030.61,101002.79,101010.25,101011.43
17041.633984246,8508,100989.37,105207.98,101003.26,105018.4,101030.61,100993.71,101000.08,101021.52
17041.655119899,8509,101007.49,105205.04,100987.22,105025.3,101030.61,101002.79,101008.12,101010.4
17041.677914911,8510,100996.56,105203.94,100997.18,105022.4,101020.47,100997.72,101008.12,101010.4
17041.69857821,8511,101003.49,105190.73,100995.24,105009.29,101028.51,101000.67,101000.08,101003.41
17041.71895832,8512,100982.44,105259.4,100993.17,105034.41,101032.71,101001.73,100997.12,101004.32
17041.739564653,8513,101002.43,105721.04,100991.23,105146.51,101022.57,100992.65,100989.08,101004.45
17041.76009485,8514,100992.56,105704.88,100986.18,105138.5,101024.49,100996.66,100999.02,101006.39
17041.780670627,8515,101002.43,105693.86,100991.23,105118.48,101022.57,101006.8,101001.15,101002.38
17041.80167401,8516,101002.43,105667.41,100989.16,105134.5,101028.51,100992.65,101001.15,101002.38
17041.821708768,8517,100990.43,105650.15,100993.3,105113.37,101024.67,100996.66,101001.15,101009.36
17041.84587873,8518,100991.5,105651.25,100989.16,105115.58,101030.61,100998.78,101000.08,101019.45
17041.866502789,8519,100998.43,105647.21,100996.27,105114.48,101022.57,101010.81,100997.12,101008.33
17041.886938123,8520,100999.49,105631.06,100986.18,105114.48,101020.47,101000.67,100996.06,101016.47
17041.907599619,8521,100998.43,105629.22,100994.2,105102.47,101020.47,101002.79,101006.23,101001.34
17041.928081233,8522,100998.43,105621.14,100996.27,105098.47,101026.59,100988.64,101000.08,101004.45
17041.948627405,8523,101001.62,105610.86,100994.2,105101.36,101026.41,101004.68,101010.25,101007.42
17041.969326598,8524,100993.37,105610.86,100994.2,105102.47,101031.66,100992.65,101002.21,101006.39
17041.989711796,8525,100993.37,105680.64,100994.2,105139.6,101019.6,100990.75,100992.04,101010.4
17042.01393602,8526,100991.5,106185.66,100993.17,105241.48,101024.49,100992.65,100992.04,101011.43
17042.034508111,8527,100989.37,106127.99,100993.17,105213.46,101020.47,101002.79,101000.08,101011.43
17042.054985529,8528,100991.5,106101.92,100993.17,105209.45,101024.49,100994.77,101008.12,101013.37
17042.075768889,8529,100991.5,106088.69,100993.17,105210.56,101030.61,101005.74,101009.19,101004.45
17042.096201458,8530,100997.36,106069.6,100991.23,105202.55,101022.57,101008.69,101000.08,101002.38
17042.116804837,8531,100990.43,106062.24,100987.22,105205.45,101028.51,100997.72,101001.15,101002.38
17042.137309846,8532,101000.56,106038.0,100999.25,105206.56,101026.59,101000.67,101008.12,101001.34
17042.157858341,8533,101001.36,106035.06,100996.27,105198.55,101028.51,101001.73,101001.15,101022.42
17042.181922853,8534,101003.23,106022.94,100994.2,105194.55,101022.57,101009.75,101002.21,101001.34
17042.202497949,8535,100992.56,106017.07,100990.19,105183.64,101028.51,100992.65,101009.19,101008.33
17042.223036489,8536,100991.5,106017.07,100995.24,105178.53,101030.61,101004.68,101006.23,101011.43
17042.243662041,8537,101007.49,106014.86,101005.33,105190.54,101014.53,101000.67,101000.08,101010.4
17042.264182513,8538,100990.43,106180.51,100986.18,105201.45,101026.59,100997.72,100998.19,101010.4
17042.284832923,8539,100998.43,106657.3,100995.24,105371.38,101022.57,100997.72,100998.19,101007.42
17042.305135616,8540,100991.5,106572.45,100989.16,105338.67,101026.59,101005.74,100993.1,101006.39
17042.329448374,8541,101007.49,106548.2,100997.18,105318.65,101025.54,101001.73,100992.04,101002.38
17042.349909647,8542,100991.5,106525.07,100992.13,105315.76,101029.56,101000.67,100994.17,101010.4
17042.37054951,8543,100999.49,106507.79,100989.16,105314.65,101035.68,100995.82,101000.08,101019.45
17042.390959156,8544,100991.5,106503.75,100996.27,105309.54,101023.62,101000.67,101000.08,100998.37
17042.411622024,8545,100989.37,106483.55,100991.23,105307.75,101020.47,101010.81,100989.08,100994.36
17042.432081324,8546,101006.42,106483.55,100997.31,105306.64,101022.57,101003.85,100998.19,101010.4
17042.452695498,8547,100999.49,106467.39,100993.17,105293.52,101030.61,100994.77,101008.12,100998.37
17042.473146877,8548,100999.49,106473.65,101000.28,105290.63,101027.64,101001.73,101000.08,101011.43
17042.497485894,8549,100999.49,106464.46,100987.22,105289.52,101021.52,100997.72,101000.08,101012.47
17042.517910372,8550,100998.43,106440.92,100995.24,105281.51,101023.62,101001.73,101002.21,101007.42
17042.538510415,8551,101001.36,106443.14,100993.17,105290.63,101018.55,100993.71,101000.08,101016.47
17042.559086652,8552,100999.49,106435.06,100991.23,105292.84,101025.54,101005.74,101004.1,101010.4
17042.579708839,8553,100999.49,106435.06,100987.22,105279.72,101025.54,100996.66,100988.02,101004.32
17042.600223152,8554,100991.5,106406.78,100990.19,105282.62,101013.47,100986.74,101002.21,101010.4
17042.62077336,8555,101002.43,106417.79,100986.18,105274.61,101021.52,101000.67,101001.15,101013.5
17042.641174803,8556,100991.5,106508.91,100994.2,105302.64,101026.59,101004.68,101000.08,101006.39
17042.665470925,8557,100991.5,107079.79,100989.29,105566.88,101020.47,100996.66,101003.27,101010.4
17042.685491632,8558,100999.49,106976.53,100995.24,105498.81,101021.52,101004.68,101002.21,101016.47
17042.70654457,8559,100991.5,106961.49,100987.22,105490.81,101018.55,100992.65,101001.15,101010.4
17042.726629234,8560,100996.56,106952.29,100986.18,105477.69,101022.57,101000.67,101001.15,101011.43
17042.747664776,8561,100990.43,106928.04,100987.22,105470.79,101030.61,101001.73,101001.15,101006.39
17042.768171357,8562,100997.36,106926.93,100994.2,105466.78,101022.57,100994.77,101009.19,101014.4
17042.788740564,8563,100990.43,106910.76,100989.16,105470.79,101014.53,100997.72,101004.1,101008.33
17042.809179653,8564,101001.36,106903.8,100987.22,105466.78,101030.61,101000.67,100993.1,101004.32
17042.832924252,8565,100998.43,106904.91,100985.15,105457.67,101020.47,101000.67,101002.21,101011.43
17042.853523634,8566,100993.37,106886.52,100989.16,105458.78,101020.47,101000.67,101002.21,101002.38
17042.875232915,8567,101007.49,106879.55,100987.22,105449.66,101024.49,101005.74,101000.08,101004.45
17042.894939376,8568,100990.43,106873.7,101004.29,105445.66,101012.42,101001.73,101000.08,101016.47
17042.915717989,8569,100999.49,106952.29,100997.31,105531.52,101012.42,101000.67,100998.19,101009.49
17042.935676562,8570,100990.43,107558.48,100979.2,105835.13,101012.42,101002.79,101002.21,101007.42
17042.956708739,8571,101003.49,107469.57,100993.3,105787.09,101024.49,100993.71,100995.23,101013.5
17042.977036861,8572,100995.49,107452.28,100986.18,105773.29,101030.61,101000.67,100999.02,101008.46
17043.000897985,8573,100998.43,107434.32,100996.27,105757.28,101026.59,100998.78,101000.08,101010.4
17043.021542997,8574,101002.43,107401.98,100996.27,105724.8,101026.59,101002.79,101006.23,101000.44
17043.042006012,8575,100999.49,107389.86,100994.2,105723.02,101020.47,101005.74,101000.08,101008.46
17043.062638125,8576,101001.36,107374.81,100990.19,105717.24,101030.61,101001.73,101005.17,101012.34
17043.083195363,8577,101001.36,107360.45,100986.18,105705.23,101022.57,101001.73,100997.12,101013.5
17043.103876579,8578,101003.49,107358.65,100986.18,105705.9,101026.59,100996.66,101016.17,101007.42
17043.124938081,8579,100998.43,107345.4,100988.25,105701.89,101020.47,101001.73,101010.25,101003.41
17043.144941473,8580,100998.43,107341.36,100995.24,105697.89,101023.62,101008.69,101001.15,101014.4
17043.168955419,8581,101001.36,107324.08,100995.24,105682.98,101025.54,101001.73,101002.21,101017.51
17043.189506909,8582,100994.43,107550.4,100994.2,105834.02,101016.45,100994.77,101004.1,101010.4
17043.210117007,8583,100990.43,108065.5,100994.2,106219.53,101030.61,100998.78,101009.19,101009.49
17043.230712704,8584,100999.49,107970.74,100991.23,106110.76,101019.6,100997.72,101008.12,100996.3
17043.251271244,8585,100995.49,107953.45,100997.18,106103.41,101030.61,101000.67,101001.15,101010.4
17043.271901212,8586,100990.43,107934.37,100994.2,106091.39,101023.62,101001.73,100994.17,101004.45
17043.292205548,8587,100991.5,107904.95,100995.24,106077.61,101014.53,101002.79,100998.19,101001.34
17043.312778,8588,100995.49,107889.9,100993.17,106046.23,101028.51,101002.79,101010.25,101016.47
17043.336911667,8589,100993.37,107871.49,100988.12,106047.35,101020.47,101002.79,101000.08,101006.39
17043.357526132,8590,100993.37,107864.53,100990.19,106039.34,101028.51,101001.73,100994.17,101007.42
17043.378007946,8591,100998.43,107861.61,100985.15,106027.33,101021.52,101003.85,101002.21,101012.47
17043.398656913,8592,100997.36,107841.4,100990.19,106027.33,101016.45,101001.73,100997.12,101020.48
17043.419089934,8593,100995.49,107833.32,100986.18,106023.32,101022.57,100994.77,101010.25,101002.38
17043.439690558,8594,100991.5,107816.03,100989.16,106017.54,101018.55,101001.73,101006.23,101012.47
17043.460136518,8595,101003.49,108026.2,100987.22,106278.48,101028.51,100997.72,100990.14,101006.39
17043.480776691,8596,100985.37,108599.07,100987.22,106648.01,101030.61,100992.65,100994.17,101010.4
17043.504923328,8597,100990.43,108556.86,100994.2,106559.91,101014.53,101002.79,101005.4,101011.43
17043.525562881,8598,100990.43,108524.52,100994.2,106538.77,101020.47,101002.79,101010.25,100999.4
17043.546030624,8599,100999.49,108512.39,101001.32,106519.39,101028.51,100996.66,101002.21,101012.47
17043.566641393,8600,100999.49,108491.05,100988.25,106491.83,101028.51,100997.72,100998.19,101002.38
17043.587135266,8601,100991.5,108476.01,100992.26,106491.83,101028.51,100998.78,100996.29,101009.36
17043.60770321,8602,100999.49,108465.67,100987.22,106475.81,101016.45,100997.72,101007.29,101000.31
17043.628486871,8603,100995.49,108465.02,100994.2,106459.79,101022.57,100996.66,101008.36,101016.47
17043.652467477,8604,100999.49,108448.85,100994.2,106441.54,101030.61,101001.73,101008.36,101004.45
17043.672925936,8605,101004.55,108431.55,100977.13,106459.79,101024.49,100996.66,101002.21,101002.38
17043.693559229,8606,100997.36,108426.37,100987.22,106443.78,101020.47,101002.79,100994.17,101012.47
17043.714012861,8607,100998.43,108419.42,100993.17,106434.0,101026.59,101006.8,100998.19,101003.41
17043.734635217,8608,100990.43,108643.53,100984.24,106672.04,101022.57,100994.77,100986.12,101003.41
17043.755139145,8609,100991.5,109289.74,100985.15,107244.75,101012.42,100999.84,101012.38,100998.37
17043.775726219,8610,101002.43,109205.47,100994.2,107132.6,101027.64,100998.78,101003.27,101012.47
17043.796260012,8611,101000.56,109160.36,100988.12,107088.55,101020.47,100997.72,101001.15,101001.47
17043.82048054,8612,100990.43,109159.23,100994.2,107065.64,101028.51,100997.72,101002.21,101014.53
17043.841006641,8613,100999.49,109126.88,100979.2,107052.5,101030.61,100997.72,100994.17,101008.46
17043.861696621,8614,100990.43,109109.58,100984.11,107020.46,101022.57,100992.65,101002.21,101009.49
17043.882015689,8615,101004.55,109086.45,100990.19,107011.33,101022.57,101009.75,101002.21,100996.43
17043.902702453,8616,100999.49,109065.1,100994.2,107003.32,101020.47,101005.74,100999.25,101008.46
17043.923230557,8617,100999.49,109063.33,100985.15,107000.44,101022.57,100995.82,101010.25,101012.47
17043.943824221,8618,100990.43,109043.75,100988.25,106988.42,101011.37,100998.78,101008.36,101012.47
17043.964304683,8619,100990.43,109050.07,100993.17,106973.53,101022.57,100999.84,100994.17,101003.41
17043.988493604,8620,101002.43,109033.9,100990.19,106972.4,101030.61,101002.79,101002.21,101005.35
17044.008534791,8621,101002.43,109458.42,100985.15,107423.24,101016.45,100989.7,101003.27,101011.43
17044.029602051,8622,100990.43,109876.04,100994.2,107852.46,101018.55,100997.72,100998.19,101009.49
17044.049648837,8623,100995.49,109835.6,101006.23,107763.2,101014.53,100992.65,100994.17,101005.48
17044.070656006,8624,100997.36,109815.38,100995.24,107729.41,101024.49,101001.73,101004.34,101018.41
17044.090821382,8625,100998.43,109799.21,100989.16,107717.39,101018.55,100998.78,101010.25,101011.43
17044.111728039,8626,100995.49,109788.22,100993.17,107703.11,101018.55,100996.66,101003.27,101012.47
17044.13218127,8627,100998.43,109777.85,100994.2,107691.1,101026.59,101018.83,101004.34,101004.45
17044.155941342,8628,101003.49,109761.67,100988.25,107676.21,101024.67,101001.73,100998.19,100997.34
17044.176522557,8629,100999.49,109740.31,100998.21,107661.31,101025.54,101002.79,101001.15,101012.47
17044.198246439,8630,100994.43,109733.37,100997.31,107641.29,101020.47,101000.67,100994.17,101010.4
17044.217717215,8631,101001.36,109725.28,100987.22,107637.28,101013.47,101001.73,101006.23,101008.46
17044.238780278,8632,100998.43,109710.87,100985.15,107617.25,101020.47,100990.75,101004.34,101003.41
17044.258848247,8633,101000.3,109705.07,100994.2,107613.25,101025.54,101001.73,100998.19,101012.47
17044.279727913,8634,100997.36,110178.18,100997.31,108346.33,101026.59,100997.72,100990.14,101011.43
17044.302114057,8635,100987.5,110612.64,100997.31,108675.99,101021.52,100993.71,101001.15,101010.4
17044.323922898,8636,100999.49,110562.37,100994.2,108554.66,101014.53,100996.66,100998.19,101002.38
17044.344582441,8637,100990.43,110531.76,100985.15,108510.59,101020.47,101000.67,101000.08,101008.33
17044.365056524,8638,100995.49,110531.16,100993.17,108470.52,101014.53,101002.79,100996.06,101019.45
17044.385641624,8639,100998.43,110498.81,100995.24,108446.49,101014.53,101006.8,100994.17,101010.4
17044.406174686,8640,100994.43,110477.44,100993.17,108431.6,101021.52,101008.69,100998.19,101010.4
17044.426753697,8641,100981.37,110461.26,100986.18,108414.44,101031.66,101002.79,100994.17,100997.46
17044.449604835,8642,100999.49,110447.98,100996.27,108398.41,101023.62,100998.55,101002.21,100998.37
17044.467890288,8643,101007.49,110457.22,100987.22,108380.11,101022.57,100996.66,100998.19,101004.45
17044.495314561,8644,101001.36,110420.82,100991.23,108370.37,101020.47,100992.65,101000.08,100998.37
17044.512611158,8645,100991.5,110420.82,100994.2,108360.62,101025.54,101000.89,101001.15,101012.47
17044.533054134,8646,100994.43,110391.36,100995.24,108358.35,101030.61,100996.66,101006.23,100998.37
17044.553752325,8647,100995.49,110374.04,100996.27,108366.36,101022.57,100993.71,101002.21,101004.32
17044.574159437,8648,100989.37,110394.26,100987.22,108358.35,101014.53,100995.82,100994.17,101004.45
17044.594711717,8649,100998.43,110374.04,100989.29,108389.26,101021.52,101008.69,101009.42,101000.31
17044.615219491,8650,101009.62,110399.45,101003.26,108441.34,101030.61,101001.73,101014.27,101005.35
17044.635994419,8651,100986.43,110387.32,100991.23,108522.61,101029.56,101004.91,101006.23,101012.47
17044.659985991,8652,100990.43,110446.23,100996.27,108545.51,101016.45,101002.79,101002.21,101011.43
17044.68058362,8653,100998.43,110427.76,100987.22,108629.64,101020.47,101006.8,101012.15,101012.47
17044.701611641,8654,100991.5,110409.29,101005.33,108715.51,101024.49,101005.74,101005.17,101020.48
17044.723277355,8655,100998.43,110420.82,100990.19,108765.87,101018.55,101006.8,101001.15,101012.47
17044.74223204,8656,101007.49,110445.08,100995.24,108781.89,101026.59,101006.8,101006.23,101000.31
17044.766039434,8657,101007.49,110420.82,100994.2,108851.15,101031.66,101004.68,101002.21,101014.4
17044.783379697,8658,100995.49,110427.76,100998.21,108911.25,101016.45,100998.78,101000.08,101014.4
17044.803785457,8659,101002.43,110458.96,100995.24,108931.28,101020.47,101001.73,101009.19,101014.53
17044.82806236,8660,100998.43,110468.2,101004.29,108970.21,101030.61,100995.82,101013.21,101009.36
17044.848646209,8661,101003.49,110476.29,100992.26,109047.48,101022.57,101002.79,101000.08,101015.44
17044.869131629,8662,101007.49,110492.47,100986.18,109118.46,101023.44,101011.87,101004.1,101010.4
17044.889688887,8663,101000.56,110507.49,100990.19,109186.58,101028.51,101002.79,101006.23,101010.4
17044.9101962,8664,100991.5,110535.8,101000.28,109285.04,101030.61,101010.81,101006.23,101004.45
17044.930812858,8665,100991.5,110536.95,101000.28,109344.0,101028.51,100998.78,101005.17,101016.47
17044.95114071,8666,101007.49,110550.23,100994.2,109376.06,101030.61,101004.68,101010.25,101006.39
17044.975499627,8667,101003.49,110566.41,100995.24,109398.96,101029.56,101010.81,101000.08,101012.47
17044.995983565,8668,100999.49,110582.59,100993.3,109423.0,101020.47,101000.67,101009.19,101003.41
17045.016586172,8669,100991.5,110581.44,100990.32,109459.06,101032.53,100996.66,101002.21,101016.47
17045.037047936,8670,101006.42,110602.81,101003.26,109474.53,101024.49,101002.79,101010.25,101011.43
17045.05767516,8671,100990.43,110597.61,100988.25,109554.09,101020.47,101006.8,101007.29,101006.39
17045.078188963,8672,100995.49,110614.94,100996.27,109627.37,101020.47,100998.78,101002.21,101008.46
17045.098889598,8673,101010.42,110654.23,100995.24,109672.6,101030.61,101010.81,101001.15,101016.47
17045.119115856,8674,100989.37,110663.47,100989.29,109756.76,101032.53,101009.75,101010.25,101017.51
17045.143517538,8675,100987.5,110666.96,100995.24,109823.74,101017.5,100994.77,101010.25,101014.4
17045.163965301,8676,100999.49,110683.7,100989.16,109855.8,101020.47,101012.93,101000.08,101012.47
17045.184731866,8677,100999.49,110694.68,100994.2,109901.04,101018.55,101002.79,101002.21,101003.41
17045.205186459,8678,100993.62,110729.34,100992.26,109906.2,101031.66,100997.72,101007.29,101015.44
17045.225787814,8679,100994.43,110712.01,100987.22,109953.69,101022.57,100996.66,101007.29,101007.42
17045.246230009,8680,101009.62,110732.23,100985.15,109977.18,101031.66,101004.68,101002.21,101008.46
17045.266761418,8681,100987.5,110750.15,100995.24,110000.08,101038.65,101002.79,101010.25,101008.46
17045.287270504,8682,100991.5,110777.87,100989.16,110053.33,101036.55,100996.66,101010.25,101008.46
17045.311531754,8683,101001.62,110829.3,100996.27,110106.59,101021.52,101000.67,101008.12,101027.47
17045.331554033,8684,100998.43,111334.89,100992.26,110626.49,101030.61,101000.67,101001.15,101014.4
17045.352679561,8685,100993.62,113690.87,100979.2,115498.34,101000.36,100976.6,100986.12,100987.38
17045.372666317,8686,100979.5,114345.38,100983.21,115969.1,101030.61,100984.63,100993.1,100997.34
17045.39371634,8687,100999.49,114206.58,100999.25,115668.1,101028.51,101002.79,100997.12,101011.43
17045.415311278,8688,101001.62,114210.13,100985.15,115543.69,101016.45,101001.73,101007.06,101012.47
17045.434820281,8689,101003.49,114199.67,100993.17,115503.55,101028.51,101002.79,101001.15,101007.42
17045.455263096,8690,100987.5,114203.71,100987.22,115468.64,101018.55,101001.73,101000.08,101012.47
17045.478955686,8691,100989.37,114230.37,100987.22,115455.4,101018.55,100995.82,101003.27,101005.35
17045.499597332,8692,100989.37,114248.24,100985.15,115422.09,101021.52,101002.79,101003.27,101008.46
17045.520655739,8693,101003.49,114280.62,101003.26,115439.34,101023.62,100999.84,101001.15,101005.48
17045.540677507,8694,100990.43,114321.1,100997.31,115458.6,101022.57,101001.73,100993.1,101005.48
17045.561715573,8695,100999.49,114352.29,100997.18,115483.49,101030.61,101004.91,101002.21,101003.41
17045.581743841,8696,100999.49,114376.58,100992.26,115487.5,101023.62,101002.79,101006.23,101010.4
17045.602727785,8697,101002.43,114408.96,101001.32,115503.55,101028.51,100995.82,100994.17,100997.34
17045.623284243,8698,101000.56,114422.29,100986.18,115505.16,101022.57,101003.85,101004.1,101016.47
17045.646958244,8699,101001.62,114435.62,100994.2,115514.39,101020.47,101001.73,101001.15,101018.54
17045.667581943,8700,100990.43,114465.63,100987.22,115528.03,101017.5,101006.8,101001.15,101000.44
17045.688060122,8701,100993.62,114469.19,100986.18,115538.47,101024.49,100999.84,101006.23,101007.42
17045.708807137,8702,100989.37,114483.01,100996.27,115571.78,101021.52,100989.7,101000.08,101004.32
17045.729131604,8703,101003.49,114515.39,100994.2,115595.86,101024.49,101003.85,101010.25,101012.47
17045.749774161,8704,101001.62,114548.96,100993.3,115619.94,101021.52,101002.79,101006.23,101010.4
17045.770757945,8705,100998.43,114572.06,100986.18,115664.08,101016.45,101005.74,101005.17,101010.4
17045.790864822,8706,101001.36,114610.17,100989.16,115720.27,101025.54,101006.8,100992.04,101015.44
17045.814970517,8707,100992.56,114633.97,100989.16,115763.21,101000.36,100986.74,100999.25,101005.48
17045.835626725,8708,101000.56,114614.22,100998.21,115780.47,101028.51,101000.67,101002.21,101009.36
17045.856377766,8709,100999.49,114638.02,100995.24,115816.59,101020.47,101001.73,101002.21,101013.37
17045.876660099,8710,100991.5,114659.93,100990.19,115840.67,101030.61,101000.67,100996.29,101012.47
17045.897259141,8711,100992.56,114678.5,100987.22,115863.54,101022.57,100991.81,100997.12,101013.5
17045.918561876,8712,100990.43,114694.69,100990.19,115904.89,101031.66,101001.73,100993.1,101008.46
17045.938455942,8713,100988.3,114723.51,100996.27,115920.94,101028.51,101004.91,101002.21,101000.31
17045.958847109,8714,100988.3,114761.13,100987.22,115951.84,101030.61,100997.72,100998.19,101011.43
17045.982991202,8715,100999.49,114782.56,100986.18,116008.03,101020.47,100994.77,101002.21,101010.4
17046.003608882,8716,100990.43,114817.81,100986.18,116044.15,101022.57,101006.8,101010.25,101016.47
17046.024122534,8717,100999.49,114850.19,100981.27,116073.46,101028.51,101012.93,101003.27,101006.39
17046.044888508,8718,100991.5,114887.82,100986.18,116113.6,101032.53,100997.72,101002.21,101013.5
17046.065151211,8719,100989.37,114909.73,100991.23,116121.62,101020.47,100994.77,101009.19,101008.46
17046.085858356,8720,100987.5,114943.3,100985.15,116140.86,101020.47,101002.79,101001.15,101011.43
17046.106184395,8721,100990.43,114966.4,100985.15,116193.87,101024.49,101001.73,101009.19,101016.34
17046.130535751,8722,100989.37,115002.84,100981.14,116221.97,101024.49,100998.78,101002.21,101019.45
17046.151039289,8723,100988.56,115025.46,101000.28,116225.98,101024.49,101001.73,100999.25,101016.47
17046.171603277,8724,100989.37,115591.08,100973.24,117679.26,101013.47,100985.68,101002.21,101006.39
17046.192075097,8725,100959.51,118465.58,100964.19,123051.47,101004.38,100969.64,100971.93,100980.4
17046.212729532,8726,100991.5,118427.51,100981.27,123408.07,101012.42,100987.8,100993.1,100999.4
17046.233104815,8727,100991.5,118360.24,100984.24,123038.13,101018.55,101001.73,101004.1,101006.39
17046.253761804,8728,100991.5,118334.32,100987.22,122937.61,101020.47,100997.72,100997.12,101012.47
17046.274518685,8729,100982.44,118330.27,100989.29,122870.53,101018.55,100998.78,101000.08,101002.38
17046.298533161,8730,100988.56,118320.95,100989.29,122826.31,101020.47,101001.73,101000.08,101010.4
17046.319009808,8731,100989.63,118346.48,100988.25,122796.89,101028.51,100992.65,100998.19,101012.47
17046.339665095,8732,100999.49,118369.56,100992.26,122764.72,101023.62,100995.6,101004.1,101006.39
17046.360107239,8733,100993.62,118378.89,100986.18,122748.64,101022.57,101010.81,100998.19,101014.4
17046.380760232,8734,100999.49,118396.7,100986.18,122741.87,101030.61,100998.78,100994.17,101000.31
17046.402207977,8735,100986.43,118435.62,100996.27,122736.58,101036.55,100992.65,101004.34,101013.5
17046.421776751,8736,100995.49,118480.19,100987.22,122732.56,101034.63,101004.68,101002.21,101002.38
17046.442291485,8737,100999.49,118500.44,100989.29,122753.93,101024.49,100986.52,101001.15,101002.38
17046.46660207,8738,101003.49,118531.63,100996.27,122733.83,101020.47,101006.8,100997.12,101020.48
17046.48700855,8739,101003.49,118573.38,100987.22,122733.83,101031.66,101002.79,100994.17,101010.4
17046.507698419,8740,100978.44,118613.9,100980.23,122744.81,101024.49,101001.73,100998.19,101009.49
17046.52805897,8741,100999.49,118662.52,100995.24,122752.66,101024.49,100992.65,100996.29,101012.47
17046.548797573,8742,100999.49,118684.38,100997.31,122762.17,101026.59,100999.84,101002.21,100999.4
17046.569143422,8743,100996.56,118733.0,100992.26,122766.0,101013.47,100994.77,101002.21,101011.43
17046.589797767,8744,100992.56,118763.82,100994.2,122790.12,101032.53,100998.78,101010.25,101010.4
17046.610244488,8745,100992.56,118804.34,100996.27,122795.61,101021.52,100994.77,100994.17,100999.4
17046.634776568,8746,101001.62,118873.23,100988.25,122798.16,101022.57,100993.71,101002.21,101003.41
17046.654577062,8747,100991.5,118904.41,100978.16,122798.16,101026.59,100993.71,101000.08,101010.4
17046.676094162,8748,100991.5,118962.37,100994.2,122814.24,101014.34,101008.69,101007.29,101007.42
17046.69571913,8749,100986.43,119014.18,100990.19,122830.33,101029.56,101002.79,101006.23,101012.47
17046.716895906,8750,100999.49,119052.76,100986.18,122862.49,101024.49,101001.73,101002.21,101017.38
17046.737363028,8751,100987.5,119122.0,100992.26,122869.26,101020.47,100992.65,100994.17,101010.4
17046.757821196,8752,100998.43,119174.68,100996.27,122878.57,101025.54,100992.65,100992.04,101012.47
17046.778284833,8753,100994.43,119228.6,100997.31,122885.34,101032.53,100998.78,100998.19,101004.32
17046.802353943,8754,100991.5,119275.99,100988.25,122894.66,101028.51,100992.65,101002.21,101004.45
17046.822622414,8755,100993.62,119330.26,100994.2,122909.46,101022.57,100995.82,101009.19,101016.47
17046.843729805,8756,100995.49,119401.62,100997.31,122925.55,101029.56,100993.71,100993.1,101006.39
17046.863855471,8757,101000.56,119462.41,100989.29,122946.93,101030.61,101002.79,100994.17,101020.48
17046.884878513,8758,100991.5,119516.33,100997.31,122953.69,101029.56,100994.77,100992.04,101014.4
17046.904811999,8759,100991.5,119583.99,100991.23,122973.8,101020.47,100989.7,100998.19,101016.47
17046.92676672,8760,100991.5,119640.73,100990.19,122987.14,101022.57,100987.8,101002.21,101005.48
17046.946298608,8761,100991.5,119729.9,100993.3,123011.26,101015.39,101001.73,100989.08,100998.37
17046.969999851,8762,100987.5,119795.98,100987.22,123019.3,101020.47,101000.89,100994.17,101009.49
17046.990641217,8763,100995.49,119866.46,100989.16,123039.41,101025.54,101002.79,100997.12,101009.49
17047.011061368,8764,100997.62,119928.5,100996.27,123055.49,101026.59,101003.85,101002.21,101013.5
17047.031697866,8765,100986.43,119985.24,100987.22,123071.58,101032.53,100993.71,101014.27,101002.38
17047.052239501,8766,100982.44,120062.25,100992.26,123075.6,101020.47,100997.72,101002.21,101005.48
17047.072839044,8767,100964.57,120157.96,100957.07,123127.87,100984.28,100961.62,100948.87,100978.33
17047.093906093,8768,100971.5,120145.8,100971.18,123135.91,100996.34,100993.71,100957.97,100980.4
17047.114361327,8769,100961.64,120183.85,100971.18,123192.21,100992.32,100966.69,100984.23,100982.34
17047.137991412,8770,100975.76,120255.25,100972.21,123197.69,101012.42,100978.72,100985.06,101010.4
17047.158623354,8771,100974.44,120354.1,100979.2,123228.4,101012.42,100989.7,100986.12,101000.44
17047.179160792,8772,100987.5,120435.17,100977.13,123228.4,101014.53,100985.68,100992.27,100996.43
17047.19970391,8773,100972.57,120493.17,100985.15,123248.5,101012.42,100986.74,100992.27,101004.45
17047.220582604,8774,100989.63,120576.73,100978.16,123251.24,101012.42,100994.77,100982.1,100995.4
17047.241151771,8775,100973.63,120641.91,100975.19,123251.24,101004.38,100985.68,100990.14,101012.47
17047.261556909,8776,100974.44,120710.83,100980.23,123252.52,101022.57,100994.77,100994.17,100999.53
17047.282074998,8777,100987.5,120760.72,100973.12,123264.59,101021.52,100982.73,100995.23,100997.46
17047.306023946,8778,100993.62,120825.59,100969.11,123238.27,101020.47,100986.74,101001.15,100994.36
17047.326744291,8779,100974.44,120893.26,100986.18,123254.35,101012.42,100988.64,100995.23,100999.4
17047.347099074,8780,100988.56,120976.84,100975.19,123270.43,101012.42,100984.63,100982.1,100997.46
17047.367745907,8781,100972.57,121075.7,100969.11,123286.52,101003.33,100980.61,100985.06,100995.4
17047.388250436,8782,100974.44,121168.64,100977.13,123305.16,101012.42,100981.67,100986.12,100987.38
17047.408829017,8783,100970.44,121258.14,100979.2,123310.64,101003.33,100977.66,100989.08,100996.43
17047.429244911,8784,100990.43,121306.8,100987.22,123318.68,101011.37,100988.64,100986.12,100996.43
17047.453581746,8785,101121.57,118481.79,101161.6,119685.51,101189.32,101186.26,101195.24,101186.78
17047.474031081,8786,101054.66,116279.45,101062.38,117663.88,101098.95,101072.04,101084.53,101070.53
17047.494627308,8787,101033.61,116075.78,101020.33,117561.05,101046.69,101020.95,101018.29,101019.45
17047.515181632,8788,101007.49,115870.47,101017.23,117546.22,101046.69,101034.88,101034.38,101038.46
17047.535742226,8789,101005.36,115877.36,100997.18,117627.74,101034.63,101010.81,101018.29,101016.47
17047.55631005,8790,100986.43,116027.19,100989.16,117926.42,101041.62,101020.73,101009.19,101011.43
17047.576951857,8791,100992.56,116128.42,100999.25,117777.86,101032.53,101013.76,101021.25,101012.47
17047.597267289,8792,101003.49,115777.34,101005.33,117218.58,101033.58,101018.83,101018.29,101013.5
17047.621580528,8793,100991.5,115913.81,100989.16,117500.83,101020.47,100993.71,100998.19,101013.5
17047.642076464,8794,100986.43,115885.46,100977.13,117421.07,101014.53,100994.77,101010.25,101006.39
17047.662675636,8795,100999.49,115816.63,101001.32,117454.41,101012.42,101002.79,101006.23,101012.47
17047.683153985,8796,101013.62,116225.61,101026.28,118570.77,101048.61,101037.83,101026.34,101035.48
17047.703704453,8797,101007.49,116480.73,101011.28,118892.08,101042.49,101021.79,101030.36,101036.52
17047.724259117,8798,100959.51,115975.75,100966.13,117738.27,100989.35,100978.72,100979.14,100979.36
17047.745079354,8799,100991.5,115696.36,100974.15,117446.38,101012.42,100989.7,100995.23,100986.34
17047.765289177,8800,100999.49,116067.68,100996.27,118255.05,101031.48,101010.81,101010.25,101021.52
17047.789575164,8801,100647.66,110602.81,100663.42,118255.05,100722.98,101161.13,101181.28,101195.84
17047.810040924,8802,101034.41,113331.21,101044.4,116721.3,101061.72,101026.86,101022.32,101023.46
17047.83074859,8803,100991.5,113939.44,101015.29,118493.23,101038.65,101016.72,101024.21,101029.54
17047.851097113,8804,100958.45,115780.19,100951.12,123657.4,100972.22,100977.66,100975.12,100992.42
17047.871989829,8805,100935.52,117778.07,100928.1,123657.4,100958.24,100934.59,100945.91,100947.29
17047.892214665,8806,100951.51,117566.2,100943.1,123657.4,100980.26,100947.69,100964.12,100958.28
17047.912937003,8807,100952.58,117421.59,100958.11,123657.4,100986.38,100969.64,100967.08,100972.38
17047.933265125,8808,100977.63,117311.01,100970.14,123657.4,101015.58,100988.64,100991.21,100992.42
17047.957590291,8809,100999.49,117517.59,100992.26,123657.4,101016.45,100990.75,100998.19,101012.47
17047.977731651,8810,100999.49,117607.93,100996.27,123657.4,101030.61,101002.79,101012.38,101005.35
17047.998720822,8811,100966.44,117374.2,100965.22,123657.4,100992.32,100974.71,100979.98,100988.41
17048.019119111,8812,100959.51,117142.52,100962.12,123657.4,100998.44,100969.64,100984.23,100987.38
17048.03972343,8813,100959.51,117177.35,100975.19,123657.4,101002.46,100977.66,100980.21,100992.42
17048.060238315,8814,100987.5,117189.5,100977.26,123657.4,101000.36,100989.7,100988.25,100998.37
17048.080861172,8815,100993.62,117131.17,100978.16,123657.4,101022.57,100994.77,100988.25,100996.43
17048.101350608,8816,100987.5,117171.67,100982.17,123657.4,101014.53,100992.65,100996.29,100997.46
17048.125065301,8817,100997.62,117244.58,100996.27,123657.4,101025.54,101002.79,101011.32,101016.47
17048.145664514,8818,101000.56,117116.59,100995.24,123657.4,101030.61,101002.79,101012.38,101018.54
17048.166645893,8819,100977.63,117114.96,100987.22,123657.4,101006.48,100993.71,100996.29,100988.41
17048.186880864,8820,100991.5,117148.99,100988.25,123657.4,101013.47,100984.63,101003.27,100997.46
17048.207809805,8821,101027.48,115785.43,101011.28,122978.2,101068.71,101049.87,101037.57,101040.53
17048.227834939,8822,101122.38,110999.17,101132.63,112156.61,101166.25,101137.06,101165.2,101152.78
17048.24893648,8823,101166.36,106148.19,101197.83,104358.23,101212.39,101193.22,101211.33,101200.88
17048.269581522,8824,101155.43,104069.74,101200.81,102040.37,101201.38,101187.32,101185.3,101206.96
17048.293034329,8825,101135.44,102350.72,101145.7,103891.07,101185.3,101159.24,101165.2,101156.78
17048.313648373,8826,101132.5,99593.13,101129.65,103670.97,101167.3,101139.18,101144.02,101133.77
17048.334172562,8827,101089.59,98030.96,101099.51,103604.03,101133.03,101112.16,101124.98,101112.69
17048.354752044,8828,101071.46,96860.31,101085.54,103592.75,101122.02,101088.09,101098.96,101097.69
17048.375185165,8829,101055.47,98300.19,101067.42,103813.94,101104.89,101079.01,101076.72,101092.64
17048.395874803,8830,101053.6,98108.54,101048.41,103825.95,101105.94,101068.03,101071.64,101075.57
17048.416858196,8831,101052.53,98216.51,101054.36,103825.95,101095.98,101054.94,101068.68,101063.55
17048.436837831,8832,101038.41,98269.89,101047.37,103845.96,101082.87,101040.79,101044.55,101059.54
17048.461056046,8833,101036.54,98350.56,101029.39,103829.95,101064.69,101035.94,101044.55,101049.45
17048.483037589,8834,101023.48,98441.38,101023.31,103831.04,101058.75,101034.88,101040.53,101041.43
17048.502173227,8835,101019.48,98408.07,101029.39,103829.95,101044.59,101034.88,101042.66,101024.49
17048.522809415,8836,101015.49,98376.83,101013.35,103837.6,101050.71,101017.78,101031.42,101016.34
17048.543193892,8837,101006.42,98355.63,101013.35,103833.6,101045.64,101008.69,101024.44,101034.58
17048.56380363,8838,101008.55,98351.6,101009.34,103836.88,101046.69,101018.83,101020.42,101027.47
17048.584433829,8839,101007.49,98407.04,100993.17,103830.69,101036.55,101027.92,101012.38,101028.5
17048.604848552,8840,101016.55,98387.9,101013.35,103835.79,101044.59,101008.69,101016.4,101021.52
17048.629191666,8841,101003.49,98443.34,100995.24,103817.59,101036.55,101010.81,101025.51,101007.42
17048.649786481,8842,101002.43,98444.38,101003.26,103834.7,101029.56,101002.79,101012.38,101011.43
17048.670168204,8843,101004.55,98519.99,101005.33,103845.61,101038.65,101009.75,101012.38,101017.51
17048.690852174,8844,100990.43,98609.77,100995.24,103835.79,101028.51,101006.8,101008.36,101014.53
17048.711697879,8845,100998.43,98545.23,100992.26,103833.6,101037.6,101012.93,101004.34,101019.45
17048.732974605,8846,100991.5,98497.85,101001.32,103821.6,101034.63,101002.79,101006.46,101008.46
17048.756625492,8847,101002.43,98247.75,100992.26,103827.79,101031.66,101001.73,101004.34,101013.5
17048.779006889,8848,100995.49,98564.36,100995.24,103835.79,101043.72,100992.65,101008.36,101010.4
17048.798664367,8849,100999.49,98354.6,100997.31,103828.88,101041.62,101003.85,101019.36,101008.33
17048.819292202,8850,100991.5,98467.55,101005.33,103836.88,101035.68,100997.72,101006.23,101001.47
17048.839008589,8851,100989.37,98519.99,100989.29,103833.6,101040.75,100998.78,101012.38,101000.44
17048.859847033,8852,100996.56,98691.49,100987.22,103835.79,101036.55,101001.73,101005.4,100998.37
17048.880091428,8853,100997.62,98682.38,100997.31,103823.78,101030.61,101008.69,101007.29,101004.32
17048.905739826,8854,100991.5,98621.87,100988.25,103835.79,101028.51,101004.91,101005.4,101002.38
17048.92224713,8855,100997.62,98757.07,100982.17,103832.88,101030.61,101002.79,101008.36,101011.43
