t_pc,sample_idx,S0,S1,S2,S3,S4,S5,S6,S7
14920.228463897,4807,100991.86,98643.01,100996.44,103801.34,101023.58,101010.05,101003.97,101023.2
14920.24899766,4808,100994.79,98640.93,100985.32,103791.54,101018.51,101002.04,101013.07,101015.19
14920.26990617,4809,100993.73,98647.04,100998.37,103797.34,101016.41,101007.93,101005.04,101015.19
14920.290148582,4810,100999.85,98638.97,100982.34,103795.53,101019.57,101006.04,101003.97,101014.16
14920.314307903,4811,100999.85,98647.04,101002.38,103817.34,101026.55,101008.99,101005.04,101011.19
14920.33438261,4812,100994.79,98644.96,100994.37,103802.44,101024.63,101003.92,101001.02,101023.2
14920.355424663,4813,101000.92,98647.04,100990.36,103801.34,101027.6,100999.92,101020.05,101011.19
14920.375476967,4814,101005.98,98646.0,100998.37,103790.44,101020.43,101004.98,100994.87,101026.17
14920.396491667,4815,100997.72,98651.07,100996.44,103794.44,101025.5,101004.98,101009.06,101030.18
14920.416870105,4816,101005.98,98647.04,100999.41,103785.35,101020.43,101002.04,101002.91,101019.2
14920.437584261,4817,100997.99,98643.01,100982.34,103789.35,101028.65,101008.99,100994.87,101023.2
14920.458022459,4818,100991.86,98644.96,100979.37,103805.34,101031.62,101008.99,101009.06,101023.2
14920.481741443,4819,100995.86,98647.04,100994.37,103797.34,101018.51,101012.17,101002.91,101022.17
14920.502398313,4820,100992.13,98671.22,100982.34,103793.35,101026.55,101010.05,101002.91,101015.19
14920.523032287,4821,100997.99,98691.38,100995.4,103789.35,101018.51,101000.98,101009.06,101015.19
14920.54349337,4822,100991.86,98695.41,100996.44,103802.44,101034.58,101002.04,100994.05,101023.2
14920.564491956,4823,100999.85,98704.51,100980.41,103802.44,101031.62,100999.92,100997.83,101024.24
14920.584525462,4824,100997.99,98706.47,100995.4,103802.44,101030.56,100991.9,101005.04,101023.2
14920.605579141,4825,100999.85,98700.48,100992.43,103805.34,101038.6,101013.0,101005.04,101015.19
14920.625733961,4826,100987.87,98709.58,100982.34,103801.34,101026.55,101003.1,101005.04,101019.2
14920.649751937,4827,100997.72,98701.4,100980.27,103803.53,101031.62,101020.19,101003.97,101015.19
14920.670375917,4828,100986.8,98709.46,100996.44,103795.53,101032.67,101006.04,101001.02,101011.19
14920.690895238,4829,101005.98,98710.5,100998.37,103806.44,101034.58,100992.96,101002.91,101011.19
14920.711456642,4830,100993.73,98710.5,100990.36,103806.44,101020.62,101007.93,101005.04,101015.19
14920.731943033,4831,100999.85,98717.53,100994.37,103805.34,101024.45,101002.04,101012.01,101015.19
14920.752520542,4832,100995.86,98714.53,100978.34,103805.34,101036.68,101008.99,101005.04,101014.16
14920.772967143,4833,100996.92,98712.58,100990.36,103803.53,101030.75,101000.98,101001.84,101009.12
14920.793651574,4834,101001.72,98718.56,100994.37,103813.34,101018.51,101000.98,101002.91,101015.19
14920.81774833,4835,100996.92,98719.6,101002.38,103793.35,101020.62,101006.04,101009.88,101014.16
14920.83841867,4836,100994.79,98717.53,101000.45,103805.34,101024.45,101011.11,101009.88,101015.19
14920.85882554,4837,100996.92,98719.6,100996.44,103805.34,101018.51,101008.99,101014.96,101017.26
14920.879454647,4838,101001.98,98717.53,100996.44,103805.34,101018.51,101002.04,100994.87,101011.19
14920.899910162,4839,101000.92,98726.63,100999.41,103804.63,101018.51,101004.98,101014.96,101023.2
14920.920538738,4840,100994.79,98736.76,100994.37,103794.44,101019.57,101012.17,101010.94,101019.2
14920.94104576,4841,101005.98,98739.76,100994.37,103806.44,101032.48,100999.92,101000.78,101022.17
14920.961569448,4842,100993.73,98736.76,100978.34,103805.34,101024.45,100999.92,101009.88,101015.19
14920.985791654,4843,100990.8,98725.59,100990.36,103802.44,101024.63,100999.92,101010.94,101013.12
14921.006438959,4844,100995.86,98726.63,100995.4,103803.53,101020.62,101003.92,101005.04,101025.28
14921.026871538,4845,100987.87,98745.74,100998.37,103812.62,101017.46,101011.94,100999.71,101024.24
14921.047441316,4846,100988.93,98743.79,100992.43,103803.53,101036.68,101010.05,100999.71,101007.18
14921.067949079,4847,100979.88,98746.78,100998.37,103819.53,101031.62,101010.05,100998.89,101015.19
14921.088735344,4848,100999.85,98748.86,100994.37,103802.44,101034.58,100999.09,101002.91,101015.19
14921.109035774,4849,100993.73,98754.85,101002.38,103818.43,101016.41,101008.99,101000.78,101015.19
14921.13331742,4850,100994.79,98751.85,100977.3,103802.44,101021.48,101011.11,101005.04,101025.28
14921.153784472,4851,100990.0,98759.91,100978.34,103803.53,101018.51,100999.92,101003.97,101023.2
14921.174384815,4852,101003.85,98762.91,101002.38,103799.53,101016.41,101003.92,101010.94,101016.23
14921.194935673,4853,101009.97,98759.91,100986.35,103805.34,101031.62,101008.99,101004.8,101025.28
14921.215553894,4854,100985.74,98757.84,100992.43,103803.53,101029.51,101007.93,101005.04,101015.19
14921.235912983,4855,100990.0,98766.94,100996.44,103794.44,101015.55,101006.04,101000.78,101014.16
14921.257847015,4856,100998.79,98762.91,100988.42,103805.34,101026.55,101000.98,100998.89,101015.19
14921.277162473,4857,100986.8,98767.98,100994.37,103806.44,101020.62,101016.18,101013.07,101015.19
14921.301320583,4858,100991.86,98767.98,100996.44,103807.53,101017.46,101002.04,100996.76,101014.16
14921.321805051,4859,100997.99,98770.97,100994.37,103807.53,101020.62,101009.22,101005.04,101023.2
14921.342361378,4860,100994.79,98781.11,101004.45,103818.43,101024.45,101003.1,100996.76,101011.19
14921.362963314,4861,100995.86,98765.9,100992.43,103803.53,101035.63,100998.03,101005.04,101020.1
14921.383625781,4862,100995.86,98770.97,101002.38,103803.53,101023.58,101007.1,101002.91,101005.11
14921.403947974,4863,100985.74,98777.08,100981.31,103795.53,101019.57,101008.99,101012.83,101016.23
14921.424613806,4864,100988.93,98766.94,100992.43,103813.34,101018.51,101014.06,100996.76,101017.26
14921.445125275,4865,100985.74,98780.07,100998.37,103807.53,101033.53,101012.17,101009.06,101011.19
14921.469339179,4866,101003.85,98784.1,100989.46,103794.44,101030.56,101006.04,101014.96,101023.2
14921.489484483,4867,100999.85,98775.0,100996.44,103811.53,101021.48,101002.04,100997.0,101015.19
14921.510400795,4868,100991.86,98784.1,100988.42,103811.53,101022.53,101000.15,101009.06,101019.2
14921.530956912,4869,100995.86,98784.1,100992.43,103803.53,101028.65,101000.98,101000.78,101019.2
14921.551530124,4870,100986.0,98779.03,100996.44,103802.44,101013.45,101004.16,101005.86,101007.18
14921.572011217,4871,101001.98,98780.07,100988.42,103803.53,101026.74,100998.03,101005.86,101016.23
14921.592594645,4872,100988.93,98797.24,100994.37,103803.53,101026.55,101003.1,100996.76,101016.23
14921.613033975,4873,100996.92,98791.13,100978.34,103815.53,101037.74,101004.98,100992.74,101011.19
14921.637337995,4874,101000.92,98786.06,100995.4,103807.53,101027.6,101006.04,101001.84,101015.19
14921.657401466,4875,100995.86,98780.07,100990.36,103807.53,101029.51,101006.04,101014.96,101007.18
14921.678455806,4876,100987.87,98784.1,100987.39,103819.53,101035.63,101007.1,100998.89,101016.23
14921.698504845,4877,100988.93,98778.12,100986.35,103807.53,101030.56,101018.07,100996.76,101021.27
14921.719595832,4878,100995.86,98800.23,100996.44,103804.63,101018.51,101011.11,100994.87,101020.23
14921.739569787,4879,100986.8,98784.1,100982.34,103803.53,101018.51,100996.97,100994.87,101024.24
14921.760611188,4880,100993.99,98784.1,100994.37,103803.53,101015.55,100999.92,100999.95,101038.19
14921.781212603,4881,100995.86,98788.13,100995.4,103803.53,101024.63,101006.04,100998.89,101015.19
14921.804798707,4882,100999.85,98792.17,100990.36,103815.53,101026.55,101006.04,100992.74,101024.24
14921.825461044,4883,100986.8,98787.1,100991.4,103795.53,101030.56,101003.92,100997.83,101017.26
14921.845844219,4884,100987.87,98787.1,100978.34,103802.44,101021.67,101010.05,101002.91,101007.18
14921.866483261,4885,100997.99,98796.2,100988.42,103803.53,101035.63,100988.12,101001.84,101031.21
14921.887533736,4886,100995.86,98790.21,100977.3,103801.72,101022.53,101016.18,100999.95,101016.23
14921.907648804,4887,100994.79,98784.1,100988.42,103810.44,101031.62,101011.11,100998.89,101015.19
14921.928556804,4888,100996.92,98788.13,100992.43,103803.53,101019.57,101000.98,101001.84,101016.23
14921.948647205,4889,100995.86,98783.06,101002.38,103803.53,101032.67,101012.17,100995.94,101015.19
14921.972804303,4890,100997.99,98798.15,100985.32,103802.44,101018.51,101008.16,101021.93,101023.2
14921.99345345,4891,100994.79,98801.27,100990.36,103804.63,101029.7,101008.99,100996.76,101023.2
14922.013881683,4892,100995.86,98793.2,100978.34,103809.72,101026.55,101000.98,100999.71,101015.19
14922.03447777,4893,100990.8,98800.23,100990.36,103803.53,101020.62,100998.03,101003.97,101024.24
14922.054934276,4894,100999.85,98784.1,100995.4,103801.34,101024.45,100995.91,100998.89,101015.19
14922.075721462,4895,100995.86,98796.2,100996.44,103807.53,101030.56,100996.97,100996.76,101007.18
14922.096270248,4896,100995.86,98784.1,100984.42,103800.63,101027.6,101006.04,100997.83,101022.17
14922.116846795,4897,100996.92,98798.15,101002.38,103796.63,101032.67,101004.98,100992.74,101017.26
14922.140802118,4898,100994.79,98792.17,100982.34,103803.53,101026.55,101011.11,100996.76,101017.26
14922.161472557,4899,100995.86,98792.17,100994.37,103805.72,101020.62,101006.04,101000.78,101015.19
14922.181903444,4900,100995.86,98802.31,100994.37,103795.53,101022.53,101006.04,101010.94,101023.2
14922.20250525,4901,100990.0,98797.24,100996.44,103803.53,101028.65,101006.04,101003.97,101024.24
14922.223084401,4902,101000.92,98798.15,100980.41,103803.53,101018.51,101002.04,101000.78,101016.23
14922.243643813,4903,100999.85,98787.1,100994.37,103815.53,101031.62,100999.92,101001.02,101012.22
14922.264025105,4904,100999.85,98801.27,100984.42,103799.53,101025.68,101002.04,100999.95,101017.26
14922.284764789,4905,100999.05,98794.24,100979.37,103795.53,101024.63,101007.93,101003.97,101017.26
14922.308825671,4906,100995.86,98792.17,100994.37,103796.63,101023.58,101003.92,101002.91,101016.23
14922.329511995,4907,100999.85,98791.13,100981.45,103793.72,101027.6,101008.99,101002.91,101015.19
14922.349886096,4908,100993.99,98784.1,100997.47,103787.54,101021.48,101002.04,101010.94,101019.2
14922.370507851,4909,100997.99,98796.2,100982.34,103803.53,101027.6,101006.04,101013.07,101012.22
14922.391026752,4910,100997.99,98791.13,100996.44,103797.72,101030.56,101004.16,100999.95,101020.23
14922.411639704,4911,100987.87,98799.19,100990.36,103803.53,101029.51,101012.17,101002.91,101021.13
14922.432044392,4912,100995.86,98796.2,100996.44,103795.53,101019.57,101007.1,101002.91,101015.19
14922.45638069,4913,101001.98,98797.24,100978.34,103797.34,101020.62,100995.08,101007.99,101014.16
14922.476805268,4914,100997.99,98795.16,100996.44,103786.44,101020.62,101004.98,100997.83,101017.26
14922.497482067,4915,100988.93,98795.16,100992.43,103791.54,101031.62,101008.99,100994.87,101025.28
14922.518012525,4916,100997.99,98788.13,100998.37,103803.53,101018.51,101014.06,101001.02,101007.18
14922.538512977,4917,100995.86,98800.23,100999.41,103791.54,101027.6,100994.02,101001.84,101015.19
14922.559083655,4918,100995.86,98792.17,100996.44,103789.72,101023.58,101000.98,100997.83,101016.23
14922.579590728,4919,100997.99,98793.2,100994.37,103787.54,101019.57,101010.05,100998.89,101006.15
14922.600053773,4920,100989.73,98796.2,100975.37,103803.53,101025.68,101007.93,101005.86,101026.31
14922.624420578,4921,100995.86,98800.23,100994.37,103793.72,101020.62,101004.98,101013.07,101020.23
14922.644859978,4922,100990.0,98792.17,100991.4,103788.63,101019.57,101006.04,101005.04,101024.24
14922.66561108,4923,100995.86,98800.23,100994.37,103795.53,101018.51,101008.99,100999.95,101019.2
14922.685948545,4924,101003.05,98796.2,101000.45,103803.53,101024.63,101006.04,101014.96,101023.2
14922.707146664,4925,100990.0,98797.24,100983.38,103791.54,101035.63,101007.93,101003.97,101022.17
14922.727049241,4926,100995.86,98796.2,100991.4,103777.73,101026.55,101002.04,100994.87,101015.19
14922.748814338,4927,100987.87,98791.13,100982.34,103787.54,101019.57,101004.98,101005.04,101025.28
14922.768068734,4928,101001.98,98799.19,100994.37,103795.53,101023.58,101011.11,101002.91,101015.19
14922.7923771,4929,100999.85,98791.13,100998.37,103789.72,101029.7,101002.04,101009.06,101017.26
14922.812811232,4930,100997.99,98794.24,101004.45,103789.72,101015.55,101008.99,101005.04,101022.17
14922.833504546,4931,100997.99,98800.23,100988.42,103789.72,101020.62,101006.04,101003.97,101013.26
14922.854031178,4932,100987.87,98792.17,100994.37,103788.63,101032.67,101003.92,101002.91,101024.24
14922.87461076,4933,100997.99,98792.17,100982.34,103795.53,101027.6,101000.98,100998.89,101016.23
14922.895180678,4934,100997.99,98800.23,100980.41,103799.53,101023.58,101002.04,101000.78,101017.26
14922.915612356,4935,100995.86,98785.14,100982.34,103788.63,101025.68,101000.98,101002.91,101023.2
14922.936068151,4936,100996.92,98801.27,100997.47,103781.73,101019.57,101010.05,101002.91,101014.16
14922.960399602,4937,100999.85,98801.27,100984.42,103788.63,101024.63,101010.05,101012.83,101011.19
14922.980423463,4938,100997.99,98801.27,100993.33,103788.63,101030.56,100999.92,100999.95,101013.26
14923.001506207,4939,100987.87,98800.23,100978.34,103789.72,101026.55,101000.98,101003.97,101016.23
14923.021498319,4940,100987.87,98792.17,100980.41,103788.63,101031.62,101003.1,100992.74,101023.2
14923.042525489,4941,100990.0,98792.17,100994.37,103789.72,101026.55,100996.14,101016.03,101011.19
14923.062611344,4942,100993.99,98802.31,100996.44,103795.53,101022.53,100999.92,101003.97,101011.19
14923.083608678,4943,101001.98,98802.31,100978.34,103779.54,101019.57,101010.05,100998.89,101017.26
14923.103728394,4944,100990.0,98794.24,100986.35,103787.54,101017.46,101012.17,101012.01,101024.24
14923.127828065,4945,101001.98,98796.2,100996.44,103787.54,101030.56,101010.05,100997.83,101017.26
14923.148420216,4946,100996.92,98784.1,100993.33,103789.72,101020.62,101010.05,100998.89,101025.28
14923.168933728,4947,100988.13,98801.27,100996.44,103787.54,101018.51,101006.04,101002.91,101016.23
14923.189536905,4948,100997.99,98792.17,100990.36,103796.63,101032.67,101007.93,101003.97,101024.24
14923.212128493,4949,100987.87,98800.23,100996.44,103781.73,101023.58,100999.92,101003.97,101016.23
14923.230695469,4950,100997.99,98804.26,100996.44,103789.72,101018.51,101012.17,101003.97,101011.19
14923.253349981,4951,100997.99,98793.2,100992.43,103803.53,101026.55,100998.03,101016.85,101033.29
14923.271916667,4952,100996.92,98801.27,100990.36,103779.54,101017.46,101002.04,101005.04,101025.28
14923.295869495,4953,100995.86,98785.14,100996.44,103787.54,101018.51,100996.97,101002.91,101017.26
14923.316475737,4954,100986.0,98792.17,100990.36,103789.72,101025.5,101006.04,101005.04,101016.23
14923.336966705,4955,100983.87,98797.24,100992.43,103779.54,101020.62,101000.98,101005.04,101021.27
14923.35904749,4956,100990.0,98800.23,100992.43,103788.63,101016.41,101013.0,101002.91,101016.23
14923.37813986,4957,100995.86,98786.18,100997.47,103793.72,101022.53,100995.91,100998.89,101013.26
14923.39886364,4958,100995.86,98787.1,100996.44,103786.44,101027.6,101003.1,101008.81,101015.19
14923.419229439,4959,100995.86,98773.96,100996.44,103792.63,101010.48,100995.91,101020.05,101017.26
14923.439640155,4960,100997.99,98797.24,100992.43,103787.54,101020.62,101006.04,101014.96,101025.28
14923.463837774,4961,100991.86,98792.17,101004.45,103787.54,101029.7,101018.07,101017.09,101015.19
14923.485082854,4962,100993.99,98784.1,100994.37,103781.73,101025.5,100998.03,101010.12,101027.35
14923.505360178,4963,100983.87,98792.17,100992.43,103781.73,101036.68,101006.04,101017.09,101015.19
14923.52565578,4964,100995.86,98791.13,101002.38,103789.72,101026.55,101004.98,101001.02,101023.2
14923.546331488,4965,100990.0,98797.24,100982.34,103789.72,101026.74,101012.17,100997.83,101024.24
14923.566643835,4966,100997.99,98800.23,100994.37,103789.72,101023.58,101006.04,101021.11,101012.22
14923.5871722,4967,100997.99,98776.04,100992.43,103790.82,101020.62,101003.92,101008.81,101007.18
14923.607689027,4968,100986.8,98793.2,100993.33,103799.53,101023.58,101006.04,101007.99,101019.2
14923.631870952,4969,101000.92,98794.12,100996.44,103795.53,101020.62,101000.98,101000.78,101021.27
14923.652500219,4970,101005.98,98797.24,100982.34,103789.72,101022.53,100995.91,101004.8,101015.19
14923.673037627,4971,100997.99,98785.14,100993.47,103787.54,101020.62,101010.05,101013.07,101017.26
14923.693555085,4972,100990.0,98784.1,100986.35,103785.73,101027.6,101004.16,101014.96,101017.26
14923.714024751,4973,101003.85,98793.2,100995.4,103791.91,101036.68,101002.04,101005.04,101016.23
14923.734618234,4974,100995.86,98785.14,100982.34,103796.63,101032.67,101008.16,100997.83,101009.25
14923.755136313,4975,100996.92,98791.13,100990.36,103788.63,101027.6,101003.92,101005.04,101023.2
14923.77939937,4976,101011.04,98797.24,100986.35,103781.73,101024.63,101000.98,101016.03,101012.22
14923.799874494,4977,100997.99,98792.17,100994.37,103785.73,101020.43,101000.98,100994.87,101024.24
14923.820556812,4978,100986.0,98793.2,100984.42,103789.72,101032.67,101000.98,100995.94,101017.26
14923.841026377,4979,100995.86,98777.08,100980.41,103781.73,101019.57,100994.02,100996.76,101018.3
14923.86156004,4980,101003.05,98800.23,100992.43,103789.72,101026.55,101004.98,101007.99,101025.28
14923.882057107,4981,100999.85,98792.17,100998.51,103798.82,101018.51,101007.93,101002.91,101017.26
14923.902691412,4982,100992.93,98788.13,100996.44,103787.54,101025.5,101012.17,101002.91,101025.28
14923.923119144,4983,100995.86,98793.2,100996.44,103804.63,101020.62,101000.98,101001.84,101018.3
14923.947422773,4984,100995.86,98780.07,100990.36,103789.72,101030.56,101002.04,101014.96,101017.26
14923.967851137,4985,100987.07,98793.2,100988.42,103790.82,101031.62,101007.93,100996.76,101015.19
14923.988492953,4986,100995.86,98792.17,100998.37,103793.72,101018.51,101012.17,101013.9,101024.24
14924.008949458,4987,100997.99,98796.2,100984.42,103795.91,101027.6,101007.1,100997.83,101024.24
14924.029551785,4988,100993.99,98784.1,100997.47,103797.72,101018.51,101012.17,100995.94,101017.26
14924.050072357,4989,100997.99,98786.06,100990.36,103789.72,101027.6,101010.05,101002.91,101018.3
14924.070710708,4990,100990.0,98796.2,100978.34,103790.82,101021.67,100998.03,101003.73,101018.3
14924.091116648,4991,101000.12,98783.06,100996.44,103780.63,101034.58,101010.05,101006.93,101024.24
14924.115412265,4992,100990.0,98797.24,100994.37,103786.82,101019.57,101000.98,101009.06,101012.22
14924.13590126,4993,100997.99,98801.27,100976.27,103787.54,101027.6,101010.05,101005.04,101026.31
14924.156522885,4994,100999.05,98780.07,100991.4,103789.72,101031.62,101002.04,101013.07,101016.23
14924.176966812,4995,101005.98,98793.2,100994.37,103786.82,101023.58,101008.99,100999.95,101019.34
14924.197580846,4996,100996.92,98796.2,100992.43,103789.72,101021.48,101012.17,101005.04,101017.26
14924.218164414,4997,101015.03,98797.24,100980.41,103789.72,101016.6,101008.99,101005.04,101015.19
14924.238639558,4998,100996.92,98808.29,100986.35,103789.72,101019.57,101011.11,100993.81,101017.26
14924.259183346,4999,100997.99,98794.12,100986.35,103805.72,101024.63,100999.92,100998.89,101007.18
14924.283435127,5000,100997.99,98793.2,100994.37,103789.72,101018.51,100998.03,101012.01,101017.26
14924.303463064,5001,100999.85,98792.17,100986.35,103781.73,101016.6,101000.98,100994.87,101019.34
14924.324491515,5002,101000.92,98792.17,100996.44,103790.82,101030.56,101014.06,100996.76,101018.3
14924.344515496,5003,100999.05,98801.27,100998.37,103790.82,101031.62,101010.05,101021.11,101023.2
14924.365589997,5004,100990.0,98792.17,100983.38,103789.72,101019.57,101003.92,100997.0,101017.26
14924.385713198,5005,100997.99,98788.13,100992.43,103782.82,101023.58,101001.21,101005.04,101015.19
14924.406650492,5006,100999.85,98792.17,100977.3,103793.72,101032.67,101010.05,100997.0,101018.3
14924.427111204,5007,100999.05,98780.07,100986.35,103803.53,101020.62,101004.98,101010.94,101019.34
14924.450842637,5008,100995.06,98788.13,101001.48,103789.72,101035.63,100998.86,101001.02,101023.2
14924.471492605,5009,100996.12,98794.12,100984.42,103782.82,101026.55,101004.16,101010.94,101016.23
14924.492053289,5010,100997.99,98796.2,100993.47,103793.72,101018.51,101004.16,100999.95,101017.26
14924.512640242,5011,100995.86,98789.17,101000.45,103782.82,101023.77,101012.17,101012.01,101020.23
14924.533594201,5012,101001.98,98792.17,100996.44,103790.82,101017.46,100996.14,101000.78,101025.28
14924.553719184,5013,100997.99,98784.1,100978.34,103797.72,101019.57,101004.16,100994.87,101014.3
14924.574681135,5014,100995.06,98793.2,100994.37,103789.72,101029.7,100996.97,101002.91,101019.34
14924.595292525,5015,100999.05,98784.1,101000.45,103802.82,101023.58,101006.04,101013.07,101017.26
14924.618869885,5016,100999.05,98802.31,100998.37,103793.72,101019.57,101003.1,101007.99,101024.24
14924.639524251,5017,100992.13,98797.24,101006.53,103793.72,101024.63,101004.98,101010.94,101021.27
14924.65996369,5018,100999.05,98792.17,100992.43,103787.54,101022.53,100999.09,101000.78,101017.26
14924.680517723,5019,100996.92,98786.06,100986.35,103781.73,101037.74,101010.05,100998.89,101019.34
14924.70109378,5020,100988.93,98796.2,100993.47,103793.72,101012.58,101011.11,100997.0,101024.24
14924.721642445,5021,100990.0,98788.13,100979.37,103782.82,101034.58,101005.21,100995.94,101021.27
14924.742157329,5022,100995.86,98792.17,100992.43,103789.72,101019.57,101000.98,101016.03,101026.31
14924.762693726,5023,100997.99,98793.2,100992.43,103790.82,101021.67,100999.09,101010.12,101019.34
14924.786893769,5024,100995.06,98794.24,100992.43,103801.72,101020.62,101008.16,101004.8,101017.26
14924.807496025,5025,100986.0,98777.08,100998.37,103781.73,101024.63,101000.98,101001.02,101017.26
14924.827975806,5026,100997.99,98788.13,100997.34,103789.72,101025.68,101006.04,101003.97,101017.26
14924.848555949,5027,100993.99,98781.11,100994.37,103789.72,101022.53,101010.05,100997.0,101018.3
14924.869034087,5028,100993.99,98795.16,100978.34,103797.72,101023.58,100999.09,101007.17,101009.25
14924.889804738,5029,100990.0,98780.07,100988.42,103788.63,101035.63,101000.15,101005.04,101026.31
14924.910028481,5030,100997.99,98776.04,100994.37,103789.72,101036.68,101011.11,101002.91,101013.26
14924.934427936,5031,100987.87,98788.13,100992.43,103793.72,101028.65,101008.16,101021.11,101015.19
14924.954915469,5032,100990.0,98783.06,100983.38,103799.91,101030.75,101004.16,101003.97,101019.2
14924.975502141,5033,100993.99,98774.08,100982.34,103797.72,101028.65,101003.1,101005.04,101017.26
14924.996044347,5034,100995.86,98792.17,100996.44,103789.72,101020.62,101004.98,101002.91,101013.26
14925.016570418,5035,100990.0,98776.04,100990.5,103805.72,101023.58,101012.17,101003.97,101013.26
14925.0371633,5036,100986.0,98788.13,100994.37,103789.72,101036.68,101002.04,100994.87,101012.36
14925.05776167,5037,101001.98,98792.17,100990.36,103793.01,101021.67,101008.99,101003.97,101017.26
14925.078238407,5038,100992.93,98774.08,100994.37,103787.54,101037.74,101010.05,101001.02,101016.23
14925.10241922,5039,100996.92,98796.2,100992.43,103789.72,101017.46,101012.17,101002.91,101010.29
14925.122880062,5040,100995.86,98793.2,100990.36,103782.82,101024.63,101000.98,101005.86,101026.31
14925.143509439,5041,100999.05,98789.17,100985.45,103789.72,101028.65,101002.27,101010.94,101017.26
14925.16402187,5042,100997.99,98798.27,101005.49,103793.72,101027.6,101011.11,100994.87,101025.28
14925.184586169,5043,100993.99,98772.01,100998.51,103790.82,101024.63,101003.1,101002.91,101019.34
14925.205173132,5044,101000.92,98783.06,100994.5,103789.72,101018.51,100999.92,101005.04,101013.26
14925.225818323,5045,100990.0,98793.2,100990.36,103805.72,101031.62,101004.98,100999.95,101025.28
14925.246263652,5046,100990.0,98801.27,100996.44,103781.73,101029.7,101000.98,101000.78,101017.26
14925.270499649,5047,101001.98,98777.08,100996.44,103790.82,101017.65,101010.05,100997.83,101014.3
14925.290972269,5048,100999.05,98772.01,100992.43,103789.72,101022.72,100999.92,101002.91,101024.24
14925.31154459,5049,100990.0,98784.1,100988.42,103795.91,101035.63,101003.92,100999.95,101023.34
14925.332028397,5050,100986.0,98777.08,100996.44,103793.72,101021.67,101000.98,101005.04,101017.26
14925.352704444,5051,100999.05,98776.04,100992.43,103781.73,101029.51,101013.23,101000.78,101017.26
14925.373182172,5052,100997.99,98769.93,100984.42,103790.82,101022.53,101000.98,101006.93,101019.34
14925.394226127,5053,100990.0,98770.97,100988.42,103797.72,101024.63,101003.92,100997.0,101026.31
14925.414139811,5054,100997.99,98766.94,100996.44,103805.72,101023.58,101000.98,100994.87,101020.23
14925.438451302,5055,101003.05,98759.91,101000.45,103797.72,101031.62,101011.11,101001.84,101023.34
14925.458577768,5056,100997.99,98784.1,100984.42,103789.72,101020.62,101003.92,101008.81,101019.34
14925.479577796,5057,100983.07,98773.05,100987.39,103801.01,101020.62,101002.04,101001.84,101017.26
14925.4996232,5058,100997.99,98767.98,100980.41,103806.82,101022.53,101008.99,101001.02,101022.31
14925.520584319,5059,100992.93,98767.98,100982.34,103797.72,101014.5,101012.17,100994.87,101015.33
14925.541119134,5060,100986.0,98776.04,100994.37,103793.72,101018.51,101008.99,101003.97,101025.28
14925.561686627,5061,100986.0,98763.95,100990.36,103786.82,101024.63,101008.99,101002.91,101010.29
14925.582201281,5062,101005.98,98770.05,101004.45,103789.72,101017.65,100998.03,101003.97,101021.27
14925.606499662,5063,100997.99,98772.01,100994.37,103790.82,101024.63,100994.02,100999.95,101025.28
14925.626535541,5064,100999.05,98769.02,100996.44,103789.72,101020.62,101000.98,100994.87,101025.28
14925.64752276,5065,100997.99,98769.02,100980.41,103806.82,101020.62,101002.04,101010.94,101019.34
14925.667608725,5066,100991.06,98764.98,100982.34,103793.72,101027.6,101011.11,101003.97,101018.3
14925.68861994,5067,100990.0,98767.98,100995.4,103787.54,101030.56,101003.92,101000.78,101022.31
14925.709142035,5068,100999.85,98769.02,100997.47,103793.01,101026.55,101011.11,100988.97,101013.26
14925.729614255,5069,100991.06,98773.05,100998.37,103805.72,101037.74,100992.13,101001.84,101023.34
14925.749782534,5070,100991.06,98769.02,101002.38,103807.91,101024.63,101004.16,100997.83,101012.22
14925.773902264,5071,100990.0,98774.08,100984.42,103795.91,101030.75,101010.05,101009.06,101013.26
14925.794475457,5072,100986.0,98767.98,100998.51,103795.91,101019.57,101008.16,100994.87,101015.33
14925.81556466,5073,100999.05,98767.98,100976.4,103801.72,101020.62,101008.99,101005.04,101018.3
14925.835604115,5074,100997.99,98767.98,100997.47,103801.72,101020.62,101002.04,100998.89,101017.26
14925.856644534,5075,101003.05,98777.08,100991.4,103797.72,101022.53,101003.1,101005.04,101018.3
14925.876893846,5076,100999.05,98770.05,100992.43,103789.72,101015.55,100999.92,100997.0,101013.26
14925.897786943,5077,100990.0,98774.08,100996.44,103798.82,101020.62,101008.16,101010.94,101017.26
14925.917747998,5078,100990.0,98777.08,100978.34,103809.0,101021.67,100994.02,101005.04,101024.24
14925.941885366,5079,100997.99,98764.98,100992.43,103795.91,101024.63,101006.04,101013.07,101017.26
14925.962507192,5080,100990.0,98769.02,100983.38,103805.72,101018.7,101000.15,101001.02,101009.25
14925.982952521,5081,100990.0,98761.99,100976.4,103789.72,101021.67,100992.13,101005.04,101032.25
14926.003665404,5082,100996.92,98763.03,100997.47,103798.82,101020.62,101003.1,101005.04,101025.28
14926.02405569,5083,100991.86,98764.98,100984.42,103790.82,101020.62,101000.15,101013.07,101017.26
14926.044685788,5084,100990.0,98769.02,100992.43,103788.63,101030.75,101002.04,101013.07,101027.35
14926.065710975,5085,100996.92,98766.02,100996.44,103791.91,101025.5,101004.16,101003.97,101017.26
14926.085715847,5086,100990.0,98769.02,100994.37,103798.82,101023.58,101011.11,100995.94,101017.26
14926.109924652,5087,100993.99,98763.95,100994.37,103807.91,101022.53,101004.16,101005.04,101025.28
14926.130571626,5088,100986.0,98757.96,100991.4,103797.01,101023.58,101006.04,101005.04,101019.34
14926.151088213,5089,100997.99,98767.98,101001.48,103790.82,101019.57,101003.92,101013.07,101023.2
14926.171735407,5090,101008.11,98753.93,100982.34,103807.91,101042.8,101007.93,101007.99,101015.19
14926.193116753,5091,100991.06,98769.02,100994.37,103805.72,101025.68,101008.99,100995.94,101018.3
14926.2132441,5092,100997.99,98760.95,100982.48,103805.72,101018.51,101004.98,100997.0,101024.24
14926.233322844,5093,101001.98,98770.05,100978.34,103810.1,101028.65,101012.17,101005.04,101027.35
14926.257456846,5094,100987.87,98753.93,100978.34,103809.0,101024.63,101003.1,101002.91,101015.33
14926.277919221,5095,100991.06,98763.95,100997.47,103794.82,101019.57,101012.17,100997.83,101017.26
14926.298576951,5096,100997.99,98763.95,100997.47,103807.91,101028.65,101010.05,100995.94,101012.22
14926.320071257,5097,100997.99,98760.95,100993.47,103809.0,101019.57,101003.1,100997.0,101017.26
14926.339616323,5098,100997.99,98764.98,100997.47,103797.72,101019.57,101004.16,101005.04,101011.33
14926.360103465,5099,101008.11,98759.91,100996.44,103801.01,101026.55,101000.98,101001.02,101013.26
14926.380687183,5100,100999.05,98763.03,100998.51,103798.82,101026.55,101002.04,101010.12,101013.26
14926.401204772,5101,100999.05,98756.92,100971.36,103794.82,101020.62,100994.02,101006.1,101015.33
14926.425480228,5102,100984.94,98770.05,100996.44,103807.91,101020.62,101011.11,101005.04,101017.26
14926.44592744,5103,100986.0,98760.95,100992.43,103797.72,101023.77,101000.98,100997.0,101009.25
14926.466580643,5104,100999.05,98760.95,100994.37,103798.82,101029.7,101003.1,101006.93,101007.32
14926.487085151,5105,100996.92,98766.02,100990.36,103807.91,101019.57,101006.04,101002.91,101019.34
14926.508389771,5106,100999.05,98763.95,100984.42,103801.01,101027.6,101010.05,101002.91,101029.28
14926.528082861,5107,100990.0,98757.96,100982.34,103807.91,101032.67,100999.92,100997.0,101015.33
14926.548853572,5108,100993.99,98766.02,100990.36,103801.01,101019.57,100996.14,101013.07,101008.22
14926.569151558,5109,100999.05,98759.91,100994.37,103798.1,101015.55,100988.95,101005.04,101017.26
14926.593501547,5110,100997.99,98759.91,100978.34,103790.82,101036.68,100999.09,101006.93,101019.34
14926.613943861,5111,100992.13,98762.91,100987.39,103809.0,101019.57,101012.17,100999.95,101031.35
14926.634542702,5112,100996.92,98763.95,100986.35,103802.1,101021.67,101002.04,100986.84,101026.31
14926.655145039,5113,100997.99,98759.91,100988.42,103814.81,101024.63,101008.16,101001.02,101022.31
14926.675623027,5114,100999.05,98752.89,100996.44,103798.82,101036.68,101007.1,101002.91,101017.26
14926.696085882,5115,101000.12,98761.99,100994.37,103807.91,101020.62,101004.16,101005.04,101025.28
14926.716770503,5116,100997.99,98761.99,100985.45,103806.82,101029.7,101007.1,101009.88,101017.26
14926.737162861,5117,100997.99,98760.95,100984.42,103791.91,101023.58,100995.91,100994.87,101025.28
14926.761497367,5118,100980.94,98751.85,100980.41,103799.91,101019.57,101000.98,101005.04,101030.32
14926.781997188,5119,100984.14,98764.98,100996.44,103799.91,101027.6,101015.95,100995.94,101023.34
14926.802551322,5120,100992.13,98761.99,101000.45,103794.82,101020.62,101002.04,101005.04,101017.26
14926.822702275,5121,101000.12,98763.95,100984.42,103790.82,101028.65,101010.05,100997.0,101019.34
14926.844226327,5122,100986.0,98760.95,100978.34,103798.1,101028.65,101003.1,100991.92,101013.26
14926.864109905,5123,100999.05,98759.91,101001.48,103802.1,101025.68,101008.16,101005.04,101014.3
14926.884887636,5124,101000.12,98759.91,101001.48,103809.72,101020.62,101000.98,101001.02,101017.26
14926.906597199,5125,100997.99,98763.95,100984.42,103795.91,101027.6,100999.92,100994.87,101018.3
14926.92948196,5126,100992.93,98751.85,100992.43,103798.82,101020.62,101008.16,101002.08,101017.26
14926.949522757,5127,100999.05,98760.95,100994.37,103791.91,101032.67,101002.04,101005.86,101017.26
14926.970648666,5128,100987.87,98764.98,100982.34,103799.91,101016.6,101006.04,101001.02,101019.34
14926.990700399,5129,100993.99,98747.82,100995.4,103817.0,101022.72,101004.16,101005.04,101010.29
14927.011643391,5130,100991.06,98760.95,100996.44,103806.82,101029.7,101004.16,100995.94,101021.27
14927.032167308,5131,100999.05,98757.96,100998.51,103806.82,101012.58,100994.02,101005.04,101011.33
14927.052762183,5132,100992.13,98761.99,101000.45,103794.82,101020.62,101012.17,101013.9,101019.34
14927.073440865,5133,100992.13,98759.91,100996.44,103805.72,101028.65,101002.04,100999.95,101017.26
14927.096922921,5134,100997.99,98753.93,100986.35,103791.91,101027.6,101010.05,101002.91,101011.33
14927.117570596,5135,101003.05,98756.92,100990.36,103811.91,101021.67,101004.98,100992.74,101018.3
14927.138637415,5136,100997.99,98757.96,100984.42,103801.01,101020.62,101003.1,101006.1,101022.31
14927.158650139,5137,100999.05,98766.02,100996.44,103795.91,101021.67,101004.16,101013.07,101027.35
14927.179631539,5138,100995.86,98756.92,100980.41,103802.82,101025.68,101003.1,101001.02,101017.26
14927.200042766,5139,100997.99,98753.93,100988.42,103806.82,101025.68,101004.16,101005.04,101013.26
14927.220754348,5140,101001.98,98755.88,100978.34,103799.91,101021.67,101005.21,101002.91,101018.3
14927.240800563,5141,101000.12,98753.93,100985.45,103809.0,101021.67,100995.08,100994.87,101027.35
14927.264956017,5142,100991.06,98757.96,100982.48,103806.82,101029.7,101002.04,101004.8,101007.32
14927.285551944,5143,100991.06,98753.93,100996.44,103807.91,101019.57,101004.16,101005.04,101017.4
14927.306034629,5144,101000.12,98755.88,100997.47,103793.01,101027.6,101002.04,101005.04,101019.34
14927.326602193,5145,100995.06,98750.93,100994.37,103806.82,101024.63,101010.05,101017.09,101017.26
14927.347137327,5146,101003.05,98757.96,100988.42,103812.29,101020.62,101010.05,100997.0,101027.35
14927.367726233,5147,100997.99,98761.99,100994.37,103811.91,101019.57,100996.14,101001.02,101026.31
14927.388749557,5148,100990.0,98744.83,100970.32,103810.1,101022.53,101011.11,101007.99,101019.34
14927.408746076,5149,100991.06,98757.96,100996.44,103809.72,101021.67,101008.99,101005.04,101023.34
14927.432988493,5150,100987.07,98757.96,100993.47,103807.91,101027.6,101002.04,101007.17,101009.25
14927.453590869,5151,101005.98,98760.95,100998.51,103807.91,101029.7,101003.1,100999.95,101015.33
14927.474091682,5152,100996.12,98753.93,100996.44,103797.01,101028.65,101007.1,101018.16,101026.31
14927.494809743,5153,100990.0,98760.95,100984.42,103807.91,101023.58,101002.04,100997.0,101018.3
14927.515115531,5154,101000.12,98749.9,100994.37,103817.0,101020.62,101012.17,101021.11,101023.34
14927.53566677,5155,101000.12,98759.91,100995.4,103802.1,101039.84,101013.23,101006.1,101019.34
14927.556284529,5156,101000.12,98757.96,100982.34,103789.01,101020.62,100997.2,101001.02,101023.34
14927.580478352,5157,100997.99,98748.86,100988.42,103798.82,101027.6,101004.98,101006.1,101017.26
14927.60096253,5158,100999.05,98749.9,100980.41,103809.0,101027.6,100996.97,100998.07,101018.3
14927.621632538,5159,100993.99,98752.89,100994.37,103805.0,101026.55,101007.1,101014.14,101017.26
14927.642059099,5160,100990.0,98757.96,101000.45,103803.91,101020.62,101004.16,101006.1,101020.37
14927.662682637,5161,100999.05,98764.07,100986.35,103810.81,101030.75,101008.16,101001.02,101019.34
14927.683207426,5162,100983.07,98757.96,100982.34,103807.91,101016.6,101002.04,100994.87,101017.4
14927.703785605,5163,100986.0,98761.99,100995.4,103798.82,101022.72,101009.82,101003.97,101015.33
14927.724193808,5164,100995.86,98753.93,100994.37,103799.91,101024.63,100990.01,101011.19,101021.27
14927.74849927,5165,100997.99,98745.86,100982.34,103801.01,101022.53,101008.99,101005.04,101019.34
14927.770113538,5166,100993.99,98761.99,100997.47,103807.91,101028.65,101004.16,101001.02,101009.25
14927.789806258,5167,100992.93,98761.99,100994.37,103811.91,101029.7,101000.15,101019.22,101009.25
14927.81015537,5168,100997.99,98759.91,100988.42,103806.82,101024.63,101010.05,101017.09,101014.3
14927.830821113,5169,100979.88,98760.95,100994.37,103794.1,101028.65,100999.92,101002.08,101019.34
14927.851135914,5170,101000.12,98745.86,100982.48,103794.1,101019.57,101003.1,101001.02,101024.38
14927.871839333,5171,101000.12,98757.96,100976.4,103806.82,101026.74,100995.08,100988.97,101014.3
14927.892277681,5172,100991.06,98757.96,100982.34,103822.1,101020.62,101003.1,101006.1,101019.34
14927.916578987,5173,100999.05,98753.93,100976.4,103810.1,101030.56,101010.05,101005.04,101019.34
14927.936965486,5174,100988.93,98742.87,100989.46,103806.1,101028.65,101008.16,100995.94,101019.34
14927.957574353,5175,100996.12,98763.95,100986.35,103807.91,101023.58,101000.98,101009.06,101015.33
14927.978128877,5176,101000.12,98757.96,100980.41,103809.0,101018.51,101000.98,100997.0,101013.26
14927.998872447,5177,101003.05,98743.79,100993.47,103810.1,101014.5,100998.03,101006.1,101002.28
14928.019198305,5178,100999.05,98753.93,100990.36,103811.91,101013.63,101004.16,101006.1,101011.33
14928.03970772,5179,100999.05,98752.89,100994.37,103822.1,101025.68,101002.04,100999.13,101019.34
14928.060447645,5180,101000.12,98760.95,100984.42,103802.1,101012.58,100996.97,101003.97,101027.35
14928.084519143,5181,100993.99,98744.83,100980.41,103807.91,101027.6,100986.0,101006.1,101015.33
14928.105040907,5182,100990.0,98744.83,100997.47,103809.0,101020.62,101006.04,100997.0,101026.31
14928.125646578,5183,101016.1,98753.93,100992.43,103798.82,101020.62,101015.12,100994.05,101014.3
14928.146106188,5184,100999.05,98753.93,100995.4,103809.0,101020.62,101003.1,101002.08,101027.35
14928.166717589,5185,100991.06,98752.89,100984.42,103815.91,101026.74,101008.16,100998.89,101018.3
14928.18712513,5186,101004.11,98756.92,100987.39,103807.91,101022.72,101004.98,100995.94,101027.35
14928.208023164,5187,100999.05,98756.92,100990.36,103807.91,101020.62,101002.04,101007.17,101010.29
14928.22857242,5188,100991.06,98752.89,100980.41,103809.0,101028.65,101008.99,101017.09,101019.34
14928.252516795,5189,100983.07,98753.93,100976.4,103813.72,101022.72,101010.05,100997.0,101019.34
14928.2725628,5190,100992.13,98759.0,100997.47,103809.0,101029.7,101008.99,101013.07,101027.35
14928.29363072,5191,100996.12,98759.91,100993.47,103813.0,101028.65,101000.15,101015.2,101017.26
14928.31366083,5192,101000.12,98759.91,100998.51,103811.91,101022.72,100999.09,100997.0,101015.33
14928.33467504,5193,101000.12,98755.88,100981.45,103811.91,101030.75,101006.04,101006.1,101017.26
14928.355207982,5194,100995.06,98752.89,100990.36,103811.91,101018.7,101002.04,100997.0,101027.35
14928.375807273,5195,100992.13,98750.81,100990.5,103814.1,101020.62,101005.21,101006.1,101015.33
14928.396361166,5196,100992.13,98754.97,100982.34,103807.91,101024.63,101006.04,101001.02,101015.33
14928.419944455,5197,100996.12,98761.99,100996.44,103821.0,101024.63,100999.09,100994.87,101010.29
14928.440653212,5198,101000.12,98754.05,100982.48,103811.91,101023.58,101008.99,101001.02,101010.29
14928.46160029,5199,100991.06,98761.99,100988.42,103798.1,101020.62,101002.04,101005.04,101015.33
14928.481621557,5200,100996.92,98761.99,100994.37,103802.1,101026.74,101006.27,101010.12,101011.33
14928.502666213,5201,100997.99,98744.83,100978.34,103809.0,101024.63,101007.1,101011.19,101027.35
14928.522725377,5202,101004.11,98761.99,100996.44,103805.0,101019.57,101002.04,101005.04,101019.34
14928.543756803,5203,100990.0,98748.86,100990.36,103813.0,101020.62,101005.21,101006.1,101020.37
14928.564210694,5204,100997.99,98757.96,100984.42,103810.1,101032.67,101002.04,101005.04,101013.26
14928.587949619,5205,100982.01,98745.86,100982.34,103812.29,101023.58,101004.98,101002.08,101011.33
14928.608613588,5206,100990.0,98753.93,100996.44,103810.1,101029.7,101006.04,101005.04,101018.3
14928.629122814,5207,101001.18,98753.93,100994.37,103821.0,101016.6,101002.04,101005.04,101013.4
14928.649746532,5208,100983.07,98749.9,100996.44,103811.19,101022.72,100999.92,101002.91,101015.33
14928.670130989,5209,100997.99,98749.9,100994.37,103802.1,101021.67,101004.16,101005.04,101017.26
14928.690744502,5210,100999.05,98753.93,100984.42,103807.91,101024.63,100994.02,101003.97,101015.33
14928.711806885,5211,100992.13,98751.85,100983.38,103807.91,101036.68,100998.26,101005.04,101027.35
14928.735523385,5212,100991.06,98747.82,100978.34,103807.91,101020.62,101006.04,101007.17,101015.33
14928.756026851,5213,100993.19,98761.99,100982.34,103809.0,101023.58,100994.02,100998.07,101021.27
14928.776703731,5214,100988.93,98757.96,100978.34,103814.1,101032.67,101002.04,100994.05,101010.29
14928.797164953,5215,100993.99,98753.93,100996.44,103810.1,101032.67,101004.16,100999.95,101019.34
14928.818544156,5216,100999.05,98753.93,100994.37,103806.82,101028.65,101002.04,101022.17,101022.31
14928.838264497,5217,100991.06,98756.92,100980.41,103807.91,101033.72,101005.21,101022.17,101015.33
14928.858755715,5218,100984.14,98744.83,100996.44,103814.1,101019.57,101006.04,101002.08,101019.34
14928.879217779,5219,100995.06,98746.9,100978.47,103826.09,101029.7,101008.16,101005.04,101019.34
14928.90356269,5220,101000.12,98756.92,100981.45,103810.1,101024.63,101003.1,101001.02,101016.23
14928.924006677,5221,100990.0,98753.93,100984.42,103818.1,101022.72,101003.1,100998.07,101019.34
14928.944614992,5222,100983.07,98746.9,100988.42,103809.0,101029.7,101009.22,101007.17,101018.3
14928.965107012,5223,100992.13,98753.93,100981.45,103815.91,101028.65,101009.22,100997.0,101025.28
14928.985683499,5224,101000.12,98745.86,100997.47,103826.09,101025.68,101013.23,100999.95,101018.3
14929.00622275,5225,100991.06,98760.95,100992.43,103818.1,101013.63,100998.03,101005.04,101019.34
14929.026778255,5226,100991.06,98756.92,100986.35,103818.1,101024.63,100996.14,100998.07,101012.36
14929.047318818,5227,101000.12,98752.89,100990.36,103810.1,101029.7,101008.16,101005.04,101015.33
14929.071528074,5228,100997.99,98746.9,100998.51,103817.0,101024.63,101002.04,101003.97,101017.26
14929.092047815,5229,100992.13,98753.93,100981.31,103817.0,101013.63,100996.97,101007.17,101022.31
14929.112624252,5230,100999.05,98752.89,100984.42,103821.0,101015.55,100994.02,101013.07,101019.34
14929.135011771,5231,100995.86,98749.9,100994.37,103810.1,101030.75,100988.95,100991.09,101007.32
14929.15367402,5232,101000.12,98753.93,100981.45,103815.91,101027.6,101000.98,101022.17,101019.34
14929.174152589,5233,100999.05,98745.86,100997.47,103818.1,101026.74,101012.17,101005.04,101010.29
14929.194765572,5234,100988.13,98749.9,100984.42,103826.09,101025.68,101004.98,101013.07,101015.33
14929.215492527,5235,100990.0,98759.0,100986.49,103810.1,101021.67,101002.04,100998.07,101011.33
14929.239562422,5236,100992.13,98745.86,100981.45,103810.1,101029.7,101003.1,100998.89,101018.3
14929.259998386,5237,101000.12,98757.96,100980.41,103814.1,101023.58,100994.02,101007.17,101012.36
14929.280662095,5238,100988.13,98753.93,100991.4,103810.1,101012.58,101011.11,101013.07,101019.34
14929.301242178,5239,100996.12,98753.93,100980.41,103809.0,101019.57,100999.09,101001.02,101019.2
14929.321698183,5240,100991.06,98753.93,100984.42,103810.1,101019.57,101007.1,101006.1,101020.37
14929.342269011,5241,100996.12,98750.93,100982.34,103807.91,101020.62,101003.1,101000.78,101028.38
14929.363403363,5242,100992.13,98752.89,101002.38,103810.1,101026.74,101000.15,100992.98,101019.34
14929.384874394,5243,100986.0,98745.86,100988.29,103810.1,101023.58,101002.04,100998.07,101019.34
14929.407568977,5244,100997.99,98744.83,100984.42,103819.19,101019.57,100991.07,100998.07,101015.33
14929.428038533,5245,100990.0,98745.86,100979.37,103810.1,101012.58,101004.16,100992.98,101013.26
14929.44863483,5246,100991.06,98752.89,100978.34,103814.1,101026.74,100991.07,100997.0,101019.34
14929.469115051,5247,100993.19,98746.9,100978.34,103810.1,101019.57,101010.05,101022.17,101018.3
14929.490158866,5248,100990.0,98752.89,101001.48,103811.19,101023.58,101003.1,101013.07,101015.33
14929.510232812,5249,101004.11,98753.93,100980.41,103814.1,101026.55,101000.98,101001.02,101009.25
14929.530811212,5250,100987.07,98740.8,100992.43,103813.0,101027.6,101002.04,101001.02,101018.3
14929.551266736,5251,100996.12,98753.93,100998.51,103810.1,101024.63,101002.04,101007.17,101014.3
14929.575583916,5252,100987.87,98753.93,100992.43,103809.0,101030.75,101006.04,101000.2,101024.38
14929.595597461,5253,100982.01,98754.97,100996.44,103819.19,101028.65,101008.16,101007.17,101022.31
14929.616678021,5254,100990.0,98754.97,101000.45,103810.1,101025.68,101002.04,100991.09,101023.34
14929.637116449,5255,101004.11,98746.9,100982.48,103818.1,101022.53,101000.98,100999.13,101026.31
14929.657753979,5256,100991.06,98752.89,100996.44,103820.29,101025.68,101012.17,100997.0,101019.34
14929.678176403,5257,101000.12,98743.79,100974.47,103809.0,101012.58,101002.04,100997.0,101011.33
14929.698842455,5258,100999.05,98751.97,100979.37,103821.38,101018.51,100998.03,101008.23,101015.33
14929.719279882,5259,100990.0,98743.91,100994.5,103811.19,101031.62,101014.06,100999.13,101021.41
14929.743019958,5260,101000.12,98753.93,100982.48,103818.1,101028.65,101010.05,101019.22,101013.4
14929.763644057,5261,101003.05,98761.99,100993.47,103822.1,101023.58,101003.1,101003.15,101021.41
14929.78484528,5262,100999.05,98746.9,100995.4,103814.1,101025.68,101002.04,100999.13,101011.33
14929.804764252,5263,100990.0,98749.9,100980.41,103810.1,101020.62,101009.22,100998.07,101015.33
14929.825815798,5264,100992.13,98761.99,100993.47,103822.1,101019.57,101000.15,101002.08,101009.25
14929.845772797,5265,100992.13,98749.9,100996.44,103809.0,101011.53,101002.04,101002.08,101026.31
14929.867015503,5266,101000.12,98753.93,100976.4,103818.1,101030.75,100999.09,101013.07,101027.35
14929.887015287,5267,101000.12,98749.9,100994.37,103822.1,101025.68,101004.98,100999.13,101017.4
14929.910995276,5268,101000.12,98752.89,100997.47,103818.1,101020.62,101004.16,100999.13,101011.33
14929.931652275,5269,100996.12,98753.93,100998.51,103818.1,101034.77,100994.02,101014.14,101019.34
14929.952166288,5270,100990.0,98749.9,100992.43,103818.1,101025.68,101007.93,101008.23,101023.34
14929.972756446,5271,100996.12,98753.93,100978.34,103818.1,101025.68,100999.09,101007.17,101018.3
14929.993186641,5272,100991.06,98754.97,100983.38,103815.19,101019.57,101002.04,101007.17,101015.33
14930.013852203,5273,100991.06,98756.0,100991.4,103811.19,101018.51,101002.04,101006.1,101019.34
14930.035177574,5274,100995.06,98752.89,100992.43,103806.1,101020.62,101004.98,101006.1,101013.4
14930.058539237,5275,100977.21,98745.86,100990.36,103816.29,101021.67,100996.97,101004.21,101019.34
14930.079019719,5276,100984.14,98745.86,100986.35,103806.1,101023.58,101002.04,101001.26,101009.25
14930.101072541,5277,100988.13,98749.9,100992.43,103816.29,101033.72,101004.16,100999.13,101031.49
14930.120106583,5278,101000.12,98753.93,100993.47,103820.29,101026.74,101010.05,100999.13,101021.41
14930.140688799,5279,100999.05,98751.97,100980.41,103818.1,101027.6,101000.98,101003.15,101011.33
14930.161227028,5280,100991.06,98745.86,100978.34,103811.19,101034.77,100998.03,101008.23,101025.41
14930.181804016,5281,100997.19,98745.86,100996.44,103828.28,101015.55,101011.11,101007.17,101017.4
14930.202228363,5282,101001.18,98747.94,100993.47,103818.1,101023.77,101004.16,101007.17,101012.36
14930.226573785,5283,100989.2,98749.9,100984.42,103821.0,101031.8,101006.04,101003.15,101011.33
14930.247238626,5284,100983.07,98756.0,100989.46,103810.1,101022.72,101003.33,100999.13,101016.37
14930.267653699,5285,101000.12,98741.83,100976.4,103816.29,101017.46,100995.08,101019.22,101029.42
14930.28814755,5286,101000.12,98746.9,100992.43,103810.1,101025.68,100996.14,101000.2,101019.34
14930.308713802,5287,101004.11,98753.93,100986.35,103826.09,101022.72,100999.09,101011.19,101013.26
14930.329237039,5288,100982.01,98737.8,100996.44,103810.1,101030.75,101002.04,101008.23,101024.38
14930.349871494,5289,100995.06,98746.9,100988.42,103814.1,101019.57,101003.1,100999.13,101023.34
14930.370345245,5290,100992.13,98753.93,100991.4,103821.0,101022.72,101003.1,101007.17,101028.38
14930.394636415,5291,100999.05,98756.92,100996.44,103820.29,101006.46,101005.21,101001.26,101023.34
14930.415054613,5292,100988.13,98746.9,100974.33,103827.19,101025.68,101006.04,100998.07,101016.37
14930.436243667,5293,101000.12,98753.93,100994.37,103818.1,101028.65,101003.1,101006.1,101013.4
14930.456217121,5294,100996.12,98742.87,100981.45,103810.1,101024.63,101000.98,101009.3,101015.33
14930.476725395,5295,100999.05,98754.97,100980.41,103818.1,101019.57,101002.04,101010.12,101016.37
14930.497195872,5296,100996.12,98750.93,100996.44,103819.19,101026.74,101003.1,101010.12,101021.27
14930.517824258,5297,100982.01,98752.89,100986.35,103814.1,101026.74,101002.04,100988.97,101023.34
14930.538229435,5298,100987.07,98750.93,100990.5,103814.1,101024.63,101010.05,100999.13,101004.35
14930.562601798,5299,100999.05,98746.9,100991.4,103823.19,101019.57,101002.04,101003.15,101031.49
14930.583041308,5300,100992.13,98742.87,100980.41,103820.29,101020.62,100999.09,101023.24,101027.35
14930.603699258,5301,101004.11,98753.93,101001.48,103812.29,101020.62,101006.04,101003.15,101019.34
14930.624183486,5302,100992.13,98737.8,100994.37,103814.1,101023.58,101004.16,101005.04,101023.34
14930.64473157,5303,101001.18,98756.0,100984.42,103813.0,101022.72,100997.2,101004.21,101019.34
14930.665216338,5304,100987.07,98747.94,100982.34,103814.1,101030.75,100996.14,101007.17,101017.4
14930.685820667,5305,100991.06,98747.94,100997.47,103810.1,101029.7,101001.21,101007.17,101018.44
14930.706263142,5306,101000.12,98747.94,100989.46,103810.1,101021.67,101003.1,101006.1,101021.41
14930.7305862,5307,100982.01,98754.97,100984.42,103814.1,101023.77,101002.04,100998.07,101011.33
14930.751082275,5308,100992.13,98756.0,100984.42,103813.0,101014.5,101002.04,100999.13,101010.29
14930.771686114,5309,101000.12,98729.74,100995.4,103812.29,101019.57,101003.1,100999.13,101011.33
14930.792139915,5310,100987.07,98738.84,100994.5,103818.1,101017.65,100999.92,101003.15,101017.4
14930.812725396,5311,100991.06,98737.8,100984.42,103810.1,101014.68,101002.04,101007.17,101013.4
14930.833259088,5312,100984.14,98743.79,100981.45,103823.19,101020.62,101000.98,101010.12,101019.34
14930.853954205,5313,100992.93,98749.9,100981.45,103810.1,101020.62,101010.05,101008.23,101019.34
14930.87443038,5314,100990.0,98746.9,100998.51,103833.38,101021.67,101002.04,100999.13,101027.35
14930.898618194,5315,100996.12,98745.86,100997.47,103813.0,101020.62,101008.16,101010.12,101024.38
14930.918640382,5316,100995.06,98741.83,100988.42,103810.1,101021.67,101007.1,101010.12,101021.27
14930.939720511,5317,100988.13,98745.86,100978.34,103802.1,101020.62,100998.03,100999.13,101011.33
14930.959829671,5318,100984.14,98745.86,100993.47,103814.1,101018.7,101002.04,101004.21,101015.33
14930.980743929,5319,101004.11,98753.93,100980.41,103812.29,101027.6,101012.17,100999.13,101018.3
14931.002585281,5320,100987.07,98737.8,100984.42,103814.1,101019.57,100995.08,100995.11,101022.44
14931.02204626,5321,100992.13,98746.9,100996.44,103807.91,101026.74,101007.1,101011.19,101018.3
14931.04251252,5322,101000.12,98750.93,100980.41,103811.19,101021.67,101010.05,100992.16,101016.37
14931.066029858,5323,100984.14,98750.93,100992.43,103824.28,101019.57,101002.04,100998.07,101025.41
14931.086666737,5324,100995.06,98739.88,100997.47,103823.19,101012.58,101002.04,100999.13,101025.41
14931.108022814,5325,100999.05,98739.88,100982.48,103826.09,101029.7,101014.06,101006.1,101021.41
14931.127730857,5326,100992.13,98746.9,100998.51,103814.1,101020.62,101011.11,101000.2,101019.34
14931.148745637,5327,100991.06,98737.8,100982.48,103810.1,101033.72,101006.27,101007.17,101020.37
14931.168924102,5328,100997.99,98738.84,100978.34,103825.38,101029.7,101010.28,101003.15,101015.33
14931.189960646,5329,101000.12,98746.9,100980.41,103814.1,101019.57,101002.04,101007.17,101017.4
14931.210281345,5330,100999.05,98748.86,100982.34,103818.1,101027.6,101008.16,100995.11,101014.3
14931.234167052,5331,101000.12,98736.76,100982.34,103823.91,101020.62,101004.16,101004.21,101021.41
14931.254716708,5332,100999.05,98741.83,100982.34,103824.28,101019.57,101007.1,101001.26,101019.34
14931.275141786,5333,100988.13,98740.8,100980.41,103818.1,101020.62,101006.04,100999.13,101015.33
14931.295837033,5334,100990.0,98745.86,100992.43,103810.1,101028.65,101008.99,101000.2,101029.42
14931.316243593,5335,100996.12,98738.84,100997.47,103818.1,101022.72,101006.04,100995.11,101013.4
14931.336824136,5336,101008.11,98738.84,100978.34,103826.09,101025.68,101006.04,101005.04,101021.41
14931.357865386,5337,100994.26,98742.87,100993.47,103814.1,101021.67,101006.27,101004.21,101019.34
14931.381611181,5338,100991.06,98746.9,100985.45,103815.19,101022.72,100995.08,101005.28,101014.43
14931.402047005,5339,100992.13,98747.94,100991.4,103829.38,101031.8,101006.04,101009.3,101024.38
14931.42268144,5340,100992.13,98747.94,100973.43,103822.1,101011.53,101002.04,101000.2,101021.41
14931.443227501,5341,100991.06,98743.91,101006.53,103815.19,101021.67,101012.17,101000.2,101019.34
14931.463775815,5342,100992.13,98745.86,100981.45,103826.09,101025.68,101012.17,101003.15,101025.41
14931.484279843,5343,100988.13,98747.94,100990.36,103821.0,101025.68,101010.05,100998.07,101029.42
14931.504852374,5344,100992.13,98738.84,100988.42,103826.09,101013.45,101006.04,101006.1,101020.37
14931.525435271,5345,100990.0,98746.9,100985.45,103820.29,101019.57,100994.02,100998.07,101019.34
14931.549589483,5346,100993.19,98742.87,100978.34,103821.38,101028.65,100992.96,100991.09,101012.36
14931.570090005,5347,100992.13,98735.85,100984.42,103811.19,101026.74,100994.02,101001.02,101023.34
14931.590667003,5348,100991.06,98737.8,100975.37,103825.38,101017.65,101008.16,101009.3,101021.41
14931.611268989,5349,100991.06,98741.83,100981.45,103810.1,101025.68,101004.16,101011.19,101021.41
14931.631686876,5350,100997.99,98730.78,100994.37,103822.1,101018.51,101003.1,101003.15,101012.36
14931.65225509,5351,101001.18,98729.74,100988.42,103823.19,101022.72,101004.98,100998.07,101017.4
14931.673261739,5352,101008.11,98747.94,100994.37,103814.1,101022.72,100998.03,100996.18,101012.36
14931.693486934,5353,101000.12,98738.84,100988.42,103819.19,101021.67,101004.16,100995.11,101020.37
14931.717664672,5354,100993.99,98739.88,100980.41,103824.28,101022.72,100998.03,101015.2,101011.33
14931.738094107,5355,100988.13,98730.78,100991.4,103810.1,101020.62,101004.16,101005.28,101019.34
14931.75867439,5356,100987.07,98743.91,100989.46,103822.1,101019.57,101006.04,101005.28,101012.36
14931.77922689,5357,101000.12,98738.84,100972.39,103821.0,101020.62,100996.14,101001.26,101016.37
14931.799841986,5358,100987.07,98738.84,100988.42,103826.09,101020.62,100998.03,101004.21,101015.33
14931.820286964,5359,100991.06,98731.81,100976.4,103828.28,101012.58,101004.16,101004.21,101019.34
14931.840847126,5360,100992.13,98735.73,100984.42,103814.1,101025.68,101007.1,101006.34,101019.34
14931.861288589,5361,100990.0,98737.8,100982.48,103826.09,101021.67,101011.11,101003.15,101011.33
14931.885648743,5362,100992.13,98729.74,100980.41,103826.09,101022.72,101003.1,100999.13,101011.33
14931.906076225,5363,100986.0,98741.83,100994.5,103811.19,101013.63,101012.17,101007.17,101015.33
14931.926748837,5364,100992.13,98729.74,100983.38,103818.1,101022.72,101002.04,101007.17,101019.34
14931.947264282,5365,100992.13,98745.86,101004.45,103823.19,101021.67,101009.22,101005.04,101011.33
14931.967789281,5366,100992.13,98737.8,100984.42,103819.19,101028.65,101002.04,101007.17,101015.33
14931.988230443,5367,100992.13,98731.81,101005.49,103810.1,101024.63,101003.1,101000.2,101011.33
14932.008913983,5368,100982.01,98747.94,100989.46,103822.1,101018.51,100999.09,101009.3,101008.36
14932.029283326,5369,100995.06,98737.8,100998.51,103826.47,101029.7,101004.16,101007.17,101011.33
14932.053630791,5370,100996.12,98738.84,100992.43,103826.09,101012.58,101002.04,100995.11,101019.34
14932.07409638,5371,100988.13,98729.74,100998.51,103828.28,101032.86,101008.16,101003.15,101021.41
14932.094702723,5372,100986.0,98745.86,100994.5,103826.09,101029.7,101000.15,101007.17,101003.32
14932.115207771,5373,101004.11,98741.83,100990.5,103814.1,101030.75,101007.1,100995.11,101011.33
14932.135768635,5374,100984.14,98741.83,100988.42,103815.19,101022.72,101007.1,101001.26,101015.33
14932.15638981,5375,101003.85,98725.71,100980.41,103821.38,101024.63,101011.11,101007.17,101019.34
14932.176850692,5376,100991.06,98742.87,100990.5,103818.47,101025.68,101002.04,101003.15,101019.34
14932.197627191,5377,100994.26,98743.91,100996.44,103810.1,101021.67,101006.04,100999.13,101026.45
14932.221642955,5378,100992.13,98729.74,100981.45,103814.48,101022.72,101011.11,101007.17,101007.32
14932.241692634,5379,100992.13,98747.94,100992.43,103826.09,101022.72,101007.1,100995.11,101015.33
14932.262739163,5380,100988.13,98746.9,100988.42,103816.29,101022.53,101006.04,100999.13,101019.34
14932.282836655,5381,100997.99,98722.71,100999.55,103826.47,101017.65,101011.94,101007.17,101021.41
14932.30376858,5382,100991.06,98750.02,100998.51,103813.38,101023.77,101006.04,101004.21,101003.32
14932.32420158,5383,100997.99,98739.88,100984.42,103810.1,101022.53,100999.09,101002.08,101007.32
14932.344913632,5384,100997.99,98740.8,100993.47,103818.1,101022.72,101002.04,100995.11,101015.33
14932.365365501,5385,100992.13,98739.88,100985.45,103814.48,101023.77,101003.1,100995.11,101017.4
14932.389098806,5386,100992.13,98749.9,100981.45,103811.19,101022.72,101005.21,101007.17,101012.36
14932.40969942,5387,100992.13,98743.91,100997.47,103824.28,101028.65,101010.05,101004.21,101016.37
14932.430756524,5388,100992.13,98746.9,101001.48,103814.48,101026.74,101004.16,101012.25,101011.33
14932.45075114,5389,101001.18,98745.86,100992.43,103826.47,101021.67,101003.1,101008.23,101019.34
14932.47180489,5390,100996.12,98741.83,100997.47,103826.47,101029.7,101012.17,101011.19,101010.43
14932.491827268,5391,100994.26,98745.86,100984.42,103812.29,101020.62,101010.05,101009.3,101018.3
14932.512883511,5392,100999.05,98745.86,100996.44,103818.1,101021.67,101005.21,101001.26,101018.3
14932.53524501,5393,100993.99,98741.83,100973.43,103824.28,101028.84,101004.16,101002.08,101016.37
14932.557106092,5394,101004.11,98744.83,100998.51,103821.38,101025.68,101007.1,101000.2,101028.38
14932.577704322,5395,100984.14,98737.8,100993.47,103826.09,101025.68,101012.17,101000.2,101011.33
14932.59818231,5396,100984.14,98739.88,100997.47,103818.1,101031.8,101007.1,101007.17,101024.38
14932.618813299,5397,101004.11,98749.9,100978.34,103826.09,101025.68,101014.06,100997.0,101021.41
14932.639816001,5398,101004.11,98737.8,100980.41,103823.19,101019.57,101002.04,101007.17,101012.36
14932.659938041,5399,100988.13,98742.87,100982.34,103826.09,101021.67,101006.27,100999.13,101016.37
14932.680954393,5400,100987.07,98753.93,100995.4,103818.47,101020.62,101000.15,101007.17,101025.41
14932.704632365,5401,100983.07,98758.08,100984.42,103829.38,101013.63,100992.13,101003.15,101015.33
14932.725119847,5402,100988.13,98734.81,100997.47,103814.1,101021.67,100994.02,101007.17,101009.39
14932.745788263,5403,100992.13,98737.8,100980.41,103813.38,101029.7,101020.19,101008.23,101021.41
14932.766249336,5404,100990.0,98738.84,100990.5,103821.38,101020.62,101006.04,100999.13,101017.4
14932.786811091,5405,101004.11,98730.78,100998.51,103814.48,101022.72,101003.1,101003.15,101019.34
14932.807576844,5406,101000.12,98739.88,100992.43,103828.28,101030.75,101003.1,101008.23,101021.41
14932.827955742,5407,100996.12,98729.74,100988.42,103821.38,101021.67,101004.16,101008.23,101014.43
14932.848580552,5408,101000.12,98738.84,100980.41,103817.38,101020.62,101006.04,101006.1,101030.45
14932.872656156,5409,101000.12,98739.88,100988.42,103826.09,101024.63,101010.05,101007.17,101022.44
14932.893108866,5410,100979.08,98730.78,100980.41,103824.28,101026.74,101002.04,101007.17,101029.42
14932.913736961,5411,100988.13,98729.74,100978.34,103818.47,101026.74,101001.21,101007.17,101010.29
14932.934229981,5412,101000.12,98747.94,100994.5,103828.28,101020.62,100998.03,100999.13,101021.41
14932.955426467,5413,101000.12,98739.88,100981.45,103812.29,101022.72,101002.04,101009.3,101016.37
14932.975416156,5414,100997.99,98729.74,100996.44,103828.28,101023.58,101002.04,101000.2,101017.4
14932.99606365,5415,101000.12,98747.94,100980.41,103818.1,101024.63,101006.04,101007.17,101021.41
14933.01641082,5416,100982.01,98731.81,100976.4,103820.29,101019.57,101006.04,101008.23,101021.41
14933.040651504,5417,100980.94,98750.93,100981.45,103820.29,101019.57,101012.17,100999.13,101019.34
14933.061184545,5418,101000.12,98742.87,100994.5,103816.29,101028.65,101004.98,101015.2,101012.36
14933.081812229,5419,101000.12,98742.87,100978.34,103820.29,101022.72,101011.11,101007.17,101013.4
14933.102264929,5420,101001.18,98738.84,100978.47,103812.29,101016.6,101004.16,101002.08,101020.37
14933.122876519,5421,101003.05,98739.88,100985.45,103818.1,101020.62,100996.14,101008.23,101021.41
14933.143268427,5422,100984.14,98731.81,100977.44,103822.1,101026.74,100997.2,100999.13,101011.33
14933.163961841,5423,100996.12,98741.83,100989.46,103828.28,101034.77,101005.21,101008.23,101029.42
14933.184299927,5424,101000.12,98731.81,100992.43,103824.28,101025.68,101006.04,101005.04,101011.33
14933.20865868,5425,101001.18,98739.88,100988.42,103812.29,101021.67,101008.16,101003.15,101014.43
14933.229111049,5426,100997.99,98743.91,100990.5,103830.47,101026.74,100994.02,101007.17,101013.4
14933.249812886,5427,100995.06,98745.86,100983.38,103825.38,101020.62,100996.14,100998.07,101012.36
14933.27033493,5428,100984.14,98742.87,100981.45,103810.1,101026.55,101004.16,101002.08,101016.37
14933.290807069,5429,101000.12,98739.88,100994.37,103816.29,101021.67,101004.16,101000.2,101004.35
14933.311440903,5430,100993.19,98746.9,100984.42,103814.1,101019.57,100996.97,100999.95,101019.34
14933.332081577,5431,101000.12,98741.95,100994.37,103814.48,101024.63,101003.1,101003.15,101009.39
14933.35247739,5432,100997.19,98741.83,101002.52,103818.1,101034.77,100996.14,100999.13,101017.4
14933.376671444,5433,100988.13,98743.91,100980.41,103826.47,101019.57,101010.05,101005.28,101017.4
14933.397186027,5434,101000.12,98738.84,100985.45,103823.19,101020.62,101003.1,101007.17,101021.41
14933.417753901,5435,100992.13,98737.8,100996.44,103825.38,101031.8,101002.04,100999.13,101019.47
14933.438247342,5436,100988.13,98746.9,100981.45,103826.09,101025.68,101008.16,101007.17,101016.37
14933.458788656,5437,101000.12,98734.81,100996.44,103826.09,101025.68,101011.11,101001.26,101021.41
14933.479328047,5438,100984.14,98742.87,100986.49,103826.09,101019.57,101005.21,101004.21,101013.4
14933.499899125,5439,100990.0,98742.87,100991.4,103818.47,101023.77,101004.16,101007.17,101017.4
14933.522287325,5440,101001.18,98743.91,100996.44,103830.09,101025.5,101010.05,101008.23,101020.37
14933.54466582,5441,100996.12,98731.81,101001.48,103816.29,101026.74,100999.09,101007.17,101013.4
14933.56470311,5442,100996.12,98746.9,100985.45,103821.38,101027.6,100996.14,101009.3,101022.44
14933.585731521,5443,100993.19,98726.74,100992.43,103824.28,101022.72,101004.16,101004.21,101021.41
14933.607283996,5444,100992.13,98743.91,100994.5,103830.47,101022.72,101006.27,100999.13,101021.41
14933.626936214,5445,100999.05,98739.88,100978.34,103826.09,101018.51,101005.21,101000.2,101020.37
14933.647368312,5446,100988.13,98747.94,100996.44,103824.28,101020.62,101008.99,101001.26,101012.36
14933.667929416,5447,100991.06,98743.91,100973.43,103822.47,101017.65,100991.07,101011.19,101011.33
14933.68837876,5448,100988.13,98731.81,100978.34,103818.1,101019.57,101004.16,101009.3,101015.47
14933.712115661,5449,100999.05,98737.8,100980.41,103826.09,101023.77,101004.16,100996.18,101017.4
14933.732720171,5450,101000.12,98731.81,100997.47,103817.38,101029.7,101013.23,101000.2,101011.33
14933.753821182,5451,100988.13,98741.83,100976.4,103828.28,101026.74,101000.98,101001.26,101017.4
14933.773826454,5452,101000.12,98730.78,100980.41,103820.29,101019.57,101002.04,101000.2,101016.37
14933.794815205,5453,101002.25,98743.91,100978.34,103814.1,101038.79,101011.11,100998.07,101020.37
14933.81486848,5454,101000.12,98738.84,100992.43,103825.38,101014.68,101004.16,101000.2,101017.4
14933.835887607,5455,101000.12,98742.87,100984.42,103830.47,101023.58,101005.21,101003.15,101024.38
14933.859647313,5456,100984.14,98743.91,101002.52,103817.38,101020.62,101007.33,101013.31,101009.39
14933.880099872,5457,101004.11,98729.74,100995.4,103822.47,101029.7,100998.03,101000.2,101019.34
14933.900722619,5458,100996.12,98747.94,100992.43,103820.29,101020.62,100995.08,101003.15,101015.33
14933.921186025,5459,101000.12,98750.93,100980.41,103826.47,101022.72,101003.1,100999.13,101025.41
14933.941800639,5460,100990.0,98741.83,100988.42,103830.47,101018.51,101012.17,101000.2,101018.44
14933.962809912,5461,100995.06,98747.94,100998.51,103817.38,101018.51,101010.05,101007.17,101022.44
14933.9828919,5462,100996.12,98748.98,100988.42,103827.19,101024.63,101004.16,101007.17,101019.34
14934.003916996,5463,100999.05,98727.78,100994.5,103819.19,101024.63,101010.28,101009.3,101021.41
14934.02767543,5464,100992.13,98731.81,100989.46,103826.47,101016.6,101006.04,100999.13,101021.41
14934.048150093,5465,100991.06,98737.8,100989.46,103818.47,101028.65,101006.04,100999.13,101014.3
14934.068749995,5466,101000.12,98735.85,100996.44,103830.47,101021.67,101004.16,101004.21,101015.47
14934.08921919,5467,101000.12,98747.94,100982.48,103814.48,101020.62,101004.16,101004.21,101011.33
14934.109823679,5468,100986.0,98730.78,100983.38,103830.47,101016.6,100999.09,101005.28,101023.48
14934.130341497,5469,100988.13,98735.85,100982.34,103819.19,101018.7,100999.09,101007.17,101011.33
14934.150900237,5470,100992.13,98730.78,100984.42,103830.47,101029.7,101005.21,101003.15,101017.4
14934.171443103,5471,100991.06,98741.83,100992.43,103828.28,101020.62,101000.15,101003.15,101030.45
14934.195675524,5472,100987.07,98731.81,100997.47,103813.38,101012.58,101019.13,101007.17,101013.4
14934.216198,5473,100992.13,98742.87,100984.42,103814.48,101020.62,101008.16,101015.2,101011.33
14934.236738432,5474,100992.13,98739.88,101000.45,103819.19,101020.62,101014.29,100998.07,101021.41
14934.257237241,5475,100998.25,98730.78,100992.43,103821.38,101026.74,101000.15,101003.15,101016.37
14934.27780158,5476,101001.18,98737.8,100982.34,103830.47,101023.58,101010.05,100995.11,101014.43
14934.298438358,5477,100992.13,98743.91,100984.42,103826.47,101027.6,101008.16,101007.17,101022.44
14934.318959041,5478,100991.06,98737.8,100972.39,103826.47,101021.67,101006.04,101003.15,101017.4
14934.339352671,5479,100992.13,98731.81,100976.4,103818.47,101019.57,101000.15,101009.3,101020.37
14934.364150838,5480,100989.2,98738.84,100980.41,103813.38,101032.67,101014.29,101008.23,101022.44
14934.384152175,5481,100993.19,98725.71,100998.51,103829.38,101032.67,100997.2,101008.23,101021.41
14934.404723203,5482,100988.13,98739.88,100993.47,103824.28,101019.57,101003.1,101007.17,101007.32
14934.425357898,5483,100996.12,98739.88,100989.46,103814.1,101025.68,101007.1,100997.24,101022.44
14934.446060126,5484,100990.26,98739.88,100985.45,103818.47,101025.68,101012.17,101011.19,101013.4
14934.466564894,5485,100988.13,98756.0,100981.45,103828.28,101020.62,101011.11,101000.2,101017.4
14934.48708755,5486,100992.13,98747.94,100977.44,103826.47,101018.7,101016.18,101007.17,101021.41
14934.507348649,5487,100988.13,98739.88,100982.48,103830.47,101027.79,101002.27,100999.13,101019.47
14934.53168705,5488,100993.19,98745.98,100982.48,103819.19,101022.72,101005.21,101019.22,101014.43
14934.552161403,5489,101000.12,98731.81,100994.5,103827.19,101029.7,101012.17,100996.18,101017.4
14934.572747024,5490,101003.31,98742.87,100993.47,103826.47,101020.62,101010.28,101001.26,101017.4
14934.59332994,5491,101000.12,98748.98,100998.51,103829.38,101028.65,101007.1,101009.3,101020.37
14934.613810192,5492,101000.12,98731.81,100988.42,103818.1,101008.57,101000.98,101000.2,101018.44
14934.63449357,5493,101001.18,98743.91,100982.48,103830.47,101021.67,101007.1,101008.23,101005.39
14934.654958058,5494,100992.13,98741.83,100995.4,103817.38,101013.63,100983.05,100991.09,101020.37
14934.675396576,5495,100985.2,98739.88,101002.52,103816.29,101018.7,101002.04,100995.11,101012.36
14934.699714967,5496,101001.18,98729.86,100974.33,103830.47,101034.77,101001.21,101005.28,101022.44
14934.719816886,5497,100996.12,98738.84,100982.48,103822.47,101037.74,101004.16,101010.36,101017.4
14934.740914882,5498,100987.07,98747.94,100984.55,103829.38,101021.67,101008.99,101000.2,101021.41
14934.761265026,5499,100991.06,98741.95,100990.5,103830.47,101033.72,101016.41,101004.21,101022.44
14934.781874393,5500,100992.13,98730.78,100998.51,103825.38,101026.74,101003.1,100999.13,101014.43
14934.802314464,5501,101000.12,98731.81,100996.44,103825.38,101020.8,101000.15,101004.21,101016.37
14934.822946945,5502,101003.05,98726.74,100980.41,103825.38,101022.72,101006.04,101003.15,101014.43
14934.843415188,5503,100986.0,98741.95,100982.48,103818.47,101027.6,101008.16,100994.05,101017.4
14934.867706799,5504,100992.13,98746.9,100982.48,103826.47,101026.74,101006.27,101001.26,101019.47
14934.887743168,5505,100992.13,98741.95,100978.47,103820.66,101022.72,101002.04,101001.26,101021.41
14934.908858821,5506,100990.0,98737.8,100998.51,103825.38,101023.77,100994.02,101002.32,101018.44
14934.929276868,5507,101004.38,98738.84,100982.48,103821.38,101026.74,101007.33,101000.2,101012.36
14934.949807166,5508,100992.13,98729.74,100998.51,103825.38,101022.72,101008.16,101009.3,101015.33
14934.970359406,5509,100999.05,98743.91,100980.41,103822.1,101022.72,100996.14,100993.22,101013.4
14934.990943745,5510,100999.05,98739.88,100980.41,103828.28,101021.67,101004.16,101000.2,101012.36
14935.011404516,5511,100997.19,98727.78,100989.46,103830.47,101028.84,100996.14,101003.39,101013.4
14935.035720274,5512,100988.13,98743.91,100986.49,103826.09,101027.79,101010.05,101009.3,101018.44
14935.055742652,5513,100992.13,98739.88,100985.45,103826.47,101016.6,101004.16,101001.26,101016.37
14935.076750081,5514,101000.12,98739.88,100994.5,103826.47,101028.65,100998.03,101003.15,101015.47
14935.097082589,5515,101001.18,98729.74,100998.51,103828.28,101023.77,101003.1,101005.28,101021.41
14935.11791974,5516,101001.18,98743.91,100982.48,103818.47,101021.67,101011.11,101016.27,101019.34
14935.137908938,5517,100992.13,98745.98,100998.51,103827.19,101021.67,101002.04,101001.26,101013.4
14935.159017962,5518,100997.19,98743.91,100975.37,103815.19,101013.63,100996.14,101005.28,101012.36
14935.18266746,5519,100992.13,98731.81,100993.47,103824.28,101020.62,101002.27,100999.13,101012.36
14935.20313396,5520,100988.13,98733.89,100985.45,103826.47,101021.67,101006.04,101000.2,101014.43
14935.223777649,5521,101001.18,98743.91,100990.5,103818.47,101024.63,101012.17,101001.26,101016.37
14935.244545246,5522,101000.12,98743.91,100974.47,103826.47,101022.72,101008.16,101009.3,101021.41
14935.264854428,5523,100994.26,98758.08,101000.45,103826.47,101022.72,101008.16,101005.28,101013.4
14935.285858392,5524,100984.14,98743.91,100978.47,103821.38,101020.62,101002.04,101008.23,101012.36
14935.305919098,5525,100992.13,98738.84,100985.45,103825.38,101016.6,101008.16,101000.2,101004.35
14935.327067551,5526,100988.13,98745.98,100980.41,103812.29,101021.67,101004.16,101012.25,101022.44
14935.350715527,5527,101001.18,98743.91,100980.41,103834.47,101020.62,101006.04,101005.28,101021.41
14935.371192453,5528,100999.05,98745.86,100998.51,103821.38,101028.65,101004.16,101004.21,101017.4
14935.391776551,5529,101001.18,98739.88,100986.49,103830.47,101020.62,101002.04,101013.31,101016.37
14935.412369363,5530,101000.12,98745.98,100986.49,103826.47,101021.67,101010.05,100998.07,101013.4
14935.432883806,5531,100994.26,98741.83,100977.3,103826.09,101025.68,101009.22,101009.3,101008.36
14935.453406342,5532,100993.19,98743.91,100981.45,103825.38,101022.72,100996.14,101001.26,101014.43
14935.473952803,5533,100993.19,98743.91,100980.41,103822.47,101031.8,101003.1,101006.34,101015.47
14935.494512204,5534,100996.12,98743.91,100980.41,103821.38,101026.74,101005.21,100996.18,101021.41
14935.519048775,5535,100992.13,98733.89,100997.47,103830.47,101023.77,101008.16,101007.17,101017.4
14935.53922743,5536,100986.0,98739.88,100977.44,103818.47,101025.68,101004.16,101008.23,101013.4
14935.559843617,5537,100993.19,98754.05,100982.48,103824.28,101010.67,101012.17,101001.26,101008.36
14935.580262435,5538,100992.13,98743.91,100984.42,103826.47,101025.68,100996.14,101003.15,101005.39
14935.600851171,5539,100988.13,98741.95,100978.34,103825.38,101020.62,101002.04,101005.28,101011.33
14935.621557184,5540,100992.13,98739.88,100980.41,103817.38,101020.62,100999.92,101001.26,101013.4
14935.64242403,5541,100989.2,98733.89,100980.41,103818.47,101021.67,101004.16,100993.22,101017.4
14935.662470415,5542,101002.25,98747.94,100982.48,103834.47,101021.67,101010.28,101008.23,101021.41
14935.686731699,5543,101009.17,98742.87,100988.42,103822.47,101020.62,101004.16,101001.26,101014.43
14935.707246914,5544,100992.13,98744.95,100990.5,103828.66,101026.74,101004.16,101009.3,101021.41
14935.727834728,5545,100996.12,98756.0,100994.37,103827.57,101031.8,100992.13,101007.17,101013.4
14935.748265354,5546,101000.12,98748.98,100994.5,103830.47,101026.74,101008.16,101004.21,101020.37
14935.768839718,5547,100996.12,98746.9,100981.45,103826.47,101014.68,101012.17,101000.2,101021.41
14935.789482595,5548,100993.19,98742.87,100983.52,103823.57,101028.65,101006.27,101000.2,101008.36
14935.810010939,5549,100988.13,98742.87,100974.47,103826.47,101022.72,100992.13,100999.13,101016.37
14935.830448185,5550,100984.14,98739.88,100981.45,103825.38,101022.72,101005.21,101005.28,101017.4
14935.854721768,5551,100990.26,98737.8,100998.51,103822.47,101016.6,101005.21,101000.2,101016.37
14935.875231264,5552,100989.2,98743.91,100994.5,103829.38,101026.74,101008.16,101003.15,101013.4
14935.895856755,5553,100994.26,98738.84,100990.5,103826.47,101038.79,101001.21,101000.2,101015.47
14935.916313841,5554,101002.25,98747.94,100999.55,103824.66,101032.86,101005.21,101005.28,101019.34
14935.937621255,5555,100989.2,98735.85,100982.48,103817.38,101032.86,101004.39,101001.26,101013.4
14935.957445262,5556,100993.99,98743.91,100981.45,103818.47,101014.68,101000.15,100995.11,101023.48
14935.978084785,5557,100991.06,98747.94,100998.51,103817.38,101016.6,101010.05,100992.16,101005.39
14935.998440057,5558,100991.06,98743.91,100990.5,103827.57,101021.67,101003.1,101000.2,101012.36
14936.022757517,5559,100984.14,98743.91,100990.5,103830.47,101024.82,101002.04,101009.3,101014.43
14936.04317297,5560,100988.13,98739.88,100998.51,103831.57,101021.67,101010.05,100999.13,101017.4
14936.064714527,5561,100993.19,98747.94,100982.48,103827.57,101020.8,101005.21,101008.23,101017.4
14936.084324682,5562,100993.19,98743.91,100992.43,103832.66,101022.72,100990.01,101001.26,101016.37
14936.104844603,5563,100988.13,98731.81,100997.47,103813.38,101030.75,101012.17,101000.2,101011.33
14936.125446258,5564,100988.13,98731.81,100994.5,103818.47,101013.63,101004.16,101000.2,101012.36
14936.146034363,5565,100991.06,98741.95,100994.5,103826.47,101020.62,101004.16,101000.2,101013.4
14936.166601485,5566,101001.18,98750.02,100974.47,103822.47,101025.68,101004.16,101008.23,101010.43
14936.190734536,5567,101000.12,98743.91,100978.47,103830.47,101020.62,101008.16,101005.28,101012.36
14936.210876335,5568,100992.13,98729.74,100998.51,103826.47,101030.75,101005.21,101005.28,101018.44
14936.23184818,5569,100994.26,98734.81,100986.49,103826.47,101022.72,101005.21,100992.16,101014.43
14936.252344456,5570,100994.26,98748.98,100982.48,103814.48,101024.63,101006.27,101005.28,101017.4
14936.273065121,5571,101000.12,98745.86,100982.48,103826.47,101017.65,101008.16,101008.23,101022.44
14936.293526083,5572,100990.26,98756.0,100998.51,103826.47,101020.62,101004.16,101001.26,101011.33
14936.314552641,5573,100994.26,98747.94,100994.5,103814.48,101023.77,101001.21,101017.33,101021.41
14936.334396939,5574,100985.2,98738.84,100982.48,103828.28,101027.79,100998.03,100993.22,101013.4
14936.358786738,5575,100989.2,98758.08,100985.45,103826.47,101026.74,101006.04,101012.25,101022.44
14936.378797218,5576,100988.13,98735.85,100982.48,103819.57,101025.68,101005.21,101009.3,101009.39
14936.399914364,5577,100999.05,98735.85,100993.47,103822.47,101026.74,101003.1,101008.23,101019.47
14936.419871353,5578,100992.13,98731.81,100998.51,103825.38,101015.55,101011.11,101004.21,101017.4
14936.441044393,5579,100992.13,98744.95,100986.49,103826.47,101022.72,101014.29,101000.2,101025.41
14936.461480587,5580,100991.06,98751.97,100982.48,103826.47,101028.65,101004.16,101005.28,101021.41
14936.48210026,5581,100992.13,98753.01,100982.48,103826.47,101022.72,101003.1,101001.26,101014.43
14936.505715927,5582,101000.12,98741.83,100982.48,103823.57,101020.62,101005.21,101011.43,101023.48
14936.526222528,5583,101000.12,98751.97,100989.46,103828.28,101022.72,101004.16,101004.21,101022.44
14936.546898556,5584,100988.13,98738.84,100990.5,103830.47,101026.74,101009.22,100993.22,101009.39
14936.567298325,5585,100997.19,98737.8,100986.49,103818.47,101022.72,101007.1,101001.26,101021.41
14936.588009005,5586,100996.12,98751.97,100998.51,103822.1,101022.72,100988.12,101001.26,101023.48
14936.60933097,5587,101004.11,98743.91,100980.41,103818.47,101020.62,101005.21,101001.26,101014.43
14936.629041667,5588,100992.13,98741.95,100978.47,103825.38,101030.75,101006.27,101013.31,101029.42
14936.649990227,5589,100988.13,98730.78,100983.52,103831.57,101020.62,101006.27,101015.2,101020.37
14936.673751885,5590,100992.13,98738.84,100982.48,103829.38,101018.51,100998.26,100997.24,101016.37
14936.694188651,5591,100992.13,98746.9,100994.5,103822.47,101014.68,101001.21,101001.26,101012.36
14936.714860652,5592,101000.12,98739.88,100982.48,103830.47,101024.63,101015.35,101001.26,101022.44
14936.735278709,5593,100984.14,98747.94,100986.49,103826.47,101026.74,101008.16,101007.41,101021.41
14936.755922278,5594,101000.12,98743.91,100994.5,103826.47,101026.74,101006.27,101009.3,101021.41
14936.776302287,5595,101005.18,98743.91,100976.4,103820.29,101022.72,101013.23,101006.34,101013.4
14936.79727889,5596,100992.13,98749.9,100981.45,103830.47,101024.63,101001.21,101001.26,101013.4
14936.817397063,5597,101000.12,98739.88,100976.4,103822.47,101014.68,101000.15,101013.31,101013.4
14936.84173957,5598,101006.24,98750.02,100982.48,103826.47,101018.7,100995.08,101001.26,101015.33
14936.862216767,5599,101005.18,98743.91,100998.51,103838.47,101023.77,101007.33,101008.23,101023.48
14936.88283691,5600,100989.2,98739.88,100993.47,103819.57,101022.72,101004.16,101005.28,101009.39
14936.903414669,5601,100988.13,98747.94,100998.51,103818.47,101018.7,101016.18,101004.21,101014.43
14936.924058768,5602,100984.14,98731.81,100993.47,103830.47,101026.74,101005.21,101005.28,101021.41
14936.944822088,5603,101001.18,98739.88,100990.5,103830.47,101013.63,101011.11,101008.23,101017.4
14936.965171711,5604,100986.0,98739.88,100985.45,103815.57,101026.74,101016.18,101000.2,101011.46
14936.985486582,5605,100992.13,98747.94,100986.49,103826.47,101010.67,101001.21,101004.21,101021.41
14937.009799445,5606,100992.13,98733.77,100980.41,103826.47,101024.82,101008.16,101009.3,101016.37
14937.030243381,5607,100990.26,98743.91,100984.42,103826.47,101025.68,101006.27,101005.28,101012.36
14937.050859548,5608,100992.13,98739.88,100985.45,103816.29,101021.67,101004.16,101001.26,101016.37
14937.071315122,5609,100991.06,98739.88,100998.51,103818.47,101024.82,101003.1,101000.2,101015.47
14937.092187466,5610,101000.12,98731.81,100995.54,103832.66,101022.72,101004.16,101006.34,101015.33
14937.112475857,5611,100993.19,98726.74,101006.53,103832.66,101018.7,100996.14,101009.3,101009.39
14937.133025564,5612,100988.13,98733.89,100998.51,103818.47,101018.7,101006.27,101005.28,101021.41
14937.153414256,5613,100994.26,98741.95,100982.48,103818.47,101030.75,100990.01,101001.26,101006.42
14937.177753249,5614,100994.26,98742.87,100998.51,103822.47,101021.67,101013.23,100996.18,101017.4
14937.198291788,5615,100991.06,98739.88,101006.53,103830.47,101016.79,101006.27,101009.3,101022.44
14937.218889066,5616,100987.07,98747.94,100984.55,103820.29,101024.63,101002.04,101005.28,101014.43
14937.239329257,5617,101000.12,98747.94,100984.42,103814.48,101023.77,101008.16,101005.28,101018.44
14937.259901828,5618,100990.26,98747.94,100998.51,103826.47,101021.67,100994.02,101001.26,101021.41
14937.28044897,5619,100986.27,98738.84,100982.48,103826.47,101022.72,101003.1,101002.32,101015.47
14937.300936683,5620,100997.19,98740.91,100990.5,103830.47,101022.72,100994.02,101004.21,101019.47
14937.321720724,5621,100991.33,98741.95,100989.46,103827.19,101026.74,101018.3,100999.13,101009.39
14937.345764148,5622,101002.25,98742.87,100978.47,103826.47,101024.82,101006.27,101001.26,101011.33
14937.366241676,5623,100996.12,98739.88,100995.54,103814.48,101024.82,101006.04,101010.36,101013.4
14937.386903371,5624,100992.13,98754.05,100987.52,103828.66,101022.72,100995.08,101009.3,101013.4
14937.407367478,5625,100992.13,98743.91,100998.51,103826.47,101021.67,101006.04,101001.26,101017.4
14937.427871606,5626,101001.18,98745.86,101002.52,103826.47,101021.67,101004.16,101009.3,101014.43
14937.448354681,5627,101001.18,98756.0,100993.47,103830.47,101014.68,101012.17,101005.28,101014.43
14937.468985711,5628,100986.27,98730.78,100997.47,103818.47,101022.72,101001.21,101005.28,101014.43
14937.48952405,5629,100993.19,98751.97,100990.5,103838.47,101023.77,101005.21,101008.23,101021.41
14937.513763711,5630,100997.19,98745.98,100992.43,103818.47,101027.79,101008.16,101009.3,101006.42
14937.533921725,5631,101002.25,98747.94,100981.45,103831.57,101016.79,101005.21,101005.28,101019.47
14937.554881262,5632,100985.2,98739.88,100990.5,103819.57,101022.72,100995.08,100993.22,101013.4
14937.575416055,5633,100979.08,98743.91,100986.49,103830.47,101024.82,101011.11,101001.26,101014.43
14937.595914314,5634,100992.13,98754.97,100982.48,103830.47,101016.6,101006.27,101005.28,101007.32
14937.616487415,5635,100988.13,98747.94,100983.52,103832.66,101020.62,101004.16,101010.36,101013.4
14937.637074158,5636,100992.13,98743.91,100998.51,103823.57,101025.68,101016.18,101005.28,101021.41
14937.662036764,5637,100993.19,98741.95,100994.5,103830.47,101022.72,101005.21,101009.3,101009.39
14937.681809264,5638,100998.25,98743.91,100985.45,103826.47,101019.57,101000.15,100999.13,101013.4
14937.701847175,5639,100992.13,98739.88,100990.5,103830.47,101020.62,101006.27,101001.26,101017.4
14937.72284513,5640,100988.13,98746.9,100998.51,103822.47,101015.74,101010.28,101009.3,101021.41
14937.743129565,5641,101004.11,98747.94,100997.47,103832.66,101023.77,101005.21,101020.29,101009.39
14937.764026237,5642,101000.12,98747.94,100982.48,103830.47,101020.8,101006.27,101004.21,101015.47
14937.784513528,5643,100980.14,98738.84,100998.51,103824.28,101035.82,101006.27,101002.32,101023.48
14937.805042614,5644,100985.2,98747.94,101000.58,103829.38,101019.75,100998.26,100999.13,101021.41
14937.828744551,5645,101001.18,98741.95,100982.48,103827.57,101022.72,101008.16,101005.28,101025.41
14937.849246445,5646,100985.2,98742.87,100997.47,103830.47,101022.72,100999.09,101000.2,101014.43
14937.869836593,5647,100986.27,98739.88,100998.51,103822.47,101025.68,101002.27,101009.3,101006.42
14937.8904195,5648,100996.12,98738.84,100983.52,103824.28,101016.6,101003.33,101001.26,101015.47
14937.911237171,5649,100994.26,98734.93,100999.55,103827.57,101017.65,100998.26,101000.2,101022.44
14937.931961342,5650,100988.13,98729.86,100997.47,103825.38,101018.7,100993.19,101001.26,101013.4
14937.95206995,5651,100992.13,98737.8,100982.48,103818.47,101019.75,101013.23,101004.21,101019.47
14937.973063879,5652,100984.14,98738.84,100982.48,103822.47,101023.77,101005.21,101005.28,101015.47
14937.99678773,5653,101001.18,98731.81,100980.41,103830.47,101022.72,101005.21,101005.28,101011.46
14938.017285748,5654,100992.13,98741.95,100982.48,103831.57,101023.77,101002.27,101008.23,101012.36
14938.037814132,5655,100995.06,98746.9,100997.47,103830.47,101015.74,101000.15,101001.26,101011.33
14938.058423209,5656,100988.13,98731.81,100986.49,103830.47,101021.67,100996.14,101003.39,101013.4
14938.078907706,5657,100993.19,98750.02,100999.55,103826.47,101023.77,101001.21,101008.23,101025.41
14938.099493507,5658,100994.26,98738.84,100980.41,103830.47,101020.8,101004.16,101001.26,101013.4
14938.119994189,5659,101004.38,98723.75,100977.44,103826.47,101022.72,101002.27,101004.21,101013.4
14938.140504416,5660,100989.2,98728.82,100986.49,103831.95,101035.82,101006.27,101009.3,101015.47
14938.164773232,5661,100997.19,98731.81,100980.41,103826.47,101026.74,101006.27,101010.36,101022.44
14938.185238821,5662,100994.26,98747.02,100990.5,103832.66,101015.74,100989.18,101020.29,101015.47
14938.205813865,5663,100986.27,98741.95,100990.5,103828.66,101018.7,101001.21,101005.28,101012.36
14938.226464845,5664,101002.25,98739.88,100997.47,103831.57,101019.75,101012.17,101018.4,101015.47
14938.246927159,5665,100988.13,98730.78,101002.52,103831.57,101021.67,101015.35,101004.21,101022.44
14938.267406168,5666,100993.19,98741.95,100979.51,103826.47,101027.79,101005.21,101009.3,101015.47
14938.287961493,5667,100982.27,98734.81,100982.48,103831.57,101014.68,101010.28,101005.28,101015.47
14938.308444508,5668,100992.13,98740.91,100990.5,103828.66,101014.68,101002.27,101001.26,101014.43
14938.332786415,5669,100988.13,98741.95,100978.47,103822.47,101023.77,101004.16,101000.2,101014.43
14938.353284593,5670,100985.2,98735.85,100980.41,103826.47,101031.8,101005.21,101001.26,101019.47
14938.373896334,5671,100996.12,98739.88,101000.58,103830.47,101025.68,101014.29,101003.39,101027.49
14938.394351226,5672,100993.19,98741.95,100980.41,103831.57,101018.7,100997.2,101006.34,101019.47
14938.414879831,5673,100993.19,98729.74,100982.48,103821.76,101016.6,101001.21,100998.31,101023.48
14938.435397018,5674,100994.26,98739.88,100980.41,103822.47,101022.72,101005.21,101008.23,101019.47
14938.456189742,5675,100993.19,98747.94,100982.48,103832.66,101022.72,100993.19,101009.3,101019.47
14938.476519756,5676,100992.13,98742.99,100992.43,103830.47,101031.8,101013.23,101001.26,101017.4
14938.500860691,5677,100990.26,98743.91,100977.44,103826.47,101018.7,100996.14,100993.22,101022.44
14938.522110136,5678,100994.26,98739.88,101002.52,103830.47,101018.7,101003.1,101008.23,101010.43
14938.541863757,5679,100988.13,98750.02,100978.47,103832.66,101022.72,101012.17,101026.43,101023.48
14938.562412552,5680,101005.18,98739.88,100980.41,103832.66,101017.65,101008.16,101004.21,101013.4
14938.582991072,5681,100988.13,98741.95,100994.37,103832.66,101023.77,101004.16,101001.26,101018.44
14938.603425714,5682,101001.18,98725.83,100997.47,103823.57,101022.72,101005.21,101002.32,101006.42
14938.624092498,5683,100992.13,98747.94,100981.45,103830.47,101008.57,101004.16,101003.39,101015.47
14938.644510405,5684,100989.2,98727.78,100973.43,103827.57,101022.72,101000.15,101004.21,101018.44
14938.668841114,5685,100988.13,98739.88,100982.34,103830.47,101022.72,101009.22,100997.24,101017.54
14938.68929787,5686,100984.14,98730.78,100998.51,103826.47,101022.72,101008.16,101000.2,101011.46
14938.709940587,5687,100984.14,98741.95,100991.53,103824.28,101024.82,101002.27,101002.32,101019.47
14938.730358213,5688,100990.26,98731.81,100988.42,103834.47,101027.79,100996.14,101001.26,101027.49
14938.751261375,5689,100990.26,98739.88,100998.51,103832.66,101029.7,101001.21,101002.32,101013.4
14938.771633512,5690,100983.07,98731.81,100994.5,103830.47,101021.67,101012.17,101005.28,101011.46
14938.792069346,5691,100984.14,98746.9,100980.41,103826.47,101030.75,101003.1,101005.28,101022.44
14938.81250523,5692,100989.2,98741.83,100977.44,103840.66,101013.63,101016.18,101009.3,101011.46
14938.836799755,5693,100988.13,98739.88,100986.49,103830.47,101015.74,101000.15,101009.3,101011.46
14938.85730912,5694,100994.26,98731.81,100984.42,103819.57,101029.7,101009.22,101001.26,101013.4
14938.877929263,5695,101001.18,98723.75,100986.49,103826.47,101023.77,101008.16,101009.3,101014.43
14938.898435313,5696,101002.25,98725.83,100986.49,103827.57,101026.74,101005.21,101009.3,101013.4
14938.918982586,5697,100993.19,98725.83,100986.49,103832.66,101024.82,101006.27,101001.26,101014.43
14938.939597981,5698,101002.25,98728.82,100990.5,103819.57,101025.68,101010.05,101011.43,101011.46
14938.960726905,5699,100992.13,98746.9,100975.5,103814.48,101022.72,101002.04,101002.32,101018.44
14938.983794402,5700,101000.12,98723.75,100986.49,103832.66,101022.72,100995.08,100992.16,101014.43
14939.004835803,5701,100994.26,98733.89,100994.5,103838.47,101028.84,100998.26,101004.21,101018.44
14939.024854175,5702,100992.13,98745.98,100998.51,103830.47,101022.72,101001.21,101014.38,101024.52
14939.045926161,5703,100988.13,98723.75,100997.47,103827.57,101021.67,101010.28,101000.2,101015.47
14939.065988039,5704,100989.2,98731.81,100992.43,103818.47,101022.72,100997.2,100993.22,101018.44
14939.087013486,5705,100997.19,98722.71,100992.43,103831.57,101032.86,101010.28,100993.22,101014.43
14939.107068192,5706,100989.2,98733.89,100996.44,103826.85,101022.72,101006.27,100995.35,101014.43
14939.128063604,5707,100992.13,98731.81,100986.49,103830.47,101026.74,100996.14,101000.2,101019.47
14939.151819433,5708,101005.18,98725.83,100998.51,103833.38,101021.67,101004.16,101001.26,101022.44
14939.172253144,5709,100988.13,98741.95,100994.5,103831.57,101024.82,101004.16,100997.24,101015.47
14939.192894298,5710,100986.27,98738.84,100982.48,103832.66,101032.86,101003.1,100993.22,101022.44
14939.213397855,5711,100993.19,98743.91,100986.49,103831.57,101030.75,101004.16,101009.3,101013.4
14939.233945969,5712,101000.12,98739.88,100990.5,103822.47,101019.75,101009.22,101009.3,101011.33
14939.254983513,5713,101001.18,98733.89,100982.48,103832.66,101023.77,100996.14,101003.39,101006.42
14939.27507075,5714,100990.26,98741.95,100988.42,103838.47,101017.65,101004.16,101007.17,101013.4
14939.296190619,5715,101001.18,98739.88,100993.47,103822.47,101026.74,101012.17,101005.28,101013.4
14939.319811975,5716,100988.13,98725.83,100998.51,103832.66,101025.68,101000.15,101001.26,101015.47
14939.340250042,5717,101002.25,98750.02,100977.44,103838.47,101023.77,101004.16,101010.36,101030.45
14939.360890325,5718,100990.26,98733.89,100974.47,103827.57,101027.79,100995.08,100993.22,101017.4
14939.381329915,5719,100992.13,98727.78,100974.47,103832.66,101024.63,100996.14,100999.13,101009.39
14939.401940063,5720,101001.18,98722.71,100992.43,103828.66,101019.57,101006.27,101009.3,101014.43
14939.424141319,5721,100994.26,98741.95,100991.53,103832.66,101013.63,100996.14,101010.36,101023.48
14939.443115701,5722,100984.14,98731.81,100978.47,103832.66,101023.58,101001.21,101000.2,101017.4
14939.463567889,5723,101000.12,98741.95,100982.48,103830.47,101022.72,101007.1,101000.2,101007.46
14939.487814792,5724,100989.2,98742.87,100998.51,103830.47,101018.7,101002.04,101009.3,101010.43
14939.508342615,5725,100993.19,98739.88,100982.48,103816.66,101017.65,101005.21,101001.26,101014.43
14939.528902356,5726,100992.13,98727.78,100983.52,103831.57,101023.77,100996.14,101001.26,101019.47
14939.549428557,5727,100993.19,98726.74,100998.51,103826.47,101020.62,101008.16,101001.26,101018.44
14939.570067558,5728,100997.19,98727.78,100986.49,103832.66,101013.63,101008.16,101016.27,101015.47
14939.590707061,5729,100990.26,98747.94,100998.51,103827.57,101022.72,101004.16,101004.21,101014.43
14939.611042493,5730,101000.12,98743.91,100978.47,103824.66,101029.7,101004.16,100998.31,101014.43
14939.63148056,5731,100993.19,98739.88,100985.45,103818.47,101017.65,101004.16,101001.26,101019.47
14939.655808606,5732,100989.2,98739.88,100994.5,103814.48,101035.82,101010.28,101002.32,101013.4
14939.676282567,5733,100988.13,98728.82,100982.48,103832.66,101012.77,101002.04,101009.3,101015.47
14939.696925965,5734,100996.12,98727.78,100986.49,103828.66,101024.82,101002.04,101005.28,101031.49
14939.717425365,5735,100988.13,98730.78,101006.53,103826.47,101028.84,101010.05,101001.26,101014.43
14939.738068883,5736,100991.06,98741.95,100982.48,103830.47,101018.7,101004.16,101001.26,101010.43
14939.758536015,5737,100989.2,98739.88,100994.5,103830.47,101024.82,101002.27,101010.36,101015.47
14939.779102877,5738,101001.18,98741.95,100983.52,103825.76,101023.77,101008.16,101010.36,101023.48
14939.799476216,5739,101002.25,98739.88,100978.47,103822.47,101022.72,101005.21,101000.2,101023.48
14939.825069277,5740,100988.13,98727.78,100995.54,103821.38,101022.72,101000.15,101002.32,101013.4
14939.84436865,5741,100988.13,98731.81,100998.51,103828.66,101021.67,101004.16,101000.2,101023.48
14939.865320776,5742,100996.39,98733.89,100988.42,103834.47,101022.72,100998.26,100996.18,101026.45
14939.885517107,5743,100988.13,98731.81,100986.49,103832.66,101032.86,101008.16,101008.23,101007.46
14939.90609131,5744,100992.13,98745.98,100978.47,103831.57,101027.79,101003.1,101011.43,101021.41
14939.926476738,5745,100993.19,98732.85,100987.52,103818.47,101025.68,100997.2,101005.28,101019.47
14939.947007976,5746,100993.19,98739.88,100978.47,103832.66,101024.82,100996.14,101019.46,101015.47
14939.967458883,5747,100993.19,98739.88,100988.42,103813.38,101007.7,100996.14,101005.52,101023.48
14939.991871306,5748,100989.2,98743.91,100990.5,103814.48,101023.77,101014.29,101005.28,101021.41
14940.012336084,5749,100996.12,98727.78,100994.5,103828.66,101030.75,100999.32,101002.32,101022.44
14940.032989447,5750,100999.05,98731.81,100982.48,103829.76,101022.72,101004.16,101010.36,101017.4
14940.05357044,5751,101000.12,98727.78,100987.52,103828.66,101018.7,101003.1,101003.39,101013.4
14940.074053496,5752,101002.25,98730.9,100998.51,103836.66,101022.72,101000.15,101009.3,101023.48
14940.094605646,5753,101000.12,98741.95,100982.48,103826.47,101028.65,101009.22,101006.34,101022.44
14940.115136474,5754,100986.27,98726.74,100988.42,103831.57,101023.77,101006.04,101006.34,101014.43
14940.135735575,5755,101002.25,98750.02,100986.49,103819.57,101030.75,100996.14,100997.24,101015.47
14940.159866943,5756,100984.14,98730.78,100986.49,103828.66,101022.72,101004.16,101001.26,101005.39
14940.180403809,5757,101000.12,98750.02,100999.55,103826.47,101026.74,101005.21,101002.32,101021.41
14940.20093666,5758,101000.12,98723.75,101002.52,103826.47,101022.72,101004.16,101006.34,101015.47
14940.221074042,5759,100992.13,98737.92,101000.58,103831.57,101026.74,101008.16,101005.28,101023.48
14940.242091797,5760,100994.26,98723.75,100983.52,103830.47,101020.62,101013.23,101003.39,101015.47
14940.262685069,5761,101000.12,98747.94,100998.51,103818.47,101021.67,101020.19,101001.26,101005.39
14940.283238501,5762,100996.12,98731.81,100993.6,103830.47,101014.68,101004.16,101001.26,101019.47
14940.306806516,5763,100992.13,98739.88,100998.51,103828.66,101017.65,101005.21,101015.44,101013.4
14940.32788963,5764,100989.2,98739.88,100998.51,103828.66,101021.67,101004.16,101001.26,101018.44
14940.347953831,5765,101000.12,98725.71,100989.46,103840.66,101023.77,101002.04,101003.39,101005.39
14940.371029721,5766,100988.13,98750.02,100985.45,103822.47,101030.75,100990.01,101004.21,101017.4
14940.389066844,5767,100998.25,98739.88,100998.51,103831.57,101024.82,101004.16,101001.26,101025.41
14940.410128735,5768,101000.12,98748.98,100984.42,103828.66,101030.75,100988.12,101006.34,101022.44
14940.430568876,5769,100990.26,98727.78,100998.51,103836.66,101021.67,101005.21,101002.32,101015.47
14940.451154677,5770,100992.13,98726.74,100982.48,103823.57,101026.74,101007.33,101003.39,101023.48
14940.474831096,5771,100992.13,98731.81,101003.55,103831.57,101023.77,101006.04,100993.22,101023.48
14940.495345198,5772,100993.19,98739.88,100982.48,103832.66,101018.7,101004.16,101010.36,101013.4
14940.515991721,5773,100993.19,98743.91,100996.44,103828.66,101024.82,100996.14,100997.24,101014.43
14940.536550571,5774,100990.26,98740.91,100982.48,103831.57,101022.72,101007.1,101002.32,101021.41
14940.557122421,5775,100994.26,98741.95,100986.49,103835.57,101021.67,101003.1,101000.2,101023.48
14940.578046343,5776,101002.25,98743.91,100982.48,103834.85,101013.63,101005.21,101009.3,101017.4
14940.59811407,5777,100992.13,98730.78,100998.51,103832.66,101020.8,101000.15,100993.22,101006.42
14940.619143382,5778,100988.13,98747.94,100985.45,103831.57,101018.7,101012.17,101011.43,101013.4
14940.642873122,5779,100992.13,98730.78,100994.5,103826.47,101030.75,101001.21,100993.22,101019.47
14940.663363589,5780,100992.13,98739.88,100994.5,103828.66,101021.67,101003.1,101017.33,101014.43
14940.683931953,5781,101000.12,98735.85,100978.47,103832.66,101023.77,101002.27,101001.26,101023.48
14940.704380847,5782,100993.19,98739.88,100983.52,103824.66,101019.57,101006.27,101001.26,101022.44
14940.725224087,5783,100985.2,98743.91,100983.52,103840.66,101014.68,101000.15,101006.34,101022.44
14940.745823869,5784,100994.26,98731.81,101002.52,103830.47,101024.82,101000.15,101001.26,101007.46
14940.766125901,5785,100986.27,98739.88,100982.48,103826.47,101024.82,101006.27,101001.26,101006.42
14940.786588195,5786,100992.13,98739.88,100982.48,103826.47,101022.72,101004.16,101001.26,101023.48
14940.810856209,5787,100984.14,98739.88,100982.48,103822.47,101014.5,101010.28,101010.36,101014.43
14940.831331623,5788,100992.13,98743.91,100999.55,103828.66,101024.82,101000.15,101006.34,101023.48
14940.851947189,5789,100992.13,98739.88,100982.48,103827.57,101030.75,101000.15,101019.46,101023.48
14940.872420189,5790,100993.19,98741.95,100986.49,103820.29,101019.75,101013.23,101001.26,101010.43
14940.892973501,5791,100999.05,98739.88,100993.47,103830.47,101022.72,100996.14,101003.39,101015.47
14940.913550027,5792,100990.26,98756.0,100998.51,103833.38,101023.77,101012.17,101008.47,101013.4
14940.934220066,5793,100994.26,98739.88,101002.52,103824.66,101030.75,101000.15,101002.32,101015.47
14940.954553905,5794,100996.12,98733.77,100994.5,103825.38,101022.72,101013.23,101002.32,101012.5
14940.978850924,5795,100984.14,98743.91,100992.43,103831.57,101022.72,101001.21,101002.32,101014.43
14940.99930811,5796,101001.18,98743.91,100994.5,103832.66,101017.65,101001.21,101003.39,101024.52
14941.020156128,5797,101000.12,98739.88,100986.49,103832.66,101022.72,101006.27,101006.34,101015.47
14941.040444007,5798,100989.2,98738.84,100987.52,103832.66,101026.74,101012.17,101009.3,101016.5
14941.061031761,5799,100990.26,98746.9,100975.5,103830.47,101014.68,101010.28,101002.32,101015.47
14941.081491341,5800,101002.25,98742.87,100982.48,103833.76,101024.82,101006.27,101001.26,101020.51
14941.10348953,5801,101000.12,98733.89,101000.58,103830.47,101020.8,101006.27,101005.28,101021.41
14941.122527117,5802,100993.19,98744.03,100982.48,103827.57,101023.77,100996.14,101003.39,101011.46
14941.146875674,5803,101003.31,98737.8,100986.49,103830.47,101026.74,101004.16,100994.29,101013.4
14941.167342785,5804,100977.21,98746.9,100982.48,103829.76,101025.68,101011.11,101003.39,101025.55
14941.187988086,5805,100994.26,98747.94,100988.42,103832.66,101023.77,100996.14,101001.26,101015.47
14941.208493756,5806,100989.2,98733.89,100988.42,103833.76,101029.7,101004.16,100997.24,101014.43
14941.229315373,5807,101002.25,98738.84,100991.53,103832.66,101026.74,101012.17,101008.23,101017.4
14941.249510723,5808,100985.2,98743.91,100981.45,103832.66,101016.79,101018.3,101002.32,101015.47
14941.270200451,5809,101002.25,98743.91,100982.48,103832.66,101023.77,101004.16,101008.23,101016.5
14941.290601142,5810,100994.26,98726.74,100988.42,103831.57,101027.6,101006.27,100998.31,101013.4
14941.314868015,5811,101000.12,98748.98,100982.48,103828.66,101011.53,101004.16,100998.31,101022.44
14941.335408737,5812,100993.19,98737.8,100982.48,103833.76,101014.68,101003.1,101006.34,101015.47
14941.355986766,5813,100994.26,98735.85,100983.52,103826.47,101023.77,100998.03,100998.31,101013.4
14941.376499647,5814,101002.25,98739.88,100986.49,103826.47,101013.63,101012.17,100997.24,101014.43
14941.397036303,5815,101002.25,98729.86,100976.4,103823.57,101022.72,101004.16,100999.37,101015.47
14941.417490645,5816,100987.07,98727.78,100994.5,103820.66,101023.77,101003.1,101009.3,101027.49
14941.438107303,5817,101001.18,98741.83,100991.4,103824.66,101028.84,101014.29,101002.32,101011.46
14941.458602627,5818,100988.13,98735.85,100990.5,103828.66,101018.7,101004.16,101010.36,101015.47
14941.482900076,5819,100992.13,98730.78,100990.5,103838.47,101010.67,101010.05,101001.26,101015.47
14941.503397873,5820,100994.26,98731.81,100985.45,103833.76,101023.77,101003.33,100998.31,101015.47
14941.52412009,5821,100993.19,98739.88,100982.48,103830.47,101018.7,100999.09,101011.43,101013.4
14941.544474141,5822,100992.13,98723.75,100994.5,103826.47,101021.67,100996.14,101003.39,101022.44
14941.565091569,5823,101001.18,98739.88,100998.51,103827.57,101010.67,100992.13,101001.26,101025.55
14941.585871815,5824,100986.27,98750.02,100997.47,103828.66,101023.77,101013.23,101001.26,101018.44
14941.607263605,5825,100988.13,98741.95,100983.52,103822.47,101015.74,101011.34,100996.18,101023.48
14941.62984726,5826,100988.13,98758.08,100982.48,103829.76,101020.62,101007.1,101001.26,101014.43
14941.650918376,5827,100993.19,98730.78,100998.51,103831.57,101032.86,100996.14,101007.41,101019.47
14941.670947664,5828,100993.19,98733.89,100999.55,103831.57,101020.62,101014.29,101007.41,101017.4
14941.692108896,5829,100992.13,98737.92,100988.56,103816.66,101031.8,101003.1,101001.26,101019.47
14941.712054177,5830,100993.19,98733.89,100990.5,103834.85,101022.72,101007.33,101012.49,101027.49
14941.733069288,5831,100984.14,98743.91,100989.46,103834.47,101024.82,101004.16,101003.15,101015.47
14941.753514816,5832,101002.25,98745.98,100996.44,103828.66,101022.72,101013.23,101001.26,101005.39
14941.774470747,5833,101000.12,98754.05,100997.47,103833.76,101014.68,101008.16,101006.34,101023.48
14941.797869606,5834,100994.26,98743.91,100982.48,103832.66,101014.68,101000.15,101002.32,101023.48
14941.818409688,5835,100994.26,98734.93,100982.48,103832.66,101030.75,101003.1,101011.43,101024.52
14941.838943831,5836,100988.13,98731.81,100974.47,103840.66,101023.77,100999.09,101001.26,101016.5
14941.859445855,5837,101001.18,98739.88,100978.47,103826.47,101026.74,101000.15,101006.34,101015.47
14941.880128923,5838,100985.2,98755.09,100980.41,103830.47,101018.7,100996.14,101005.28,101027.49
14941.901170183,5839,100996.12,98731.81,100983.52,103828.66,101024.82,101006.27,101005.28,101014.43
14941.921209016,5840,100998.25,98750.02,100998.51,103819.57,101018.7,100995.08,101002.32,101015.47
14941.942318019,5841,100984.14,98747.94,100994.5,103832.66,101021.67,101004.16,101009.3,101016.5
14941.965996771,5842,100985.2,98743.91,100982.48,103827.19,101023.77,101004.16,101008.47,101015.47
14941.98633028,5843,100985.2,98750.02,100991.53,103828.66,101016.6,101002.27,101005.28,101023.48
14942.006961159,5844,100996.12,98751.97,100996.58,103832.66,101027.79,101001.21,101005.28,101015.47
14942.027421991,5845,101006.24,98747.94,100996.58,103835.57,101022.72,101001.21,100996.18,101015.47
14942.047971877,5846,100997.19,98742.87,100982.48,103825.76,101021.67,100996.14,101006.34,101017.54
14942.068663919,5847,100992.13,98741.95,100982.48,103828.66,101014.68,101002.04,101010.36,101017.4
14942.09213678,5848,100994.26,98731.81,101002.52,103818.47,101015.74,101008.16,101000.44,101018.44
14942.109580314,5849,100989.2,98747.94,100990.5,103830.47,101024.82,100993.19,101011.43,101018.44
14942.133890523,5850,100992.13,98750.02,100982.48,103827.57,101022.72,101005.21,101006.34,101013.4
14942.154333247,5851,100985.2,98741.95,100986.49,103841.76,101026.92,101001.21,100998.31,101022.44
14942.175049876,5852,100988.13,98739.88,100999.55,103828.66,101024.82,101003.1,101006.34,101011.46
14942.195461653,5853,101001.18,98743.91,100982.48,103833.76,101022.72,101002.27,101007.41,101017.54
14942.216031951,5854,101002.25,98739.88,100999.55,103832.66,101022.72,100998.26,101004.45,101019.47
14942.236574436,5855,100994.26,98750.02,100983.52,103830.85,101030.75,100996.14,101003.39,101007.46
14942.257123902,5856,100998.25,98750.02,100984.55,103832.66,101027.79,101006.27,101004.21,101025.55
14942.277647579,5857,100996.12,98741.95,100998.51,103828.66,101022.72,101000.15,101001.26,101018.44
14942.301895693,5858,101001.18,98747.94,100983.52,103828.66,101029.7,100998.03,100998.31,101007.46
14942.32235994,5859,100989.2,98751.05,100982.48,103824.66,101018.7,100997.2,101000.2,101015.47
14942.343085021,5860,100989.2,98731.81,100987.52,103841.76,101025.68,101004.16,100994.29,101013.4
14942.363516639,5861,100994.26,98731.81,100998.51,103824.66,101014.68,100998.26,101001.26,101021.41
14942.384019834,5862,100993.19,98750.02,100986.49,103839.57,101032.86,100997.2,100993.22,101019.47
14942.404579456,5863,100992.13,98720.76,100986.49,103832.66,101024.82,101000.15,101001.26,101011.46
14942.425150644,5864,100984.14,98743.91,100983.52,103831.57,101027.79,101003.1,101007.41,101017.54
14942.445612567,5865,100996.39,98743.91,100982.48,103830.47,101018.7,101008.16,100999.37,101016.5
14942.469893952,5866,100985.2,98745.98,100982.48,103832.66,101023.77,100998.26,101003.39,101023.48
14942.490392701,5867,100996.12,98750.02,100983.52,103839.57,101026.74,101004.16,100995.35,101019.47
14942.511019814,5868,101000.12,98733.89,100986.49,103828.66,101028.84,101006.27,101005.28,101022.58
14942.531527026,5869,101003.31,98738.84,100998.51,103832.66,101025.68,100999.09,101010.36,101017.54
14942.552083813,5870,101000.12,98739.88,100982.48,103831.57,101013.63,101012.17,100993.22,101015.47
14942.572516052,5871,100994.26,98739.88,100999.55,103832.66,101014.68,101005.21,100997.24,101015.47
14942.593200001,5872,100993.19,98750.02,100991.53,103832.66,101025.68,101006.27,101001.26,101019.47
14942.615240504,5873,100999.05,98731.81,100995.54,103830.47,101025.68,101006.27,101007.41,101021.55
14942.637916819,5874,101002.25,98733.89,100994.5,103836.66,101031.8,101006.27,101003.39,101015.47
14942.65837096,5875,100992.13,98745.98,100986.49,103825.76,101019.75,101014.29,101001.26,101015.47
14942.678991013,5876,100994.26,98738.84,100981.45,103832.66,101022.72,101007.1,101005.28,101031.49
14942.699476873,5877,101001.18,98756.0,100994.5,103839.57,101023.77,100998.26,101001.26,101015.47
14942.720047801,5878,100993.19,98732.85,100994.5,103831.57,101023.77,101002.27,101007.41,101019.47
14942.740740543,5879,100997.19,98743.91,100995.54,103839.57,101023.77,101010.28,101003.39,101019.47
14942.76115136,5880,100993.19,98743.91,100986.49,103838.47,101021.67,101005.21,101009.3,101021.55
14942.784873488,5881,101002.25,98750.02,100982.48,103830.47,101020.62,101006.27,101002.32,101016.5
14942.805912094,5882,100992.13,98754.05,100996.58,103827.57,101024.63,101006.27,101002.32,101029.56
14942.8260056,5883,100993.19,98748.06,100983.52,103832.66,101022.72,101012.17,101009.3,101015.47
14942.847054612,5884,101009.17,98743.91,100984.55,103840.66,101014.68,101004.16,101010.36,101015.47
14942.867495213,5885,100992.13,98745.98,100987.52,103834.85,101022.72,101008.16,101010.36,101023.48
14942.889207689,5886,100994.26,98727.78,100984.55,103828.66,101015.74,101004.16,101005.28,101007.46
14942.908720876,5887,100994.26,98750.02,100984.55,103834.85,101020.8,101004.16,101001.26,101023.48
14942.929646261,5888,100976.15,98742.87,100979.51,103835.57,101020.62,101006.27,101011.43,101025.55
14942.952898037,5889,100993.19,98735.85,100988.56,103830.85,101026.74,101001.21,101004.45,101019.47
14942.973925737,5890,100994.26,98746.9,100979.51,103832.66,101024.82,101001.21,101001.26,101015.47
14942.994020825,5891,101002.25,98733.89,100995.54,103832.66,101022.72,101002.04,101003.39,101019.47
14943.015086682,5892,100991.06,98739.88,100990.5,103830.85,101024.82,101005.21,101012.49,101015.47
14943.035151154,5893,100996.12,98747.02,100982.48,103836.66,101022.72,100992.13,101001.26,101010.43
14943.05608385,5894,100992.13,98727.78,100983.52,103828.66,101024.63,100998.26,101008.47,101015.47
14943.076571151,5895,101001.18,98758.08,100982.48,103833.76,101025.68,101006.27,101002.32,101014.43
14943.097152636,5896,100988.13,98731.81,100982.48,103832.66,101028.84,101003.1,101005.28,101019.47
14943.120901264,5897,101002.25,98743.91,100990.5,103833.76,101023.77,100990.24,101001.26,101014.43
14943.141342376,5898,100997.19,98743.91,100982.48,103834.85,101032.86,101000.15,101001.26,101019.47
14943.161979885,5899,101003.31,98747.94,100987.52,103830.47,101027.79,101002.04,101001.26,101005.52
14943.18247634,5900,101001.18,98747.94,100986.49,103832.66,101027.79,100998.26,101003.39,101011.46
14943.203092427,5901,100991.06,98747.94,100998.51,103829.76,101023.77,100997.2,101001.26,101013.4
14943.224141819,5902,100989.2,98741.95,100994.5,103828.66,101022.72,101001.21,101001.26,101014.43
14943.244150306,5903,100988.13,98741.95,100983.52,103833.76,101023.77,101011.11,100994.29,101016.5
14943.265142212,5904,100994.26,98756.0,100983.52,103832.66,101021.67,101002.04,101015.44,101014.43
14943.288915648,5905,100994.26,98741.95,100986.49,103832.66,101028.84,101005.21,101002.32,101020.51
14943.309410491,5906,100998.25,98741.95,100983.52,103830.47,101021.67,101013.23,101005.28,101015.47
14943.330017914,5907,100992.13,98754.05,100983.52,103834.47,101014.68,101002.04,101004.45,101027.49
14943.350707542,5908,101001.18,98754.05,100994.5,103833.76,101022.72,101002.27,100997.24,101023.48
14943.371110737,5909,100996.12,98747.94,100999.55,103831.57,101025.68,101000.15,101001.26,101025.55
14943.391557166,5910,101000.12,98751.97,100986.49,103825.76,101023.77,100996.14,101002.32,101011.46
14943.412175937,5911,100990.26,98747.94,100978.47,103842.85,101024.82,101002.27,100997.24,101011.46
14943.433250488,5912,101002.25,98730.9,100982.48,103831.57,101023.77,101005.21,101001.26,101015.47
14943.456921418,5913,100994.26,98745.98,100998.51,103832.66,101023.77,101003.1,101001.26,101024.52
14943.477427318,5914,101002.25,98743.91,100998.51,103830.85,101024.82,100996.14,100999.37,101023.48
14943.498005718,5915,100993.19,98750.02,100974.47,103829.76,101018.7,101009.22,101000.2,101017.54
14943.51861877,5916,100998.25,98741.95,100983.52,103832.66,101022.72,100999.09,100990.27,101020.51
14943.539048374,5917,100985.2,98739.88,100991.53,103831.57,101022.72,100996.14,101003.39,101024.52
14943.559600123,5918,100988.13,98733.89,100981.45,103839.57,101024.82,101004.16,101003.39,101015.47
14943.580129478,5919,100992.13,98739.88,100982.48,103836.66,101027.79,101006.27,101003.39,101017.54
14943.600720117,5920,100993.19,98741.95,100988.56,103832.66,101034.77,101005.21,101001.26,101024.52
14943.624992938,5921,101000.12,98741.95,100991.53,103831.57,101012.58,101002.04,101007.41,101014.43
14943.645465668,5922,100994.26,98746.9,100996.58,103841.76,101024.82,101005.21,101003.39,101015.47
14943.666015484,5923,100990.26,98747.94,100998.51,103832.66,101023.77,101006.27,101010.36,101017.54
14943.686582096,5924,100984.14,98750.02,100999.55,103828.66,101016.79,101002.27,101001.26,101007.46
14943.707054395,5925,100990.26,98733.89,100978.47,103830.47,101024.82,101008.16,101002.32,101017.54
14943.72768232,5926,101004.11,98733.89,100990.5,103831.57,101021.67,101007.33,101003.39,101008.49
14943.748405408,5927,100992.13,98740.91,100998.51,103830.47,101026.74,101007.33,101004.45,101023.48
14943.768853731,5928,100985.2,98727.78,100998.51,103832.66,101024.82,101002.27,100995.35,101023.48
14943.792916024,5929,100988.13,98737.8,100991.53,103844.66,101022.72,100992.13,101010.36,101011.46
14943.813411788,5930,100986.27,98739.88,100994.5,103832.66,101036.87,101009.22,100995.35,101024.52
14943.834142549,5931,101003.31,98736.88,100978.47,103833.76,101021.67,100994.02,101002.32,101023.48
14943.854601848,5932,100994.26,98741.95,100982.48,103838.47,101020.8,100999.09,101001.26,101014.43
14943.875315853,5933,100996.12,98747.94,100983.52,103833.76,101021.67,101009.22,101005.28,101024.52
14943.895884167,5934,100993.19,98745.98,100986.49,103833.76,101023.77,100994.02,101010.36,101023.48
14943.917279964,5935,100986.27,98738.84,100990.5,103833.76,101022.72,101010.28,101008.47,101015.47
14943.936774793,5936,101002.25,98745.98,101001.62,103828.66,101024.82,101002.04,101011.43,101024.52
14943.961010178,5937,100995.32,98732.85,100994.5,103829.76,101022.72,100994.02,101007.41,101016.5
14943.981390428,5938,100989.2,98739.88,100998.51,103830.47,101025.68,101007.1,101001.26,101015.47
14944.002127327,5939,100988.13,98754.05,100986.49,103829.76,101015.74,100998.26,101002.32,101019.47
14944.023159864,5940,100994.26,98745.98,100993.47,103832.66,101013.63,101002.27,100999.37,101015.47
14944.043303255,5941,100992.13,98745.98,100990.5,103832.66,101011.53,101004.16,101001.26,101018.44
14944.063670956,5942,100984.14,98751.05,100986.49,103833.76,101023.77,101000.15,101001.26,101007.46
14944.084263517,5943,100992.13,98745.98,100978.47,103832.66,101017.65,101004.16,101011.43,101007.46
14944.107974588,5944,100985.2,98739.88,100983.52,103831.57,101013.63,101008.16,101011.43,101008.49
14944.128969108,5945,100993.19,98750.02,100986.49,103830.47,101023.77,101002.27,101006.34,101019.47
14944.14948971,5946,101000.12,98743.91,100982.48,103831.57,101023.77,101006.27,101005.28,101015.47
14944.170075661,5947,100997.19,98756.0,100998.51,103828.66,101014.68,101006.27,101009.3,101015.47
14944.190531715,5948,101003.31,98740.91,100990.5,103842.85,101012.77,101004.16,101007.41,101023.48
14944.211122644,5949,100997.19,98745.98,100978.47,103834.47,101023.77,101006.27,101011.43,101025.55
14944.231587541,5950,101002.25,98746.9,100982.48,103833.76,101028.84,100988.12,101007.41,101020.51
14944.252434317,5951,100988.4,98738.84,100986.49,103844.66,101023.77,101003.1,101003.39,101015.47
14944.275942962,5952,100986.27,98758.08,100979.51,103831.57,101018.7,101007.1,101012.49,101018.44
14944.296983802,5953,101000.12,98746.9,100981.45,103832.66,101025.68,100999.09,101009.3,101028.52
14944.317079751,5954,101002.25,98739.88,100982.48,103826.47,101024.82,100995.08,101010.36,101016.5
14944.338074711,5955,101006.24,98749.9,100998.51,103828.66,101023.77,101000.15,100997.24,101016.5
14944.358151501,5956,100988.13,98741.83,100986.49,103828.66,101026.74,101008.16,101001.26,101015.47
14944.379158039,5957,100996.12,98758.08,100974.47,103834.85,101024.82,100997.2,101011.43,101015.47
14944.399588995,5958,100994.26,98729.86,100990.5,103840.66,101025.68,100998.03,101005.28,101003.45
14944.420409882,5959,100994.26,98738.84,100998.51,103832.66,101027.79,101012.17,101001.26,101016.5
14944.443958197,5960,100984.14,98747.94,100982.48,103831.57,101029.7,101003.1,100997.24,101011.46
14944.464430486,5961,100996.39,98739.88,100994.5,103827.57,101022.72,101006.27,101004.45,101007.46
14944.485075346,5962,101001.18,98740.91,100978.47,103830.47,101018.7,101004.16,101003.39,101007.46
14944.506122685,5963,100986.27,98743.91,100998.51,103832.66,101016.79,101014.29,101007.41,101015.47
14944.526026874,5964,100995.32,98747.94,100983.52,103841.76,101024.82,101013.23,101007.41,101009.39
14944.547073292,5965,101002.25,98746.9,100998.51,103840.66,101023.77,101006.27,100997.24,101024.52
14944.567132536,5966,101001.18,98750.02,100982.48,103833.76,101019.75,101010.28,100999.37,101016.5
14944.589205097,5967,100997.19,98747.94,100975.5,103827.57,101022.72,101006.04,101002.32,101015.47
14944.611989125,5968,101002.25,98745.98,100990.5,103830.47,101023.77,101005.21,101003.39,101015.47
14944.632419751,5969,100993.19,98741.95,100994.5,103838.47,101023.77,101006.27,101003.39,101020.51
14944.653052593,5970,100984.14,98750.02,100994.5,103836.66,101024.82,100986.0,101004.45,101016.5
14944.673581377,5971,101002.25,98741.95,100982.48,103828.66,101023.77,101006.27,100990.27,101014.43
14944.694085955,5972,100992.13,98747.94,100999.55,103839.57,101016.6,101004.16,101003.39,101015.47
14944.714662672,5973,101001.18,98738.84,100986.49,103840.66,101024.82,100993.19,101003.39,101017.54
14944.735243936,5974,100993.19,98747.94,100974.47,103832.66,101022.72,101004.16,100998.31,101020.51
14944.756407441,5975,100994.26,98750.93,100982.48,103830.47,101015.74,101002.04,100999.37,101012.5
14944.77999107,5976,100993.19,98744.95,101000.58,103832.66,101020.62,101003.1,101002.32,101015.47
14944.800407574,5977,100989.2,98756.0,100982.48,103833.76,101022.72,101004.16,101006.34,101021.41
14944.821500202,5978,100993.19,98742.99,100980.55,103832.66,101029.7,101010.28,101005.28,101023.48
14944.841495279,5979,100990.26,98744.95,101000.58,103830.85,101030.75,100996.14,100998.31,101023.48
14944.862269404,5980,100997.19,98743.91,100982.48,103832.66,101014.68,101012.17,101001.26,101023.48
14944.882784478,5981,100988.13,98750.02,100990.5,103830.47,101023.77,101009.22,101005.28,101019.47
14944.903206781,5982,100994.26,98733.89,100988.56,103826.47,101032.86,101012.17,100999.37,101010.43
14944.923679731,5983,100993.19,98741.95,100984.55,103824.66,101020.8,101014.29,101007.41,101020.51
14944.947959313,5984,100998.25,98743.91,100984.55,103832.66,101021.67,100997.2,100993.46,101021.55
14944.968435498,5985,101001.18,98747.94,100990.5,103825.76,101027.79,101012.17,101002.32,101015.47
14944.989064895,5986,100986.27,98739.88,100982.48,103831.57,101031.8,101002.04,101006.34,101023.48
14945.009555431,5987,101002.25,98747.94,100995.54,103832.66,101022.72,100996.14,101012.49,101011.46
14945.030120941,5988,100998.25,98743.91,100978.47,103819.57,101022.72,101006.27,100999.37,101013.53
14945.050620461,5989,101001.18,98743.91,100983.52,103832.66,101024.82,100999.09,101007.41,101019.47
14945.071240043,5990,100993.19,98747.94,100982.48,103827.57,101020.62,100995.08,101002.32,101016.5
14945.091630989,5991,100992.13,98743.91,100990.5,103827.57,101016.79,101000.15,101003.39,101014.43
14945.115980757,5992,101002.25,98747.94,100995.54,103840.66,101031.8,101001.21,100995.35,101024.52
14945.136570854,5993,101002.25,98739.88,100972.39,103833.76,101024.82,101004.16,100998.31,101019.47
14945.157092738,5994,100994.26,98745.98,100984.55,103840.66,101023.77,100996.14,101005.28,101023.48
14945.17756008,5995,100985.2,98747.94,100986.49,103829.76,101027.79,101004.16,101000.44,101025.55
14945.198181464,5996,100992.13,98750.02,100996.58,103832.66,101022.72,101002.27,101007.41,101020.51
14945.218568935,5997,100992.13,98739.88,100996.58,103833.76,101027.79,101004.16,101011.43,101015.47
14945.239189388,5998,100993.19,98745.98,100995.54,103840.66,101034.77,101000.15,101007.41,101017.54
14945.259754988,5999,100986.27,98743.91,100994.5,103832.66,101024.82,101006.27,101005.28,101015.47
14945.283975711,6000,100986.27,98741.95,100982.48,103828.66,101014.68,101000.15,101012.49,101008.49
14945.304450233,6001,100992.13,98750.02,100993.47,103832.66,101023.77,100998.03,101003.39,101016.5
14945.325067872,6002,101003.31,98731.81,100982.48,103830.47,101026.74,101007.1,101003.39,101015.47
14945.34557913,6003,101000.12,98747.94,100986.49,103831.57,101022.72,101000.15,101005.28,101021.55
14945.366088505,6004,100996.39,98741.95,100981.45,103824.66,101027.79,101008.16,100999.37,101012.5
14945.386641035,6005,100996.12,98743.91,100982.48,103822.85,101024.82,101000.15,101011.43,101015.47
14945.40826687,6006,100984.14,98742.87,101000.58,103828.66,101022.72,100994.02,101004.45,101005.52
14945.431026822,6007,100988.13,98739.88,100982.48,103837.76,101019.75,101012.17,101003.39,101024.52
14945.452026679,6008,100998.25,98745.98,100990.5,103835.57,101024.82,101008.16,100999.37,101013.53
14945.472151532,6009,100991.33,98747.94,100995.54,103846.85,101023.77,101004.16,100999.37,101012.5
14945.493068584,6010,100986.27,98751.05,100981.45,103840.66,101024.82,101005.21,100999.37,101016.5
14945.513537719,6011,100985.2,98745.98,100986.49,103828.66,101023.77,101005.21,101009.3,101008.49
14945.534182058,6012,100988.13,98745.98,100986.49,103828.66,101015.74,100999.09,100996.42,101007.46
14945.554555577,6013,100995.32,98745.98,100981.45,103836.66,101018.7,100997.2,101007.41,101015.47
14945.575641595,6014,100993.19,98738.84,100982.48,103829.76,101023.77,101012.17,100997.24,101017.54
14945.598992862,6015,101000.12,98738.84,100984.42,103833.76,101023.77,101007.33,100995.35,101015.47
14945.620033721,6016,101002.25,98745.98,100990.5,103831.57,101010.67,101014.29,101003.39,101007.46
14945.640041086,6017,100993.19,98741.95,100984.55,103820.66,101023.77,100997.2,100996.42,101012.5
14945.66111748,6018,100998.25,98742.87,100999.55,103828.66,101021.67,101004.16,101007.41,101023.48
14945.681150834,6019,101002.25,98750.02,100995.54,103824.66,101021.67,101014.29,101007.41,101023.48
14945.702238685,6020,100988.13,98745.98,100983.52,103840.66,101023.77,101006.27,100998.31,101014.43
14945.722260201,6021,100994.26,98747.94,100999.55,103833.76,101025.87,101006.27,101011.43,101019.47
14945.743313319,6022,101002.25,98750.93,100995.54,103834.85,101028.84,100998.26,100998.31,101011.46
14945.766975837,6023,100988.13,98750.02,100974.47,103829.76,101015.74,101004.16,101003.39,101015.47
14945.787456689,6024,101002.25,98750.02,100994.5,103829.76,101014.68,101006.27,101002.32,101014.43
14945.808061919,6025,100994.26,98745.98,100986.49,103831.57,101023.77,100998.26,100997.24,101023.48
14945.829193736,6026,100990.26,98733.89,100976.54,103833.76,101023.77,101006.27,101003.39,101019.47
14945.849182533,6027,101002.25,98750.02,100995.54,103832.66,101031.8,101004.16,100995.35,101024.52
14945.870200468,6028,100988.13,98747.94,100980.55,103830.47,101028.84,101005.21,101003.39,101008.49
14945.890365221,6029,100998.25,98750.02,100982.48,103821.76,101027.79,101000.15,101003.39,101024.52
14945.911403337,6030,101001.18,98739.88,100977.44,103832.66,101023.77,101004.16,101005.52,101013.53
14945.934972283,6031,100993.19,98750.02,100982.48,103824.66,101015.74,101005.21,101002.32,101020.51
14945.956002967,6032,100993.19,98731.81,100974.47,103833.76,101010.67,101007.1,101000.44,101024.52
14945.976118356,6033,100986.27,98739.88,100982.48,103832.66,101015.74,101000.15,101003.39,101012.5
14945.99660072,6034,100988.13,98747.94,100987.52,103830.47,101014.68,100996.14,100995.35,101025.55
14946.017142123,6035,100989.2,98747.02,100982.48,103824.66,101018.7,101001.21,101010.36,101017.54
14946.037762316,6036,100992.13,98742.99,100984.55,103837.76,101021.67,101010.05,101012.49,101022.44
14946.058299183,6037,101004.11,98745.98,100974.47,103826.47,101022.72,100997.2,101011.43,101015.47
14946.079288354,6038,100994.26,98750.93,100982.48,103824.66,101022.72,100998.03,100999.37,101023.48
14946.103079557,6039,100990.26,98733.89,100988.56,103828.66,101031.8,101006.04,101000.44,101019.47
14946.123454468,6040,100986.27,98743.91,100994.5,103828.66,101027.79,101004.16,101008.47,101020.51
14946.144129053,6041,100991.33,98747.94,100984.42,103831.57,101018.7,100996.14,101007.41,101021.55
14946.164608934,6042,100992.13,98738.84,100999.55,103831.57,101022.72,101005.21,100999.37,101020.51
14946.186289812,6043,100989.2,98741.95,100990.5,103840.66,101023.77,101006.27,100999.37,101010.56
14946.205680474,6044,100985.2,98741.95,100979.51,103828.66,101032.67,101001.21,101003.39,101015.47
14946.226206103,6045,101000.12,98737.8,100998.51,103834.47,101009.62,101000.15,101001.5,101009.53
14946.246758503,6046,100989.2,98741.95,100994.5,103846.47,101023.77,101000.15,100999.37,101015.47
14946.271002081,6047,100993.19,98750.02,100998.51,103847.56,101016.79,101008.16,101012.49,101016.5
14946.291492998,6048,100989.2,98747.94,100978.47,103832.66,101014.68,101009.22,100998.31,101022.44
14946.312085609,6049,100994.26,98743.91,100982.48,103848.66,101017.65,101006.27,100993.22,101013.53
14946.332564517,6050,100993.19,98751.97,100982.48,103843.57,101020.62,100996.14,101002.32,101020.51
14946.353128245,6051,100997.19,98738.84,100999.55,103843.57,101021.67,101005.21,100998.31,101016.5
14946.373608456,6052,100992.13,98737.8,100990.5,103834.47,101024.82,101005.21,101001.26,101020.51
14946.394213045,6053,100994.26,98735.85,100983.52,103846.47,101024.82,101005.21,100994.29,101011.46
14946.4147025,6054,101001.18,98747.94,100982.48,103838.47,101023.77,101006.27,101010.36,101016.5
14946.439042933,6055,101001.18,98745.86,100998.51,103842.47,101024.82,100997.2,101006.34,101009.53
14946.459517516,6056,100994.26,98731.81,100982.48,103848.66,101014.68,101005.21,101011.43,101011.46
14946.480135625,6057,100993.19,98745.86,100998.51,103848.66,101026.74,101005.21,101011.43,101020.51
14946.50059854,6058,100987.33,98731.81,100989.46,103843.57,101028.84,100997.2,101004.45,101016.5
14946.521151962,6059,100980.14,98737.8,100982.48,103842.47,101018.7,101005.21,101004.45,101021.41
14946.541760547,6060,101002.25,98746.9,100987.52,103840.66,101024.82,101005.21,100991.33,101018.44
14946.562718972,6061,100990.26,98738.84,100983.52,103830.47,101023.77,100995.31,101011.43,101019.47
14946.586401279,6062,100993.19,98729.74,100973.43,103847.56,101022.72,101002.04,101011.43,101017.54
14946.607037577,6063,100994.26,98745.86,101000.58,103840.66,101013.63,100994.25,100995.35,101007.46
14946.627469624,6064,100989.2,98739.88,100976.54,103838.47,101013.63,100992.13,101003.39,101007.46
14946.648460829,6065,100996.12,98729.74,100982.48,103836.66,101013.63,100994.25,100995.35,101020.51
14946.668628857,6066,101000.12,98737.8,100983.52,103842.47,101020.8,101006.27,100998.31,101015.47
14946.689279546,6067,100988.13,98747.94,100978.47,103845.38,101022.72,101008.16,101007.41,101015.47
14946.710071378,6068,100990.26,98743.91,100978.47,103842.09,101023.77,101004.16,100999.37,101013.4
14946.73034082,6069,101008.11,98738.84,100994.5,103841.76,101027.79,101006.27,101011.43,101019.47
14946.754058882,6070,100986.27,98749.9,100994.5,103846.47,101020.8,100997.2,101012.49,101006.42
14946.77634104,6071,100990.26,98730.78,100983.52,103840.66,101023.77,100990.24,100997.24,101017.4
14946.795488354,6072,100992.13,98747.94,100982.48,103838.47,101019.75,100997.2,101003.39,101004.49
14946.816177821,6073,100994.26,98739.88,100978.47,103844.66,101023.77,101004.16,100999.37,101007.46
14946.836678833,6074,100993.19,98730.78,100992.43,103847.56,101015.74,101000.15,101001.26,101015.47
14946.85713619,6075,100995.32,98749.9,100990.5,103838.47,101012.77,101004.16,101007.41,101023.48
14946.877626716,6076,100997.19,98738.84,100982.48,103848.66,101024.82,101009.22,101007.41,101008.49
14946.898334942,6077,101000.12,98731.81,100974.47,103842.47,101014.68,101006.27,100997.24,101013.53
14946.922101648,6078,101001.18,98738.84,100991.53,103839.57,101017.65,100997.2,100994.29,101016.5
14946.943052481,6079,100993.19,98734.81,100982.48,103848.66,101024.82,101005.21,101002.32,101015.47
14946.963100698,6080,100995.32,98743.91,100982.48,103852.66,101020.8,101001.21,101001.26,101007.46
14946.984172795,6081,100996.39,98745.98,100976.4,103842.47,101012.77,101000.15,101011.43,101008.49
14947.004587677,6082,100993.19,98731.81,100998.51,103843.57,101023.77,101008.39,100989.21,101000.48
14947.025193367,6083,100992.13,98731.81,100983.52,103847.56,101005.6,100995.31,101002.32,101023.48
14947.047269414,6084,100992.13,98745.86,100986.49,103848.66,101023.77,100996.14,101005.28,101007.46
14947.0663195,6085,100990.26,98747.94,100982.48,103842.47,101023.77,101004.16,101008.23,101016.5
14947.090019414,6086,100994.26,98731.81,100983.52,103841.38,101014.68,101007.33,101005.28,101009.53
14947.110534618,6087,100994.26,98747.94,100982.48,103839.57,101024.82,100996.14,101001.26,101012.5
14947.131209944,6088,100994.26,98735.85,100979.51,103863.56,101016.79,101004.16,100993.22,101011.46
14947.152147528,6089,100989.2,98739.88,100984.42,103846.47,101021.67,101006.27,100998.31,101009.39
14947.172137456,6090,100997.19,98739.88,100982.48,103852.66,101018.7,101001.21,100994.29,101009.53
14947.193441774,6091,100993.19,98730.78,100978.47,103834.47,101014.68,101001.21,101001.26,101013.53
14947.213241365,6092,100988.13,98743.91,100978.47,103838.47,101016.79,100993.19,100998.31,101019.47
14947.234310848,6093,100999.32,98731.81,100982.48,103846.47,101022.72,101001.21,101002.32,101015.47
14947.258072626,6094,100994.26,98741.83,100978.47,103846.47,101022.72,101008.39,101002.32,101017.54
14947.278541069,6095,100990.26,98747.94,100999.55,103839.57,101022.72,100989.18,100999.37,101017.54
14947.29907466,6096,100993.19,98739.88,100990.5,103846.47,101014.68,100994.25,100997.24,101011.46
14947.319574241,6097,100992.13,98731.81,100998.51,103850.47,101014.68,100992.13,100995.35,101012.5
14947.34081366,6098,101001.18,98739.88,100982.48,103842.47,101030.75,100996.14,101010.36,101016.5
14947.36077131,6099,100986.27,98737.8,100990.5,103850.47,101024.82,101006.27,101001.26,101007.46
14947.381318823,6100,101003.31,98738.84,100978.34,103837.38,101007.7,101008.16,101001.26,101008.49
14947.402274253,6101,100988.13,98731.81,100982.48,103848.66,101024.82,100997.2,101005.28,101013.53
14947.426026727,6102,100987.33,98741.83,100985.45,103844.28,101018.7,101001.21,100999.37,101005.52
14947.446494058,6103,100993.19,98727.78,100981.45,103849.37,101023.77,101012.17,100998.31,101020.51
14947.467109664,6104,101002.25,98745.86,100983.52,103847.56,101022.72,101009.22,101002.32,101020.51
14947.487585248,6105,100999.32,98739.88,101000.45,103846.47,101010.67,101003.33,101015.44,101006.42
14947.508262457,6106,100986.27,98748.98,100993.47,103848.66,101024.82,101002.27,101002.32,101003.45
14947.528656708,6107,101000.12,98730.78,100983.52,103843.57,101023.77,101002.27,100993.22,101012.5
14947.54964659,6108,100989.2,98729.74,100996.44,103838.47,101021.67,101004.16,101009.3,101009.39
14947.569764753,6109,100997.19,98726.74,100978.47,103842.47,101021.85,100990.24,100999.37,101011.46
14947.594051275,6110,100992.13,98731.81,100993.6,103840.66,101013.63,101004.16,100990.27,101019.47
14947.614485296,6111,100989.2,98745.86,100994.5,103855.56,101022.72,100998.03,100994.29,101023.48
14947.636151872,6112,100993.19,98741.83,100983.52,103846.47,101022.72,100988.12,101001.26,101007.46
14947.655783328,6113,101002.25,98743.91,100982.48,103837.38,101026.74,101003.1,101005.28,100999.45
14947.676979273,6114,100992.13,98743.91,100984.55,103854.47,101022.72,100991.07,101011.43,101012.5
14947.696872004,6115,100996.12,98741.83,100988.56,103847.56,101013.63,101005.21,101002.32,101015.47
14947.717255368,6116,100984.14,98750.02,100986.49,103854.47,101009.62,100994.25,101009.3,101006.42
14947.737984976,6117,100993.19,98742.87,100974.47,103842.47,101022.72,101005.21,100998.31,101007.46
14947.762070104,6118,101000.12,98730.78,100988.56,103847.19,101014.68,101004.16,101009.3,101015.47
14947.782607281,6119,100994.26,98741.83,100994.5,103846.47,101015.74,101008.16,100997.24,101015.47
14947.80321835,6120,100997.19,98743.91,100986.49,103854.47,101024.82,101001.21,100996.18,101017.54
14947.82380355,6121,101010.24,98742.87,100994.5,103846.47,101011.72,101004.16,101002.32,101009.53
14947.844406286,6122,100989.2,98739.88,100982.48,103833.38,101017.84,100997.2,101002.32,101019.47
14947.864756029,6123,100998.25,98732.85,100998.51,103838.47,101011.72,101000.15,100993.22,101007.46
14947.885279686,6124,100993.19,98729.74,100986.49,103837.38,101020.8,100994.02,100995.11,101015.47
14947.909435811,6125,100990.26,98741.83,100998.51,103841.38,101021.67,101004.16,101006.34,101009.53
14947.930062083,6126,100993.19,98729.74,100983.52,103846.47,101016.79,101003.1,100997.24,101009.53
14947.950753373,6127,100990.26,98751.97,100998.51,103850.47,101016.6,100996.14,101009.3,101009.53
14947.971199833,6128,100986.27,98738.84,101000.58,103842.47,101006.65,101006.27,100984.12,101011.46
14947.991608656,6129,100994.26,98747.94,100986.49,103853.37,101024.82,100997.2,101003.39,101015.47
14948.012188778,6130,100994.26,98740.91,100978.47,103846.47,101024.82,100999.09,101003.39,101008.49
14948.032692093,6131,100996.39,98746.9,100975.5,103838.47,101024.82,100992.13,101011.43,101008.49
14948.053358105,6132,100988.13,98742.87,100986.49,103847.56,101024.82,101009.22,101006.34,101009.53
14948.077448952,6133,100993.19,98747.94,100979.51,103852.66,101023.77,101006.27,100998.31,101003.45
14948.09810578,6134,100999.32,98742.87,100991.53,103847.56,101013.63,101008.16,100997.24,101007.46
14948.11818261,6135,101002.25,98741.83,100978.47,103842.47,101012.58,100999.09,100998.31,101007.46
14948.139174846,6136,100998.25,98745.86,100982.48,103846.47,101015.74,101000.15,101003.39,101016.5
14948.159785594,6137,101002.25,98746.9,100999.55,103846.47,101012.58,101000.15,100997.24,101019.47
14948.180377324,6138,100993.19,98733.77,100983.52,103846.47,101016.79,101008.16,101002.32,101016.5
14948.200750372,6139,100988.13,98731.81,101007.56,103846.47,101014.68,101005.21,100995.35,101013.53
14948.222722802,6140,100997.19,98739.88,100982.48,103841.38,101023.77,100998.26,100998.31,101015.47
14948.24505758,6141,100995.32,98746.9,100980.55,103846.47,101015.74,101005.21,101007.41,101017.54
14948.266110407,6142,100986.27,98746.9,100982.48,103840.28,101017.84,100994.02,101002.32,101011.46
14948.286092584,6143,100993.19,98743.91,100994.5,103847.56,101028.84,100998.26,101005.28,101016.5
14948.308127018,6144,100993.19,98745.86,100990.5,103838.47,101022.72,100984.11,100999.37,101025.55
14948.327684972,6145,100985.2,98746.9,100981.45,103842.47,101027.79,100999.32,101010.36,101006.42
14948.348234728,6146,100994.26,98749.9,100991.53,103842.47,101027.79,100999.09,101006.34,101003.45
14948.368800138,6147,100992.39,98746.9,100982.48,103839.57,101023.77,100991.07,100988.14,101011.46
14948.389336674,6148,101006.24,98743.91,100988.42,103846.47,101011.53,100990.24,101002.32,101015.47
14948.413065653,6149,100998.25,98747.94,100983.52,103845.38,101024.82,101012.17,101004.21,101007.46
14948.433492853,6150,100993.19,98743.91,101007.56,103840.28,101014.68,101002.27,100997.24,101007.46
14948.454145404,6151,100992.13,98745.98,100983.52,103856.66,101012.77,101007.33,101007.41,101015.47
14948.475192403,6152,101001.18,98730.78,100987.52,103850.47,101023.77,101001.21,101001.26,101016.5
14948.495278558,6153,100985.2,98745.86,100982.48,103845.38,101022.72,101004.16,101011.43,101011.46
14948.516218514,6154,100992.13,98742.87,100987.52,103849.37,101018.7,101006.04,101003.39,101015.47
14948.536348054,6155,100994.26,98745.98,100979.51,103846.47,101020.8,101005.21,101005.28,101008.49
14948.557302843,6156,101002.25,98742.87,100982.48,103850.47,101021.67,101001.21,101002.32,101017.4
14948.581113145,6157,101000.12,98745.86,100998.51,103840.28,101016.6,101005.21,101002.32,101016.5
14948.601568137,6158,100993.19,98729.74,100991.53,103846.47,101008.75,101009.22,101001.26,101007.46
14948.622127598,6159,100996.12,98751.97,100984.55,103850.47,101024.82,101004.16,100999.37,101016.5
14948.642633878,6160,100986.27,98735.85,100980.41,103846.47,101022.72,100998.26,101005.28,101019.47
14948.663236975,6161,100984.14,98730.78,100982.48,103840.28,101012.77,101000.15,100993.22,101007.46
14948.683828574,6162,100991.06,98747.94,100995.54,103842.47,101022.72,101004.16,100992.16,101015.47
14948.704322816,6163,100992.13,98741.83,100999.55,103842.09,101022.72,100994.02,101008.23,101014.43
14948.726247113,6164,100984.14,98729.74,100982.48,103841.38,101014.68,101006.27,100995.35,101007.46
14948.749091352,6165,100986.27,98741.83,100975.5,103845.38,101014.68,100998.26,101001.26,101014.43
14948.769561588,6166,101002.25,98742.87,100982.48,103841.38,101019.75,101012.17,101005.28,101007.46
14948.79012823,6167,100992.13,98740.8,100997.47,103850.47,101022.72,100999.09,101010.36,101005.52
14948.810607689,6168,101000.12,98738.84,100974.47,103845.38,101015.74,100998.26,100993.22,101015.47
14948.831201612,6169,100996.39,98729.74,100983.52,103846.47,101014.68,100996.14,100995.35,101008.49
14948.851822906,6170,100997.19,98745.98,100994.5,103841.38,101006.65,101000.15,101003.39,101008.49
14948.872344159,6171,100990.26,98741.83,100983.52,103842.47,101023.77,100990.24,100996.18,101017.54
14948.892776137,6172,100997.19,98732.73,100982.48,103846.47,101014.68,100993.19,100995.35,101003.45
14948.917079815,6173,101001.18,98741.83,100988.56,103846.47,101023.77,101000.15,101001.26,101008.49
14948.937583211,6174,101002.25,98739.88,100982.48,103846.47,101024.82,101002.04,100997.24,100999.45
14948.958188812,6175,101001.18,98737.8,100986.49,103844.28,101023.77,101004.16,100995.11,101007.46
14948.978645537,6176,100986.27,98751.97,100982.48,103846.47,101013.63,101002.04,101004.21,101003.45
14948.999205258,6177,100989.2,98753.93,100986.49,103846.47,101023.77,100995.08,101002.32,101011.46
14949.019761664,6178,100995.06,98738.84,100978.47,103844.28,101018.7,101000.15,100994.29,101003.45
14949.04039748,6179,100997.19,98747.94,100994.5,103846.47,101022.72,101004.16,101003.39,101017.54
14949.060768055,6180,100996.12,98747.94,100987.52,103846.47,101023.77,101007.33,100994.29,101014.43
14949.085119345,6181,100993.19,98745.86,100990.5,103845.38,101023.77,100999.09,101007.41,101018.58
14949.105511633,6182,100986.27,98739.88,100982.48,103845.38,101019.75,101005.21,101012.49,101019.47
14949.126264727,6183,100994.26,98730.78,100998.51,103846.47,101010.67,100996.14,101001.26,101014.43
14949.146651887,6184,100994.26,98742.87,100984.55,103850.47,101018.7,101002.27,101009.3,101003.45
14949.167202815,6185,100992.13,98749.9,100986.49,103846.47,101015.74,101005.21,101004.21,101014.43
14949.187716066,6186,100994.26,98737.8,100979.51,103850.47,101017.65,100997.2,101012.49,101011.46
14949.208303178,6187,100996.12,98746.9,100982.48,103846.47,101019.75,101007.1,100995.35,101007.46
14949.232478111,6188,101001.18,98738.84,100995.54,103844.28,101020.62,101000.15,100998.31,101013.53
14949.253097713,6189,100986.27,98742.87,100998.51,103843.19,101023.77,101002.04,100994.29,101013.53
14949.273619217,6190,101001.18,98730.78,100990.5,103854.47,101014.68,101003.1,101006.34,101017.54
14949.294351729,6191,100998.25,98743.91,100990.5,103846.47,101018.7,100996.14,101009.3,101007.46
14949.314829496,6192,100994.26,98730.78,100980.41,103850.47,101010.67,100996.14,100994.29,101007.46
14949.335342887,6193,100988.13,98725.71,100995.54,103845.38,101009.62,100998.03,100995.35,100997.38
14949.355703236,6194,101001.18,98740.8,100986.49,103846.47,101014.68,100994.02,101003.39,101015.47
14949.376307174,6195,100985.2,98750.93,100982.48,103843.57,101016.79,101003.33,101005.28,101011.46
14949.400135633,6196,100993.19,98741.83,100987.52,103845.38,101015.74,101008.16,101009.3,101016.5
14949.421089641,6197,101002.25,98739.88,100986.49,103842.09,101019.75,100997.2,101003.39,101010.56
14949.44164125,6198,101000.12,98738.84,100986.49,103846.47,101020.62,101006.27,101010.36,101008.49
14949.462261663,6199,101006.24,98730.78,100979.51,103842.47,101022.72,101009.22,101001.26,101011.46
14949.482654902,6200,100984.14,98739.88,100998.51,103842.47,101012.77,101000.15,101002.32,101011.46
14949.503343478,6201,101003.31,98753.93,100995.54,103844.28,101016.79,101005.21,101001.26,101011.46
14949.523756347,6202,100994.26,98739.88,100982.48,103843.19,101026.92,100995.08,100997.24,101009.53
14949.544367936,6203,101001.18,98738.84,100987.52,103844.28,101030.75,101004.16,101001.26,101015.47
14949.568094361,6204,100992.13,98737.8,100994.5,103850.47,101024.82,101000.15,101009.3,101009.53
14949.589693455,6205,100993.19,98742.87,100992.57,103838.09,101007.7,100996.97,101010.36,101007.46
14949.609151168,6206,101002.25,98750.93,100986.49,103842.09,101012.58,101002.04,101000.2,101009.53
14949.630269956,6207,100994.26,98746.9,100972.39,103837.38,101021.67,100996.14,101005.28,101011.46
14949.650452596,6208,100984.14,98737.8,100997.47,103844.28,101019.57,101005.21,101002.32,101007.46
14949.671226001,6209,100990.26,98729.86,100990.5,103842.47,101007.7,101005.21,101001.26,101009.53
14949.69190345,6210,100988.13,98746.9,100984.55,103858.47,101020.62,100994.02,101002.32,101017.54
14949.712485084,6211,101002.25,98747.94,100974.47,103858.47,101017.65,100996.14,101003.39,101017.54
14949.736081211,6212,100981.21,98747.94,100982.48,103846.47,101012.77,101005.21,101002.32,101019.47
14949.756538928,6213,100995.06,98737.8,100998.51,103850.09,101007.7,101006.27,101004.45,101006.42
14949.777295447,6214,101002.25,98746.9,100988.42,103853.37,101024.63,101003.1,101009.3,101011.46
14949.798182734,6215,101001.18,98741.83,100998.51,103838.09,101010.67,100996.14,101002.32,101017.54
14949.818247956,6216,100993.19,98739.88,100991.53,103846.47,101012.58,101009.22,101005.28,101007.46
14949.841958096,6217,101002.25,98741.83,100995.54,103846.47,101005.6,101005.21,101006.34,101015.47
14949.859383553,6218,100994.26,98750.93,100994.5,103844.28,101023.77,101005.21,101007.41,101007.46
14949.880354397,6219,100998.25,98745.86,100997.47,103852.28,101013.63,101000.15,100998.31,101011.46
14949.90408653,6220,101001.18,98725.71,100991.53,103846.09,101020.8,101006.27,100993.22,101017.54
14949.924531056,6221,100997.19,98745.86,100999.55,103850.47,101016.79,100993.19,100999.37,101015.47
14949.94727893,6222,100990.26,98751.97,100982.48,103846.47,101019.75,101000.15,101002.32,101009.39
14949.965646732,6223,100985.2,98747.94,100988.56,103842.47,101023.77,100993.19,101001.26,101015.47
14949.986311002,6224,101001.18,98742.87,100974.47,103845.38,101012.77,100997.2,100998.31,101017.54
14950.007366223,6225,100988.13,98737.8,100982.48,103842.09,101010.67,101005.21,101005.28,101011.46
14950.028380272,6226,100993.19,98729.74,100980.41,103844.28,101022.72,101004.16,100997.24,101015.47
14950.048563734,6227,100987.07,98737.8,100984.55,103846.47,101023.77,101000.15,101006.34,101007.46
14950.072104567,6228,100992.13,98750.93,100982.48,103841.38,101012.58,101002.04,100993.22,101018.44
14950.092600682,6229,100988.13,98747.94,100990.5,103845.38,101020.62,101004.16,101000.2,101009.53
14950.113230179,6230,100992.13,98737.8,100983.52,103846.47,101023.77,101006.27,100999.37,101007.46
14950.1342066,6231,101000.12,98745.86,100988.42,103837.38,101025.68,101006.04,100997.24,101011.46
14950.15432936,6232,100996.12,98753.93,100983.52,103844.28,101023.77,101002.04,100993.22,101012.5
14950.174807207,6233,100992.13,98729.74,100986.49,103854.47,101023.77,101006.27,101002.32,101011.46
14950.195543456,6234,100987.07,98738.84,100990.5,103848.28,101022.72,100997.2,101001.26,101008.49
14950.215939308,6235,100984.14,98741.83,100994.5,103848.28,101017.65,101013.23,101000.2,100999.45
14950.240102734,6236,101004.11,98742.87,100996.44,103846.47,101018.7,101004.16,100997.24,101003.45
14950.260622485,6237,101002.25,98737.8,100978.47,103850.47,101019.75,101004.16,100998.31,101011.46
14950.281207454,6238,100989.2,98750.93,100982.48,103846.47,101016.79,100997.2,100997.24,100997.38
14950.301708917,6239,101001.18,98748.86,100977.44,103846.09,101010.67,100997.2,101015.44,101006.42
14950.322273906,6240,100996.12,98746.9,100978.47,103840.28,101022.72,101004.16,101017.33,101011.46
14950.34275583,6241,100980.14,98750.93,100977.44,103846.47,101023.77,101006.27,101001.26,101012.5
14950.363390905,6242,100992.13,98749.9,100982.48,103846.47,101015.74,100996.14,100992.16,101016.5
14950.387504355,6243,100998.25,98743.91,100999.55,103844.28,101010.67,100997.2,100993.22,101017.54
14950.408116145,6244,101001.18,98745.86,101002.52,103850.47,101007.7,101014.29,101002.32,101017.54
14950.428575123,6245,100993.19,98747.94,100993.47,103846.47,101024.82,101000.15,100993.22,101016.5
14950.449201405,6246,100993.19,98738.84,100974.47,103838.47,101015.74,101006.27,101001.26,101007.46
14950.46969134,6247,100992.13,98741.83,100994.5,103842.09,101022.72,101004.16,101001.26,101006.42
14950.4902371,6248,100997.19,98747.94,100983.52,103846.47,101018.7,101005.21,101005.28,101011.46
14950.510734427,6249,100992.13,98739.88,100985.45,103846.47,101011.72,101006.27,101000.2,101019.47
14950.53140768,6250,101000.12,98737.8,100993.47,103850.47,101028.84,101001.21,100992.16,101007.46
14950.555499497,6251,100992.13,98729.74,100978.47,103854.47,101022.91,101009.22,100997.24,101013.53
14950.578098796,6252,100988.13,98747.94,100982.48,103841.38,101018.51,101002.27,101001.26,101007.46
14950.596569494,6253,100986.27,98746.9,100988.42,103849.37,101019.75,101009.22,100998.31,100999.45
14950.617412705,6254,100986.27,98745.86,100978.47,103837.38,101016.79,100997.2,101001.26,101008.49
14950.637795418,6255,100994.26,98741.83,100982.48,103846.47,101010.67,101005.21,100994.29,101008.49
14950.658433998,6256,100996.12,98744.83,100993.47,103854.47,101023.77,101010.28,101006.34,101004.49
14950.678884925,6257,100994.26,98745.86,100986.49,103846.47,101009.62,100999.32,101006.34,101011.46
14950.699584718,6258,100994.26,98749.9,100985.45,103845.38,101022.72,101004.16,101001.26,101003.45
14950.723533959,6259,100994.26,98737.8,100990.5,103844.28,101024.82,101007.1,101011.43,101011.46
14950.744179891,6260,100992.13,98741.83,101006.53,103845.38,101011.72,100992.13,101003.39,101011.46
14950.764588553,6261,101001.18,98745.86,100986.49,103854.47,101016.79,101002.27,101009.3,101012.5
14950.785320615,6262,100992.13,98746.9,100984.42,103842.47,101024.82,101004.16,101001.26,101007.46
14950.805861268,6263,100988.13,98728.7,100988.56,103830.47,101010.67,101000.15,101005.28,101007.46
14950.826278102,6264,101000.12,98737.8,100982.48,103845.38,101021.67,101000.15,100997.24,101007.46
14950.846931004,6265,100993.19,98747.94,100981.45,103842.09,101023.77,100997.2,100993.22,101010.43
14950.867430234,6266,100993.19,98737.8,100991.53,103846.47,101021.67,100999.32,100997.24,101016.5
14950.891146813,6267,101000.12,98741.83,100983.52,103842.09,101015.74,100993.19,101001.26,101015.47
14950.912128693,6268,101001.18,98728.7,100980.41,103846.47,101010.67,101007.33,101000.2,101009.53
14950.932173335,6269,100988.13,98737.8,100980.41,103846.47,101019.75,101002.27,101007.17,101011.46
14950.953412024,6270,100985.2,98741.83,100984.42,103845.38,101018.51,100997.2,100999.13,101014.43
14950.973914388,6271,101002.25,98741.83,100988.42,103838.09,101023.77,101001.21,101001.26,101007.46
14950.994555853,6272,100994.26,98747.94,100982.48,103845.38,101021.67,100997.2,100992.16,101016.5
14951.014420431,6273,101000.12,98741.83,100990.5,103847.19,101018.7,101012.17,101005.28,101017.54
14951.035317493,6274,101000.12,98740.8,100982.48,103844.28,101019.75,101001.21,101000.2,101008.49
14951.05912513,6275,100985.2,98741.83,100981.45,103846.47,101016.79,100990.24,101005.28,101007.46
14951.080206932,6276,100988.13,98737.8,100986.49,103842.47,101014.68,101004.16,101001.26,101007.46
14951.100198813,6277,100988.13,98741.83,100982.48,103834.09,101015.74,100996.14,101006.34,101015.47
14951.122088928,6278,101001.18,98735.73,100978.47,103838.09,101024.82,101009.22,101003.15,101007.46
14951.141720214,6279,100993.19,98737.8,100987.52,103844.28,101022.72,101005.21,100994.29,101011.46
14951.16246153,6280,100988.13,98737.8,100982.48,103843.19,101017.65,100998.26,100999.13,101017.54
14951.182556978,6281,100993.19,98747.94,100990.5,103846.47,101013.63,101005.21,100992.16,101009.53
14951.203291163,6282,101002.25,98744.83,100985.45,103846.47,101013.63,101013.23,101001.26,101008.49
14951.2271516,6283,100989.2,98737.8,100980.41,103850.47,101022.72,100996.14,101001.26,101008.49
14951.247601215,6284,100990.26,98744.83,100998.51,103842.47,101021.67,101000.15,101005.28,101007.46
14951.268248709,6285,101002.25,98749.9,100980.41,103846.47,101019.75,101001.21,101001.26,101017.54
14951.288744062,6286,101000.12,98729.74,100982.48,103846.47,101017.65,101004.16,101001.26,101009.53
14951.309332847,6287,100990.26,98743.91,100993.47,103846.47,101015.74,101008.16,101001.26,101015.47
14951.33055398,6288,101001.18,98737.8,100997.47,103829.38,101014.68,100998.03,101003.39,101003.45
14951.350503427,6289,101001.18,98735.73,100982.48,103846.47,101006.65,100988.12,100997.24,101011.46
14951.37173835,6290,101001.18,98737.8,100977.44,103848.28,101016.79,100998.03,100999.13,101003.45
14951.395141485,6291,101001.18,98736.76,100994.5,103839.57,101015.74,100998.03,101001.26,101015.47
14951.415587964,6292,100993.19,98743.91,100980.41,103845.38,101023.77,101009.22,100993.22,101011.46
14951.436259565,6293,100989.2,98744.83,100982.48,103845.38,101030.75,101002.04,101003.39,100999.45
14951.456692574,6294,100981.21,98725.71,100994.5,103845.38,101016.6,101009.22,101010.36,100998.41
14951.477336703,6295,100988.13,98740.8,100997.47,103833.38,101028.84,101003.1,101001.26,101012.5
14951.497838125,6296,100997.19,98733.77,100982.48,103846.09,101022.72,100998.26,100999.13,101013.53
14951.518399419,6297,101002.25,98739.76,100999.55,103838.47,101022.72,100998.03,101005.28,101016.5
14951.538859078,6298,100990.26,98745.86,100984.55,103844.28,101022.72,101004.16,101001.26,101009.53
14951.563167824,6299,100989.2,98745.86,100982.48,103836.28,101020.8,100997.2,101001.26,101007.46
14951.583595225,6300,100988.13,98735.73,100991.53,103844.28,101006.65,100988.95,101002.32,101016.5
14951.604219173,6301,100993.19,98737.8,100986.49,103842.47,101017.65,101008.39,101003.39,101008.49
14951.624702669,6302,100997.19,98741.83,100992.43,103843.19,101028.84,101007.1,101010.36,101008.49
14951.645364735,6303,100991.06,98749.9,100974.47,103851.18,101016.6,101005.21,101009.3,101015.47
14951.665865066,6304,101001.18,98736.76,100983.52,103844.28,101012.58,100992.13,100997.24,101008.49
14951.686390095,6305,100994.26,98737.8,100984.55,103842.09,101022.72,101007.33,100991.33,101017.54
14951.710533119,6306,100988.13,98741.83,100986.49,103846.47,101022.72,101004.16,101011.43,101015.47
14951.731209587,6307,100985.2,98741.83,100978.47,103838.47,101013.63,100998.03,100994.29,101008.49
14951.751685752,6308,100994.26,98743.79,100974.47,103843.19,101018.7,100995.08,100995.11,101007.46
14951.7722566,6309,101002.25,98735.73,100990.5,103843.19,101018.7,100997.2,101011.43,101009.53
14951.792713835,6310,100996.12,98735.73,100978.47,103850.09,101018.7,101006.27,100997.24,101009.53
14951.81332889,6311,101000.12,98735.73,100985.45,103842.09,101015.74,100993.19,101001.26,101022.44
14951.833931576,6312,100992.13,98743.79,100988.42,103853.37,101020.62,101002.27,100993.22,101003.45
14951.854511057,6313,101001.18,98742.87,100983.52,103845.38,101014.68,100992.13,101001.26,101025.55
14951.878546049,6314,100988.13,98737.8,100984.55,103839.19,101022.72,101000.15,101001.26,101012.5
14951.899180382,6315,100980.14,98737.8,100986.49,103842.09,101010.67,100988.12,101002.32,101012.5
14951.919605339,6316,100999.05,98737.8,100996.58,103843.19,101015.74,101004.16,101001.26,101007.46
14951.940273635,6317,100992.13,98729.74,100991.53,103838.47,101018.7,101004.16,100996.18,101013.53
14951.960741657,6318,100999.05,98735.73,100988.56,103846.47,101012.58,101009.22,100997.24,101014.43
14951.981317102,6319,100993.19,98744.83,100991.53,103846.47,101024.82,100994.25,101001.26,101009.53
14952.002954324,6320,101000.12,98749.9,100978.47,103845.38,101023.77,101005.21,101001.26,101007.46
14952.022382352,6321,100992.13,98735.73,100980.55,103840.28,101012.77,100998.26,101003.39,101015.47
14952.046570285,6322,100992.13,98734.81,100988.56,103829.38,101013.63,100988.12,101002.32,101011.46
14952.067179501,6323,101000.12,98735.73,100982.48,103850.09,101019.57,101004.16,100996.18,101011.46
14952.087642456,6324,100992.13,98735.73,100990.5,103842.47,101023.77,101000.15,101001.26,101001.52
14952.108255016,6325,100994.26,98741.83,100984.55,103846.09,101016.79,101004.16,101001.26,101017.54
14952.128739423,6326,100993.19,98739.76,100983.52,103844.28,101009.62,101004.16,100998.31,101007.46
14952.149431775,6327,101000.12,98745.86,100998.51,103838.47,101015.74,100998.26,100994.29,101014.57
14952.169883583,6328,100992.13,98733.77,100987.52,103846.09,101032.86,101003.33,101001.26,101000.48
14952.190507411,6329,100994.26,98739.76,100994.5,103847.19,101023.77,101006.27,100999.13,101015.47
14952.214165552,6330,100992.13,98741.83,100982.48,103845.38,101024.82,100993.19,100989.21,100999.45
14952.235167292,6331,100989.2,98727.66,100977.44,103837.38,101015.74,100994.02,101001.26,101007.46
14952.255296171,6332,100983.07,98745.86,100994.5,103843.19,101026.74,100996.14,100999.13,101012.5
14952.276345062,6333,100991.33,98728.7,100972.39,103846.09,101022.72,100994.02,100993.22,101011.46
14952.296345787,6334,100984.14,98736.76,100998.51,103843.19,101014.68,100996.14,101001.26,101011.46
14952.317351002,6335,100992.13,98727.66,100989.46,103842.47,101014.68,101005.21,100997.24,101007.46
14952.33775022,6336,101000.12,98736.76,100986.49,103846.47,101023.77,100998.26,101002.32,101007.46
14952.359268843,6337,100992.13,98739.76,100997.47,103835.19,101015.74,101006.27,101001.26,101007.46
14952.382157099,6338,101001.18,98741.83,100982.48,103861.37,101022.72,101004.16,101001.26,101019.47
14952.403174262,6339,100992.13,98741.83,100983.52,103843.19,101019.75,101006.27,101001.26,101016.5
14952.423285013,6340,100996.12,98746.9,100998.51,103840.28,101022.72,100997.2,101002.32,101019.47
14952.444308767,6341,100997.19,98737.8,100985.45,103837.38,101018.7,101001.21,100996.18,101007.46
14952.464291254,6342,100992.13,98735.73,100974.47,103834.09,101014.68,101000.15,101007.41,101017.54
14952.485333395,6343,101004.11,98732.73,100991.53,103834.09,101014.68,101005.21,100994.29,101017.54
14952.50537374,6344,100994.26,98725.71,100994.5,103842.09,101015.74,101011.11,101004.21,101006.42
14952.526438636,6345,101001.18,98752.89,100991.53,103848.28,101023.77,100990.01,101003.39,101012.5
14952.550172031,6346,100984.14,98727.66,100978.47,103844.28,101024.82,100996.14,100993.22,101010.43
14952.570616437,6347,101002.25,98744.83,100974.47,103837.38,101019.75,100998.03,101003.39,101015.47
14952.591247236,6348,100980.14,98740.8,100994.5,103849.37,101019.75,101013.23,100993.22,101011.46
14952.611763451,6349,101002.25,98727.66,100978.47,103846.47,101008.75,100994.02,100993.22,101007.46
14952.632325926,6350,100988.13,98725.71,101000.58,103844.28,101023.77,100996.14,101003.39,101015.47
14952.653503272,6351,100988.13,98741.83,100990.5,103845.38,101015.74,101012.17,101009.3,101007.46
14952.673460741,6352,100997.19,98739.76,100982.48,103841.38,101021.67,100996.14,101001.26,101015.47
14952.694505827,6353,100986.27,98728.7,100984.55,103844.28,101024.82,101004.16,101003.15,101008.49
14952.718182896,6354,100991.06,98725.71,100978.47,103846.09,101023.77,101012.17,101002.32,101007.46
14952.73867829,6355,100985.2,98745.86,100978.47,103847.19,101015.74,100996.14,101010.36,101006.42
14952.759306445,6356,101002.25,98741.83,100982.48,103844.28,101024.82,100988.12,101005.28,101016.5
14952.7797238,6357,100996.12,98728.7,100983.52,103838.09,101013.63,101004.16,101006.34,101009.53
14952.800343572,6358,100988.13,98740.8,100982.48,103844.28,101024.82,101006.27,100994.29,101007.46
14952.820867949,6359,100990.26,98739.76,100982.48,103845.38,101016.6,101001.21,100994.29,101015.47
14952.841494602,6360,100990.0,98744.83,100985.45,103838.09,101019.75,101002.27,101002.32,101009.53
14952.861869653,6361,100992.13,98741.83,100984.55,103846.47,101024.82,100995.08,101002.32,101008.49
14952.886169536,6362,101000.12,98743.79,100982.48,103850.09,101022.72,101010.28,101004.45,101010.43
14952.90663889,6363,100993.19,98739.76,100982.48,103840.28,101015.74,100998.03,101009.3,101008.49
14952.927293705,6364,100999.05,98745.86,100984.42,103845.38,101023.77,101005.21,100999.37,101011.46
14952.948113039,6365,100985.2,98743.79,100982.48,103835.19,101021.67,101006.27,100999.37,101007.46
14952.968388139,6366,100994.26,98728.7,100994.5,103848.28,101015.74,101002.04,101002.32,101006.56
14952.989041772,6367,100992.13,98736.76,100974.47,103844.28,101014.68,101004.16,101010.36,101007.46
14953.009392877,6368,101001.18,98737.8,100982.48,103847.19,101023.77,101007.33,100997.24,101010.43
14953.033644657,6369,100997.19,98744.83,100986.49,103849.37,101016.6,101006.27,100985.19,101016.5
14953.05421243,6370,100988.13,98736.76,100983.52,103842.47,101010.67,100998.26,101006.34,101004.49
14953.074693662,6371,100992.13,98727.66,100989.46,103853.37,101017.65,100998.26,100998.31,101013.4
14953.095278772,6372,100984.14,98743.79,100982.48,103842.09,101014.68,101006.27,101001.26,101009.53
14953.115870661,6373,100988.13,98736.76,100985.45,103845.38,101021.67,100998.26,101001.26,101011.46
14953.136362159,6374,100994.26,98727.66,100999.55,103842.09,101019.75,100997.2,101002.32,101011.46
14953.156838103,6375,101000.12,98744.83,100978.47,103845.38,101024.63,100995.08,101004.21,101007.46
14953.177365054,6376,100988.13,98739.76,100998.51,103845.38,101010.67,101006.27,101002.32,101009.53
14953.201591756,6377,100997.19,98749.9,100998.51,103848.28,101018.51,101005.21,101005.28,101011.6
14953.222248985,6378,100992.13,98736.76,100994.5,103842.09,101014.68,100994.02,100994.29,101012.5
14953.242749045,6379,101002.25,98735.73,100982.48,103852.28,101016.79,100992.13,101007.41,101006.56
14953.2633378,6380,100992.13,98744.83,100981.45,103846.47,101023.77,100993.19,101011.43,101009.53
14953.283773083,6381,100988.13,98739.76,100990.5,103850.09,101022.72,100997.2,100994.29,101013.53
14953.304334476,6382,100996.12,98740.8,100980.41,103845.38,101014.68,101000.15,101010.36,101012.5
14953.3247837,6383,100988.13,98733.65,100994.5,103842.09,101010.67,101001.21,101005.28,101016.5
14953.345705889,6384,100996.12,98740.8,100990.5,103841.38,101017.65,101005.21,101002.32,101000.48
14953.369624835,6385,100992.13,98740.8,100986.49,103837.38,101021.67,100996.14,101001.26,101009.53
14953.390274222,6386,100998.25,98732.73,100996.44,103837.38,101024.82,100999.09,101002.32,101004.49
14953.41070681,6387,101000.12,98745.86,100973.43,103836.28,101019.75,101004.16,101011.43,100999.45
14953.431278179,6388,101001.18,98741.83,101000.58,103847.56,101023.77,100992.13,101001.26,101009.53
14953.451801485,6389,101000.12,98745.86,100983.52,103850.09,101015.74,101010.28,100999.37,101008.49
14953.472421908,6390,100986.27,98743.79,100987.52,103846.09,101010.67,100996.14,101006.34,101012.5
14953.493098586,6391,100988.13,98738.84,100987.52,103846.47,101023.77,101007.33,101001.26,101006.42
14953.513436912,6392,100990.26,98729.74,100974.47,103834.09,101015.74,101004.16,101005.28,101015.47
14953.53720574,6393,100992.13,98739.76,100997.47,103838.09,101014.68,100999.09,101001.26,101009.53
14953.558315834,6394,100990.26,98741.83,100982.48,103838.09,101012.58,100991.07,100989.21,101005.52
14953.57834366,6395,100996.12,98727.66,100986.49,103838.09,101017.84,100989.18,101002.32,101007.46
14953.599342375,6396,101000.12,98744.83,100990.5,103842.09,101023.77,100992.13,101003.15,100999.45
14953.619491795,6397,100994.26,98746.9,100991.53,103836.28,101019.75,100996.14,100992.16,101016.5
14953.640474286,6398,101002.25,98735.73,100992.57,103842.09,101014.68,100996.14,101007.41,101017.54
14953.662157998,6399,101002.25,98736.76,100979.51,103841.38,101014.68,100994.02,101012.49,101011.6
14953.681465704,6400,100992.13,98720.64,101000.58,103842.09,101023.77,101003.1,100993.22,101003.45
14953.705224367,6401,100992.13,98743.91,100978.47,103844.28,101022.72,101002.04,101005.28,100998.41
14953.726274,6402,100990.26,98743.91,100986.49,103846.09,101028.84,101005.21,100994.29,101007.46
14953.746369358,6403,100992.13,98733.77,100990.5,103834.09,101024.82,101001.21,101009.3,101007.46
14953.767374764,6404,100992.13,98744.83,100999.55,103842.09,101021.67,100999.09,101002.32,100999.45
14953.787372243,6405,100992.13,98739.76,100983.52,103844.28,101018.7,100991.07,101002.32,101011.46
14953.80838475,6406,100996.12,98739.76,100982.48,103846.09,101012.58,101000.15,101008.47,101007.46
14953.828835746,6407,100989.2,98738.84,100990.5,103845.38,101014.68,101007.33,100999.37,101014.43
14953.849435047,6408,100992.13,98741.83,100994.5,103842.09,101006.65,101004.16,101002.32,101017.54
14953.873211066,6409,101002.25,98745.86,100998.51,103845.38,101010.67,101004.16,101001.26,101007.46
14953.893719099,6410,101002.25,98737.8,100982.48,103849.37,101021.67,101004.16,101001.26,101003.45
14953.914277478,6411,100984.14,98746.9,100982.48,103838.09,101014.68,101005.21,100994.29,101009.53
14953.934792992,6412,100984.14,98739.76,100998.51,103840.28,101009.62,101005.21,100993.22,101008.49
14953.955375968,6413,100992.13,98749.9,100998.51,103851.18,101018.7,100994.02,100993.22,101017.54
14953.976440994,6414,101000.12,98736.76,100982.48,103842.09,101012.58,100995.08,101001.26,101007.46
14953.99636984,6415,100988.13,98737.8,100982.48,103843.19,101024.82,101002.04,101001.26,101012.5
14954.018124109,6416,100992.13,98749.9,100984.55,103848.28,101024.82,101001.21,100994.29,101007.46
14954.041277055,6417,100989.2,98739.76,100994.5,103842.09,101016.79,101002.04,100999.37,101009.53
14954.061750235,6418,101000.12,98737.8,100978.47,103849.37,101017.84,101004.16,101002.32,101007.46
14954.082294292,6419,100984.14,98741.83,100980.41,103850.47,101016.79,100994.02,101010.36,101010.43
14954.10299716,6420,100994.26,98736.76,100990.5,103845.38,101020.8,100988.12,101003.39,101007.46
14954.12354306,6421,100984.14,98735.73,100999.55,103848.28,101007.7,100998.03,101002.32,101003.45
14954.143909188,6422,100989.2,98740.8,100976.54,103842.09,101024.82,100993.19,100998.31,101009.53
14954.164510482,6423,100992.13,98743.79,100982.48,103827.19,101024.82,101005.21,101001.26,101001.52
14954.188618324,6424,100984.14,98747.94,100983.52,103838.47,101013.63,101004.16,101005.28,101008.49
14954.20922096,6425,101001.18,98734.81,100998.51,103838.09,101010.67,101012.17,101002.32,101010.43
14954.229658506,6426,100984.14,98741.83,100984.55,103844.28,101024.82,100996.14,100998.31,101017.54
14954.250307181,6427,101001.18,98741.83,100976.54,103846.47,101018.7,100995.08,100994.29,101008.49
14954.270836486,6428,100993.19,98740.8,100982.62,103853.37,101013.63,101006.04,101006.34,101008.49
14954.291488376,6429,100990.0,98737.8,100978.47,103846.47,101018.7,101005.21,101001.26,101007.46
14954.313008401,6430,101000.12,98740.8,100998.51,103845.38,101003.68,100995.08,101002.32,101003.45
14954.332487546,6431,100997.19,98736.76,100982.48,103846.09,101015.74,101011.11,101006.34,101015.47
14954.356593405,6432,100988.13,98741.83,100982.48,103854.47,101011.72,101004.16,100989.21,101012.5
14954.377261119,6433,100987.07,98751.85,100980.41,103854.47,101017.84,101007.1,101002.32,101019.47
14954.397709051,6434,100989.2,98745.86,100986.49,103844.28,101012.77,100996.14,101000.2,101012.5
14954.418348202,6435,100994.26,98745.86,100981.45,103861.37,101030.75,101008.16,100996.18,101012.5
14954.44014797,6436,100999.05,98729.74,100983.52,103849.37,101013.63,101000.15,100995.35,101015.47
14954.459379951,6437,100992.13,98735.73,100993.47,103846.09,101023.77,100996.14,101001.26,101009.53
14954.479992131,6438,100992.13,98736.76,100982.48,103842.09,101011.72,100997.2,101002.32,101007.46
14954.500460023,6439,100982.01,98744.83,100983.52,103843.19,101018.7,100988.12,101010.36,101008.49
14954.524616108,6440,100995.06,98748.86,100991.53,103845.38,101018.7,101006.27,100997.24,101008.49
14954.54522292,6441,100981.21,98741.83,100982.48,103843.19,101012.58,101005.21,100997.24,101009.53
14954.566161084,6442,101001.18,98751.85,100978.47,103841.38,101016.79,101004.16,100999.37,101019.47
14954.586452769,6443,101000.12,98741.83,100982.48,103846.09,101013.63,101002.04,101004.21,101003.45
14954.606954542,6444,101000.12,98741.83,100986.49,103849.37,101017.65,101007.1,100993.22,101011.46
14954.627694266,6445,101002.25,98745.86,100990.5,103845.38,101017.65,101005.21,101008.47,101007.46
14954.647867862,6446,100998.25,98738.84,100998.51,103839.19,101013.63,101000.15,101009.3,101011.46
14954.668474114,6447,100996.12,98737.8,100999.55,103846.47,101014.68,101005.21,101006.34,101011.46
14954.692643889,6448,100993.19,98745.86,100987.52,103849.37,101018.7,100995.08,101006.34,101015.47
14954.713270621,6449,100992.13,98739.76,100982.48,103830.09,101016.79,101003.1,101005.28,101008.49
14954.733721527,6450,101002.25,98741.83,100982.48,103842.09,101022.72,100996.14,101005.28,101013.53
14954.754351434,6451,100996.12,98740.8,100974.47,103842.09,101024.82,101004.16,101003.39,101025.55
14954.774813377,6452,100992.13,98736.76,100994.5,103848.28,101022.72,101002.04,101007.41,101007.46
14954.795720054,6453,100992.13,98745.86,100983.52,103846.09,101019.75,101003.1,100994.29,101007.46
14954.815869524,6454,100988.13,98745.86,101003.55,103842.09,101023.77,100995.31,100994.29,101012.5
14954.83675681,6455,100992.13,98741.83,100979.51,103831.19,101014.68,100996.14,101002.32,101008.49
14954.860231013,6456,101000.12,98737.8,100982.48,103847.19,101026.74,100996.14,100999.37,101011.46
14954.881222657,6457,100997.19,98744.83,100992.57,103853.37,101016.79,100996.14,100999.37,101015.47
14954.901773255,6458,100993.19,98737.8,100999.55,103845.0,101016.79,101000.15,101002.32,101012.5
14954.922489502,6459,100996.12,98744.83,100982.48,103838.09,101017.65,100998.26,100986.25,101015.47
14954.942806286,6460,100994.26,98729.74,100980.41,103842.09,101007.7,100996.14,101010.36,101009.53
14954.963376683,6461,100988.13,98745.86,100982.48,103850.09,101012.77,100993.19,101003.39,101016.5
14954.983845916,6462,100999.05,98737.8,100975.5,103838.09,101018.7,101006.27,101005.28,101009.53
14955.006159723,6463,100988.13,98753.93,100984.55,103846.47,101020.8,100998.26,100994.29,101007.46
14955.0282166,6464,100984.14,98743.79,100987.52,103845.38,101027.79,101005.21,101001.26,101007.46
14955.049254234,6465,100993.19,98729.74,100982.48,103831.19,101016.79,100999.09,101001.26,101012.5
14955.06934139,6466,100995.06,98731.69,100998.51,103848.28,101016.79,100995.08,100993.22,101003.45
14955.09051487,6467,100991.06,98735.73,100998.51,103842.09,101015.74,100997.43,101005.28,101000.48
14955.11038702,6468,100997.99,98728.7,100995.54,103837.38,101015.74,101005.21,101002.32,101009.53
14955.132140999,6469,101001.18,98741.83,100983.52,103842.09,101014.68,100999.09,101002.32,101007.46
14955.151951745,6470,101000.12,98748.86,100980.41,103852.28,101009.62,101000.15,100995.35,101007.46
14955.172684238,6471,101002.25,98737.8,100978.47,103853.37,101010.67,100998.26,100992.16,101012.5
14955.196251942,6472,100992.13,98735.73,100983.52,103841.38,101011.72,100996.14,101015.44,101005.52
14955.216699293,6473,100992.13,98745.86,100979.51,103846.09,101016.79,101004.16,101002.32,101007.46
14955.237386577,6474,100994.26,98747.82,100978.47,103842.09,101018.7,100998.26,101006.34,101016.5
14955.257849121,6475,101001.18,98740.8,100998.51,103842.09,101014.68,101002.04,100997.24,101011.46
14955.278460329,6476,100985.2,98742.75,100975.5,103842.09,101014.68,101006.27,101003.15,101007.46
14955.299754262,6477,100987.07,98739.76,100990.5,103842.09,101010.67,101002.04,101002.32,101007.46
14955.319625861,6478,101002.25,98745.86,100983.52,103844.28,101015.74,100984.11,100998.31,101007.46
14955.341341582,6479,100996.12,98739.76,100994.5,103842.09,101018.7,100991.07,100993.22,100999.45
14955.364253553,6480,100993.19,98742.75,100986.49,103836.28,101019.75,100994.02,101001.26,101008.49
14955.384766343,6481,100994.26,98741.83,100973.43,103847.19,101015.74,100986.23,100997.24,101012.5
14955.405370501,6482,100994.26,98740.8,100982.48,103837.38,101011.53,100996.14,101004.45,101008.49
14955.42594891,6483,100989.2,98740.8,100985.45,103834.09,101023.77,100998.03,101001.26,101008.49
14955.446437583,6484,100992.13,98740.8,100978.47,103847.19,101019.75,101006.27,101009.3,101002.42
14955.466886837,6485,101009.17,98739.76,100982.48,103839.19,101019.75,100996.14,101003.39,101010.43
14955.487555393,6486,100992.13,98738.84,100982.48,103845.38,101029.7,101008.16,101002.32,101004.49
14955.511625077,6487,101000.12,98723.63,100991.53,103851.18,101020.8,101004.16,101003.39,101017.54
14955.532253041,6488,100992.13,98737.8,100985.45,103846.09,101011.72,101000.15,101009.3,101005.39
14955.552731969,6489,101000.12,98740.8,100983.52,103842.47,101016.79,101003.1,101003.39,101015.47
14955.57341048,6490,100992.13,98732.73,100989.46,103838.09,101022.72,101007.1,100998.31,101000.48
14955.593858462,6491,100993.19,98737.8,100990.5,103845.38,101023.77,100996.14,101010.36,101015.47
14955.614411002,6492,100989.2,98741.83,100982.48,103846.47,101023.77,100989.18,101002.32,101014.43
14955.634855949,6493,100993.19,98724.67,100998.51,103842.47,101023.77,101004.16,100997.24,101017.54
14955.655474309,6494,100993.19,98744.83,100990.5,103843.19,101021.67,101006.27,101002.32,101009.53
14955.680025542,6495,100996.12,98728.7,100992.57,103845.38,101025.68,101004.16,101011.43,101011.46
14955.700272028,6496,101000.12,98753.93,100986.49,103845.38,101015.74,101008.16,101011.43,101003.45
14955.720851829,6497,100986.27,98727.66,100993.47,103838.47,101023.77,100995.08,100998.31,101007.46
14955.741453394,6498,100989.2,98739.76,100994.5,103843.19,101016.79,101004.16,100998.31,101011.46
14955.761786592,6499,100992.13,98739.76,100982.48,103853.37,101023.77,101002.27,101001.26,101015.47
14955.782418031,6500,101001.18,98735.73,100989.46,103852.28,101027.79,101004.16,101002.32,101007.46
14955.802960686,6501,100993.19,98745.86,100983.52,103835.19,101021.67,100992.13,101001.26,101007.46
14955.823508619,6502,101000.12,98743.79,100994.5,103836.28,101021.67,101004.16,101006.34,101007.46
14955.847687839,6503,100992.13,98744.83,100982.48,103852.28,101013.82,101006.04,101001.26,101016.5
14955.868276033,6504,100993.19,98741.83,100990.5,103839.19,101023.77,101006.27,101002.32,100998.41
14955.888863205,6505,100999.05,98743.79,100989.6,103846.09,101022.72,100996.14,101006.34,101005.52
14955.909445961,6506,100985.2,98740.8,100991.53,103846.09,101011.72,101004.16,101007.41,101011.46
14955.929888424,6507,100999.05,98737.8,100987.52,103852.28,101014.68,100993.19,101002.32,101011.46
14955.950854761,6508,101000.12,98746.9,100999.55,103850.09,101024.82,100999.09,101005.28,101015.47
14955.971152275,6509,100992.13,98741.83,100982.48,103849.37,101028.84,101002.27,101002.32,101009.53
14955.991553486,6510,100992.13,98743.79,100998.51,103842.09,101018.7,100996.14,101006.34,101011.46
14956.015787939,6511,101001.18,98737.8,100974.47,103839.19,101021.67,101006.27,100999.13,101007.46
14956.036348912,6512,100992.13,98723.63,100988.42,103845.38,101023.77,100995.08,100998.31,101016.5
14956.05676176,6513,100992.13,98725.59,100974.47,103844.28,101023.77,100998.26,100996.42,101011.46
14956.077384497,6514,100992.13,98726.63,100982.48,103838.09,101020.62,101004.16,101004.45,101010.43
14956.097866891,6515,100988.13,98736.76,100983.52,103849.37,101024.82,100998.26,101002.32,101017.54
14956.118497478,6516,101000.12,98735.73,100999.55,103846.09,101016.79,101005.21,100997.24,101021.55
14956.138946552,6517,100991.06,98735.73,100998.51,103842.09,101009.62,101002.27,101002.32,101006.42
14956.159496358,6518,101000.12,98740.8,100983.52,103849.37,101014.68,100997.2,101002.32,101007.46
14956.183239597,6519,100992.13,98747.82,100990.5,103842.09,101018.7,100996.14,100997.24,101010.43
14956.204284323,6520,100993.19,98738.72,100998.51,103842.09,101014.68,101004.16,100999.37,101012.5
14956.224373441,6521,100985.2,98745.86,100981.45,103844.28,101023.77,100998.03,100995.35,101011.46
14956.245403424,6522,100986.27,98735.73,100992.57,103842.09,101014.68,100994.02,101001.26,101007.46
14956.26594043,6523,100996.12,98751.85,100981.45,103844.28,101016.79,101004.16,101001.26,101011.46
14956.28648645,6524,101001.18,98737.8,100994.5,103835.19,101005.6,100986.0,100997.24,101011.46
14956.307237781,6525,101000.12,98735.73,100986.49,103847.19,101027.79,101000.15,101003.39,101017.54
14956.327592712,6526,100979.08,98743.79,100982.48,103849.37,101006.65,101008.16,101005.28,101000.48
14956.351276361,6527,100992.13,98743.79,100981.58,103844.28,101014.68,101003.1,101003.39,101015.47
14956.372953844,6528,100984.14,98740.8,100984.55,103845.38,101008.57,100995.08,101003.39,101011.46
14956.39238686,6529,101000.12,98744.83,100974.47,103850.47,101014.68,100990.24,100999.37,101011.46
14956.415223277,6530,100992.13,98727.66,100980.41,103850.09,101019.57,101004.16,101006.34,101009.39
14956.433570128,6531,100993.19,98739.76,100990.5,103842.09,101015.74,101002.04,101001.26,101006.42
14956.454451025,6532,100992.13,98740.8,100975.5,103842.09,101020.62,101004.16,101010.36,100991.44
14956.475080291,6533,100989.2,98747.82,100978.47,103846.09,101014.68,101006.04,100989.21,101017.4
14956.495500461,6534,100984.14,98739.76,100986.49,103846.09,101028.84,100999.09,101003.39,101003.45
14956.519330021,6535,100999.32,98743.79,100990.5,103842.09,101018.7,101001.21,101005.28,101007.46
14956.539807518,6536,100993.19,98741.83,100982.48,103842.09,101022.72,100998.26,101005.28,101011.46
14956.560412367,6537,100993.19,98740.8,100982.48,103836.28,101018.7,101002.04,100997.24,101007.46
14956.580812987,6538,101000.12,98736.76,100990.5,103844.28,101014.68,100994.02,101001.26,101006.42
14956.601533181,6539,100996.12,98739.76,100990.5,103851.18,101013.63,101004.16,101010.36,101011.46
14956.622458335,6540,100992.13,98739.76,100978.47,103843.19,101010.67,101004.16,100993.22,101008.49
14956.642569546,6541,100993.19,98741.83,100982.48,103840.28,101016.79,100990.01,100991.33,101015.47
14956.663545217,6542,100993.19,98744.83,100980.41,103846.09,101022.72,100998.26,101002.32,101017.54
14956.687269628,6543,100993.19,98728.7,100982.48,103842.09,101019.75,100992.13,101003.39,101015.47
14956.707775317,6544,100992.13,98742.75,100979.51,103850.09,101015.74,101005.21,101015.44,101001.52
14956.728398714,6545,100992.13,98729.74,100983.52,103845.38,101028.84,101004.16,101011.43,101008.49
14956.748862851,6546,101002.25,98739.76,100986.49,103834.09,101013.63,101000.15,101002.32,101017.54
14956.769731519,6547,101000.12,98735.73,100995.54,103849.37,101012.58,101005.21,100995.35,101010.43
14956.789957484,6548,100993.19,98731.69,100998.51,103850.09,101030.94,101004.16,101001.26,101005.52
14956.810545849,6549,100994.26,98735.73,100995.54,103845.38,101014.68,101004.16,100998.31,101015.47
14956.834663726,6550,100996.12,98741.83,100995.54,103837.38,101020.8,100991.07,101001.26,101015.47
14956.856080504,6551,100991.06,98746.9,100982.48,103841.38,101013.63,100997.2,101006.34,101006.42
14956.875825662,6552,100984.14,98749.9,101006.53,103842.09,101018.7,101004.16,101007.41,100998.41
14956.896414797,6553,101000.12,98735.73,100984.55,103846.09,101014.68,101003.1,101002.32,101007.46
14956.916865703,6554,101000.12,98741.83,100991.53,103845.38,101010.67,100998.03,101001.26,101007.46
14956.937406185,6555,100989.2,98747.82,100998.51,103842.09,101022.72,101004.16,101006.34,101004.49
14956.958204236,6556,100990.26,98737.8,100978.47,103846.47,101009.62,101000.15,100997.24,101015.47
14956.978806662,6557,100988.13,98741.83,100974.47,103866.09,101020.62,100996.14,100993.22,101013.53
14957.002701311,6558,101001.18,98743.79,100976.4,103846.47,101023.77,101004.16,100994.29,101013.53
14957.023320972,6559,100993.19,98743.79,100988.42,103845.38,101013.63,101002.04,101002.32,101015.47
14957.04374625,6560,101000.12,98744.83,100998.51,103846.09,101023.77,100996.14,101007.41,101007.46
14957.064566685,6561,100991.06,98745.86,100983.52,103842.09,101020.8,101003.1,101003.39,101006.42
14957.08496423,6562,100992.13,98739.76,100982.48,103838.09,101019.75,100992.13,101005.28,101009.53
14957.105536781,6563,100988.13,98723.63,100981.45,103842.09,101018.7,100991.07,101001.26,101015.47
14957.125968438,6564,101000.12,98737.8,100986.49,103851.18,101026.74,101000.15,101003.39,101011.46
14957.146623213,6565,100992.13,98741.83,100986.49,103842.09,101015.74,101006.27,101001.26,101015.47
14957.170724494,6566,101000.12,98737.8,100990.5,103843.19,101024.82,100998.03,101002.32,101000.48
14957.191390466,6567,100992.13,98727.66,100995.54,103844.28,101021.67,100988.12,101005.28,101009.53
14957.211771827,6568,101000.12,98739.76,100988.56,103839.19,101024.82,101003.1,100997.24,101008.49
14957.232483257,6569,100987.07,98736.76,100986.49,103846.09,101012.58,100998.03,100997.24,101015.47
14957.253007244,6570,100981.21,98744.83,101000.58,103850.09,101024.82,101001.21,101002.32,101012.5
14957.273448025,6571,100983.07,98770.05,100998.51,103836.28,101006.65,100998.26,101002.32,101012.5
14957.294022938,6572,101008.11,98723.63,100998.51,103842.09,101015.74,100996.14,101011.43,101010.43
14957.314521397,6573,100992.13,98741.83,100982.48,103858.47,101018.7,101002.27,101001.26,101005.52
14957.338689629,6574,101001.18,98753.93,100995.54,103834.09,101009.62,101003.1,101010.36,101007.46
14957.359355481,6575,101001.18,98740.8,100986.49,103842.09,101025.68,100996.14,101002.32,101008.49
14957.379798625,6576,100994.26,98741.83,100980.41,103856.28,101019.75,101002.04,100993.22,101011.46
14957.400437296,6577,100992.13,98745.86,100980.41,103843.19,101006.65,100999.09,100999.37,101007.46
14957.420888903,6578,100996.12,98752.89,100986.49,103843.19,101015.74,100997.2,101003.39,101011.46
14957.441457157,6579,101002.25,98749.9,100998.51,103841.0,101015.74,100987.06,101001.26,101013.53
14957.46199904,6580,100994.26,98752.89,100990.5,103842.09,101016.79,101010.05,100998.31,101007.46
14957.482528666,6581,100996.12,98745.86,100998.51,103839.19,101023.77,101002.04,100994.29,101014.43
14957.506305146,6582,100993.19,98752.89,100998.51,103836.28,101010.67,100998.03,101003.39,101007.46
14957.527404794,6583,100992.13,98745.86,100997.47,103846.47,101020.8,101004.16,101001.26,101011.46
14957.547895871,6584,100989.2,98739.76,100991.53,103852.28,101016.79,100998.26,101010.36,101007.46
14957.568470754,6585,100992.13,98738.72,100974.47,103846.09,101014.68,100998.03,101002.32,101012.5
14957.588993008,6586,101002.25,98736.76,100999.55,103844.28,101031.8,101003.33,100997.24,101007.46
14957.609426208,6587,100989.2,98752.89,100982.48,103851.18,101014.68,100994.25,101003.39,101001.52
14957.629897715,6588,100999.05,98772.01,100986.49,103854.09,101015.74,100999.09,101006.34,101015.47
14957.650570327,6589,101000.12,98789.17,100981.45,103850.09,101011.72,101003.1,101003.39,101013.53
14957.674293676,6590,100996.12,98755.88,100976.4,103850.09,101011.72,100992.13,101004.45,101003.45
14957.695365152,6591,100992.13,98786.18,100988.42,103851.18,101023.77,100994.02,101000.2,101011.46
14957.715360368,6592,100998.25,98776.04,100998.51,103850.09,101022.72,101004.16,101005.28,101012.5
14957.736417101,6593,100992.13,98785.14,100998.51,103850.09,101014.68,100996.14,101000.2,101017.54
14957.756460771,6594,101000.12,98776.04,100982.48,103855.18,101015.74,101004.16,100991.09,101008.49
14957.777574651,6595,101000.12,98773.05,100980.41,103842.09,101018.7,100993.19,101006.1,101015.47
14957.797933798,6596,100979.08,98778.12,100991.53,103851.18,101010.67,100990.01,101005.28,101004.49
14957.818535472,6597,101000.12,98777.08,100977.44,103842.09,101018.7,100992.13,101001.26,101011.46
14957.842331622,6598,100993.19,98767.98,100994.5,103843.19,101014.68,101004.16,100997.24,101017.54
14957.862782408,6599,100996.12,98767.98,100990.5,103849.37,101019.75,101000.98,101003.39,101009.39
14957.883433627,6600,100988.13,98793.2,100986.49,103851.18,101014.68,100986.0,100997.24,101008.49
14957.903891223,6601,100996.12,98840.54,100996.58,103868.28,101021.67,101001.21,101005.28,101006.42
14957.924426317,6602,100997.19,98810.37,100977.44,103873.37,101011.72,101002.04,100994.05,101003.45
14957.945499094,6603,100992.13,98816.35,100986.49,103852.28,101023.77,101004.16,101001.26,101009.53
14957.965557096,6604,101000.12,98816.35,100983.52,103867.18,101034.77,101002.27,101000.2,101007.46
14957.986581339,6605,100992.13,98824.42,100983.52,103848.28,101009.62,101006.04,101005.28,101011.46
14958.010342707,6606,101002.25,98809.33,100991.53,103851.18,101014.68,101008.16,101009.3,100999.45
14958.031218195,6607,101000.12,98816.35,100986.49,103861.37,101016.79,101004.16,101002.32,101012.5
14958.05141726,6608,100992.13,98816.35,100982.48,103854.09,101015.74,100996.14,101009.3,101023.48
14958.071921487,6609,100993.19,98815.32,100998.51,103866.09,101022.72,101000.15,100993.22,101009.53
14958.092438633,6610,100990.26,98804.26,100997.47,103858.09,101011.72,100997.2,100993.22,101009.53
14958.112973877,6611,100992.13,98817.39,100993.47,103866.09,101022.72,100999.09,100999.13,101015.47
14958.133496793,6612,100994.26,98820.39,100981.45,103877.37,101016.79,101002.04,100993.22,101005.52
14958.157710244,6613,101002.25,98841.58,100999.55,103874.09,101017.65,101002.04,100993.22,101008.49
14958.178390948,6614,100985.2,98864.73,100999.55,103884.27,101016.79,101000.15,101001.26,101007.46
14958.19878628,6615,101002.25,98874.87,100987.52,103864.99,101024.82,100991.07,100993.22,101019.47
14958.219448826,6616,100998.25,98864.73,100983.52,103879.18,101018.7,101005.21,101009.3,101004.49
14958.239949878,6617,100997.19,98864.73,100991.53,103874.09,101014.68,101004.16,101001.26,101007.46
14958.26044394,6618,101003.31,98864.73,100990.5,103873.37,101022.72,101002.04,100991.09,101007.46
14958.281074498,6619,100993.19,98858.75,100982.48,103873.37,101014.68,101000.15,100994.29,101011.46
14958.301581378,6620,100997.19,98864.73,100982.48,103866.09,101024.82,101010.28,100997.24,101006.42
14958.32572911,6621,100989.2,98859.79,100982.48,103874.47,101024.82,100995.08,100994.29,101013.53
14958.346478669,6622,100986.27,98857.71,100986.49,103875.18,101021.67,101002.27,100991.09,101007.46
14958.366756132,6623,100998.25,98862.78,100983.52,103872.28,101012.58,101004.16,100992.16,101008.49
14958.387455033,6624,100993.19,98864.73,100983.52,103874.09,101010.67,101002.27,100994.29,101012.5
14958.407908794,6625,101003.31,98866.81,100985.45,103858.09,101023.77,100995.08,101003.15,101008.49
14958.428497058,6626,100984.14,98898.02,100989.46,103874.09,101023.77,101008.16,101009.3,101008.49
14958.448975516,6627,100992.13,98921.17,100982.48,103886.08,101014.68,101005.21,101000.2,101003.45
14958.469547335,6628,100998.25,98917.14,100998.51,103886.08,101006.65,100992.13,100996.18,101011.6
14958.493727806,6629,101000.12,98913.11,100990.5,103898.08,101023.77,101004.16,101001.26,101009.53
14958.515107798,6630,101004.11,98923.25,100986.49,103878.08,101014.68,101004.16,100997.24,101004.49
14958.534812475,6631,101002.25,98917.14,100981.45,103886.08,101022.72,101005.21,100993.22,101015.47
14958.555584747,6632,100993.19,98917.14,100986.49,103892.27,101023.77,100990.01,101003.15,101007.46
14958.575956103,6633,100992.13,98907.13,100978.47,103881.37,101024.82,101009.22,101001.26,101007.46
14958.596481802,6634,101000.12,98919.22,100997.47,103892.27,101014.68,101000.15,101006.34,101007.46
14958.61711847,6635,100998.25,98914.15,100998.51,103882.08,101014.68,100992.13,101003.15,101011.46
14958.637555525,6636,101002.25,98905.05,100996.44,103874.09,101014.68,101002.04,100996.18,101007.46
14958.661756567,6637,101000.12,98899.06,100982.48,103870.09,101012.77,100994.02,101001.26,101007.46
14958.68240992,6638,100986.27,98905.05,100982.48,103874.09,101022.72,100994.25,101009.3,101003.45
14958.702865673,6639,100992.13,98955.51,100996.44,103898.08,101023.77,100991.07,100993.22,101006.42
14958.723520057,6640,100989.2,98971.63,100996.44,103909.36,101015.74,100996.14,101009.3,101016.5
14958.743910372,6641,100985.2,98982.69,100985.45,103906.46,101017.65,101002.27,101001.26,101015.47
14958.764646139,6642,101000.12,98970.59,100981.45,103898.46,101023.77,101010.28,100999.13,100991.44
14958.785015792,6643,100996.12,98970.59,100990.5,103900.27,101032.86,100998.26,100997.24,101012.5
14958.805533139,6644,100991.06,98961.49,100981.45,103904.27,101014.68,100995.08,101014.38,101013.53
14958.829321587,6645,101002.25,98971.63,100986.49,103890.08,101014.68,101005.21,101000.2,101000.48
14958.850355074,6646,100991.06,98967.6,100980.41,103900.27,101013.63,100988.12,101001.26,101007.46
14958.870833122,6647,101001.18,98961.49,100985.45,103892.99,101022.72,100996.14,101003.15,101009.53
14958.89155601,6648,101001.18,98963.57,100984.42,103900.27,101014.68,101003.1,101000.2,101026.59
14958.912024482,6649,101002.25,98963.57,100990.5,103896.99,101023.77,100996.14,101004.21,101007.46
14958.93250257,6650,100993.19,98965.52,100978.47,103898.08,101014.68,100998.26,101007.17,101009.53
14958.953274031,6651,100994.26,98967.6,100990.5,103908.27,101014.68,101000.15,100989.21,101016.5
14958.973609612,6652,100992.13,99032.11,100978.47,103918.08,101023.77,101001.21,101001.26,101008.49
14958.997321184,6653,101002.25,99055.26,100982.48,103922.08,101016.79,101003.1,100995.11,101009.53
14959.018375794,6654,100998.25,99050.18,100980.41,103924.27,101017.65,100996.14,101000.2,101011.46
14959.038400635,6655,101002.25,99043.16,100982.48,103914.08,101014.68,100998.26,101009.3,101013.53
14959.059495616,6656,100993.19,99046.15,100985.45,103922.08,101021.67,101000.15,101005.28,101015.47
14959.079569942,6657,101002.25,99046.15,100980.41,103916.27,101020.62,100992.96,101001.26,101019.47
14959.100513734,6658,100992.13,99047.19,100981.45,103922.08,101014.68,100986.0,101009.3,101009.53
14959.120697326,6659,100996.12,99043.16,100978.47,103916.27,101014.68,101002.27,101001.26,101017.54
14959.141580196,6660,100993.19,99042.12,100986.49,103914.08,101026.74,100996.14,101005.28,101007.46
14959.165333761,6661,101002.25,99042.12,100981.45,103914.08,101013.63,101000.15,100995.11,101010.43
14959.186266516,6662,100993.19,99039.13,100979.51,103906.08,101015.74,101005.21,100993.22,101015.47
14959.206637972,6663,100993.19,99044.2,100994.5,103914.08,101022.72,100997.2,101003.39,101011.46
14959.227114457,6664,100992.13,99046.15,100985.45,103920.27,101014.68,100997.2,101002.32,101006.42
14959.247476879,6665,100992.13,99124.84,100998.51,103946.07,101014.68,101005.21,101003.39,101007.46
14959.268607023,6666,101001.18,99155.01,100985.45,103934.07,101005.6,100997.2,100999.37,100999.45
14959.28884066,6667,101002.25,99155.01,100987.52,103942.46,101012.77,101002.04,101003.39,100999.45
14959.312757042,6668,100997.19,99155.01,100982.48,103942.07,101022.72,100996.14,100993.22,101007.46
14959.333365046,6669,100992.39,99150.98,100980.41,103944.26,101021.67,101000.15,101005.28,101015.47
14959.353876303,6670,100993.19,99157.09,100986.49,103942.07,101020.8,101004.16,100994.29,101010.43
14959.374397676,6671,100994.26,99146.94,100987.52,103948.26,101016.79,100996.14,101006.34,100997.38
14959.39494001,6672,100993.19,99159.04,100974.47,103938.07,101014.68,101002.04,100993.22,101007.46
14959.415520983,6673,100994.26,99146.94,100982.48,103942.07,101024.82,101005.21,100999.37,101012.5
14959.435921974,6674,101004.11,99155.01,100980.41,103947.17,101018.7,101000.15,101001.26,101011.46
14959.456798013,6675,100997.19,99145.9,100994.5,103939.17,101008.57,101008.16,101001.26,101014.43
14959.482802856,6676,100994.26,99156.05,100998.51,103938.07,101015.74,101007.33,101009.3,101003.45
14959.501365995,6677,100992.13,99146.94,100982.48,103938.07,101016.79,101012.17,100993.22,101013.53
14959.521864934,6678,101000.12,99266.85,100981.45,103974.07,101020.62,100993.19,101004.21,101015.47
14959.542492176,6679,101000.12,99300.15,100992.43,103976.26,101022.72,101004.16,101003.39,101015.47
14959.56299419,6680,100996.12,99284.02,100982.48,103970.07,101015.74,101004.16,101002.32,101004.49
14959.583459467,6681,100993.19,99284.02,100982.48,103970.07,101020.8,101003.1,101007.41,101001.52
14959.604047271,6682,100996.12,99279.99,100983.52,103970.07,101014.68,101000.15,100999.37,101007.46
14959.624614813,6683,100988.13,99279.99,100998.51,103963.16,101022.72,101008.16,101005.28,101007.46
14959.64877246,6684,100997.19,99273.88,100986.49,103966.07,101020.62,101004.16,101003.39,101004.49
14959.669394345,6685,100990.26,99285.07,100981.45,103964.26,101018.7,100997.2,100997.24,101018.58
14959.689968688,6686,100994.26,99277.0,100982.48,103974.45,101021.67,100998.26,100994.29,101021.41
14959.710564343,6687,100984.14,99272.97,100994.5,103974.07,101011.72,101004.16,101001.26,101012.5
14959.730980116,6688,100999.05,99274.02,100998.51,103975.16,101024.82,100993.19,101007.41,101012.5
14959.751576762,6689,100993.19,99277.0,100972.39,103968.26,101018.7,100994.02,101003.39,101009.53
14959.77203503,6690,100988.4,99275.96,100982.48,103970.07,101016.79,100997.2,101000.2,101012.5
14959.792635562,6691,101000.12,99429.17,100974.47,104002.06,101022.72,101000.15,101002.32,101007.46
14959.81678065,6692,100989.2,99418.12,100998.51,104014.06,101014.68,101004.16,101003.39,100998.41
14959.837362254,6693,100986.27,99427.23,100981.45,103998.06,101027.79,100998.03,101007.41,101015.47
14959.857828994,6694,100995.32,99404.98,100981.45,104006.06,101014.68,101005.21,101002.32,101011.46
14959.87851103,6695,101001.18,99409.01,100982.48,104002.06,101028.84,101002.04,101006.34,101011.46
14959.898963138,6696,101000.12,99409.01,100982.48,103998.06,101016.79,101004.16,101006.34,101010.43
14959.921838514,6697,100986.27,99400.95,100994.5,104006.06,101023.77,101000.15,101003.39,101015.47
14959.940212526,6698,101002.25,99404.98,100981.45,104005.35,101019.75,100998.26,101003.39,101007.46
14959.96062247,6699,100997.19,99414.09,100980.41,103998.06,101010.67,101004.16,100993.22,101005.52
14959.984415054,6700,100994.26,99413.04,100981.45,104002.06,101015.74,100992.13,101003.39,100991.44
14960.005396233,6701,100993.19,99399.01,100994.37,104002.06,101012.58,101006.27,101003.39,101007.46
14960.025838907,6702,101000.12,99396.92,100990.5,104002.06,101014.68,101001.21,101002.32,101003.45
14960.046543947,6703,100994.26,99411.1,100979.51,104002.06,101017.65,101002.04,101005.28,101007.46
14960.06688711,6704,100996.12,99579.4,100994.5,104062.05,101014.68,100996.14,101011.43,101008.49
14960.087556897,6705,101000.12,99584.48,100983.52,104050.05,101015.74,101001.21,101007.41,101003.45
14960.107987984,6706,100992.13,99568.35,100984.55,104050.05,101021.67,101000.15,101004.45,101004.49
14960.128566733,6707,101002.25,99572.38,100986.49,104042.06,101015.74,101006.27,100994.29,101004.49
14960.1523677,6708,100988.13,99562.23,100982.48,104050.05,101016.79,100999.09,101003.39,101009.53
14960.173439125,6709,100986.27,99558.2,100978.47,104035.15,101015.74,101013.23,101006.34,100999.45
14960.193892325,6710,100989.2,99567.31,100980.41,104034.06,101007.7,101006.27,101001.26,101014.43
14960.214648273,6711,100997.99,99566.26,100982.48,104034.06,101025.68,100988.95,101002.32,101011.46
14960.234554624,6712,100988.13,99554.16,100973.43,104030.06,101015.74,100986.0,101010.36,101011.46
14960.255581162,6713,100988.13,99546.1,100989.46,104040.25,101006.65,101003.1,100997.24,101011.46
14960.276062254,6714,100993.19,99550.13,100998.51,104030.06,101020.62,101009.22,101001.26,101011.46
14960.296743718,6715,100992.13,99554.16,100983.52,104038.06,101014.68,101001.21,101008.47,101007.46
14960.320358213,6716,100992.13,99559.24,100994.5,104038.06,101027.79,101000.15,101009.3,101000.48
14960.341394916,6717,100993.19,99760.85,100999.55,104100.24,101022.72,101000.15,101003.39,101006.42
14960.361519237,6718,100992.13,99743.67,100983.52,104090.05,101027.79,101004.16,101005.28,101018.58
14960.382625786,6719,100992.13,99727.55,100984.55,104082.05,101015.74,101006.27,101006.34,101008.49
14960.402801045,6720,100989.2,99719.48,100984.42,104093.34,101017.65,100996.14,100986.25,101003.45
14960.423577343,6721,100993.19,99718.43,100982.48,104078.05,101014.68,100998.26,101002.32,101015.47
14960.444133679,6722,100988.13,99710.37,100986.49,104070.05,101018.7,101004.16,100998.31,101008.49
14960.464756155,6723,100988.13,99710.37,100988.42,104082.05,101022.72,101001.21,101001.26,101007.46
14960.488379302,6724,100996.12,99715.45,100983.52,104082.05,101011.72,100995.31,101006.34,101015.47
14960.508876618,6725,100984.14,99711.42,100978.47,104082.05,101015.74,101015.35,101002.32,101009.53
14960.529432543,6726,100987.07,99708.43,100996.58,104082.05,101024.82,100992.13,101002.32,101010.43
14960.550691833,6727,100989.2,99713.35,100978.47,104084.24,101019.75,101004.16,101003.39,101008.49
14960.570661791,6728,100992.13,99703.35,100986.49,104074.05,101020.62,100996.14,100998.31,101007.46
14960.591820258,6729,100996.12,99752.79,100987.52,104084.24,101022.72,101006.27,101007.41,101003.45
14960.61160142,6730,100992.13,99925.13,100978.47,104134.04,101018.7,101000.15,100997.24,101017.54
14960.635779969,6731,101004.11,99922.14,100977.44,104133.33,101020.62,100997.2,100994.29,101008.49
14960.656440041,6732,101000.12,99909.0,100978.47,104123.14,101024.82,101000.15,101001.26,101001.38
14960.676861293,6733,101001.18,99907.95,100990.5,104124.24,101016.79,101000.15,101001.26,101003.45
14960.697503859,6734,100988.13,99898.83,100986.49,104122.04,101026.74,101005.21,101002.32,101008.49
14960.717933773,6735,100990.26,99896.9,100978.47,104130.04,101018.7,100998.03,101015.44,101017.54
14960.738503809,6736,101000.12,99899.88,101000.58,104124.24,101011.72,101000.15,100993.22,101007.46
14960.759025632,6737,100993.19,99896.9,100983.52,104114.04,101013.63,101004.16,101002.32,101012.5
14960.779668649,6738,100999.05,99880.77,100981.45,104116.24,101018.7,101000.15,101009.3,101003.45
14960.803796151,6739,100996.12,99884.8,100990.5,104122.04,101022.72,101004.16,101001.26,101010.43
14960.82439447,6740,100988.13,99884.8,100987.52,104114.04,101018.7,101004.16,101007.41,100999.45
14960.844879858,6741,101000.12,99883.75,100994.5,104122.04,101023.77,100999.09,101014.38,101011.46
14960.865497446,6742,100992.13,99921.09,100978.47,104130.04,101014.68,101001.21,101006.34,101001.52
14960.886023656,6743,101000.12,100131.83,100994.5,104186.43,101023.77,101000.15,101003.39,101015.47
14960.906533581,6744,100992.13,100099.57,100986.49,104164.23,101015.74,100991.07,101005.28,101009.53
14960.927206394,6745,100992.13,100092.56,100986.49,104178.04,101021.67,100994.02,100993.46,101008.49
14960.947747726,6746,100996.12,100082.39,100981.45,104170.04,101018.7,100990.24,101006.34,101007.46
14960.971805122,6747,100990.0,100072.22,100982.48,104167.14,101013.63,101005.21,100994.29,101007.46
14960.99242283,6748,101004.11,100070.29,100982.48,104162.04,101012.58,100990.24,100997.48,101007.46
14961.012894547,6749,100984.14,100070.29,100986.49,104158.04,101014.68,101005.21,101001.26,101011.46
14961.033552577,6750,100992.13,100066.26,100982.48,104157.33,101005.6,101003.1,100996.18,101007.46
14961.054214763,6751,101000.12,100074.33,100983.52,104154.04,101021.67,101009.22,101002.32,101001.52
14961.074563294,6752,101002.25,100059.25,100982.48,104158.04,101024.82,101004.16,100994.29,101009.53
14961.095052898,6753,100992.13,100066.26,100983.52,104160.23,101008.57,101006.27,101005.28,100999.45
14961.115812352,6754,101000.12,100057.15,100990.5,104154.04,101006.65,101000.15,100997.24,101015.47
14961.139815755,6755,100992.13,100130.78,100997.47,104178.04,101018.7,100995.08,100993.22,101005.52
14961.160494976,6756,100988.13,100314.17,100986.49,104235.13,101014.68,101006.27,101009.3,101011.46
14961.180937329,6757,100984.14,100292.08,100982.48,104219.13,101021.67,101001.21,100986.25,101019.61
14961.201620577,6758,100980.14,100271.92,100974.47,104210.03,101018.7,101003.1,101002.32,101007.46
14961.222126056,6759,101000.12,100267.89,100981.45,104210.03,101004.55,101008.16,101003.39,101016.5
14961.242696623,6760,101008.11,100271.92,100986.49,104212.23,101020.8,100999.09,100998.31,101008.49
14961.26343222,6761,100988.13,100271.92,100986.49,104220.23,101010.67,100997.2,101006.34,101003.45
14961.283798137,6762,100994.26,100252.81,100983.52,104205.33,101023.77,101004.16,101003.39,101007.46
14961.307802632,6763,100993.19,100267.89,100998.51,104212.23,101008.57,101002.27,100998.31,101004.49
14961.328395663,6764,100992.13,100267.89,100982.48,104206.03,101026.74,101010.28,100995.35,101015.47
14961.348968293,6765,101008.11,100261.93,100998.51,104198.03,101017.65,100998.26,100999.37,101011.46
14961.369522155,6766,100998.25,100256.84,100980.55,104203.13,101015.74,100993.19,101011.43,101014.57
14961.389997669,6767,101002.25,100259.82,100986.49,104218.03,101012.58,101001.21,100997.24,101000.48
14961.410693585,6768,101000.12,100381.86,100987.52,104236.23,101023.77,100989.18,101006.34,101014.43
14961.431161517,6769,100992.13,100546.15,100994.5,104295.12,101011.72,101004.16,101010.36,101003.45
14961.454087329,6770,100993.19,100499.68,100999.55,104274.02,101022.72,101000.15,101007.41,101004.49
14961.475395493,6771,100997.19,100487.76,100987.52,104265.32,101014.68,101011.11,101009.3,101016.5
14961.496460288,6772,100992.13,100483.54,101000.58,104272.22,101022.72,101005.21,100998.31,101007.46
14961.51721899,6773,100988.13,100487.76,100995.54,104266.42,101012.58,100988.95,101006.34,101008.49
14961.537600911,6774,100991.06,100478.64,100998.51,104266.03,101022.72,101006.27,101003.39,101007.46
14961.558049694,6775,100997.19,100461.46,100981.45,104262.03,101026.74,100984.11,101009.3,101011.46
14961.578669215,6776,100992.13,100469.52,100984.55,104258.03,101022.72,100995.08,100998.31,101014.43
14961.600556155,6777,101000.12,100462.51,100987.52,104258.03,101023.77,100999.09,101003.39,100995.44
14961.623398431,6778,101001.18,100464.44,100978.47,104255.13,101009.62,100997.2,101011.43,101006.42
14961.643426757,6779,100984.14,100469.52,100982.48,104258.03,101012.58,100998.03,100994.29,101011.46
14961.664434626,6780,100983.07,100453.39,100996.58,104255.13,101021.67,100994.02,101010.36,101007.46
14961.684554701,6781,101002.25,100566.31,100986.49,104288.22,101023.77,100987.06,100997.24,101005.52
14961.705622621,6782,100996.12,100744.82,100978.47,104342.02,101016.6,100994.02,101004.21,101015.47
14961.726364097,6783,100994.26,100719.56,100982.48,104326.02,101022.72,100999.09,100997.24,101006.42
14961.746669703,6784,100994.26,100707.46,100976.54,104319.12,101012.58,100994.02,100999.37,101009.53
14961.767939849,6785,100992.13,100697.48,100982.48,104306.02,101023.77,101001.21,100994.29,101007.46
14961.790787483,6786,100992.39,100692.39,100976.4,104314.02,101029.7,101002.04,101006.34,101012.5
14961.811427485,6787,100983.07,100687.3,100994.5,104306.02,101022.72,101000.15,101007.41,101007.46
14961.831931311,6788,101002.25,100687.3,100986.49,104314.02,101024.63,101001.21,101009.3,101009.53
14961.85248981,6789,100987.07,100676.25,100982.48,104309.32,101011.72,101002.04,101005.28,101000.48
14961.873576568,6790,101001.18,100671.17,100990.5,104311.12,101017.84,100988.12,101003.39,101007.46
14961.893735353,6791,100986.27,100670.11,100991.53,104303.12,101018.7,100995.08,100998.31,101015.47
14961.91464956,6792,101000.12,100669.05,100986.49,104307.12,101018.7,100998.26,101009.3,101015.47
14961.934641611,6793,100993.19,100662.04,100984.55,104310.42,101019.57,101004.16,101006.34,100998.41
14961.95882757,6794,101001.18,100808.29,100988.42,104340.22,101017.65,101003.1,101000.44,101003.45
14961.979490137,6795,100993.19,100977.68,100987.52,104402.41,101019.75,101000.15,100993.22,101008.49
14961.999897096,6796,101000.12,100933.31,100978.47,104386.01,101006.65,101005.21,100993.22,101000.48
14962.020520423,6797,100988.13,100930.34,100982.48,104374.41,101014.68,101000.15,101014.38,100999.45
14962.040984029,6798,100992.13,100928.22,100980.55,104370.02,101017.65,100996.14,101007.41,101008.49
14962.061578081,6799,100992.13,100913.15,100974.47,104378.01,101012.58,100991.07,101003.39,101011.46
14962.082022717,6800,100989.2,100913.15,100987.52,104360.22,101022.72,101005.21,100994.29,101002.42
14962.102690222,6801,100988.13,100921.21,100984.55,104367.12,101012.58,100995.08,100993.22,101008.49
14962.126878555,6802,101001.18,100897.02,100998.51,104358.02,101010.67,100991.07,101003.39,101008.49
14962.147448811,6803,101000.12,100913.15,100989.46,104358.02,101014.68,100999.09,101001.26,100999.45
14962.16794118,6804,100988.13,100897.02,100978.47,104361.32,101009.62,101004.16,100995.35,101014.43
14962.188596305,6805,100993.19,100897.02,100982.48,104366.02,101021.67,100996.14,101000.2,101007.46
14962.20911954,6806,100992.13,100892.98,101000.58,104354.02,101018.7,100996.14,101002.32,101011.46
14962.229533401,6807,101000.12,101018.01,100983.52,104414.01,101014.68,101009.22,101002.32,101014.43
14962.250057477,6808,100984.14,101226.68,100982.48,104440.21,101023.77,101006.27,101011.43,101007.46
14962.270703879,6809,100984.14,101195.48,100983.52,104429.31,101021.67,100992.13,101006.34,101007.46
14962.294866634,6810,100988.13,101175.31,100975.5,104424.21,101013.63,101004.16,101010.36,101007.46
14962.315886741,6811,100997.19,101164.27,100982.48,104436.21,101012.58,100992.13,100999.37,101003.45
14962.335968768,6812,101002.25,101155.14,100995.54,104426.01,101020.62,100999.09,101008.47,100995.44
14962.356646778,6813,101006.24,101146.02,100980.55,104426.01,101022.72,100995.08,101002.32,101007.46
14962.377054549,6814,100994.26,101147.08,100985.45,104428.21,101014.68,101002.04,101007.41,101006.42
14962.397607549,6815,100994.26,101147.08,100982.48,104410.01,101018.7,101004.16,100994.29,100998.41
14962.418102602,6816,101001.18,101139.01,100979.51,104426.41,101012.58,100988.12,101003.39,101006.42
14962.4392548,6817,100992.13,101149.2,100986.49,104422.01,101023.77,100999.09,101002.32,101003.45
14962.462864227,6818,100989.2,101148.14,100982.48,104414.01,101014.68,100992.13,101007.41,101003.45
14962.48345257,6819,100993.19,101147.08,101002.52,104414.01,101020.62,100996.14,101002.32,101015.47
14962.503917308,6820,100984.14,101340.68,100982.48,104491.11,101013.63,100999.09,101002.32,101007.46
14962.524667126,6821,100996.12,101472.72,100990.5,104506.01,101020.62,100991.07,101007.41,101007.46
14962.546230315,6822,101000.12,101445.55,100982.48,104490.01,101021.67,101006.27,101007.41,101009.53
14962.565639905,6823,101001.18,101443.65,100984.55,104498.01,101016.79,100993.19,101007.41,101017.54
14962.586131743,6824,100986.0,101423.48,100983.52,104488.91,101014.68,100992.13,100994.29,101007.46
14962.606766227,6825,100993.19,101417.32,100982.48,104486.01,101013.63,101004.16,100996.18,101007.46
14962.630857823,6826,100992.13,101415.41,100994.5,104482.01,101015.74,101005.21,101010.36,101007.46
14962.651473429,6827,101001.18,101417.32,100983.52,104494.01,101017.65,100993.19,100993.22,101008.49
14962.671972648,6828,100992.13,101415.41,100982.48,104476.21,101012.58,101001.21,100993.22,101000.48
14962.692615184,6829,101000.12,101405.22,100997.47,104484.21,101005.6,101000.15,100998.31,101007.46
14962.713073962,6830,100992.13,101385.05,100994.5,104484.21,101016.6,101006.27,100998.31,101015.47
14962.733595455,6831,100992.13,101401.18,100983.52,104482.01,101008.57,100989.18,101002.32,101016.5
14962.754060011,6832,100997.19,101389.08,100974.47,104466.01,101014.68,101000.15,101006.34,101000.48
14962.77462483,6833,100997.19,101598.83,100986.49,104562.0,101013.63,101000.15,101007.41,101005.52
14962.798860875,6834,101002.25,101751.05,100980.41,104578.0,101014.68,100998.03,101003.39,101006.42
14962.819471623,6835,100994.26,101686.51,100982.48,104570.0,101007.7,101003.1,101003.39,100999.45
14962.839700743,6836,100994.26,101687.57,100980.41,104560.21,101022.72,101003.1,101002.32,101007.46
14962.860649152,6837,100993.19,101687.57,100985.45,104551.8,101027.79,101003.92,100997.24,101008.49
14962.881118185,6838,101001.18,101676.54,100990.5,104546.0,101018.7,101005.21,101006.34,100997.38
14962.90165391,6839,101000.12,101678.44,101000.58,104542.0,101014.68,100999.09,101003.39,100998.41
14962.922091706,6840,100992.13,101667.4,100982.48,104550.0,101022.72,100992.13,101007.41,101015.47
14962.94641303,6841,101002.25,101671.44,100992.43,104544.21,101022.72,101002.04,100997.24,101009.53
14962.966429909,6842,100997.19,101663.37,100975.5,104539.11,101009.62,100996.14,101007.41,101005.39
14962.987501685,6843,100993.19,101642.14,100987.52,104546.0,101022.72,100999.09,101001.26,101003.45
14963.007610593,6844,100980.14,101660.4,100998.51,104538.0,101016.6,100998.03,101021.35,101007.46
14963.028736932,6845,101000.12,101653.17,100996.58,104538.0,101016.6,101002.27,100993.22,101011.6
14963.048673649,6846,100986.27,101938.74,101000.58,104606.0,101020.62,100995.08,101009.3,101009.53
14963.069699045,6847,100993.19,102058.69,100987.52,104658.0,101012.77,100998.03,100998.31,100995.44
14963.090150822,6848,100989.2,102013.25,100988.56,104642.0,101010.67,101004.16,101000.2,100999.45
14963.113832879,6849,101000.12,102010.29,100986.49,104627.1,101012.58,100996.14,101003.39,101011.46
14963.134514614,6850,101000.12,102002.22,100982.48,104630.0,101014.68,100998.26,101003.39,101008.49
14963.154981875,6851,101000.12,101994.15,100983.52,104624.21,101011.72,100984.11,100998.31,101007.46
14963.176197789,6852,100989.2,101986.08,100982.48,104626.0,101012.77,101002.04,101001.26,101009.53
14963.196767104,6853,100988.13,101982.05,100979.51,104618.0,101024.82,101002.27,100997.24,101011.46
14963.218246086,6854,101001.18,101969.95,100983.52,104626.0,101023.77,100992.13,101003.39,101008.49
14963.237766484,6855,100988.13,101964.84,100991.53,104611.1,101009.62,101004.16,101011.43,101011.46
14963.258029725,6856,100993.19,101962.95,100983.52,104622.0,101015.74,101007.1,101001.26,101001.52
14963.281854138,6857,100992.13,101965.91,100991.53,104610.0,101006.65,100997.2,101002.32,100997.38
14963.302470674,6858,101011.04,101963.77,100984.55,104608.21,101012.77,101005.21,100993.22,101012.5
14963.322954991,6859,100993.19,102244.27,100997.47,104688.2,101012.77,101005.21,101001.26,100999.45
14963.343564757,6860,101000.12,102401.6,100983.52,104720.9,101018.7,100991.07,100993.22,101007.46
14963.364075494,6861,100991.06,102357.23,100990.5,104707.1,101012.58,100999.09,101000.2,101009.53
14963.384905644,6862,100993.19,102340.02,100978.47,104698.0,101017.65,101008.16,100999.13,101007.46
14963.405115675,6863,101001.18,102323.88,100996.44,104692.2,101008.75,101008.16,101009.3,101010.43
14963.425741786,6864,101002.25,102315.81,100978.47,104690.0,101023.77,101014.29,101001.26,101017.54
14963.449885952,6865,101002.25,102316.88,100982.48,104694.0,101023.77,100993.19,100996.18,101011.46
14963.470534507,6866,100985.2,102312.85,100990.5,104690.0,101024.82,101000.98,100997.24,101015.47
14963.490957631,6867,100993.19,102316.88,100982.48,104702.41,101023.77,100998.03,101001.26,101007.46
14963.511626187,6868,100992.13,102314.74,100982.48,104690.0,101012.58,100997.2,101002.32,101007.46
14963.53214799,6869,100996.12,102308.81,100974.47,104674.0,101009.62,101008.16,100990.27,101008.49
14963.552716484,6870,101002.25,102307.74,100986.49,104698.0,101021.67,101007.1,100990.27,101019.47
14963.573162602,6871,101001.18,102288.64,100982.48,104682.0,101022.72,100996.14,100998.31,101001.52
14963.593723685,6872,100993.99,102561.91,101000.58,104734.0,101024.63,101004.16,100993.22,101002.42
14963.61786656,6873,100995.06,102791.88,100978.47,104826.0,101014.68,101004.16,100992.16,101004.49
14963.638550638,6874,100987.07,102723.29,100986.49,104810.0,101022.72,100998.26,101001.26,101004.49
14963.659243651,6875,100992.13,102727.32,100986.49,104795.1,101014.68,100994.02,100992.16,101013.53
14963.679677671,6876,100988.13,102704.19,100999.55,104787.1,101020.8,101008.39,101001.26,101009.53
14963.700022066,6877,100988.13,102696.12,100979.51,104784.9,101016.79,101002.27,101005.28,101015.47
14963.7206174,6878,101001.18,102695.05,100979.51,104788.21,101021.67,100999.09,101012.25,101003.45
14963.741141457,6879,100998.25,102679.98,100986.63,104774.0,101013.63,101001.21,100993.22,101008.49
14963.761720036,6880,100993.19,102674.87,100978.47,104780.21,101021.67,101004.16,101001.26,101003.45
14963.785955791,6881,100993.19,102679.98,100985.45,104788.21,101014.68,101006.27,100998.07,100999.45
14963.80653423,6882,100992.13,102654.7,100983.52,104773.31,101021.67,100998.26,101005.28,101001.52
14963.827072508,6883,101001.18,102666.81,100982.48,104770.0,101015.74,100994.02,100997.24,101001.52
14963.847696786,6884,100993.19,102650.67,100982.48,104766.0,101022.72,100992.13,100995.11,101007.46
14963.868170697,6885,101004.11,102792.95,101000.58,104810.0,101015.74,101000.15,100995.11,101008.49
14963.888631118,6886,100983.07,103142.91,100986.49,104890.0,101017.65,100999.32,101001.26,101000.48
14963.909192771,6887,101005.18,103067.32,100985.59,104883.11,101013.63,101004.16,101000.2,101007.46
14963.929786593,6888,100993.19,103050.1,100986.49,104868.21,101015.74,100998.26,101005.28,100998.41
14963.953918341,6889,100992.13,103057.37,100998.51,104867.1,101010.67,101003.1,100993.22,101017.54
14963.974550892,6890,100993.19,103036.12,100984.55,104866.0,101021.67,100995.08,101000.2,101013.53
14963.994933765,6891,101000.12,103038.0,100986.49,104866.0,101014.68,101002.27,100997.24,101013.53
14964.015650963,6892,100988.13,103026.97,100982.48,104872.21,101011.53,101004.16,101007.17,101000.48
14964.036121219,6893,100992.13,103031.01,100975.5,104862.42,101014.68,100998.26,101013.31,101007.46
14964.057535884,6894,100999.05,103017.82,100983.52,104862.0,101013.63,101004.16,100997.24,101007.46
14964.077153608,6895,100997.19,103009.75,100982.48,104866.0,101023.77,101000.15,100999.13,101012.5
14964.098369101,6896,100996.12,103013.79,100982.48,104866.0,101014.68,101004.16,101007.17,100999.45
14964.121914852,6897,100997.19,103001.68,100999.55,104858.0,101013.63,101004.16,100996.18,101008.49
14964.142563126,6898,100994.26,103138.87,100982.48,104900.9,101016.6,100990.01,100992.16,101013.53
14964.162971468,6899,100989.2,103548.29,100983.52,104958.0,101021.67,101004.16,101001.26,101007.46
14964.183731342,6900,101002.25,103488.84,100994.5,104946.0,101023.77,101004.16,101001.26,101008.49
14964.204181587,6901,100996.12,103466.8,100981.45,104938.0,101010.67,100999.09,101000.2,101002.42
14964.224712393,6902,100994.26,103445.54,100990.5,104946.0,101014.68,101012.17,101006.34,101004.49
14964.245190601,6903,101001.18,103430.48,100986.49,104938.0,101019.75,101004.16,101005.28,101012.5
14964.269475169,6904,100988.13,103430.48,100986.49,104933.32,101022.72,100989.18,101000.2,101007.46
14964.289483676,6905,100992.13,103410.3,100986.49,104938.0,101014.68,100988.12,101004.21,101007.46
14964.310518135,6906,100988.13,103410.3,100983.52,104938.0,101013.63,101003.1,101021.35,100999.45
14964.33059892,6907,100992.13,103404.1,100995.54,104930.0,101003.5,100996.14,101000.2,101004.49
14964.351857639,6908,100988.13,103389.04,100992.43,104923.11,101018.7,101005.21,101001.26,101007.46
14964.372090124,6909,101000.12,103398.2,100992.57,104928.21,101006.65,100996.14,101002.32,101007.46
14964.392746652,6910,100992.13,103391.21,100980.55,104926.0,101015.74,100994.02,101000.2,101007.46
14964.412884494,6911,100988.13,103605.86,100994.5,104986.0,101016.79,100993.19,100997.24,101011.46
14964.436892754,6912,101000.12,103930.87,100984.55,105022.01,101008.57,100993.19,101009.3,101001.52
14964.457513637,6913,100998.25,103863.35,100995.54,105018.01,101010.67,101004.16,100993.22,101008.49
14964.478049181,6914,100988.13,103834.02,100978.47,105011.11,101024.82,100994.02,101001.26,101015.47
14964.498659058,6915,101001.18,103820.83,100983.52,105002.01,101013.63,101000.15,101009.3,101008.49
14964.519619515,6916,100999.05,103821.91,100979.51,105004.9,101009.62,101003.1,100993.22,101007.46
14964.539973975,6917,100993.19,103819.74,100990.5,105010.01,101020.62,100997.2,100999.13,101012.5
14964.560650883,6918,101000.12,103816.79,100981.45,105003.11,101010.67,101003.1,101001.26,101017.54
14964.580704537,6919,101000.12,103808.72,100998.51,104997.32,101020.62,101004.16,100997.24,101007.46
14964.604934934,6920,100992.13,103800.65,100994.5,104994.01,101014.68,101000.15,100995.11,101004.49
14964.625554936,6921,100991.06,103801.73,100999.55,104995.11,101021.67,100994.02,100995.11,101007.46
14964.64597824,6922,100996.12,103801.73,100986.49,104994.01,101012.77,101006.27,101002.32,101007.46
14964.666806988,6923,101008.11,103793.66,100998.51,104990.01,101010.67,101006.27,101001.26,101000.48
14964.687144142,6924,100984.14,104128.62,101003.55,105029.32,101014.68,100997.2,100996.18,100999.45
14964.707711353,6925,100988.13,104354.64,100986.49,105103.8,101006.65,100995.08,101000.2,100999.45
14964.728152034,6926,101001.18,104293.01,100982.48,105090.01,101016.79,101004.16,101002.32,101004.49
14964.74882804,6927,100993.19,104261.81,100984.55,105078.01,101018.7,100998.03,100993.22,101007.46
14964.772917013,6928,100988.13,104258.86,100984.55,105067.12,101013.63,101002.27,101001.26,101006.42
14964.793504606,6929,100985.2,104235.41,100988.56,105058.01,101021.67,101002.27,101008.23,101008.49
14964.813971436,6930,100999.05,104218.5,100998.51,105062.01,101012.58,100996.14,100997.24,101003.45
14964.834732762,6931,100990.26,104203.13,100990.5,105062.01,101013.63,101000.15,101009.3,101011.46
14964.85509245,6932,100997.19,104209.34,100988.56,105054.01,101014.68,101004.16,101009.3,101015.47
14964.875742627,6933,100992.13,104196.14,100983.52,105058.01,101011.72,100997.2,101001.26,100999.45
14964.896433276,6934,101004.11,104192.11,100983.52,105058.01,101008.57,100993.19,101001.26,100999.45
14964.918511976,6935,100988.13,104194.29,100982.48,105058.01,101006.65,100998.03,100996.18,101011.46
14964.940962117,6936,100992.13,104181.09,100984.55,105054.01,101027.79,101006.27,101001.26,101017.54
14964.961581809,6937,100988.13,104427.29,100984.55,105090.01,101016.79,100998.03,100997.24,101011.46
14964.982037923,6938,100993.19,104742.11,100987.52,105154.02,101016.79,100987.06,101001.26,101009.53
14965.002700329,6939,100992.13,104673.49,100993.6,105138.02,101012.58,101002.04,100994.29,101003.45
14965.023314712,6940,100997.19,104653.31,100989.6,105124.23,101018.7,100992.13,101001.26,101008.49
14965.043733419,6941,100991.06,104641.2,100991.53,105118.01,101014.68,101005.21,100998.31,101005.52
14965.064234321,6942,100988.13,104641.2,100994.5,105130.01,101017.65,101003.1,101009.3,101016.5
14965.0854011,6943,100997.19,104643.05,100983.52,105140.23,101014.68,100994.02,101015.2,100999.45
14965.108912208,6944,100999.05,104630.94,100983.52,105130.01,101023.77,101001.21,101006.34,101004.49
14965.1295452,6945,101000.12,104616.98,100982.48,105122.01,101012.58,100999.09,100997.24,101010.43
14965.150030087,6946,100992.13,104610.76,100985.59,105122.01,101020.62,100996.14,100996.18,101007.46
14965.170699313,6947,100988.13,104607.82,100992.57,105114.01,101010.67,100997.2,101006.34,101007.46
14965.192113077,6948,101000.12,104598.65,100983.52,105118.01,101009.62,101005.21,100997.24,101004.49
14965.211639163,6949,100990.26,104591.67,100978.61,105108.91,101009.62,100992.13,101002.32,101008.49
14965.232141206,6950,100992.13,104862.11,100983.52,105184.91,101021.67,101004.16,101002.32,101007.46
14965.252737522,6951,100996.12,105205.21,100983.52,105224.92,101013.63,101004.16,100996.18,101006.42
14965.276921449,6952,101000.12,105149.8,100986.49,105202.02,101006.65,101004.16,101005.28,101003.45
14965.297526407,6953,100993.19,105116.41,100983.52,105218.02,101014.68,100992.13,101001.26,101008.49
14965.317972145,6954,100991.06,105115.31,100986.49,105202.02,101012.58,100997.2,101002.32,101009.53
14965.338687502,6955,101002.25,105105.39,101000.58,105204.24,101003.5,101006.27,101004.21,101003.45
14965.359086819,6956,100997.19,105088.15,100999.55,105194.02,101015.74,100998.26,101001.26,101008.49
14965.379842036,6957,101008.11,105077.14,100988.56,105186.02,101008.57,100997.2,100990.03,101007.46
14965.40025249,6958,100990.26,105065.03,100984.55,105178.02,101013.63,100996.14,101005.28,101012.5
14965.424472862,6959,101000.12,105077.14,100991.53,105180.91,101020.62,101001.21,101008.23,101004.49
14965.444933663,6960,100984.14,105063.93,100983.52,105186.02,101010.67,101004.16,101001.26,101000.48
14965.466103647,6961,101000.12,105051.82,100982.48,105184.91,101011.72,101011.34,100999.37,101009.53
14965.485639137,6962,100996.12,105063.93,101001.62,105170.02,101022.72,101000.15,101001.26,101007.46
14965.506672465,6963,101000.12,105052.92,100982.48,105166.02,101010.67,101004.16,100997.24,101006.42
14965.527266758,6964,100993.19,105027.6,100999.55,105166.02,101010.67,100997.2,101001.26,101001.52
14965.547999009,6965,100992.13,105043.75,100994.5,105210.02,101014.68,101008.16,100996.18,101012.5
14965.568202731,6966,100987.07,105044.84,100993.47,105242.03,101006.65,100995.08,101001.26,101009.53
14965.592482523,6967,100989.2,105027.6,100982.48,105327.14,101013.63,101002.27,101005.28,101007.46
14965.612514134,6968,100992.13,105093.28,100978.47,105378.04,101012.58,100999.09,101001.26,101008.49
14965.633600351,6969,101000.12,105077.14,100980.55,105445.38,101021.67,100997.2,101001.26,101016.5
14965.653714838,6970,101001.18,105063.93,100976.54,105505.39,101009.62,101005.21,101009.3,101007.46
14965.674715075,6971,100996.12,105089.25,100982.48,105530.07,101021.67,100991.07,101001.26,101009.53
14965.694785305,6972,101000.12,105125.58,100994.5,105566.07,101013.63,100993.19,100999.37,101011.46
14965.717968737,6973,100989.2,105139.53,100984.55,105590.08,101010.67,100994.25,100997.0,101015.47
14965.736167804,6974,101003.31,105148.7,100982.48,105605.41,101015.55,101003.1,101003.39,101016.5
14965.759906857,6975,100984.14,105161.91,100988.56,105620.97,101020.62,101002.27,101000.2,100995.44
14965.780576775,6976,101002.25,105167.78,100974.47,105627.2,101004.55,100997.2,100997.24,101005.52
14965.801054932,6977,100986.27,105171.82,100984.55,105642.09,101009.62,101002.27,101001.26,101007.46
14965.821661773,6978,100986.0,105192.0,100982.48,105666.09,101012.58,101002.27,100994.29,101009.53
14965.842672857,6979,100988.13,105196.04,100984.55,105716.33,101030.75,100994.02,101004.21,101009.53
14965.862810308,6980,100992.13,105222.46,100982.48,105762.11,101011.53,101001.21,101008.23,101012.5
14965.883710204,6981,100990.26,105241.54,100979.51,105826.13,101013.63,101002.27,100999.13,101003.45
14965.904262303,6982,100996.12,105284.85,100979.51,105891.26,101020.62,101004.16,101005.28,101009.53
14965.928042919,6983,100984.14,105342.46,100983.52,105934.15,101021.67,101014.29,101003.15,101017.54
14965.948948904,6984,100996.12,105350.54,100982.48,105970.16,101007.51,101001.21,100999.13,101001.52
14965.969044552,6985,100992.13,105390.9,100974.47,105994.17,101013.63,101004.16,101002.32,101008.49
14965.989696071,6986,101000.12,105426.13,100978.47,106030.18,101020.62,100995.08,100993.22,101003.45
14966.010145926,6987,100981.21,105463.57,100991.53,106062.65,101021.67,101001.21,101001.26,101007.46
14966.030802122,6988,100990.26,105509.08,100994.5,106106.2,101013.63,100995.08,101001.26,101017.54
14966.051605792,6989,100993.19,105559.35,100982.48,106175.34,101022.72,100996.14,100993.22,101003.45
14966.071722953,6990,100984.14,105603.76,100998.51,106232.48,101023.77,101005.21,100995.11,101007.46
14966.095906368,6991,100992.13,105657.34,100996.44,106299.38,101028.84,100984.11,101001.26,101015.47
14966.116569515,6992,101002.25,105713.86,101003.55,106377.65,101022.72,100999.09,101001.26,100999.45
14966.137073401,6993,101002.25,105793.5,100996.58,106450.32,101014.68,101005.21,100998.31,101011.46
14966.157625861,6994,100990.26,105851.13,100994.5,106502.34,101021.67,100993.19,101002.32,101011.46
14966.178339184,6995,101000.12,105899.58,100998.51,106545.24,101013.63,100991.07,101002.32,101000.48
14966.198977103,6996,101002.25,105946.92,100980.41,106585.25,101021.67,101002.27,101000.2,101015.47
14966.219809406,6997,101002.25,105986.18,100994.5,106610.38,101017.65,100997.2,101001.26,101011.46
14966.239847768,6998,100993.19,106043.81,100983.52,106641.76,101012.58,100992.13,100997.24,101011.46
14966.263933355,6999,100996.12,106075.01,100997.47,106661.29,101017.65,101000.15,100997.24,101015.47
14966.284543772,7000,100996.12,106132.64,100986.49,106709.79,101020.62,101013.23,101005.28,101009.53
14966.305003682,7001,100988.13,106174.12,100986.49,106762.45,101012.58,101005.21,100997.24,101013.53
14966.32578007,7002,100988.13,106226.61,100980.55,106837.36,101022.72,101005.21,100996.18,101014.43
14966.346269825,7003,100985.2,106286.06,100976.54,106911.64,101019.57,100998.26,101005.28,101015.47
14966.367058362,7004,100994.26,106349.56,100982.48,106938.53,101020.62,100997.2,101001.26,101008.49
14966.388308567,7005,100993.19,106407.19,100979.51,106986.56,101022.72,101005.21,101001.26,101016.5
14966.407778909,7006,100998.25,106475.13,100982.48,107001.44,101015.74,100998.03,101005.28,101023.48
14966.431964428,7007,100992.13,106540.44,101003.55,107034.58,101017.65,101002.04,101001.26,101006.42
14966.45259778,7008,100989.2,106569.82,100974.47,107066.6,101011.72,101006.27,101002.32,101006.42
14966.473004749,7009,100996.12,106643.61,100982.48,107089.49,101021.67,100999.09,101009.3,101006.42
14966.494305521,7010,101002.25,106692.07,100983.52,107118.63,101024.63,101006.27,100998.31,101017.54
14966.514202138,7011,100984.14,106771.72,100970.46,107098.62,101026.74,101000.15,100999.13,101009.39
14966.534735909,7012,100984.14,106823.1,100995.54,107150.64,101028.65,100996.14,100992.16,101023.48
14966.55520994,7013,100985.2,106906.78,100987.52,107214.68,101022.72,101000.15,100997.24,101018.44
14966.576265912,7014,100985.2,106989.78,101000.58,107266.71,101022.72,100999.09,101000.2,101015.47
14966.599970763,7015,100984.14,107061.35,100998.51,107314.74,101027.6,100998.26,100997.24,101005.52
14966.620635462,7016,100993.19,107132.92,100999.55,107373.64,101012.58,100994.02,101004.21,101015.47
14966.641136574,7017,100998.25,107198.65,100990.5,107401.04,101024.82,100998.03,100997.24,101015.47
14966.661677927,7018,100998.25,107257.43,100986.49,107410.79,101022.72,100995.08,100997.24,101007.46
14966.682170606,7019,100994.26,107307.69,100988.56,107434.81,101023.77,101000.15,101000.2,101016.5
14966.702748714,7020,100986.27,107360.19,100991.53,107478.83,101022.72,100996.14,101008.23,101016.5
14966.723347814,7021,100996.39,107410.89,101000.58,107532.0,101017.65,101000.15,101001.26,101009.39
14966.747500854,7022,100996.12,107474.39,100998.51,107584.64,101022.72,101002.27,101001.26,101005.52
14966.76760817,7023,100994.26,107529.81,100983.52,107686.97,101022.72,100994.25,100999.37,101015.47
14966.788631662,7024,100988.13,107642.9,100987.52,107747.01,101032.67,101009.22,101001.26,101009.53
14966.809056449,7025,100985.2,107731.75,100983.52,107791.04,101024.82,101004.16,101000.2,101010.43
14966.829704583,7026,100978.28,107825.77,100978.47,107847.08,101012.58,101003.33,101003.39,101018.44
14966.850142659,7027,100997.19,107800.41,100987.52,107907.12,101025.68,101006.04,101001.26,101015.47
14966.870822311,7028,100996.12,107855.17,100997.47,107907.12,101036.87,101004.16,101009.3,101011.46
14966.891298946,7029,100986.27,107922.71,100986.49,107923.13,101015.74,101003.1,101009.3,101011.46
14966.917063926,7030,100986.27,107952.11,100992.57,107943.14,101023.77,100994.02,101001.26,101017.54
14966.93559829,7031,100988.13,108014.48,100984.55,107987.18,101026.74,100996.14,100996.18,101009.53
14966.956583495,7032,100991.06,108071.03,100982.48,108043.22,101021.67,100996.14,100997.24,101010.56
14966.976648527,7033,100985.2,108154.72,100998.51,108122.68,101021.67,101006.27,101009.3,101014.43
14966.997736687,7034,100992.13,108242.93,101000.58,108179.32,101027.79,101008.16,101006.34,101015.47
14967.018196076,7035,100992.13,108311.6,100986.49,108246.78,101023.77,101004.16,101001.26,101011.46
14967.038853304,7036,100994.26,108391.26,100982.48,108271.94,101025.68,100996.14,101001.26,101016.5
14967.059339854,7037,100984.14,108443.78,100980.55,108315.43,101018.7,100992.13,101002.32,101015.47
14967.082969872,7038,100989.2,108485.3,100983.52,108347.46,101023.77,101003.1,101001.26,101015.47
14967.103578456,7039,100994.26,108569.0,100987.52,108387.49,101014.68,100992.13,101001.26,101008.49
14967.124088992,7040,101000.12,108612.31,100986.49,108419.51,101023.77,100990.01,101003.39,101016.5
14967.144690336,7041,100976.15,108687.93,100988.56,108443.53,101023.58,100994.02,101001.26,101007.46
14967.16577403,7042,100989.2,108750.79,100982.48,108499.58,101021.67,100995.31,100993.22,101000.48
14967.185836988,7043,100992.13,108815.43,100978.47,108550.49,101033.72,101002.04,100994.29,101011.46
14967.206702421,7044,100988.13,108903.17,100982.48,108613.4,101013.63,101003.1,100997.24,101005.52
14967.22690382,7045,100994.26,108960.87,100980.55,108678.02,101022.72,101001.21,100997.24,101015.47
14967.251011971,7046,101001.18,109038.76,100988.56,108735.21,101021.67,100994.02,101009.3,101017.54
14967.271650661,7047,100994.26,109095.33,100974.47,108763.82,101026.74,101006.27,100998.31,101019.47
14967.292101417,7048,100976.15,109179.03,100979.51,108802.71,101024.82,100997.2,100993.22,101019.47
14967.312774328,7049,100984.14,109259.21,100994.64,108835.88,101021.67,101003.1,101000.2,101016.5
14967.333156841,7050,100989.2,109341.27,100983.52,108864.48,101026.74,101002.27,100995.11,101010.43
14967.353949293,7051,100988.13,109425.49,100983.52,108937.69,101024.82,100998.03,100996.18,101015.47
14967.374767185,7052,100994.26,109479.16,100991.53,108977.73,101014.68,101005.21,100996.18,101011.46
14967.395089386,7053,100988.13,109549.6,100984.55,109038.93,101013.63,100986.0,101001.26,101016.5
14967.419001751,7054,101002.25,109642.54,100983.52,109084.12,101021.67,100995.31,100996.18,101015.47
14967.439599079,7055,100976.15,109781.67,100995.54,109142.47,101022.72,101002.27,100992.16,101015.47
14967.461125532,7056,100988.13,109880.94,100984.55,109188.22,101023.77,101002.04,101003.39,101013.53
14967.480733452,7057,100987.07,110003.31,100982.48,109230.56,101022.72,100996.14,101001.26,101008.49
14967.50119875,7058,100989.2,110087.02,100986.49,109276.31,101030.75,101002.04,100997.24,101020.51
14967.521736587,7059,100990.26,110189.19,100972.53,109312.35,101023.77,101004.16,101002.32,101011.46
14967.542246442,7060,100989.2,110283.29,100984.55,109361.55,101024.63,101005.21,100994.29,101025.55
14967.562825442,7061,100986.27,110382.02,100978.47,109396.44,101027.79,101006.27,100999.13,101018.58
14967.587062618,7062,100984.14,110487.1,100982.48,109428.47,101018.51,100995.08,100983.06,101016.5
14967.607653496,7063,100988.13,110605.45,100996.58,109483.98,101021.67,100995.08,100991.09,101017.54
14967.628128518,7064,100986.27,110726.69,100982.48,109520.57,101030.75,101004.16,100998.31,101023.48
14967.648737263,7065,100986.27,110856.61,100980.55,109576.63,101023.77,100996.14,100994.29,101013.53
14967.669127307,7066,100984.14,110980.17,100986.49,109631.55,101020.62,100994.25,101005.28,101016.5
14967.689785506,7067,100984.14,111102.58,100985.59,109676.75,101028.65,101014.29,101000.2,101025.55
14967.710373279,7068,100994.26,111217.48,100977.44,109716.79,101022.72,100996.14,100999.37,101007.46
14967.731216439,7069,100990.26,111335.86,100990.5,109756.84,101023.77,100996.14,100997.24,101018.58
14967.75499371,7070,100994.26,111451.36,100978.47,109800.89,101030.75,101005.21,101002.32,101017.54
14967.776399531,7071,100984.14,111594.56,100982.48,109838.08,101021.67,101005.21,101006.34,101007.46
14967.796041562,7072,100984.14,111700.82,100984.55,109876.98,101025.68,100996.14,100997.24,101016.5
14967.816780384,7073,100984.14,111788.6,100995.54,109929.04,101025.68,100996.14,100991.33,101017.54
14967.837392924,7074,100993.19,111898.91,100984.55,109973.09,101021.67,101002.04,100997.24,101007.46
14967.857939265,7075,100986.27,111978.6,100982.48,110006.28,101020.62,101002.27,100995.11,101012.5
14967.878339634,7076,100985.2,112112.01,100974.47,110053.19,101023.77,101004.16,101002.32,101012.5
14967.898894317,7077,100988.4,112135.1,100972.53,110101.24,101002.63,100982.22,100985.19,101005.52
14967.922999103,7078,100984.14,112284.15,100980.55,110169.33,101015.74,100997.2,100985.19,101011.46
14967.943612545,7079,100985.2,112355.76,100985.59,110197.36,101010.48,101001.21,101001.26,101007.46
14967.96415528,7080,100990.26,112467.79,100984.55,110285.47,101022.72,100996.14,100993.22,101003.45
14967.984777345,7081,100986.27,112604.09,100992.57,110345.55,101020.62,100997.2,101001.26,101015.47
14968.005173488,7082,100985.2,112712.73,100985.59,110389.61,101020.62,101000.98,101010.36,101013.53
14968.025761231,7083,100989.2,112804.56,100978.47,110421.65,101030.75,100996.14,101001.26,101011.46
14968.046224575,7084,101007.31,112881.39,100983.52,110441.68,101022.72,100996.14,100999.37,101017.54
14968.07054645,7085,100985.2,112957.04,100983.52,110493.21,101036.68,101002.27,100993.22,101007.46
14968.090668208,7086,101002.25,113010.79,100990.5,110517.78,101022.72,101010.28,100996.18,101026.59
14968.111643147,7087,100968.16,113167.32,100984.55,110565.84,101027.79,100991.07,100993.22,101015.47
14968.132119391,7088,100986.27,113316.94,100984.55,110629.93,101013.63,100994.25,100993.22,101003.45
14968.15275103,7089,100984.14,113466.57,100983.52,110702.02,101031.8,100993.19,100994.29,101006.42
14968.173262317,7090,100994.26,113640.47,100978.47,110774.12,101032.67,100992.13,100998.31,101012.5
14968.193787566,7091,100988.13,114352.32,100982.48,111320.08,101026.74,100997.2,101001.26,101009.53
14968.214235928,7092,100989.2,115549.78,100979.51,112204.35,101022.72,100996.14,100997.24,101018.58
14968.23854939,7093,100986.27,115456.72,100979.51,112084.14,101023.77,101004.16,101000.2,101016.5
14968.258615163,7094,100992.13,115421.51,100988.56,111927.88,101018.7,101000.15,101002.32,101017.54
14968.279676473,7095,101072.03,110115.31,101094.69,105574.07,101134.15,101104.37,101121.81,101129.7
14968.29970534,7096,100990.26,108042.75,101004.59,105934.15,101031.8,100997.2,100981.17,101017.54
14968.32152004,7097,100982.27,106783.83,100981.58,105090.01,101000.53,100975.27,100981.17,100991.44
14968.341219007,7098,100977.21,106827.13,100972.53,105050.01,101008.75,100990.24,100989.21,100991.44
14968.361860521,7099,100981.21,106407.19,100980.55,104926.0,101007.7,100986.23,100977.15,100999.45
14968.382352289,7100,101002.25,106199.46,100987.52,105362.04,101035.82,101006.04,100995.35,101019.61
14968.406073425,7101,100980.14,106271.02,100977.57,104926.0,101008.75,100980.1,100994.29,101004.49
14968.42661637,7102,100976.15,106121.63,100959.47,105010.01,100997.56,100965.96,100991.33,100985.5
14968.447700314,7103,100993.19,106140.71,100976.54,105075.12,101008.57,100979.05,100991.33,100992.47
14968.467801891,7104,100976.15,105946.92,100980.55,105102.01,101010.67,101001.21,101001.26,101005.52
14968.488786234,7105,100980.14,105894.43,100980.55,105130.01,101004.55,100996.14,100995.35,100993.51
14968.508743082,7106,100985.2,105883.43,100972.53,105120.91,101008.57,100988.12,100995.35,100999.45
14968.530261193,7107,100994.26,105890.4,100987.52,105154.02,101006.65,101004.16,100995.35,101009.53
14968.550563694,7108,101000.12,106125.67,101000.58,105813.46,101030.75,101013.23,101019.46,101016.5
14968.574006218,7109,101009.17,106770.6,101011.57,106910.52,101036.68,101033.27,101033.41,101035.5
14968.594633281,7110,100993.19,105931.88,100996.58,105362.04,101022.72,101004.16,100999.37,101015.47
14968.615099259,7111,100952.17,105162.65,100948.49,105236.24,100989.53,100986.23,100977.15,100983.43
14968.63571891,7112,101013.17,102089.9,100997.61,104762.0,101010.67,100989.18,101002.32,101022.44
14968.656171709,7113,101018.23,100206.35,101044.66,106685.78,101037.74,101045.3,101050.54,101081.63
14968.676775937,7114,100968.16,98967.47,100975.5,104647.1,101020.62,100974.21,101003.39,101033.56
14968.697791918,7115,100991.33,98491.78,100954.57,104364.22,100957.39,100946.98,100973.13,100984.46
14968.719295036,7116,100942.32,98671.22,100945.52,104409.31,100959.5,100954.16,100954.11,100973.48
14968.742009188,7117,100966.29,98644.96,100942.41,104421.31,100992.68,100974.21,101003.39,100996.48
14968.762595849,7118,101014.23,100273.85,100944.48,104450.01,100981.5,100980.1,100982.23,100973.48
14968.783086465,7119,101001.18,98882.81,101004.59,104462.01,101045.77,101003.1,101011.43,101006.42
14968.803751795,7120,100954.3,98804.26,100973.57,104469.31,101005.6,100994.25,100995.35,100999.45
14968.824235912,7121,100994.26,98823.38,100980.55,104460.21,101002.63,100996.14,101004.45,101002.55
14968.846262282,7122,100962.29,98852.64,100968.52,104450.01,100981.5,100973.15,100989.21,100959.39
14968.865227569,7123,101025.15,98856.67,101030.57,104278.02,101058.87,101044.24,101030.45,101001.38
14968.885918768,7124,100978.28,98793.2,100944.48,104490.01,100973.65,100964.07,100989.21,100934.33
14968.910024106,7125,101036.34,98848.61,101023.59,104336.22,101038.79,101046.36,101029.39,100981.35
14968.930644198,7126,100924.21,98843.54,100960.51,104372.21,100978.53,100980.1,100974.2,100930.32
14968.951093611,7127,101016.1,98839.5,101019.58,104438.01,101038.79,101030.33,101011.43,100974.38
14968.971785702,7128,100978.28,98920.13,100967.49,104370.02,101015.74,100981.16,100990.27,100992.47
14968.992395358,7129,100948.18,98807.25,100955.47,104322.02,100948.31,100973.15,100970.18,100975.41
14969.012694224,7130,101002.25,98808.29,100975.5,104340.22,100975.38,100992.13,100987.32,100995.44
14969.033210488,7131,101017.16,98828.45,100986.49,104306.02,100986.56,101003.1,101000.44,101018.44
14969.053898122,7132,100998.25,98819.35,100976.54,104645.31,101014.68,101003.1,100995.35,101019.47
14969.078065734,7133,100990.26,98825.46,100983.52,104402.01,101006.65,101000.15,100993.22,101009.53
14969.098640677,7134,100986.27,98799.19,100989.6,104283.12,101011.72,100996.14,100996.42,100999.45
14969.119083681,7135,101005.18,98808.29,100986.49,104291.12,101023.77,101014.29,101008.47,101015.47
14969.150708601,7136,100984.14,98799.19,100996.58,104245.32,101029.7,101000.15,101002.32,101008.49
14969.161534357,7137,100985.2,98792.17,100983.52,104204.23,101020.62,100999.09,101002.32,101009.53
14969.181771379,7138,100980.14,98782.03,100983.52,104180.23,101008.75,100997.2,100998.31,101018.58
14969.205893021,7139,100984.14,98772.01,100975.5,104132.24,101010.67,100989.18,101003.39,101003.45
14969.225955008,7140,100986.27,98751.85,100983.52,104094.05,101011.72,101000.15,101003.39,101004.49
14969.248592684,7141,100992.13,98767.98,100992.57,104098.05,101017.65,101000.15,101002.32,101008.49
