t_pc,sample_idx,S0,S1,S2,S3,S4,S5,S6,S7
6819.312487044,8810,100533.61,97794.96,100537.72,103181.34,100555.25,100553.5,100540.85,100520.22
6819.333208235,8811,100522.69,97818.13,100538.75,103157.33,100550.19,100550.54,100538.73,100523.2
6819.353862343,8812,100533.61,97840.35,100530.73,103135.5,100533.07,100533.44,100539.79,100516.22
6819.374566827,8813,100514.69,97806.03,100520.65,103157.33,100533.07,100534.5,100530.69,100504.2
6819.395247946,8814,100527.74,97822.16,100521.68,102926.35,100531.14,100518.25,100527.72,100513.24
6819.41543421,8815,100534.67,97837.27,100529.7,103174.42,100538.13,100532.39,100541.69,100528.24
6819.436137957,8816,100530.68,97842.33,100544.83,103206.43,100534.99,100542.52,100546.77,100522.28
6819.459909075,8817,100520.57,97842.33,100533.71,103213.35,100546.17,100530.48,100546.77,100524.23
6819.480504551,8818,100535.73,97847.39,100533.71,103210.43,100542.15,100546.53,100535.55,100524.23
6819.501425142,8819,100525.62,97862.5,100534.74,103230.44,100545.12,100538.51,100529.63,100538.31
6819.521646896,8820,100526.68,97874.6,100545.74,103239.53,100536.04,100533.44,100534.71,100550.33
6819.542237851,8821,100534.67,97869.54,100530.73,103246.45,100539.18,100537.45,100530.69,100546.33
6819.562728402,8822,100530.68,97868.51,100531.76,103255.54,100549.14,100544.42,100535.55,100547.36
6819.583465623,8823,100536.8,97878.63,100530.73,103263.54,100549.14,100537.45,100538.73,100558.35
6819.607209799,8824,100522.69,97882.67,100530.73,103280.63,100545.12,100545.48,100538.73,100562.35
6819.627894591,8825,100526.68,97899.83,100538.75,103288.64,100538.13,100550.54,100537.67,100550.33
6819.648588327,8826,100514.69,97893.82,100535.77,103294.46,100542.15,100533.44,100534.71,100551.36
6819.669244634,8827,100537.61,97909.87,100536.69,103298.46,100557.18,100541.47,100530.69,100554.34
6819.689866884,8828,100537.61,97941.19,100542.76,103338.48,100563.29,100557.51,100564.76,100561.32
6819.710511436,8829,100522.69,97943.17,100530.73,103327.56,100555.25,100542.52,100546.77,100541.29
6819.731144271,8830,100522.69,97939.13,100530.73,103342.48,100544.08,100525.42,100523.7,100538.31
6819.751792499,8831,100530.68,98165.01,100529.7,103366.49,100549.14,100534.5,100538.73,100546.33
6819.775149674,8832,100538.67,97955.27,100537.72,103348.66,100550.19,100548.44,100544.65,100538.31
6819.795792066,8833,100530.68,97957.33,100538.75,103382.49,100549.14,100532.39,100538.73,100531.33
6819.816479975,8834,100524.56,97945.23,100519.62,103394.5,100539.18,100544.42,100538.73,100522.28
6819.837133539,8835,100512.57,97960.33,100538.75,103414.5,100554.21,100550.54,100548.89,100553.31
6819.857772909,8836,100530.68,97955.27,100522.71,103402.5,100554.21,100537.45,100542.75,100541.29
6819.878502478,8837,100521.63,97955.27,100528.67,103408.68,100552.28,100532.39,100530.69,100557.32
6819.899065723,8838,100526.68,97959.3,100530.73,103416.68,100548.26,100541.47,100539.79,100550.45
6819.919806934,8839,100531.74,97967.37,100538.75,103414.5,100555.25,100541.47,100538.73,100551.36
6819.943084759,8840,100537.61,97964.36,100535.77,103416.68,100563.29,100549.49,100547.83,100548.39
6819.963757668,8841,100512.57,97963.34,100530.73,103414.5,100547.21,100534.5,100530.69,100554.34
6819.984438842,8842,100522.69,97964.36,100528.67,103428.69,100546.17,100532.39,100539.79,100547.36
6820.005121346,8843,100522.69,97972.43,100528.67,103436.69,100549.31,100537.45,100537.67,100556.29
6820.025800654,8844,100526.68,97972.43,100522.71,103435.6,100534.11,100534.5,100537.67,100562.35
6820.046467828,8845,100522.69,97970.37,100536.8,103436.69,100539.18,100534.5,100550.79,100558.35
6820.067101879,8846,100524.56,97972.43,100530.73,103432.69,100538.13,100541.47,100538.73,100560.41
6820.087765053,8847,100538.67,97981.53,100522.71,103440.69,100534.11,100532.39,100534.71,100562.35
6820.111060132,8848,100545.6,97979.47,100522.71,103448.69,100531.14,100534.5,100544.87,100564.42
6820.131741481,8849,100539.73,97991.57,100541.73,103440.69,100554.21,100544.42,100546.77,100554.34
6820.152420872,8850,100534.67,97992.6,100530.73,103454.88,100553.16,100537.45,100548.89,100563.38
6820.172984748,8851,100522.69,97988.57,100535.77,103441.78,100525.03,100534.5,100534.71,100556.4
6820.193474319,8852,100532.55,97985.56,100529.7,103452.7,100541.1,100532.39,100534.71,100558.35
6820.214059573,8853,100522.69,97991.57,100527.75,103455.61,100532.18,100546.53,100543.81,100556.4
6820.234723986,8854,100530.68,97992.6,100530.73,103452.7,100539.18,100537.45,100538.73,100555.37
6820.255241757,8855,100550.66,98012.77,100538.75,103463.61,100546.17,100549.49,100547.83,100554.34
6820.278994648,8856,100526.68,97996.63,100530.73,103461.79,100541.27,100534.5,100534.71,100555.37
6820.299615021,8857,100518.69,97991.57,100519.73,103472.7,100551.23,100542.52,100536.83,100551.36
6820.320211888,8858,100521.63,97999.64,100548.84,103474.88,100551.23,100544.42,100546.77,100548.39
6820.340782849,8859,100535.73,98019.8,100531.76,103456.7,100553.16,100549.49,100538.73,100551.36
6820.361386172,8860,100522.69,97997.66,100522.71,103456.7,100553.16,100548.44,100539.79,100540.37
6820.381997017,8861,100522.69,98009.76,100532.68,103465.79,100545.12,100539.56,100540.85,100538.31
6820.402629101,8862,100527.74,98001.7,100539.78,103476.7,100563.29,100550.54,100543.81,100547.36
6820.423202854,8863,100529.62,98011.74,100530.73,103451.61,100557.34,100550.54,100546.77,100556.4
6820.446984471,8864,100522.69,98025.9,100530.73,103464.7,100556.3,100548.44,100536.61,100541.29
6820.467642007,8865,100526.68,98012.77,100531.76,103472.7,100546.17,100540.41,100534.71,100539.34
6820.488371869,8866,100525.62,97997.66,100529.7,103473.79,100558.22,100533.44,100530.69,100530.3
6820.508793199,8867,100534.67,98001.7,100530.73,103476.7,100546.17,100554.56,100534.71,100546.33
6820.529431057,8868,100534.67,98012.77,100530.73,103468.7,100559.27,100541.47,100525.61,100554.34
6820.549938023,8869,100523.75,98021.86,100528.67,103465.79,100555.25,100533.44,100546.77,100537.28
6820.570571062,8870,100541.61,98008.73,100538.75,103472.7,100542.15,100540.41,100540.85,100546.33
6820.591179958,8871,100526.68,97999.64,100530.73,103472.7,100554.21,100542.52,100540.85,100540.37
6820.614931585,8872,100528.56,98012.77,100536.8,103469.79,100549.14,100532.39,100535.77,100548.39
6820.635582873,8873,100526.68,98015.77,100538.75,103464.7,100550.19,100550.54,100542.75,100554.34
6820.656148111,8874,100530.68,98013.8,100529.7,103466.88,100542.15,100549.49,100530.69,100548.39
6820.676746801,8875,100538.67,98005.73,100530.73,103480.71,100546.17,100532.39,100547.83,100546.33
6820.697295733,8876,100528.56,98016.8,100543.8,103480.71,100547.21,100554.56,100544.87,100557.43
6820.717983763,8877,100530.68,98020.83,100533.71,103473.79,100546.17,100550.54,100539.79,100556.4
6820.738510489,8878,100522.69,98020.83,100526.72,103476.7,100545.12,100530.48,100539.79,100550.33
6820.762322958,8879,100524.56,98008.73,100524.66,103476.7,100535.16,100531.33,100534.71,100543.35
6820.782958304,8880,100538.67,98011.74,100533.71,103486.53,100535.16,100542.52,100544.87,100554.34
6820.803777408,8881,100529.62,98021.86,100529.7,103481.8,100550.19,100540.41,100545.71,100548.39
6820.824670252,8882,100522.69,98012.77,100522.71,103474.88,100546.17,100528.38,100532.8,100551.36
6820.848442901,8883,100538.67,98007.7,100534.74,103489.8,100541.1,100529.43,100540.85,100555.37
6820.86534242,8884,100522.69,98005.73,100528.67,103480.71,100543.19,100529.43,100538.73,100554.46
6820.886065748,8885,100538.67,98026.84,100528.78,103472.7,100549.31,100541.47,100543.81,100565.33
6820.906627333,8886,100524.56,98035.94,100538.75,103473.79,100543.19,100538.51,100546.77,100556.4
6820.930280437,8887,100530.68,98019.8,100523.74,103488.71,100549.31,100541.47,100538.73,100548.39
6820.950983265,8888,100526.68,98020.83,100530.73,103494.89,100543.19,100549.49,100538.73,100554.34
6820.971638918,8889,100529.62,98030.87,100537.72,103485.8,100551.23,100541.47,100547.83,100560.41
6820.992119402,8890,100534.67,98036.97,100527.75,103485.8,100548.26,100541.47,100547.83,100556.4
6821.012679031,8891,100520.57,98021.86,100534.74,103490.89,100550.19,100538.51,100538.73,100548.39
6821.033516907,8892,100522.69,98029.93,100539.78,103487.62,100547.21,100541.47,100547.83,100542.32
6821.054016255,8893,100530.68,98032.93,100542.76,103492.71,100564.34,100541.47,100542.75,100552.39
6821.074490716,8894,100532.55,98057.14,100540.81,103489.8,100553.32,100534.5,100535.77,100547.36
6821.098264836,8895,100522.69,98039.03,100530.73,103496.71,100543.19,100534.5,100523.7,100542.32
6821.118886338,8896,100530.68,98035.94,100522.71,103495.62,100548.26,100532.39,100554.82,100538.31
6821.139476666,8897,100525.62,98044.01,100538.75,103500.71,100554.21,100554.56,100543.81,100539.34
6821.160206081,8898,100536.8,98043.06,100533.71,103498.89,100546.17,100542.52,100547.83,100536.37
6821.180689828,8899,100521.63,98047.1,100531.76,103496.71,100547.21,100540.41,100528.78,100538.31
6821.20127981,8900,100516.57,98042.03,100530.73,103502.9,100545.12,100532.39,100543.81,100530.3
6821.221839505,8901,100540.55,98052.07,100526.72,103500.71,100547.21,100540.41,100540.85,100543.35
6821.242422154,8902,100530.68,98055.16,100526.72,103499.62,100555.25,100541.47,100539.79,100546.33
6821.266210853,8903,100531.74,98054.13,100535.77,103504.72,100550.19,100542.52,100543.81,100544.38
6821.286789931,8904,100530.68,98046.07,100526.72,103492.71,100543.19,100534.5,100536.83,100538.31
6821.307422979,8905,100522.69,98048.04,100538.75,103504.72,100556.3,100550.54,100544.87,100545.3
6821.327970111,8906,100534.67,98057.14,100540.81,103500.71,100551.23,100538.51,100532.8,100554.34
6821.348619102,8907,100526.68,98059.11,100527.75,103491.62,100549.14,100533.44,100538.73,100550.33
6821.369215443,8908,100535.73,98052.07,100530.73,103497.8,100545.12,100548.44,100544.87,100554.46
6821.389893178,8909,100521.63,98060.14,100530.73,103506.9,100544.24,100540.41,100552.91,100548.27
6821.4105893,8910,100538.67,98064.17,100528.67,103504.72,100540.22,100531.33,100539.79,100547.36
6821.434170076,8911,100529.62,98060.14,100542.76,103500.71,100548.26,100535.55,100546.77,100546.33
6821.454879374,8912,100529.62,98059.11,100539.78,103506.9,100545.29,100534.5,100535.77,100550.33
6821.475367364,8913,100537.61,98055.08,100524.66,103500.71,100549.14,100532.39,100543.81,100547.36
6821.496021999,8914,100533.61,98062.2,100537.72,103501.8,100547.21,100533.44,100546.77,100556.4
6821.516614999,8915,100526.68,98054.13,100530.73,103505.81,100548.26,100540.41,100534.71,100548.39
6821.537187772,8916,100529.62,98063.23,100530.73,103509.81,100556.3,100541.47,100530.69,100547.36
6821.557715112,8917,100522.69,98054.13,100531.76,103506.9,100539.18,100548.44,100539.79,100558.35
6821.578392376,8918,100538.67,98066.23,100528.67,103505.81,100551.23,100558.57,100547.83,100555.37
6821.602148319,8919,100520.57,98066.23,100536.69,103492.71,100545.12,100542.52,100538.73,100560.41
6821.622730683,8920,100530.68,98072.24,100529.7,103504.72,100548.26,100558.57,100544.87,100548.39
6821.643445474,8921,100538.67,98071.3,100530.73,103513.81,100546.17,100537.45,100546.77,100555.37
6821.663964158,8922,100521.63,98069.24,100530.73,103504.72,100549.14,100532.39,100531.75,100546.33
6821.684608853,8923,100534.67,98060.14,100533.71,103512.72,100555.25,100533.44,100540.85,100550.33
6821.705163922,8924,100531.74,98069.24,100537.72,103512.72,100543.19,100537.45,100539.79,100546.33
6821.725712445,8925,100534.67,98075.33,100536.69,103508.72,100550.19,100538.51,100538.73,100550.33
6821.746358509,8926,100538.67,98076.27,100530.73,103511.99,100547.21,100525.42,100548.89,100549.3
6821.770085934,8927,100526.68,98077.3,100539.78,103508.72,100549.31,100538.51,100547.83,100551.36
6821.790743322,8928,100516.57,98077.3,100530.73,103513.81,100549.14,100540.41,100548.89,100547.36
6821.811305588,8929,100531.74,98074.3,100521.68,103512.72,100554.21,100545.48,100543.81,100550.33
6821.831945052,8930,100525.62,98074.3,100534.74,103520.72,100553.32,100545.48,100546.77,100546.33
6821.852521299,8931,100522.69,98070.27,100531.76,103504.72,100556.3,100532.39,100539.79,100548.39
6821.873090481,8932,100522.69,98070.27,100534.74,103504.72,100547.21,100548.44,100532.59,100548.39
6821.893700348,8933,100521.63,98077.3,100526.72,103521.81,100539.18,100538.51,100544.87,100548.39
6821.914240579,8934,100532.55,98086.4,100520.65,103513.81,100551.23,100536.4,100538.73,100545.3
6821.938113213,8935,100513.63,98085.37,100538.75,103513.81,100551.23,100537.45,100539.79,100550.33
6821.958651368,8936,100522.69,98090.44,100534.74,103513.81,100554.21,100542.52,100538.73,100550.33
6821.979253197,8937,100524.56,98082.37,100530.73,103532.73,100546.17,100548.44,100534.71,100546.33
6821.999906405,8938,100530.68,98081.34,100538.75,103510.9,100547.21,100528.38,100538.73,100546.33
6822.020507236,8939,100528.56,98082.37,100528.78,103521.81,100551.23,100532.39,100534.71,100542.32
6822.041060881,8940,100529.62,98086.4,100530.73,103518.9,100552.28,100528.38,100534.71,100542.32
6822.061716927,8941,100534.67,98094.47,100530.73,103522.9,100546.17,100534.5,100533.65,100555.37
6822.085503437,8942,100527.74,98082.37,100530.73,103520.72,100541.1,100545.48,100539.79,100548.39
6822.10605784,8943,100531.74,98078.34,100530.73,103520.72,100550.35,100534.5,100539.79,100547.36
6822.126610009,8944,100538.67,98081.34,100530.73,103522.9,100543.19,100534.5,100531.75,100553.31
6822.147316278,8945,100533.61,98092.5,100538.75,103521.81,100551.23,100538.51,100552.91,100554.34
6822.16783806,8946,100540.79,98086.4,100535.77,103522.9,100551.23,100524.37,100544.87,100559.38
6822.188484759,8947,100524.56,98084.34,100526.72,103522.9,100543.19,100533.44,100538.73,100548.39
6822.20900444,8948,100534.67,98092.5,100538.75,103521.81,100548.26,100534.5,100540.85,100555.37
6822.229644296,8949,100521.63,98095.5,100530.73,103523.99,100549.31,100549.49,100539.79,100555.37
6822.253403543,8950,100530.68,98094.47,100528.78,103537.82,100547.21,100533.44,100542.75,100545.3
6822.274010558,8951,100533.61,98094.47,100537.72,103520.72,100545.12,100537.45,100535.77,100547.36
6822.294573498,8952,100521.63,98084.34,100530.73,103530.91,100546.17,100549.49,100536.83,100555.37
6822.315192658,8953,100529.62,98097.47,100522.71,103537.82,100547.21,100545.48,100540.85,100550.33
6822.335801472,8954,100526.68,98102.54,100534.74,103537.82,100547.21,100532.39,100536.83,100542.32
6822.356391491,8955,100532.55,98094.47,100537.72,103522.9,100553.16,100534.5,100539.79,100554.34
6822.376926115,8956,100528.8,98100.57,100535.77,103530.91,100542.15,100542.52,100540.85,100544.38
6822.397493237,8957,100538.67,98098.5,100535.77,103537.82,100551.23,100548.44,100547.83,100550.33
6822.421340892,8958,100521.63,98096.53,100538.75,103534.91,100557.34,100541.47,100538.73,100545.3
6822.442048893,8959,100530.68,98106.57,100530.73,103521.81,100547.21,100538.51,100538.73,100545.3
6822.462542711,8960,100534.67,98103.57,100529.7,103538.91,100544.24,100552.65,100534.71,100547.36
6822.483183009,8961,100537.61,98100.57,100535.77,103534.91,100556.3,100545.48,100548.89,100542.32
6822.503777366,8962,100532.55,98103.57,100530.73,103538.91,100554.21,100549.49,100539.79,100542.32
6822.52441299,8963,100528.56,98104.6,100532.79,103536.73,100548.26,100536.4,100532.8,100550.33
6822.544998058,8964,100526.68,98099.53,100534.74,103537.82,100559.27,100532.39,100529.63,100546.33
6822.565453288,8965,100524.56,98119.7,100530.73,103530.91,100542.15,100532.39,100543.81,100537.28
6822.589357521,8966,100522.69,98093.44,100529.7,103542.91,100550.19,100524.37,100535.77,100547.36
6822.6099275,8967,100523.5,98109.57,100522.71,103546.91,100557.18,100550.54,100544.87,100547.36
6822.630480398,8968,100532.55,98095.41,100525.69,103538.91,100551.23,100532.39,100552.91,100547.36
6822.65116832,8969,100538.67,98120.73,100539.78,103546.91,100552.28,100546.53,100538.73,100546.33
6822.671843781,8970,100534.67,98110.6,100538.75,103522.9,100548.26,100540.41,100545.93,100548.39
6822.692414807,8971,100534.67,98110.6,100523.74,103538.91,100545.12,100541.47,100534.71,100546.33
6822.71292051,8972,100530.68,98111.64,100530.73,103536.73,100539.18,100549.49,100544.87,100551.36
6822.733549125,8973,100534.67,98119.7,100536.8,103532.73,100546.17,100546.53,100532.8,100559.38
6822.757283217,8974,100534.67,98110.6,100534.74,103537.82,100555.25,100550.54,100544.87,100552.28
6822.777907957,8975,100524.56,98111.64,100538.75,103533.82,100543.19,100537.45,100549.95,100550.33
6822.798465896,8976,100545.6,98110.6,100534.74,103533.82,100554.21,100548.44,100543.81,100546.33
6822.819067433,8977,100520.57,98109.57,100534.74,103549.1,100547.21,100533.44,100546.99,100550.33
6822.839588487,8978,100533.61,98114.64,100538.75,103538.91,100549.31,100534.5,100544.87,100545.3
6822.860227899,8979,100524.56,98126.74,100531.76,103541.82,100547.21,100549.49,100539.79,100549.42
6822.880782785,8980,100526.68,98110.6,100531.76,103544.73,100545.12,100545.48,100542.97,100555.37
6822.901469541,8981,100520.57,98122.71,100538.75,103537.82,100540.22,100548.44,100543.81,100550.33
6822.925279775,8982,100522.69,98119.7,100531.76,103541.09,100550.19,100542.52,100531.75,100557.32
6822.945797931,8983,100525.62,98117.64,100538.75,103542.91,100545.12,100533.44,100536.83,100554.34
6822.966445637,8984,100528.56,98115.67,100539.78,103545.82,100546.17,100550.54,100539.79,100546.33
6822.987027942,8985,100524.56,98126.74,100531.76,103545.82,100537.08,100540.41,100532.8,100554.34
6823.007627679,8986,100532.55,98134.81,100530.73,103538.91,100546.17,100536.4,100534.71,100550.33
6823.028261879,8987,100521.63,98116.61,100530.73,103546.91,100551.23,100541.47,100543.81,100550.33
6823.048839021,8988,100526.68,98112.67,100531.76,103542.91,100545.12,100540.41,100544.87,100544.38
6823.069375639,8989,100521.63,98124.77,100526.72,103544.73,100544.24,100536.4,100542.97,100552.39
6823.093207523,8990,100534.67,98125.71,100529.7,103536.73,100547.21,100550.54,100538.73,100546.33
6823.113786947,8991,100533.61,98126.74,100531.76,103536.73,100553.32,100534.5,100535.77,100547.36
6823.134431959,8992,100530.68,98127.77,100531.76,103546.91,100551.23,100549.49,100548.89,100550.33
6823.154984735,8993,100525.62,98128.8,100526.72,103546.91,100559.27,100536.4,100542.97,100543.35
6823.1756094,8994,100526.68,98134.81,100535.77,103552.74,100543.19,100536.4,100546.77,100554.34
6823.196196286,8995,100522.69,98126.74,100524.77,103548.73,100549.14,100528.38,100530.69,100556.4
6823.216740551,8996,100521.63,98122.71,100522.71,103540.73,100539.18,100533.44,100535.77,100545.3
6823.237368666,8997,100522.69,98131.8,100534.74,103541.82,100544.08,100548.44,100544.87,100547.36
6823.261171113,8998,100532.55,98124.68,100523.74,103544.73,100553.32,100548.44,100539.79,100554.34
6823.281762401,8999,100528.56,98139.87,100522.71,103557.1,100550.19,100550.54,100540.85,100546.33
6823.302372916,9000,100520.57,98128.8,100531.76,103545.82,100549.31,100542.52,100527.72,100548.39
6823.322910502,9001,100526.68,98130.77,100529.7,103542.91,100558.22,100530.48,100538.73,100551.36
6823.343543976,9002,100522.69,98126.74,100534.74,103546.91,100546.17,100549.49,100544.87,100550.33
6823.364146601,9003,100528.56,98133.78,100524.77,103546.91,100548.26,100550.54,100536.83,100554.34
6823.384824939,9004,100524.56,98134.81,100529.7,103550.92,100548.26,100550.54,100535.77,100554.34
6823.40851998,9005,100520.57,98136.87,100530.73,103554.92,100549.31,100542.52,100540.85,100549.3
6823.429100131,9006,100530.68,98138.84,100531.76,103557.83,100548.26,100534.5,100548.89,100542.32
6823.449713321,9007,100521.63,98127.77,100539.78,103549.1,100543.19,100539.36,100543.81,100551.36
6823.470274876,9008,100538.67,98126.74,100530.73,103554.92,100551.23,100540.41,100530.69,100542.32
6823.490880471,9009,100530.68,98126.74,100540.81,103554.92,100539.18,100533.44,100548.89,100555.37
6823.511523997,9010,100525.62,98142.87,100522.71,103553.83,100547.21,100540.41,100544.87,100545.3
6823.5321784,9011,100530.68,98142.87,100529.7,103554.92,100547.21,100532.39,100540.85,100546.33
6823.552789038,9012,100522.44,98140.9,100542.76,103552.74,100539.18,100532.39,100532.8,100554.34
6823.576575124,9013,100529.62,98140.9,100531.76,103556.74,100558.39,100545.48,100545.93,100548.39
6823.597114826,9014,100536.55,98135.84,100532.79,103553.83,100547.21,100532.39,100540.85,100537.28
6823.617713988,9015,100530.68,98134.81,100540.81,103544.73,100548.09,100532.39,100538.73,100542.32
6823.638307222,9016,100528.8,98146.91,100532.79,103550.92,100539.18,100532.39,100538.73,100546.33
6823.65889812,9017,100526.68,98143.91,100533.71,103553.83,100555.25,100541.47,100540.85,100547.36
6823.679533486,9018,100529.62,98142.87,100530.73,103550.92,100557.34,100544.42,100539.79,100554.34
6823.700105626,9019,100526.68,98142.87,100522.71,103554.92,100556.3,100544.42,100539.79,100548.39
6823.720729035,9020,100530.68,98150.94,100539.78,103554.92,100555.25,100524.37,100532.8,100555.37
6823.744453113,9021,100530.68,98150.94,100530.73,103554.92,100552.28,100531.54,100535.77,100545.3
6823.765152681,9022,100522.69,98146.91,100524.77,103550.92,100547.21,100538.51,100540.85,100542.32
6823.785634747,9023,100524.56,98146.91,100534.74,103553.83,100542.15,100533.44,100535.77,100550.33
6823.806255412,9024,100525.62,98142.87,100540.81,103553.83,100556.3,100537.45,100540.85,100544.26
6823.826874229,9025,100530.68,98139.87,100530.73,103552.74,100555.25,100533.44,100539.79,100545.3
6823.847465479,9026,100522.69,98142.87,100522.71,103556.74,100549.31,100537.45,100532.8,100550.33
6823.868055252,9027,100530.68,98143.91,100528.67,103560.74,100552.11,100548.44,100539.79,100553.31
6823.888670987,9028,100521.63,98148.88,100530.73,103557.83,100557.34,100544.42,100540.85,100554.34
6823.912443347,9029,100526.68,98156.95,100523.74,103564.74,100549.31,100538.51,100544.87,100549.3
6823.933028246,9030,100533.61,98157.04,100534.74,103566.92,100551.23,100528.38,100552.91,100550.33
6823.953631245,9031,100521.63,98134.81,100534.74,103562.92,100556.3,100524.37,100538.73,100542.32
6823.974221095,9032,100514.69,98140.81,100538.75,103557.83,100538.13,100541.47,100534.92,100540.37
6823.994864304,9033,100526.68,98149.91,100539.78,103569.83,100545.12,100524.37,100540.85,100545.3
6824.015479146,9034,100530.68,98156.01,100527.75,103558.92,100555.25,100551.39,100534.71,100543.35
6824.036046463,9035,100534.67,98144.85,100530.73,103558.92,100547.21,100535.55,100549.95,100554.34
6824.05665986,9036,100535.73,98150.94,100530.73,103566.92,100551.23,100533.44,100540.85,100547.36
6824.080445925,9037,100528.56,98154.98,100530.73,103569.83,100547.21,100529.43,100530.69,100546.33
6824.101050997,9038,100532.55,98139.87,100534.74,103554.92,100546.17,100550.54,100540.85,100555.37
6824.121606737,9039,100538.67,98148.88,100537.72,103566.92,100545.12,100535.55,100555.88,100555.37
6824.142246941,9040,100519.51,98142.87,100523.74,103562.92,100553.32,100549.49,100543.81,100552.28
6824.162756151,9041,100522.69,98150.94,100531.76,103572.02,100542.15,100532.39,100543.81,100550.33
6824.183476125,9042,100525.62,98142.87,100539.78,103561.83,100550.19,100540.41,100535.77,100555.37
6824.204149027,9043,100537.61,98151.97,100532.79,103565.1,100556.3,100534.5,100543.81,100546.33
6824.224638945,9044,100521.63,98152.91,100522.71,103562.92,100539.18,100536.4,100540.85,100554.34
6824.248411849,9045,100520.57,98150.94,100526.72,103573.11,100553.16,100548.44,100542.75,100548.39
6824.269026504,9046,100534.67,98157.98,100531.76,103562.92,100538.13,100552.45,100548.89,100555.37
6824.289621262,9047,100530.68,98156.95,100530.73,103570.92,100551.23,100550.54,100536.83,100547.36
6824.310192749,9048,100530.68,98161.07,100530.73,103570.92,100545.12,100533.44,100544.87,100542.32
6824.330831477,9049,100534.67,98153.0,100531.76,103569.1,100554.21,100530.48,100547.83,100556.4
6824.351389244,9050,100534.67,98148.88,100532.79,103568.74,100555.25,100552.45,100548.89,100553.31
6824.371937263,9051,100532.55,98159.01,100529.7,103569.83,100547.21,100533.44,100539.79,100554.34
6824.392540556,9052,100525.62,98149.91,100522.71,103569.83,100556.3,100550.54,100535.77,100545.3
6824.416390886,9053,100532.55,98157.98,100530.73,103552.74,100543.19,100537.45,100547.83,100549.3
6824.436999798,9054,100530.68,98163.04,100538.75,103569.83,100547.21,100541.47,100533.86,100550.33
6824.457565393,9055,100528.56,98154.98,100531.76,103564.01,100546.17,100537.45,100544.87,100550.33
6824.478157085,9056,100518.69,98154.98,100530.73,103560.74,100555.25,100532.39,100547.83,100550.33
6824.498753602,9057,100521.63,98160.98,100532.79,103570.92,100548.26,100536.4,100541.91,100546.33
6824.519320664,9058,100538.67,98159.01,100537.72,103570.92,100553.16,100538.51,100539.79,100550.33
6824.540028415,9059,100526.68,98167.08,100538.75,103569.83,100546.17,100536.4,100540.85,100544.26
6824.560583092,9060,100533.61,98154.98,100531.76,103569.83,100560.32,100533.44,100538.73,100550.33
6824.58431781,9061,100530.68,98141.84,100526.72,103562.92,100556.3,100547.59,100536.83,100538.31
6824.604972722,9062,100522.69,98168.11,100530.73,103569.83,100551.23,100540.41,100552.91,100546.33
6824.625576176,9063,100536.55,98167.08,100536.8,103569.83,100555.25,100541.47,100540.85,100542.32
6824.646246602,9064,100533.61,98172.14,100539.78,103569.83,100539.18,100548.44,100540.85,100542.32
6824.666742246,9065,100538.67,98163.04,100532.79,103566.92,100546.17,100548.44,100543.81,100543.35
6824.687399498,9066,100531.74,98150.94,100531.76,103573.11,100547.21,100537.45,100539.79,100558.35
6824.707959242,9067,100521.63,98159.01,100528.78,103562.92,100544.08,100548.44,100530.69,100554.34
6824.73167592,9068,100532.55,98172.14,100536.8,103570.92,100543.19,100542.52,100545.71,100550.33
6824.752273241,9069,100526.68,98154.98,100532.79,103568.01,100545.12,100529.43,100540.85,100546.33
6824.772861519,9070,100537.61,98157.98,100538.75,103569.83,100546.17,100541.47,100534.71,100552.39
6824.793489767,9071,100530.68,98164.07,100532.79,103570.92,100545.12,100540.41,100540.85,100553.31
6824.81407203,9072,100533.61,98159.01,100530.73,103570.92,100547.21,100533.44,100543.81,100553.31
6824.834773423,9073,100525.62,98795.34,100534.74,103570.92,100550.19,100524.37,100538.73,100558.35
6824.855283183,9074,100519.51,99503.46,100536.69,103558.92,100547.21,100533.44,100546.77,100550.33
6824.875809677,9075,100526.68,99558.9,100526.72,103572.74,100546.17,100554.56,100528.78,100546.33
6824.899628166,9076,100537.61,99587.15,100532.79,103572.02,100547.21,100539.56,100540.85,100546.33
6824.92026309,9077,100521.63,99600.3,100531.76,103570.92,100547.21,100541.47,100540.85,100562.35
6824.940841036,9078,100526.68,99595.22,100532.79,103574.93,100551.23,100533.44,100540.85,100554.34
6824.961406911,9079,100520.57,99612.4,100530.73,103562.92,100552.28,100549.49,100535.77,100559.38
6824.982009228,9080,100526.68,99605.38,100528.78,103561.83,100550.19,100533.44,100547.83,100546.33
6825.002594392,9081,100524.56,99599.25,100540.81,103557.83,100545.12,100534.5,100535.77,100555.37
6825.023210708,9082,100532.55,99605.38,100528.67,103570.92,100556.3,100543.57,100546.77,100550.33
6825.043773496,9083,100521.63,99607.32,100527.75,103558.92,100546.17,100546.53,100542.75,100554.34
6825.067602866,9084,100526.68,99608.37,100522.71,103562.92,100543.19,100550.54,100534.71,100544.26
6825.088269449,9085,100522.69,99609.41,100526.72,103556.74,100547.21,100550.54,100535.77,100558.35
6825.108850714,9086,100535.73,99599.25,100521.68,103544.73,100543.19,100550.54,100547.83,100546.33
6825.129386461,9087,100533.61,99611.36,100522.71,103562.92,100546.17,100533.44,100551.85,100549.3
6825.149976269,9088,100532.55,99611.36,100535.77,103544.73,100547.21,100555.61,100533.86,100542.32
6825.170570729,9089,100529.62,99603.29,100530.73,103554.92,100547.21,100538.51,100540.63,100538.31
6825.191197298,9090,100534.67,99607.32,100535.77,103554.92,100537.08,100549.49,100533.86,100538.31
6825.211815844,9091,100520.57,99604.33,100535.77,103549.82,100550.19,100533.44,100547.83,100543.35
6825.235587113,9092,100532.55,99622.42,100536.69,103548.73,100547.21,100550.54,100539.79,100546.33
6825.256135136,9093,100522.69,99603.29,100534.74,103553.83,100537.08,100535.55,100549.95,100543.35
6825.276782456,9094,100530.68,99612.4,100530.73,103553.83,100556.3,100547.59,100531.75,100560.41
6825.297457154,9095,100526.68,99601.2,100522.71,103544.73,100546.17,100538.51,100538.73,100554.34
6825.317981869,9096,100530.68,99611.36,100530.73,103544.73,100555.25,100530.48,100539.79,100541.29
6825.338573313,9097,100525.62,99611.36,100531.76,103550.92,100554.21,100550.54,100551.01,100551.36
6825.359222938,9098,100520.57,99611.36,100534.74,103549.82,100553.32,100542.52,100543.81,100542.32
6825.379760841,9099,100528.56,99610.31,100534.74,103557.1,100533.07,100542.52,100540.85,100562.35
6825.403540487,9100,100532.55,99611.36,100531.76,103544.73,100547.21,100544.42,100530.69,100550.33
6825.424163294,9101,100524.56,99618.38,100523.74,103544.73,100551.23,100553.5,100535.77,100543.35
6825.444681405,9102,100533.61,99621.52,100535.77,103546.91,100556.3,100536.4,100538.73,100540.37
6825.465399148,9103,100521.63,99619.43,100532.79,103556.01,100546.17,100552.45,100536.83,100541.29
6825.485873476,9104,100526.68,99619.43,100532.79,103554.92,100537.08,100536.4,100530.69,100563.38
6825.506714777,9105,100529.62,99617.48,100527.75,103554.92,100545.12,100541.47,100539.79,100554.34
6825.527173818,9106,100520.57,99613.3,100532.79,103550.92,100547.21,100529.43,100551.01,100548.39
6825.547830424,9107,100526.68,99604.33,100534.74,103541.82,100545.12,100544.63,100541.91,100546.33
6825.571457763,9108,100525.62,99619.43,100535.77,103561.83,100545.12,100524.37,100539.79,100550.33
6825.592066124,9109,100520.57,99603.29,100540.81,103557.83,100546.17,100536.4,100531.75,100542.32
6825.61268149,9110,100521.63,99614.49,100528.78,103545.82,100550.35,100542.52,100547.83,100547.36
6825.633235426,9111,100524.56,99608.37,100530.73,103553.83,100537.08,100534.5,100540.85,100546.33
6825.653859524,9112,100533.61,99603.29,100530.73,103550.92,100546.17,100550.54,100530.69,100544.26
6825.674408802,9113,100520.57,99600.3,100526.72,103550.92,100548.26,100538.51,100538.73,100541.29
6825.695107956,9114,100520.57,99593.27,100531.76,103550.92,100547.21,100545.48,100548.89,100555.37
6825.715683763,9115,100518.69,99603.29,100531.76,103556.01,100552.28,100549.49,100536.83,100546.33
6825.73940902,9116,100532.55,99593.27,100530.73,103548.73,100546.17,100538.51,100540.85,100554.34
6825.76008376,9117,100522.69,99587.15,100530.73,103549.1,100546.17,100541.47,100548.89,100540.26
6825.780555929,9118,100530.68,99596.26,100535.77,103549.1,100546.17,100549.49,100534.71,100550.33
6825.801269116,9119,100521.63,99592.23,100534.74,103548.73,100545.12,100542.52,100540.85,100544.26
6825.821821751,9120,100527.74,99599.25,100536.8,103558.92,100546.17,100551.6,100538.73,100542.32
6825.842642879,9121,100527.74,99591.18,100530.73,103554.92,100557.34,100532.39,100541.91,100547.36
6825.86302358,9122,100534.67,99587.15,100538.75,103552.74,100546.17,100538.3,100548.89,100554.34
6825.886770434,9123,100529.62,99571.01,100528.78,103552.74,100546.17,100544.42,100532.8,100546.33
6825.907400832,9124,100538.67,99573.1,100542.76,103546.91,100562.24,100530.48,100538.73,100545.3
6825.928083726,9125,100526.68,99569.96,100522.71,103554.92,100547.21,100545.48,100547.83,100553.31
6825.948701576,9126,100534.67,99576.09,100528.78,103558.92,100554.21,100536.4,100543.81,100554.34
6825.969220843,9127,100530.68,99569.06,100538.75,103562.92,100550.19,100536.4,100544.87,100548.39
6825.989779519,9128,100536.8,99559.95,100527.75,103552.74,100555.25,100542.52,100544.87,100551.36
6826.01050892,9129,100538.67,99558.9,100530.73,103553.83,100544.08,100534.5,100544.87,100550.33
6826.031040549,9130,100526.68,99563.98,100526.72,103561.83,100552.28,100541.47,100543.81,100545.3
6826.054745863,9131,100520.57,99573.1,100531.76,103554.92,100550.19,100532.39,100552.91,100553.31
6826.075396741,9132,100521.63,99572.05,100527.75,103557.1,100550.19,100542.52,100530.69,100554.34
6826.095990763,9133,100521.63,99565.03,100530.73,103564.01,100551.23,100548.44,100544.87,100556.29
6826.116502844,9134,100533.61,99559.95,100531.76,103558.92,100549.14,100545.48,100541.91,100547.36
6826.137187322,9135,100529.62,99559.95,100530.73,103558.92,100544.08,100533.44,100538.73,100544.26
6826.157776477,9136,100538.67,99563.98,100523.74,103552.74,100545.12,100550.54,100540.85,100546.33
6826.178461019,9137,100529.62,99565.03,100531.76,103570.92,100539.18,100536.4,100542.75,100547.36
6826.199027996,9138,100524.56,99559.05,100535.77,103561.83,100551.23,100536.4,100530.69,100559.38
6826.222774398,9139,100521.63,99562.94,100538.75,103570.92,100554.21,100538.51,100532.8,100554.34
6826.243340755,9140,100522.69,99548.89,100522.71,103566.92,100543.19,100541.47,100545.93,100551.36
6826.263973129,9141,100534.67,99544.85,100526.72,103562.92,100549.14,100540.41,100543.81,100546.33
6826.284606343,9142,100532.55,99548.89,100527.75,103560.74,100549.14,100533.44,100542.75,100553.31
6826.305138639,9143,100528.56,99547.84,100529.7,103565.1,100548.26,100541.47,100546.77,100548.27
6826.325802432,9144,100526.68,99551.88,100531.76,103570.92,100562.24,100534.5,100535.77,100539.34
6826.346447761,9145,100530.68,99556.96,100539.78,103554.92,100555.25,100540.41,100535.77,100545.3
6826.367031687,9146,100536.55,99550.83,100540.81,103568.01,100555.25,100541.47,100538.73,100545.3
6826.390763143,9147,100530.68,99548.89,100527.75,103569.83,100556.13,100533.44,100528.78,100554.34
6826.411549166,9148,100506.46,99548.89,100531.76,103558.92,100548.26,100536.4,100540.85,100537.28
6826.431907958,9149,100531.74,99548.89,100534.74,103565.83,100549.14,100541.47,100538.73,100554.34
6826.452484308,9150,100522.69,99542.76,100529.7,103568.01,100555.25,100545.48,100547.83,100554.34
6826.473166684,9151,100524.56,99539.77,100531.76,103561.83,100547.21,100542.52,100534.71,100545.3
6826.493738534,9152,100526.68,99540.82,100527.75,103553.83,100551.23,100537.45,100538.73,100554.34
6826.514294976,9153,100524.56,99536.78,100524.77,103561.1,100557.34,100536.6,100539.79,100550.33
6826.534968259,9154,100530.68,99542.76,100530.73,103573.11,100550.19,100542.52,100539.79,100554.34
6826.558628186,9155,100520.57,99530.66,100525.69,103565.83,100554.21,100533.44,100546.77,100545.3
6826.579314165,9156,100530.68,99531.7,100532.79,103556.74,100541.1,100554.56,100545.93,100546.33
6826.599841773,9157,100522.69,99530.66,100531.76,103570.92,100548.26,100550.54,100540.85,100542.32
6826.620516586,9158,100522.69,99547.84,100530.73,103573.11,100548.26,100549.49,100540.85,100540.26
6826.641132983,9159,100521.63,99531.7,100535.77,103569.83,100541.1,100542.52,100540.85,100549.3
6826.661715508,9160,100529.62,99532.75,100532.79,103557.1,100554.21,100542.52,100534.71,100545.3
6826.682362596,9161,100534.67,99532.75,100527.75,103570.92,100555.25,100541.47,100532.8,100550.33
6826.702951988,9162,100534.67,99523.63,100534.74,103573.11,100553.16,100534.5,100539.79,100554.34
6826.726605474,9163,100522.69,99528.71,100539.78,103573.11,100545.12,100550.54,100548.89,100538.31
6826.747308665,9164,100521.63,99540.82,100534.74,103570.92,100545.12,100537.66,100540.85,100546.33
6826.768117775,9165,100532.55,99527.67,100531.76,103570.92,100544.08,100538.51,100539.79,100556.4
6826.788683298,9166,100529.62,99522.59,100523.74,103570.92,100549.14,100534.5,100536.83,100537.28
6826.809069002,9167,100523.5,99530.66,100536.8,103562.92,100547.21,100538.51,100537.88,100547.36
6826.829721016,9168,100538.67,99530.66,100527.75,103570.92,100545.12,100534.5,100530.69,100550.33
6826.850203301,9169,100530.68,99531.7,100529.7,103573.11,100547.21,100538.51,100536.83,100553.31
6826.870844514,9170,100520.57,99523.63,100535.77,103570.92,100546.17,100548.44,100534.71,100554.34
6826.894586885,9171,100531.74,99524.54,100527.75,103568.01,100538.13,100533.44,100539.79,100545.3
6826.915233273,9172,100534.67,99528.71,100524.77,103589.11,100545.12,100532.39,100535.77,100554.34
6826.93584067,9173,100529.62,99513.48,100532.79,103566.92,100546.17,100533.44,100540.85,100546.33
6826.956433107,9174,100533.61,99514.52,100530.73,103569.83,100546.17,100524.37,100538.73,100544.26
6826.977019612,9175,100524.56,99526.62,100540.81,103557.83,100547.21,100534.5,100537.88,100554.34
6826.99755597,9176,100526.44,99533.65,100524.77,103570.92,100554.21,100541.47,100538.73,100551.36
6827.018235573,9177,100513.63,99512.57,100532.79,103586.93,100555.25,100541.47,100540.85,100549.3
6827.038786778,9178,100525.62,99523.63,100535.77,103574.93,100546.17,100536.4,100544.87,100542.32
6827.062621464,9179,100520.57,99526.77,100531.76,103565.83,100555.25,100546.53,100535.77,100546.33
6827.083196094,9180,100521.63,99521.55,100531.76,103573.11,100548.26,100538.51,100550.79,100536.25
6827.103798933,9181,100536.55,99514.52,100540.81,103577.11,100550.19,100538.51,100540.85,100545.3
6827.124382694,9182,100513.63,99518.56,100539.78,103569.1,100549.14,100541.47,100539.79,100554.34
6827.145010341,9183,100533.61,99512.57,100538.75,103570.92,100547.21,100528.38,100548.89,100546.33
6827.165526517,9184,100538.67,99512.57,100535.77,103586.93,100549.14,100532.39,100542.97,100546.33
6827.186166046,9185,100512.57,99512.57,100532.79,103574.93,100542.15,100525.42,100548.89,100540.26
6827.209883259,9186,100522.69,99508.54,100537.83,103585.84,100539.18,100534.5,100540.85,100548.27
6827.230518672,9187,100528.56,99526.62,100532.79,103574.93,100563.29,100550.54,100542.75,100545.3
6827.251162103,9188,100520.57,99517.51,100522.71,103585.11,100551.23,100532.39,100532.8,100554.34
6827.271715571,9189,100533.61,99530.66,100532.79,103585.84,100547.21,100540.41,100542.97,100542.32
6827.292556061,9190,100538.67,99515.56,100536.8,103570.92,100545.12,100548.44,100531.75,100546.33
6827.313267782,9191,100537.61,99512.57,100531.76,103581.84,100547.21,100544.42,100540.85,100556.29
6827.333891099,9192,100530.68,99516.61,100520.76,103577.11,100539.18,100554.56,100542.97,100556.4
6827.354164882,9193,100524.56,99516.61,100536.8,103573.11,100547.21,100532.39,100528.78,100538.31
6827.377901008,9194,100520.57,99508.54,100534.74,103580.75,100546.17,100534.5,100531.75,100552.28
6827.398590831,9195,100522.69,99507.49,100532.79,103580.75,100547.21,100537.45,100537.88,100552.28
6827.419184578,9196,100538.67,99512.57,100530.73,103570.92,100540.22,100534.5,100532.8,100554.34
6827.439843903,9197,100524.56,99508.54,100522.71,103596.03,100551.23,100541.47,100539.79,100553.31
6827.460570383,9198,100521.63,99512.57,100530.73,103585.84,100543.19,100550.54,100536.83,100552.39
6827.481159227,9199,100526.68,99497.34,100531.76,103574.93,100556.3,100544.42,100548.89,100544.26
6827.501840447,9200,100532.55,99512.57,100531.76,103588.02,100548.26,100539.56,100544.87,100548.27
6827.522548637,9201,100520.57,99500.47,100532.79,103578.93,100539.18,100551.6,100548.89,100542.32
6827.545850352,9202,100530.68,99507.49,100524.77,103573.11,100551.23,100536.4,100536.83,100558.35
6827.566556723,9203,100530.68,99516.61,100532.79,103565.83,100547.21,100534.5,100544.87,100549.3
6827.587279386,9204,100528.56,99508.54,100527.75,103584.02,100550.19,100549.49,100538.73,100555.37
6827.607824268,9205,100526.68,99510.49,100531.76,103585.11,100539.18,100532.39,100528.57,100547.36
6827.628600941,9206,100536.55,99500.47,100530.73,103589.11,100557.34,100542.52,100540.85,100541.29
6827.649343701,9207,100538.67,99501.37,100532.79,103585.84,100546.17,100541.47,100544.87,100544.26
6827.670010757,9208,100525.62,99508.54,100534.74,103585.84,100545.12,100544.42,100547.83,100537.28
6827.690631002,9209,100533.61,99507.49,100531.76,103577.84,100554.21,100542.52,100534.71,100538.31
6827.713819688,9210,100532.55,99498.38,100531.76,103574.93,100543.19,100539.36,100538.73,100548.27
6827.734475492,9211,100530.68,99500.47,100531.76,103586.93,100547.21,100546.53,100543.81,100547.36
6827.755130999,9212,100528.56,99492.4,100532.79,103589.11,100546.17,100542.52,100540.85,100545.3
6827.775858639,9213,100522.69,99507.49,100532.79,103572.02,100557.34,100548.44,100548.89,100544.26
6827.796452897,9214,100526.68,99501.51,100528.78,103580.02,100542.15,100537.45,100532.8,100542.32
6827.817089912,9215,100528.56,99498.38,100528.78,103585.84,100551.23,100532.39,100540.85,100541.29
6827.838066004,9216,100528.56,99507.49,100530.73,103594.93,100547.21,100545.48,100536.83,100548.27
6827.858589462,9217,100521.63,99496.43,100531.76,103588.02,100546.17,100524.37,100535.77,100548.27
6827.881792457,9218,100523.75,99494.35,100538.75,103594.93,100553.16,100544.42,100539.79,100544.26
6827.902448441,9219,100543.48,99492.4,100532.79,103585.11,100546.17,100537.45,100539.79,100553.31
6827.923268817,9220,100534.67,99498.38,100531.76,103585.84,100546.17,100545.48,100544.87,100545.3
6827.943722995,9221,100524.56,99492.4,100526.72,103588.02,100549.14,100542.52,100532.8,100553.31
6827.964469826,9222,100522.69,99503.46,100532.79,103588.02,100551.23,100537.45,100548.89,100552.28
6827.985006916,9223,100526.44,99490.31,100526.72,103597.12,100544.08,100534.5,100549.95,100545.3
6828.00547231,9224,100532.55,99490.31,100530.73,103585.84,100550.19,100546.53,100541.91,100546.33
6828.025987811,9225,100534.67,99494.35,100534.74,103588.02,100549.14,100542.52,100540.85,100553.31
6828.049799066,9226,100509.64,99491.36,100531.76,103602.94,100548.26,100534.5,100525.82,100541.29
6828.070555394,9227,100520.57,99484.33,100527.75,103593.84,100549.14,100540.41,100530.69,100554.34
6828.091174776,9228,100530.68,99499.43,100528.78,103589.11,100554.21,100536.4,100547.83,100553.31
6828.111830495,9229,100521.63,99486.28,100526.72,103586.93,100537.08,100545.48,100532.8,100550.33
6828.13255199,9230,100525.62,99495.39,100531.76,103588.02,100553.16,100538.51,100536.83,100547.36
6828.153139024,9231,100522.69,99483.29,100526.72,103582.93,100551.23,100548.44,100538.73,100552.28
6828.17385672,9232,100534.67,99491.36,100530.73,103594.93,100538.13,100536.4,100547.83,100549.3
6828.194672894,9233,100532.55,99488.36,100522.71,103586.93,100551.23,100536.4,100548.89,100553.31
6828.217810068,9234,100526.68,99488.36,100531.76,103585.84,100535.16,100537.45,100540.85,100545.3
6828.238398604,9235,100529.62,99487.32,100522.71,103586.93,100548.26,100533.44,100540.85,100546.33
6828.259121833,9236,100521.63,99484.33,100531.76,103597.12,100546.17,100534.5,100547.83,100538.31
6828.279824188,9237,100514.69,99484.33,100528.78,103597.12,100557.34,100542.52,100534.71,100544.26
6828.300476389,9238,100528.56,99483.29,100530.73,103589.11,100546.17,100538.51,100543.81,100536.25
6828.321292872,9239,100522.69,99486.28,100524.77,103594.93,100549.14,100542.52,100531.75,100544.26
6828.341831083,9240,100529.62,99484.33,100528.67,103584.75,100555.25,100550.54,100539.79,100564.42
6828.362698448,9241,100524.56,99491.36,100526.72,103586.93,100548.26,100546.53,100533.86,100554.34
6828.385703266,9242,100521.63,99482.24,100522.71,103601.12,100555.25,100538.51,100535.77,100548.27
6828.406348791,9243,100533.61,99486.28,100523.74,103605.12,100545.29,100541.47,100545.93,100541.29
6828.427095577,9244,100528.8,99490.31,100527.75,103601.12,100563.29,100538.51,100540.85,100550.33
6828.447721566,9245,100522.69,99494.35,100530.73,103594.93,100550.35,100532.39,100551.85,100538.31
6828.468475363,9246,100532.55,99483.29,100540.81,103594.93,100555.25,100537.45,100538.73,100546.33
6828.489152892,9247,100530.68,99475.22,100527.75,103590.93,100549.14,100536.4,100543.81,100552.28
6828.509756124,9248,100529.62,99474.17,100531.76,103597.12,100541.1,100532.39,100540.85,100553.31
6828.533019067,9249,100525.62,99484.33,100524.77,103602.94,100549.14,100540.41,100539.79,100544.26
6828.553593605,9250,100529.62,99492.4,100535.77,103593.12,100543.19,100550.54,100538.73,100544.26
6828.5743017,9251,100538.67,99488.36,100534.74,103601.12,100555.25,100534.5,100549.95,100546.33
6828.594810816,9252,100530.68,99476.26,100532.79,103601.12,100545.12,100550.54,100538.73,100538.31
6828.615373263,9253,100534.67,99470.14,100531.76,103594.93,100546.17,100525.42,100542.75,100545.3
6828.636005929,9254,100532.55,99479.25,100532.79,103598.94,100555.25,100549.49,100540.85,100553.31
6828.656584635,9255,100531.74,99472.23,100532.79,103600.03,100541.1,100540.41,100532.8,100558.35
6828.677212677,9256,100525.62,99474.17,100524.77,103586.93,100550.19,100533.44,100540.85,100548.27
6828.70097944,9257,100538.67,99484.33,100532.79,103608.03,100543.19,100550.54,100535.77,100536.25
6828.721553824,9258,100528.56,99470.14,100526.72,103600.03,100551.23,100527.53,100536.83,100554.34
6828.74213575,9259,100528.56,99474.17,100530.73,103602.94,100555.25,100524.37,100534.71,100553.31
6828.762801876,9260,100536.55,99476.26,100528.78,103594.93,100546.17,100546.33,100540.85,100553.31
6828.783336148,9261,100529.62,99482.24,100525.8,103586.93,100546.17,100533.44,100528.78,100552.28
6828.803952636,9262,100526.68,99476.26,100534.74,103590.93,100547.21,100540.41,100540.85,100546.33
6828.824573427,9263,100529.62,99476.26,100527.75,103610.94,100549.14,100549.49,100532.8,100542.32
6828.845096412,9264,100520.57,99482.24,100523.74,103613.12,100553.32,100548.44,100529.63,100544.26
6828.86891937,9265,100522.69,99468.19,100540.81,103598.94,100547.21,100541.47,100540.85,100544.26
6828.889538808,9266,100522.69,99472.23,100536.8,103605.12,100550.19,100542.32,100535.77,100546.33
6828.910089252,9267,100521.63,99466.1,100539.78,103613.12,100551.23,100524.37,100539.79,100538.31
6828.930768853,9268,100520.57,99483.29,100523.74,103598.94,100545.12,100534.5,100540.85,100552.28
6828.951314217,9269,100526.68,99474.17,100530.73,103602.94,100547.21,100548.44,100535.77,100549.3
6828.971893068,9270,100534.67,99472.23,100522.71,103596.03,100552.11,100532.39,100544.87,100540.26
6828.992576485,9271,100518.69,99474.17,100532.79,103594.93,100544.08,100537.45,100545.93,100547.36
6829.013127925,9272,100521.63,99474.17,100535.77,103605.12,100547.21,100534.5,100531.75,100540.26
6829.03689044,9273,100513.63,99474.17,100523.74,103598.94,100554.21,100537.45,100536.83,100546.33
6829.057517813,9274,100522.44,99480.3,100525.8,103609.12,100538.13,100537.45,100541.91,100538.31
6829.07812844,9275,100525.62,99466.1,100531.76,103601.85,100550.19,100542.52,100529.63,100550.33
6829.098710862,9276,100522.69,99467.15,100532.79,103605.85,100550.19,100532.39,100535.77,100554.34
6829.119277088,9277,100523.5,99470.14,100522.71,103601.85,100555.25,100534.5,100536.83,100544.26
6829.13985341,9278,100522.69,99472.23,100527.75,103604.03,100554.21,100532.39,100533.86,100544.26
6829.160538788,9279,100526.68,99463.11,100532.79,103602.94,100553.16,100542.52,100543.81,100540.26
6829.181140065,9280,100525.62,99467.15,100532.79,103602.94,100546.17,100537.45,100541.91,100545.3
6829.204865689,9281,100521.63,99475.22,100536.8,103613.12,100551.23,100533.44,100532.8,100544.26
6829.225457202,9282,100519.51,99460.12,100527.75,103602.94,100550.19,100536.4,100531.75,100544.26
6829.246306391,9283,100534.67,99466.1,100539.78,103606.21,100550.19,100549.49,100536.83,100542.32
6829.266843861,9284,100526.68,99462.07,100528.78,103602.94,100546.17,100533.44,100534.71,100554.22
6829.287550243,9285,100532.55,99459.08,100528.78,103612.03,100554.21,100548.44,100536.83,100544.26
6829.308283057,9286,100524.56,99459.08,100540.81,103602.94,100546.17,100541.47,100534.71,100545.3
6829.328878669,9287,100530.68,99475.22,100538.87,103600.03,100537.08,100528.38,100536.83,100548.27
6829.349545653,9288,100521.63,99458.03,100538.75,103597.12,100548.26,100549.49,100544.87,100541.29
6829.372869045,9289,100534.67,99464.16,100533.82,103605.12,100553.16,100542.52,100540.85,100552.28
6829.393555471,9290,100529.62,99460.12,100540.81,103605.12,100545.12,100532.39,100540.85,100545.3
6829.414180073,9291,100517.63,99458.03,100524.77,103602.94,100545.12,100533.44,100520.74,100550.33
6829.434656749,9292,100525.62,99458.03,100523.74,103602.94,100546.17,100534.5,100533.86,100548.27
6829.455255265,9293,100531.74,99459.08,100535.77,103608.76,100553.32,100527.32,100539.79,100549.3
6829.47588148,9294,100521.63,99467.15,100531.76,103605.12,100542.15,100529.43,100536.83,100546.33
6829.496467158,9295,100538.67,99451.01,100523.74,103602.94,100554.21,100541.47,100532.8,100540.26
6829.517113606,9296,100521.63,99464.16,100532.79,103606.94,100553.16,100531.33,100534.71,100552.28
6829.540783061,9297,100520.57,99459.08,100523.74,103608.03,100554.21,100539.56,100536.83,100544.26
6829.561435767,9298,100530.43,99455.04,100536.8,103610.94,100550.19,100557.51,100535.77,100544.26
6829.582043323,9299,100520.57,99463.11,100539.78,103613.85,100546.17,100534.5,100541.91,100540.26
6829.602749751,9300,100532.55,99467.15,100526.83,103610.94,100556.3,100531.54,100546.77,100546.33
6829.623232681,9301,100538.67,99469.23,100538.87,103617.85,100560.15,100532.39,100534.71,100546.33
6829.643796879,9302,100529.62,99449.96,100522.71,103609.12,100555.25,100529.43,100531.75,100535.22
6829.664404308,9303,100530.68,99468.19,100527.75,103608.03,100546.17,100538.3,100539.79,100544.26
6829.688169914,9304,100529.62,99461.02,100523.74,103601.12,100546.17,100546.33,100530.69,100548.39
6829.708786275,9305,100521.63,99476.26,100515.72,103610.94,100545.12,100526.47,100534.71,100546.33
6829.72937886,9306,100520.57,99458.03,100523.74,103612.03,100547.21,100544.42,100540.85,100545.3
6829.749984536,9307,100524.56,99460.12,100532.79,103610.94,100545.12,100540.41,100526.66,100544.26
6829.770605311,9308,100522.69,99458.03,100531.76,103605.12,100547.21,100534.5,100540.85,100545.3
6829.791193777,9309,100533.61,99459.08,100523.74,103613.12,100554.21,100534.5,100540.85,100545.3
6829.811803058,9310,100538.67,99460.12,100533.82,103605.12,100545.12,100525.42,100534.71,100538.31
6829.832445294,9311,100522.69,99449.96,100524.77,103606.94,100550.19,100534.5,100534.71,100551.36
6829.856123081,9312,100521.63,99454.0,100528.78,103605.12,100558.22,100528.38,100531.75,100549.3
6829.876716121,9313,100529.62,99446.97,100536.8,103610.94,100545.12,100540.41,100541.91,100543.23
6829.897348961,9314,100533.61,99458.03,100528.78,103621.13,100537.08,100532.39,100540.85,100544.26
6829.917892224,9315,100521.63,99454.0,100532.79,103621.13,100543.19,100541.47,100532.8,100540.26
6829.938548757,9316,100522.69,99468.19,100531.76,103606.94,100547.21,100547.59,100536.83,100545.3
6829.959141935,9317,100526.68,99451.01,100527.75,103613.12,100546.17,100532.39,100527.72,100541.29
6829.979730348,9318,100514.69,99456.09,100532.79,103610.94,100555.25,100537.45,100531.75,100542.32
6830.000401567,9319,100530.68,99456.09,100532.79,103605.12,100546.17,100532.39,100539.79,100549.3
6830.024091627,9320,100520.57,99458.03,100532.79,103617.13,100554.21,100538.51,100540.85,100549.3
6830.044688302,9321,100516.57,99461.02,100524.77,103610.94,100554.21,100546.53,100533.65,100544.26
6830.065241877,9322,100537.61,99448.92,100520.76,103614.94,100541.1,100528.38,100531.75,100546.33
6830.085873466,9323,100533.61,99460.12,100532.79,103613.12,100547.21,100528.38,100534.71,100532.24
6830.106455281,9324,100530.68,99452.05,100525.8,103606.94,100554.21,100540.41,100544.87,100542.2
6830.127040856,9325,100528.56,99460.12,100532.79,103610.94,100549.14,100535.55,100532.8,100536.25
6830.14763418,9326,100526.68,99465.06,100531.76,103610.94,100542.15,100532.39,100540.85,100546.33
6830.168276499,9327,100526.68,99449.96,100533.82,103612.4,100553.16,100534.5,100538.73,100546.33
6830.192027698,9328,100530.43,99459.08,100524.77,103608.03,100546.17,100541.47,100538.73,100556.4
6830.212649748,9329,100522.69,99456.99,100527.75,103621.13,100539.01,100538.51,100530.69,100545.3
6830.233241656,9330,100526.68,99460.12,100523.74,103610.94,100546.17,100549.49,100524.76,100542.32
6830.253857872,9331,100523.75,99459.08,100523.74,103614.94,100543.19,100541.47,100535.77,100542.32
6830.274450532,9332,100530.68,99455.04,100523.74,103613.12,100541.1,100545.48,100536.83,100543.23
6830.295025784,9333,100522.69,99462.07,100530.73,103613.12,100549.14,100534.5,100534.71,100550.33
6830.31568062,9334,100518.45,99458.03,100526.72,103625.13,100553.16,100542.52,100534.71,100547.36
6830.336239355,9335,100518.69,99452.05,100528.78,103620.04,100546.17,100542.52,100541.91,100555.37
6830.359984875,9336,100524.56,99460.12,100531.76,103605.85,100545.12,100538.51,100537.88,100540.26
6830.380633928,9337,100534.67,99460.12,100523.74,103625.13,100553.16,100550.54,100532.8,100538.31
6830.401204902,9338,100518.69,99459.08,100536.8,103612.03,100554.21,100550.54,100530.69,100554.34
6830.421823866,9339,100521.63,99460.12,100533.82,103613.85,100550.19,100533.44,100532.8,100542.32
6830.442404885,9340,100526.68,99455.04,100528.78,103621.13,100549.14,100532.39,100540.85,100538.31
6830.463041645,9341,100518.69,99459.08,100532.79,103613.12,100543.19,100543.57,100544.87,100542.32
6830.483612039,9342,100525.62,99448.02,100528.78,103621.13,100542.15,100534.5,100538.73,100546.33
6830.504252357,9343,100532.55,99441.89,100524.77,103629.13,100547.21,100537.45,100538.73,100541.29
6830.527970414,9344,100528.56,99451.01,100532.79,103613.12,100538.13,100533.44,100526.66,100562.35
6830.548613091,9345,100526.68,99440.85,100531.76,103621.13,100547.21,100532.39,100543.81,100548.27
6830.569161663,9346,100528.56,99456.09,100522.71,103622.95,100549.14,100533.44,100542.97,100533.27
6830.589804538,9347,100529.62,99449.96,100535.77,103625.13,100543.19,100524.37,100532.8,100546.33
6830.61040974,9348,100518.69,99454.0,100526.72,103623.31,100547.21,100540.41,100544.87,100537.28
6830.631040969,9349,100521.63,99456.09,100532.79,103608.03,100556.3,100528.38,100540.85,100552.28
6830.651532304,9350,100534.67,99452.05,100528.78,103610.94,100537.08,100532.39,100538.73,100553.31
6830.672190914,9351,100534.67,99452.05,100529.81,103620.04,100546.17,100538.51,100543.81,100548.27
6830.695895677,9352,100530.68,99452.05,100528.78,103618.94,100548.26,100536.4,100536.83,100554.34
6830.716524857,9353,100522.69,99451.01,100530.73,103625.13,100545.12,100541.47,100540.85,100554.34
6830.737091563,9354,100533.61,99448.02,100524.77,103621.13,100546.17,100541.47,100536.83,100544.26
6830.757698627,9355,100522.69,99452.05,100522.71,103618.94,100547.21,100550.54,100539.79,100538.31
6830.778300167,9356,100521.63,99460.12,100524.77,103617.85,100547.21,100534.5,100538.73,100545.3
6830.798970711,9357,100521.63,99452.05,100522.71,103610.94,100545.12,100538.51,100527.72,100546.33
6830.819514743,9358,100521.63,99459.08,100525.8,103617.85,100550.19,100540.41,100538.94,100541.29
6830.840180291,9359,100510.7,99441.89,100525.8,103610.94,100542.15,100550.54,100532.8,100536.25
6830.863868188,9360,100521.63,99443.98,100528.78,103610.94,100545.12,100549.49,100530.69,100553.31
6830.884471134,9361,100529.62,99451.01,100524.77,103610.94,100537.08,100526.47,100531.75,100539.23
6830.905086967,9362,100532.55,99433.82,100530.84,103617.13,100547.21,100538.51,100538.73,100544.26
6830.925711926,9363,100520.57,99452.05,100522.71,103617.13,100541.1,100541.47,100533.86,100544.38
6830.946306078,9364,100521.63,99443.98,100533.82,103620.04,100556.3,100541.47,100536.83,100532.24
6830.966928077,9365,100528.56,99446.97,100528.78,103620.04,100545.12,100534.29,100540.85,100541.29
6830.987487177,9366,100512.57,99458.03,100536.8,103622.22,100544.08,100536.4,100540.85,100554.34
6831.011251116,9367,100528.56,99455.04,100523.74,103637.14,100546.17,100529.43,100534.71,100546.33
6831.031843099,9368,100529.62,99453.1,100537.83,103623.31,100547.21,100543.57,100540.85,100549.3
6831.052415117,9369,100520.57,99443.98,100531.76,103622.95,100545.12,100541.47,100533.86,100544.26
6831.07304604,9370,100525.62,99445.93,100526.72,103621.13,100546.17,100541.47,100535.77,100546.33
6831.093649388,9371,100516.57,99448.92,100531.76,103624.04,100545.12,100529.43,100532.8,100546.33
6831.114239133,9372,100520.57,99454.0,100526.72,103614.94,100549.14,100544.42,100532.8,100544.26
6831.134821616,9373,100514.69,99449.96,100525.8,103626.95,100545.12,100530.48,100538.73,100535.22
6831.155449331,9374,100516.57,99454.0,100524.77,103620.04,100537.08,100534.5,100538.73,100540.26
6831.179193806,9375,100522.69,99451.01,100524.77,103617.13,100550.19,100535.55,100531.75,100550.33
6831.199828652,9376,100521.63,99458.03,100524.77,103629.13,100547.21,100525.42,100533.86,100546.33
6831.220443068,9377,100521.63,99460.12,100533.82,103629.13,100541.1,100537.45,100526.66,100548.27
6831.241038211,9378,100520.57,99451.01,100523.74,103626.95,100537.08,100541.47,100532.8,100536.25
6831.26161177,9379,100521.63,99442.94,100533.82,103616.76,100537.08,100547.38,100540.85,100546.33
6831.282207338,9380,100521.63,99443.84,100520.76,103618.94,100546.17,100530.48,100545.93,100554.34
6831.3028007,9381,100530.68,99458.03,100524.77,103621.13,100537.08,100530.48,100536.83,100538.31
6831.323409753,9382,100530.68,99445.93,100524.77,103626.95,100545.12,100532.39,100540.85,100554.34
6831.347122674,9383,100521.63,99454.0,100527.75,103618.94,100538.13,100532.39,100539.79,100545.3
6831.367804348,9384,100522.69,99445.93,100525.8,103613.12,100553.16,100532.39,100538.94,100544.26
6831.388388198,9385,100520.57,99441.89,100519.73,103622.95,100541.1,100534.5,100532.8,100540.26
6831.408985167,9386,100521.63,99452.05,100526.72,103621.13,100543.19,100532.39,100532.8,100544.26
6831.429565465,9387,100521.63,99441.89,100532.79,103624.04,100546.17,100549.49,100532.8,100545.3
6831.450167825,9388,100521.63,99446.97,100519.73,103612.03,100548.26,100532.39,100536.83,100540.26
6831.470738446,9389,100518.69,99439.95,100523.74,103621.13,100551.23,100536.4,100534.71,100545.3
6831.49134775,9390,100512.57,99443.98,100523.74,103618.94,100546.17,100525.42,100543.81,100544.26
6831.515152681,9391,100525.62,99449.96,100524.77,103624.04,100554.21,100529.43,100531.75,100536.25
6831.535754369,9392,100526.68,99443.98,100528.78,103622.95,100545.12,100549.49,100535.77,100545.3
6831.556347708,9393,100513.63,99446.97,100528.78,103622.95,100549.14,100532.39,100532.8,100554.34
6831.576916024,9394,100526.68,99441.89,100538.75,103633.86,100550.19,100526.47,100524.76,100540.26
6831.597552806,9395,100525.62,99446.97,100528.78,103626.95,100549.14,100529.43,100531.75,100536.25
6831.618169783,9396,100528.56,99437.86,100529.81,103626.95,100546.17,100546.53,100531.75,100536.25
6831.638626302,9397,100526.68,99439.95,100524.77,103621.13,100537.08,100538.51,100540.85,100540.26
6831.65931353,9398,100520.57,99441.89,100528.78,103637.14,100548.26,100550.54,100531.75,100546.33
6831.683107087,9399,100522.69,99451.01,100528.78,103637.14,100545.12,100528.38,100542.97,100545.3
6831.703683969,9400,100530.68,99443.98,100534.85,103629.13,100548.26,100533.44,100530.69,100536.25
6831.724317711,9401,100522.69,99433.82,100516.75,103618.94,100540.06,100526.47,100526.66,100542.32
6831.744921788,9402,100526.68,99448.02,100532.79,103622.95,100539.18,100536.4,100532.8,100543.23
6831.765529394,9403,100522.69,99437.86,100529.81,103618.94,100545.12,100529.43,100532.8,100536.25
6831.786080765,9404,100521.63,99440.85,100524.77,103625.13,100548.26,100533.44,100534.71,100542.32
6831.806718511,9405,100518.69,99445.93,100531.76,103637.14,100546.17,100532.39,100524.76,100540.26
6831.827293317,9406,100526.68,99440.85,100520.76,103622.95,100556.3,100549.49,100541.91,100546.33
6831.851082882,9407,100526.68,99444.89,100524.77,103620.04,100545.12,100545.48,100533.86,100546.33
6831.871719437,9408,100520.57,99431.74,100518.7,103632.04,100543.19,100534.5,100532.8,100544.26
6831.892244801,9409,100521.63,99433.82,100529.81,103618.94,100547.21,100537.45,100529.84,100546.33
6831.912944935,9410,100521.63,99442.94,100536.8,103624.04,100537.08,100525.42,100526.66,100542.32
6831.933517464,9411,100527.5,99443.84,100526.72,103626.95,100537.08,100543.37,100538.73,100536.25
6831.954169219,9412,100509.64,99437.86,100528.78,103622.95,100537.08,100532.39,100528.78,100538.31
6831.974698256,9413,100532.55,99441.89,100524.77,103620.04,100541.1,100533.44,100536.83,100546.33
6831.99530735,9414,100521.63,99428.75,100518.7,103621.13,100542.15,100534.5,100535.77,100544.26
6832.019044117,9415,100522.69,99435.77,100519.73,103622.95,100540.22,100544.63,100531.75,100542.32
6832.039685463,9416,100522.69,99434.87,100524.77,103632.77,100547.21,100538.51,100532.8,100541.29
6832.060287683,9417,100513.63,99441.89,100531.76,103626.95,100537.08,100538.51,100530.69,100544.26
6832.080849487,9418,100520.57,99437.86,100532.79,103636.04,100546.17,100525.42,100523.7,100546.33
6832.10149733,9419,100526.68,99442.94,100524.77,103628.04,100545.12,100534.5,100536.83,100546.33
6832.12207721,9420,100521.63,99440.85,100524.77,103633.13,100547.21,100537.45,100530.69,100530.3
6832.142617549,9421,100530.68,99445.93,100524.77,103626.95,100547.21,100534.5,100532.8,100545.3
6832.16327826,9422,100513.63,99441.89,100525.8,103622.22,100536.04,100534.5,100531.75,100538.31
6832.186981657,9423,100521.63,99439.81,100532.79,103633.86,100545.12,100534.5,100532.8,100545.3
6832.207678063,9424,100525.62,99459.08,100527.75,103622.95,100537.08,100540.62,100535.77,100541.29
6832.228373853,9425,100522.69,99435.77,100528.78,103634.95,100542.15,100542.52,100532.8,100545.3
6832.249053148,9426,100521.63,99433.82,100519.73,103634.95,100539.18,100549.49,100528.78,100546.33
6832.269756274,9427,100526.68,99442.94,100518.7,103634.95,100541.1,100526.47,100532.8,100546.33
6832.290516022,9428,100522.69,99440.85,100526.72,103644.05,100545.12,100537.45,100532.8,100537.28
6832.311089537,9429,100520.57,99429.79,100524.77,103622.95,100543.19,100546.53,100534.71,100537.28
6832.334327764,9430,100518.69,99438.9,100532.79,103637.14,100529.05,100534.5,100532.8,100545.3
6832.355077732,9431,100534.67,99433.82,100518.7,103622.95,100542.15,100529.43,100540.85,100536.25
6832.37568043,9432,100521.63,99442.94,100527.75,103641.14,100536.04,100542.52,100532.8,100536.25
6832.39622461,9433,100519.51,99436.82,100522.71,103637.14,100546.17,100534.5,100536.83,100538.31
6832.416850896,9434,100509.64,99427.7,100520.76,103640.05,100545.12,100522.26,100533.86,100544.26
6832.437450349,9435,100525.62,99438.9,100524.77,103624.04,100542.15,100534.5,100524.76,100542.32
6832.458041892,9436,100528.56,99441.89,100516.75,103633.13,100541.1,100534.5,100540.85,100548.27
6832.478578066,9437,100537.61,99439.81,100532.79,103628.04,100541.1,100526.47,100515.66,100546.33
6832.50230958,9438,100521.63,99433.82,100516.75,103625.13,100537.08,100524.37,100527.72,100536.25
6832.522939881,9439,100529.62,99430.83,100526.83,103637.14,100549.14,100532.39,100539.79,100540.26
6832.543557541,9440,100512.57,99437.86,100519.73,103634.95,100534.11,100526.47,100526.66,100533.27
6832.564437557,9441,100519.51,99432.78,100530.73,103637.14,100550.19,100534.5,100532.8,100552.28
6832.585035212,9442,100534.67,99433.82,100515.72,103637.14,100541.1,100526.47,100528.78,100540.26
6832.605708206,9443,100509.64,99425.76,100527.75,103639.32,100546.17,100544.42,100528.78,100544.26
6832.626271009,9444,100521.63,99437.86,100524.77,103630.95,100539.18,100529.43,100535.77,100540.37
6832.647093357,9445,100528.56,99441.89,100524.77,103622.95,100538.13,100532.39,100528.78,100536.25
6832.670330048,9446,100517.63,99431.74,100532.79,103634.95,100545.12,100533.44,100530.69,100546.33
6832.69101038,9447,100524.56,99431.88,100532.79,103637.14,100547.21,100528.38,100538.73,100537.28
6832.711607025,9448,100523.75,99429.79,100526.72,103637.14,100541.1,100536.4,100532.8,100546.33
6832.7323046,9449,100524.56,99441.89,100516.75,103641.14,100545.12,100524.37,100532.8,100544.26
6832.752959066,9450,100521.63,99439.95,100524.77,103648.05,100538.13,100532.39,100531.75,100535.22
6832.773646666,9451,100512.57,99426.8,100524.77,103637.14,100546.17,100533.44,100540.85,100532.24
6832.794348979,9452,100525.62,99429.79,100523.74,103637.14,100538.13,100533.44,100533.86,100535.22
6832.815039937,9453,100512.57,99429.79,100530.73,103637.14,100545.12,100532.39,100528.78,100544.26
6832.838233655,9454,100522.69,99436.96,100526.72,103640.41,100537.08,100538.51,100533.86,100542.2
6832.85899711,9455,100529.62,99438.9,100533.82,103634.95,100537.08,100533.44,100531.75,100541.29
6832.879605045,9456,100514.69,99425.76,100524.77,103637.14,100545.12,100534.5,100530.69,100536.25
6832.900289275,9457,100514.69,99434.87,100532.79,103638.23,100541.1,100533.44,100527.72,100544.26
6832.920960767,9458,100521.63,99441.89,100516.75,103625.13,100547.21,100528.38,100532.8,100545.3
6832.9416334,9459,100512.57,99425.76,100525.8,103636.04,100540.22,100532.39,100531.75,100536.25
6832.962280734,9460,100524.56,99433.82,100529.81,103638.23,100547.21,100534.5,100539.79,100544.26
6832.982974926,9461,100521.63,99435.91,100522.71,103634.95,100545.12,100534.5,100528.78,100540.26
6833.006189648,9462,100520.57,99427.84,100523.74,103622.95,100551.23,100524.37,100531.75,100544.26
6833.026966258,9463,100518.45,99443.98,100524.77,103645.14,100538.13,100551.6,100530.69,100550.33
6833.047596321,9464,100533.61,99435.91,100524.77,103641.14,100539.18,100533.44,100531.75,100552.28
6833.0682231,9465,100522.69,99426.8,100534.85,103645.14,100538.13,100526.47,100520.74,100547.24
6833.088964046,9466,100542.67,99434.87,100524.77,103641.14,100549.14,100529.43,100537.88,100540.26
6833.109596133,9467,100516.57,99434.87,100524.77,103642.96,100556.3,100529.43,100528.78,100541.29
6833.130248802,9468,100522.69,99427.84,100524.77,103641.14,100541.1,100542.52,100534.92,100536.25
6833.150992526,9469,100520.57,99435.91,100533.82,103634.95,100539.18,100528.38,100538.94,100543.23
6833.174214056,9470,100526.68,99435.91,100532.79,103649.14,100547.21,100521.41,100546.99,100548.27
6833.194870223,9471,100526.68,99429.79,100527.75,103636.04,100537.08,100538.51,100533.86,100550.33
6833.215543626,9472,100521.63,99434.87,100526.72,103638.95,100545.12,100536.4,100524.76,100544.26
6833.236176986,9473,100512.57,99427.84,100528.78,103646.96,100537.08,100533.44,100532.8,100535.22
6833.256946148,9474,100533.61,99422.76,100532.79,103637.14,100546.17,100534.5,100533.86,100544.26
6833.277673069,9475,100524.56,99425.76,100532.79,103641.14,100542.15,100525.42,100536.83,100548.27
6833.298258774,9476,100529.62,99435.91,100517.67,103640.05,100539.18,100534.5,100551.01,100535.22
6833.318928451,9477,100524.56,99435.91,100528.78,103642.23,100546.17,100520.35,100540.85,100553.31
6833.342151642,9478,100513.63,99431.88,100526.72,103636.04,100533.07,100543.57,100536.83,100537.28
6833.362835305,9479,100512.57,99436.82,100524.77,103634.95,100538.13,100533.44,100534.92,100540.26
6833.383582415,9480,100519.51,99426.8,100524.77,103646.96,100531.14,100542.52,100539.79,100538.31
6833.404190703,9481,100520.57,99427.84,100524.77,103634.95,100537.08,100530.48,100536.83,100547.24
6833.424887556,9482,100513.63,99431.88,100526.72,103642.96,100546.17,100519.3,100535.77,100544.26
6833.445580266,9483,100520.57,99431.88,100528.78,103625.86,100539.18,100533.44,100542.97,100543.23
6833.46613473,9484,100524.56,99433.82,100531.76,103644.05,100539.18,100526.47,100540.85,100544.26
6833.486937891,9485,100528.56,99426.8,100532.79,103634.95,100546.17,100534.5,100528.78,100540.26
6833.510175783,9486,100524.56,99439.95,100522.71,103641.14,100546.17,100539.56,100537.88,100536.25
6833.530826197,9487,100513.63,99429.79,100530.73,103646.96,100546.17,100525.42,100528.78,100547.24
6833.551450728,9488,100522.69,99433.82,100516.75,103641.14,100539.18,100530.48,100536.83,100539.23
6833.572174041,9489,100532.55,99431.74,100531.76,103645.87,100543.19,100533.44,100541.91,100536.25
6833.592829573,9490,100530.68,99431.88,100522.71,103636.04,100537.08,100534.5,100534.71,100548.27
6833.613498348,9491,100544.54,99429.79,100522.71,103645.14,100552.28,100534.5,100540.85,100549.3
6833.634209537,9492,100511.51,99433.82,100534.85,103634.95,100545.12,100534.5,100532.8,100540.26
6833.657415485,9493,100519.51,99435.91,100531.76,103646.96,100541.1,100533.44,100537.04,100542.32
6833.678114336,9494,100522.69,99425.76,100520.76,103638.95,100537.08,100544.42,100533.86,100548.27
6833.698805949,9495,100524.56,99438.9,100523.74,103650.96,100546.17,100533.44,100541.91,100539.23
6833.71949069,9496,100522.69,99430.83,100527.75,103652.05,100547.21,100534.5,100540.85,100544.26
6833.740218739,9497,100528.56,99435.91,100526.72,103652.05,100546.17,100530.48,100549.95,100544.26
6833.760840621,9498,100520.57,99426.8,100524.77,103644.05,100546.17,100534.5,100533.86,100547.24
6833.781526933,9499,100526.68,99424.71,100524.77,103648.05,100545.12,100537.45,100533.86,100544.26
6833.802841544,9500,100528.56,99430.83,100536.8,103648.05,100541.1,100530.48,100533.86,100542.2
6833.825464417,9501,100525.62,99435.91,100528.78,103638.95,100550.19,100538.51,100528.78,100539.23
6833.846084725,9502,100530.68,99439.95,100532.79,103636.04,100546.17,100534.5,100534.92,100544.26
6833.866662376,9503,100522.69,99422.76,100523.74,103644.05,100543.19,100534.5,100530.9,100540.26
6833.887186688,9504,100520.57,99427.84,100519.73,103638.95,100537.08,100541.47,100546.99,100553.31
6833.907734126,9505,100522.69,99418.73,100524.77,103650.96,100548.09,100527.53,100536.83,100546.33
6833.928562766,9506,100538.67,99425.76,100523.74,103646.96,100538.13,100545.48,100536.83,100544.26
6833.949151355,9507,100520.57,99432.92,100524.77,103653.14,100549.14,100526.47,100539.79,100545.3
6833.969651218,9508,100513.63,99426.8,100531.76,103646.96,100547.21,100530.48,100532.8,100539.23
6833.993396503,9509,100520.57,99435.91,100523.74,103649.14,100544.08,100533.44,100541.91,100540.26
6834.014035313,9510,100530.68,99435.91,100524.77,103649.87,100535.16,100521.41,100551.01,100542.32
6834.034615949,9511,100534.67,99434.87,100528.78,103642.96,100545.12,100530.48,100546.99,100552.28
6834.05526799,9512,100530.68,99435.91,100528.78,103649.14,100541.27,100540.41,100534.92,100544.26
6834.075820779,9513,100524.56,99425.76,100532.79,103646.96,100553.16,100542.52,100538.94,100537.28
6834.096410129,9514,100526.68,99427.84,100532.79,103642.96,100549.14,100534.5,100542.97,100541.29
6834.117042602,9515,100531.49,99427.84,100532.79,103652.05,100544.08,100540.41,100536.83,100528.24
6834.137602673,9516,100533.61,99435.91,100526.72,103638.95,100537.08,100537.45,100531.75,100541.29
6834.161412231,9517,100518.45,99425.76,100532.79,103637.14,100541.1,100539.56,100541.91,100536.25
6834.181953431,9518,100526.68,99426.8,100524.77,103653.14,100548.09,100526.47,100545.93,100544.26
6834.202550691,9519,100529.62,99425.76,100524.77,103642.96,100545.12,100546.53,100532.8,100530.18
6834.223162029,9520,100527.5,99425.76,100531.76,103637.86,100555.25,100541.47,100532.8,100548.27
6834.243745931,9521,100516.57,99435.91,100532.79,103641.14,100544.08,100524.37,100537.88,100543.23
6834.264510834,9522,100521.63,99427.84,100531.76,103649.14,100537.08,100526.47,100533.86,100545.3
6834.285009304,9523,100521.63,99419.77,100519.73,103646.96,100537.08,100529.43,100534.92,100540.26
6834.305576425,9524,100516.57,99431.88,100523.74,103649.14,100545.12,100529.43,100532.8,100545.3
6834.329322717,9525,100516.57,99429.79,100531.76,103645.14,100537.08,100534.5,100538.94,100532.24
6834.349931675,9526,100518.45,99424.71,100523.74,103656.05,100546.17,100540.41,100544.87,100536.25
6834.37051138,9527,100528.56,99431.88,100524.77,103644.77,100537.08,100533.44,100542.97,100549.3
6834.391133962,9528,100533.61,99433.82,100524.77,103648.05,100547.21,100537.45,100542.97,100544.26
6834.411685028,9529,100520.57,99426.8,100531.76,103654.23,100537.08,100528.38,100536.83,100552.28
6834.432347885,9530,100536.55,99417.69,100524.77,103648.05,100545.12,100542.52,100538.94,100540.26
6834.452913182,9531,100520.57,99425.76,100523.74,103648.05,100543.19,100533.44,100537.88,100544.26
6834.473575853,9532,100519.51,99419.77,100516.75,103653.14,100547.21,100542.52,100535.98,100536.25
6834.497313364,9533,100520.57,99425.76,100515.72,103646.96,100546.17,100532.39,100535.98,100535.22
6834.517868306,9534,100526.68,99421.72,100523.74,103646.96,100553.16,100527.32,100537.88,100550.33
6834.538465782,9535,100530.68,99426.8,100531.76,103646.96,100545.12,100548.44,100526.88,100536.25
6834.559183528,9536,100520.57,99429.79,100532.79,103638.95,100536.04,100538.3,100534.92,100547.24
6834.579650286,9537,100525.62,99421.72,100524.77,103661.15,100537.08,100528.38,100526.88,100540.26
6834.600301374,9538,100521.63,99427.84,100524.77,103646.96,100546.17,100534.5,100532.8,100537.28
6834.620813509,9539,100534.67,99430.83,100536.8,103650.96,100541.1,100533.44,100532.8,100553.31
6834.641455186,9540,100526.68,99427.84,100530.73,103653.14,100546.17,100541.47,100529.84,100544.26
6834.66521897,9541,100514.69,99429.79,100523.74,103652.05,100534.11,100533.44,100533.86,100551.25
6834.685867583,9542,100521.63,99425.76,100528.78,103650.96,100546.17,100538.51,100549.95,100544.26
6834.706428622,9543,100522.69,99431.88,100536.8,103660.05,100547.21,100533.44,100534.92,100549.3
6834.727060542,9544,100527.5,99430.83,100520.65,103645.14,100546.17,100540.41,100536.83,100544.26
6834.747650089,9545,100530.68,99425.76,100528.78,103657.14,100545.12,100525.42,100532.8,100545.3
6834.768238513,9546,100524.56,99429.79,100532.79,103661.15,100543.19,100534.5,100537.88,100541.17
6834.788905907,9547,100508.58,99420.82,100530.73,103646.96,100541.1,100536.4,100532.8,100554.34
6834.812574157,9548,100520.57,99426.8,100523.74,103652.05,100546.17,100538.51,100536.83,100537.28
6834.833177109,9549,100525.62,99424.71,100532.79,103646.96,100545.12,100541.47,100537.88,100541.29
6834.853756939,9550,100530.68,99421.72,100524.77,103649.14,100539.18,100542.52,100536.83,100536.25
6834.874386317,9551,100524.56,99434.87,100524.77,103660.05,100544.08,100540.41,100544.87,100536.25
6834.894914825,9552,100524.56,99427.84,100524.77,103648.05,100543.19,100533.44,100532.8,100544.26
6834.915653298,9553,100518.45,99421.72,100532.79,103652.05,100545.12,100534.5,100533.86,100538.31
6834.936209137,9554,100522.69,99433.82,100523.74,103641.14,100538.13,100534.5,100540.85,100546.33
6834.956783936,9555,100522.69,99426.8,100528.78,103650.96,100540.22,100526.47,100536.83,100536.25
6834.980605179,9556,100532.55,99423.81,100524.77,103657.14,100545.12,100536.6,100533.86,100542.32
6835.001227717,9557,100522.69,99425.76,100532.79,103649.14,100546.17,100539.56,100546.99,100542.32
6835.021842847,9558,100530.68,99430.83,100528.78,103653.14,100541.1,100538.51,100526.88,100540.26
6835.042383648,9559,100528.56,99429.79,100515.72,103650.96,100549.14,100548.44,100536.83,100549.3
6835.062978007,9560,100513.63,99426.8,100525.8,103653.14,100557.18,100532.39,100530.9,100540.26
6835.083616154,9561,100522.69,99425.76,100524.77,103661.15,100542.15,100546.53,100526.88,100544.26
6835.104209795,9562,100528.56,99426.8,100522.71,103650.96,100537.08,100534.5,100540.85,100554.34
6835.124788805,9563,100534.67,99426.8,100532.79,103652.05,100537.08,100524.37,100541.91,100554.34
6835.148482304,9564,100524.56,99421.72,100528.78,103664.06,100545.12,100521.41,100541.91,100549.3
6835.169087953,9565,100530.68,99415.6,100527.75,103661.15,100536.04,100541.47,100533.86,100541.29
6835.189703241,9566,100522.69,99420.68,100524.77,103654.96,100549.14,100536.4,100542.97,100546.33
6835.210290048,9567,100530.68,99425.76,100524.77,103648.05,100537.08,100537.45,100546.99,100552.28
6835.231013512,9568,100524.56,99430.83,100523.74,103645.14,100550.19,100536.6,100540.85,100544.26
6835.251502355,9569,100522.69,99429.93,100528.78,103658.96,100541.98,100533.44,100533.86,100556.29
6835.272092407,9570,100521.63,99430.83,100524.77,103638.95,100537.08,100548.44,100536.83,100542.32
6835.292724762,9571,100521.63,99428.75,100524.77,103648.05,100538.13,100534.5,100526.88,100543.23
6835.316472555,9572,100521.63,99412.61,100523.74,103650.96,100548.26,100526.27,100540.85,100545.3
6835.337057879,9573,100521.63,99429.79,100527.75,103653.14,100549.14,100530.48,100537.88,100530.18
6835.357729651,9574,100529.62,99425.76,100532.79,103661.15,100541.1,100540.41,100538.94,100544.26
6835.378229479,9575,100524.56,99414.69,100516.75,103653.14,100536.04,100533.44,100534.92,100540.26
6835.398868033,9576,100528.56,99425.76,100522.71,103657.87,100537.08,100535.55,100541.91,100537.28
6835.419460735,9577,100516.57,99417.69,100531.76,103650.96,100553.16,100540.41,100541.91,100538.31
6835.440079206,9578,100520.57,99434.87,100524.77,103662.24,100539.18,100529.43,100536.83,100537.28
6835.460707216,9579,100528.56,99422.76,100523.74,103653.14,100545.12,100529.43,100524.76,100543.35
6835.484427954,9580,100526.68,99425.76,100531.76,103660.05,100544.24,100546.53,100532.8,100546.33
6835.505038574,9581,100525.62,99416.64,100523.74,103653.14,100545.12,100534.5,100523.7,100546.33
6835.525610437,9582,100522.69,99429.79,100524.77,103653.14,100545.12,100537.45,100532.8,100537.28
6835.546238537,9583,100521.63,99419.77,100524.77,103660.05,100537.08,100538.51,100533.02,100544.26
6835.566885833,9584,100528.56,99425.76,100524.77,103648.05,100549.14,100548.44,100541.91,100541.29
6835.587406711,9585,100528.56,99426.8,100523.74,103665.15,100554.21,100538.51,100536.83,100541.29
6835.60799034,9586,100521.63,99431.88,100520.76,103653.14,100545.12,100538.51,100531.75,100544.26
6835.628612647,9587,100533.61,99423.81,100522.71,103650.96,100537.08,100528.58,100541.91,100537.28
6835.652465668,9588,100521.63,99425.76,100528.78,103653.14,100537.08,100530.48,100531.75,100544.26
6835.673085429,9589,100521.63,99426.8,100516.75,103658.96,100538.13,100524.37,100530.69,100538.2
6835.693626275,9590,100524.56,99426.8,100523.74,103658.96,100541.1,100532.39,100536.83,100544.26
6835.714214703,9591,100521.63,99421.72,100524.77,103658.96,100545.12,100533.44,100528.78,100544.26
6835.734839978,9592,100524.56,99418.73,100532.79,103662.24,100549.14,100526.47,100532.8,100543.23
6835.755409496,9593,100520.57,99427.84,100522.71,103662.96,100543.03,100540.41,100532.8,100544.26
6835.776021146,9594,100521.63,99431.88,100531.76,103662.96,100550.19,100533.44,100533.86,100540.26
6835.796625585,9595,100528.56,99420.68,100532.79,103661.15,100541.1,100532.39,100548.89,100542.32
6835.820420484,9596,100526.68,99427.84,100522.71,103657.14,100546.17,100533.44,100535.77,100538.31
6835.840977422,9597,100526.68,99424.71,100520.76,103661.15,100545.12,100546.53,100531.75,100536.25
6835.861617313,9598,100528.56,99421.72,100526.72,103649.87,100538.13,100533.44,100526.66,100549.3
6835.882125889,9599,100511.76,99422.76,100524.77,103652.05,100541.1,100536.4,100532.8,100539.34
6835.902806288,9600,100513.63,99426.8,100536.8,103660.05,100542.15,100538.51,100539.79,100544.26
6835.92334693,9601,100521.63,99425.76,100538.87,103656.05,100542.15,100540.41,100534.92,100540.26
6835.943921879,9602,100522.69,99419.63,100528.78,103669.15,100545.12,100533.44,100531.75,100544.26
6835.964488705,9603,100525.62,99421.72,100524.77,103658.96,100546.17,100542.52,100533.86,100546.33
6835.988326779,9604,100526.68,99420.68,100525.8,103658.96,100550.19,100536.4,100525.82,100536.25
6836.008972463,9605,100520.57,99419.77,100527.75,103658.96,100546.17,100550.54,100532.8,100545.3
6836.029562771,9606,100524.56,99424.71,100528.78,103650.96,100541.1,100532.39,100528.78,100543.23
6836.050170043,9607,100524.56,99429.79,100532.79,103649.87,100545.12,100533.44,100528.78,100542.32
6836.070755152,9608,100517.63,99410.66,100524.77,103653.14,100537.08,100534.5,100536.83,100540.26
6836.091332181,9609,100529.62,99424.71,100525.8,103666.97,100545.12,100536.6,100527.72,100540.26
6836.111970036,9610,100521.63,99433.82,100522.82,103661.87,100546.17,100532.39,100536.83,100544.26
6836.135676329,9611,100528.56,99423.81,100524.77,103650.96,100537.08,100548.44,100533.86,100536.25
6836.156259498,9612,100529.62,99426.8,100532.79,103653.87,100537.08,100528.38,100541.91,100540.26
6836.176909651,9613,100525.62,99422.76,100516.75,103656.78,100542.15,100528.38,100534.92,100534.19
6836.197450732,9614,100522.69,99427.84,100525.8,103650.96,100542.15,100534.5,100534.92,100554.34
6836.218264746,9615,100520.57,99417.69,100528.78,103661.87,100549.31,100541.47,100532.8,100536.25
6836.239109045,9616,100520.57,99414.56,100524.77,103665.15,100545.12,100538.51,100542.97,100554.34
6836.259758404,9617,100530.68,99417.69,100524.77,103662.24,100541.1,100534.5,100532.8,100540.26
6836.280437813,9618,100520.57,99425.76,100516.75,103657.14,100547.21,100530.48,100534.92,100540.26
6836.303684172,9619,100532.55,99426.8,100523.74,103665.15,100547.21,100523.31,100534.92,100536.25
6836.324317716,9620,100521.63,99417.69,100524.77,103657.87,100550.19,100550.54,100534.92,100544.26
6836.34498964,9621,100522.69,99426.8,100518.7,103649.87,100545.12,100525.42,100532.8,100542.32
6836.365708798,9622,100525.62,99422.76,100532.79,103672.06,100537.08,100534.5,100537.88,100536.25
6836.386360447,9623,100525.62,99425.76,100532.79,103657.87,100538.13,100528.38,100532.8,100544.26
6836.407088897,9624,100520.57,99425.76,100524.77,103666.97,100546.17,100537.45,100548.89,100546.33
6836.427756144,9625,100521.63,99421.72,100532.79,103665.87,100549.14,100534.5,100536.83,100540.26
6836.448438607,9626,100521.63,99415.74,100512.74,103665.87,100545.12,100525.42,100532.8,100541.29
6836.471590771,9627,100521.63,99417.69,100524.77,103661.87,100537.08,100536.4,100524.76,100535.22
6836.492338324,9628,100521.63,99415.6,100532.79,103668.78,100555.25,100532.39,100533.86,100532.24
6836.513179009,9629,100521.63,99415.6,100522.71,103668.06,100545.12,100525.21,100540.85,100541.29
6836.533631816,9630,100512.57,99419.77,100520.76,103662.96,100542.15,100532.39,100534.92,100536.25
6836.554420477,9631,100521.63,99413.65,100531.76,103668.78,100545.12,100534.5,100540.85,100551.25
6836.575041707,9632,100521.63,99417.69,100522.71,103673.88,100547.21,100524.37,100538.94,100539.34
6836.596150908,9633,100524.56,99418.73,100533.82,103670.97,100545.12,100518.25,100530.9,100536.25
6836.616377551,9634,100521.63,99407.53,100524.77,103668.78,100537.08,100530.48,100539.79,100554.34
6836.639635166,9635,100526.68,99421.72,100524.77,103670.97,100539.01,100525.42,100541.91,100553.31
6836.660330226,9636,100530.68,99417.69,100524.77,103665.87,100546.17,100522.46,100529.84,100544.26
6836.680952755,9637,100526.68,99424.71,100518.7,103668.78,100546.17,100528.38,100534.92,100543.23
6836.701747137,9638,100516.57,99407.53,100524.77,103674.97,100545.12,100523.31,100536.83,100536.25
6836.722544011,9639,100523.75,99419.77,100524.77,103664.78,100545.12,100535.55,100529.84,100529.27
6836.743072336,9640,100521.63,99408.57,100527.75,103673.88,100539.18,100542.52,100532.8,100542.32
6836.763770053,9641,100522.69,99415.6,100526.83,103664.78,100538.13,100524.37,100532.8,100544.26
6836.784306743,9642,100520.57,99423.67,100524.77,103665.87,100542.15,100530.48,100532.8,100536.25
6836.807600346,9643,100534.67,99411.56,100536.8,103666.97,100534.99,100533.44,100520.74,100541.29
6836.828182746,9644,100524.56,99407.53,100532.79,103658.96,100533.07,100522.46,100526.66,100545.3
6836.848979908,9645,100524.56,99415.6,100525.8,103666.97,100536.04,100532.39,100536.83,100543.23
6836.869554323,9646,100524.56,99420.68,100524.77,103668.78,100541.1,100534.5,100528.78,100536.25
6836.890297362,9647,100521.63,99417.69,100524.77,103669.88,100529.05,100542.52,100528.78,100545.3
6836.910962901,9648,100525.62,99416.64,100532.79,103679.7,100533.07,100532.39,100532.8,100544.26
6836.9317201,9649,100512.57,99415.6,100524.77,103673.88,100549.14,100537.45,100527.72,100536.25
6836.952542935,9650,100508.58,99415.6,100520.76,103664.78,100533.07,100532.39,100531.75,100536.25
6836.975519266,9651,100522.69,99408.57,100529.81,103673.88,100545.12,100541.47,100534.92,100545.3
6836.996250871,9652,100528.56,99418.73,100523.74,103681.88,100537.08,100534.5,100524.76,100537.28
6837.016935492,9653,100525.62,99416.64,100531.76,103674.97,100546.17,100536.4,100525.82,100538.31
6837.037369279,9654,100521.63,99423.67,100536.8,103669.88,100533.07,100542.52,100532.8,100537.28
6837.057879853,9655,100512.57,99415.6,100524.77,103666.97,100546.17,100529.43,100536.83,100540.26
6837.078518551,9656,100520.57,99414.56,100532.79,103681.88,100536.04,100525.42,100529.84,100540.26
6837.099130145,9657,100520.57,99414.56,100523.74,103664.78,100545.12,100542.52,100537.88,100536.25
6837.119746021,9658,100525.62,99417.69,100522.71,103672.79,100545.12,100534.5,100536.83,100524.23
6837.143438148,9659,100520.57,99406.49,100532.79,103670.97,100533.07,100532.39,100532.8,100536.25
6837.16404757,9660,100522.69,99415.6,100524.77,103666.97,100545.12,100526.47,100527.72,100545.3
6837.184618729,9661,100522.69,99415.6,100524.77,103674.97,100529.05,100532.39,100533.86,100539.23
6837.205264196,9662,100519.51,99415.6,100527.75,103672.79,100539.01,100524.37,100532.8,100541.29
6837.225833558,9663,100528.56,99420.68,100523.74,103673.88,100537.08,100524.37,100532.8,100524.23
6837.246446263,9664,100525.62,99416.64,100524.77,103663.69,100525.03,100534.5,100532.8,100540.26
6837.266985479,9665,100513.63,99407.53,100526.72,103682.97,100542.15,100522.46,100540.85,100544.26
6837.287812899,9666,100525.62,99423.67,100524.77,103682.97,100545.12,100524.37,100532.8,100535.22
6837.311412156,9667,100538.67,99416.64,100523.74,103672.79,100537.08,100523.31,100532.8,100540.26
6837.331993571,9668,100522.44,99416.64,100520.76,103672.79,100537.08,100524.37,100531.75,100535.22
6837.352618583,9669,100524.56,99424.71,100522.71,103673.88,100545.12,100534.5,100532.8,100535.22
6837.373252139,9670,100521.63,99415.6,100518.7,103668.78,100530.09,100524.37,100533.86,100540.26
6837.393843746,9671,100530.68,99419.63,100516.75,103672.79,100532.02,100528.38,100527.72,100542.2
6837.414393397,9672,100521.63,99415.6,100524.77,103669.88,100540.06,100537.45,100540.85,100544.26
6837.435037842,9673,100511.51,99415.6,100531.76,103669.88,100541.1,100533.44,100541.91,100544.26
6837.458719856,9674,100520.57,99419.63,100524.77,103672.06,100533.07,100533.44,100532.8,100535.22
6837.47942309,9675,100512.57,99405.44,100522.71,103674.97,100537.08,100525.42,100528.78,100545.3
6837.499984255,9676,100520.57,99411.56,100524.77,103685.16,100526.95,100533.44,100528.78,100542.32
6837.520558091,9677,100520.57,99415.6,100528.78,103685.88,100525.03,100534.5,100542.97,100540.26
6837.541167418,9678,100513.63,99415.6,100524.77,103668.78,100540.06,100522.46,100533.86,100536.25
6837.561819329,9679,100520.57,99408.57,100522.71,103676.79,100536.04,100541.47,100523.7,100539.23
6837.582346924,9680,100524.56,99415.6,100531.76,103673.88,100537.08,100533.44,100532.8,100535.22
6837.602965942,9681,100512.57,99415.6,100526.72,103672.79,100542.15,100523.31,100536.83,100536.25
6837.62671768,9682,100520.57,99425.76,100523.74,103672.79,100526.95,100525.42,100528.78,100537.28
6837.647333027,9683,100521.63,99413.65,100512.74,103673.88,100519.96,100533.44,100523.7,100536.25
6837.667896357,9684,100521.63,99419.63,100524.77,103672.79,100533.07,100525.42,100533.86,100543.23
6837.688488712,9685,100519.51,99399.46,100531.76,103680.79,100529.05,100520.35,100532.8,100544.26
6837.709172439,9686,100524.56,99407.53,100522.71,103664.78,100537.08,100532.39,100532.8,100538.31
6837.729715594,9687,100518.45,99427.7,100526.72,103680.79,100546.17,100521.41,100539.79,100536.25
6837.750417235,9688,100520.57,99408.57,100514.69,103674.97,100536.04,100529.43,100532.8,100544.26
6837.770924046,9689,100524.56,99418.59,100516.75,103674.97,100537.08,100524.37,100529.84,100536.25
6837.794735674,9690,100520.57,99416.64,100524.77,103688.79,100537.08,100533.44,100530.69,100542.2
6837.815279441,9691,100524.56,99415.6,100515.72,103676.79,100545.12,100530.48,100534.71,100535.22
6837.835909353,9692,100522.69,99411.56,100520.76,103669.88,100538.13,100541.47,100530.9,100536.25
6837.856537478,9693,100520.57,99407.53,100527.75,103682.97,100541.1,100540.41,100534.92,100536.25
6837.877052818,9694,100525.62,99419.63,100519.73,103688.79,100545.12,100540.41,100531.75,100535.22
6837.89770011,9695,100525.62,99415.6,100524.77,103671.69,100541.1,100526.47,100537.88,100545.3
6837.918286649,9696,100512.57,99415.6,100523.74,103672.79,100533.07,100541.47,100532.8,100540.26
6837.93889286,9697,100525.62,99407.53,100522.71,103679.7,100534.99,100529.43,100528.78,100537.28
6837.962667172,9698,100512.57,99415.6,100518.7,103671.69,100534.99,100532.39,100531.75,100533.27
6837.983261006,9699,100534.67,99415.6,100522.71,103677.88,100545.12,100537.45,100527.72,100534.19
6838.003851625,9700,100524.56,99416.64,100528.78,103676.79,100545.12,100541.47,100535.77,100548.27
6838.02451586,9701,100520.57,99416.64,100532.79,103677.88,100545.12,100536.4,100536.83,100540.26
6838.045116708,9702,100518.45,99415.6,100520.76,103676.79,100538.13,100537.45,100532.8,100537.28
6838.065593126,9703,100522.69,99415.6,100519.73,103674.97,100545.12,100524.37,100528.78,100544.26
6838.086265453,9704,100520.57,99407.53,100516.75,103682.97,100541.1,100524.37,100524.76,100542.2
6838.106834236,9705,100520.57,99415.6,100524.77,103672.79,100532.02,100521.41,100531.75,100540.26
6838.130605788,9706,100520.57,99411.56,100522.71,103679.7,100543.03,100540.41,100530.69,100535.22
6838.151267976,9707,100516.57,99411.56,100525.8,103680.79,100537.08,100531.54,100536.83,100539.23
6838.171927492,9708,100524.56,99423.67,100519.73,103677.88,100539.01,100526.47,100539.79,100539.23
6838.192604664,9709,100517.63,99408.57,100523.74,103680.79,100544.08,100532.39,100521.8,100534.19
6838.213287517,9710,100514.69,99412.61,100524.77,103676.79,100533.07,100526.27,100528.78,100540.26
6838.233945785,9711,100524.56,99425.76,100532.79,103679.7,100537.08,100520.35,100536.83,100537.28
6838.254705921,9712,100524.56,99411.56,100518.7,103677.88,100530.97,100528.38,100527.72,100526.18
6838.275408708,9713,100533.61,99407.53,100526.72,103688.79,100537.08,100529.43,100524.76,100535.22
6838.298623669,9714,100509.64,99410.52,100520.76,103672.79,100538.13,100529.43,100520.74,100545.3
6838.319268306,9715,100525.62,99412.61,100524.77,103676.79,100529.05,100531.33,100529.84,100531.21
6838.339918482,9716,100529.62,99415.6,100526.72,103672.79,100528.0,100532.39,100539.79,100540.26
6838.360595409,9717,100520.57,99416.64,100518.7,103679.7,100540.06,100524.37,100531.75,100540.26
6838.381240196,9718,100520.57,99407.53,100540.81,103690.98,100528.0,100520.35,100540.85,100542.32
6838.402000563,9719,100524.56,99411.56,100522.71,103688.79,100533.07,100530.28,100541.91,100537.28
6838.422711125,9720,100512.57,99416.64,100514.69,103680.79,100537.08,100524.37,100532.8,100541.29
6838.443285054,9721,100520.57,99418.59,100526.72,103680.79,100530.97,100532.39,100530.69,100544.26
6838.466590593,9722,100529.62,99398.42,100522.71,103680.79,100537.97,100531.33,100530.69,100544.26
6838.48723666,9723,100518.45,99411.56,100523.74,103688.79,100537.08,100530.28,100522.64,100540.26
6838.508011768,9724,100526.44,99407.53,100526.72,103677.88,100533.95,100525.42,100532.8,100537.28
6838.528789584,9725,100520.57,99415.6,100523.74,103688.79,100534.99,100532.39,100536.83,100541.17
6838.549263031,9726,100516.57,99416.64,100532.79,103692.79,100530.97,100530.28,100540.85,100550.22
6838.569969601,9727,100522.69,99412.61,100524.77,103681.88,100545.12,100520.35,100530.69,100535.22
6838.590615448,9728,100522.69,99408.57,100530.73,103684.79,100529.05,100529.43,100532.8,100539.23
6838.613875485,9729,100525.62,99424.71,100522.71,103688.79,100539.01,100528.38,100532.8,100540.26
6838.634551123,9730,100518.45,99419.63,100524.77,103690.98,100540.06,100524.37,100527.72,100536.25
6838.655422131,9731,100520.57,99419.63,100521.68,103680.79,100537.08,100524.37,100522.64,100536.25
6838.675695264,9732,100520.57,99416.64,100520.65,103672.79,100537.08,100529.43,100532.8,100543.23
6838.696378139,9733,100524.56,99417.69,100524.77,103688.79,100533.07,100531.33,100523.7,100544.26
6838.717060873,9734,100525.62,99407.53,100522.71,103685.88,100534.99,100534.5,100534.92,100546.33
6838.737578701,9735,100520.57,99407.53,100532.79,103692.79,100537.08,100525.42,100535.77,100528.24
6838.758164867,9736,100520.57,99415.6,100522.71,103686.61,100534.99,100528.38,100530.69,100540.26
6838.781863347,9737,100524.56,99406.49,100511.71,103670.6,100529.93,100532.39,100540.85,100536.25
6838.802457179,9738,100524.56,99413.51,100518.7,103689.88,100537.08,100536.4,100532.8,100544.26
6838.823078251,9739,100518.45,99407.53,100528.78,103692.79,100534.99,100524.37,100528.78,100544.26
6838.843743357,9740,100524.56,99414.56,100524.77,103680.79,100545.12,100524.37,100531.75,100535.22
6838.864319501,9741,100528.56,99415.6,100514.69,103676.79,100536.04,100526.47,100528.78,100548.27
6838.884901261,9742,100528.56,99417.69,100526.72,103696.8,100536.04,100536.4,100526.66,100535.22
6838.905527742,9743,100522.44,99417.55,100518.7,103688.79,100539.01,100532.39,100524.76,100540.26
6838.926185776,9744,100521.63,99411.56,100534.74,103691.7,100541.1,100536.4,100532.8,100539.23
6838.949837646,9745,100520.57,99419.63,100521.68,103695.7,100536.04,100544.42,100526.66,100534.19
6838.970430243,9746,100526.68,99415.6,100527.75,103688.79,100543.03,100533.44,100532.8,100543.23
6838.991067657,9747,100514.69,99415.6,100518.7,103688.79,100539.01,100528.38,100535.77,100544.26
6839.011679513,9748,100521.63,99410.52,100523.74,103688.79,100536.04,100528.38,100526.66,100535.22
6839.032272572,9749,100542.42,99422.63,100531.76,103672.79,100540.06,100541.47,100531.75,100526.18
6839.052820958,9750,100521.63,99415.6,100531.76,103688.79,100530.97,100521.41,100532.8,100536.25
6839.073524715,9751,100521.63,99414.56,100522.71,103688.79,100539.01,100526.27,100532.8,100530.18
6839.094037941,9752,100522.44,99420.68,100526.72,103688.79,100537.08,100524.37,100540.85,100544.26
6839.11780886,9753,100528.56,99420.68,100522.71,103693.89,100536.04,100538.51,100538.73,100536.25
6839.138395249,9754,100520.57,99419.63,100521.68,103692.79,100547.05,100529.23,100534.71,100540.26
6839.159029135,9755,100533.61,99416.64,100516.75,103676.79,100534.99,100527.32,100535.77,100536.25
6839.17952495,9756,100520.57,99422.63,100530.73,103684.79,100537.08,100532.39,100524.55,100536.25
6839.200271128,9757,100524.56,99411.56,100523.74,103679.7,100534.99,100524.37,100520.74,100544.26
6839.220869345,9758,100517.63,99424.71,100531.76,103688.79,100534.99,100530.28,100527.51,100536.25
6839.241413843,9759,100510.45,99415.6,100518.7,103688.79,100529.93,100523.31,100532.8,100544.26
6839.262175188,9760,100522.44,99414.56,100526.72,103684.79,100541.98,100516.34,100524.55,100540.26
6839.285816114,9761,100511.51,99419.63,100524.77,103688.79,100539.01,100528.38,100538.73,100535.22
6839.30641673,9762,100512.57,99407.53,100519.73,103688.79,100533.95,100524.37,100529.63,100536.25
6839.327183892,9763,100521.63,99407.53,100525.8,103687.7,100530.97,100524.37,100528.57,100536.25
6839.347617743,9764,100511.51,99419.63,100524.77,103686.61,100534.99,100524.37,100541.69,100536.25
6839.368207671,9765,100512.57,99423.67,100524.77,103691.7,100533.07,100528.38,100525.61,100535.22
6839.388750311,9766,100537.61,99424.71,100523.74,103688.79,100544.08,100533.44,100534.71,100544.26
6839.409379743,9767,100513.63,99419.63,100527.75,103696.8,100534.99,100526.47,100537.67,100540.26
6839.430006715,9768,100534.67,99418.59,100522.71,103697.89,100532.02,100532.39,100526.66,100535.22
6839.453742866,9769,100524.56,99422.63,100521.79,103688.79,100526.95,100532.39,100526.45,100544.26
6839.474397936,9770,100530.68,99415.6,100526.72,103691.7,100534.99,100528.38,100530.69,100543.23
6839.494908003,9771,100512.57,99414.56,100525.69,103692.79,100534.99,100533.44,100532.59,100528.24
6839.515583483,9772,100522.69,99415.6,100523.74,103680.79,100547.05,100528.38,100530.69,100540.26
6839.536141524,9773,100522.69,99415.6,100520.76,103694.98,100536.04,100528.38,100530.69,100546.21
6839.556816834,9774,100522.44,99413.51,100531.76,103692.79,100536.04,100540.41,100536.61,100531.21
6839.577400745,9775,100525.62,99406.49,100514.69,103688.79,100534.99,100527.32,100536.61,100536.25
6839.597962359,9776,100525.62,99415.46,100522.71,103696.8,100534.99,100526.27,100524.55,100535.22
6839.621644312,9777,100520.57,99406.49,100531.76,103680.79,100539.01,100520.35,100525.61,100531.21
6839.64225814,9778,100520.57,99414.56,100522.71,103679.7,100543.03,100534.5,100532.59,100544.26
6839.662873878,9779,100519.51,99411.56,100524.77,103698.61,100540.06,100528.38,100529.63,100535.22
6839.683462234,9780,100521.63,99407.53,100522.71,103684.79,100534.99,100542.52,100524.55,100527.21
6839.704042089,9781,100521.63,99406.49,100522.71,103686.61,100522.94,100534.29,100540.63,100536.25
6839.724668425,9782,100518.45,99414.56,100522.71,103680.79,100534.99,100526.27,100526.66,100536.25
6839.745231076,9783,100522.69,99415.6,100523.74,103687.7,100533.95,100520.35,100526.66,100545.3
6839.765888444,9784,100524.56,99413.51,100515.72,103700.8,100537.08,100523.31,100526.66,100544.26
6839.78961208,9785,100529.62,99414.56,100523.74,103699.71,100534.99,100521.2,100538.73,100535.22
6839.810216611,9786,100520.57,99418.59,100526.72,103692.79,100543.03,100532.39,100530.69,100552.28
6839.830818478,9787,100529.62,99417.55,100523.74,103676.79,100541.98,100531.33,100530.69,100544.26
6839.851410729,9788,100534.67,99421.58,100530.73,103679.7,100533.95,100533.44,100534.71,100544.26
6839.871996721,9789,100532.55,99415.6,100540.81,103692.79,100537.97,100532.39,100530.69,100536.25
6839.892613498,9790,100528.56,99406.49,100523.74,103684.79,100545.12,100528.38,100524.76,100536.25
6839.913175042,9791,100521.63,99427.7,100531.76,103704.8,100530.97,100528.38,100530.69,100534.19
6839.936988,9792,100534.67,99425.62,100524.77,103701.89,100529.05,100542.32,100530.69,100544.26
6839.957610908,9793,100530.68,99423.67,100523.74,103688.79,100537.08,100519.3,100532.59,100538.2
6839.978217256,9794,100530.68,99420.68,100522.71,103698.61,100549.14,100533.44,100520.53,100536.25
6839.998763408,9795,100530.43,99415.6,100522.71,103696.8,100545.12,100534.29,100530.69,100536.25
6840.019463898,9796,100521.63,99405.44,100522.71,103686.61,100541.98,100530.48,100526.66,100518.16
6840.040048738,9797,100520.57,99412.47,100523.74,103691.7,100537.08,100534.29,100529.63,100534.19
6840.060640745,9798,100524.56,99405.44,100531.76,103692.79,100541.1,100532.39,100537.67,100532.24
6840.081276141,9799,100521.63,99423.67,100521.68,103690.61,100530.97,100524.37,100529.63,100541.29
6840.104954627,9800,100522.44,99423.67,100524.77,103694.61,100537.08,100540.41,100526.66,100535.22
6840.125617065,9801,100520.57,99413.51,100538.75,103690.61,100541.1,100523.31,100538.73,100534.19
6840.146186118,9802,100517.63,99418.59,100525.69,103696.8,100533.95,100524.37,100530.69,100540.26
6840.166743398,9803,100522.69,99418.59,100522.71,103696.8,100534.99,100530.28,100534.71,100544.26
6840.187401141,9804,100520.57,99419.63,100524.77,103696.8,100544.08,100533.44,100530.69,100536.25
6840.207960629,9805,100518.45,99411.56,100523.74,103700.8,100543.03,100532.39,100530.69,100544.26
6840.228537653,9806,100520.57,99415.6,100522.71,103710.62,100534.99,100540.41,100532.59,100540.26
6840.249174059,9807,100518.45,99426.66,100531.76,103696.8,100518.92,100530.28,100526.66,100544.26
6840.272948856,9808,100521.63,99478.07,100522.71,103690.61,100529.05,100523.31,100522.64,100544.26
6840.293551502,9809,100522.69,99423.67,100522.71,103695.7,100537.08,100527.32,100538.73,100544.26
6840.314201163,9810,100520.57,99406.49,100522.71,103707.71,100534.99,100532.39,100537.67,100540.26
6840.334760943,9811,100519.51,99423.67,100523.74,103719.71,100537.08,100539.36,100538.73,100544.26
6840.355348198,9812,100527.5,99414.56,100518.59,103711.71,100526.95,100528.38,100528.57,100545.3
6840.375964522,9813,100532.55,99419.63,100528.78,103697.89,100534.99,100540.41,100540.63,100536.25
6840.396498805,9814,100525.62,99413.51,100527.75,103701.89,100534.99,100524.37,100534.71,100535.22
6840.417278872,9815,100523.5,99411.56,100523.74,103711.71,100534.99,100529.43,100530.69,100540.26
6840.440923601,9816,100520.57,99423.67,100531.76,103702.61,100532.02,100516.34,100528.57,100544.26
6840.461521178,9817,100520.57,99423.67,100522.71,103706.62,100539.01,100532.39,100530.69,100538.2
6840.482109962,9818,100530.68,99407.53,100530.73,103695.7,100529.93,100531.33,100528.57,100542.2
6840.502734801,9819,100519.51,99462.97,100532.79,103710.62,100537.97,100531.33,100534.71,100539.23
6840.52326437,9820,100528.56,99512.43,100526.72,103738.63,100537.08,100532.39,100527.51,100530.18
6840.543849657,9821,100525.62,99518.41,100522.71,103744.82,100536.04,100530.28,100516.5,100536.25
6840.564458346,9822,100534.67,99522.45,100521.68,103732.81,100539.01,100542.32,100546.77,100535.22
6840.585081821,9823,100532.55,99520.5,100528.67,103728.81,100540.06,100527.32,100538.73,100546.21
6840.608881264,9824,100520.57,99523.49,100532.79,103736.81,100541.98,100532.39,100528.57,100530.18
6840.629399623,9825,100532.55,99520.5,100522.71,103734.63,100530.97,100525.42,100537.67,100535.22
6840.65005791,9826,100532.55,99526.48,100530.73,103723.72,100540.06,100520.35,100529.63,100544.26
6840.670580432,9827,100524.56,99522.45,100521.68,103723.72,100530.97,100524.37,100527.72,100539.23
6840.691226706,9828,100524.56,99518.41,100523.74,103731.72,100534.99,100526.27,100534.71,100544.26
6840.71181415,9829,100530.68,99518.41,100528.67,103734.63,100525.91,100526.27,100530.69,100530.18
6840.732447807,9830,100521.63,99519.46,100522.71,103727.72,100526.95,100532.39,100530.69,100542.2
6840.753047987,9831,100524.56,99539.63,100530.73,103738.63,100540.06,100541.47,100538.73,100533.16
6840.776762351,9832,100529.37,99685.93,100522.71,103793.56,100545.12,100532.39,100536.61,100544.26
6840.79739567,9833,100524.56,99774.54,100526.72,103824.85,100540.06,100533.44,100536.61,100540.26
6840.817964572,9834,100518.45,99744.36,100527.75,103827.76,100537.08,100530.28,100525.61,100542.2
6840.838606762,9835,100520.57,99761.54,100525.69,103815.76,100533.95,100515.29,100531.75,100543.23
6840.859252365,9836,100516.57,99741.37,100520.65,103823.76,100532.02,100537.45,100525.61,100540.26
6840.879850922,9837,100520.57,99737.33,100523.74,103823.76,100543.03,100522.26,100534.71,100536.25
6840.900435234,9838,100532.55,99734.35,100523.74,103819.76,100534.99,100530.28,100523.7,100541.17
6840.92107757,9839,100520.57,99734.35,100523.74,103807.75,100526.95,100525.42,100540.85,100538.2
6840.944740115,9840,100520.57,99730.31,100534.74,103812.85,100525.91,100534.29,100538.73,100529.15
6840.965344681,9841,100521.63,99728.22,100511.71,103814.66,100526.95,100524.37,100522.64,100536.25
6840.986008069,9842,100520.57,99741.37,100520.65,103808.85,100536.04,100532.39,100531.75,100536.25
6841.006601693,9843,100520.57,99736.29,100522.71,103806.66,100543.03,100522.26,100541.69,100538.2
6841.027170019,9844,100512.57,99804.88,100530.73,103826.67,100547.05,100532.39,100529.63,100539.23
6841.047820501,9845,100529.62,100100.49,100534.74,103982.74,100539.01,100522.26,100540.63,100542.2
6841.068526822,9846,100524.56,100165.93,100530.73,103986.74,100529.05,100542.52,100533.65,100535.22
6841.092130088,9847,100521.63,100137.69,100534.74,103975.83,100528.0,100519.3,100533.65,100534.19
6841.112743475,9848,100525.62,100119.61,100522.71,103967.83,100536.04,100520.35,100520.53,100534.19
6841.133289227,9849,100523.5,100113.48,100530.73,103963.83,100526.95,100524.37,100534.71,100536.25
6841.153895654,9850,100520.57,100116.46,100522.71,103975.83,100528.88,100532.39,100534.71,100538.2
6841.174575695,9851,100513.63,100115.58,100535.77,103949.63,100534.99,100519.3,100534.71,100544.26
6841.19517436,9852,100517.63,100105.41,100521.68,103963.83,100536.04,100532.39,100542.75,100534.19
6841.215743938,9853,100520.57,100107.51,100531.76,103955.82,100529.93,100529.23,100529.63,100539.23
6841.236381147,9854,100536.55,100114.53,100531.76,103962.73,100541.98,100532.39,100538.73,100545.3
6841.260115861,9855,100512.57,100091.37,100530.73,103955.82,100534.99,100532.39,100531.75,100539.23
6841.280681515,9856,100532.55,100108.56,100522.71,103954.73,100529.93,100539.36,100531.75,100542.2
6841.301307821,9857,100520.57,100169.97,100514.69,103979.83,100533.95,100532.39,100521.58,100536.25
6841.321886705,9858,100529.62,100584.73,100535.77,104174.84,100548.09,100532.39,100538.73,100542.2
6841.342552673,9859,100533.61,100681.58,100534.74,104207.95,100525.91,100543.37,100521.58,100542.2
6841.363146362,9860,100521.63,100640.17,100521.68,104177.74,100534.99,100532.39,100532.8,100543.23
6841.383802055,9861,100520.57,100641.23,100530.73,104183.94,100539.01,100532.39,100530.69,100536.25
6841.40433842,9862,100520.57,100621.92,100530.73,104190.85,100534.99,100527.32,100528.57,100540.26
6841.428169093,9863,100520.57,100624.03,100524.66,104181.03,100540.06,100524.37,100534.71,100530.18
6841.448728424,9864,100526.44,100617.01,100520.65,104177.03,100533.95,100528.38,100534.71,100542.2
6841.469322967,9865,100512.57,100615.96,100514.69,104174.84,100534.99,100532.39,100521.58,100543.23
6841.489856259,9866,100521.63,100603.85,100522.71,104174.84,100530.97,100524.37,100521.58,100522.17
6841.5104685,9867,100521.63,100591.75,100526.72,104174.84,100529.93,100521.2,100531.75,100540.26
6841.531053514,9868,100523.5,100590.69,100531.76,104166.83,100530.97,100532.39,100531.75,100532.24
6841.551754498,9869,100510.45,100582.62,100526.72,104161.02,100530.97,100524.37,100529.63,100544.26
6841.572248061,9870,100522.69,100755.09,100522.71,104222.86,100537.08,100530.28,100530.69,100548.27
6841.596018688,9871,100530.43,101416.12,100531.76,104513.23,100541.98,100530.28,100532.59,100538.2
6841.616608054,9872,100518.45,101546.35,100530.73,104593.98,100530.97,100526.47,100538.73,100535.22
6841.637263155,9873,100520.57,101459.46,100531.76,104561.26,100530.97,100534.29,100530.69,100534.19
6841.657790474,9874,100520.57,101425.26,100522.71,104531.04,100522.94,100524.37,100536.61,100535.22
6841.678446076,9875,100521.63,101416.12,100526.72,104545.25,100530.97,100536.4,100540.63,100535.22
6841.699123901,9876,100524.56,101398.92,100529.7,104528.14,100534.99,100533.44,100522.64,100526.18
6841.719645244,9877,100518.45,101398.92,100522.71,104516.13,100534.99,100527.32,100530.69,100542.2
6841.740176997,9878,100533.61,101372.57,100520.76,104511.03,100530.97,100535.35,100538.73,100543.23
6841.763983859,9879,100520.57,101356.43,100530.73,104500.12,100534.99,100522.26,100530.69,100538.2
6841.784656711,9880,100520.57,101352.39,100519.73,104504.12,100526.95,100531.33,100538.73,100543.23
6841.805244227,9881,100502.46,101355.58,100522.71,104497.22,100526.95,100524.37,100528.57,100539.23
6841.825784489,9882,100520.57,101340.29,100520.65,104491.01,100526.95,100531.33,100530.69,100542.2
6841.846410197,9883,100512.57,101522.13,100523.74,104599.08,100520.84,100531.33,100530.69,100539.23
6841.867006434,9884,100520.57,102385.99,100521.68,104935.3,100525.91,100540.41,100529.63,100534.19
6841.887603187,9885,100524.56,102442.25,100531.76,104961.53,100528.88,100526.27,100529.63,100535.22
6841.908230594,9886,100521.38,102343.47,100523.74,104927.29,100529.93,100523.31,100526.66,100534.19
6841.932020866,9887,100520.57,102307.14,100530.73,104903.28,100529.93,100533.44,100531.75,100544.26
6841.952612983,9888,100528.56,102286.96,100523.74,104883.26,100525.91,100524.37,100534.71,100529.27
6841.973164424,9889,100520.57,102262.73,100519.73,104871.26,100529.93,100532.39,100532.59,100535.22
6841.993760949,9890,100520.57,102262.73,100527.75,104862.15,100525.91,100535.35,100530.69,100543.23
6842.014377385,9891,100518.45,102230.44,100530.73,104863.25,100520.84,100531.33,100530.69,100539.23
6842.034944224,9892,100522.69,102226.4,100523.74,104863.25,100525.91,100523.31,100530.69,100544.26
6842.055552568,9893,100514.45,102208.11,100522.71,104847.24,100528.88,100532.39,100526.66,100531.21
6842.07612085,9894,100522.44,102201.11,100530.73,104849.04,100539.01,100524.37,100538.73,100533.16
6842.099905916,9895,100522.44,102175.82,100526.72,104833.44,100532.9,100524.37,100529.63,100532.24
6842.120519708,9896,100526.44,102198.14,100522.71,104834.13,100528.88,100532.39,100528.57,100534.19
6842.14119505,9897,100513.63,102154.81,100530.73,104823.22,100524.86,100533.44,100546.77,100542.2
6842.16174438,9898,100512.57,102179.03,100522.71,104881.06,100526.95,100532.39,100542.75,100546.21
6842.182337286,9899,100528.56,102165.85,100528.67,104966.22,100529.93,100520.35,100524.55,100543.23
6842.202897499,9900,100523.5,102180.93,100531.76,105016.46,100532.9,100536.4,100528.57,100538.2
6842.223547657,9901,100519.51,102207.29,100518.7,105079.4,100524.86,100522.26,100538.73,100543.23
6842.247239065,9902,100518.45,102228.3,100530.73,105143.45,100534.99,100528.38,100534.71,100544.26
6842.267902746,9903,100528.56,102248.48,100522.71,105202.39,100536.92,100521.2,100530.69,100535.22
6842.288454483,9904,100521.63,102290.99,100534.74,105257.32,100529.93,100528.38,100534.71,100536.25
6842.309131838,9905,100522.44,102308.21,100525.69,105282.45,100533.95,100528.38,100526.45,100535.22
6842.330384294,9906,100519.51,102328.4,100530.73,105333.38,100521.89,100534.29,100534.49,100540.14
6842.350797533,9907,100524.56,102345.37,100528.67,105380.74,100528.88,100533.44,100540.63,100547.24
6842.370869045,9908,100517.63,102392.74,100532.79,105423.67,100533.95,100523.31,100536.61,100545.18
6842.391501386,9909,100525.62,102444.15,100526.72,105455.69,100524.86,100532.39,100526.66,100542.2
6842.415253284,9910,100518.69,102494.73,100526.72,105526.64,100534.99,100542.32,100524.55,100538.2
6842.435807722,9911,100515.51,102525.14,100530.73,105571.79,100532.9,100520.35,100536.61,100539.23
6842.456420342,9912,100520.57,102058.76,100527.75,105471.7,100521.89,100539.36,100536.61,100540.26
6842.476982113,9913,100524.56,101042.69,100528.67,105117.22,100543.03,100541.47,100536.61,100544.26
6842.497576465,9914,100518.45,100906.53,100510.68,104819.22,100518.92,100517.4,100520.53,100538.2
6842.518215688,9915,100522.69,100642.1,100522.71,104453.89,100528.88,100532.39,100523.49,100540.26
6842.538801408,9916,100525.62,100065.06,100514.69,103672.42,100530.97,100528.38,100512.48,100543.23
6842.559360124,9917,100521.63,99718.06,100518.7,103604.39,100520.84,100526.27,100521.58,100548.27
6842.583135385,9918,100522.69,99346.87,100508.62,103630.58,100518.92,100520.35,100519.47,100546.21
6842.603737287,9919,100520.57,99341.93,100515.72,103662.6,100533.07,100528.38,100516.5,100531.21
6842.624313728,9920,100535.49,99371.08,100530.73,103697.52,100559.11,100535.35,100533.65,100535.22
6842.644934972,9921,100514.45,99395.29,100522.71,103692.43,100540.94,100534.29,100530.69,100535.22
6842.665553788,9922,100517.63,99384.23,100523.74,103698.61,100514.9,100533.44,100529.63,100536.25
6842.68612169,9923,100531.49,99361.97,100523.74,103713.53,100524.86,100536.4,100531.75,100538.2
6842.706717517,9924,100520.57,99369.13,100519.73,103715.71,100533.95,100527.32,100530.69,100542.2
6842.727368969,9925,100529.62,99382.28,100531.76,103722.62,100543.03,100540.41,100538.73,100536.14
6842.752247979,9926,100522.44,99389.31,100529.7,103742.63,100551.07,100532.39,100529.63,100535.22
6842.784106723,9927,100516.57,99371.08,100516.64,103734.63,100543.03,100544.42,100530.69,100534.19
6842.793568003,9928,100524.56,99371.08,100514.69,103739.72,100530.97,100530.28,100522.64,100541.17
6842.813298794,9929,100518.69,99389.31,100524.66,103726.62,100529.93,100541.47,100531.75,100552.28
6842.834736589,9930,100528.56,99390.35,100521.68,103737.54,100541.98,100540.41,100538.73,100548.27
6842.85528477,9931,100524.56,99371.08,100530.73,103744.45,100533.95,100537.45,100526.66,100536.25
