t_pc,sample_idx,S0,S1,S2,S3,S4,S5,S6,S7
1279.924037645,13223,100528.01,97579.64,100522.82,103261.93,100513.83,100542.98,100527.91,100540.91
1279.947557388,13224,100530.14,97549.39,100520.87,103285.91,100510.86,100530.96,100527.91,100531.88
1279.968130078,13225,100531.2,97554.45,100514.8,103287.73,100505.8,100542.14,100531.93,100523.87
1279.988759123,13226,100534.93,97563.53,100523.85,103301.9,100507.9,100554.16,100534.89,100523.87
1280.009466836,13227,100534.13,97559.5,100511.83,103261.93,100504.76,100525.9,100527.91,100523.87
1280.029948806,13228,100524.02,97568.59,100515.83,103266.65,100502.66,100548.05,100538.07,100524.91
1280.050591038,13229,100526.15,97583.67,100507.82,103309.89,100496.73,100538.14,100526.02,100518.84
1280.071176826,13230,100526.95,97571.59,100514.8,103335.69,100506.85,100540.03,100527.91,100518.84
1280.091731136,13231,100524.02,97550.42,100507.82,103316.8,100497.78,100529.07,100531.93,100519.87
1280.115505242,13232,100543.98,97583.67,100523.85,103312.8,100513.83,100555.22,100552.01,100519.87
1280.136126034,13233,100543.98,97592.75,100523.85,103298.63,100523.95,100544.04,100541.86,100530.84
1280.156689312,13234,100526.15,97581.62,100505.76,103316.8,100509.82,100533.91,100528.97,100523.87
1280.177365111,13235,100532.0,97551.45,100511.83,103320.79,100508.77,100534.13,100527.91,100523.87
1280.197989582,13236,100524.02,97566.53,100517.9,103325.88,100521.85,100538.14,100537.01,100524.91
1280.218600372,13237,100530.14,97561.48,100523.85,103325.88,100517.84,100540.03,100539.96,100547.88
1280.239136619,13238,100535.99,97583.67,100515.83,103301.9,100522.9,100544.04,100534.05,100531.88
1280.259711567,13239,100514.17,97566.53,100515.83,103309.89,100509.82,100542.14,100522.0,100533.94
1280.283465172,13240,100558.88,97549.39,100524.88,103143.84,100517.84,100546.99,100545.04,100539.88
1280.304088425,13241,100535.99,97585.64,100515.83,103332.78,100521.85,100534.97,100534.05,100531.88
1280.324678345,13242,100526.95,97579.64,100519.84,103309.53,100496.73,100542.14,100532.99,100523.87
1280.345257106,13243,100515.23,97587.7,100520.87,103353.49,100507.9,100541.93,100534.89,100531.88
1280.365899674,13244,100533.87,97552.47,100511.83,103367.66,100503.71,100540.03,100520.94,100523.87
1280.386509977,13245,100534.93,97567.56,100521.78,103349.86,100512.78,100549.94,100545.04,100535.88
1280.40716194,13246,100530.14,97557.45,100518.81,103340.78,100521.85,100540.03,100543.98,100523.87
1280.430753663,13247,100519.23,97606.81,100514.8,103293.9,100504.76,100537.92,100527.91,100534.85
1280.451406416,13248,100524.02,97614.87,100522.82,103277.92,100512.78,100526.11,100526.85,100535.88
1280.472051599,13249,100532.0,97599.78,100507.82,103269.92,100511.73,100532.02,100534.89,100535.88
1280.492656033,13250,100522.15,97567.56,100514.8,103285.91,100515.92,100526.11,100528.97,100531.88
1280.513223814,13251,100520.03,97571.59,100510.79,103281.91,100503.89,100530.12,100526.02,100523.87
1280.533800401,13252,100528.01,97597.73,100524.88,103281.91,100516.79,100542.98,100538.07,100532.91
1280.554395942,13253,100524.02,97579.64,100515.83,103279.01,100508.77,100536.02,100531.93,100526.84
1280.574973449,13254,100517.91,97557.45,100516.86,103289.91,100509.82,100524.0,100519.88,100535.88
1280.598773653,13255,100521.9,97582.64,100515.83,103309.89,100513.83,100526.11,100534.05,100532.91
1280.619306137,13256,100535.99,97583.67,100519.84,103292.81,100513.83,100548.05,100537.01,100531.88
1280.640039907,13257,100532.0,97583.67,100521.9,103296.08,100512.78,100538.14,100535.95,100535.88
1280.660569067,13258,100522.15,97592.75,100511.83,103309.89,100501.79,100530.12,100532.99,100527.87
1280.681195592,13259,100524.02,97575.61,100515.83,103301.9,100505.8,100532.02,100531.93,100523.87
1280.701813709,13260,100532.0,97579.64,100522.82,103304.08,100513.83,100534.13,100527.91,100529.81
1280.722329079,13261,100525.89,97575.61,100519.84,103313.89,100506.85,100534.13,100534.05,100529.81
1280.742800812,13262,100528.01,97567.56,100515.83,103301.9,100505.8,100546.15,100535.95,100533.81
1280.766777454,13263,100517.91,97585.64,100515.83,103297.9,100505.8,100542.14,100523.9,100530.84
1280.78732284,13264,100525.08,97592.75,100519.84,103309.89,100513.83,100532.02,100525.79,100527.87
1280.807945251,13265,100530.14,97585.64,100514.8,103305.89,100513.83,100540.03,100530.87,100519.87
1280.828551786,13266,100526.15,97569.53,100515.83,103294.99,100513.83,100524.0,100523.9,100523.87
1280.849159919,13267,100533.06,97581.7,100506.79,103312.07,100514.88,100537.08,100541.02,100530.84
1280.869698019,13268,100538.12,97581.62,100523.85,103309.89,100517.84,100534.13,100535.95,100527.87
1280.890311077,13269,100532.0,97587.7,100516.86,103296.08,100505.8,100544.04,100533.83,100523.87
1280.910925103,13270,100525.08,97565.5,100508.85,103312.07,100512.78,100542.14,100526.02,100532.91
1280.934625983,13271,100520.03,97574.59,100518.81,103301.9,100505.8,100551.21,100537.01,100523.87
1280.955290411,13272,100522.96,97579.64,100515.83,103308.8,100521.85,100538.14,100535.95,100531.88
1280.975849808,13273,100530.94,97583.67,100525.91,103309.89,100523.95,100552.05,100530.87,100531.88
1280.996491755,13274,100529.07,97576.64,100514.8,103312.07,100511.91,100532.86,100537.01,100531.88
1281.01709095,13275,100528.01,97562.5,100523.85,103313.16,100521.85,100542.14,100519.88,100524.91
1281.037693547,13276,100534.13,97559.5,100515.83,103326.97,100523.95,100536.02,100530.03,100535.88
1281.058798052,13277,100517.91,97561.56,100517.9,103294.99,100514.88,100545.93,100530.03,100521.94
1281.078925691,13278,100539.18,97550.42,100511.83,103305.89,100515.92,100527.17,100527.91,100531.88
1281.10261206,13279,100525.89,97542.36,100515.83,103309.89,100506.85,100530.12,100524.96,100523.87
1281.123278129,13280,100525.08,97544.42,100515.83,103306.98,100509.82,100534.13,100537.01,100527.87
1281.143803521,13281,100535.99,97548.44,100521.9,103293.9,100507.72,100544.04,100528.97,100519.87
1281.164608696,13282,100524.02,97547.42,100511.83,103305.17,100509.82,100536.02,100527.91,100531.88
1281.185034392,13283,100521.9,97551.45,100507.82,103294.99,100509.82,100548.05,100527.91,100533.94
1281.205593816,13284,100521.9,97535.33,100515.83,103301.9,100505.8,100534.13,100520.94,100523.87
1281.226277569,13285,100513.92,97531.3,100519.84,103293.9,100511.91,100538.14,100527.91,100530.84
1281.24689161,13286,100538.12,97531.3,100519.84,103300.08,100517.84,100538.98,100528.97,100527.87
1281.270555888,13287,100535.99,97524.28,100509.76,103304.08,100509.82,100550.16,100537.01,100539.88
1281.291232071,13288,100530.14,97531.3,100531.86,103310.98,100513.83,100534.13,100532.99,100531.88
1281.311779672,13289,100528.01,97513.14,100518.93,103308.07,100508.77,100534.13,100524.96,100532.91
1281.332382189,13290,100520.03,97528.3,100514.8,103312.07,100505.8,100542.14,100527.91,100532.91
1281.352975977,13291,100522.96,97519.22,100519.84,103301.9,100513.83,100536.02,100528.97,100539.88
1281.373603315,13292,100535.99,97511.16,100515.83,103312.07,100510.86,100538.98,100531.93,100531.88
1281.394244102,13293,100530.14,97523.25,100515.83,103322.25,100505.8,100542.14,100520.94,100521.81
1281.414797116,13294,100534.13,97512.19,100521.9,103310.98,100517.84,100543.2,100537.01,100526.84
1281.438509259,13295,100522.15,97502.08,100513.77,103309.89,100509.82,100542.14,100537.01,100536.91
1281.459148699,13296,100526.15,97503.11,100517.9,103310.98,100504.76,100524.0,100534.05,100523.87
1281.479739495,13297,100525.89,97519.22,100523.85,103314.98,100505.8,100542.14,100535.95,100539.88
1281.500308507,13298,100529.07,97511.16,100515.83,103312.07,100513.83,100537.92,100524.96,100535.88
1281.520904314,13299,100528.01,97505.08,100514.8,103312.07,100505.8,100538.14,100528.97,100535.88
1281.541630855,13300,100530.14,97501.06,100514.8,103314.98,100497.78,100533.07,100528.97,100523.87
1281.562160239,13301,100530.14,97503.11,100503.81,103309.89,100513.83,100530.96,100530.03,100523.87
1281.582799321,13302,100518.97,97509.11,100514.8,103316.07,100505.8,100538.98,100535.11,100523.87
1281.606453641,13303,100526.95,97503.11,100507.82,103313.16,100511.91,100521.89,100532.99,100539.88
1281.627075098,13304,100532.0,97510.14,100515.83,103313.89,100512.78,100534.13,100530.03,100533.94
1281.647687436,13305,100513.11,97506.11,100515.83,103316.07,100510.86,100542.14,100537.01,100534.85
1281.668323466,13306,100535.99,97511.16,100507.82,103316.07,100523.95,100540.03,100522.0,100531.88
1281.688861299,13307,100531.2,97511.16,100521.9,103313.16,100508.95,100534.13,100524.96,100535.88
1281.709556006,13308,100510.99,97495.05,100515.83,103321.88,100509.82,100537.08,100522.0,100523.87
1281.730052378,13309,100531.2,97507.14,100523.85,103324.06,100515.92,100542.14,100532.99,100539.88
1281.753831147,13310,100518.16,97510.14,100514.8,103316.07,100519.94,100524.0,100538.07,100531.88
1281.774417935,13311,100522.15,97507.14,100513.77,103313.89,100510.86,100546.15,100527.91,100529.81
1281.795015566,13312,100528.01,97515.19,100515.83,103321.88,100510.86,100534.13,100533.83,100530.84
1281.81558788,13313,100512.05,97511.16,100515.83,103328.06,100513.83,100539.19,100537.01,100526.84
1281.836189221,13314,100526.15,97515.19,100522.82,103324.06,100504.76,100540.03,100530.03,100523.87
1281.856838615,13315,100530.14,97511.16,100513.77,103321.88,100509.82,100542.14,100535.95,100531.88
1281.877415061,13316,100525.08,97509.11,100518.81,103325.88,100523.95,100532.02,100538.07,100526.84
1281.898060653,13317,100530.14,97501.06,100521.9,103326.97,100512.78,100542.14,100527.91,100529.81
1281.92177174,13318,100534.13,97509.11,100511.83,103320.07,100515.92,100534.13,100535.95,100521.81
1281.942431794,13319,100524.02,97507.14,100515.83,103334.96,100505.8,100540.03,100522.0,100535.88
1281.962993027,13320,100524.02,97511.16,100518.81,103324.06,100506.85,100530.96,100543.98,100527.87
1281.983619406,13321,100525.08,97510.14,100511.83,103337.14,100508.77,100536.02,100537.01,100522.84
1282.004176876,13322,100519.23,97514.17,100519.84,103321.88,100515.92,100542.14,100528.97,100528.78
1282.024719504,13323,100516.04,97519.22,100515.83,103317.52,100515.92,100532.02,100528.97,100535.88
1282.045376255,13324,100518.97,97521.19,100516.86,103325.88,100501.79,100532.02,100526.85,100523.87
1282.066017684,13325,100520.03,97519.22,100505.76,103324.06,100506.85,100543.2,100524.96,100523.87
1282.089722895,13326,100520.03,97518.19,100515.83,103325.88,100509.82,100532.02,100528.97,100529.81
1282.110294848,13327,100529.88,97526.25,100505.76,103334.96,100508.77,100540.03,100528.97,100535.88
1282.130923572,13328,100524.02,97519.22,100507.82,103328.06,100509.99,100534.13,100535.95,100525.81
1282.151553303,13329,100526.15,97519.22,100505.76,103330.97,100501.79,100541.09,100527.91,100515.87
1282.172123204,13330,100521.9,97526.25,100515.83,103332.06,100505.8,100536.02,100537.01,100531.88
1282.192761495,13331,100532.0,97527.28,100514.8,103326.97,100505.8,100542.14,100532.99,100529.81
1282.213355514,13332,100514.17,97526.25,100523.85,103338.96,100505.8,100542.14,100527.91,100532.91
1282.233988623,13333,100534.13,97531.3,100519.84,103338.96,100502.66,100534.13,100530.03,100527.87
1282.257707419,13334,100529.88,97530.28,100502.78,103325.88,100497.78,100534.13,100520.94,100521.94
1282.278289969,13335,100522.15,97525.22,100511.83,103338.96,100505.8,100534.13,100532.99,100535.88
1282.298879433,13336,100525.89,97525.22,100519.84,103333.87,100509.82,100538.98,100531.93,100532.91
1282.319539204,13337,100526.15,97525.22,100515.83,103328.06,100509.82,100530.96,100542.08,100538.85
1282.340092631,13338,100526.15,97533.28,100514.8,103336.05,100502.84,100537.92,100527.91,100527.87
1282.360761584,13339,100514.98,97518.19,100514.8,103336.05,100503.71,100540.03,100534.05,100539.88
1282.381363427,13340,100518.97,97542.36,100506.79,103334.96,100504.76,100536.02,100530.03,100535.88
1282.401923647,13341,100517.91,97532.25,100515.83,103341.87,100517.84,100534.97,100520.94,100536.91
1282.425627901,13342,100517.91,97535.33,100517.9,103334.96,100515.92,100537.08,100532.99,100531.88
1282.446201421,13343,100529.88,97530.28,100509.88,103342.96,100518.89,100540.03,100538.07,100523.87
1282.466845778,13344,100525.08,97530.28,100507.82,103333.87,100506.85,100543.2,100531.93,100531.88
1282.487473691,13345,100528.01,97543.39,100507.82,103334.96,100504.76,100530.96,100534.05,100523.87
1282.508061546,13346,100530.14,97533.28,100513.77,103336.05,100506.85,100541.09,100535.95,100527.87
1282.528696921,13347,100526.15,97534.31,100519.84,103337.87,100513.83,100541.93,100531.93,100523.87
1282.549315169,13348,100530.14,97537.31,100523.85,103350.95,100509.82,100540.03,100536.17,100527.87
1282.569892608,13349,100546.1,97545.36,100515.83,103342.96,100507.9,100536.02,100534.05,100523.87
1282.593642461,13350,100526.15,97537.31,100514.8,103336.05,100507.9,100540.03,100519.88,100519.87
1282.61425632,13351,100522.96,97534.31,100518.81,103334.96,100505.8,100540.03,100538.07,100528.91
1282.63482607,13352,100522.96,97547.42,100515.83,103340.05,100503.89,100534.13,100530.03,100530.84
1282.655388784,13353,100532.0,97552.47,100514.8,103344.05,100511.91,100528.01,100528.97,100535.88
1282.675966704,13354,100522.96,97545.36,100517.78,103344.05,100511.91,100540.03,100532.99,100525.94
1282.696618248,13355,100521.09,97542.36,100511.83,103333.87,100503.89,100528.01,100522.0,100527.87
1282.71722054,13356,100518.97,97531.3,100515.83,103342.96,100509.82,100538.98,100526.02,100532.91
1282.737828412,13357,100535.99,97539.36,100515.83,103340.05,100515.92,100536.02,100528.97,100531.88
1282.761513049,13358,100512.05,97551.45,100511.83,103340.05,100515.92,100548.05,100528.97,100533.94
1282.782213239,13359,100538.12,97543.39,100514.8,103341.87,100507.9,100532.02,100532.99,100533.94
1282.802822591,13360,100522.15,97543.39,100519.84,103338.96,100502.84,100529.91,100530.03,100531.88
1282.823422824,13361,100539.18,97547.42,100515.83,103344.05,100504.76,100538.98,100530.03,100532.91
1282.844011852,13362,100528.01,97548.44,100518.81,103349.14,100511.73,100546.99,100537.01,100539.88
1282.864626834,13363,100534.13,97550.42,100511.83,103344.05,100511.91,100530.12,100534.05,100530.84
1282.885222376,13364,100533.06,97555.47,100521.9,103346.95,100515.92,100542.14,100527.91,100531.88
1282.908941186,13365,100524.02,97542.36,100519.84,103337.87,100502.84,100536.02,100535.95,100531.88
1282.929506985,13366,100530.14,97559.5,100522.93,103341.87,100511.91,100538.14,100531.09,100529.81
1282.950151381,13367,100525.08,97546.39,100511.83,103342.96,100505.8,100538.14,100530.03,100538.85
1282.970707559,13368,100512.05,97551.45,100506.79,103345.14,100511.73,100538.98,100537.01,100539.88
1282.991303615,13369,100532.0,97543.39,100511.83,103344.05,100513.83,100540.03,100532.15,100535.88
1283.011883374,13370,100525.89,97553.42,100515.83,103342.96,100505.8,100543.2,100528.97,100527.87
1283.032480428,13371,100524.02,97555.47,100507.82,103348.05,100501.79,100536.02,100527.91,100533.94
1283.053144108,13372,100525.08,97554.45,100508.85,103348.05,100513.83,100534.97,100537.01,100536.91
1283.07683523,13373,100521.09,97569.53,100515.83,103340.05,100505.8,100542.14,100534.05,100531.88
1283.097433405,13374,100509.93,97558.47,100515.83,103341.87,100515.92,100538.98,100523.9,100531.88
1283.118087458,13375,100522.15,97555.47,100507.82,103346.95,100514.88,100538.14,100523.9,100527.87
1283.138723549,13376,100526.15,97558.47,100515.83,103349.14,100501.79,100550.16,100526.02,100522.84
1283.159302123,13377,100538.12,97557.45,100522.82,103346.95,100515.75,100537.08,100530.03,100527.87
1283.179912421,13378,100531.2,97559.5,100519.84,103349.86,100518.89,100538.14,100530.03,100533.81
1283.200481135,13379,100521.9,97562.5,100516.86,103357.13,100509.99,100546.15,100528.14,100531.88
1283.221107406,13380,100522.15,97560.53,100514.8,103349.14,100503.89,100533.07,100538.07,100532.91
1283.244861915,13381,100528.01,97549.39,100510.79,103354.95,100507.9,100535.18,100527.91,100534.85
1283.265439397,13382,100529.07,97551.45,100516.86,103344.05,100510.86,100538.14,100532.99,100523.87
1283.286045427,13383,100528.01,97578.61,100514.8,103353.13,100516.97,100546.15,100527.91,100531.88
1283.306582403,13384,100518.97,97566.53,100517.9,103352.77,100511.91,100530.12,100530.03,100525.94
1283.327250579,13385,100534.13,97582.64,100515.83,103350.95,100515.92,100532.02,100534.05,100515.74
1283.347822365,13386,100518.16,97571.59,100516.86,103352.04,100511.91,100534.13,100530.03,100527.87
1283.368430176,13387,100518.16,97558.47,100516.86,103365.85,100505.8,100538.98,100531.93,100534.85
1283.389049276,13388,100522.15,97567.56,100510.79,103354.95,100513.83,100537.92,100527.91,100531.88
1283.412743617,13389,100528.01,97570.56,100515.83,103357.86,100510.86,100542.14,100520.94,100525.94
1283.433359153,13390,100526.95,97567.56,100507.82,103353.86,100513.83,100534.97,100532.99,100531.88
1283.453920545,13391,100535.99,97558.47,100511.83,103346.95,100511.91,100538.14,100534.05,100531.88
1283.474530582,13392,100522.15,97566.53,100515.83,103349.86,100505.8,100532.02,100538.07,100534.85
1283.495153464,13393,100537.86,97569.53,100515.83,103358.95,100501.79,100540.03,100528.97,100529.94
1283.515758311,13394,100526.15,97567.56,100515.83,103349.14,100514.88,100542.14,100527.91,100531.88
1283.536439567,13395,100532.26,97567.56,100519.84,103342.96,100506.85,100532.02,100524.96,100526.84
1283.55694538,13396,100538.12,97586.67,100515.83,103353.13,100506.85,100532.02,100528.97,100531.88
1283.580710632,13397,100528.01,97567.56,100515.83,103358.95,100501.79,100534.13,100526.02,100539.88
1283.601337181,13398,100508.06,97581.62,100515.83,103352.04,100511.91,100532.02,100530.03,100531.88
1283.621913133,13399,100521.09,97577.59,100517.9,103350.23,100511.91,100535.18,100530.03,100535.88
1283.642496181,13400,100529.88,97566.53,100515.83,103360.04,100509.82,100530.12,100526.02,100531.88
1283.663106763,13401,100520.03,97579.64,100506.79,103348.05,100513.83,100534.13,100530.03,100536.91
1283.683754074,13402,100539.18,97586.67,100515.83,103368.03,100505.8,100529.91,100538.07,100531.88
1283.704342791,13403,100517.91,97566.53,100514.8,103364.03,100504.76,100532.02,100534.89,100532.91
1283.724944116,13404,100527.21,97588.64,100522.82,103360.04,100507.9,100537.08,100527.91,100531.88
1283.748672855,13405,100522.15,97583.67,100515.83,103348.05,100507.9,100530.12,100530.87,100539.88
1283.769307109,13406,100535.99,97586.67,100515.83,103368.03,100509.82,100544.04,100517.98,100534.85
1283.789907866,13407,100528.01,97587.7,100511.83,103357.86,100505.8,100530.96,100520.94,100522.84
1283.810456459,13408,100529.07,97595.75,100520.87,103358.95,100512.96,100542.14,100532.99,100523.87
1283.831121041,13409,100526.15,97581.62,100513.89,103360.04,100506.85,100542.14,100528.97,100523.87
1283.851698299,13410,100530.14,97599.78,100517.9,103357.86,100515.92,100537.08,100530.03,100532.91
1283.872316197,13411,100522.96,97598.76,100515.83,103360.04,100513.83,100533.07,100541.02,100531.88
1283.892937001,13412,100513.11,97590.7,100515.83,103365.12,100519.94,100542.14,100528.97,100530.84
1283.916613635,13413,100522.15,97583.67,100511.83,103365.85,100515.92,100533.07,100530.03,100531.88
1283.93727746,13414,100528.01,97585.64,100512.86,103365.12,100507.9,100534.13,100535.95,100525.94
1283.957831499,13415,100528.01,97589.67,100517.9,103366.94,100510.86,100532.02,100534.05,100532.91
1283.978479005,13416,100538.12,97599.78,100516.86,103361.13,100519.94,100540.03,100541.02,100523.87
1283.999172729,13417,100530.94,97594.73,100508.85,103358.95,100505.8,100546.15,100519.88,100521.81
1284.019719654,13418,100513.11,97597.73,100508.85,103372.03,100507.9,100540.03,100538.07,100527.87
1284.040220716,13419,100518.97,97589.67,100509.88,103364.03,100506.85,100532.02,100530.03,100533.81
1284.060869289,13420,100530.14,97596.7,100513.89,103364.03,100513.83,100534.13,100520.94,100525.94
1284.084616808,13421,100524.28,97599.78,100519.84,103373.12,100521.85,100545.09,100532.15,100533.81
1284.1052467,13422,100528.01,97590.7,100507.82,103372.03,100517.84,100542.14,100522.0,100539.88
1284.125811198,13423,100518.16,97595.75,100507.82,103361.85,100511.91,100532.02,100522.0,100528.91
1284.146408457,13424,100532.0,97601.76,100517.9,103369.12,100507.9,100521.89,100538.07,100539.88
1284.167026925,13425,100517.91,97590.7,100508.85,103370.94,100519.94,100541.09,100530.03,100526.84
1284.187588395,13426,100528.01,97605.78,100517.9,103369.12,100505.8,100536.02,100527.08,100527.87
1284.20819956,13427,100534.13,97593.7,100513.89,103368.03,100517.84,100535.18,100523.9,100539.88
1284.23191433,13428,100522.96,97597.73,100521.9,103369.12,100514.88,100541.09,100535.11,100524.91
1284.252575635,13429,100524.02,97597.73,100516.86,103361.13,100509.82,100534.13,100520.94,100530.84
1284.273143648,13430,100526.15,97605.78,100519.84,103360.04,100508.77,100528.01,100530.03,100531.88
1284.293792666,13431,100535.99,97597.73,100515.83,103362.22,100506.85,100546.15,100531.93,100531.88
1284.31439289,13432,100520.03,97600.81,100507.82,103357.86,100502.84,100546.15,100523.9,100531.88
1284.335011694,13433,100524.02,97595.75,100515.83,103377.12,100506.85,100537.08,100528.97,100531.88
1284.355530697,13434,100533.87,97609.81,100516.86,103376.02,100505.8,100542.14,100532.15,100537.94
1284.376226932,13435,100526.15,97611.87,100517.9,103372.03,100507.9,100534.13,100528.97,100530.84
1284.399878739,13436,100522.15,97586.67,100519.84,103376.02,100517.84,100535.18,100527.91,100527.87
1284.420492615,13437,100526.95,97594.73,100523.85,103369.85,100509.82,100532.02,100531.93,100537.94
1284.441128573,13438,100528.01,97597.73,100524.88,103370.21,100501.79,100550.16,100528.97,100532.91
1284.461706393,13439,100530.14,97597.73,100516.86,103377.12,100504.76,100539.19,100531.09,100531.88
1284.482321522,13440,100526.95,97608.87,100511.83,103377.12,100499.87,100534.13,100530.03,100527.87
1284.502856591,13441,100517.91,97606.81,100519.84,103384.02,100505.8,100532.02,100527.91,100527.87
1284.523493851,13442,100518.97,97615.9,100521.9,103377.12,100501.79,100539.19,100528.97,100531.88
1284.54411853,13443,100520.03,97602.78,100519.84,103376.02,100505.8,100536.02,100532.99,100531.88
1284.567832688,13444,100517.91,97606.81,100515.83,103381.11,100505.8,100542.14,100534.05,100530.84
1284.588479116,13445,100518.97,97605.78,100519.84,103378.21,100511.91,100541.09,100530.03,100539.88
1284.609040693,13446,100524.02,97607.84,100503.81,103377.12,100525.0,100542.14,100530.03,100530.84
1284.6296945,13447,100521.09,97605.78,100515.83,103374.93,100497.78,100537.92,100524.96,100532.91
1284.650340536,13448,100522.15,97607.84,100516.86,103370.94,100513.83,100539.19,100530.03,100534.85
1284.670847204,13449,100524.02,97618.9,100515.83,103376.02,100507.72,100540.03,100534.05,100533.94
1284.69154058,13450,100533.32,97607.84,100517.9,103377.12,100513.83,100532.02,100522.0,100526.84
1284.712081054,13451,100524.02,97615.9,100519.84,103377.12,100515.92,100534.13,100527.91,100531.88
1284.735788406,13452,100521.9,97606.81,100512.86,103372.03,100514.88,100534.13,100538.07,100519.87
1284.756381506,13453,100534.13,97613.84,100521.9,103377.12,100510.86,100534.13,100530.03,100522.84
1284.777013732,13454,100514.98,97614.87,100511.83,103380.02,100505.8,100530.96,100539.13,100524.91
1284.797650979,13455,100513.11,97610.84,100518.81,103381.11,100511.91,100534.13,100534.05,100523.87
1284.818233104,13456,100522.96,97616.92,100517.9,103389.11,100512.78,100538.14,100530.03,100534.97
1284.838837635,13457,100522.15,97618.9,100515.83,103386.2,100507.9,100542.14,100519.88,100535.88
1284.859426238,13458,100524.28,97613.84,100509.88,103392.01,100513.83,100543.2,100528.97,100531.88
1284.879989383,13459,100517.91,97615.9,100515.83,103378.21,100505.8,100538.14,100530.03,100526.84
1284.903765975,13460,100520.03,97613.84,100517.9,103385.11,100507.9,100534.97,100528.97,100521.81
1284.924363184,13461,100534.13,97607.84,100514.8,103378.93,100505.8,100540.03,100537.01,100523.87
1284.944909167,13462,100531.2,97613.84,100507.82,103392.01,100501.97,100542.14,100520.94,100530.84
1284.965538301,13463,100526.15,97613.84,100515.83,103392.01,100505.8,100539.19,100519.88,100535.88
1284.986135366,13464,100526.15,97612.81,100515.83,103385.11,100509.82,100532.02,100528.97,100528.91
1285.006837794,13465,100520.03,97615.9,100523.85,103376.02,100516.97,100534.13,100530.03,100523.87
1285.027417171,13466,100520.03,97617.87,100507.82,103393.1,100503.89,100548.05,100520.94,100522.84
1285.047955501,13467,100531.2,97609.81,100503.81,103385.11,100521.85,100552.05,100531.93,100538.85
1285.071715103,13468,100522.15,97614.87,100516.86,103378.21,100501.79,100542.14,100531.09,100535.88
1285.092371284,13469,100521.09,97613.84,100523.85,103402.19,100506.85,100542.14,100530.03,100532.91
1285.112957437,13470,100528.01,97621.9,100520.87,103388.02,100509.82,100534.13,100523.06,100524.91
1285.133552555,13471,100526.15,97621.9,100509.88,103381.11,100510.86,100542.14,100526.02,100525.81
1285.154143193,13472,100529.07,97614.87,100516.86,103382.93,100509.82,100552.05,100531.09,100532.91
1285.174818572,13473,100518.97,97621.9,100511.83,103393.1,100506.85,100538.98,100535.95,100531.88
1285.195366417,13474,100537.86,97625.92,100515.83,103380.02,100516.97,100536.02,100539.13,100527.87
1285.215970779,13475,100529.07,97622.92,100519.84,103385.11,100509.82,100534.13,100522.0,100532.91
1285.239718992,13476,100538.12,97616.84,100513.77,103390.2,100515.92,100550.16,100531.09,100535.88
1285.260346584,13477,100524.02,97613.84,100517.9,103410.18,100518.89,100538.98,100530.03,100535.88
1285.280866435,13478,100524.02,97613.84,100513.77,103385.83,100510.86,100534.13,100524.96,100523.87
1285.301488211,13479,100522.15,97626.95,100513.77,103394.19,100507.9,100526.11,100522.0,100532.91
1285.322061553,13480,100526.15,97619.84,100523.85,103393.1,100515.92,100546.15,100532.15,100522.84
1285.342641386,13481,100525.89,97625.92,100516.86,103388.02,100507.9,100542.14,100534.05,100533.94
1285.363265924,13482,100522.96,97625.92,100517.9,103385.11,100513.83,100528.01,100528.97,100522.84
1285.38392584,13483,100521.09,97621.9,100519.84,103396.01,100513.83,100534.13,100531.09,100518.84
1285.407618424,13484,100529.07,97629.95,100511.83,103402.19,100505.8,100538.14,100527.91,100536.91
1285.428259238,13485,100524.02,97623.95,100531.86,103382.2,100511.91,100538.14,100534.05,100528.91
1285.448837203,13486,100522.15,97622.92,100523.85,103392.01,100523.95,100543.2,100523.9,100531.88
1285.469425052,13487,100534.13,97623.95,100513.89,103393.1,100507.9,100534.97,100538.07,100532.91
1285.490054002,13488,100522.15,97625.92,100502.78,103392.01,100506.85,100543.2,100526.02,100527.87
1285.510637015,13489,100532.0,97629.95,100505.76,103394.19,100517.84,100532.02,100538.07,100525.81
1285.531223501,13490,100534.13,97630.98,100517.9,103393.1,100501.79,100532.02,100526.02,100527.87
1285.554938665,13491,100516.04,97625.92,100507.82,103401.1,100507.9,100542.14,100527.91,100522.84
1285.575623165,13492,100526.15,97621.9,100509.88,103406.91,100505.8,100534.13,100524.96,100527.87
1285.596220789,13493,100533.06,97629.95,100515.83,103392.01,100506.85,100534.13,100530.03,100521.81
1285.616776829,13494,100538.92,97623.95,100513.89,103404.0,100505.8,100538.14,100531.09,100531.88
1285.637384665,13495,100522.15,97635.01,100507.82,103408.0,100508.95,100526.95,100528.14,100529.94
1285.658037354,13496,100534.13,97626.95,100515.83,103393.1,100507.9,100543.2,100522.0,100531.88
1285.678696121,13497,100521.9,97638.01,100523.85,103404.0,100515.92,100533.07,100531.09,100531.88
1285.699240666,13498,100526.15,97639.04,100507.82,103404.0,100511.91,100538.14,100530.03,100539.88
1285.72291168,13499,100534.93,97621.9,100517.9,103409.09,100511.91,100530.12,100528.97,100536.91
1285.743535423,13500,100526.95,97638.01,100515.83,103410.18,100507.9,100541.09,100531.09,100537.94
1285.764133184,13501,100522.15,97629.95,100509.88,103408.0,100509.82,100532.02,100531.93,100531.88
1285.784688061,13502,100520.03,97629.01,100507.82,103405.82,100507.9,100532.02,100536.17,100531.88
1285.805350993,13503,100521.9,97626.95,100515.83,103402.91,100507.9,100542.14,100532.15,100532.91
1285.825932281,13504,100530.14,97622.92,100516.86,103408.0,100505.8,100542.98,100535.11,100525.81
1285.846511177,13505,100528.01,97636.98,100513.89,103392.01,100518.02,100530.96,100522.0,100536.01
1285.867168579,13506,100530.14,97646.07,100521.9,103410.18,100508.95,100542.14,100530.03,100534.85
1285.890885415,13507,100529.07,97638.01,100510.79,103400.01,100507.9,100538.98,100523.9,100532.91
1285.911546999,13508,100525.89,97646.07,100514.8,103409.09,100514.88,100548.05,100534.05,100545.95
1285.932134826,13509,100524.02,97629.95,100514.8,103409.09,100515.92,100536.02,100528.97,100528.91
1285.952700897,13510,100530.14,97642.04,100517.9,103416.0,100515.92,100540.03,100528.97,100535.88
1285.973261788,13511,100526.15,97636.98,100511.83,103410.18,100514.88,100540.03,100523.06,100534.85
1285.993950351,13512,100513.92,97638.01,100514.8,103410.18,100508.77,100546.15,100528.97,100531.88
1286.014532782,13513,100538.12,97629.95,100515.83,103408.0,100515.92,100534.13,100524.96,100535.88
1286.035116474,13514,100526.15,97638.01,100515.83,103413.09,100507.9,100532.02,100530.03,100520.9
1286.058815015,13515,100522.15,97629.95,100513.89,103409.09,100511.91,100534.13,100543.15,100533.94
1286.079412337,13516,100526.15,97629.95,100507.82,103414.9,100507.9,100534.13,100522.0,100541.94
1286.100011697,13517,100528.01,97647.09,100515.83,103410.18,100515.92,100549.1,100531.09,100531.88
1286.120642281,13518,100517.1,97647.09,100515.83,103416.0,100509.82,100538.14,100536.17,100537.94
1286.141266096,13519,100516.04,97642.04,100517.9,103408.0,100508.95,100525.9,100541.02,100532.91
1286.161826848,13520,100521.9,97646.07,100512.86,103409.09,100515.92,100542.14,100530.03,100532.91
1286.182473827,13521,100538.12,97654.12,100516.86,103413.09,100511.91,100538.14,100535.11,100535.88
1286.203044999,13522,100525.89,97655.15,100521.9,103410.18,100507.9,100533.07,100534.05,100519.87
1286.226787283,13523,100517.1,97646.07,100515.83,103408.0,100512.96,100537.08,100527.91,100527.87
1286.247414174,13524,100530.14,97646.07,100515.83,103408.0,100517.84,100528.01,100516.92,100540.91
1286.267982164,13525,100520.03,97638.01,100515.83,103408.0,100509.82,100542.14,100522.0,100531.88
1286.288618349,13526,100520.03,97638.01,100515.83,103400.01,100510.86,100539.19,100530.03,100533.94
1286.309255128,13527,100518.97,97642.04,100515.83,103413.09,100507.9,100540.03,100524.96,100527.87
1286.329869752,13528,100522.15,97642.04,100511.83,103413.09,100511.91,100538.14,100528.97,100529.94
1286.350409729,13529,100522.15,97638.01,100515.83,103410.18,100512.96,100536.02,100523.9,100532.91
1286.370978068,13530,100525.08,97643.06,100517.9,103404.0,100498.83,100532.02,100537.01,100525.94
1286.394733063,13531,100526.15,97650.09,100517.9,103393.1,100509.82,100538.98,100532.15,100531.88
1286.415324459,13532,100526.15,97654.12,100503.81,103408.0,100508.95,100538.14,100530.03,100523.87
1286.435954505,13533,100530.14,97662.18,100515.83,103392.01,100507.9,100537.08,100531.09,100522.84
1286.456498805,13534,100516.04,97658.15,100523.85,103404.0,100515.92,100542.14,100520.94,100535.88
1286.477119461,13535,100525.89,97654.12,100517.9,103388.02,100507.9,100542.14,100522.0,100532.91
1286.497815402,13536,100529.07,97649.06,100507.82,103410.18,100516.97,100532.02,100527.91,100530.84
1286.518442139,13537,100529.07,97638.01,100519.84,103409.09,100513.83,100534.13,100530.03,100531.88
1286.539004225,13538,100528.01,97646.07,100511.83,103410.18,100509.99,100525.9,100530.03,100532.91
1286.56268936,13539,100518.97,97648.12,100514.8,103394.19,100501.79,100533.07,100530.03,100525.94
1286.583345986,13540,100518.16,97642.04,100514.8,103394.19,100506.85,100536.02,100538.07,100531.88
1286.60386937,13541,100543.98,97651.12,100515.83,103376.02,100508.95,100535.18,100538.07,100533.94
1286.624504129,13542,100530.14,97648.12,100519.84,103378.21,100501.79,100534.13,100522.0,100533.94
1286.645128531,13543,100526.15,97655.15,100513.77,103374.21,100507.9,100536.02,100539.13,100535.88
1286.665753294,13544,100528.01,97648.12,100514.8,103378.21,100511.91,100530.12,100530.03,100532.91
1286.686350046,13545,100535.19,97654.12,100511.83,103365.12,100503.89,100532.02,100538.07,100521.94
1286.710087663,13546,100532.0,97659.18,100517.9,103365.12,100507.9,100522.95,100530.03,100527.87
1286.730639275,13547,100530.14,97663.21,100517.9,103358.22,100507.9,100537.92,100527.08,100537.94
1286.7513443,13548,100516.04,97661.23,100519.84,103370.21,100505.8,100530.96,100539.13,100530.84
1286.771891937,13549,100526.15,97655.15,100514.92,103361.13,100505.8,100530.96,100536.17,100527.87
1286.792473363,13550,100516.04,97666.21,100517.9,103362.22,100515.92,100534.13,100522.0,100531.88
1286.813059815,13551,100518.97,97660.21,100515.83,103366.21,100508.95,100534.13,100530.03,100528.91
1286.833640026,13552,100527.21,97666.21,100511.83,103362.22,100515.92,100520.0,100532.99,100535.88
1286.854248898,13553,100526.15,97663.21,100519.84,103368.03,100513.83,100542.14,100530.03,100529.94
1286.877996538,13554,100525.08,97661.23,100515.83,103366.21,100507.9,100542.14,100530.03,100527.87
1286.898562352,13555,100520.03,97655.15,100517.78,103369.12,100507.9,100530.12,100536.17,100519.87
1286.919306081,13556,100524.02,97652.15,100509.88,103370.21,100507.9,100526.11,100530.03,100523.87
1286.939854295,13557,100530.14,97658.15,100515.83,103356.04,100511.91,100534.13,100528.97,100527.87
1286.960557266,13558,100530.14,97663.21,100518.81,103369.12,100514.88,100528.01,100522.0,100540.91
1286.981079086,13559,100518.97,97650.09,100507.82,103362.22,100513.83,100541.09,100530.03,100531.88
1287.001572955,13560,100522.15,97664.23,100514.8,103364.03,100515.92,100541.09,100520.94,100527.87
1287.022256565,13561,100538.12,97651.12,100507.82,103365.12,100507.9,100543.2,100531.09,100531.88
1287.045950424,13562,100527.21,97660.21,100515.83,103369.12,100515.92,100538.98,100530.03,100527.87
1287.06654611,13563,100517.91,97662.18,100508.85,103365.12,100515.92,100534.13,100531.09,100534.85
1287.087186184,13564,100526.15,97662.18,100515.83,103374.21,100511.91,100534.97,100530.03,100532.91
1287.107753194,13565,100514.17,97663.21,100509.88,103361.13,100497.78,100534.13,100534.05,100527.87
1287.128368652,13566,100529.07,97654.12,100511.83,103370.21,100508.95,100542.14,100522.0,100535.88
1287.148952505,13567,100517.91,97662.18,100507.82,103365.12,100505.8,100538.14,100538.07,100540.91
1287.169650548,13568,100518.97,97654.12,100519.84,103368.03,100509.82,100543.2,100532.99,100524.91
1287.190164163,13569,100521.09,97662.18,100517.9,103370.21,100507.9,100538.14,100537.01,100537.94
1287.21390396,13570,100517.91,97663.21,100510.79,103352.04,100513.83,100542.14,100530.03,100532.91
1287.23451746,13571,100516.04,97663.21,100516.86,103370.21,100508.95,100542.14,100522.0,100531.88
1287.255124774,13572,100534.13,97670.23,100507.82,103364.03,100511.91,100538.14,100526.02,100523.87
1287.275752325,13573,100525.08,97671.26,100515.83,103374.93,100511.91,100530.96,100532.15,100533.94
1287.296291709,13574,100522.15,97672.29,100507.82,103373.12,100515.92,100534.13,100536.17,100532.91
1287.316905006,13575,100533.06,97662.18,100519.84,103377.12,100505.8,100524.0,100532.15,100531.88
1287.337553582,13576,100526.95,97662.18,100507.82,103376.02,100507.9,100528.01,100532.15,100532.91
1287.358108936,13577,100524.02,97661.15,100517.9,103370.21,100508.95,100535.18,100532.15,100535.88
1287.38188546,13578,100528.01,97661.15,100515.83,103364.03,100506.85,100534.13,100536.17,100539.88
1287.402505139,13579,100530.14,97664.23,100515.83,103372.03,100507.9,100534.97,100531.09,100533.94
1287.423072648,13580,100522.15,97667.23,100515.83,103377.12,100507.9,100534.13,100532.15,100529.94
1287.443694683,13581,100535.19,97670.23,100507.82,103369.12,100514.88,100542.14,100528.14,100523.87
1287.46428627,13582,100520.03,97670.23,100515.83,103370.21,100506.85,100535.18,100528.97,100531.88
1287.484855516,13583,100537.06,97670.23,100521.9,103369.12,100507.9,100536.02,100524.12,100528.91
1287.505541272,13584,100528.01,97657.12,100521.9,103366.94,100505.8,100534.13,100528.14,100538.97
1287.526127447,13585,100538.12,97667.23,100517.9,103386.2,100510.86,100530.96,100524.12,100531.88
1287.549818765,13586,100520.03,97671.26,100519.84,103377.12,100514.88,100536.02,100524.12,100541.94
1287.570469967,13587,100528.01,97666.21,100511.83,103377.12,100506.85,100524.0,100531.09,100531.88
1287.59108289,13588,100516.04,97672.29,100507.82,103372.39,100507.9,100530.12,100531.09,100527.87
1287.611679283,13589,100528.01,97670.23,100523.85,103378.21,100508.95,100529.07,100540.19,100535.88
1287.632291687,13590,100528.01,97666.21,100507.82,103373.12,100515.92,100536.02,100529.2,100523.87
1287.652929299,13591,100532.26,97672.29,100524.88,103377.12,100506.85,100542.14,100528.14,100523.87
1287.673486826,13592,100518.97,97670.23,100515.83,103377.12,100515.92,100538.14,100532.15,100526.84
1287.694636886,13593,100522.15,97670.23,100517.9,103364.03,100511.91,100540.03,100541.25,100528.91
1287.717773086,13594,100530.14,97682.32,100517.9,103376.02,100506.85,100534.13,100536.17,100541.94
1287.738398781,13595,100524.02,97670.23,100506.79,103376.02,100506.85,100540.03,100532.15,100537.94
1287.759018802,13596,100520.03,97682.32,100518.81,103373.84,100515.92,100540.03,100523.06,100531.88
1287.77961341,13597,100532.0,97688.4,100524.88,103370.21,100508.95,100538.14,100535.11,100535.88
1287.800260606,13598,100529.88,97677.26,100514.8,103377.12,100526.04,100537.08,100526.02,100520.9
1287.820859624,13599,100518.97,97678.29,100523.85,103374.21,100508.95,100538.14,100524.12,100531.88
1287.841407635,13600,100532.0,97671.26,100516.86,103382.2,100507.9,100540.03,100536.17,100531.88
1287.862051191,13601,100533.06,97681.29,100520.87,103386.2,100502.84,100541.09,100530.03,100532.91
1287.88578007,13602,100518.97,97670.23,100507.82,103378.21,100510.86,100526.95,100530.03,100527.87
1287.906397279,13603,100525.08,97670.23,100507.82,103384.02,100510.86,100534.97,100524.12,100531.88
1287.926973102,13604,100522.15,97678.29,100509.88,103386.2,100507.9,100534.13,100532.15,100533.94
1287.949528324,13605,100518.97,97682.32,100516.86,103378.21,100507.9,100538.14,100528.14,100531.88
1287.968194283,13606,100518.16,97670.23,100511.83,103390.2,100505.8,100531.18,100528.14,100544.91
1287.988804475,13607,100535.99,97664.23,100509.88,103389.11,100509.99,100540.03,100528.14,100531.88
1288.009422516,13608,100530.14,97675.2,100512.86,103385.11,100526.04,100541.09,100529.2,100527.87
1288.033085365,13609,100526.15,97668.18,100511.83,103376.02,100506.85,100538.14,100528.14,100531.88
1288.053686671,13610,100534.93,97678.29,100507.82,103381.11,100516.97,100534.13,100528.14,100538.85
1288.074323025,13611,100533.06,97678.29,100515.83,103380.02,100511.91,100538.14,100523.9,100537.94
1288.094883853,13612,100526.95,97684.29,100517.9,103386.2,100510.86,100532.02,100532.15,100520.9
1288.115454308,13613,100526.15,97679.32,100521.9,103381.11,100505.8,100530.12,100525.18,100532.91
1288.13609579,13614,100525.08,97676.32,100515.83,103380.02,100505.8,100532.02,100524.12,100531.88
1288.156653702,13615,100520.03,97678.29,100509.76,103384.02,100501.79,100538.14,100531.09,100533.94
1288.1772898,13616,100530.14,97690.37,100519.84,103376.02,100514.88,100524.0,100534.05,100527.87
1288.201154386,13617,100521.9,97688.4,100515.83,103385.11,100509.82,100534.13,100530.03,100532.91
1288.221685273,13618,100521.09,97672.29,100515.83,103382.2,100499.87,100534.13,100534.05,100531.88
1288.242321705,13619,100526.15,97674.26,100507.82,103386.2,100510.86,100534.13,100529.2,100535.88
1288.262940115,13620,100530.14,97670.23,100521.9,103394.19,100511.91,100534.13,100527.08,100536.91
1288.283492213,13621,100520.03,97679.32,100507.82,103388.02,100512.96,100534.13,100539.13,100531.88
1288.304092355,13622,100532.0,97678.29,100506.79,103386.2,100509.82,100542.14,100532.15,100530.84
1288.324727829,13623,100512.05,97679.32,100523.85,103389.11,100507.9,100535.18,100531.09,100528.91
1288.345315837,13624,100521.09,97676.23,100515.83,103393.1,100506.85,100530.12,100532.15,100531.88
1288.368983087,13625,100538.12,97690.37,100526.94,103384.02,100515.92,100542.14,100538.07,100523.87
1288.389601873,13626,100530.14,97686.35,100515.83,103390.92,100507.9,100538.14,100532.15,100526.84
1288.410226399,13627,100522.15,97678.29,100503.81,103386.2,100514.01,100534.13,100536.17,100529.81
1288.430835843,13628,100524.02,97678.29,100515.83,103382.93,100518.02,100532.02,100540.19,100531.88
1288.45152196,13629,100534.13,97690.37,100517.9,103389.11,100505.8,100541.09,100538.07,100535.88
1288.47204509,13630,100530.14,97683.35,100513.77,103384.02,100515.92,100527.17,100540.19,100523.87
1288.492696724,13631,100535.99,97688.4,100511.83,103384.02,100514.01,100542.14,100522.0,100531.88
1288.513232571,13632,100526.15,97697.49,100515.83,103385.11,100518.02,100534.13,100531.09,100529.94
1288.536992423,13633,100530.14,97678.29,100520.87,103394.19,100506.85,100534.13,100527.08,100528.91
1288.557626716,13634,100526.15,97679.32,100515.83,103384.02,100512.96,100532.02,100540.19,100541.94
1288.578277684,13635,100522.15,97695.43,100515.83,103381.84,100503.89,100542.14,100531.09,100531.88
1288.598818032,13636,100522.15,97686.35,100523.85,103386.2,100506.85,100546.15,100513.97,100527.87
1288.619400546,13637,100518.16,97678.29,100502.78,103386.2,100515.92,100538.14,100530.03,100539.88
1288.640040264,13638,100524.02,97678.29,100515.83,103376.02,100507.9,100530.12,100535.11,100532.91
1288.660673258,13639,100528.01,97683.35,100515.83,103380.02,100503.89,100542.14,100531.09,100532.91
1288.681170272,13640,100526.15,97686.35,100515.83,103388.02,100507.9,100544.04,100534.05,100537.94
1288.704969853,13641,100516.04,97688.4,100519.84,103377.12,100498.83,100537.92,100524.96,100532.91
1288.725563221,13642,100520.03,97679.32,100515.83,103393.1,100513.83,100536.02,100536.17,100533.94
1288.746167518,13643,100526.95,97696.46,100507.82,103385.11,100506.85,100546.15,100530.03,100529.94
1288.766740217,13644,100535.19,97690.37,100506.79,103381.11,100516.97,100538.14,100543.15,100533.94
1288.787374293,13645,100514.98,97686.35,100519.84,103393.1,100514.01,100541.09,100527.08,100532.91
1288.80794172,13646,100522.15,97704.52,100511.83,103381.11,100514.01,100540.03,100531.09,100535.88
1288.828478525,13647,100513.11,97678.29,100505.87,103394.19,100507.9,100532.02,100540.19,100531.88
1288.849106268,13648,100530.14,97690.37,100507.82,103382.93,100506.85,100534.13,100527.08,100532.91
1288.872871724,13649,100531.2,97696.46,100513.89,103382.93,100506.85,100534.13,100534.05,100529.94
1288.893537037,13650,100529.88,97679.32,100515.83,103393.1,100507.9,100535.18,100546.1,100531.88
1288.914066385,13651,100530.14,97704.52,100515.83,103384.02,100507.9,100542.14,100532.15,100531.88
1288.934828911,13652,100531.2,97692.43,100510.79,103390.92,100505.8,100526.11,100536.17,100529.94
1288.955226653,13653,100530.14,97684.37,100508.85,103390.92,100519.94,100542.14,100532.15,100536.01
1288.975847942,13654,100537.06,97686.35,100517.9,103377.12,100514.88,100542.14,100531.09,100532.91
1288.996445927,13655,100526.15,97684.37,100514.8,103394.19,100521.85,100542.14,100541.25,100528.91
1289.017092,13656,100524.02,97687.37,100513.89,103381.11,100510.86,100533.07,100534.05,100527.87
1289.040865912,13657,100530.14,97684.37,100516.86,103384.02,100514.88,100542.14,100531.09,100527.87
1289.06149399,13658,100522.96,97681.38,100516.86,103389.11,100507.9,100533.07,100532.15,100531.88
1289.082067468,13659,100528.01,97689.43,100524.88,103393.1,100511.91,100535.18,100520.1,100523.87
1289.10265604,13660,100530.94,97692.43,100514.8,103389.11,100515.92,100538.14,100531.09,100527.87
1289.123238722,13661,100522.15,97693.46,100515.83,103390.2,100511.91,100534.13,100536.17,100532.91
1289.143799198,13662,100514.17,97682.32,100503.81,103400.01,100508.95,100538.14,100534.05,100526.84
1289.164512598,13663,100512.05,97696.46,100513.89,103384.02,100503.89,100524.0,100532.15,100524.91
1289.185006976,13664,100530.14,97688.4,100517.9,103394.19,100515.92,100534.13,100527.08,100540.91
1289.208759402,13665,100518.16,97678.29,100517.9,103381.11,100510.86,100537.29,100524.12,100537.94
1289.229317198,13666,100535.99,97688.4,100515.83,103393.1,100503.89,100544.25,100532.15,100538.85
1289.249935947,13667,100530.14,97698.43,100517.9,103392.01,100507.9,100534.13,100526.02,100531.88
1289.270556155,13668,100526.15,97692.43,100516.86,103389.11,100511.91,100536.02,100522.0,100525.94
1289.291205212,13669,100525.08,97696.46,100517.9,103393.1,100515.92,100522.11,100532.15,100535.88
1289.311704993,13670,100534.13,97688.4,100515.83,103390.92,100513.83,100534.13,100530.03,100525.94
1289.332420093,13671,100526.15,97692.43,100515.83,103385.11,100505.8,100530.12,100531.09,100522.84
1289.356085218,13672,100530.14,97696.46,100512.86,103405.09,100508.77,100542.14,100533.21,100539.88
1289.376772468,13673,100528.27,97700.49,100525.91,103402.19,100505.8,100534.13,100526.02,100533.94
1289.397412366,13674,100510.99,97707.52,100511.83,103394.19,100508.95,100543.2,100540.19,100529.94
1289.417949023,13675,100530.14,97704.52,100523.85,103404.0,100503.89,100537.08,100525.18,100533.94
1289.43859289,13676,100520.03,97692.43,100509.88,103389.11,100506.85,100529.91,100532.15,100542.98
1289.459257993,13677,100530.14,97696.46,100527.85,103393.1,100515.92,100533.07,100534.27,100533.94
1289.479779361,13678,100520.03,97702.46,100515.83,103385.11,100507.9,100538.14,100534.27,100540.91
1289.500336037,13679,100520.03,97694.4,100518.93,103392.01,100507.9,100542.14,100535.11,100533.94
1289.524168531,13680,100522.15,97698.43,100515.83,103394.19,100514.88,100538.14,100526.02,100541.94
1289.544713327,13681,100534.13,97683.35,100525.91,103406.19,100511.91,100528.01,100532.15,100531.88
1289.565320613,13682,100522.96,97700.49,100520.87,103394.19,100515.92,100525.9,100533.21,100533.94
1289.585858165,13683,100522.15,97698.43,100515.83,103406.19,100507.9,100530.12,100532.15,100524.91
1289.606545487,13684,100522.15,97699.46,100506.79,103402.19,100501.79,100534.97,100524.12,100533.94
1289.627082867,13685,100534.13,97694.4,100513.89,103404.0,100523.95,100540.03,100532.15,100533.94
1289.647716685,13686,100526.95,97698.43,100506.79,103393.1,100519.94,100536.02,100542.31,100521.94
1289.668282867,13687,100530.14,97712.57,100525.91,103398.92,100511.91,100532.02,100533.21,100529.94
1289.692055767,13688,100509.93,97702.46,100523.85,103386.2,100507.9,100542.14,100533.21,100533.94
1289.712613588,13689,100526.15,97702.46,100516.86,103392.01,100518.89,100528.01,100533.21,100537.94
1289.733329654,13690,100517.91,97691.4,100510.79,103401.1,100497.78,100543.2,100522.0,100525.94
1289.753854224,13691,100521.09,97701.43,100517.9,103393.1,100506.85,100534.13,100538.07,100525.94
1289.774491928,13692,100522.15,97686.35,100516.86,103392.01,100525.0,100551.21,100532.15,100533.94
1289.795028633,13693,100534.93,97702.46,100517.9,103410.18,100503.89,100534.97,100526.02,100531.88
1289.81564532,13694,100526.15,97706.49,100516.86,103392.01,100516.97,100532.02,100535.11,100532.91
1289.83634079,13695,100520.03,97706.49,100511.83,103409.09,100518.02,100534.13,100534.05,100531.88
1289.860024383,13696,100524.02,97697.4,100519.84,103394.19,100507.9,100534.13,100538.07,100541.94
1289.880639507,13697,100528.01,97711.54,100519.84,103402.19,100510.86,100538.14,100533.21,100533.94
1289.901230894,13698,100526.95,97710.52,100507.82,103406.19,100505.98,100542.14,100535.11,100515.87
1289.921866365,13699,100530.14,97697.4,100518.81,103394.19,100520.98,100533.91,100532.15,100528.91
1289.942704162,13700,100537.06,97703.49,100515.83,103405.09,100512.96,100544.25,100536.17,100531.88
1289.962951853,13701,100538.12,97691.4,100507.82,103392.01,100511.91,100534.13,100531.09,100538.85
1289.98379189,13702,100521.09,97692.43,100517.9,103393.1,100519.94,100533.07,100524.12,100531.88
1290.004201013,13703,100526.15,97702.46,100520.87,103390.92,100515.92,100534.13,100533.21,100533.94
1290.028024283,13704,100525.89,97704.52,100518.93,103409.09,100515.92,100528.01,100530.03,100536.91
1290.048639529,13705,100534.13,97711.54,100520.87,103402.19,100511.91,100534.97,100540.19,100533.94
1290.06918184,13706,100510.99,97708.54,100507.82,103410.18,100508.95,100537.92,100533.21,100530.97
1290.089780719,13707,100524.02,97708.54,100517.9,103410.18,100502.84,100534.13,100530.03,100536.91
1290.110382878,13708,100535.19,97708.54,100515.83,103394.19,100507.9,100534.13,100531.09,100532.91
1290.131102435,13709,100530.14,97708.54,100515.83,103394.19,100512.96,100542.14,100533.21,100523.87
1290.151768648,13710,100534.13,97702.46,100517.9,103402.19,100515.92,100534.13,100528.14,100538.97
1290.172268131,13711,100521.9,97704.52,100513.77,103402.19,100505.8,100534.13,100540.19,100537.94
1290.195948214,13712,100520.03,97711.54,100517.9,103406.19,100499.87,100530.12,100534.27,100533.94
1290.216492562,13713,100509.93,97708.54,100509.88,103409.09,100505.8,100535.18,100532.15,100525.94
1290.237123987,13714,100530.14,97712.57,100503.81,103388.02,100495.86,100543.2,100532.15,100541.94
1290.25768342,13715,100530.14,97716.6,100515.83,103402.19,100501.79,100535.18,100536.17,100532.91
1290.278310103,13716,100537.06,97712.57,100517.9,103409.09,100507.9,100550.16,100536.17,100537.94
1290.29895624,13717,100528.27,97713.6,100510.79,103401.1,100511.91,100540.03,100536.17,100526.84
1290.31957499,13718,100533.06,97710.52,100519.84,103394.19,100514.88,100534.97,100524.12,100537.94
1290.340158138,13719,100530.14,97716.6,100517.9,103410.18,100507.9,100534.13,100534.27,100532.91
1290.36387882,13720,100526.15,97701.43,100507.82,103402.19,100507.9,100535.18,100532.15,100525.94
1290.384499982,13721,100528.01,97702.46,100509.88,103400.01,100507.9,100540.03,100523.06,100525.94
1290.405090079,13722,100530.14,97702.46,100517.9,103394.19,100507.9,100539.19,100540.19,100525.94
1290.425707106,13723,100521.09,97707.52,100511.83,103412.0,100499.87,100534.13,100530.03,100533.94
1290.446388567,13724,100529.88,97710.52,100517.9,103402.19,100508.95,100539.19,100537.23,100531.88
1290.466948112,13725,100535.99,97703.49,100509.88,103408.0,100515.92,100538.14,100524.12,100531.88
1290.487590795,13726,100534.13,97702.46,100520.87,103402.19,100511.91,100530.12,100523.06,100535.88
1290.508139261,13727,100518.16,97722.69,100517.9,103409.09,100518.02,100542.14,100536.17,100527.87
1290.531823559,13728,100522.15,97720.63,100515.83,103392.01,100505.8,100546.15,100537.23,100528.91
1290.552386445,13729,100520.03,97712.57,100525.91,103394.19,100514.88,100532.02,100525.18,100532.91
1290.572996299,13730,100525.08,97706.57,100517.9,103409.09,100507.9,100538.14,100528.14,100537.94
1290.593652039,13731,100526.15,97712.57,100516.86,103402.19,100503.89,100543.2,100540.19,100516.9
1290.614277679,13732,100512.05,97714.63,100513.89,103402.19,100514.88,100542.14,100532.15,100531.88
1290.634817434,13733,100530.14,97713.6,100517.9,103409.09,100511.91,100542.14,100540.19,100531.88
1290.655511998,13734,100534.13,97726.63,100516.86,103401.1,100505.8,100542.14,100536.17,100531.88
1290.679143288,13735,100526.15,97712.57,100513.89,103401.1,100505.98,100540.03,100537.23,100536.91
1290.699764,13736,100522.96,97713.6,100515.95,103414.18,100503.89,100538.14,100531.09,100532.91
1290.720405994,13737,100524.02,97710.52,100509.88,103414.18,100507.9,100534.13,100535.11,100535.88
1290.740984787,13738,100533.06,97702.46,100515.83,103408.0,100507.9,100539.19,100531.09,100527.87
1290.761622085,13739,100524.02,97722.6,100517.9,103413.09,100507.9,100530.12,100536.17,100527.87
1290.78216016,13740,100520.03,97720.63,100511.83,103410.18,100514.01,100534.13,100524.12,100528.91
1290.802903759,13741,100528.01,97724.66,100517.9,103410.18,100507.9,100534.13,100532.15,100532.91
1290.823316962,13742,100522.96,97717.63,100516.86,103410.18,100511.91,100532.23,100532.15,100533.94
1290.847173347,13743,100526.15,97711.54,100506.79,103414.18,100516.97,100544.25,100539.13,100533.94
1290.86772889,13744,100522.96,97712.57,100517.9,103414.18,100512.96,100544.25,100523.06,100528.91
1290.88840357,13745,100520.03,97712.57,100517.9,103406.91,100516.97,100530.12,100532.15,100531.88
1290.908873769,13746,100525.89,97712.57,100517.9,103406.19,100506.85,100533.07,100532.15,100523.87
1290.929534952,13747,100520.03,97718.57,100525.91,103410.18,100503.89,100543.2,100541.25,100532.91
1290.950100926,13748,100522.15,97720.63,100521.9,103402.19,100507.9,100534.13,100536.17,100541.94
1290.970707696,13749,100518.16,97712.57,100519.84,103413.09,100515.92,100544.25,100530.03,100523.87
1290.991299422,13750,100526.15,97728.69,100513.89,103414.18,100511.91,100538.14,100533.21,100524.91
1291.01518841,13751,100531.2,97727.66,100521.9,103410.18,100508.95,100534.13,100524.12,100532.91
1291.035686536,13752,100521.09,97716.6,100515.83,103413.09,100507.9,100543.2,100524.12,100536.91
1291.056309474,13753,100535.99,97721.66,100517.9,103416.36,100507.9,100542.14,100533.21,100520.9
1291.076857514,13754,100526.15,97722.69,100518.93,103413.09,100520.98,100534.13,100528.14,100521.94
1291.097476188,13755,100526.15,97729.71,100507.82,103410.18,100505.8,100542.14,100533.21,100537.94
1291.11810805,13756,100525.08,97717.54,100505.87,103402.19,100511.91,100533.07,100525.18,100536.91
1291.138629382,13757,100530.14,97730.74,100517.9,103393.1,100503.89,100540.03,100524.12,100532.91
1291.159240905,13758,100532.0,97724.66,100517.9,103410.18,100504.76,100540.25,100526.02,100544.01
1291.183129847,13759,100521.9,97716.6,100503.81,103409.09,100505.8,100542.14,100532.15,100529.94
1291.20367625,13760,100532.0,97736.74,100515.83,103411.27,100514.01,100538.98,100528.14,100536.91
1291.224340887,13761,100516.04,97724.66,100515.83,103418.18,100509.99,100534.13,100542.31,100536.91
1291.244896117,13762,100527.21,97719.6,100515.83,103414.18,100515.92,100538.14,100532.15,100528.91
1291.265477292,13763,100526.15,97719.6,100517.9,103408.0,100512.96,100544.25,100524.12,100533.94
1291.285985964,13764,100534.13,97724.66,100514.8,103418.18,100500.92,100538.14,100530.26,100533.94
1291.30673799,13765,100524.02,97725.69,100515.83,103414.18,100507.9,100536.02,100525.18,100532.91
1291.327291884,13766,100532.0,97711.54,100509.88,103419.27,100515.92,100538.14,100524.12,100532.91
1291.351026383,13767,100528.01,97720.63,100517.9,103409.09,100509.99,100532.02,100530.03,100526.97
1291.371557535,13768,100534.13,97721.66,100513.89,103415.27,100514.88,100532.02,100529.2,100527.87
1291.392468349,13769,100526.15,97720.63,100507.82,103413.09,100509.99,100530.12,100536.17,100528.91
1291.412798211,13770,100518.97,97714.63,100517.9,103417.09,100518.02,100534.13,100532.15,100527.87
1291.433361701,13771,100534.13,97720.63,100517.9,103411.27,100516.97,100531.18,100531.09,100524.91
1291.453979073,13772,100515.23,97729.71,100516.86,103412.0,100507.9,100527.17,100540.19,100532.91
1291.474628693,13773,100530.14,97723.63,100511.83,103410.18,100494.81,100524.0,100540.19,100535.88
1291.49522169,13774,100522.15,97729.71,100507.82,103413.09,100505.8,100534.13,100532.15,100529.94
1291.518904881,13775,100526.15,97726.71,100517.9,103410.18,100512.96,100542.14,100536.17,100541.94
1291.539506667,13776,100520.03,97728.69,100510.79,103415.27,100513.83,100542.14,100530.03,100533.94
1291.560128782,13777,100525.08,97727.66,100523.97,103410.18,100514.88,100529.07,100536.17,100532.91
1291.58074116,13778,100526.15,97724.66,100517.9,103404.0,100507.9,100534.13,100531.09,100537.94
1291.601571884,13779,100522.15,97732.71,100507.82,103402.19,100508.95,100536.24,100533.21,100544.01
1291.622059572,13780,100530.14,97728.69,100507.82,103394.19,100512.96,100540.03,100532.15,100523.87
1291.642596459,13781,100522.15,97734.77,100517.9,103394.19,100507.9,100544.25,100533.21,100533.94
1291.663241624,13782,100538.12,97732.71,100521.9,103391.29,100503.89,100540.25,100541.25,100539.88
1291.686913488,13783,100526.15,97727.66,100523.85,103394.19,100515.92,100544.25,100536.17,100532.91
1291.707474082,13784,100529.07,97725.69,100521.9,103401.1,100507.9,100538.14,100533.21,100537.94
1291.72811539,13785,100522.15,97727.66,100517.9,103406.19,100501.97,100538.14,100544.21,100537.94
1291.748650674,13786,100520.29,97728.69,100517.9,103394.19,100515.92,100535.18,100522.0,100527.87
1291.769282058,13787,100530.14,97721.66,100517.9,103410.18,100507.9,100550.16,100528.14,100541.94
1291.789889229,13788,100514.17,97729.71,100509.88,103392.01,100508.95,100535.18,100524.12,100527.87
1291.810463941,13789,100534.13,97728.69,100517.9,103385.11,100508.95,100543.2,100528.14,100526.97
1291.834231224,13790,100513.11,97742.83,100523.85,103388.38,100512.96,100535.18,100532.15,100524.91
1291.854915455,13791,100530.14,97739.74,100511.83,103394.19,100518.02,100536.24,100533.21,100527.87
1291.875510342,13792,100530.14,97736.74,100517.9,103394.19,100510.86,100534.97,100538.29,100540.91
1291.896089921,13793,100522.15,97736.74,100508.85,103394.19,100503.89,100541.09,100536.17,100533.94
1291.916717537,13794,100520.03,97740.77,100510.91,103393.1,100507.9,100534.13,100541.25,100531.88
1291.937260314,13795,100528.01,97736.74,100515.83,103385.11,100516.97,100552.27,100538.29,100533.94
1291.957841524,13796,100521.9,97741.8,100515.83,103393.1,100508.95,100537.92,100532.15,100532.91
1291.978519367,13797,100528.01,97744.8,100516.86,103410.18,100507.9,100538.14,100532.15,100529.94
1292.002198609,13798,100537.06,97737.77,100517.9,103393.1,100514.01,100527.17,100528.14,100529.94
1292.022846798,13799,100513.92,97740.77,100517.9,103385.11,100519.94,100538.98,100536.17,100524.91
1292.043422037,13800,100520.03,97737.77,100519.84,103402.19,100507.9,100539.19,100538.29,100528.91
1292.06402244,13801,100514.98,97736.74,100512.86,103394.19,100512.96,100535.18,100530.03,100531.88
1292.084620282,13802,100524.02,97748.83,100518.93,103394.19,100507.9,100526.11,100524.12,100523.87
1292.10526262,13803,100518.97,97748.91,100519.84,103389.11,100509.99,100534.13,100524.12,100533.94
1292.125859646,13804,100526.15,97744.8,100517.9,103394.19,100516.97,100534.13,100530.03,100531.88
1292.146500633,13805,100522.96,97753.88,100517.9,103403.28,100507.9,100543.2,100533.21,100527.87
1292.170110799,13806,100526.95,97736.74,100515.83,103393.1,100508.95,100532.02,100528.14,100531.88
1292.190727657,13807,100517.1,97739.74,100517.9,103394.19,100508.95,100547.21,100532.15,100541.94
1292.211380099,13808,100538.12,97737.77,100524.88,103406.19,100515.92,100524.0,100532.15,100519.87
1292.231959236,13809,100534.13,97745.83,100513.89,103402.19,100499.87,100530.12,100524.12,100533.94
1292.252666431,13810,100532.0,97744.8,100519.84,103393.1,100507.9,100540.03,100530.26,100533.94
1292.273284918,13811,100524.02,97736.74,100517.9,103393.1,100509.82,100533.07,100532.15,100539.88
1292.293799868,13812,100524.28,97748.83,100517.9,103390.2,100505.8,100539.19,100533.21,100531.88
1292.314369335,13813,100530.14,97745.83,100512.86,103394.19,100507.9,100538.14,100533.21,100528.91
1292.338125777,13814,100534.13,97748.83,100525.91,103392.01,100510.86,100526.95,100531.09,100527.87
1292.35870667,13815,100520.03,97744.8,100521.9,103394.19,100507.9,100537.08,100532.15,100541.94
1292.379325177,13816,100530.14,97749.86,100512.86,103394.19,100504.93,100548.26,100530.03,100538.97
1292.399890161,13817,100530.14,97753.88,100513.89,103386.2,100503.89,100542.14,100520.1,100532.91
1292.420489377,13818,100520.29,97757.91,100517.9,103389.11,100519.94,100542.14,100523.06,100529.94
1292.441127717,13819,100526.15,97748.83,100515.83,103405.09,100507.9,100538.14,100526.24,100541.94
1292.461689623,13820,100536.25,97760.91,100507.82,103409.09,100515.92,100530.96,100522.0,100515.87
1292.482316665,13821,100520.03,97744.8,100523.85,103403.28,100507.9,100534.13,100535.11,100525.94
1292.506103104,13822,100522.15,97761.94,100519.84,103410.18,100513.83,100536.02,100537.23,100528.91
1292.526668825,13823,100531.2,97753.88,100517.9,103400.01,100515.92,100530.96,100534.27,100532.91
1292.547350977,13824,100520.03,97757.91,100509.88,103402.19,100515.92,100534.13,100532.15,100529.94
1292.567884574,13825,100525.89,97758.94,100516.86,103385.11,100509.82,100524.0,100531.09,100534.97
1292.588482481,13826,100534.13,97768.97,100510.91,103394.19,100518.02,100542.14,100528.14,100525.94
1292.609090426,13827,100520.03,97755.94,100507.82,103390.2,100509.82,100540.03,100538.29,100537.94
1292.629719908,13828,100538.12,97758.94,100511.83,103410.18,100506.85,100531.18,100532.15,100532.0
1292.650369889,13829,100530.14,97756.88,100509.88,103394.19,100508.95,100543.2,100533.21,100529.94
1292.674030107,13830,100535.99,97764.94,100509.88,103400.37,100503.89,100528.01,100532.15,100528.91
1292.69476359,13831,100526.95,97761.94,100517.9,103409.09,100508.95,100542.14,100537.23,100532.91
1292.715289501,13832,100526.15,97755.85,100508.85,103409.09,100489.75,100535.18,100527.08,100519.87
1292.73589175,13833,100517.1,97758.94,100515.83,103402.19,100502.84,100533.07,100525.18,100524.91
1292.756485708,13834,100529.07,97773.0,100517.9,103400.01,100511.91,100546.99,100530.03,100525.94
1292.777086472,13835,100524.02,97771.03,100509.88,103393.1,100507.9,100538.98,100535.11,100532.91
1292.797707746,13836,100521.09,97752.86,100508.85,103394.19,100515.92,100534.97,100524.12,100526.97
1292.818246034,13837,100522.15,97760.91,100507.82,103402.19,100509.82,100534.13,100528.97,100537.94
1292.841938837,13838,100537.06,97754.91,100511.83,103394.19,100511.91,100532.02,100530.03,100530.84
1292.862546579,13839,100529.07,97761.0,100533.92,103401.1,100511.91,100534.13,100531.09,100537.94
1292.88324127,13840,100521.09,97762.97,100524.88,103394.19,100503.89,100534.97,100540.19,100523.87
1292.903806424,13841,100530.14,97770.0,100516.86,103396.38,100511.91,100542.14,100528.14,100545.95
1292.924390693,13842,100530.14,97760.91,100521.9,103392.01,100514.88,100535.18,100540.19,100529.94
1292.945005734,13843,100522.96,97770.0,100515.83,103411.27,100505.8,100537.08,100534.05,100540.91
1292.965591376,13844,100526.15,97758.94,100517.9,103394.19,100507.9,100540.03,100530.03,100531.88
1292.986220938,13845,100522.15,97771.03,100507.82,103402.19,100515.92,100543.2,100532.99,100528.91
1293.009946635,13846,100527.21,97768.97,100517.9,103394.19,100511.91,100536.02,100531.09,100527.87
1293.030531848,13847,100518.16,97771.03,100515.83,103403.28,100505.8,100524.0,100530.03,100527.87
1293.051264767,13848,100530.14,97765.97,100513.89,103408.37,100509.82,100541.09,100530.03,100532.91
1293.071692881,13849,100516.04,97768.97,100517.9,103398.19,100503.89,100535.18,100531.09,100536.91
1293.092339646,13850,100526.15,97756.88,100516.86,103411.27,100507.9,100550.16,100540.19,100531.88
1293.112956638,13851,100532.0,97768.97,100509.88,103395.29,100501.79,100542.14,100534.05,100531.88
1293.133606522,13852,100538.12,97764.94,100511.83,103409.09,100505.8,100542.14,100531.09,100531.88
1293.157245582,13853,100522.96,97767.0,100515.83,103410.18,100507.9,100537.08,100519.04,100529.94
1293.17785054,13854,100522.15,97771.03,100517.9,103405.09,100506.85,100551.21,100532.15,100531.88
1293.198451134,13855,100534.13,97771.03,100525.91,103410.18,100515.92,100533.07,100532.15,100532.91
1293.219075887,13856,100534.13,97768.97,100517.9,103411.27,100510.86,100542.14,100534.05,100530.97
1293.239678491,13857,100528.01,97767.0,100512.86,103406.19,100507.9,100542.14,100530.03,100532.91
1293.260292791,13858,100522.15,97770.0,100517.9,103394.19,100506.85,100538.14,100528.14,100524.91
1293.280902971,13859,100529.07,97768.97,100517.9,103405.09,100509.99,100538.14,100539.13,100531.88
1293.301508526,13860,100525.08,97770.0,100510.91,103396.38,100523.95,100533.07,100539.13,100526.97
1293.325266233,13861,100534.13,97779.08,100515.83,103394.19,100512.96,100538.14,100530.26,100524.91
1293.345870115,13862,100521.09,97759.97,100515.83,103411.27,100506.85,100539.19,100535.11,100539.88
1293.366626444,13863,100527.21,97775.06,100519.96,103418.18,100515.92,100530.12,100530.03,100531.88
1293.387076257,13864,100521.09,97779.08,100517.9,103414.18,100516.97,100526.11,100530.03,100541.94
1293.407637742,13865,100525.08,97771.03,100511.83,103403.28,100515.92,100528.01,100531.09,100532.91
1293.428291124,13866,100522.15,97770.0,100508.85,103410.18,100507.9,100530.12,100532.15,100528.91
1293.448840873,13867,100521.09,97771.03,100517.9,103411.27,100509.99,100534.13,100523.06,100524.91
1293.4694698,13868,100526.15,97771.03,100522.93,103408.0,100518.02,100526.11,100526.02,100528.91
1293.493218567,13869,100526.15,97770.0,100519.96,103408.37,100507.9,100532.02,100535.11,100533.94
1293.513854278,13870,100534.13,97770.0,100513.89,103410.18,100502.84,100534.13,100532.15,100525.94
1293.534426553,13871,100535.99,97762.97,100516.86,103414.18,100512.96,100535.18,100529.2,100533.94
1293.554995431,13872,100535.19,97762.97,100513.89,103407.28,100514.88,100532.02,100536.17,100528.91
1293.57559242,13873,100532.0,97775.06,100508.85,103418.18,100512.96,100526.11,100527.08,100535.88
1293.596205896,13874,100538.12,97759.88,100517.9,103412.37,100507.9,100530.12,100530.03,100533.94
1293.616850908,13875,100521.09,97767.0,100516.86,103410.18,100507.9,100530.12,100526.02,100528.91
1293.637483639,13876,100520.03,97771.03,100509.88,103392.01,100515.92,100542.14,100524.12,100537.94
1293.661159632,13877,100524.02,97778.05,100501.87,103416.36,100505.8,100533.29,100528.14,100537.94
1293.681737364,13878,100523.22,97779.08,100509.88,103410.18,100509.82,100542.14,100522.0,100529.94
1293.702348047,13879,100535.99,97768.97,100518.93,103410.18,100515.92,100534.13,100536.17,100534.85
1293.722943121,13880,100526.15,97780.11,100517.9,103415.27,100514.88,100542.14,100533.21,100539.88
1293.743569948,13881,100526.15,97772.06,100507.82,103405.09,100505.8,100534.13,100532.15,100524.91
1293.764241725,13882,100518.16,97761.94,100519.84,103412.37,100507.9,100534.13,100535.11,100533.94
1293.784863964,13883,100525.08,97771.03,100513.89,103406.19,100507.9,100531.18,100532.15,100533.94
1293.805463649,13884,100520.03,97771.03,100510.91,103418.18,100507.9,100539.19,100531.09,100533.94
1293.82913766,13885,100522.15,97770.0,100509.88,103410.18,100507.9,100535.18,100522.0,100525.94
1293.84968312,13886,100524.02,97775.06,100515.83,103410.18,100511.91,100535.18,100524.12,100534.97
1293.870341021,13887,100537.06,97777.02,100515.83,103412.37,100502.84,100534.13,100528.14,100536.01
1293.890907642,13888,100530.14,97781.14,100512.86,103417.09,100518.02,100541.09,100532.15,100521.94
1293.911483576,13889,100536.25,97781.14,100514.8,103410.18,100507.9,100545.09,100530.03,100533.94
1293.932051527,13890,100522.15,97771.03,100507.82,103409.09,100510.86,100539.19,100524.12,100528.91
1293.954795347,13891,100510.18,97779.08,100517.9,103410.18,100510.86,100538.14,100526.02,100527.87
1293.973437446,13892,100529.07,97789.2,100518.93,103409.09,100509.99,100538.14,100534.05,100532.91
1293.997088648,13893,100534.13,97774.03,100526.94,103408.0,100508.95,100535.18,100531.09,100533.94
1294.017667439,13894,100534.13,97762.97,100517.9,103410.18,100508.95,100542.14,100526.02,100531.88
1294.038261283,13895,100526.15,97768.97,100517.9,103414.18,100502.84,100546.15,100532.15,100529.94
1294.058924053,13896,100534.13,97771.03,100517.9,103411.27,100507.9,100536.24,100531.09,100533.94
1294.079502669,13897,100530.14,97771.03,100517.9,103416.36,100509.82,100532.02,100532.15,100537.94
1294.10008666,13898,100532.0,97774.03,100507.82,103410.18,100516.97,100543.2,100513.97,100531.88
1294.120740628,13899,100522.96,97777.02,100525.91,103426.17,100503.89,100535.18,100522.0,100533.94
1294.141268019,13900,100538.12,97774.03,100513.89,103410.18,100518.02,100542.14,100538.07,100525.94
1294.165060947,13901,100528.01,97779.08,100516.86,103411.27,100516.97,100524.0,100534.05,100531.88
1294.185666591,13902,100526.15,97768.97,100520.87,103418.18,100519.94,100542.14,100533.21,100531.88
1294.206326016,13903,100512.05,97775.06,100513.89,103414.18,100515.92,100536.24,100540.19,100536.01
1294.226863944,13904,100526.15,97777.02,100513.89,103413.09,100521.85,100552.27,100531.09,100541.94
1294.247437108,13905,100520.03,97771.03,100512.86,103414.18,100503.89,100535.18,100535.11,100528.91
1294.268069692,13906,100526.15,97779.08,100520.87,103410.18,100507.9,100540.03,100532.15,100531.88
1294.288699023,13907,100533.06,97779.08,100508.85,103414.18,100511.91,100543.2,100532.15,100531.88
1294.309308543,13908,100535.19,97774.03,100523.85,103411.27,100506.85,100534.13,100537.01,100528.91
1294.333001581,13909,100526.15,97776.08,100511.83,103410.18,100509.99,100538.14,100531.09,100540.91
1294.353600414,13910,100538.12,97773.0,100515.83,103410.18,100513.83,100530.12,100523.06,100542.98
1294.374211109,13911,100516.04,97781.05,100515.83,103410.18,100520.98,100534.13,100530.03,100529.94
1294.394823951,13912,100524.02,97786.11,100513.89,103396.38,100507.9,100542.14,100530.03,100539.88
1294.415368329,13913,100522.15,97782.08,100509.88,103410.18,100514.88,100538.14,100526.02,100531.88
1294.435977891,13914,100529.07,97781.05,100509.88,103423.27,100511.91,100542.14,100536.17,100531.88
1294.456658064,13915,100526.15,97779.08,100510.91,103411.27,100509.99,100536.02,100523.06,100531.88
1294.480284432,13916,100538.12,97777.02,100523.85,103418.18,100505.8,100544.25,100531.09,100521.94
1294.500871151,13917,100528.01,97781.14,100519.96,103410.18,100513.83,100543.2,100516.09,100526.97
1294.521542377,13918,100526.15,97775.06,100509.88,103416.36,100505.8,100538.14,100531.09,100532.91
1294.542066548,13919,100522.15,97785.08,100518.93,103412.37,100505.98,100537.08,100532.15,100530.97
1294.562700486,13920,100521.09,97778.05,100513.89,103412.37,100515.92,100530.12,100535.11,100527.87
1294.583395308,13921,100539.18,97787.14,100509.88,103411.27,100507.9,100536.02,100531.09,100527.87
1294.603971201,13922,100534.13,97785.08,100521.9,103414.18,100523.95,100542.14,100532.15,100528.91
1294.624507688,13923,100526.15,97785.08,100517.9,103417.09,100505.8,100542.14,100526.02,100540.91
1294.648268778,13924,100522.96,97779.08,100511.94,103414.18,100510.86,100534.13,100530.03,100537.04
1294.668886095,13925,100539.18,97779.08,100515.83,103419.27,100515.92,100532.02,100532.15,100537.94
1294.689488255,13926,100522.15,97786.11,100516.86,103418.18,100515.92,100526.11,100532.15,100524.91
1294.710093042,13927,100526.15,97789.2,100511.94,103410.18,100507.9,100542.14,100534.05,100533.94
1294.730635156,13928,100534.13,97778.05,100517.9,103420.36,100505.8,100534.13,100530.03,100528.91
1294.751269847,13929,100526.15,97783.11,100513.89,103410.18,100515.92,100524.0,100535.11,100538.85
1294.771853265,13930,100528.01,97781.14,100513.89,103418.18,100515.92,100534.13,100532.15,100537.94
1294.79240904,13931,100539.18,97782.08,100506.79,103418.18,100503.89,100530.96,100539.13,100525.94
1294.816224883,13932,100528.01,97781.05,100509.88,103414.18,100523.95,100534.13,100524.12,100533.94
1294.836822467,13933,100525.89,97782.08,100521.9,103412.0,100509.99,100538.14,100536.17,100544.01
1294.857441026,13934,100534.13,97771.03,100517.9,103410.18,100502.84,100532.23,100534.05,100533.94
1294.878020466,13935,100534.13,97782.08,100509.88,103418.18,100507.9,100538.14,100522.0,100529.94
1294.898672003,13936,100528.01,97783.11,100513.89,103414.18,100508.95,100535.18,100538.07,100540.01
1294.91930594,13937,100517.91,97795.2,100509.88,103418.18,100507.9,100534.13,100530.03,100534.97
1294.939879354,13938,100531.2,97787.14,100515.83,103422.17,100514.88,100542.14,100530.03,100529.94
1294.960510905,13939,100522.15,97779.08,100516.86,103416.36,100507.9,100527.17,100532.15,100541.94
1294.984174386,13940,100528.01,97786.11,100518.93,103418.18,100511.91,100526.95,100530.03,100535.88
1295.004849694,13941,100526.15,97786.11,100513.89,103414.18,100516.97,100538.14,100532.15,100533.94
1295.025362615,13942,100522.15,97785.08,100509.88,103410.18,100511.91,100537.08,100526.02,100536.01
1295.046016725,13943,100513.11,97786.11,100513.89,103414.18,100515.92,100529.91,100530.03,100533.94
1295.066611291,13944,100526.15,97783.11,100518.93,103418.18,100499.87,100536.24,100527.08,100529.94
1295.087263722,13945,100528.01,97785.17,100513.89,103417.09,100508.95,100532.02,100525.18,100533.94
1295.107831864,13946,100515.23,97785.08,100517.9,103412.37,100513.83,100542.14,100530.03,100534.97
1295.128410523,13947,100535.99,97787.14,100516.86,103412.37,100509.82,100543.2,100539.13,100533.94
1295.152189408,13948,100534.13,97786.11,100521.9,103419.27,100501.79,100542.14,100538.07,100533.94
1295.172755202,13949,100519.23,97787.14,100515.83,103419.27,100512.96,100538.14,100534.05,100533.94
1295.193372177,13950,100512.05,97783.11,100512.86,103401.1,100523.95,100538.14,100526.02,100525.94
1295.213980877,13951,100526.15,97789.2,100517.9,103414.18,100519.94,100538.14,100524.12,100526.97
1295.234566713,13952,100529.33,97786.11,100517.9,103412.37,100513.83,100542.14,100522.0,100532.91
1295.255118093,13953,100522.15,97779.08,100507.82,103415.27,100503.89,100528.01,100534.05,100522.97
1295.275847652,13954,100526.15,97787.14,100512.86,103418.18,100516.97,100539.19,100536.17,100529.94
1295.29642915,13955,100520.03,97785.08,100504.84,103412.37,100499.87,100524.0,100540.19,100532.91
1295.320103445,13956,100529.07,97791.17,100525.91,103420.36,100499.87,100535.18,100532.15,100532.0
1295.340766331,13957,100526.95,97789.2,100518.93,103418.18,100499.87,100532.02,100540.19,100533.94
1295.361417618,13958,100525.08,97795.2,100509.88,103414.18,100505.8,100534.13,100532.15,100531.88
1295.381899033,13959,100522.15,97777.02,100515.83,103419.27,100506.85,100528.01,100540.19,100532.91
1295.402519791,13960,100538.12,97783.11,100517.9,103410.18,100511.91,100548.26,100530.03,100534.97
1295.423100924,13961,100527.21,97785.08,100515.83,103416.36,100507.9,100540.03,100522.0,100526.97
1295.443728932,13962,100525.08,97781.05,100517.9,103416.36,100507.9,100538.14,100530.03,100528.91
1295.464310006,13963,100524.28,97786.11,100503.81,103418.18,100508.95,100534.13,100532.15,100536.01
1295.488055827,13964,100521.9,97777.11,100519.84,103415.27,100523.95,100532.02,100535.11,100523.87
1295.508643029,13965,100526.15,97783.11,100508.85,103410.18,100511.91,100526.11,100536.17,100533.94
1295.529262131,13966,100529.07,97787.14,100516.86,103422.17,100509.82,100530.12,100524.12,100527.87
1295.549833207,13967,100534.13,97790.14,100514.92,103425.08,100509.99,100534.13,100520.1,100524.91
1295.570436638,13968,100531.2,97783.11,100518.93,103418.18,100503.89,100526.11,100542.08,100533.94
1295.591020454,13969,100518.97,97791.17,100513.89,103428.35,100511.91,100538.98,100529.2,100533.94
1295.611713707,13970,100530.14,97787.14,100509.88,103417.09,100514.88,100540.03,100532.15,100537.94
1295.635366134,13971,100526.15,97786.11,100520.87,103426.17,100512.96,100543.2,100532.15,100533.94
1295.655991135,13972,100518.16,97795.2,100511.94,103418.18,100508.95,100543.2,100531.09,100524.91
1295.676625149,13973,100527.21,97783.11,100517.9,103418.18,100514.01,100542.14,100532.15,100532.91
1295.697232316,13974,100522.15,97806.34,100526.94,103403.28,100511.91,100538.14,100532.15,100525.94
1295.717790544,13975,100538.12,97797.26,100517.9,103414.18,100511.91,100542.14,100519.04,100530.97
1295.738371843,13976,100522.15,97791.17,100517.9,103420.36,100503.89,100532.02,100532.15,100529.94
1295.759075542,13977,100528.01,97789.2,100521.9,103426.17,100511.91,100534.13,100531.09,100529.94
1295.779664101,13978,100522.15,97785.17,100513.89,103424.36,100515.92,100543.2,100530.03,100545.95
1295.803331091,13979,100523.22,97779.08,100521.9,103414.18,100512.96,100538.14,100532.15,100533.94
1295.823948893,13980,100540.24,97786.11,100511.94,103420.36,100511.91,100547.21,100534.05,100532.91
1295.844565207,13981,100530.14,97795.2,100509.88,103414.18,100513.83,100534.13,100530.03,100529.94
1295.865205204,13982,100526.15,97790.14,100527.97,103422.17,100516.97,100542.14,100529.2,100528.91
1295.885834289,13983,100531.2,97791.17,100513.89,103418.18,100507.9,100531.18,100523.06,100527.87
1295.906426039,13984,100540.24,97797.26,100517.9,103421.08,100514.01,100542.14,100528.14,100533.94
1295.926976605,13985,100526.15,97787.14,100511.94,103426.17,100515.92,100543.2,100523.06,100524.91
1295.947523168,13986,100523.22,97787.14,100516.86,103424.36,100507.9,100538.14,100530.03,100528.91
1295.971355326,13987,100534.13,97780.11,100518.93,103423.27,100508.95,100532.02,100540.19,100527.87
1295.991899834,13988,100522.15,97787.14,100525.91,103414.18,100489.75,100537.08,100532.15,100533.94
1296.012511928,13989,100523.22,97783.11,100518.93,103414.18,100512.96,100540.03,100527.08,100526.97
1296.033104447,13990,100528.01,97797.26,100509.88,103427.26,100520.98,100538.14,100528.14,100532.91
1296.053683977,13991,100524.28,97805.31,100523.85,103422.17,100510.86,100538.14,100531.09,100537.94
1296.074298873,13992,100533.06,97796.23,100512.86,103416.36,100512.96,100534.13,100527.08,100528.91
1296.094914404,13993,100531.2,97791.17,100518.93,103428.35,100508.95,100538.14,100536.17,100533.94
1296.115633594,13994,100522.15,97795.2,100517.9,103427.26,100498.83,100542.14,100535.11,100533.94
1296.139281133,13995,100538.12,97803.25,100518.93,103419.27,100509.99,100538.14,100539.13,100531.88
1296.159869853,13996,100524.02,97791.17,100517.9,103422.17,100505.8,100544.25,100533.21,100533.94
1296.180464199,13997,100532.0,97793.23,100514.92,103414.18,100511.91,100535.18,100526.24,100526.97
1296.201090361,13998,100520.03,97803.25,100509.88,103422.17,100508.95,100552.27,100527.08,100532.0
1296.221720651,13999,100525.89,97805.31,100512.86,103436.35,100507.9,100530.12,100536.17,100525.94
1296.242320634,14000,100521.9,97795.2,100518.93,103426.17,100515.92,100542.14,100527.08,100525.94
1296.262954871,14001,100529.07,97795.2,100510.91,103430.17,100516.97,100538.14,100532.99,100524.91
1296.283409944,14002,100528.01,97795.2,100517.9,103426.17,100508.95,100534.13,100526.02,100533.94
1296.307206007,14003,100525.08,97786.11,100509.88,103418.18,100511.91,100544.25,100532.15,100530.97
1296.327840427,14004,100531.2,97787.14,100508.85,103426.17,100511.91,100536.24,100536.17,100532.91
1296.348403341,14005,100535.19,97798.29,100517.9,103434.17,100516.97,100532.02,100528.14,100529.94
1296.368992551,14006,100532.0,97789.2,100509.88,103427.26,100507.9,100534.13,100524.12,100525.94
1296.389642973,14007,100526.15,97803.25,100521.9,103414.18,100514.01,100543.2,100531.09,100528.0
1296.410209148,14008,100538.12,97805.31,100516.86,103418.18,100512.96,100538.14,100522.0,100533.94
1296.430822137,14009,100530.14,97801.28,100517.9,103417.09,100515.92,100538.14,100536.17,100531.88
1296.451416683,14010,100538.12,97797.26,100525.91,103434.17,100507.9,100542.14,100522.0,100537.94
1296.47516995,14011,100538.12,97783.11,100525.91,103435.26,100513.83,100531.18,100532.15,100536.91
1296.495794729,14012,100534.13,97791.17,100517.9,103434.17,100512.96,100535.18,100535.11,100533.94
1296.516425335,14013,100520.03,97786.11,100519.96,103422.17,100520.98,100535.18,100515.03,100533.94
1296.53705243,14014,100526.15,97794.17,100517.9,103426.17,100508.95,100542.14,100534.05,100524.91
1296.557683803,14015,100529.07,97793.14,100519.96,103418.18,100507.9,100544.25,100536.17,100529.94
1296.578173524,14016,100528.01,97785.08,100521.9,103428.35,100518.02,100534.13,100539.13,100541.94
1296.59881538,14017,100530.14,97799.23,100509.88,103424.36,100507.9,100537.29,100532.15,100531.88
1296.619521495,14018,100522.15,97787.14,100511.94,103426.17,100511.91,100534.13,100528.14,100529.94
1296.643189603,14019,100518.97,97795.2,100517.9,103427.26,100509.82,100530.12,100517.98,100537.94
1296.663692928,14020,100523.22,97795.2,100517.9,103422.17,100507.9,100524.0,100531.09,100533.94
1296.684327104,14021,100530.94,97794.17,100513.89,103424.36,100504.93,100534.13,100533.21,100525.94
1296.704959079,14022,100529.07,97795.2,100518.93,103426.17,100519.94,100536.02,100528.14,100529.94
1296.725530865,14023,100522.15,97801.19,100511.94,103426.17,100509.99,100527.17,100534.27,100540.91
1296.746114518,14024,100532.26,97799.23,100517.9,103417.09,100508.95,100535.18,100532.15,100517.93
1296.766688327,14025,100530.14,97799.23,100519.96,103432.35,100511.91,100547.21,100524.12,100523.87
1296.787356673,14026,100524.02,97797.26,100521.9,103418.18,100515.92,100540.03,100532.15,100533.94
1296.811042139,14027,100518.16,97798.29,100504.84,103425.08,100518.02,100530.12,100523.06,100524.91
1296.831732457,14028,100528.01,97801.28,100501.87,103425.08,100508.95,100550.16,100532.15,100537.94
1296.85232869,14029,100526.15,97799.23,100505.87,103421.08,100503.89,100535.18,100534.05,100532.91
1296.872941644,14030,100531.2,97793.14,100514.92,103426.17,100508.95,100535.18,100532.15,100534.97
1296.893547069,14031,100532.26,97795.2,100509.88,103423.99,100515.92,100544.25,100525.18,100533.94
1296.91414764,14032,100522.15,97787.14,100511.83,103428.35,100512.96,100534.13,100532.15,100536.91
1296.935047099,14033,100522.15,97794.17,100517.9,103425.08,100515.92,100538.14,100549.28,100538.97
1296.958481228,14034,100525.08,97799.23,100517.9,103432.35,100509.99,100526.11,100539.13,100524.91
1296.979003938,14035,100515.23,97799.23,100521.9,103434.17,100515.92,100534.13,100532.15,100537.94
1296.999679387,14036,100530.14,97795.2,100517.9,103426.17,100516.97,100538.14,100532.15,100529.94
1297.020238858,14037,100524.02,97789.11,100516.86,103430.17,100502.84,100546.15,100536.17,100532.91
1297.040827388,14038,100519.23,97803.25,100513.89,103425.08,100510.86,100540.03,100531.09,100534.97
1297.061708371,14039,100530.94,97803.25,100520.87,103426.17,100515.92,100543.2,100526.02,100526.97
1297.082372737,14040,100527.21,97805.22,100517.9,103438.16,100509.82,100536.24,100523.06,100523.87
1297.102665982,14041,100530.14,97791.08,100513.89,103426.17,100499.87,100534.13,100539.13,100524.91
1297.126439308,14042,100531.2,97802.22,100518.93,103428.35,100509.99,100530.12,100536.17,100532.91
1297.147070939,14043,100534.13,97799.23,100509.88,103434.17,100508.95,100531.18,100526.02,100524.91
1297.167693404,14044,100514.17,97807.28,100505.87,103442.16,100507.9,100537.08,100536.17,100525.94
1297.188287102,14045,100526.15,97793.23,100518.93,103435.26,100508.95,100538.14,100533.21,100532.91
1297.208918781,14046,100530.14,97790.14,100521.9,103425.08,100505.8,100544.25,100532.15,100537.94
1297.229402214,14047,100526.15,97793.14,100515.83,103434.17,100506.85,100538.14,100523.06,100528.91
1297.250132972,14048,100534.13,97803.25,100518.93,103430.17,100500.92,100518.1,100531.09,100532.91
1297.270627702,14049,100530.14,97787.14,100517.9,103434.17,100499.87,100529.07,100522.0,100524.91
1297.294391904,14050,100532.0,97795.2,100527.97,103426.17,100509.99,100528.01,100524.12,100529.94
1297.314901976,14051,100516.04,97791.17,100509.88,103433.07,100504.93,100533.07,100522.0,100532.91
1297.335536579,14052,100538.12,97803.25,100519.96,103427.26,100505.8,100540.03,100527.08,100533.94
1297.356150577,14053,100522.15,97789.11,100526.94,103430.17,100511.91,100536.02,100523.06,100523.87
1297.376804832,14054,100523.22,97790.14,100517.9,103425.08,100507.9,100536.02,100535.11,100525.94
1297.397385697,14055,100539.18,97810.37,100513.89,103431.98,100503.89,100539.19,100520.94,100527.87
1297.41795626,14056,100534.13,97803.25,100518.93,103429.08,100508.95,100534.13,100532.15,100525.94
1297.438571349,14057,100530.14,97795.2,100517.9,103426.17,100505.8,100535.18,100531.09,100533.94
1297.4623244,14058,100530.14,97813.37,100514.92,103438.16,100505.8,100532.02,100522.0,100532.91
1297.482935563,14059,100528.01,97787.14,100515.83,103430.17,100501.97,100530.12,100527.08,100533.94
1297.503512434,14060,100527.21,97791.17,100517.9,103430.17,100507.9,100541.09,100528.97,100533.94
1297.524130519,14061,100526.15,97787.14,100509.88,103430.17,100507.9,100534.13,100540.19,100524.91
1297.544776203,14062,100522.15,97795.2,100509.88,103426.17,100507.9,100534.13,100532.15,100523.87
1297.565346307,14063,100521.09,97795.2,100508.85,103426.17,100506.85,100535.18,100532.15,100521.94
1297.586038703,14064,100538.12,97800.25,100514.92,103438.16,100497.78,100532.02,100522.0,100528.91
1297.606545534,14065,100530.14,97797.26,100519.96,103442.16,100513.83,100538.14,100522.0,100533.94
1297.630221701,14066,100531.2,97795.2,100505.87,103435.26,100507.9,100531.18,100528.14,100532.91
1297.650846928,14067,100533.06,97802.22,100514.92,103432.35,100509.82,100543.2,100532.15,100532.91
1297.671473482,14068,100526.15,97795.2,100517.9,103434.17,100503.89,100538.14,100526.02,100536.91
1297.692090664,14069,100525.89,97787.14,100509.88,103435.98,100508.95,100526.11,100524.12,100521.94
1297.712657039,14070,100536.25,97799.23,100508.85,103442.16,100507.9,100538.14,100534.27,100533.94
1297.733242129,14071,100522.15,97799.23,100508.85,103434.17,100505.8,100537.29,100534.27,100532.91
1297.753911487,14072,100522.96,97802.31,100509.88,103430.17,100503.89,100540.03,100528.14,100524.91
1297.774456522,14073,100530.14,97807.28,100513.89,103437.07,100506.85,100530.96,100530.26,100525.94
1297.798250692,14074,100530.14,97805.31,100510.91,103438.16,100507.9,100538.14,100526.24,100525.94
1297.818849567,14075,100528.01,97793.23,100519.96,103433.07,100509.99,100539.19,100532.15,100531.88
1297.839377033,14076,100532.0,97801.28,100509.88,103433.07,100507.9,100534.13,100540.19,100523.87
1297.860020882,14077,100530.14,97803.25,100525.91,103442.16,100506.85,100538.14,100523.06,100537.94
1297.880610738,14078,100522.15,97810.28,100514.92,103434.17,100510.86,100530.96,100525.18,100529.94
1297.901278985,14079,100518.16,97801.28,100514.92,103431.98,100506.85,100526.11,100525.18,100537.94
1297.921816887,14080,100528.01,97806.34,100503.93,103438.16,100502.84,100534.13,100536.17,100531.88
1297.942398184,14081,100528.01,97801.28,100519.96,103442.16,100507.9,100532.02,100532.15,100526.97
1297.966233276,14082,100539.18,97811.31,100526.94,103434.17,100498.83,100541.09,100516.09,100528.91
1297.986790684,14083,100530.14,97796.23,100517.9,103438.16,100507.9,100538.14,100523.06,100532.91
1298.007347512,14084,100518.16,97793.23,100517.9,103429.08,100508.95,100538.14,100533.21,100533.94
1298.028011213,14085,100520.03,97798.2,100510.91,103441.07,100508.95,100534.13,100525.18,100532.91
1298.048661973,14086,100526.15,97810.37,100517.9,103446.16,100507.9,100532.02,100537.23,100541.94
1298.069322668,14087,100525.08,97798.2,100517.9,103434.17,100498.83,100530.12,100521.16,100533.94
1298.089828885,14088,100531.2,97790.14,100509.88,103426.17,100507.9,100535.18,100524.12,100524.91
1298.110371476,14089,100530.14,97800.25,100517.9,103441.07,100503.89,100534.13,100528.14,100533.94
1298.134199943,14090,100510.18,97803.25,100517.9,103438.16,100503.89,100537.08,100530.03,100523.87
1298.154725319,14091,100514.17,97810.37,100505.87,103433.07,100501.79,100538.14,100528.14,100534.97
1298.175342462,14092,100530.14,97807.28,100509.88,103444.34,100514.01,100536.24,100532.15,100523.87
1298.195912199,14093,100526.15,97813.37,100504.84,103433.07,100494.81,100534.13,100532.15,100531.88
1298.216526096,14094,100535.19,97802.22,100533.92,103427.99,100507.9,100530.12,100536.17,100533.94
1298.237132176,14095,100524.02,97802.22,100510.91,103440.35,100512.96,100534.13,100532.15,100519.87
1298.257763525,14096,100524.02,97807.28,100517.9,103434.89,100516.97,100536.24,100533.21,100533.94
1298.281463664,14097,100538.12,97799.23,100517.9,103437.07,100499.87,100542.14,100528.14,100527.87
1298.302065158,14098,100534.13,97799.23,100509.88,103453.06,100499.87,100538.14,100536.17,100531.88
1298.322672973,14099,100538.12,97806.34,100509.88,103433.07,100505.8,100540.03,100529.2,100535.88
1298.34331772,14100,100522.15,97814.4,100517.9,103442.16,100511.91,100531.18,100534.05,100536.91
1298.363879746,14101,100526.15,97803.25,100521.9,103442.16,100507.9,100542.14,100526.02,100532.91
1298.384524794,14102,100516.04,97803.25,100509.88,103438.16,100508.95,100536.24,100529.2,100524.91
1298.405073594,14103,100527.21,97807.28,100509.88,103426.17,100499.87,100530.12,100534.27,100521.94
1298.425825842,14104,100525.08,97811.31,100509.88,103443.25,100515.92,100532.02,100530.03,100525.94
1298.44948539,14105,100534.93,97811.31,100515.83,103441.07,100505.8,100535.18,100546.33,100520.9
1298.47005898,14106,100537.06,97807.28,100523.97,103453.06,100515.92,100535.18,100530.03,100527.87
1298.490694948,14107,100530.14,97799.23,100516.86,103442.16,100502.84,100534.13,100532.15,100529.94
1298.511316288,14108,100530.14,97802.22,100511.94,103442.16,100506.85,100534.13,100528.14,100527.87
1298.531857359,14109,100520.03,97803.25,100517.9,103426.17,100508.95,100538.14,100534.27,100532.91
1298.552448788,14110,100520.03,97803.25,100513.89,103442.16,100511.91,100524.0,100533.21,100533.94
1298.573152254,14111,100525.08,97811.31,100517.9,103434.89,100499.87,100534.13,100524.12,100525.94
1298.593680896,14112,100526.15,97813.37,100509.88,103437.07,100508.95,100532.02,100524.12,100536.01
1298.617448335,14113,100533.06,97803.25,100522.93,103442.16,100507.9,100542.14,100533.21,100534.97
1298.638071332,14114,100518.16,97806.34,100510.91,103442.16,100502.84,100534.13,100526.02,100523.87
1298.658592737,14115,100510.18,97817.4,100513.89,103446.16,100511.91,100534.13,100524.12,100523.87
1298.67937804,14116,100515.23,97807.28,100517.9,103436.35,100498.83,100531.18,100532.15,100523.87
1298.69978164,14117,100526.15,97804.28,100518.93,103430.17,100507.9,100536.24,100533.21,100532.91
1298.720401858,14118,100530.14,97806.34,100511.94,103438.16,100507.9,100551.21,100535.11,100525.94
1298.740987196,14119,100534.13,97819.37,100510.79,103444.34,100503.89,100542.14,100528.14,100529.94
1298.761720517,14120,100530.94,97804.28,100517.9,103434.17,100503.89,100534.13,100536.17,100529.94
1298.785326513,14121,100518.16,97811.31,100507.82,103441.07,100508.95,100534.13,100532.15,100529.94
1298.805952645,14122,100521.9,97815.34,100515.95,103451.25,100498.83,100534.13,100524.12,100528.91
1298.826528855,14123,100526.15,97809.34,100511.94,103445.07,100504.93,100539.19,100528.14,100533.94
1298.847139191,14124,100516.04,97811.31,100511.83,103441.07,100507.9,100542.14,100526.24,100524.91
1298.867823499,14125,100524.02,97808.31,100517.9,103441.07,100497.78,100544.25,100540.19,100525.94
1298.888429688,14126,100525.89,97803.25,100513.89,103438.16,100515.92,100550.16,100534.27,100521.94
1298.908934669,14127,100533.06,97811.31,100519.96,103436.35,100515.92,100536.24,100524.12,100520.9
1298.929661715,14128,100517.91,97811.31,100513.89,103434.17,100504.93,100530.12,100532.15,100536.91
1298.953369602,14129,100520.03,97815.34,100510.91,103442.16,100507.9,100540.25,100524.12,100536.01
1298.973931786,14130,100540.24,97803.25,100509.88,103442.16,100503.89,100542.14,100534.27,100534.97
1298.994508346,14131,100527.21,97801.19,100518.93,103441.07,100506.85,100542.14,100542.31,100537.94
1299.015132521,14132,100528.01,97810.28,100511.94,103457.06,100507.9,100531.18,100526.24,100532.91
1299.035708322,14133,100530.14,97815.34,100510.91,103442.16,100497.78,100536.24,100536.17,100528.91
1299.056302192,14134,100523.22,97805.31,100514.92,103435.98,100501.97,100538.14,100536.17,100524.91
1299.076874567,14135,100526.15,97807.28,100509.88,103442.16,100508.95,100529.07,100530.26,100525.94
1299.097596248,14136,100526.15,97811.31,100519.96,103442.16,100507.9,100536.24,100534.27,100525.94
1299.121241075,14137,100512.05,97809.34,100517.9,103441.07,100507.9,100537.08,100533.21,100522.84
1299.141867105,14138,100522.15,97809.34,100513.89,103441.07,100500.92,100536.24,100533.21,100523.87
1299.16241302,14139,100523.22,97815.34,100521.9,103446.16,100497.78,100535.18,100528.14,100537.94
1299.183132586,14140,100522.15,97811.31,100513.89,103442.16,100504.93,100531.18,100528.14,100529.94
1299.203647505,14141,100526.15,97809.34,100517.9,103443.25,100507.9,100544.25,100527.08,100531.88
1299.224279884,14142,100515.23,97814.4,100509.88,103439.98,100508.95,100528.22,100532.15,100533.94
1299.244875853,14143,100518.16,97809.34,100509.88,103442.16,100507.9,100539.19,100529.2,100533.94
1299.265479821,14144,100538.12,97805.31,100517.9,103446.16,100498.83,100536.24,100532.15,100526.97
1299.289218843,14145,100517.91,97819.37,100506.91,103458.15,100507.9,100538.14,100528.14,100532.91
1299.309815503,14146,100526.15,97817.4,100514.92,103457.06,100504.93,100534.13,100531.32,100529.94
1299.33040585,14147,100532.26,97813.37,100519.96,103439.98,100507.9,100550.16,100540.19,100533.94
1299.351064208,14148,100534.13,97803.25,100506.91,103442.16,100505.8,100552.27,100532.15,100529.94
1299.371576348,14149,100522.15,97819.37,100519.96,103442.16,100499.87,100539.19,100533.21,100532.91
1299.392251212,14150,100539.18,97811.31,100513.89,103454.15,100494.81,100542.14,100526.24,100524.91
1299.412828893,14151,100531.2,97811.31,100519.96,103450.15,100503.89,100534.13,100520.1,100540.91
1299.433450037,14152,100526.15,97809.34,100513.89,103446.16,100526.04,100538.14,100524.12,100525.94
1299.457216502,14153,100512.05,97809.25,100509.88,103442.16,100508.95,100543.2,100540.19,100533.94
1299.477745978,14154,100521.09,97814.4,100513.89,103445.07,100515.92,100544.25,100529.2,100532.91
1299.498371297,14155,100530.14,97801.28,100512.86,103438.16,100506.85,100542.14,100525.18,100525.94
1299.519077228,14156,100523.22,97819.37,100517.9,103446.16,100507.9,100530.12,100528.14,100537.94
1299.539587912,14157,100521.09,97814.4,100519.96,103446.16,100505.8,100535.18,100528.14,100541.94
1299.560202615,14158,100534.13,97812.34,100509.88,103442.16,100510.86,100535.18,100530.03,100533.94
1299.580718846,14159,100530.14,97807.28,100509.88,103446.16,100505.8,100540.03,100521.16,100523.87
1299.604528258,14160,100533.06,97815.34,100501.87,103440.35,100501.97,100532.23,100537.23,100532.91
1299.625129107,14161,100522.15,97813.37,100505.87,103456.33,100503.89,100533.07,100539.13,100530.97
1299.645711282,14162,100534.13,97814.4,100517.9,103434.17,100495.86,100542.14,100530.26,100540.91
1299.666398043,14163,100534.13,97807.28,100518.93,103446.16,100507.9,100527.17,100540.19,100536.01
1299.686868867,14164,100534.13,97821.43,100509.88,103442.16,100515.92,100534.13,100532.15,100542.98
1299.70754877,14165,100534.13,97806.34,100516.86,103445.07,100499.87,100550.16,100533.21,100530.97
1299.728107952,14166,100517.1,97811.31,100517.9,103454.15,100510.86,100538.14,100528.14,100530.97
1299.748711808,14167,100538.12,97811.31,100518.93,103442.16,100508.95,100530.12,100528.14,100530.97
1299.772510678,14168,100524.02,97823.49,100507.82,103442.16,100511.91,100538.14,100536.17,100528.0
1299.793070364,14169,100527.21,97814.4,100517.9,103446.16,100507.9,100530.96,100530.03,100533.94
1299.813748185,14170,100530.14,97819.37,100509.88,103454.15,100499.87,100535.18,100532.15,100524.91
1299.834290546,14171,100532.26,97809.34,100506.91,103454.15,100516.97,100534.13,100532.15,100544.01
1299.854914922,14172,100524.02,97811.31,100517.9,103442.16,100507.9,100539.19,100534.27,100526.97
1299.875510514,14173,100523.22,97813.37,100521.9,103442.16,100507.9,100535.18,100525.18,100529.94
1299.896096868,14174,100522.15,97819.37,100519.96,103450.15,100507.9,100534.13,100524.12,100529.94
1299.916818222,14175,100530.14,97813.37,100507.82,103453.06,100503.89,100534.13,100532.15,100536.01
1299.940459211,14176,100521.9,97811.31,100505.87,103454.15,100507.9,100540.25,100536.17,100528.91
1299.961082108,14177,100526.15,97811.31,100511.94,103458.15,100505.8,100537.08,100534.27,100541.94
1299.981676277,14178,100532.0,97815.34,100517.9,103458.15,100505.8,100532.23,100534.27,100533.94
1300.002339076,14179,100524.02,97819.37,100513.89,103442.16,100507.9,100538.14,100532.15,100541.94
1300.022831804,14180,100526.15,97815.34,100513.89,103442.16,100507.9,100538.14,100532.15,100531.88
1300.043440172,14181,100534.13,97821.43,100517.9,103446.16,100505.8,100526.11,100522.0,100533.94
1300.064103701,14182,100525.08,97811.31,100527.97,103448.34,100507.9,100538.14,100532.15,100524.91
1300.084664118,14183,100530.14,97822.46,100517.9,103465.05,100510.86,100543.2,100531.09,100530.97
1300.108418864,14184,100534.13,97821.43,100513.89,103440.35,100509.82,100527.17,100540.19,100533.94
1300.129108606,14185,100534.13,97813.37,100513.89,103450.15,100507.9,100534.13,100536.17,100532.91
1300.149564649,14186,100527.21,97814.4,100511.94,103455.24,100505.8,100533.07,100534.27,100521.94
1300.170213226,14187,100514.17,97810.37,100518.93,103457.06,100507.9,100526.95,100530.03,100533.94
1300.190795067,14188,100527.21,97811.31,100521.9,103458.15,100499.87,100544.25,100527.08,100545.95
1300.211457137,14189,100524.02,97821.43,100513.89,103458.15,100506.85,100534.13,100534.27,100525.94
1300.231975342,14190,100526.15,97821.43,100517.9,103459.24,100515.92,100539.19,100531.09,100528.0
1300.252611737,14191,100540.24,97820.4,100517.9,103454.15,100513.83,100534.13,100524.12,100532.91
1300.276345568,14192,100522.15,97813.37,100509.88,103467.24,100511.91,100538.14,100536.17,100531.88
1300.29701042,14193,100532.26,97815.34,100509.88,103448.34,100501.79,100534.13,100523.06,100526.97
1300.31756582,14194,100534.13,97815.34,100517.9,103458.15,100511.91,100533.07,100532.15,100533.94
1300.338138394,14195,100527.21,97811.31,100517.9,103450.15,100507.9,100534.13,100535.11,100533.94
1300.358754916,14196,100538.12,97825.45,100515.95,103459.24,100507.9,100543.2,100533.21,100533.94
1300.379346742,14197,100526.15,97823.4,100517.9,103458.15,100499.87,100538.14,100536.17,100531.88
1300.399933079,14198,100522.15,97811.31,100515.83,103442.16,100507.9,100536.24,100532.15,100523.87
1300.420519718,14199,100521.35,97819.37,100519.84,103454.15,100511.91,100546.15,100533.21,100532.91
1300.444314948,14200,100524.02,97811.31,100517.9,103441.07,100502.84,100542.14,100530.26,100523.87
1300.46491891,14201,100526.15,97820.4,100509.88,103446.16,100503.89,100536.24,100541.25,100515.87
1300.485529711,14202,100526.15,97819.37,100525.91,103442.16,100507.9,100538.14,100526.24,100528.91
1300.506079599,14203,100530.14,97811.31,100519.96,103458.15,100507.9,100538.14,100526.24,100531.88
1300.526691385,14204,100522.15,97822.46,100517.9,103446.16,100512.96,100538.14,100536.17,100536.91
1300.547366994,14205,100527.21,97813.37,100510.91,103458.15,100506.85,100538.14,100524.12,100525.94
1300.567916396,14206,100526.15,97823.4,100517.9,103445.07,100503.89,100526.11,100533.21,100526.97
1300.588572462,14207,100528.27,97811.31,100515.83,103455.97,100511.91,100532.02,100534.27,100525.94
1300.612314414,14208,100528.01,97818.34,100510.91,103442.16,100509.99,100542.14,100532.15,100540.91
1300.632886157,14209,100530.14,97811.31,100517.9,103458.15,100511.91,100530.12,100534.27,100527.87
1300.653434804,14210,100518.16,97811.31,100520.99,103458.15,100502.84,100526.11,100532.15,100525.94
1300.674123116,14211,100530.14,97813.37,100510.91,103461.05,100511.91,100542.14,100524.12,100533.94
1300.694715307,14212,100533.32,97821.43,100509.88,103441.07,100512.96,100539.19,100529.2,100533.94
1300.715338217,14213,100530.14,97827.51,100515.83,103446.16,100515.92,100534.13,100534.27,100523.87
1300.735885379,14214,100522.15,97821.43,100522.93,103462.15,100503.89,100539.19,100542.31,100540.91
1300.759593018,14215,100522.15,97814.4,100518.93,103445.07,100505.8,100542.14,100530.03,100525.94
1300.780250185,14216,100526.15,97821.43,100517.9,103450.15,100504.93,100551.21,100542.31,100542.98
1300.800818966,14217,100535.19,97822.46,100507.94,103460.33,100509.99,100542.14,100536.17,100529.94
1300.821419809,14218,100529.07,97827.51,100513.89,103464.33,100515.92,100543.2,100529.2,100532.91
1300.842008559,14219,100528.27,97825.45,100521.9,103457.06,100507.9,100538.14,100522.0,100529.94
1300.862627069,14220,100525.08,97819.37,100518.93,103457.06,100508.95,100544.25,100529.2,100540.91
1300.883165211,14221,100534.13,97819.37,100509.88,103462.15,100500.92,100535.18,100522.0,100529.94
1300.903803133,14222,100523.22,97814.4,100509.88,103458.15,100499.87,100535.18,100524.12,100533.94
1300.92757599,14223,100522.15,97813.37,100521.9,103455.24,100500.92,100536.24,100533.21,100539.88
1300.948220281,14224,100522.15,97821.43,100515.95,103458.15,100503.89,100534.13,100524.12,100530.97
1300.968796844,14225,100524.02,97821.43,100514.92,103458.15,100509.99,100530.96,100532.15,100527.87
1300.989442288,14226,100522.15,97817.4,100520.87,103457.06,100507.9,100540.25,100531.09,100536.01
1301.010088553,14227,100523.22,97814.31,100517.9,103446.16,100501.97,100536.02,100533.21,100525.94
1301.03061522,14228,100537.31,97823.4,100521.9,103459.24,100510.86,100538.14,100524.12,100525.94
1301.051167215,14229,100522.15,97821.43,100510.79,103460.33,100511.91,100535.18,100522.0,100519.87
1301.071802015,14230,100525.08,97821.43,100499.8,103458.15,100504.93,100536.24,100540.19,100541.94
1301.095550521,14231,100513.92,97815.34,100513.89,103458.15,100505.8,100534.13,100541.25,100529.94
1301.116212874,14232,100526.15,97818.43,100510.91,103454.15,100515.92,100534.13,100532.15,100531.88
1301.136733644,14233,100524.28,97819.37,100518.93,103458.15,100502.84,100538.14,100532.15,100532.91
1301.157376594,14234,100523.22,97823.4,100513.89,103458.15,100500.92,100544.25,100535.11,100536.01
1301.178060937,14235,100534.13,97821.43,100517.9,103457.06,100507.9,100543.2,100532.15,100534.97
1301.198557031,14236,100535.19,97814.4,100509.88,103458.15,100506.85,100535.18,100536.17,100530.07
1301.219139211,14237,100520.03,97821.43,100515.83,103458.15,100501.79,100543.2,100530.26,100530.97
1301.239783551,14238,100536.25,97815.34,100509.88,103451.97,100506.85,100536.24,100534.27,100531.88
1301.263485304,14239,100538.12,97829.48,100512.86,103463.96,100509.99,100532.23,100532.15,100529.94
1301.284094025,14240,100535.19,97825.45,100513.89,103457.06,100509.99,100538.14,100532.15,100533.94
1301.30476733,14241,100518.16,97827.51,100504.84,103454.15,100495.86,100538.14,100537.23,100525.94
1301.325301885,14242,100522.15,97899.94,100509.88,103457.06,100499.87,100551.21,100532.15,100533.94
1301.345877012,14243,100522.15,97818.43,100513.89,103450.15,100507.9,100538.14,100532.15,100533.94
1301.366471671,14244,100526.15,97811.31,100509.88,103458.15,100507.9,100532.02,100528.14,100532.0
1301.387156466,14245,100538.12,97821.43,100518.93,103455.97,100521.85,100534.13,100532.15,100533.94
1301.407662769,14246,100535.19,97819.37,100516.86,103466.14,100505.8,100534.97,100536.17,100533.94
1301.431481681,14247,100530.14,97818.43,100510.91,103439.98,100504.93,100530.12,100532.15,100534.97
1301.452022517,14248,100518.16,97823.4,100513.89,103465.05,100507.9,100533.07,100533.21,100526.97
1301.47273615,14249,100527.21,97833.51,100509.88,103453.06,100505.8,100532.02,100524.12,100515.87
1301.493232262,14250,100531.2,97837.54,100517.9,103462.15,100515.92,100526.11,100532.15,100528.91
1301.513819266,14251,100522.15,97838.57,100509.88,103458.15,100507.9,100534.13,100538.07,100524.91
1301.534367694,14252,100530.14,97886.91,100517.9,103471.95,100499.87,100532.02,100529.2,100533.94
1301.5550462,14253,100509.12,97894.97,100505.87,103506.12,100503.89,100536.02,100525.18,100528.91
1301.575589626,14254,100536.25,97954.37,100507.82,103485.04,100507.9,100536.24,100531.09,100533.94
1301.599419954,14255,100524.02,97907.99,100517.9,103503.93,100502.84,100528.01,100532.15,100524.91
1301.619983416,14256,100518.16,97928.14,100518.93,103505.02,100508.95,100526.11,100529.2,100525.94
1301.640667481,14257,100524.28,97916.05,100515.95,103494.12,100499.87,100526.11,100532.15,100534.97
1301.661199103,14258,100526.15,97918.11,100509.88,103490.13,100503.89,100538.14,100526.24,100525.94
1301.68185134,14259,100522.15,97912.02,100509.88,103481.04,100509.82,100530.12,100540.19,100525.94
1301.702423491,14260,100515.23,97919.14,100517.9,103478.14,100503.89,100537.08,100530.26,100525.94
1301.723056313,14261,100526.15,97906.96,100509.88,103489.04,100504.93,100534.13,100528.14,100536.01
1301.743617692,14262,100522.15,97906.03,100515.95,103482.13,100499.7,100538.14,100525.18,100517.93
1301.767336628,14263,100532.0,97918.11,100521.9,103491.94,100503.89,100530.12,100524.12,100533.94
1301.787994814,14264,100523.22,97932.16,100517.9,103501.03,100507.9,100542.14,100528.14,100533.94
1301.808555024,14265,100518.16,98107.46,100517.9,103568.98,100505.8,100534.13,100542.31,100526.97
1301.829127622,14266,100530.14,98149.71,100517.9,103602.05,100500.92,100538.14,100541.25,100535.88
1301.849720065,14267,100522.15,98149.81,100519.96,103594.06,100491.85,100533.07,100539.13,100531.88
1301.870352327,14268,100518.16,98153.74,100507.94,103574.07,100498.83,100538.14,100536.17,100528.91
1301.890915104,14269,100534.13,98120.58,100514.92,103582.06,100509.99,100539.19,100532.15,100533.94
1301.91154757,14270,100523.22,98124.5,100510.91,103583.16,100507.9,100535.18,100528.14,100532.91
1301.935288405,14271,100520.29,98121.51,100513.89,103588.25,100515.92,100531.18,100532.15,100533.94
1301.955928291,14272,100522.15,98118.51,100509.88,103586.06,100501.79,100535.18,100524.12,100521.94
1301.976522066,14273,100530.14,98136.69,100517.9,103572.98,100514.88,100538.98,100540.19,100533.94
1301.997006616,14274,100518.16,98135.66,100502.9,103586.06,100505.8,100530.12,100528.14,100528.91
1302.017687177,14275,100525.08,98132.66,100507.94,103586.06,100499.87,100526.11,100532.15,100528.91
1302.038331478,14276,100530.14,98137.62,100517.9,103586.06,100499.87,100539.19,100524.12,100533.94
1302.058906604,14277,100531.2,98165.82,100517.9,103602.05,100505.8,100539.19,100532.15,100529.94
1302.082615835,14278,100538.12,98514.37,100525.91,103768.13,100506.85,100538.14,100534.05,100541.94
1302.103209576,14279,100518.16,98574.81,100519.96,103777.94,100506.85,100538.14,100530.03,100529.94
1302.123811357,14280,100531.2,98554.66,100519.96,103761.95,100507.9,100542.14,100532.15,100533.94
1302.144443602,14281,100526.15,98533.48,100509.88,103761.95,100511.91,100526.11,100532.15,100518.97
1302.165031724,14282,100522.15,98546.6,100510.91,103764.14,100499.87,100537.29,100522.0,100537.94
1302.185656755,14283,100530.14,98536.47,100519.96,103745.96,100500.92,100540.25,100523.06,100544.01
1302.206224308,14284,100526.15,98540.62,100519.96,103761.95,100507.9,100535.18,100538.07,100524.91
1302.226862185,14285,100523.22,98539.58,100525.91,103761.95,100500.74,100534.13,100526.24,100532.0
1302.250605019,14286,100532.26,98526.46,100518.93,103739.06,100505.98,100534.13,100527.08,100526.97
1302.271218171,14287,100527.21,98524.5,100509.88,103761.95,100503.89,100535.18,100522.0,100517.93
1302.291809097,14288,100518.16,98530.49,100509.88,103745.96,100497.78,100538.14,100532.15,100536.01
1302.312402536,14289,100523.22,98523.47,100517.9,103747.05,100497.78,100542.14,100536.17,100529.94
1302.33299556,14290,100517.36,98600.94,100501.87,103804.11,100499.87,100542.14,100533.21,100533.94
1302.353582066,14291,100538.12,99046.23,100526.94,104077.76,100510.86,100548.05,100541.25,100535.88
1302.374236947,14292,100538.12,99277.86,100517.9,104169.71,100512.96,100543.2,100540.19,100543.88
1302.39484231,14293,100526.15,99249.65,100519.96,104124.63,100503.89,100545.93,100536.17,100525.94
1302.41853585,14294,100531.2,99223.53,100515.83,104104.65,100497.78,100534.13,100530.26,100529.94
1302.439128545,14295,100535.19,99216.51,100523.97,104106.84,100497.78,100532.23,100528.14,100528.91
1302.459755779,14296,100534.13,99206.37,100517.9,104108.64,100499.87,100530.12,100537.23,100532.0
1302.480430287,14297,100523.22,99200.4,100501.87,104093.75,100507.9,100542.14,100544.21,100533.94
1302.501011675,14298,100516.3,99197.27,100523.97,104085.75,100507.9,100534.13,100537.23,100529.94
1302.521612098,14299,100524.28,99178.16,100521.9,104093.75,100507.9,100536.24,100523.06,100523.87
1302.542392401,14300,100526.15,99173.09,100510.91,104073.76,100503.89,100526.11,100544.21,100529.94
1302.56283936,14301,100528.27,99176.22,100518.93,104081.76,100506.85,100539.19,100528.14,100532.91
1302.586480615,14302,100531.2,99166.07,100521.9,104077.76,100499.87,100536.24,100528.14,100528.91
1302.60709477,14303,100522.15,99288.0,100509.88,104140.63,100508.95,100535.18,100539.13,100533.94
1302.627708569,14304,100534.13,99962.93,100533.92,104559.31,100501.79,100544.25,100540.19,100528.91
1302.648390713,14305,100522.15,100062.81,100509.88,104577.51,100499.87,100541.09,100533.21,100526.97
1302.668991094,14306,100536.25,100003.23,100521.9,104545.52,100501.79,100538.14,100533.21,100533.94
1302.689551755,14307,100522.15,99997.27,100519.96,104529.53,100507.9,100534.13,100532.15,100533.94
1302.710182224,14308,100533.06,99982.03,100519.96,104522.63,100496.91,100534.13,100539.13,100523.87
1302.730853821,14309,100527.21,99970.11,100517.9,104504.44,100497.78,100542.14,100528.14,100524.91
1302.754479484,14310,100523.22,99956.97,100513.89,104501.54,100498.83,100534.13,100528.14,100519.87
1302.775098911,14311,100530.14,99936.82,100515.83,104493.54,100499.87,100544.25,100533.21,100527.87
1302.795629319,14312,100526.15,99951.01,100507.94,104493.54,100499.87,100538.14,100523.06,100525.94
1302.816219566,14313,100522.15,99936.82,100517.9,104481.55,100511.91,100537.29,100529.2,100537.94
1302.836844612,14314,100524.28,99930.69,100517.9,104481.55,100503.89,100539.19,100520.1,100525.94
1302.857427433,14315,100522.15,99927.71,100519.96,104468.45,100509.99,100522.11,100529.2,100521.94
1302.878156705,14316,100527.21,100179.51,100518.93,104605.49,100507.9,100532.23,100529.2,100533.94
1302.898770312,14317,100520.03,100963.56,100519.96,104961.35,100507.9,100533.07,100532.15,100533.94
1302.922436982,14318,100514.17,101091.49,100514.92,104993.34,100493.77,100550.16,100525.18,100523.87
1302.943046937,14319,100526.15,101007.05,100522.93,104944.25,100495.86,100522.11,100524.12,100525.94
1302.963677374,14320,100523.22,100964.62,100517.9,104929.36,100492.89,100528.22,100528.14,100533.94
1302.984269505,14321,100528.27,100950.4,100507.94,104913.37,100498.83,100528.01,100532.15,100517.93
1303.004876019,14322,100518.16,100942.55,100517.9,104897.37,100506.85,100526.11,100524.12,100525.94
1303.025461328,14323,100526.15,100934.28,100511.94,104889.38,100507.9,100544.25,100526.24,100525.94
1303.046047785,14324,100522.15,100912.21,100518.93,104873.38,100496.91,100528.22,100532.15,100530.97
1303.069767626,14325,100527.21,100910.3,100517.9,104876.28,100510.86,100526.11,100524.12,100533.94
1303.090404063,14326,100535.19,100906.27,100506.91,104864.28,100509.82,100536.24,100528.14,100533.94
1303.111001617,14327,100530.14,100896.09,100509.88,104859.18,100494.81,100527.17,100524.12,100534.97
1303.131585569,14328,100534.13,100892.06,100513.89,104845.39,100499.87,100533.07,100524.12,100534.97
1303.152206999,14329,100522.15,100875.94,100526.94,104849.39,100491.85,100535.18,100528.14,100533.94
1303.172941431,14330,100526.15,100877.85,100503.81,104843.6,100505.8,100539.19,100532.15,100528.91
1303.193459181,14331,100522.15,100864.9,100509.88,104848.29,100504.93,100537.29,100531.09,100533.94
1303.213992512,14332,100526.15,100854.72,100513.89,104833.4,100506.85,100534.13,100529.2,100528.91
1303.237766188,14333,100530.14,100843.69,100513.89,104828.98,100500.92,100532.23,100520.1,100534.97
1303.258380173,14334,100530.14,100841.57,100506.91,104825.4,100505.8,100530.12,100524.12,100532.91
1303.278987302,14335,100516.04,100828.62,100516.86,104852.28,100497.78,100538.14,100525.18,100517.93
1303.299585569,14336,100523.22,100859.81,100516.86,104893.37,100503.89,100535.18,100541.25,100533.94
1303.320212933,14337,100523.22,100849.63,100510.91,104921.36,100506.85,100543.2,100529.2,100536.91
1303.340824943,14338,100527.21,100868.93,100517.9,104975.13,100507.9,100526.11,100527.08,100532.91
1303.361378063,14339,100538.12,100848.57,100519.96,105029.32,100503.89,100535.18,100532.15,100534.97
1303.382068584,14340,100518.16,100869.79,100509.88,105076.2,100500.74,100551.21,100532.15,100517.93
1303.405711346,14341,100522.15,100888.03,100518.93,105135.07,100497.78,100546.15,100532.15,100525.94
1303.426391845,14342,100520.03,100893.97,100509.88,105167.06,100507.9,100538.14,100532.15,100532.91
1303.447336109,14343,100540.24,100918.16,100517.9,105201.27,100507.9,100539.19,100537.23,100524.91
1303.467509027,14344,100522.15,100942.34,100519.96,105219.04,100501.79,100536.02,100522.0,100527.87
1303.488095738,14345,100512.3,100966.53,100516.98,105264.14,100503.89,100539.19,100532.15,100525.94
1303.508813427,14346,100526.15,100991.77,100518.93,105301.24,100501.79,100536.24,100532.15,100540.01
1303.529322011,14347,100526.15,101026.99,100521.9,105361.22,100507.9,100534.13,100527.08,100533.94
1303.549913369,14348,100518.16,101031.02,100522.93,105412.1,100507.9,100537.29,100532.15,100540.01
1303.573699123,14349,100534.13,101087.46,100511.94,105481.19,100501.79,100538.14,100532.15,100531.88
1303.594282159,14350,100530.14,101141.98,100517.9,105537.18,100504.76,100538.14,100536.17,100531.88
1303.614843603,14351,100538.12,101183.36,100522.93,105609.16,100505.8,100543.2,100532.15,100537.94
1303.635496441,14352,100526.15,101244.67,100509.88,105665.15,100497.78,100543.2,100540.19,100545.95
1303.656072165,14353,100518.16,101295.17,100533.92,105688.03,100501.79,100543.2,100536.17,100536.01
1303.676662647,14354,100517.1,101345.45,100521.9,105726.91,100508.95,100543.2,100526.02,100537.94
1303.697257287,14355,100518.16,101387.89,100527.97,105733.13,100511.91,100532.23,100528.14,100534.97
1303.717915983,14356,100528.27,101430.11,100511.94,105768.01,100505.8,100535.18,100532.15,100529.94
1303.741622184,14357,100529.33,101480.61,100517.9,105792.01,100505.8,100532.02,100534.27,100534.97
1303.762295406,14358,100523.22,101528.99,100517.9,105821.77,100497.78,100533.07,100532.15,100533.94
1303.782819476,14359,100519.23,101613.65,100509.88,105869.77,100507.9,100534.13,100528.14,100533.94
1303.803494556,14360,100526.15,101666.06,100508.85,105921.1,100508.95,100535.18,100545.27,100529.94
1303.824097621,14361,100536.25,101740.53,100509.88,105967.98,100507.9,100538.14,100528.14,100537.94
1303.844672499,14362,100520.03,101804.2,100521.9,106011.97,100506.85,100541.3,100537.23,100534.97
1303.865253038,14363,100522.15,101855.55,100518.93,106050.85,100503.89,100536.24,100533.21,100534.97
1303.88584427,14364,100532.26,101934.05,100509.88,106089.08,100497.78,100543.2,100532.15,100544.01
1303.909630957,14365,100534.13,101994.52,100517.9,106117.73,100501.79,100540.25,100523.06,100537.94
1303.930302319,14366,100530.14,102042.9,100517.9,106132.61,100499.87,100540.25,100536.17,100516.9
1303.950834655,14367,100530.14,102090.22,100513.89,106139.96,100507.9,100528.22,100538.29,100533.94
1303.971347564,14368,100534.13,102151.76,100518.93,106169.07,100497.78,100538.14,100527.08,100533.94
1303.991943843,14369,100527.21,102238.58,100510.91,106176.6,100491.85,100544.25,100529.2,100532.91
1304.012721334,14370,100538.12,102317.08,100519.96,106167.95,100505.8,100538.14,100531.09,100533.94
1304.033319752,14371,100527.21,102395.57,100515.95,106238.83,100497.78,100536.02,100532.15,100533.94
1304.053812448,14372,100529.33,102480.51,100517.9,106299.94,100506.85,100536.02,100536.17,100534.97
1304.077533494,14373,100530.14,102538.03,100521.9,106347.94,100507.9,100539.19,100532.15,100532.0
1304.098196244,14374,100525.08,102641.8,100517.9,106395.94,100497.78,100538.35,100533.21,100526.97
1304.11872833,14375,100522.15,102712.23,100508.85,106421.06,100505.8,100535.18,100525.18,100524.91
1304.139370254,14376,100526.15,102760.62,100515.95,106435.93,100493.77,100522.95,100540.19,100525.94
1304.159934536,14377,100534.13,102825.14,100527.97,106458.81,100511.91,100538.14,100536.17,100533.94
1304.180543223,14378,100532.26,103059.03,100504.96,106511.93,100504.93,100536.24,100535.11,100525.94
1304.201164293,14379,100518.16,103727.41,100509.88,106868.57,100492.72,100540.25,100528.14,100528.0
1304.221750595,14380,100526.15,103788.99,100509.88,106815.94,100501.79,100535.18,100528.14,100528.0
1304.245444051,14381,100530.14,103825.29,100521.9,106828.56,100505.8,100540.25,100532.15,100536.91
1304.266077649,14382,100525.34,103881.76,100523.97,106846.81,100505.8,100538.14,100536.17,100525.94
1304.286692166,14383,100531.2,103953.27,100519.96,106886.81,100503.89,100546.36,100532.15,100536.91
1304.307310465,14384,100533.06,104019.99,100509.88,106909.69,100503.89,100538.14,100520.1,100521.94
1304.327887496,14385,100522.15,104093.68,100525.91,106930.82,100507.9,100535.18,100536.17,100533.94
1304.348497716,14386,100522.15,104138.05,100514.92,106950.82,100505.8,100537.08,100532.15,100532.91
1304.369146322,14387,100525.34,104194.52,100521.9,106950.82,100497.78,100548.26,100531.09,100521.94
1304.392854596,14388,100534.13,104219.48,100509.88,106966.82,100500.92,100534.13,100532.15,100533.94
1304.413442977,14389,100530.14,104268.98,100517.9,106977.07,100500.92,100528.22,100532.15,100534.97
1304.434007846,14390,100530.14,104318.14,100511.94,107006.82,100501.79,100536.24,100532.15,100537.94
1304.455024216,14391,100526.15,104400.24,100514.92,107037.7,100505.8,100531.18,100528.14,100526.97
1304.475170874,14392,100508.06,104444.62,100519.96,107102.83,100495.86,100528.22,100515.03,100525.94
1304.495836365,14393,100532.26,104480.92,100523.97,107198.84,100498.83,100537.29,100533.21,100525.94
1304.516473148,14394,100518.16,104551.69,100513.89,107284.6,100505.8,100536.24,100528.14,100531.88
1304.537022913,14395,100534.13,104650.35,100514.92,107342.86,100505.8,100538.14,100528.14,100533.94
1304.56079582,14396,100526.15,104708.67,100517.9,107366.87,100497.78,100527.17,100536.17,100526.97
1304.581395653,14397,100523.22,104769.18,100511.94,107384.0,100499.87,100534.13,100531.09,100529.94
1304.602029574,14398,100530.14,105051.58,100515.95,107582.91,100493.77,100538.14,100526.02,100526.97
1304.622607016,14399,100510.18,106619.39,100493.85,108992.58,100488.71,100526.11,100516.09,100521.94
1304.643365102,14400,100515.23,107712.1,100501.87,109877.7,100492.89,100528.22,100518.21,100521.94
1304.663861361,14401,100514.17,107517.22,100505.87,109542.61,100499.87,100527.17,100526.24,100526.97
1304.684454408,14402,100524.28,107531.57,100505.87,109488.88,100491.85,100528.22,100528.14,100534.97
1304.705032266,14403,100522.15,107547.72,100518.93,109472.87,100498.83,100526.11,100532.15,100533.94
1304.728721069,14404,100519.23,107589.21,100509.88,109457.41,100507.9,100535.18,100530.03,100540.01
1304.749365287,14405,100510.18,107636.52,100515.95,109449.41,100507.9,100538.14,100529.2,100536.91
1304.769986805,14406,100534.13,107676.89,100517.9,109431.69,100499.87,100534.13,100520.1,100532.0
1304.790557362,14407,100519.23,107710.97,100517.9,109407.68,100493.77,100543.2,100531.09,100537.94
1304.811145371,14408,100520.29,107759.87,100509.88,109407.68,100489.75,100535.18,100542.31,100541.94
1304.831706163,14409,100524.02,107791.71,100517.9,109406.53,100497.78,100534.13,100536.17,100525.94
1304.852403673,14410,100530.14,107838.36,100516.86,109401.38,100491.85,100536.24,100526.02,100532.0
1304.873176124,14411,100526.15,107879.86,100518.93,109391.67,100503.89,100534.13,100528.14,100533.94
1304.896672149,14412,100518.16,107940.41,100511.94,109387.66,100506.85,100534.13,100534.27,100536.91
1304.917258343,14413,100528.27,107999.84,100509.88,109421.39,100499.87,100536.24,100524.12,100526.97
1304.937912867,14414,100530.14,108068.47,100510.91,109430.54,100490.8,100538.14,100532.15,100533.94
1304.958545284,14415,100536.25,108133.71,100519.96,109440.85,100499.87,100535.18,100530.26,100523.87
1304.97918789,14416,100525.34,108205.73,100509.88,109454.56,100501.79,100534.13,100521.16,100533.94
1304.99977221,14417,100535.19,108292.29,100512.98,109481.43,100497.78,100530.12,100532.15,100525.94
1305.020293048,14418,100519.23,108352.85,100519.96,109481.43,100500.92,100527.17,100524.12,100537.94
1305.040900545,14419,100522.15,108465.89,100519.96,109617.51,100505.8,100531.18,100525.18,100532.91
1305.064617733,14420,100507.25,110719.29,100495.92,111775.5,100461.66,100508.19,100509.11,100498.96
1305.085314361,14421,100482.25,112397.65,100475.88,113986.69,100463.76,100498.06,100496.0,100485.92
1305.105855824,14422,100494.22,112224.52,100494.88,113527.12,100481.73,100518.1,100500.02,100520.0
1305.126477063,14423,100511.24,112214.11,100501.87,113361.67,100491.85,100518.1,100515.03,100528.0
1305.147127796,14424,100510.18,112197.94,100508.85,113227.83,100495.86,100526.11,100508.05,100522.97
1305.167635104,14425,100514.17,112230.27,100505.87,113176.93,100489.75,100526.11,100517.98,100520.0
1305.188269537,14426,100518.16,112254.51,100505.87,113118.93,100505.8,100526.11,100524.12,100525.94
1305.208842448,14427,100519.23,112278.76,100503.93,113074.41,100490.8,100534.13,100532.15,100525.94
1305.232586328,14428,100522.15,112331.29,100507.94,113041.18,100497.78,100532.23,100524.12,100529.94
1305.253194257,14429,100523.22,112379.78,100511.94,113009.14,100501.79,100532.23,100532.15,100520.9
1305.273767431,14430,100522.15,112420.19,100519.96,113005.13,100497.78,100524.22,100534.27,100533.94
1305.294469278,14431,100530.14,112440.39,100517.9,112949.05,100490.8,100527.17,100516.09,100526.97
1305.315446778,14432,100537.31,112487.72,100504.84,112929.02,100480.68,100534.13,100520.1,100529.94
1305.335622841,14433,100511.24,112527.6,100507.94,112904.52,100497.78,100534.13,100523.06,100534.97
1305.356236152,14434,100527.21,112581.83,100519.96,112876.94,100507.9,100532.23,100528.14,100518.97
1305.377038683,14435,100524.28,112652.23,100511.94,112866.11,100497.78,100528.22,100532.15,100521.94
1305.400559093,14436,100523.22,112723.27,100522.93,112866.11,100501.79,100527.17,100531.09,100525.94
1305.42113287,14437,100517.1,112797.19,100517.9,112891.32,100489.75,100536.24,100529.2,100533.94
1305.441783132,14438,100531.2,112848.55,100512.98,112880.95,100497.78,100532.23,100524.12,100525.94
1305.462390529,14439,100520.29,112901.09,100509.88,112898.15,100486.79,100548.26,100522.0,100532.91
1305.482981953,14440,100486.49,112959.36,100463.86,112900.52,100457.65,100496.17,100475.91,100482.95
1305.503543357,14441,100498.21,112987.65,100503.93,112851.27,100483.82,100511.14,100498.96,100518.97
1305.524245208,14442,100508.31,112994.04,100503.93,112840.89,100489.75,100519.15,100525.18,100524.91
1305.544892693,14443,100506.19,113046.58,100507.94,112830.05,100499.87,100526.11,100523.06,100529.94
1305.568561123,14444,100516.3,113103.16,100519.96,112818.04,100484.87,100530.12,100530.26,100519.87
1305.589150372,14445,100514.17,113162.1,100512.98,112808.84,100479.81,100523.16,100526.24,100525.94
1305.609815364,14446,100521.09,113236.53,100515.95,112835.24,100491.85,100527.17,100536.17,100524.91
1305.63035853,14447,100508.06,113305.24,100511.94,112839.25,100491.85,100535.18,100528.14,100529.03
1305.650967581,14448,100490.23,113365.87,100479.89,112858.1,100473.7,100519.15,100509.11,100509.93
1305.671632215,14449,100498.21,113434.08,100505.99,112872.94,100480.68,100510.08,100506.99,100509.93
1305.69213681,14450,100518.16,113499.25,100495.92,112860.92,100481.73,100524.22,100522.0,100517.93
1305.715842489,14451,100507.25,113570.83,100504.96,112840.89,100485.74,100520.21,100519.04,100518.97
1305.736740626,14452,100510.18,113626.92,100503.93,112820.86,100487.83,100527.17,100532.15,100525.94
1305.757082247,14453,100510.18,113669.02,100503.93,112800.83,100489.75,100526.11,100521.16,100526.97
1305.777681303,14454,100522.15,113719.89,100512.98,112810.03,100485.74,100528.22,100524.12,100522.97
1305.7982753,14455,100518.16,113768.39,100505.87,112790.0,100499.87,100524.22,100516.09,100516.9
1305.819044476,14456,100514.17,113859.0,100507.94,112800.83,100505.8,100524.22,100516.09,100520.0
1305.839521969,14457,100508.31,113951.97,100503.93,112799.65,100491.85,100530.12,100524.12,100526.97
1305.860089898,14458,100522.15,114040.91,100505.87,112800.83,100485.74,100522.11,100506.99,100521.94
1305.883848388,14459,100506.19,114105.59,100498.89,112808.84,100499.87,100520.21,100517.15,100524.91
1305.904455524,14460,100522.15,114180.72,100507.94,112826.05,100485.74,100531.18,100515.03,100524.91
1305.925064172,14461,100500.08,114275.38,100505.87,112808.84,100485.74,100522.11,100512.07,100521.94
1305.945626445,14462,100507.25,114330.79,100496.83,112792.82,100494.81,100517.04,100523.06,100517.93
1305.966291022,14463,100523.22,114400.7,100503.93,112780.8,100490.8,100518.1,100526.24,100515.87
1305.986861958,14464,100518.16,114443.98,100503.93,112759.6,100485.74,100526.11,100524.12,100522.97
1306.007510205,14465,100508.06,114517.94,100502.9,112752.77,100483.82,100518.1,100512.07,100521.94
1306.028157515,14466,100510.18,114606.89,100511.94,112759.6,100489.75,100529.28,100521.16,100525.94
1306.051799209,14467,100506.19,114728.18,100503.93,112748.76,100489.75,100515.99,100525.18,100519.87
1306.072404195,14468,100527.21,114817.13,100495.92,112752.77,100493.77,100522.11,100524.12,100522.97
1306.092994587,14469,100514.17,114918.21,100501.87,112764.78,100497.78,100526.11,100524.12,100529.03
1306.113611438,14470,100522.15,114986.94,100498.89,112752.77,100498.83,100535.18,100520.1,100517.93
1306.134238071,14471,100514.17,115097.31,100511.94,112756.77,100489.75,100520.21,100516.09,100521.94
1306.154778289,14472,100513.37,115148.68,100501.87,112744.75,100487.66,100535.18,100528.14,100518.97
1306.175397811,14473,100527.21,115216.23,100502.9,112719.54,100487.66,100527.17,100524.12,100507.87
1306.19594718,14474,100510.18,115278.08,100519.96,112708.7,100495.86,100526.33,100524.12,100517.93
1306.219733806,14475,100511.24,115340.38,100510.91,112699.05,100483.82,100536.24,100525.18,100525.94
1306.240334899,14476,100520.29,115442.22,100505.87,112705.88,100489.75,100532.23,100508.05,100525.94
1306.260944923,14477,100510.18,115516.66,100507.94,112697.87,100492.72,100520.21,100524.12,100525.94
1306.28155766,14478,100508.31,115593.49,100512.98,112694.33,100497.78,100525.06,100524.12,100524.91
1306.302122237,14479,100518.16,115710.77,100511.94,112712.71,100494.81,100538.14,100518.21,100517.93
1306.322730851,14480,100526.15,115811.87,100501.87,112720.72,100498.83,100531.18,100524.12,100532.91
1306.34340562,14481,100526.4,116353.82,100501.87,112899.34,100500.92,100528.22,100516.09,100523.87
1306.36397672,14482,100490.23,117238.08,100471.87,114864.29,100469.69,100506.08,100498.96,100531.88
1306.387710462,14483,100633.9,109685.33,100626.09,112752.77,100620.25,100647.39,100641.68,100613.97
1306.40832899,14484,100558.07,109674.97,100559.0,113058.39,100545.93,100588.33,100574.45,100574.99
1306.428860119,14485,100547.16,109988.22,100533.92,112350.57,100520.81,100568.3,100551.18,100556.92
1306.4495051,14486,100552.21,109203.64,100544.0,112840.89,100525.87,100562.18,100558.38,100559.89
1306.470129625,14487,100546.1,109013.86,100534.96,112581.7,100519.76,100564.29,100556.26,100549.95
1306.490793877,14488,100517.36,109685.33,100499.92,113249.5,100499.87,100528.22,100524.12,100525.94
1306.51133419,14489,100427.43,112867.58,100415.77,119146.84,100401.48,100436.06,100435.74,100429.9
1306.531912186,14490,100394.45,114493.69,100383.71,120820.24,100359.43,100399.99,100396.63,100395.95
1306.555630697,14491,100411.47,114042.58,100411.76,120057.69,100386.47,100421.93,100418.62,100413.9
1306.57629661,14492,100426.37,113909.18,100412.79,119800.87,100406.54,100444.07,100426.65,100426.81
1306.596878365,14493,100443.4,113838.79,100431.8,119617.8,100419.62,100451.03,100444.84,100445.91
1306.61748225,14494,100454.31,113798.37,100438.78,119519.98,100435.67,100455.04,100451.81,100444.88
1306.638020398,14495,100394.45,115246.92,100383.71,122265.48,100379.49,100426.99,100403.61,100405.89
1306.658700341,14496,100330.59,119472.19,100327.61,122265.48,100311.28,100342.84,100345.25,100337.87
1306.679766802,14497,100363.58,119782.63,100359.67,122265.48,100345.3,100390.92,100371.47,100369.88
1306.700487634,14498,100366.51,118527.96,100343.64,122265.48,100313.2,100358.87,100348.43,100346.78
1306.723620446,14499,100362.52,118175.91,100356.69,122265.48,100347.39,100375.95,100370.41,100374.91
1306.744288236,14500,100379.54,118384.73,100375.7,122265.48,100358.39,100389.87,100389.44,100390.92
1306.76480066,14501,100402.43,118220.42,100392.76,122265.48,100377.4,100422.98,100392.61,100397.89
1306.78538408,14502,100410.41,118027.42,100399.74,122265.48,100389.44,100425.93,100423.69,100421.9
1306.805978267,14503,100463.35,117694.42,100449.77,122265.48,100440.56,100481.19,100461.74,100461.91
1306.826751955,14504,100603.04,113905.14,100599.07,118248.56,100588.15,100612.38,100613.56,100599.0
1306.847171752,14505,100737.67,108430.2,100724.33,108719.87,100720.57,100736.61,100756.06,100737.12
1306.870946413,14506,100828.67,102317.08,100824.52,104688.63,100812.87,100836.8,100841.49,100838.07
1306.891512777,14507,100854.48,99842.03,100845.59,103388.74,100831.88,100875.82,100871.73,100858.08
1306.9121201,14508,100818.56,100514.03,100824.52,104724.34,100824.91,100842.92,100816.32,100807.09
1306.932670405,14509,100778.64,99291.89,100769.45,103874.59,100759.65,100792.72,100779.1,100776.11
1306.953335397,14510,100743.79,98212.1,100736.36,103515.92,100739.59,100754.53,100755.0,100759.07
1306.973898825,14511,100695.89,96913.06,100679.22,103166.0,100688.47,100712.56,100707.85,100706.01
1306.994541048,14512,100677.8,98067.07,100672.24,103537.72,100659.33,100698.43,100684.81,100676.96
1307.015146038,14513,100650.93,97289.62,100636.17,103545.0,100635.26,100657.52,100660.7,100643.02
1307.035738793,14514,100646.94,97738.8,100639.15,103570.79,100624.08,100647.39,100643.57,100656.06
1307.059459956,14515,100617.94,96931.15,100624.15,103507.93,100614.14,100631.36,100628.57,100617.97
1307.08005143,14516,100608.09,97803.25,100595.98,103517.74,100578.03,100626.51,100594.31,100600.93
1307.100682386,14517,100595.05,96621.03,100583.04,103437.8,100572.1,100596.35,100604.46,100603.0
1307.121354156,14518,100582.02,97233.3,100576.06,103389.83,100560.06,100596.35,100590.29,100584.02
1307.1419111,14519,100584.14,97414.49,100564.04,103261.93,100555.0,100592.34,100597.49,100574.99
1307.162524735,14520,100557.27,96739.87,100560.03,103197.98,100537.9,100556.28,100563.23,100558.98
1307.183134047,14521,100555.14,96753.94,100560.03,103215.06,100555.0,100576.31,100572.33,100560.01
1307.206811914,14522,100555.14,97869.77,100548.01,103146.02,100538.95,100558.17,100557.32,100538.97
1307.227384029,14523,100539.18,97589.75,100548.01,103102.06,100525.87,100563.23,100564.29,100548.91
1307.247982301,14524,100558.07,97745.83,100544.0,103102.06,100525.87,100560.28,100552.24,100549.95
1307.268622483,14525,100538.12,97573.64,100548.01,103072.26,100519.94,100552.27,100540.19,100545.95
1307.289220132,14526,100531.2,97517.25,100537.02,103091.15,100513.83,100553.32,100546.33,100541.94
1307.309837254,14527,100537.31,97523.33,100521.9,103104.23,100525.87,100558.39,100544.21,100549.95
1307.330455,14528,100540.24,97539.44,100530.95,103088.25,100529.88,100559.23,100557.32,100548.91
1307.35103281,14529,100538.12,97537.39,100533.92,103088.25,100509.82,100547.42,100545.27,100545.95
1307.374770363,14530,100532.26,97529.33,100512.98,103095.15,100513.83,100540.25,100540.19,100541.94
1307.395375397,14531,100534.13,97529.33,100523.97,103099.15,100509.82,100536.24,100536.17,100541.94
1307.415971968,14532,100536.25,97520.25,100519.96,103120.22,100525.87,100534.13,100532.15,100533.94
1307.438467809,14533,100531.2,97537.39,100522.02,103158.01,100513.83,100544.25,100540.19,100536.91
1307.474664082,14534,100518.16,97529.33,100510.91,103118.04,100491.85,100530.33,100515.03,100526.97
1307.478252985,14535,100531.2,97562.58,100507.94,103138.38,100501.79,100536.24,100533.21,100531.88
1307.498211995,14536,100526.15,97505.16,100507.94,103134.03,100489.75,100529.28,100524.12,100517.93
1307.519489295,14537,100547.16,97547.5,100535.99,103158.01,100525.87,100566.19,100540.19,100548.91
1307.542889047,14538,100536.25,97544.5,100518.93,103168.18,100514.88,100536.24,100536.17,100538.97
1307.563298145,14539,100538.12,97533.36,100529.92,103153.28,100507.9,100538.14,100532.15,100537.94
1307.583987799,14540,100523.22,97517.25,100512.98,103156.19,100513.83,100535.18,100534.05,100526.97
1307.606913316,14541,100522.41,97518.27,100519.96,103181.99,100505.8,100539.19,100541.25,100524.0
1307.626296683,14542,100540.24,97559.5,100533.92,103161.28,100520.81,100554.16,100549.28,100534.97
1307.647726111,14543,100541.3,97530.36,100527.97,103187.08,100500.92,100534.13,100536.17,100541.94
1307.667643622,14544,100529.33,97511.24,100508.97,103201.25,100501.79,100537.29,100534.27,100521.94
1307.687857244,14545,100534.38,97556.58,100508.85,103578.79,100513.83,100541.3,100532.15,100535.88
1307.71123287,14546,100518.16,97513.22,100515.95,103422.9,100507.9,100529.28,100534.27,100534.97
1307.731726036,14547,100536.25,97501.13,100497.86,103225.23,100499.87,100516.2,100523.06,100521.94
1307.754865067,14548,100538.12,97507.21,100520.99,103241.22,100523.95,100538.14,100523.06,100537.94
1307.772629541,14549,100535.19,97505.16,100503.93,103234.31,100493.77,100539.19,100531.09,100528.0
