t_pc,sample_idx,S0,S1,S2,S3,S4,S5,S6,S7
17757.219647068,7234,100983.89,99248.23,100999.6,104397.34,101028.03,101009.49,101016.52,101007.26
17757.240249031,7235,100999.89,99241.19,100999.6,104381.32,101031.01,101001.47,101015.46,100997.17
17757.260687606,7236,100987.08,99235.07,100992.6,104386.04,101024.01,101013.51,101020.55,101006.23
17757.281394577,7237,101002.02,99231.04,100999.6,104390.04,101031.01,101017.52,101013.56,101015.29
17757.302202551,7238,100996.95,99230.12,100996.62,104391.14,101022.96,101006.32,101015.46,100998.21
17757.322556368,7239,101003.08,99229.08,101003.61,104387.14,101045.17,101005.48,101016.52,101006.23
17757.346567858,7240,100988.95,99241.19,101008.66,104381.32,101032.06,101010.55,101016.52,101010.37
17757.367207287,7241,100992.95,99218.01,100985.61,104375.12,101012.82,101006.54,101000.43,101006.23
17757.387701896,7242,100984.95,99230.12,100991.57,104363.1,101006.87,101008.44,101007.41,100992.25
17757.409185182,7243,101059.08,99579.27,101047.75,104429.39,101054.09,101064.63,101070.74,101056.43
17757.428711668,7244,100992.95,99450.08,100975.52,104364.2,100991.66,100997.45,101002.55,100975.18
17757.449594825,7245,100986.01,99218.01,100991.57,104371.12,101006.87,101008.44,101016.52,100999.24
17757.469816993,7246,101000.95,99211.89,101007.62,104389.33,101010.9,101016.46,101028.6,101007.26
17757.490623325,7247,100990.01,99214.89,100999.6,104371.12,101022.96,101011.61,101012.5,101000.28
17757.514187026,7248,101002.02,99198.74,100991.57,104371.12,101033.11,101008.44,101012.5,100991.22
17757.535244828,7249,101003.89,99183.64,101016.68,104389.33,101044.12,101024.49,101032.62,101011.28
17757.555346054,7250,100988.95,99347.2,100999.6,104379.13,101025.93,101008.44,101016.52,100996.27
17757.576326879,7251,100988.95,99218.01,100999.6,104373.31,101039.05,101018.58,101000.43,100998.21
17757.59682911,7252,101004.95,99199.78,101000.63,104361.29,101031.01,101029.56,101018.42,101024.34
17757.617317621,7253,100987.08,99200.82,100991.57,104355.09,101039.05,101035.69,101016.52,101015.29
17757.637942768,7254,101002.02,99199.78,100999.6,104363.49,101031.01,101012.45,101004.45,101016.32
17757.658564801,7255,100995.08,99185.72,100997.65,104361.29,101022.96,101005.48,101006.35,101006.23
17757.682178288,7256,100994.01,99199.78,101000.63,104357.29,101026.98,101030.62,101016.52,101007.26
17757.702819009,7257,101007.08,99205.9,100995.58,104349.99,101026.98,101030.62,101008.48,101007.26
17757.72324772,7258,101000.95,99208.9,101004.64,104349.28,101043.07,101013.51,101024.57,101016.32
17757.744439844,7259,101004.14,99197.83,100995.58,104349.28,101031.01,101018.58,101016.52,101021.24
17757.764388699,7260,100987.08,99184.68,100991.57,104345.27,101032.06,101011.39,101008.48,101011.28
17757.785362063,7261,100990.01,99185.72,100983.54,104337.26,101031.01,101014.57,101008.48,101023.31
17757.805382596,7262,100996.95,99194.83,101001.67,104378.41,101039.05,101014.57,101017.59,101008.3
17757.829565956,7263,100986.01,99189.75,100999.6,104509.5,101022.96,101004.64,101017.59,101007.26
17757.850259046,7264,100992.95,99181.68,100991.57,104370.4,101026.98,101002.52,101015.46,101007.26
17757.870640675,7265,101008.95,99189.75,101005.68,104358.39,101036.95,101013.51,101029.66,101020.33
17757.891337861,7266,101008.95,99195.87,101007.62,104345.27,101032.06,101009.49,101011.44,101015.29
17757.911754513,7267,100995.08,99186.76,100991.57,104341.27,101022.96,101009.49,101016.52,101016.32
17757.932461113,7268,100995.89,99179.6,100998.56,104349.28,101035.03,101013.51,101015.46,101014.25
17757.953163217,7269,101004.14,99185.72,100990.54,104340.17,101035.03,101018.58,101016.52,101022.27
17757.973450063,7270,100992.95,99178.68,101000.63,104349.28,101031.01,101011.61,101016.52,101015.29
17757.99759189,7271,100988.14,99181.68,101000.63,104333.26,101033.11,101018.58,101017.59,101020.33
17758.018187823,7272,100992.95,99187.8,100997.65,104331.06,101041.15,101010.55,101012.5,101014.25
17758.038642823,7273,100995.08,99185.72,100991.57,104334.35,101033.11,101001.47,101014.4,101026.41
17758.059355172,7274,100986.01,99170.61,100993.64,104334.35,101022.96,101008.44,101008.48,101004.29
17758.080206031,7275,100988.14,99179.72,101023.68,104348.18,101041.15,101033.58,101031.56,101038.32
17758.10026351,7276,101018.02,99179.72,101006.59,104333.26,101044.12,101026.61,101030.72,101020.33
17758.120868106,7277,100987.08,99169.57,100996.62,104339.46,101043.07,101010.55,101008.48,101018.26
17758.141409978,7278,101015.08,99169.57,101008.66,104341.27,101031.01,101027.67,101022.45,101014.25
17758.165583822,7279,100984.95,99171.65,100984.58,104317.23,101022.96,101007.6,101003.39,100991.22
17758.186200828,7280,100970.01,99170.61,100992.6,104329.25,101024.01,101009.49,100996.4,101025.38
17758.206652272,7281,101003.08,99162.54,100993.64,104334.35,101024.01,101030.62,101003.39,101016.32
17758.227329178,7282,101003.89,99169.57,101004.64,104325.24,101031.01,101020.7,101017.59,101019.3
17758.247775114,7283,100999.08,99160.46,101010.6,104335.45,101039.05,101032.74,101020.55,101022.27
17758.268404498,7284,100994.01,99171.65,101000.63,104333.26,101035.03,101010.55,101016.52,101008.3
17758.288826378,7285,100982.82,99163.58,101004.64,104335.45,101035.03,101004.42,101012.5,101016.32
17758.309442562,7286,100998.01,99163.58,100995.58,104317.23,101026.98,101014.57,101006.58,101016.32
17758.333591429,7287,101002.02,99171.65,101002.58,104327.44,101035.03,101020.48,101026.7,101022.4
17758.354227082,7288,101002.02,99171.65,100992.6,104321.24,101031.01,101018.58,101013.56,101018.26
17758.374738808,7289,100992.95,99167.61,100994.55,104327.44,101032.06,101009.49,101008.48,101024.34
17758.395387551,7290,101007.89,99149.38,100992.6,104325.24,101024.89,101014.57,100999.37,101020.33
17758.415779746,7291,101006.02,99162.54,100993.64,104306.31,101022.96,101012.67,101008.48,101015.29
17758.436332604,7292,100980.95,99159.54,100997.65,104302.31,101028.03,101008.44,101017.59,101015.29
17758.457023291,7293,101015.08,99162.54,101012.67,104323.43,101046.05,101026.61,101028.82,101023.31
17758.477357097,7294,101010.02,99174.65,101012.67,104323.43,101039.05,101027.67,101024.57,101032.36
17758.501579026,7295,100995.08,99162.54,100991.57,104315.42,101031.01,101004.42,101002.55,101008.3
17758.522240918,7296,100972.95,99141.31,100980.57,104303.41,101008.97,100995.55,100997.47,101000.28
17758.542729239,7297,100980.95,99155.5,100991.57,104301.21,101015.97,101001.47,101004.45,100996.27
17758.563316038,7298,101002.82,99159.54,100999.6,104303.41,101015.97,101018.58,101013.56,101024.34
17758.58395727,7299,101004.14,99171.65,101000.63,104303.41,101039.05,101018.58,101024.57,101032.36
17758.604564961,7300,101004.14,99173.61,100995.58,104301.21,101035.03,101014.57,101012.5,101016.32
17758.62510536,7301,100987.08,99155.5,100997.65,104295.4,101019.99,101010.55,101006.58,101015.29
17758.645430364,7302,100998.01,99167.61,100997.65,104307.41,101022.96,101010.55,101018.65,101008.3
17758.669284595,7303,101006.02,99147.43,100995.58,104287.38,101024.01,101003.58,101005.51,101017.35
17758.690262536,7304,101000.95,99153.42,100999.6,104281.19,101028.03,101010.55,101008.48,101016.32
17758.710332363,7305,101003.08,99163.58,101004.64,104293.2,101031.01,101021.54,101006.58,101011.28
17758.731436646,7306,101004.95,99154.46,101004.64,104285.19,101031.01,101011.61,101009.54,101018.26
17758.751847068,7307,100999.08,99155.5,100999.6,104294.3,101026.98,101016.68,101012.5,101016.32
17758.772385394,7308,100998.01,99155.5,100987.56,104274.27,101022.96,101007.38,101008.48,101018.26
17758.793252838,7309,100999.08,99145.35,100999.6,104287.38,101022.96,101009.49,101004.45,101023.31
17758.813545693,7310,101014.02,99152.5,101001.67,104275.37,101041.15,101024.71,101008.48,101017.35
17758.837214744,7311,101014.02,99163.58,100995.58,104271.36,101022.96,101026.61,101022.67,101018.39
17758.858275831,7312,101000.95,99163.58,100995.58,104271.36,101041.15,101010.55,101008.48,101024.34
17758.878377046,7313,100996.14,99147.43,100996.62,104263.35,101010.9,101012.67,101002.55,101013.34
17758.899443291,7314,100990.01,99150.42,100992.6,104271.36,101022.96,101011.61,100999.37,101014.25
17758.919806302,7315,100996.95,99155.5,101000.63,104266.26,101029.96,101017.52,101024.57,101024.34
17758.940542087,7316,101003.08,99171.65,101005.68,104267.36,101029.08,101028.72,101017.59,101014.25
17758.960940631,7317,100995.08,99156.54,100991.57,104207.28,101033.11,101015.62,101008.48,101014.25
17758.981591828,7318,100995.08,99158.5,100994.55,104181.43,101018.07,101015.62,101010.6,101015.29
17759.005239867,7319,101004.14,99148.47,100991.57,104154.11,101019.99,101025.55,101003.39,101012.31
17759.02569633,7320,101003.08,99155.5,100999.6,104147.19,101031.01,101014.57,101018.65,101020.33
17759.046302999,7321,100992.95,99153.42,101000.63,104127.17,101024.01,101012.67,101009.54,101020.33
17759.067407322,7322,101003.08,99150.42,100999.6,104117.34,101024.01,101024.49,101008.48,101016.32
17759.087340642,7323,100994.01,99151.46,100999.6,104096.22,101026.98,101008.44,101005.51,101016.32
17759.108373557,7324,100999.08,99153.42,101003.61,104084.92,101036.08,101014.57,101010.6,101014.25
17759.12846706,7325,100986.01,99156.54,100991.57,104074.0,101034.16,101009.49,101023.51,101024.34
17759.152592752,7326,101008.14,99149.51,100991.57,104067.09,101025.06,101025.55,101009.54,101008.3
17759.173217249,7327,100996.95,99155.5,101007.62,104064.18,101025.06,101005.48,101008.48,101018.26
17759.193745699,7328,101012.14,99163.58,101003.61,104053.98,101036.08,101010.55,101014.63,101016.32
17759.214350757,7329,100991.08,99163.58,100983.54,104044.87,101032.06,101011.61,101009.54,101023.31
17759.234789132,7330,101008.14,99154.46,100995.58,104040.15,101042.2,101004.42,101010.6,101015.29
17759.255343381,7331,101004.95,99143.39,101001.67,104027.04,101022.96,101012.45,101008.48,101023.31
17759.275839243,7332,100995.08,99147.43,101005.68,104027.04,101031.01,101010.55,101008.48,101016.32
17759.296484491,7333,101002.02,99162.54,100991.57,104039.05,101025.06,101022.59,101000.43,101014.25
17759.320606919,7334,100995.08,99147.43,101004.64,104016.11,101024.01,101014.57,101007.41,101024.34
17759.341245847,7335,101011.08,99154.46,100996.62,104021.94,101024.01,101011.61,101013.56,101012.31
17759.361690411,7336,101000.95,99156.54,101005.68,104015.02,101028.03,101022.59,101020.55,101020.33
17759.382384563,7337,100995.08,99147.43,100999.6,104011.01,101022.96,101025.55,101010.6,101032.36
17759.402777379,7338,101004.14,99163.58,100992.6,104003.0,101022.09,101003.58,101009.54,101016.32
17759.423356607,7339,101004.14,99155.5,100995.58,104000.09,101029.08,101019.64,101007.41,101016.32
17759.443878758,7340,100999.89,99158.5,100997.65,103999.0,101041.15,101028.72,101006.35,101025.38
17759.464448091,7341,101003.08,99155.5,100995.58,104247.33,101026.98,101000.41,101010.6,101025.38
17759.488638161,7342,100990.01,99152.5,100995.58,104324.53,101024.01,101026.61,101006.58,101023.31
17759.509257319,7343,101003.08,99158.5,100987.56,104308.51,101028.03,101009.49,101013.56,101017.35
17759.529717437,7344,101004.14,99155.5,100987.56,104279.37,101031.01,101008.44,101010.6,101014.25
17759.550380752,7345,101005.21,99159.54,101000.63,104264.45,101027.16,101020.7,101021.61,101016.32
17759.570926469,7346,101003.08,99151.46,101004.64,104222.2,101036.08,101002.52,101008.48,101022.27
17759.591489533,7347,101004.14,99161.62,100999.6,104175.23,101032.06,101012.67,101009.54,101024.34
17759.612221472,7348,101004.14,99147.43,100997.65,104143.19,101035.03,101015.62,101016.52,101014.38
17759.634207958,7349,101006.02,99172.69,100996.62,104100.95,101038.0,101009.49,101012.5,101016.32
17759.656622042,7350,101000.95,99155.5,100993.64,104076.19,101036.08,101012.45,101000.43,101016.32
17759.677248892,7351,100987.08,99163.58,101008.66,104049.25,101036.08,101016.68,101004.45,101032.36
17759.69773615,7352,101002.02,99163.58,101004.64,104021.21,101032.06,101021.54,101000.43,101024.34
17759.718345133,7353,100994.01,99154.46,101004.64,104016.11,101029.08,101012.67,101007.41,101017.35
17759.73880412,7354,100998.01,99159.54,100999.6,103993.9,101032.06,101005.48,101010.6,101010.24
17759.75956383,7355,101004.14,99159.54,100992.6,103958.95,101028.03,101018.58,101010.6,101024.34
17759.779983697,7356,100995.08,99163.58,100991.57,103942.93,101033.11,101008.44,101008.48,101016.32
17759.801308243,7357,100994.01,99156.54,100991.57,103926.91,101031.01,101012.67,101004.45,101010.37
17759.824629508,7358,101002.02,99161.62,101000.63,103902.87,101024.01,101030.62,101007.41,101011.28
17759.846111652,7359,101006.02,99157.58,100996.62,103894.86,101033.11,101016.68,101009.54,101016.32
17759.865743757,7360,100997.21,99155.5,101001.67,103883.94,101029.08,101014.57,101020.55,101016.32
17759.886424819,7361,100998.01,99168.65,101000.63,103870.83,101031.01,101014.57,101018.65,101023.31
17759.906936685,7362,101003.08,99163.58,100997.65,103870.83,101033.11,101022.59,101012.5,101018.39
17759.927371024,7363,100998.01,99162.66,100992.6,103858.82,101026.98,101011.61,101012.5,101026.28
17759.947844462,7364,101002.02,99172.69,101005.68,103846.8,101042.2,101018.58,101014.4,101024.34
17759.968491883,7365,101013.21,99156.54,100992.6,103843.89,101024.01,101010.55,100998.3,101024.34
17759.992332865,7366,101003.08,99159.54,100996.62,103834.79,101024.01,101004.42,101016.52,101024.34
17760.01330733,7367,101004.14,99163.58,100999.6,103814.76,101031.01,101008.44,101014.4,101023.31
17760.033766467,7368,100997.21,99158.5,101007.62,103804.93,101041.15,101008.44,101012.5,101015.29
17760.054376111,7369,101001.21,99162.54,100996.62,103794.74,101034.16,101019.64,101016.52,101015.29
17760.074794335,7370,101007.08,99164.62,100995.58,103800.93,101033.11,101011.61,101016.52,101016.32
17760.096223478,7371,100997.21,99164.62,100996.62,103791.82,101025.06,101020.7,101012.5,101017.35
17760.115885489,7372,101000.95,99171.65,100989.63,103792.92,101032.06,101011.61,101012.5,101015.29
17760.136546821,7373,101004.14,99169.69,101003.61,103790.73,101032.06,101011.61,101011.44,101018.26
17760.160280721,7374,100999.08,99168.65,100996.62,103792.92,101028.03,101009.49,101008.48,101024.34
17760.181682463,7375,101000.95,99167.61,100992.6,103788.91,101024.01,101013.51,101007.41,101024.34
17760.201325294,7376,100995.08,99172.69,100999.6,103788.91,101033.11,101017.52,101012.5,101017.35
17760.222409466,7377,101002.02,99171.65,101000.63,103776.9,101025.06,101010.55,101016.52,101012.31
17760.242880501,7378,100997.21,99175.69,100994.55,103772.89,101024.01,101018.58,101014.4,101015.29
17760.263393568,7379,101001.21,99168.65,101003.61,103783.81,101025.06,101011.61,101008.48,101018.39
17760.283880176,7380,101004.14,99166.7,100998.69,103763.79,101029.08,101016.46,101016.52,101012.31
17760.30474064,7381,101006.02,99172.69,101001.67,103768.89,101035.03,101014.57,101007.41,101024.34
17760.328274977,7382,101003.08,99170.61,101007.62,103779.81,101026.98,101011.61,101016.52,101016.32
17760.348693272,7383,101001.21,99179.72,100995.58,103759.78,101028.03,101014.57,101023.51,101022.4
17760.369334734,7384,101009.21,99181.8,101007.62,103775.8,101042.2,101010.55,101008.48,101017.35
17760.390370582,7385,100995.08,99188.84,101001.67,103762.7,101033.11,101006.54,101006.58,101016.32
17760.410471968,7386,101002.02,99175.69,100992.6,103758.69,101029.08,101012.45,101021.61,101000.28
17760.431405562,7387,101003.08,99171.65,100991.57,103732.84,101017.02,101007.6,101008.48,101012.31
17760.451476961,7388,101009.21,99177.77,100991.57,103742.67,101025.06,101011.61,101007.41,101008.3
17760.475639569,7389,101000.14,99185.84,100991.57,103750.68,101033.11,101011.61,101011.44,101016.32
17760.496262774,7390,100994.01,99181.8,101000.63,103742.67,101031.01,101018.58,101008.48,101014.25
17760.516746577,7391,100993.2,99183.76,100999.6,103744.85,101021.04,101011.61,101004.45,101024.34
17760.537319436,7392,100997.21,99190.92,100997.65,103739.76,101025.06,101002.52,101012.5,101017.35
17760.55793567,7393,100994.01,99180.76,100993.64,103750.68,101034.16,101010.55,101018.65,101016.32
17760.578441296,7394,100995.08,99189.88,101003.61,103751.77,101032.06,101010.55,101012.5,101022.27
17760.599595584,7395,100997.21,99188.84,101004.64,103735.75,101028.03,101013.51,101014.63,101017.35
17760.619402374,7396,101002.02,99193.92,100990.54,103730.66,101028.03,101014.57,101008.48,101004.29
17760.64362975,7397,101004.14,99189.88,100999.6,103727.74,101029.96,101025.55,101010.6,101017.35
17760.664233535,7398,101009.21,99192.88,100996.62,103727.74,101024.01,101016.68,101018.65,101022.4
17760.684727734,7399,101004.14,99188.84,100991.57,103716.82,101028.03,101010.55,101016.52,101014.25
17760.705401715,7400,101001.21,99184.8,101004.64,103731.75,101024.01,101012.45,101016.52,101016.32
17760.726010608,7401,100998.01,99187.8,101000.63,103719.73,101028.03,101014.57,101008.48,101028.35
17760.746555244,7402,100997.21,99189.88,101000.63,103727.74,101025.06,101012.45,101010.6,101013.34
17760.767098918,7403,101003.08,99185.84,100996.62,103719.73,101029.08,101012.45,100996.4,101024.34
17760.787453516,7404,100995.08,99194.96,100997.65,103719.73,101026.98,101010.55,101009.54,101020.33
17760.812116171,7405,100999.08,99189.88,101008.66,103712.81,101032.06,101016.46,101008.48,101016.32
17760.832479031,7406,101000.95,99206.03,100993.64,103700.8,101025.06,101010.55,101017.59,101021.37
17760.852798296,7407,101011.08,99188.84,101003.61,103696.79,101029.08,101010.55,101008.48,101014.25
17760.873447189,7408,101004.14,99189.88,100996.62,103700.8,101021.91,101009.49,101026.7,101029.39
17760.893930963,7409,101003.08,99196.91,100991.57,103698.62,101029.08,101011.61,101009.54,101025.38
17760.914896906,7410,100997.21,99189.88,100997.65,103696.79,101032.06,101011.61,101012.5,101024.34
17760.935107176,7411,101000.14,99193.92,100999.6,103696.79,101028.03,101008.44,101010.6,101016.32
17760.955833697,7412,101004.14,99188.84,101005.68,103692.79,101029.08,101018.58,101012.73,101026.41
17760.979751955,7413,100994.01,99197.95,100996.62,103680.77,101022.09,101001.47,101012.5,101021.37
17761.000368139,7414,101004.14,99195.87,100988.59,103691.7,101028.03,101007.6,101013.56,101024.34
17761.020911843,7415,101006.02,99190.92,101000.63,103678.59,101034.16,101012.67,101008.48,101025.38
17761.041528137,7416,101002.02,99189.88,100991.57,103687.69,101022.96,101014.57,101017.59,101016.32
17761.061847021,7417,100999.08,99189.88,101009.69,103680.77,101028.03,101010.55,101025.64,101016.32
17761.08244682,7418,101004.14,99188.84,100999.6,103668.76,101024.01,101005.48,101009.54,101016.32
17761.102904534,7419,101002.02,99203.95,100996.62,103667.67,101026.98,101009.49,101009.54,101028.35
17761.123678066,7420,100996.14,99199.91,101000.63,103661.48,101043.25,101022.59,101009.54,101017.35
17761.14768576,7421,100994.01,99181.8,100995.58,103664.75,101028.03,101014.57,101006.58,101024.34
17761.168304618,7422,100998.01,99188.84,100991.57,103659.66,101032.06,101026.61,101012.5,101016.32
17761.188819418,7423,101005.21,99192.88,100992.6,103654.56,101033.11,101013.51,101004.45,101016.32
17761.209371976,7424,101000.14,99197.95,100993.64,103663.66,101033.11,101008.44,101010.6,101016.32
17761.229991394,7425,100998.01,99196.91,101001.67,103662.57,101033.11,101014.57,101018.65,101011.28
17761.250410971,7426,101007.08,99189.88,100992.6,103656.74,101026.98,101024.71,101020.55,101015.29
17761.271207638,7427,100995.08,99189.88,100992.6,103659.66,101022.96,101004.64,101017.59,101017.35
17761.291561775,7428,100987.08,99203.03,100991.57,103647.64,101031.01,101010.55,101008.48,101024.34
17761.31569557,7429,100988.14,99189.88,101000.63,103656.74,101024.01,101012.45,101016.52,101018.39
17761.336279215,7430,101005.21,99197.95,100995.58,103663.66,101022.96,101011.61,101014.4,101007.26
17761.35673788,7431,100996.95,99198.99,100998.69,103646.55,101036.08,101020.7,101006.58,101016.32
17761.377412592,7432,101005.21,99192.88,100999.6,103646.55,101033.11,101013.51,101017.59,101015.29
17761.397850717,7433,100999.08,99195.87,101004.64,103647.64,101026.98,101018.58,101009.54,101014.25
17761.418537407,7434,101001.21,99193.92,100991.57,103646.55,101030.13,101019.64,101018.65,101024.34
17761.438913999,7435,101003.08,99203.03,101001.67,103646.55,101028.91,101012.45,101002.55,101016.32
17761.459496362,7436,101000.95,99197.95,100989.63,103646.55,101035.03,101009.49,101014.63,101016.32
17761.483285164,7437,100996.14,99193.92,100998.69,103643.64,101032.06,101009.49,101008.48,101015.29
17761.504336476,7438,100990.01,99199.91,100993.64,103631.62,101022.96,101014.57,101017.59,101024.34
17761.524457291,7439,100996.14,99199.91,100993.64,103635.63,101033.11,101029.56,101016.52,101012.31
17761.545420449,7440,101004.14,99198.99,100999.6,103639.63,101029.08,101017.52,101012.5,101024.34
17761.565568095,7441,100996.95,99197.95,101001.67,103632.71,101031.01,101019.64,101010.6,101020.33
17761.586435318,7442,100996.14,99193.92,100996.62,103632.71,101031.01,101014.57,101008.48,101028.35
17761.606971961,7443,101003.08,99195.87,100993.64,103628.71,101024.01,101008.44,101013.56,101026.41
17761.628371921,7444,101005.21,99197.95,100992.6,103623.61,101026.98,101014.57,101010.6,101026.41
17761.651403058,7445,101003.08,99204.99,100991.57,103632.71,101033.11,101012.67,101008.48,101016.32
17761.672396061,7446,101004.14,99192.88,100999.6,103633.8,101030.13,101006.54,101009.54,101026.41
17761.692442954,7447,101001.21,99199.91,101001.67,103635.63,101026.11,101010.55,101014.63,101021.37
17761.713413504,7448,100987.08,99193.92,100988.59,103632.71,101034.16,101017.52,101014.63,101013.34
17761.73344937,7449,100994.01,99199.91,100995.58,103633.8,101031.18,101013.51,101004.45,101018.39
17761.754440521,7450,101000.14,99203.95,100993.64,103632.71,101024.01,101013.51,101013.56,101016.32
17761.774561997,7451,101001.21,99197.95,101001.67,103604.68,101029.08,101009.49,101009.54,101026.41
17761.798713057,7452,101000.14,99197.95,101001.67,103615.6,101029.08,101014.57,101006.58,101021.37
17761.819331705,7453,100987.08,99201.99,100987.56,103616.69,101022.96,101012.67,101008.48,101013.34
17761.840225168,7454,101000.14,99206.03,100999.6,103608.68,101042.2,101018.58,101014.63,101026.41
17761.860392123,7455,101000.14,99206.03,100999.6,103616.69,101028.03,101012.67,101018.65,100999.24
17761.880840713,7456,100999.08,99194.96,100993.64,103617.78,101033.11,101003.58,101008.48,101025.38
17761.901457638,7457,101005.21,99189.88,100988.59,103617.78,101022.96,101012.67,101008.48,101015.29
17761.922450592,7458,100997.21,99206.03,100998.69,103614.51,101028.03,101003.58,101012.5,101016.32
17761.942508581,7459,101004.14,99203.95,101009.69,103606.5,101025.06,101006.54,101016.52,101011.4
17761.966669597,7460,101004.14,99206.03,100994.55,103608.68,101028.03,101006.54,101010.6,101018.39
17761.987306011,7461,101005.21,99193.92,101005.68,103612.69,101024.01,101007.6,101012.5,101012.31
17762.007843786,7462,100988.14,99201.99,100993.64,103608.68,101029.96,101009.49,101014.63,101017.35
17762.028424066,7463,101003.08,99201.99,100992.6,103607.59,101024.01,101011.61,101014.63,101024.34
17762.051971684,7464,101000.14,99206.03,100999.6,103612.69,101033.11,101006.54,101016.52,101009.33
17762.069432405,7465,101000.14,99197.95,101008.66,103606.5,101036.08,101007.6,101017.59,101014.38
17762.089991673,7466,100999.08,99199.91,100995.58,103612.69,101033.11,101022.59,101008.48,101017.35
17762.110517219,7467,101013.21,99195.87,100997.65,103598.49,101026.98,101009.49,101008.48,101019.42
17762.134719167,7468,101005.21,99198.99,100995.58,103604.68,101020.86,101014.57,101009.54,101017.35
17762.155298685,7469,101000.14,99201.99,101005.68,103607.59,101034.16,101010.55,101012.5,101019.42
17762.17785208,7470,101000.14,99197.95,100995.58,103605.77,101030.13,101026.61,101009.54,101017.35
17762.196441527,7471,100997.21,99196.91,100993.64,103600.67,101035.03,101010.55,101012.5,101015.29
17762.21702389,7472,101003.08,99188.84,101001.67,103600.67,101026.11,101018.58,101014.63,101025.38
17762.23757108,7473,101001.21,99192.88,100991.57,103596.67,101028.03,101010.55,101000.43,101030.42
17762.257965548,7474,100987.08,99197.95,101000.63,103600.67,101024.01,101012.67,101004.45,101015.29
17762.278766391,7475,100996.14,99197.95,100997.65,103591.57,101034.16,101011.61,101017.59,101013.34
17762.302692782,7476,101003.08,99206.03,101001.67,103600.67,101028.03,101008.65,101011.44,101008.3
17762.32337764,7477,100992.95,99197.95,100995.58,103592.66,101033.11,101010.55,101007.41,101015.29
17762.343824658,7478,101001.21,99206.03,100999.6,103592.66,101035.03,101028.72,101018.65,101024.34
17762.364451708,7479,101004.14,99206.03,100997.65,103592.66,101022.96,101010.55,101010.6,101016.32
17762.386378555,7480,100996.14,99196.91,101003.61,103600.67,101022.96,101012.67,101002.55,101017.35
17762.405563583,7481,101003.08,99201.99,101000.63,103591.57,101025.06,101010.55,101010.6,101024.34
17762.426490958,7482,101004.14,99214.1,100991.57,103596.67,101028.03,101010.55,101006.35,101022.27
17762.446554246,7483,100998.01,99210.06,100993.64,103591.57,101014.92,101009.49,101005.51,101017.35
17762.470756033,7484,101004.14,99206.03,101005.68,103576.64,101029.08,101012.67,101004.45,101029.39
17762.491369743,7485,101005.21,99222.18,100995.58,103588.66,101026.11,101014.57,101013.56,101018.39
17762.511860407,7486,100988.14,99201.99,100993.64,103580.65,101031.01,101014.57,101008.48,101012.31
17762.532549632,7487,100996.14,99206.03,100997.65,103586.83,101042.2,101008.65,101011.44,101018.39
17762.552970109,7488,101004.14,99206.03,100995.58,103587.57,101028.03,101001.47,101009.54,101020.33
17762.573478921,7489,101005.21,99210.06,101000.63,103580.65,101032.06,101011.61,101008.48,101019.42
17762.593994883,7490,100991.08,99201.99,101004.64,103585.74,101018.94,101021.54,101026.7,101025.38
17762.614595513,7491,101005.21,99204.07,100991.57,103580.65,101026.98,101014.57,101008.48,101018.39
17762.638740615,7492,100996.14,99207.07,101003.61,103588.66,101024.01,101017.52,101012.5,101016.32
17762.659428387,7493,101000.14,99215.14,100991.57,103584.65,101032.06,101010.55,101017.59,101021.37
17762.679942106,7494,101001.21,99207.07,100993.64,103591.57,101029.08,101024.71,101016.52,101016.32
17762.700427722,7495,100996.14,99206.03,100991.57,103588.66,101032.06,101020.7,101012.5,101024.34
17762.720873899,7496,101007.08,99204.99,100991.57,103580.65,101030.13,101014.57,101010.6,101022.4
17762.741454469,7497,101002.02,99197.95,100996.62,103584.65,101032.06,101010.55,101016.52,101017.35
17762.761951583,7498,101005.21,99210.06,100999.6,103584.65,101035.21,101014.57,100999.37,101017.35
17762.782723422,7499,100999.08,99206.03,100999.6,103585.74,101033.11,101010.55,101014.63,101022.4
17762.806385333,7500,100995.08,99210.06,101004.64,103580.65,101033.11,101010.55,101004.45,101017.35
17762.827357806,7501,100995.08,99206.03,100995.58,103588.66,101028.03,101009.49,101004.45,101008.3
17762.847462716,7502,100998.01,99201.99,100997.65,103584.65,101022.96,101001.47,101016.52,101017.35
17762.868501609,7503,100995.08,99200.03,100995.58,103584.65,101033.11,101007.6,101003.39,101018.39
17762.889030771,7504,101005.21,99204.99,101000.63,103575.55,101022.96,101010.55,101017.59,101018.39
17762.910275096,7505,100992.14,99203.03,101008.66,103576.64,101028.03,101003.58,101016.52,101022.4
17762.930145481,7506,100999.08,99210.06,100996.62,103576.64,101026.98,101006.54,101016.52,101016.32
17762.953707341,7507,100997.21,99215.14,100991.57,103584.65,101026.11,101002.52,101010.6,101010.24
17762.97435998,7508,100995.08,99221.13,100996.62,103584.65,101025.06,101018.8,101004.45,101017.35
17762.995392213,7509,100990.01,99203.03,101000.63,103584.65,101029.08,101006.54,101008.48,101020.33
17763.015400407,7510,100989.2,99207.07,100995.58,103573.73,101026.11,101010.55,101018.65,101020.33
17763.036474183,7511,100998.01,99207.07,101001.67,103576.64,101033.11,101006.54,101002.55,101024.34
17763.056454395,7512,101005.21,99193.92,100996.62,103584.65,101033.11,100993.44,101016.52,101018.39
17763.077631277,7513,100999.08,99206.03,100999.6,103584.65,101033.11,101020.48,101010.6,101026.41
17763.097540892,7514,100996.14,99204.99,100991.57,103572.64,101033.11,101006.54,101008.48,101016.32
17763.121769881,7515,101005.21,99207.07,100991.57,103585.74,101012.99,101002.52,101008.48,101018.39
17763.142348928,7516,101009.21,99211.1,100996.62,103576.64,101019.99,101014.57,101005.51,101033.4
17763.162771179,7517,100996.14,99207.07,101006.71,103572.64,101037.13,101010.55,101007.41,101018.39
17763.183452481,7518,101011.08,99208.11,100992.6,103572.64,101031.18,101018.58,101016.52,101029.39
17763.203887952,7519,101003.08,99206.03,101001.67,103576.64,101024.01,101010.55,101009.54,101016.32
17763.224492758,7520,100990.01,99209.02,101001.67,103585.74,101024.01,101010.55,101012.5,101009.33
17763.245506583,7521,101004.14,99210.06,100984.58,103576.64,101033.11,101006.54,101016.52,101010.37
17763.265603552,7522,100997.21,99208.11,101001.67,103584.65,101022.96,101011.61,101018.65,101018.39
17763.289716936,7523,100999.08,99207.98,100993.64,103584.65,101033.11,101006.54,101016.52,101019.42
17763.310362784,7524,101001.21,99215.14,100991.57,103572.64,101033.11,101006.54,101016.52,101017.35
17763.330822462,7525,101000.14,99216.18,100995.58,103572.64,101027.16,101008.44,101013.34,101019.3
17763.355122798,7526,101003.08,99206.03,101000.63,103576.64,101030.13,101005.48,101008.48,101012.31
17763.371879844,7527,101004.14,99206.03,100992.6,103576.64,101041.15,101011.61,101015.46,101013.34
17763.392462337,7528,101000.14,99216.18,101000.63,103576.64,101033.11,101010.55,101009.31,101014.38
17763.412960733,7529,101002.02,99213.06,101000.63,103571.9,101029.08,101016.68,101008.48,101017.35
17763.433515414,7530,101008.14,99214.1,100991.57,103571.55,101038.18,101014.57,101004.45,101012.31
17763.457731112,7531,101008.14,99206.03,100993.64,103572.64,101034.16,101010.55,101004.45,101016.32
17763.47836941,7532,101004.14,99206.03,100992.6,103580.65,101031.18,101015.62,101016.52,101014.38
17763.498793913,7533,101004.14,99204.99,101000.63,103576.64,101031.01,101015.62,101003.39,101012.31
17763.519492512,7534,101003.08,99210.06,100999.6,103568.63,101026.11,101010.55,101012.5,101012.31
17763.539878848,7535,101007.08,99214.1,101007.62,103568.63,101024.01,101008.65,101008.48,101025.38
17763.560463033,7536,100997.21,99214.1,101001.67,103568.63,101032.06,101012.67,101008.48,101012.31
17763.58100796,7537,100992.14,99211.1,100996.62,103570.81,101039.05,101002.52,101011.44,101018.39
17763.601590563,7538,100996.14,99207.07,100997.65,103572.64,101028.03,101010.55,101009.54,101002.34
17763.62573977,7539,100997.21,99210.06,101000.63,103586.83,101034.16,101012.67,101003.39,101016.32
17763.646488855,7540,100997.21,99210.06,100985.61,103568.63,101036.08,101012.67,101008.48,101024.34
17763.666830624,7541,101005.21,99210.06,100992.6,103581.74,101032.06,101014.57,101016.52,101010.37
17763.687493669,7542,101009.21,99215.14,100988.59,103577.73,101029.08,101012.67,101006.35,101022.4
17763.707901668,7543,101001.21,99215.14,101007.62,103568.63,101038.18,101009.49,101012.5,101016.32
17763.728501507,7544,100996.14,99215.14,100995.58,103566.81,101025.06,101002.52,101016.52,101018.39
17763.748961545,7545,100988.14,99206.03,101000.63,103576.64,101025.06,101008.65,101006.58,101018.39
17763.772222559,7546,101001.21,99215.14,100993.64,103582.83,101022.96,101011.61,101017.59,101016.32
17763.793759736,7547,100998.01,99207.07,101000.63,103572.64,101025.06,101010.55,101008.48,101025.38
17763.814360096,7548,100992.14,99206.03,100997.65,103568.63,101025.06,101006.54,101002.33,101024.34
17763.83481122,7549,100996.14,99206.03,100996.62,103569.72,101029.08,101012.67,101011.44,101020.33
17763.855429387,7550,100996.14,99214.1,100992.6,103576.64,101022.96,101013.51,101006.35,101015.41
17763.875924307,7551,101000.14,99214.1,100995.58,103572.64,101033.11,101011.61,101015.46,101022.27
17763.896541934,7552,101004.14,99210.06,100993.64,103565.72,101022.96,101004.42,101004.45,101018.39
17763.917256526,7553,101003.08,99214.1,100996.62,103557.71,101026.11,101022.59,101003.39,101026.41
17763.937618856,7554,101000.14,99223.22,100993.64,103568.63,101022.96,101020.7,101008.48,101028.35
17763.961748535,7555,101008.14,99216.18,100993.64,103560.62,101031.01,101006.54,101003.39,101018.39
17763.982382976,7556,100997.21,99222.18,100995.71,103573.73,101029.08,101007.6,101008.48,101012.31
17764.00282112,7557,100995.08,99223.22,101003.61,103570.81,101024.01,101007.6,101009.54,101018.39
17764.023722666,7558,100995.08,99223.22,100995.58,103564.63,101038.18,101008.65,100999.37,101015.29
17764.044160049,7559,101001.21,99214.1,100999.6,103563.54,101042.2,101012.67,101010.6,101022.4
17764.064678705,7560,100990.01,99226.21,100992.6,103564.63,101034.16,101019.64,101007.41,101024.47
17764.085026514,7561,101005.21,99206.03,101005.68,103560.62,101024.01,101012.67,101007.41,101016.32
17764.10582965,7562,100997.21,99210.06,100993.64,103561.71,101024.01,101010.55,101012.5,101016.32
17764.129381805,7563,101012.14,99214.1,100996.62,103570.81,101031.18,101007.6,101011.44,101008.3
17764.150416732,7564,100996.14,99232.33,100992.6,103570.81,101035.21,101006.54,101008.48,101022.4
17764.170889429,7565,101001.21,99206.03,100987.56,103562.8,101026.11,101004.64,101012.5,101016.32
17764.191533174,7566,101005.21,99222.18,101005.68,103564.63,101039.05,101006.54,101010.37,101016.32
17764.211691315,7567,101001.21,99212.15,100991.57,103556.62,101033.11,101017.74,101007.41,101021.37
17764.232787796,7568,100997.21,99224.26,100995.58,103560.62,101033.11,101012.67,101012.5,101024.34
17764.253156265,7569,100987.08,99210.06,101001.67,103552.62,101019.99,101007.6,101012.5,101026.41
17764.276720989,7570,101012.14,99231.29,100991.57,103565.72,101043.25,101010.55,101004.45,101018.39
17764.297364574,7571,100997.21,99226.21,100991.57,103553.7,101039.05,101010.55,101007.41,101008.3
17764.318482407,7572,100999.08,99208.11,100991.57,103559.53,101024.01,101006.54,101003.39,101018.39
17764.338443059,7573,101003.08,99216.18,101008.66,103560.62,101028.03,101010.55,101010.37,101020.33
17764.359469804,7574,101001.21,99214.1,100993.64,103552.62,101025.06,101008.65,101007.41,101026.41
17764.379493161,7575,100996.14,99222.18,100993.64,103562.8,101032.06,101002.52,101009.54,101024.34
17764.400510071,7576,100998.01,99230.25,101008.66,103544.61,101030.13,101010.55,101008.48,101020.33
17764.421072083,7577,100997.21,99214.1,100996.62,103560.62,101018.07,101006.54,101007.41,101030.42
17764.444772162,7578,100999.08,99227.25,100992.6,103554.79,101028.03,101014.57,101012.5,101026.41
17764.465360303,7579,101001.21,99222.18,101001.67,103552.62,101032.06,101012.45,101004.45,101020.33
17764.485840551,7580,100997.21,99224.26,100992.6,103553.7,101035.21,101011.61,101018.42,101026.41
17764.506482534,7581,101000.14,99223.22,101003.61,103560.62,101034.16,101007.6,101016.52,101024.34
17764.526942892,7582,100999.08,99224.26,101001.67,103552.62,101029.08,101010.55,101007.41,101016.32
17764.547521128,7583,100998.01,99223.22,101001.67,103566.81,101029.08,101016.68,101003.39,101015.41
17764.568485349,7584,101001.21,99230.25,100995.58,103552.62,101025.06,101018.58,101004.45,101018.39
17764.588637571,7585,100997.21,99221.13,100999.6,103552.62,101030.13,101010.55,101002.33,101026.41
17764.612780599,7586,101004.14,99216.18,100995.58,103552.62,101024.01,101002.52,101014.4,101020.33
17764.633441301,7587,101001.21,99212.02,101016.68,103558.8,101025.06,100999.57,101007.41,101022.4
17764.653872555,7588,101000.14,99231.29,100995.58,103562.8,101024.01,101010.55,101008.48,101027.44
17764.674459104,7589,100997.21,99208.11,100997.65,103548.61,101037.13,101006.54,101003.39,101005.32
17764.694928135,7590,101004.14,99228.29,100991.57,103557.71,101034.16,101010.55,101017.59,101017.35
17764.715567764,7591,101003.33,99216.18,100991.57,103552.62,101025.06,101010.55,101004.45,101024.34
17764.73601337,7592,101000.14,99212.02,100992.6,103554.79,101032.06,101012.45,101015.46,101026.41
17764.756636414,7593,101001.21,99227.25,100991.57,103564.63,101024.01,101012.67,101008.48,101011.4
17764.780779393,7594,100992.14,99222.18,100995.58,103548.61,101033.11,101010.55,101016.52,101013.34
17764.801366453,7595,100995.08,99232.33,101001.67,103552.62,101025.06,101009.49,101000.43,101016.32
17764.821870086,7596,101009.21,99232.33,100992.6,103552.62,101034.16,101013.73,101011.44,101014.38
17764.84247295,7597,100996.14,99232.33,100996.62,103563.89,101032.06,100999.57,101007.41,101016.32
17764.862938566,7598,101003.08,99224.26,100997.65,103549.7,101032.06,101002.52,101010.37,101018.39
17764.883507449,7599,100995.08,99219.18,100991.57,103555.88,101030.13,101002.52,101009.54,101012.31
17764.903975939,7600,101005.21,99231.29,101005.68,103556.62,101025.06,101014.57,101004.45,101022.4
17764.924598612,7601,100997.21,99227.25,101001.67,103552.62,101021.04,101011.61,101010.37,101010.37
17764.948790505,7602,100997.21,99220.09,100988.59,103560.62,101032.06,101009.49,101016.52,101014.38
17764.970118095,7603,101000.14,99224.26,100987.56,103544.96,101033.11,101006.54,101000.43,101023.43
17764.989844943,7604,101013.21,99224.26,100992.6,103546.78,101031.18,101017.52,101016.52,101011.4
17765.010473456,7605,101003.08,99223.22,100992.6,103566.81,101029.08,101016.68,101026.47,101017.35
17765.030952823,7606,100997.21,99215.14,100992.6,103550.79,101033.11,101012.67,101016.52,101018.39
17765.051673134,7607,101001.21,99222.18,100992.6,103551.88,101025.93,101007.6,101002.33,101022.4
17765.072033882,7608,100997.21,99224.26,100996.62,103554.79,101026.11,101000.41,101007.41,101018.39
17765.092810669,7609,101005.21,99223.22,100996.62,103553.7,101035.21,101004.64,101012.5,101010.37
17765.116768837,7610,100996.14,99222.18,101001.67,103552.62,101027.16,101015.62,101016.52,101022.4
17765.137384801,7611,101001.21,99228.29,101000.63,103555.88,101024.01,101007.6,101011.44,101016.32
17765.158038351,7612,100988.14,99214.1,100992.6,103540.6,101026.11,101014.57,101017.59,101028.48
17765.178534023,7613,100995.08,99226.21,100995.58,103552.62,101039.05,101011.61,100997.47,101025.38
17765.199055804,7614,100997.21,99224.26,101001.67,103542.78,101024.01,101010.55,101017.59,101026.41
17765.219681432,7615,100995.08,99232.33,100995.58,103551.88,101025.06,101008.65,100997.47,101025.38
17765.239979845,7616,101001.21,99220.22,100991.57,103554.79,101021.91,101010.55,101018.65,101026.41
17765.260645273,7617,101005.21,99215.14,100996.62,103554.79,101025.06,101010.55,101000.43,101032.36
17765.284851818,7618,101005.21,99239.37,100992.6,103553.7,101025.06,101011.61,101001.49,101018.39
17765.305451507,7619,100995.08,99224.26,100991.57,103554.79,101029.08,101011.61,101008.48,101024.34
17765.325861719,7620,100996.14,99231.29,101001.67,103554.79,101030.13,101010.55,101016.52,101022.4
17765.346534619,7621,101007.33,99222.18,100999.6,103558.8,101025.06,101018.58,100991.32,101018.39
17765.367139686,7622,100995.08,99227.25,100995.58,103554.79,101031.18,101010.55,101012.5,101020.33
17765.387547365,7623,100999.08,99227.25,101000.63,103544.61,101031.18,101010.55,101008.48,101008.3
17765.408318593,7624,100997.21,99227.25,100999.6,103554.79,101029.08,101016.46,101013.56,101019.42
17765.428749216,7625,101005.21,99230.25,100991.57,103536.6,101033.11,101010.55,101004.45,101023.43
17765.452451719,7626,100997.21,99216.18,100999.6,103548.96,101026.11,101015.62,101008.48,101012.31
17765.47345671,7627,101003.08,99227.25,101000.63,103554.79,101025.06,101010.55,101008.48,101018.39
17765.493857168,7628,101003.08,99224.26,100992.6,103540.6,101033.11,101001.47,101009.54,101017.35
17765.514481644,7629,101005.21,99233.37,101000.63,103551.53,101032.06,101003.58,101008.48,101009.33
17765.535022985,7630,101005.21,99228.29,100999.6,103550.79,101017.02,101004.64,101002.33,101009.33
17765.558265071,7631,100998.01,99228.29,100993.64,103552.62,101015.97,101010.55,101009.54,101021.37
17765.57609523,7632,101004.14,99232.33,100988.59,103552.62,101041.15,101010.55,101016.52,101018.39
17765.599751232,7633,101005.21,99238.32,101001.67,103546.78,101033.11,101018.58,101017.59,101021.37
17765.62038326,7634,100995.08,99219.18,100997.65,103550.79,101025.06,101010.55,100999.37,101018.39
17765.641481283,7635,101001.21,99231.29,100983.54,103537.69,101034.16,101009.49,101001.49,101010.37
17765.661568857,7636,101005.21,99223.22,100993.64,103554.79,101031.18,101014.57,101014.63,101023.31
17765.68265999,7637,101003.08,99222.18,101003.61,103544.61,101025.06,101013.73,101008.48,101020.33
17765.702579439,7638,101006.27,99227.25,101009.69,103551.88,101025.06,101004.42,101007.41,101014.38
17765.723845256,7639,100997.21,99222.18,101001.67,103540.6,101026.11,101010.55,101008.48,101016.32
17765.744072461,7640,100999.08,99220.09,101002.7,103554.79,101021.04,101007.6,101016.52,101016.32
17765.767760081,7641,100998.01,99231.29,100992.6,103548.61,101037.13,101010.55,101009.54,101010.37
17765.788451519,7642,101006.27,99225.17,100993.64,103552.97,101031.18,101006.54,101008.48,101019.42
17765.808846057,7643,100997.21,99228.29,101005.68,103551.88,101026.11,101004.42,101007.41,101022.4
17765.829584266,7644,100996.14,99224.26,100989.63,103545.7,101033.11,101002.52,101012.5,101026.41
17765.850219418,7645,100983.08,99224.26,100991.57,103555.88,101027.16,101008.44,101009.54,101010.37
17765.870545293,7646,101002.02,99227.25,100993.64,103540.6,101035.21,101020.7,101004.45,101027.44
17765.89157367,7647,100990.01,99232.33,100991.57,103546.78,101025.06,101011.61,101010.6,101018.39
17765.91177044,7648,100996.14,99227.25,100995.58,103554.79,101030.13,101008.65,101012.5,101026.41
17765.935771423,7649,100997.21,99228.29,100997.65,103545.7,101025.06,101021.54,101009.54,101016.32
17765.956409521,7650,101000.14,99239.37,100992.6,103553.7,101024.01,101002.52,101011.44,101014.38
17765.97686429,7651,101005.21,99236.37,100997.65,103551.88,101029.08,101010.55,101015.46,101027.44
17765.997509107,7652,101001.21,99235.33,101000.63,103555.88,101029.08,101008.44,101018.65,101014.38
17766.017917096,7653,101006.27,99234.41,100985.61,103541.69,101028.03,101010.55,101006.35,101021.49
17766.03856625,7654,101005.21,99232.33,100987.56,103538.77,101024.01,101016.46,101008.48,101015.41
17766.059268935,7655,100996.14,99236.37,101001.67,103534.77,101029.08,101010.55,101010.6,101012.43
17766.079647619,7656,100989.2,99231.29,100993.64,103538.77,101022.96,101002.52,101012.5,101026.41
17766.103788384,7657,101004.14,99228.29,101005.68,103536.95,101032.06,101010.55,101013.56,101018.39
17766.124430067,7658,101011.33,99232.33,101001.67,103534.77,101024.01,101002.52,101020.55,101022.4
17766.144825146,7659,101004.14,99227.25,100997.65,103530.77,101028.03,101014.57,101012.5,101024.34
17766.165542493,7660,101003.08,99236.37,100999.6,103530.77,101021.04,101000.41,101008.48,101032.36
17766.185998294,7661,100996.14,99232.33,100988.59,103531.85,101024.01,101019.64,101008.48,101024.34
17766.206783464,7662,101001.21,99224.26,100996.62,103534.77,101034.16,101012.67,101013.56,101016.32
17766.227101987,7663,100997.21,99230.25,100992.6,103534.77,101019.99,101001.47,101002.33,101011.28
17766.247765663,7664,100992.14,99223.22,100999.6,103531.85,101029.08,101010.55,101012.5,101018.39
17766.271789552,7665,100987.08,99238.32,100997.65,103522.75,101032.06,101018.58,101017.59,101018.39
17766.293055338,7666,101005.21,99238.32,100997.65,103534.77,101029.08,101014.57,101008.48,101008.3
17766.312933505,7667,101001.21,99236.37,100988.59,103528.59,101026.11,101008.44,101009.54,101010.37
17766.333633136,7668,100997.21,99236.37,100995.58,103536.6,101029.08,101010.55,101018.65,101014.38
17766.355629647,7669,101005.21,99230.25,100992.6,103530.77,101026.11,101009.49,101026.7,101017.35
17766.374594934,7670,101004.14,99240.41,100997.65,103532.59,101026.98,101006.54,101009.54,101022.4
17766.394990865,7671,101001.21,99231.29,101000.63,103531.85,101026.11,101005.48,101016.52,101018.39
17766.415659728,7672,100996.14,99244.44,100996.62,103530.77,101035.21,101010.55,101004.45,101019.42
17766.439869437,7673,100996.14,99240.41,100993.64,103530.77,101025.06,101015.62,101011.44,101020.33
17766.460446793,7674,101001.21,99232.33,100995.58,103513.66,101028.03,101006.54,101007.41,101016.32
17766.480877957,7675,101008.14,99234.29,100993.64,103528.59,101029.08,101002.52,101008.48,101018.39
17766.501541292,7676,101004.14,99239.37,100993.64,103525.67,101026.11,101009.49,101004.45,101016.32
17766.521943081,7677,100994.01,99230.25,100993.64,103530.77,101026.11,101018.58,101015.46,101027.44
17766.542545074,7678,101001.21,99240.41,101003.73,103523.84,101030.13,101003.58,101004.45,101026.41
17766.564324307,7679,101005.21,99223.22,101000.63,103526.76,101034.16,101010.55,101008.48,101018.39
17766.583655618,7680,101004.14,99232.33,100999.6,103514.75,101031.01,101011.61,101004.45,101016.32
17766.607478632,7681,101000.14,99228.29,101001.67,103522.75,101030.13,101010.55,100997.24,101017.35
17766.628492207,7682,101000.14,99223.22,100993.64,103523.84,101025.06,101018.58,101008.48,101018.39
17766.648905444,7683,101007.33,99247.44,101001.67,103524.58,101036.08,101014.57,101008.48,101021.37
17766.66955625,7684,101005.21,99240.41,101007.75,103522.75,101022.09,101013.51,100999.37,101022.4
17766.690270262,7685,101005.21,99240.41,100997.65,103523.84,101024.01,101015.62,101013.56,101027.44
17766.710635406,7686,100997.21,99246.53,100991.57,103530.77,101037.3,101010.55,101016.52,101020.46
17766.732430253,7687,101005.21,99240.41,100997.65,103534.77,101022.09,101010.55,100999.37,101013.34
17766.755358123,7688,101003.33,99241.45,100995.58,103530.77,101025.06,101010.55,101008.48,101018.39
17766.775432147,7689,101003.08,99240.41,101001.67,103528.59,101025.06,101018.58,101010.37,101017.35
17766.796445692,7690,100998.01,99234.29,101000.63,103523.84,101033.11,101015.62,101014.4,101022.4
17766.817166414,7691,100997.21,99232.33,100991.57,103528.94,101035.21,101025.55,101008.48,101018.39
17766.8375063,7692,100996.14,99240.41,101003.61,103530.77,101025.06,101010.55,101014.4,101017.35
17766.858050915,7693,100994.01,99240.41,101007.62,103533.68,101033.11,101012.67,101016.52,101017.35
17766.87865414,7694,100997.21,99240.41,101005.68,103530.77,101034.16,101013.51,101001.49,101017.35
17766.899260198,7695,100997.21,99236.37,100993.64,103522.75,101022.96,101011.61,101008.48,101016.32
17766.922795888,7696,100996.14,99244.44,101008.66,103524.58,101025.06,101010.55,101012.5,101016.32
17766.943452733,7697,101001.21,99240.41,101020.7,103523.84,101036.26,101017.52,101011.44,101017.35
17766.964472748,7698,101001.21,99241.45,100992.6,103524.93,101032.06,101015.62,101016.52,101015.41
17766.984593022,7699,100997.21,99240.41,100992.6,103515.83,101030.13,101002.52,101006.35,101026.41
17767.005592355,7700,101007.33,99240.41,100992.6,103522.75,101026.11,101010.55,101008.48,101020.46
17767.025689995,7701,101005.21,99244.44,100993.64,103530.77,101033.11,101009.49,101008.48,101022.4
17767.046629077,7702,100988.14,99239.37,101000.63,103526.76,101025.06,101016.46,101012.5,101014.38
17767.067878008,7703,101007.08,99231.29,100993.64,103523.84,101027.16,101005.48,101007.41,101016.32
17767.090820731,7704,101000.14,99236.37,100993.64,103522.75,101031.18,101025.55,101013.56,101020.33
17767.111423615,7705,100995.08,99240.41,100997.65,103525.67,101029.08,101011.61,101013.56,101025.38
17767.131880097,7706,101004.14,99236.37,100997.65,103530.77,101042.2,101013.51,101000.43,101012.31
17767.152552836,7707,100995.08,99236.37,101007.62,103514.75,101047.27,101010.55,101015.46,101016.32
17767.173095679,7708,100997.21,99240.41,100992.6,103531.85,101033.11,101009.49,101014.4,101012.31
17767.193840478,7709,101001.21,99240.41,100995.58,103511.83,101018.07,101014.57,101003.39,101017.35
17767.214920643,7710,101008.14,99240.41,100992.6,103520.58,101032.06,101002.52,101015.46,101026.41
17767.234926925,7711,101004.14,99243.4,100995.58,103528.59,101024.01,101009.49,101006.35,101014.38
17767.258837802,7712,100997.21,99243.4,101003.61,103514.75,101029.08,101014.57,101008.48,101014.38
17767.279434386,7713,101000.14,99248.48,100999.6,103531.85,101029.08,101013.51,101010.37,101021.37
17767.29995809,7714,101000.14,99246.4,100994.55,103531.85,101025.06,101018.58,101010.6,101026.41
17767.32057794,7715,100998.01,99238.32,101004.64,103523.84,101028.03,101012.67,101007.41,101024.34
17767.341003065,7716,101000.14,99240.41,100990.54,103531.85,101030.13,101014.57,101008.48,101025.38
17767.361524635,7717,101001.21,99240.41,100998.69,103520.58,101022.09,101024.71,101003.39,101022.4
17767.382065095,7718,100984.14,99240.41,100999.6,103515.83,101028.03,101010.55,101008.48,101026.41
17767.403154424,7719,101003.08,99248.48,100991.57,103532.94,101033.11,101008.44,101009.54,101018.39
17767.426825819,7720,101004.14,99240.41,100999.6,103522.75,101025.06,101024.49,101008.48,101017.35
17767.447524197,7721,100996.14,99248.48,100997.65,103520.58,101035.21,101012.67,101008.48,101025.38
17767.467889913,7722,101003.08,99238.32,101003.61,103510.74,101019.99,101016.68,101011.44,101018.39
17767.488555121,7723,100997.21,99239.37,100991.57,103522.75,101029.08,101016.68,101008.48,101014.38
17767.509157373,7724,101003.08,99248.48,100996.62,103531.85,101021.04,101014.57,101007.41,101016.32
17767.529733156,7725,100997.21,99240.41,100994.67,103524.93,101026.11,101010.55,101007.41,101030.42
17767.549995395,7726,101001.21,99238.32,100996.62,103512.92,101033.11,101010.55,101016.52,101026.41
17767.571059105,7727,100994.01,99243.4,100995.58,103520.93,101026.98,101010.55,101023.51,101018.39
17767.595205329,7728,100997.21,99242.36,100997.65,103524.93,101034.16,101020.7,101003.39,101013.34
17767.615586617,7729,101005.21,99247.44,101000.63,103530.77,101032.06,101010.55,101014.4,101016.32
17767.635959093,7730,101006.27,99240.41,100992.6,103518.75,101030.13,101010.55,101016.52,101017.35
17767.656576468,7731,101004.14,99248.48,101001.67,103522.75,101026.98,101018.58,101016.52,101016.32
17767.677011658,7732,101003.08,99246.4,100993.64,103518.75,101033.11,101014.57,101008.48,101028.35
17767.697607391,7733,100999.33,99248.48,100995.58,103522.75,101025.06,101009.49,101000.43,101018.39
17767.718013527,7734,101001.21,99244.44,100995.58,103512.57,101026.11,101005.48,101011.44,101019.42
17767.738841732,7735,100995.08,99230.25,100995.58,103523.84,101026.11,101010.55,101012.5,101021.37
17767.762842285,7736,100997.21,99240.41,101000.63,103530.77,101022.96,101010.55,101010.37,101024.34
17767.783499811,7737,101001.21,99235.33,100991.57,103522.75,101030.13,101010.55,101002.33,101017.35
17767.804344631,7738,100997.21,99235.33,101004.64,103522.75,101024.01,101002.52,101007.41,101024.34
17767.824566969,7739,101005.21,99244.44,101001.67,103523.84,101024.01,101007.6,101017.59,101020.33
17767.845146477,7740,100997.21,99248.48,100990.54,103522.75,101028.03,101010.55,101016.52,101019.42
17767.865683592,7741,100998.27,99239.37,100999.72,103533.68,101026.98,101010.55,101018.65,101019.42
17767.886255389,7742,101005.21,99239.37,101000.63,103524.58,101029.08,101014.57,101019.49,101018.39
17767.906974217,7743,101005.21,99232.33,100996.62,103510.74,101032.06,101014.57,101009.54,101014.38
17767.930520574,7744,101005.21,99244.44,101000.63,103530.77,101029.08,101010.55,101012.5,101017.35
17767.951492916,7745,100996.14,99235.33,100994.67,103522.75,101026.11,101009.49,101020.55,101026.41
17767.971932033,7746,100989.2,99232.33,101003.73,103506.74,101027.16,101007.6,101017.59,101026.41
17767.992601106,7747,101001.21,99244.44,101004.64,103526.02,101029.08,101013.51,101007.41,101016.45
17768.013134004,7748,100996.14,99242.36,100993.64,103519.84,101033.11,100998.51,101017.59,101022.4
17768.033590727,7749,100988.14,99244.44,100993.64,103532.94,101033.11,101018.58,101008.48,101017.35
17768.054227933,7750,101004.14,99240.41,101006.71,103520.93,101024.01,101006.54,101009.54,101017.35
17768.078412363,7751,101005.21,99238.32,101002.7,103510.74,101025.06,101016.68,101003.39,101017.35
17768.098466377,7752,100997.21,99244.44,100999.6,103526.02,101037.13,101018.58,101016.52,101018.39
17768.119536087,7753,101005.21,99239.37,100987.56,103511.83,101034.16,101004.42,101008.48,101011.4
17768.139938798,7754,101015.33,99249.52,100999.6,103529.68,101026.11,101014.57,101004.45,101019.42
17768.160564456,7755,101005.21,99248.48,100997.65,103536.95,101025.06,101005.48,101018.65,101027.44
17768.1810683,7756,100993.2,99239.37,100993.64,103520.58,101028.03,101009.49,101017.59,101020.33
17768.201665335,7757,100997.21,99232.33,100997.65,103531.85,101027.16,101020.7,101016.52,101010.37
17768.222251413,7758,100997.21,99246.4,100997.65,103527.85,101028.03,101014.57,101007.41,101018.39
17768.245870079,7759,101005.21,99256.55,101001.67,103532.94,101024.01,101010.55,101008.48,101021.37
17768.266519703,7760,101003.33,99241.45,100996.62,103536.95,101035.21,101001.47,101006.35,101016.32
17768.287545146,7761,101003.08,99244.44,101005.68,103531.85,101035.21,101009.49,101005.51,101017.35
17768.307531637,7762,101004.14,99239.37,100993.64,103535.86,101029.08,101008.65,101016.52,101027.44
17768.32853676,7763,100997.21,99244.44,100995.58,103528.94,101024.01,101015.62,101005.51,101020.33
17768.349869738,7764,100993.2,99240.41,100991.57,103528.94,101033.11,101006.54,101008.48,101017.35
17768.369621134,7765,101001.21,99258.64,100999.6,103524.93,101033.11,101004.64,101012.5,101022.4
17768.390168763,7766,101002.02,99244.44,100983.54,103524.93,101034.16,101026.61,101004.45,101030.42
17768.41386069,7767,101003.08,99257.6,100991.57,103529.68,101038.18,101015.62,101000.43,101018.39
17768.434549824,7768,100997.21,99241.45,100995.58,103536.95,101028.03,101010.55,101008.48,101016.32
17768.454994268,7769,100992.14,99240.41,100990.54,103523.84,101025.06,101010.55,101010.37,101018.39
17768.47561608,7770,101003.08,99245.48,100999.6,103538.77,101030.13,101010.55,101004.45,101016.45
17768.49601803,7771,100997.21,99247.44,100997.65,103526.02,101024.01,101011.61,101004.45,101022.4
17768.516702818,7772,100995.08,99239.37,101000.63,103523.84,101026.11,101018.58,101011.44,101016.32
17768.537645556,7773,101005.21,99240.41,101003.61,103532.94,101033.11,101006.54,101008.48,101022.4
17768.557662874,7774,101001.21,99235.33,101002.7,103536.95,101031.18,101016.68,101013.56,101002.34
17768.581847726,7775,101005.21,99242.49,100993.64,103523.84,101027.16,101016.68,101020.55,101018.39
17768.602564011,7776,101005.21,99244.44,101003.61,103532.94,101045.17,101026.61,101008.48,101017.35
17768.62291285,7777,100997.21,99240.41,100991.57,103536.95,101031.01,101016.68,101016.52,101016.45
17768.643521823,7778,101009.21,99246.4,100992.6,103524.93,101031.18,101010.55,101008.48,101025.38
17768.664512073,7779,101002.27,99240.41,100993.64,103532.94,101027.16,101006.54,101014.4,101021.37
17768.685195088,7780,100997.21,99236.37,100991.57,103528.94,101017.02,101018.58,101008.48,101019.42
17768.705156031,7781,100995.08,99248.48,100990.66,103524.93,101032.06,101008.44,101005.29,101018.39
17768.725703541,7782,101005.21,99248.48,100995.58,103532.94,101029.08,101010.55,101004.45,101021.49
17768.751035808,7783,100997.21,99232.33,101000.63,103532.94,101034.16,101005.48,101016.52,101022.4
17768.770491597,7784,101001.21,99248.48,100994.67,103528.94,101034.16,101025.55,101009.54,101023.43
17768.791045446,7785,100996.14,99244.44,101001.67,103526.76,101026.11,101007.6,101008.48,101025.38
17768.811551454,7786,101007.33,99249.52,100993.64,103531.85,101038.18,101019.64,101006.35,101016.32
17768.831989087,7787,100997.21,99240.41,100997.65,103530.77,101025.06,101006.54,101011.44,101022.4
17768.852660815,7788,101005.21,99247.44,100993.64,103535.86,101031.18,101010.55,101009.54,101024.34
17768.873155806,7789,100987.08,99245.48,101000.63,103540.95,101030.13,101006.54,101016.52,101022.4
17768.893731919,7790,101001.21,99240.41,101005.68,103532.94,101032.06,101002.52,101008.48,101024.34
17768.917875649,7791,101001.21,99248.48,100997.65,103532.94,101025.06,101010.55,101006.35,101026.41
17768.938474937,7792,101005.21,99243.4,101001.67,103532.59,101021.04,101009.49,101016.52,101018.39
17768.958964529,7793,100997.21,99250.56,100992.6,103528.94,101035.21,101010.55,101009.54,101026.41
17768.979592421,7794,100989.2,99244.44,100988.59,103531.85,101035.21,101007.6,101008.48,101018.39
17769.000087652,7795,101009.21,99244.44,100992.6,103520.58,101022.96,101018.58,101017.59,101024.34
17769.020629874,7796,100997.21,99240.41,101001.67,103530.77,101035.21,101010.55,101008.48,101017.35
17769.041207619,7797,101007.33,99249.52,100997.65,103530.77,101034.16,101015.62,101010.37,101026.41
17769.061743943,7798,101005.21,99240.41,101004.64,103540.95,101029.26,101009.49,101008.48,101014.38
17769.085901463,7799,101005.21,99249.52,101000.63,103540.95,101041.15,101012.67,101000.43,101018.39
17769.106540702,7800,100989.2,99235.33,101001.67,103525.67,101032.06,101010.55,101008.48,101026.41
17769.127081121,7801,100989.2,99240.41,100996.62,103531.85,101035.21,101006.54,101017.59,101020.46
17769.147671646,7802,101009.21,99249.52,101000.63,103524.93,101034.16,101018.58,101015.46,101026.41
17769.168178735,7803,101007.08,99249.52,100991.57,103532.94,101019.99,101018.58,101015.46,101019.42
17769.189391541,7804,101001.21,99244.44,100997.65,103535.86,101030.13,101026.61,101013.56,101018.39
17769.20915165,7805,100993.2,99246.4,101001.67,103538.77,101026.11,101026.61,101005.51,101014.38
17769.230192116,7806,101005.21,99240.41,100997.65,103532.94,101026.11,101009.49,101016.52,101016.32
17769.253549637,7807,101005.21,99244.44,101004.64,103540.95,101030.13,101010.55,101012.5,101018.39
17769.274557593,7808,100998.27,99248.48,100997.65,103532.94,101035.21,101012.67,101003.39,101018.39
17769.295160967,7809,101005.21,99247.44,101001.67,103532.94,101031.18,101026.61,101008.48,101011.4
17769.315778253,7810,101003.08,99249.52,101001.67,103536.95,101030.13,101016.68,101004.45,101018.39
17769.3361319,7811,100989.2,99246.53,100995.58,103532.94,101029.08,101010.55,101016.52,101034.43
17769.356684698,7812,100994.27,99248.48,100993.64,103524.93,101025.06,101027.67,101003.39,101014.38
17769.377044894,7813,101001.21,99246.4,101001.67,103536.95,101025.06,101010.55,101008.48,101015.41
17769.401469409,7814,101013.21,99240.41,101004.64,103531.85,101030.13,101012.67,101012.5,101021.37
17769.421486026,7815,100997.21,99244.44,100997.65,103536.95,101029.08,101016.46,101011.44,101024.34
17769.442521534,7816,101000.14,99252.52,100993.64,103522.75,101025.06,101018.58,101010.6,101024.47
17769.463012598,7817,100996.14,99241.45,100995.58,103536.95,101037.13,101012.67,101009.54,101013.47
17769.483726109,7818,101003.08,99248.48,100992.6,103532.94,101035.21,101018.58,101016.52,101022.4
17769.504142411,7819,100997.21,99237.41,100993.64,103532.94,101025.06,101016.46,101016.52,101018.39
17769.524747278,7820,100996.14,99243.4,100991.57,103532.94,101029.08,101015.62,100995.34,101009.33
17769.545205212,7821,101005.21,99253.56,100993.64,103527.85,101033.11,101012.67,101017.59,101016.32
17769.568872411,7822,100997.21,99250.56,100999.72,103535.86,101026.11,101001.47,101015.46,101028.48
17769.58949178,7823,100996.14,99254.6,101001.67,103532.94,101036.26,101018.58,101008.48,101015.41
17769.610626548,7824,101004.14,99256.55,100993.64,103539.86,101027.16,101018.58,101007.41,101022.4
17769.630569604,7825,100996.14,99252.52,100999.6,103540.95,101034.16,101007.6,101016.52,101014.38
17769.651616078,7826,100999.33,99249.52,100997.65,103522.75,101030.13,101016.68,101015.46,101011.4
17769.671630152,7827,101005.21,99248.48,101004.64,103531.85,101027.16,101011.61,101017.59,101019.42
17769.692995248,7828,101001.21,99248.48,100993.64,103529.68,101034.16,101016.68,101008.48,101019.42
17769.71279007,7829,101005.21,99252.52,100984.58,103535.86,101032.06,101018.58,101004.45,101018.39
17769.736879948,7830,101001.21,99248.48,101001.67,103539.86,101015.97,101014.57,101013.56,101009.33
17769.757539267,7831,100989.2,99257.6,100991.57,103540.95,101034.16,101014.57,101008.48,101018.39
17769.778006766,7832,100997.21,99248.48,101000.63,103531.85,101034.16,101018.58,101008.48,101016.32
17769.79858326,7833,100997.21,99245.48,101003.61,103532.94,101031.18,101018.58,101005.51,101002.34
17769.819754513,7834,101001.21,99247.44,101007.62,103540.95,101033.11,101006.54,101008.48,101018.39
17769.839732832,7835,101005.21,99248.48,101001.67,103531.85,101028.03,101002.52,101006.35,101008.3
17769.86087386,7836,100996.14,99250.56,101000.63,103540.95,101025.06,101020.7,101010.6,101023.43
17769.881015095,7837,100997.21,99247.44,101001.67,103523.84,101035.21,101007.6,101000.43,101026.41
17769.904872312,7838,100995.08,99248.48,101008.66,103539.86,101029.08,101028.72,101016.52,101016.45
17769.925540745,7839,100989.2,99260.59,100987.56,103524.93,101022.09,101010.55,101008.48,101016.32
17769.945942224,7840,100989.2,99240.41,101005.68,103530.77,101026.98,101018.58,101009.54,101010.37
17769.966642435,7841,101013.21,99244.44,101004.64,103532.94,101035.21,101009.49,101004.45,101018.39
17769.987040218,7842,101004.14,99244.44,101002.7,103534.03,101040.28,101005.48,101007.41,101025.38
17770.007821572,7843,101001.21,99240.41,100994.67,103536.95,101035.21,101010.55,101002.55,101022.4
17770.028492518,7844,100993.2,99248.48,100997.65,103532.94,101023.14,101006.54,101012.5,101027.44
17770.048733164,7845,101013.21,99247.44,100999.6,103531.85,101035.21,101017.52,101012.5,101020.46
17770.073302568,7846,101005.21,99248.48,101003.61,103532.94,101025.06,101019.64,101012.5,101015.41
17770.093533409,7847,100997.21,99256.55,101007.75,103539.86,101026.11,101000.41,101002.33,101027.44
17770.114029992,7848,101005.21,99257.6,101002.7,103531.85,101034.16,101006.54,101013.56,101019.42
17770.134587397,7849,100997.21,99246.53,101007.75,103535.86,101047.1,101009.49,101004.45,101015.41
17770.155137491,7850,101005.21,99245.48,101001.67,103531.85,101026.11,101026.61,101016.52,101019.42
17770.175694265,7851,101005.21,99256.55,100994.67,103535.86,101034.16,101005.7,101000.43,101016.32
17770.19615918,7852,101001.21,99244.44,100993.64,103535.86,101029.08,101008.65,101012.5,101026.41
17770.216788263,7853,101009.21,99244.44,101000.63,103538.77,101029.08,101016.46,101008.48,101002.34
17770.240904792,7854,100989.2,99244.44,100989.63,103539.86,101042.2,100999.35,101004.45,101018.39
17770.261527896,7855,101001.21,99239.37,100996.62,103531.85,101029.08,101002.52,101010.6,101023.43
17770.2819726,7856,101005.21,99252.52,101001.67,103532.94,101027.16,101010.55,101009.54,101019.42
17770.302581583,7857,100997.21,99256.55,101002.7,103536.95,101029.08,101006.54,101014.63,101025.38
17770.323114882,7858,100999.33,99246.4,100991.69,103539.86,101031.01,101002.52,101004.45,101030.42
17770.343705367,7859,101001.21,99248.48,101007.75,103535.86,101021.04,101015.62,101004.45,101014.38
17770.364199386,7860,101001.21,99246.4,100995.71,103540.95,101027.16,101012.45,101010.6,101022.4
17770.385302977,7861,100997.21,99248.48,100995.71,103540.95,101030.13,101010.55,101015.46,101017.35
17770.408916084,7862,100993.2,99256.55,101001.67,103538.77,101037.13,101012.67,101016.52,101018.39
17770.429591097,7863,101005.21,99248.48,101002.7,103540.95,101044.3,101009.49,101012.5,101011.4
17770.450031875,7864,101003.08,99239.37,100995.71,103532.94,101031.18,101010.55,101003.39,101018.39
17770.470615901,7865,100997.21,99256.55,100998.69,103535.86,101032.23,101013.51,101006.35,101018.39
17770.491295711,7866,101005.21,99252.52,100993.64,103536.95,101035.21,101018.58,101012.5,101026.41
17770.512114341,7867,101001.21,99252.52,100997.65,103534.77,101026.11,101026.61,101016.52,101018.39
17770.532498084,7868,100997.21,99249.39,101000.63,103536.95,101027.16,101009.49,101004.45,101022.4
17770.556478246,7869,100993.2,99248.48,100997.65,103540.95,101026.11,101006.54,101023.51,101025.38
17770.576919235,7870,100997.21,99242.36,100997.65,103536.95,101033.11,101010.55,101010.6,101020.46
17770.597548208,7871,100997.21,99248.48,100998.69,103540.95,101030.13,101022.59,101002.33,101014.38
17770.618125062,7872,101002.27,99252.52,101001.67,103540.95,101031.18,101010.55,101007.41,101011.4
17770.638761146,7873,100998.27,99254.6,101001.67,103534.03,101031.18,101000.41,101015.46,101017.35
17770.659211569,7874,100994.27,99252.52,101001.67,103540.95,101034.16,101012.67,101016.52,101018.39
17770.679806221,7875,101001.21,99247.44,101001.67,103540.95,101034.16,101004.64,101012.5,101025.38
17770.700204195,7876,101009.21,99246.4,101001.67,103539.86,101025.06,101014.57,101007.41,101020.46
17770.724490459,7877,101007.33,99256.55,100996.62,103548.96,101030.13,101010.55,101015.46,101020.46
17770.74452938,7878,101005.21,99248.48,100993.64,103552.97,101027.16,101004.64,101016.52,101014.38
17770.765580342,7879,101003.33,99248.48,101010.73,103543.13,101028.21,101010.55,101015.46,101025.38
17770.786103655,7880,100997.21,99243.4,100995.71,103539.86,101034.16,101009.49,101011.44,101022.4
17770.80679354,7881,101005.21,99256.55,101002.7,103543.13,101023.14,101006.54,101002.33,101027.44
17770.827238195,7882,101001.21,99255.51,100997.65,103534.77,101026.11,101002.52,101006.35,101018.39
17770.847721858,7883,101004.14,99258.51,101001.67,103534.77,101028.21,101016.68,101009.54,101018.39
17770.868291472,7884,101001.21,99248.48,101001.67,103540.95,101032.06,101018.58,101007.41,101018.39
17770.891901814,7885,101005.21,99252.52,100990.66,103532.94,101030.13,101018.58,101008.48,101026.41
17770.912512791,7886,101009.21,99255.51,101005.68,103536.95,101026.11,101013.51,101018.65,101022.4
17770.933622591,7887,100999.08,99256.55,100997.65,103531.85,101034.16,101012.67,101003.39,101023.43
17770.953611156,7888,100998.27,99238.32,100995.71,103540.95,101031.18,101014.57,100999.37,101026.41
17770.974602277,7889,101009.21,99246.4,100997.65,103536.95,101035.21,101009.49,101025.64,101017.35
17770.9947093,7890,100993.2,99256.55,101005.68,103546.78,101035.21,101010.55,101016.52,101020.33
17771.015735545,7891,100997.21,99258.64,100993.64,103548.96,101033.11,101027.67,101017.59,101014.38
17771.035887146,7892,101005.21,99244.44,100997.65,103543.87,101027.16,101032.74,101008.48,101026.41
17771.059904013,7893,101005.21,99257.6,101001.67,103536.95,101029.08,101005.48,101000.43,101023.43
17771.080577444,7894,101007.33,99250.56,100992.6,103539.86,101030.13,101007.6,101008.48,101019.42
17771.101088899,7895,101003.33,99251.48,101001.67,103540.95,101024.01,100998.51,101004.45,101014.38
17771.121806927,7896,100990.27,99248.48,101003.73,103536.95,101025.06,101011.61,101008.48,101028.48
17771.142634731,7897,100999.33,99254.6,100987.56,103535.86,101030.13,101011.61,101009.54,101028.48
17771.162732531,7898,101005.21,99256.55,100997.65,103539.86,101039.23,101018.58,101012.5,101013.34
17771.183698844,7899,101001.21,99252.52,101000.63,103539.86,101031.01,101009.71,101017.59,101020.46
17771.203777445,7900,100997.21,99248.48,100999.6,103536.95,101028.03,101009.49,101003.39,101010.37
17771.227919853,7901,101007.33,99247.44,101000.63,103548.96,101027.16,101011.61,101005.51,101022.4
17771.248520163,7902,100997.21,99257.6,100996.62,103538.77,101033.11,101008.44,101008.48,101026.41
17771.269013831,7903,101006.27,99262.67,100995.58,103535.86,101033.11,101002.52,101008.48,101022.4
17771.28969913,7904,101004.14,99242.49,100999.6,103540.95,101017.02,101022.59,101002.33,101023.43
17771.310180209,7905,101001.21,99245.48,100993.64,103540.95,101034.16,101008.44,101009.54,101013.34
17771.330689591,7906,100997.21,99254.6,101005.68,103543.87,101025.06,101011.61,101008.48,101023.43
17771.351136309,7907,101001.21,99239.37,100997.65,103539.86,101034.16,101013.51,101008.48,101016.32
17771.371781106,7908,100995.33,99257.6,100992.6,103540.95,101034.16,101016.68,101004.45,101031.46
17771.395921361,7909,101004.14,99252.52,101001.67,103539.86,101027.16,101010.55,101011.44,101010.37
17771.416580519,7910,100994.27,99248.48,100995.58,103543.13,101031.18,101014.57,101008.48,101022.4
17771.437259198,7911,101002.27,99248.48,100993.64,103535.86,101022.96,101008.65,101007.41,101018.39
17771.457692976,7912,101001.21,99251.6,101008.66,103547.87,101025.06,101010.55,101008.48,101010.37
17771.478109097,7913,101001.21,99248.48,100997.65,103540.95,101030.13,101010.55,101008.48,101023.43
17771.498702446,7914,101005.21,99257.6,100993.64,103540.95,101026.11,101018.58,101020.55,101019.42
17771.519166911,7915,101001.21,99255.51,100997.65,103536.95,101028.03,101013.51,101016.52,101021.37
17771.539742453,7916,101005.21,99249.52,100993.64,103538.77,101041.15,101009.49,101014.4,101021.37
17771.563920755,7917,100995.33,99248.48,101004.64,103540.95,101035.21,101010.55,101009.54,101009.33
17771.584539302,7918,101007.33,99256.55,100992.6,103536.95,101026.11,101015.62,101015.46,101017.35
17771.605078941,7919,101005.21,99247.57,100995.58,103540.95,101026.11,101015.62,101018.65,101026.41
17771.625788526,7920,101007.33,99248.48,100993.64,103540.95,101036.26,101011.61,101016.52,101018.39
17771.64625965,7921,101015.33,99246.53,100996.62,103535.86,101033.11,101011.61,101016.52,101021.37
17771.666700429,7922,101004.14,99261.63,101006.71,103540.95,101025.06,101010.55,101008.48,101019.42
17771.687214007,7923,100999.33,99257.6,100999.6,103544.96,101021.04,101002.52,101020.55,101020.46
17771.707823912,7924,101007.33,99261.63,101001.67,103540.95,101025.06,101012.67,101008.48,101012.31
17771.73198627,7925,101001.21,99256.55,100997.65,103539.86,101027.16,101023.65,101008.48,101020.33
17771.752607672,7926,100993.2,99252.52,100997.65,103539.86,101029.08,101012.67,101010.6,101026.41
17771.773814789,7927,100992.14,99265.67,101000.63,103535.86,101038.18,101001.47,101015.46,101027.44
17771.795201208,7928,101005.21,99251.48,100992.6,103539.86,101028.03,101017.74,101009.54,101019.42
17771.814258544,7929,100999.33,99252.52,100998.56,103532.94,101030.13,101015.62,101008.48,101010.37
17771.834848729,7930,100997.21,99252.52,100997.65,103539.86,101035.21,101016.46,101000.43,101026.41
17771.855253824,7931,101001.21,99260.59,100997.65,103532.94,101027.16,101018.58,101007.41,101014.38
17771.879490934,7932,100996.14,99250.56,100996.62,103531.85,101022.09,101012.67,101017.59,101017.35
17771.899598248,7933,100993.2,99261.63,101008.66,103542.04,101032.06,101006.54,101007.41,101010.37
17771.920643431,7934,100992.39,99247.44,101009.69,103532.94,101025.06,101006.54,101003.39,101013.34
17771.941108427,7935,101001.21,99255.51,101005.68,103542.04,101019.99,101002.52,101008.48,101020.46
17771.961821607,7936,100999.08,99252.52,101009.69,103540.95,101042.2,101020.7,101012.5,101015.41
17771.98324406,7937,101003.08,99248.48,100996.62,103540.95,101029.08,101017.52,101008.48,101027.44
17772.003189259,7938,101005.21,99256.55,100992.6,103536.95,101029.08,101014.57,101008.48,101026.41
17772.023251465,7939,100997.21,99249.52,100991.57,103538.04,101030.13,101008.44,101012.5,101022.4
17772.047511751,7940,100997.21,99247.44,100991.57,103536.95,101024.01,101002.52,101012.5,101024.47
17772.067597633,7941,100997.21,99249.52,101013.7,103540.95,101025.06,101002.52,101008.48,101013.34
17772.088630277,7942,101015.33,99254.47,100991.57,103540.95,101027.16,101010.55,101003.39,101016.32
17772.109294674,7943,101001.21,99256.55,100989.63,103540.95,101033.11,101005.48,101010.6,101014.38
17772.129922715,7944,100997.21,99255.51,100991.57,103544.96,101037.3,101012.45,101016.52,101010.37
17772.150165494,7945,101005.21,99248.48,101000.63,103540.95,101031.18,101009.49,101017.59,101014.38
17772.170748027,7946,101007.33,99249.52,101001.67,103540.95,101030.13,101019.64,101008.48,101021.37
17772.191183979,7947,101005.21,99253.56,100989.63,103537.69,101035.21,101002.52,101015.46,101016.45
17772.215530946,7948,100991.33,99258.64,100992.6,103536.95,101033.11,101006.54,101012.5,101022.4
17772.235547843,7949,100997.21,99244.44,101000.63,103531.85,101027.16,101010.55,101008.48,101019.42
17772.256676893,7950,101005.21,99256.55,101001.67,103536.95,101029.08,101006.54,101009.54,101019.42
17772.276678437,7951,101005.21,99256.55,100998.69,103536.95,101026.11,101011.61,101007.41,101018.39
17772.297675337,7952,101006.27,99247.44,101000.63,103540.95,101026.11,101010.55,101008.48,101027.44
17772.318168534,7953,101007.33,99253.56,100992.6,103523.84,101026.11,101001.47,101009.54,101029.51
17772.338798059,7954,101005.21,99257.6,100995.71,103535.86,101027.16,101005.48,101008.48,101010.37
17772.358880695,7955,100997.21,99258.64,100993.64,103532.94,101034.16,101014.57,101004.45,101019.42
17772.382945997,7956,100999.33,99258.64,100993.64,103536.95,101029.08,101014.57,101004.45,101032.49
17772.403563542,7957,101005.21,99256.55,101000.63,103540.95,101033.11,101009.49,101022.67,101014.38
17772.424004611,7958,101009.21,99257.6,100999.72,103523.84,101034.33,101009.49,101015.46,101017.35
17772.444674957,7959,101000.14,99258.64,101001.67,103535.86,101031.18,101014.57,101002.55,101028.48
17772.46808655,7960,100997.21,99248.48,100997.65,103536.95,101031.18,101014.57,101016.52,101015.41
17772.485740012,7961,100999.33,99252.52,100997.65,103536.95,101034.16,101003.58,101021.61,101022.4
17772.506775179,7962,101001.21,99256.55,101009.69,103539.86,101025.06,101026.61,101004.45,101020.46
17772.526928002,7963,101007.33,99260.59,100998.69,103534.03,101029.08,101016.68,101008.48,101026.41
17772.550952191,7964,101007.33,99256.55,100996.62,103536.95,101040.28,101015.62,101006.35,101020.46
17772.571565471,7965,100988.14,99249.52,100995.71,103536.95,101034.16,101019.64,101007.41,101019.42
17772.59209304,7966,101001.21,99244.44,100993.64,103542.04,101033.11,101018.58,101019.49,101018.39
17772.612654011,7967,101005.21,99257.6,100997.65,103539.86,101025.06,101006.54,101012.5,101014.38
17772.633109372,7968,101002.27,99248.48,101002.7,103532.94,101020.17,101009.49,101012.5,101018.39
17772.653798065,7969,100999.33,99250.56,101007.62,103540.95,101028.21,101020.7,101009.54,101020.46
17772.674246836,7970,100989.2,99258.64,101010.73,103524.93,101031.18,101010.77,101020.55,101010.37
17772.694901167,7971,101006.27,99258.64,100993.64,103536.95,101027.16,101029.56,101008.48,101023.43
17772.718994952,7972,101001.21,99258.64,100992.6,103536.95,101022.09,101010.55,101005.51,101027.44
17772.739661582,7973,101002.27,99256.55,101001.67,103524.93,101026.11,101014.57,101008.48,101018.39
17772.76044569,7974,100997.21,99256.55,100991.57,103538.04,101033.11,101006.54,101009.54,101015.41
17772.780740037,7975,101001.21,99254.6,100997.65,103524.93,101030.13,101017.52,101006.35,101019.42
17772.801419717,7976,100993.2,99252.52,101001.67,103531.85,101032.06,101016.68,101000.43,101024.47
17772.821900315,7977,100989.2,99248.48,100996.62,103524.93,101033.11,101010.55,101005.51,101016.32
17772.842259971,7978,100997.21,99262.67,100997.65,103532.94,101032.23,101018.58,101004.45,101028.48
17772.862795283,7979,100997.21,99250.56,101005.68,103544.96,101025.06,101010.55,101012.5,101026.41
17772.886959824,7980,100997.21,99256.55,100995.58,103544.96,101030.13,101011.61,101009.54,101011.4
17772.907817273,7981,100999.33,99252.52,100988.59,103546.05,101021.04,101025.55,101002.55,101018.51
17772.928052801,7982,100997.21,99258.64,100996.62,103535.86,101027.16,101018.58,101019.71,101029.51
17772.948638339,7983,101005.21,99266.71,101005.68,103538.77,101033.11,101006.54,101007.41,101019.42
17772.969324788,7984,101007.33,99254.6,100998.69,103530.03,101041.15,101010.55,101016.52,101026.41
17772.989823585,7985,101000.14,99256.55,100991.57,103524.93,101041.15,101019.64,101016.52,101028.48
17773.010336453,7986,101013.21,99249.52,101001.67,103526.02,101028.21,101010.55,101016.52,101026.41
17773.030865184,7987,100997.21,99257.6,100993.64,103532.94,101033.11,101014.57,101020.55,101019.42
17773.055003435,7988,100989.2,99257.6,101011.76,103532.94,101033.11,101014.57,101016.52,101022.4
17773.075637967,7989,100997.21,99248.48,100997.65,103536.95,101027.16,101014.57,101011.44,101014.38
17773.096055721,7990,101007.33,99248.48,100991.57,103524.93,101034.16,101027.67,100999.37,101019.42
17773.116709772,7991,101003.33,99256.55,101003.61,103524.93,101027.16,101019.64,101012.5,101018.39
17773.137201418,7992,101000.14,99249.52,100997.65,103531.12,101027.16,101014.57,101012.5,101028.48
17773.157833726,7993,100990.27,99246.53,101000.63,103530.03,101025.06,101011.61,101008.48,101006.36
17773.178230297,7994,101007.33,99256.55,100995.71,103528.94,101027.16,101013.51,101008.48,101022.4
17773.202553759,7995,100999.33,99249.52,100991.57,103528.94,101026.11,101024.49,101006.58,101028.48
17773.222992485,7996,101005.21,99265.67,100993.64,103526.02,101032.06,101015.62,101001.49,101028.48
17773.243627787,7997,101000.14,99262.67,100993.64,103532.94,101034.16,101006.54,101006.58,101018.39
17773.264144531,7998,101005.21,99252.52,100999.6,103532.94,101029.08,101012.45,101011.44,101030.55
17773.284702436,7999,100999.33,99256.55,100989.63,103527.11,101035.21,101012.67,101008.48,101022.4
17773.305125248,8000,101002.27,99258.64,100995.58,103539.13,101036.26,101018.58,101008.48,101025.38
17773.325790526,8001,100997.21,99251.6,101001.67,103523.84,101027.16,101018.58,101008.48,101014.38
17773.346277134,8002,101005.21,99246.53,100994.67,103523.84,101033.11,101015.62,101017.59,101024.47
17773.370539483,8003,101000.14,99254.6,101004.64,103524.93,101028.21,101008.44,101025.64,101017.35
17773.390642891,8004,100999.33,99254.6,100997.65,103523.84,101030.13,101010.55,101010.6,101010.37
17773.411680973,8005,100996.14,99250.56,100994.67,103519.84,101031.18,101016.68,101008.48,101014.38
17773.431776459,8006,101000.4,99258.64,101001.67,103524.93,101027.16,101026.61,100999.37,101018.39
17773.452658856,8007,100993.2,99260.59,100991.57,103520.93,101025.06,101027.67,101025.64,101010.37
17773.473141688,8008,101005.21,99256.55,100997.65,103536.95,101031.18,101010.55,101004.45,101026.41
17773.493757552,8009,100997.21,99256.55,100993.64,103524.93,101029.08,101010.55,101008.48,101028.48
17773.514223468,8010,100999.33,99264.63,100999.6,103524.93,101031.18,101009.49,101010.6,101011.4
17773.538586039,8011,101001.21,99252.52,100996.62,103512.92,101032.06,101014.57,101016.52,101017.35
17773.560015473,8012,100997.21,99254.6,100996.62,103516.92,101028.21,101019.64,101007.41,101020.46
17773.579631354,8013,101001.21,99256.55,100991.57,103532.94,101033.11,101006.54,101006.35,101018.39
17773.599678197,8014,100990.27,99258.64,101001.67,103516.92,101026.11,101022.59,101010.6,101016.45
17773.621289566,8015,101007.33,99257.6,100993.64,103520.93,101036.26,101005.48,101008.48,101003.38
17773.641327665,8016,100995.33,99250.56,101011.76,103522.02,101027.16,101011.61,101011.44,101018.39
17773.662436284,8017,101005.21,99256.55,100995.71,103532.94,101021.04,101007.6,101013.56,101023.43
17773.68237982,8018,101005.21,99261.63,100992.6,103516.92,101024.01,101014.57,101010.6,101019.42
17773.705973698,8019,101002.27,99252.52,100997.65,103519.84,101021.04,101018.58,101010.6,101035.47
17773.726602491,8020,100999.08,99248.48,100981.6,103515.83,101027.16,101017.52,101000.43,101023.43
17773.747072634,8021,100989.2,99247.44,100992.6,103520.93,101030.13,101012.67,101016.52,101012.43
17773.767634506,8022,100999.33,99265.67,100992.6,103512.92,101025.06,101008.65,101002.55,101026.41
17773.78879958,8023,100996.14,99265.67,101001.67,103523.84,101025.06,101014.57,101009.54,101014.38
17773.808792632,8024,100993.2,99262.67,101001.67,103522.75,101027.16,101011.61,101016.52,101018.39
17773.829775259,8025,101005.21,99267.75,100991.57,103522.75,101023.14,101011.61,101009.54,101018.39
17773.85038952,8026,101009.21,99260.59,100997.65,103515.83,101025.06,101014.57,101008.48,101026.41
17773.873994215,8027,100991.33,99258.64,100992.6,103524.93,101025.06,101008.65,101012.5,101026.41
17773.894714426,8028,101001.21,99257.6,100996.62,103515.83,101030.13,101010.55,101008.48,101015.41
17773.915102174,8029,100998.27,99255.51,100997.65,103534.03,101035.21,101019.64,101001.49,101022.4
17773.935664937,8030,101001.21,99258.64,101000.63,103514.75,101032.06,101006.54,101000.43,101012.43
17773.956124444,8031,101006.27,99261.63,100993.64,103524.93,101030.13,101014.57,101008.48,101014.38
17773.97679437,8032,100995.08,99255.51,100994.67,103523.84,101025.06,101016.46,101010.6,101018.39
17773.997755025,8033,100997.21,99249.52,101005.68,103531.85,101023.14,101005.48,101006.35,101012.43
17774.017994669,8034,101005.21,99256.55,100994.67,103521.67,101026.11,101011.61,101004.45,101008.3
17774.042011667,8035,100997.21,99258.64,100995.58,103524.93,101029.08,101007.6,101008.48,101022.52
17774.062654431,8036,101004.14,99256.55,100993.64,103534.77,101025.06,101003.58,101004.45,101018.39
17774.083118024,8037,101000.4,99249.52,100993.64,103530.77,101027.16,101010.55,101013.56,101019.42
17774.103756842,8038,101005.21,99262.67,100985.61,103530.77,101022.09,101010.55,101004.45,101014.38
17774.124232523,8039,100989.2,99260.59,100999.72,103523.84,101022.09,101010.55,101004.45,101020.46
17774.14492332,8040,100993.2,99256.55,100997.65,103534.77,101036.26,101006.54,101016.52,101018.39
17774.165316206,8041,100997.21,99265.67,100988.59,103534.77,101025.06,101010.55,101020.55,101019.42
17774.185857187,8042,101006.27,99257.6,100997.65,103534.77,101038.18,101021.75,101017.59,101023.43
17774.210025092,8043,100988.14,99257.6,100997.65,103531.85,101026.11,101003.58,101004.45,101010.37
17774.230700616,8044,101004.14,99255.51,100999.6,103513.66,101030.13,101008.44,101006.35,101014.38
17774.251071089,8045,100997.21,99260.59,100992.6,103524.93,101027.16,101015.62,101007.41,101011.4
17774.271856649,8046,100997.21,99249.52,101011.76,103522.75,101025.06,101026.61,101014.63,101017.35
17774.292812767,8047,101007.33,99242.36,100991.69,103532.94,101022.09,101009.49,101012.5,101010.37
17774.312875273,8048,100999.33,99256.55,100993.64,103522.75,101027.16,101010.55,101018.65,101009.33
17774.334318478,8049,100998.27,99256.55,101001.67,103542.78,101030.13,101008.44,101006.35,101014.38
17774.357555897,8050,100990.27,99254.6,100997.65,103531.85,101026.11,101010.55,101004.45,101022.4
17774.378054012,8051,101001.21,99255.51,100996.62,103526.76,101030.13,101010.55,100998.3,101011.4
17774.398827794,8052,100984.14,99248.48,100993.64,103514.75,101036.26,101002.52,101008.48,101025.38
17774.419170314,8053,101005.21,99253.56,100997.65,103523.84,101022.96,101010.55,101001.49,101014.38
17774.439749592,8054,101006.27,99264.63,100997.65,103522.75,101027.16,101010.55,101010.6,101015.41
17774.461296344,8055,100997.21,99260.59,100993.64,103539.86,101031.18,101011.61,101012.5,101021.37
17774.480797221,8056,101001.21,99256.55,101007.75,103531.85,101031.18,101005.48,101016.52,101010.37
17774.501648651,8057,101005.21,99256.55,101005.68,103530.77,101022.09,101006.76,101010.6,101003.38
17774.525576694,8058,101003.33,99264.63,100998.69,103535.86,101033.11,101011.61,101008.48,101012.31
17774.546071504,8059,101005.21,99255.51,100993.64,103540.95,101043.25,101000.41,101006.35,101025.38
17774.566679405,8060,101004.14,99263.59,100997.65,103535.86,101015.09,101004.64,101008.48,101002.34
17774.587136819,8061,100989.2,99256.55,100993.64,103530.77,101025.06,101002.52,101002.33,101015.41
17774.608060538,8062,100997.21,99256.55,100997.65,103535.86,101010.02,101000.41,101006.35,101011.4
17774.628220882,8063,101005.21,99256.55,101003.73,103525.67,101019.99,101001.47,101002.33,101006.36
17774.649052132,8064,101003.08,99253.56,100997.65,103536.95,101019.12,101003.58,101005.51,101002.34
17774.669437997,8065,101007.08,99273.74,100993.64,103538.77,101027.16,101014.57,101010.37,101016.45
17774.69359009,8066,101001.21,99263.59,100993.64,103523.84,101015.09,101002.52,101008.48,101015.41
17774.714050778,8067,101007.33,99264.63,100997.65,103539.86,101022.09,100997.45,101004.45,101010.37
17774.734643657,8068,100997.21,99256.55,100993.64,103531.85,101018.07,101010.55,101017.59,101014.38
17774.754722528,8069,101001.21,99256.55,101003.61,103530.77,101018.07,101010.55,101008.48,101016.45
17774.775679007,8070,101002.27,99259.55,100999.72,103538.77,101024.01,101014.57,101004.45,101018.39
17774.796206537,8071,101005.21,99252.52,100993.64,103547.87,101025.06,101001.47,101016.52,101010.37
17774.816950473,8072,101001.21,99264.63,100995.58,103515.83,101019.12,101019.64,100999.37,101002.34
17774.837265392,8073,101004.4,99256.55,100991.57,103535.86,101014.04,101002.52,101012.5,101004.29
17774.86160006,8074,100989.2,99247.44,100995.58,103534.77,101025.06,101002.52,101017.59,101014.38
17774.881619171,8075,100997.21,99259.55,101001.67,103530.77,101021.04,101010.55,101016.52,101016.45
17774.902656031,8076,100987.08,99256.55,100992.6,103536.95,101014.92,101002.52,101016.52,101018.39
17774.922726219,8077,100999.33,99256.55,100992.6,103522.75,101019.12,101002.52,101002.55,101014.38
17774.943765723,8078,100997.21,99252.52,100997.65,103526.76,101026.11,101007.6,101007.41,101015.41
17774.964351411,8079,101005.21,99254.6,100993.64,103538.77,101034.16,101018.58,101000.43,101011.4
17774.984903188,8080,101006.27,99255.51,100991.57,103534.77,101021.04,101001.47,101000.43,101017.35
17775.005309384,8081,101009.21,99249.52,101010.73,103532.94,101019.12,101008.44,101008.48,101010.37
17775.02902747,8082,100993.2,99250.44,101001.67,103536.95,101012.99,101010.55,101004.45,101015.29
17775.05052747,8083,101007.33,99256.55,101003.61,103539.86,101024.01,101015.62,101007.41,101006.36
17775.070122149,8084,101006.27,99251.48,100993.64,103536.95,101025.06,101006.54,100994.28,101017.35
17775.090711443,8085,100997.21,99246.4,100996.62,103532.59,101025.06,101002.52,101000.43,101010.37
17775.112037009,8086,100999.33,99255.51,100999.72,103534.77,101026.11,100998.51,101008.48,101014.38
17775.131881175,8087,100998.27,99246.4,100997.65,103535.86,101024.01,101002.52,101008.48,101018.39
17775.15288111,8088,101001.21,99255.51,101005.68,103529.68,101031.01,101006.54,101006.35,101013.34
17775.172909354,8089,100988.14,99255.51,100993.64,103531.85,101027.16,101009.49,101008.48,101023.43
17775.198088731,8090,100992.14,99247.44,100997.65,103539.86,101017.02,101008.44,101007.41,101007.26
17775.217642067,8091,101006.27,99249.52,100992.6,103538.77,101018.07,101009.49,101007.41,101017.35
17775.238110197,8092,100999.08,99260.59,100993.64,103532.94,101019.12,101003.58,101016.52,101014.38
17775.258723707,8093,101001.21,99259.55,100993.64,103531.85,101018.07,101006.54,101004.45,101018.39
17775.279179498,8094,101001.21,99256.55,100992.6,103535.86,101021.04,101005.48,101007.41,101010.37
17775.300372775,8095,100988.14,99251.48,100996.62,103534.77,101018.07,101002.52,101011.44,100994.32
17775.320264243,8096,100998.27,99254.47,100989.63,103534.77,101026.11,101004.42,101006.35,101009.33
17775.340883901,8097,100988.14,99256.55,100987.56,103542.78,101025.06,101001.47,101009.54,101004.29
17775.365044937,8098,101006.27,99252.52,100996.62,103532.59,101021.04,101005.48,101007.41,101017.35
17775.385810688,8099,101005.21,99264.63,101001.67,103555.88,101025.06,101001.47,101004.45,101011.4
17775.40614179,8100,100993.2,99256.55,101001.67,103546.78,101025.06,101008.44,101001.49,101003.38
17775.426814149,8101,101005.21,99258.51,100997.65,103530.77,101025.06,101006.54,101007.41,101015.41
17775.447232313,8102,101001.46,99248.48,101010.73,103543.87,101027.16,101006.54,101007.41,101008.3
17775.467882919,8103,100997.21,99247.44,100993.64,103514.75,101021.04,101013.51,101006.35,101018.39
17775.488348135,8104,100997.21,99256.55,100992.6,103534.77,101027.16,101012.45,101006.35,101009.33
17775.509154627,8105,101005.21,99256.55,101001.67,103539.86,101025.06,100997.45,101014.4,101011.4
17775.533046265,8106,100993.2,99253.43,100993.64,103537.69,101022.09,101011.61,101007.41,101015.41
17775.553720957,8107,100997.21,99251.48,100993.64,103537.69,101026.11,101010.55,101008.48,101014.38
17775.574202387,8108,101006.27,99260.59,100998.69,103534.77,101024.01,101012.45,101000.43,101017.35
17775.594691539,8109,100997.21,99254.47,101002.7,103534.77,101019.12,101001.47,101000.43,101002.34
17775.615416107,8110,100997.21,99254.47,101001.67,103529.68,101022.09,100996.39,100996.4,101006.36
17775.636021154,8111,100997.21,99259.55,100997.65,103534.77,101027.16,100994.5,101000.43,101004.29
17775.656362793,8112,100997.21,99251.48,100989.63,103531.85,101025.06,101008.44,101011.44,101006.36
17775.680589999,8113,100996.14,99246.4,100994.67,103538.77,101022.09,101000.41,101007.41,101018.39
17775.701077929,8114,101005.21,99254.47,101001.67,103529.68,101017.02,101009.49,101000.43,101010.37
17775.721703467,8115,101005.21,99256.55,100995.58,103538.77,101022.09,101001.47,100999.37,101010.37
17775.74216061,8116,101005.21,99252.52,100997.65,103536.6,101033.11,101006.54,101008.48,101007.39
17775.762925899,8117,100998.27,99267.63,100998.69,103537.69,101026.11,101005.48,101004.45,101013.34
17775.783205845,8118,101001.21,99255.51,100997.65,103531.85,101025.06,101014.57,101016.52,101010.37
17775.803836871,8119,100992.14,99261.63,100987.56,103521.67,101026.11,101009.49,101008.48,101012.31
17775.82429125,8120,100995.33,99257.6,100996.62,103536.6,101015.97,101008.65,100999.37,101001.31
17775.848606699,8121,100989.2,99254.47,101000.63,103554.79,101025.06,101010.55,101004.45,101002.34
17775.869089451,8122,101006.27,99251.48,101001.67,103540.95,101025.06,101002.52,101008.48,101008.3
17775.889729311,8123,100993.2,99250.44,101001.67,103532.59,101024.01,100998.51,101014.4,101010.37
17775.910208799,8124,101005.21,99252.52,100997.65,103539.86,101017.02,101010.55,101015.46,101018.39
17775.931068611,8125,101002.27,99256.55,101000.63,103530.77,101026.11,101006.54,101004.45,101009.33
17775.951271029,8126,101005.21,99264.63,100995.58,103538.77,101026.11,100998.51,100998.3,101014.38
17775.9718393,8127,101001.21,99255.51,100991.57,103535.86,101021.04,100999.35,101006.35,101010.37
17775.992284796,8128,101001.21,99263.59,100991.57,103538.77,101017.02,101004.42,101014.4,101004.41
17776.016627637,8129,101001.21,99259.55,101008.66,103538.77,101021.04,101004.42,101005.29,101015.41
17776.037074615,8130,100989.2,99256.55,100995.71,103526.76,101028.03,101001.47,101000.43,101000.28
17776.057721445,8131,101001.21,99256.55,100993.64,103530.77,101025.06,101003.58,101010.37,101002.34
17776.078188303,8132,101005.21,99244.44,100995.58,103537.69,101025.06,101014.57,101022.45,101014.38
17776.098813481,8133,100997.21,99247.44,100993.64,103534.77,101024.19,100992.38,101006.35,101006.36
17776.119230553,8134,100991.33,99262.55,101011.64,103534.77,101021.04,101004.64,101008.25,101010.37
17776.139975782,8135,100989.2,99251.48,100989.63,103531.85,101017.02,101000.41,101012.5,101018.39
17776.160413266,8136,101001.21,99252.52,100992.6,103539.86,101022.09,101000.41,101007.41,100998.33
17776.184613391,8137,100992.14,99248.48,101000.63,103532.59,101030.13,101001.47,101007.41,101017.35
17776.204642327,8138,101005.21,99254.47,100997.65,103532.94,101022.09,101008.44,101002.33,101012.43
17776.22568765,8139,100993.2,99256.55,100992.6,103525.67,101020.17,100999.57,100997.24,101014.38
17776.245756245,8140,100999.08,99257.6,101002.7,103537.69,101019.99,101006.54,101008.48,101015.41
17776.266751632,8141,100997.21,99248.48,100995.71,103538.77,101030.13,101005.48,101007.41,101018.39
17776.287233383,8142,100997.21,99258.51,100993.64,103534.77,101025.06,101018.58,101008.48,101014.38
17776.307860614,8143,101004.14,99260.59,101001.67,103530.77,101022.09,101002.52,101005.29,101014.38
17776.328294642,8144,100993.2,99251.48,100993.64,103528.59,101017.02,100997.45,101018.42,101001.31
17776.35208003,8145,100993.2,99266.58,100992.6,103538.77,101026.11,101010.55,101011.44,101018.39
17776.372690305,8146,100989.2,99262.55,100994.67,103537.69,101026.11,101016.68,101024.57,101002.34
17776.393172496,8147,100999.33,99263.59,101001.67,103537.69,101018.07,101002.52,101002.33,101000.28
17776.413738704,8148,100997.21,99255.51,100993.64,103530.77,101025.06,101004.42,101014.4,101012.31
17776.434770447,8149,100997.21,99261.63,100984.58,103530.77,101028.21,101014.57,101007.41,101011.4
17776.454948598,8150,101003.33,99262.55,100992.6,103536.6,101017.02,101009.49,101006.35,101009.33
17776.47593347,8151,100991.33,99250.44,100988.59,103532.59,101033.11,101009.49,101006.35,101017.35
17776.495859249,8152,101003.08,99255.51,100992.6,103530.77,101023.14,101001.47,100997.24,101004.29
17776.520062309,8153,100996.14,99248.35,100997.65,103537.69,101026.11,100998.51,101015.46,101008.42
17776.54067695,8154,100997.21,99263.59,101011.76,103536.6,101030.13,101006.54,101007.41,101021.37
17776.561193373,8155,101001.21,99254.47,101001.67,103536.6,101026.11,101004.42,101002.33,101011.28
17776.581788295,8156,101001.21,99255.51,100993.64,103540.6,101025.06,101002.52,101010.37,101000.28
17776.602263425,8157,101000.14,99252.52,100996.62,103536.6,101022.96,101002.52,101008.48,101016.32
17776.62287355,8158,101005.21,99260.59,100991.57,103530.77,101021.04,101000.41,101008.48,101004.29
17776.643880876,8159,101001.21,99263.59,101002.7,103543.87,101025.06,101010.55,101008.48,101012.43
17776.663954579,8160,100993.2,99252.52,100995.58,103536.6,101029.08,101009.49,101008.48,101009.33
17776.688089365,8161,101000.14,99256.55,101001.67,103540.6,101025.06,101010.55,101006.35,100998.33
17776.708730386,8162,100999.33,99263.59,100999.72,103533.68,101022.09,101009.49,101016.52,100999.24
17776.729219048,8163,100997.21,99254.47,100991.57,103538.42,101025.06,101002.52,101018.42,101001.31
17776.749844225,8164,101005.21,99251.48,100996.62,103539.86,101017.02,101000.41,101005.51,101014.38
17776.770252044,8165,100989.2,99268.67,100995.58,103537.69,101033.11,101004.42,101009.54,101008.3
17776.790847637,8166,100996.14,99250.44,100993.64,103533.68,101024.01,101010.55,100998.3,101002.34
17776.813289632,8167,101009.21,99257.6,100997.65,103538.77,101012.99,101008.44,101006.35,100994.32
17776.831894373,8168,101001.21,99272.7,101006.59,103538.77,101018.07,101010.55,101000.43,101010.37
17776.856081559,8169,100998.27,99252.52,100992.6,103539.86,101027.16,101008.44,101014.4,101005.32
17776.876721829,8170,101006.27,99252.52,100993.64,103531.85,101017.02,101000.41,101003.39,101010.37
17776.897161376,8171,100999.33,99251.48,100997.65,103539.86,101025.06,101007.38,101009.54,101014.38
17776.917910471,8172,101005.21,99262.55,100996.62,103532.59,101026.11,101000.41,100997.47,101008.3
17776.938315355,8173,101009.21,99256.55,100993.64,103535.86,101018.07,101018.58,101011.44,101000.28
17776.959192804,8174,100995.33,99252.52,100992.6,103536.6,101021.04,101014.57,101003.39,101010.37
17776.980495347,8175,101001.21,99258.51,101001.67,103539.86,101021.04,101005.48,101003.39,101011.4
17777.003680336,8176,101001.21,99254.47,100993.64,103539.86,101019.99,101005.48,101008.48,101006.36
17777.024075215,8177,100997.21,99254.47,100992.6,103550.79,101021.04,101012.45,101006.35,101018.39
17777.045283154,8178,101001.21,99254.47,100997.65,103527.5,101024.01,101000.41,100999.37,101009.33
17777.065365671,8179,100997.21,99247.44,100991.57,103532.59,101027.16,101004.42,101002.33,101003.38
17777.085982075,8180,101005.21,99255.51,101003.61,103551.88,101022.96,101005.48,101008.48,100998.33
17777.10632101,8181,101005.21,99260.59,100991.57,103540.6,101017.02,101008.44,101006.35,101010.37
17777.126922892,8182,101005.21,99267.63,101001.67,103534.77,101021.04,101013.51,101014.4,101022.4
17777.147341256,8183,100998.27,99264.63,100991.57,103536.6,101017.02,101000.41,101015.46,101000.28
17777.171663827,8184,100997.21,99260.59,100996.62,103532.59,101018.07,101003.36,101006.35,101008.3
17777.192108982,8185,101004.14,99252.52,100999.6,103535.51,101015.97,101000.41,101006.35,101018.39
17777.212693157,8186,100996.14,99251.48,100991.57,103531.85,101018.07,101004.42,101002.33,101000.28
17777.233190852,8187,101001.21,99255.51,100994.67,103537.69,101027.16,101005.48,101012.5,101012.31
17777.253820917,8188,101005.21,99256.55,100992.6,103536.6,101018.07,101010.55,101017.59,101006.36
17777.274354556,8189,100997.21,99256.55,100997.65,103540.6,101018.94,101001.47,101008.48,101018.39
17777.294900083,8190,100997.21,99266.58,101002.7,103554.79,101022.96,101005.48,101008.48,101004.41
17777.315316354,8191,100997.21,99252.52,100996.62,103533.68,101018.07,101010.55,101002.33,101015.41
17777.339673507,8192,101000.14,99259.55,100995.58,103536.6,101007.92,101008.44,101003.39,101024.34
17777.360113084,8193,101005.21,99263.59,101005.68,103538.77,101019.99,101009.49,101012.5,101011.4
17777.380719042,8194,101006.27,99255.51,100997.65,103540.6,101032.06,101004.42,101015.46,101010.37
17777.400842901,8195,101001.21,99271.66,100993.64,103532.59,101014.92,101006.54,101006.35,101014.38
17777.421780742,8196,101005.21,99259.55,101001.67,103532.59,101026.11,101000.41,101002.33,101009.33
17777.442196222,8197,100997.21,99246.4,100995.58,103536.6,101022.09,101006.54,101008.48,101010.37
17777.462842562,8198,101001.21,99259.55,100999.6,103538.77,101015.97,101002.52,101003.39,101019.42
17777.483390903,8199,100996.14,99252.52,100994.55,103536.6,101025.06,101002.52,101016.52,101002.34
17777.507646932,8200,101001.21,99254.47,101005.68,103536.6,101025.06,101006.54,101007.41,101010.37
17777.527684972,8201,100999.33,99255.51,100997.65,103538.77,101022.96,101002.52,101014.4,101013.34
17777.548730145,8202,101003.33,99254.47,101004.64,103546.78,101022.09,100992.38,101014.4,101010.37
17777.568819942,8203,101005.21,99255.51,100991.57,103536.6,101030.13,101004.64,101006.35,101018.39
17777.589812846,8204,100990.27,99260.46,100997.65,103537.69,101023.14,101009.49,101007.41,101003.38
17777.609898698,8205,101005.21,99258.51,101001.67,103532.59,101019.12,101000.41,100999.37,101015.41
17777.630935868,8206,100999.33,99263.59,100993.64,103540.6,101017.02,101000.41,101007.41,101014.38
17777.651436037,8207,101001.21,99254.47,100992.6,103541.69,101025.06,101004.42,101003.39,101018.39
17777.675164919,8208,101009.21,99259.55,101004.64,103547.52,101026.11,101015.62,101006.35,101010.37
17777.695755714,8209,101001.21,99258.51,100997.65,103543.52,101026.11,101005.48,101004.45,101013.34
17777.716750821,8210,101002.27,99260.59,101004.64,103540.6,101029.08,101000.41,101004.45,101010.37
17777.736777293,8211,101001.21,99263.59,100993.64,103532.59,101026.11,101004.42,101005.29,101000.28
17777.757806943,8212,101000.4,99255.51,100999.72,103549.7,101019.12,101004.42,101005.51,101008.3
17777.777891903,8213,101001.21,99258.51,100991.57,103535.51,101024.01,100998.29,101006.35,100991.22
17777.799029957,8214,100996.14,99253.43,101005.68,103533.68,101022.09,101006.54,101008.48,101014.38
17777.81905716,8215,100998.27,99263.59,100992.6,103538.77,101022.96,101008.44,101004.45,101012.31
17777.843124203,8216,100997.21,99260.59,101000.63,103537.69,101021.04,101000.41,101008.48,100999.37
17777.863735279,8217,100996.14,99255.51,100997.65,103544.61,101019.12,101014.57,101008.48,101016.32
17777.884181376,8218,100996.14,99262.55,100999.6,103551.53,101018.94,101001.47,101000.43,101021.37
17777.904771551,8219,100997.21,99256.55,101000.63,103554.79,101032.06,100995.34,101014.4,101016.32
17777.925217457,8220,101003.33,99254.47,101009.69,103548.61,101017.02,101000.41,101007.41,101006.36
17777.945924017,8221,100993.2,99260.59,100991.57,103548.61,101011.94,101008.44,101015.46,101009.33
17777.966927016,8222,100996.14,99257.47,101000.63,103544.61,101014.92,101008.44,101002.33,101012.31
17777.986929742,8223,100997.21,99255.51,101000.63,103540.95,101025.06,101009.49,101003.39,101001.31
17778.011099942,8224,100997.21,99262.55,100991.57,103532.59,101021.04,101004.42,101010.37,101013.34
17778.031756688,8225,101001.21,99255.51,100999.6,103532.59,101028.03,101000.41,101002.33,101012.31
17778.052221662,8226,101003.33,99254.47,100997.65,103543.52,101019.99,101000.41,101010.37,101018.39
17778.072897677,8227,100997.21,99258.51,100993.64,103542.78,101024.01,101004.42,101009.54,101013.34
17778.09339405,8228,101006.27,99256.55,100994.67,103541.69,101025.06,101008.44,101002.33,101018.39
17778.113975801,8229,101003.33,99255.51,100992.6,103539.86,101028.03,101009.49,101010.37,101007.39
17778.134351882,8230,100997.21,99262.55,100991.57,103537.69,101021.04,101000.41,101008.48,101010.37
17778.154939894,8231,101005.21,99256.55,101003.61,103554.79,101028.03,101004.42,101000.43,101007.26
17778.17910812,8232,101000.14,99255.51,101009.69,103544.61,101026.11,101003.36,101008.48,101005.32
17778.199768952,8233,100999.08,99262.55,100995.58,103534.77,101026.11,101008.44,101002.33,101010.37
17778.22026255,8234,101007.33,99258.51,101000.63,103548.61,101014.92,101005.48,101012.5,101001.31
17778.240805964,8235,100988.14,99247.44,100991.57,103544.61,101019.12,101004.42,101015.46,101008.3
17778.261319002,8236,101001.21,99250.44,100987.56,103548.61,101022.96,101008.44,101014.4,101003.25
17778.281957219,8237,100997.21,99260.59,100985.49,103553.7,101022.09,100996.39,101009.54,101013.34
17778.30240609,8238,101001.21,99266.58,100987.56,103541.69,101010.02,100998.29,101006.35,101010.37
17778.326666266,8239,100997.21,99253.43,100999.6,103544.61,101026.11,101005.48,100998.3,101010.37
17778.34713717,8240,100997.21,99270.62,100991.57,103550.79,101027.16,101010.55,101014.4,101013.34
17778.367740725,8241,100997.21,99263.59,101000.63,103548.61,101024.01,101010.55,101011.44,101017.35
17778.388307985,8242,101000.14,99251.48,101001.67,103542.43,101014.92,101001.47,101006.35,101011.4
17778.408818899,8243,100997.21,99263.59,101001.67,103536.6,101022.09,101013.51,101008.48,101009.33
17778.429350705,8244,101007.33,99255.51,100999.6,103536.6,101025.06,101005.48,100999.37,101010.37
17778.450044497,8245,100988.14,99246.4,100992.6,103536.6,101024.01,101009.49,101016.52,101001.31
17778.470341808,8246,100997.21,99255.51,101002.7,103542.78,101026.11,101010.55,100998.3,101010.37
17778.494683738,8247,100991.33,99255.51,100989.63,103537.69,101018.07,101014.57,101004.45,101001.31
17778.515165458,8248,101001.21,99263.59,101008.66,103552.62,101025.06,101005.48,101022.45,101010.37
17778.535723875,8249,101001.21,99256.55,101000.63,103547.87,101017.02,100997.45,101002.33,101013.34
17778.55623493,8250,100998.27,99263.59,100991.57,103539.51,101021.04,101005.48,101004.23,101007.26
17778.576820678,8251,101005.21,99263.59,100995.58,103536.6,101025.06,101003.36,101016.52,101008.3
17778.597366916,8252,101013.21,99254.47,100993.64,103541.69,101018.07,101004.42,101011.44,100998.33
17778.618068609,8253,101001.21,99251.48,100993.64,103544.61,101022.09,101009.49,101014.4,101018.39
17778.638733377,8254,100998.27,99255.51,101005.68,103540.6,101022.96,101012.45,101005.29,101006.36
17778.662722462,8255,101005.21,99253.43,100995.58,103538.77,101015.97,101017.52,101014.4,101002.34
17778.682782284,8256,100997.21,99258.51,100999.6,103538.77,101022.09,101004.42,101008.48,101000.28
17778.703778583,8257,100997.21,99255.51,100995.58,103548.61,101019.99,101002.52,101008.48,101009.33
17778.72386112,8258,100997.21,99256.43,100999.6,103538.77,101028.21,101018.58,101003.39,101008.3
17778.744779161,8259,101005.21,99256.55,100996.62,103539.51,101021.04,101009.49,101014.4,101010.37
17778.765337787,8260,100997.21,99246.4,101003.61,103543.52,101017.02,101012.67,101000.43,101006.36
17778.785969475,8261,101001.21,99267.63,100995.58,103544.61,101022.09,101010.55,101011.44,101008.3
17778.806416132,8262,100995.08,99264.63,100997.65,103544.61,101017.02,101010.55,101006.35,101016.32
17778.830729078,8263,100985.2,99268.67,101005.68,103542.78,101014.92,101016.46,101008.48,101016.32
17778.850718854,8264,100999.33,99258.51,100992.6,103533.68,101020.17,101009.49,101014.4,101000.28
17778.871777377,8265,101005.21,99255.51,100993.64,103538.77,101025.06,100999.35,101014.4,101009.33
17778.892256444,8266,101004.14,99258.51,100992.6,103549.7,101027.16,101000.41,101008.48,101008.3
17778.912866318,8267,100997.21,99255.51,100999.6,103553.7,101026.98,101008.44,101011.44,101012.43
17778.933301168,8268,100993.2,99254.47,100995.58,103540.6,101025.06,101004.42,101002.33,101004.29
17778.953938253,8269,100997.21,99270.62,100992.6,103544.61,101017.02,101026.61,101015.46,101016.32
17778.974454746,8270,101003.33,99263.59,100999.6,103554.79,101024.01,101010.55,101004.45,101013.34
17778.998121685,8271,101004.14,99256.55,101008.66,103548.61,101022.09,101008.44,101025.64,101014.38
17779.018793513,8272,101007.33,99263.59,100993.64,103542.78,101022.09,101007.38,101006.35,101010.37
17779.039809491,8273,100996.14,99254.47,101004.64,103540.6,101026.11,101018.58,101012.5,101014.38
17779.059892599,8274,100993.2,99254.47,101001.67,103537.69,101025.06,101001.47,101010.37,101017.35
17779.080895688,8275,101003.33,99260.59,100991.57,103552.62,101012.99,101010.55,101008.48,101014.38
17779.100966267,8276,100999.33,99258.51,100991.57,103553.7,101019.99,101001.47,101000.2,101010.37
17779.121954503,8277,101003.33,99253.43,100992.6,103536.6,101022.96,101009.49,101008.48,101001.43
17779.142256752,8278,100992.14,99248.48,100999.6,103552.62,101019.99,101006.54,101012.5,101014.38
17779.166102261,8279,100999.33,99250.44,101005.68,103552.62,101021.04,101008.44,101007.41,101013.34
17779.18677465,8280,101006.27,99246.4,100993.64,103552.62,101017.02,101009.49,101000.43,101011.4
17779.209176585,8281,100992.14,99254.47,101002.7,103536.6,101019.99,101010.55,101008.48,101016.32
17779.227866966,8282,100996.14,99256.55,100988.59,103535.51,101022.09,101009.49,101011.44,101013.34
17779.24837068,8283,101002.27,99258.51,100997.65,103552.62,101022.09,101009.49,101011.44,101012.31
17779.269011461,8284,101005.21,99262.55,101005.68,103552.62,101022.96,101009.49,101011.44,101017.35
17779.290234272,8285,100998.27,99262.55,101000.63,103552.62,101026.98,101001.47,100998.3,101008.3
17779.310031578,8286,101001.21,99258.51,100995.71,103558.8,101026.11,101000.41,101006.35,101001.31
17779.334115277,8287,100999.33,99258.51,101003.73,103543.52,101028.03,101008.44,101008.25,101012.43
17779.354745632,8288,101001.21,99251.48,100997.65,103561.71,101026.11,101008.44,101007.41,101008.3
17779.375245089,8289,101001.21,99255.51,100992.6,103552.62,101017.02,101009.49,101015.46,101008.3
17779.395895535,8290,100995.08,99271.66,100992.6,103545.7,101020.86,101011.61,100998.3,101000.28
17779.416280119,8291,100999.33,99255.51,100999.6,103552.62,101025.06,101008.44,101008.25,101006.36
17779.438374719,8292,101001.21,99258.51,100992.6,103555.88,101033.11,101010.55,101021.38,101016.32
17779.457682774,8293,101001.21,99273.62,100996.62,103544.61,101017.02,101009.49,101018.42,101006.36
17779.481697078,8294,100997.21,99260.59,100989.63,103552.62,101024.01,101004.42,101018.42,101009.33
17779.502172849,8295,101003.33,99260.59,101000.63,103540.6,101019.99,101009.49,101006.35,101008.3
17779.523473709,8296,101001.21,99258.51,101003.61,103543.52,101019.12,101010.55,101006.35,101011.4
17779.543198094,8297,101005.21,99261.51,100997.65,103552.62,101027.16,101014.57,101005.51,101002.34
17779.563883212,8298,100997.21,99256.43,100997.65,103551.53,101024.01,101001.47,101015.46,101010.37
17779.58453512,8299,101005.21,99263.59,101001.67,103540.6,101021.04,101010.55,101006.35,101014.38
17779.60584256,8300,101005.21,99248.48,101005.68,103528.59,101018.94,101008.44,101014.4,101007.39
17779.625690651,8301,100997.21,99263.59,100993.64,103552.62,101021.04,101008.44,101008.48,101010.37
17779.651049269,8302,101005.21,99258.51,100998.69,103549.7,101019.99,101012.45,101008.48,101019.42
17779.670176681,8303,101003.08,99258.51,100999.6,103536.6,101019.99,101010.55,101015.46,101002.34
17779.691026098,8304,101001.21,99264.63,100992.6,103548.61,101030.13,101010.55,101011.44,101005.32
17779.711280575,8305,100999.33,99247.44,101007.62,103551.53,101015.97,101007.38,101012.5,101013.34
17779.73191742,8306,101006.27,99263.59,100997.65,103552.62,101024.01,101008.44,101008.48,101013.34
17779.752390287,8307,100993.2,99254.47,100992.6,103550.44,101029.08,101010.55,101011.44,101010.37
17779.7731579,8308,100997.21,99250.44,100996.62,103544.61,101022.96,100999.57,101007.41,101002.34
17779.79352035,8309,101007.33,99247.44,100993.64,103552.62,101019.12,101006.54,101006.35,101009.33
17779.817721977,8310,100993.2,99254.47,101001.67,103556.62,101024.01,101002.52,101004.45,101014.38
17779.838167062,8311,101000.14,99254.47,100991.57,103553.7,101024.01,101025.55,101007.41,101010.37
17779.858751047,8312,101000.14,99258.51,100996.62,103548.61,101024.01,101017.52,101007.41,101018.39
17779.879309083,8313,100988.14,99259.55,101000.63,103543.52,101021.04,101005.48,101003.39,101010.37
17779.899924706,8314,101005.21,99262.55,101001.67,103552.62,101022.96,101002.52,101016.52,101002.34
17779.920405455,8315,101009.21,99250.44,101003.61,103550.44,101026.11,101004.42,101006.35,101010.37
17779.940940457,8316,100997.21,99262.55,101004.64,103535.51,101022.09,101005.48,101006.35,101007.39
17779.961423018,8317,100996.14,99255.51,101000.63,103548.61,101022.09,101006.54,101011.44,101013.34
17779.985727241,8318,101001.21,99255.51,100997.65,103560.62,101025.06,101003.58,101024.57,101001.31
17780.005828906,8319,101005.21,99262.55,101009.69,103547.52,101022.96,101008.44,101008.48,101019.42
17780.026849101,8320,100989.2,99255.51,100999.72,103544.61,101017.02,101006.54,101006.35,101019.42
17780.047303511,8321,101001.21,99260.59,100993.64,103554.79,101024.01,101005.48,101002.33,101017.35
17780.067865012,8322,100999.33,99270.62,100997.65,103552.62,101015.97,101006.54,101006.35,101006.36
17780.088537421,8323,100996.14,99263.59,101002.7,103552.62,101026.11,101006.54,101011.44,101009.46
17780.108990098,8324,100999.08,99254.47,100988.59,103551.53,101015.97,101008.44,101016.52,101002.34
17780.130268373,8325,100988.14,99266.58,101000.63,103554.79,101022.09,101005.48,101004.23,101016.45
17780.153757843,8326,100991.08,99261.51,100994.67,103548.61,101022.96,101005.48,101011.44,101010.37
17780.173781661,8327,101001.21,99262.55,100994.55,103560.62,101021.04,101014.57,101008.48,101010.37
17780.194838451,8328,101009.21,99254.47,101003.61,103552.62,101026.11,101000.41,101011.44,101019.42
17780.214913557,8329,100996.14,99258.51,101003.61,103544.61,101030.13,101010.55,101006.35,101009.33
17780.236280696,8330,101001.21,99254.47,101001.67,103548.61,101025.06,101014.57,101004.45,101005.32
17780.256372527,8331,101001.21,99253.43,100991.57,103560.62,101025.06,101008.44,101006.35,101014.38
17780.276960759,8332,101001.21,99264.63,100997.65,103554.79,101019.99,101004.42,101006.35,101006.36
17780.29826925,8333,100996.14,99261.51,101008.66,103547.52,101018.94,100998.51,100997.24,101010.37
17780.321146514,8334,100997.21,99254.47,100997.65,103545.7,101025.06,101001.47,101012.5,101026.41
17780.34270926,8335,101002.27,99270.62,100991.57,103561.71,101024.01,101001.47,101007.41,101018.39
17780.362814371,8336,101004.14,99254.47,100997.65,103560.62,101026.11,101005.48,101008.48,101013.34
17780.382881994,8337,100993.2,99266.58,100993.64,103560.62,101021.04,101009.49,101006.35,101010.37
17780.403792564,8338,101005.21,99257.47,100993.64,103550.79,101037.13,101010.55,101006.35,101010.37
17780.423919868,8339,101005.21,99254.47,100996.62,103552.62,101018.07,101009.49,101006.35,101026.41
17780.445088287,8340,101001.21,99259.55,101009.69,103560.62,101021.04,101000.41,101002.33,101017.35
17780.465058374,8341,101001.21,99263.59,101003.73,103540.6,101021.04,101002.52,101014.4,101017.35
17780.48916615,8342,101002.27,99252.39,101003.73,103544.61,101033.11,101009.49,101006.35,101018.39
17780.510095657,8343,101001.21,99263.59,100999.6,103540.6,101022.96,101008.44,101000.43,101008.3
17780.530332858,8344,101001.21,99255.51,100996.62,103559.53,101027.16,101002.52,101024.57,101021.37
17780.550880668,8345,100993.2,99255.51,101009.69,103561.71,101025.06,101012.45,101015.46,101013.34
17780.57133035,8346,101001.21,99253.43,101001.67,103552.62,101025.06,101007.38,101008.48,101006.36
17780.592016019,8347,101001.21,99255.51,100993.64,103553.7,101026.11,100997.45,101002.33,101010.37
17780.612975573,8348,101006.27,99259.55,101000.63,103560.62,101024.01,101009.49,101007.41,101014.38
17780.632956055,8349,100999.33,99256.43,100992.6,103559.53,101015.97,101006.54,101006.35,101005.32
17780.657205675,8350,101002.27,99254.47,101002.7,103560.62,101025.06,101010.55,101014.4,101008.3
17780.677800937,8351,101007.33,99258.51,100997.65,103552.62,101024.01,101010.55,101010.37,101013.34
17780.698380115,8352,101000.14,99252.39,101004.64,103540.6,101023.14,101001.47,101015.46,101002.34
17780.718984291,8353,101000.14,99260.46,101001.67,103552.62,101019.99,101010.55,101011.44,101010.37
17780.739769781,8354,101001.21,99258.51,101005.68,103540.6,101027.16,101008.44,101006.35,101018.39
17780.7601774,8355,101007.33,99248.35,100998.69,103545.7,101021.04,101011.39,101014.4,101014.38
17780.780637998,8356,101001.21,99261.51,101005.68,103552.62,101034.16,101017.52,101003.39,101017.35
17780.804720535,8357,101002.27,99254.47,101001.67,103569.72,101025.06,101005.48,101008.48,101012.43
17780.825259632,8358,100998.27,99262.55,101001.67,103544.61,101026.11,101007.38,100999.37,101014.38
17780.845814614,8359,101005.21,99260.59,101001.67,103552.62,101026.11,101009.49,101006.35,101008.3
17780.866682048,8360,100993.2,99255.51,100995.71,103544.61,101022.09,101008.44,101006.35,101010.37
17780.886950636,8361,101005.21,99263.59,100994.67,103552.62,101018.94,101010.55,101006.35,101016.32
17780.907385696,8362,100995.08,99266.58,100999.6,103556.62,101024.01,101002.52,101014.4,101014.38
17780.92806821,8363,100997.21,99252.39,100997.65,103551.53,101025.06,101008.44,101002.33,101001.31
17780.948423078,8364,101005.21,99255.51,100996.62,103551.53,101024.01,101002.52,101008.48,100996.27
17780.972740171,8365,101001.21,99262.55,100991.69,103552.62,101018.94,101001.47,101006.35,101003.38
17780.993249994,8366,101005.21,99247.44,100996.62,103564.63,101025.06,101001.47,101014.4,101016.45
17781.013842462,8367,101003.08,99254.47,101002.7,103552.62,101015.97,101024.49,101012.5,101011.4
17781.034257181,8368,100997.21,99255.51,100993.64,103540.6,101021.04,101001.47,101006.35,101012.43
17781.054963601,8369,100997.21,99266.58,100996.62,103550.44,101019.99,101010.55,101007.41,101014.38
17781.075370498,8370,101005.21,99262.55,100999.6,103550.44,101017.02,101000.41,101007.41,101014.38
17781.095974614,8371,101005.21,99251.48,100989.63,103550.44,101010.9,101010.55,101014.4,101002.34
17781.118279623,8372,100997.21,99264.63,100992.6,103540.6,101018.07,101010.55,101010.37,101008.3
17781.140736891,8373,101009.21,99258.51,101000.63,103552.62,101021.04,101005.48,101007.41,101019.42
17781.161246214,8374,101007.33,99254.47,100997.65,103552.62,101030.13,101009.49,101007.41,101020.46
17781.183096975,8375,101005.21,99258.51,101005.68,103544.61,101026.11,101000.41,101007.41,101017.35
17781.202299731,8376,100997.21,99252.39,101002.7,103549.7,101033.11,101001.47,101002.33,101012.31
17781.222816554,8377,101012.14,99262.55,101001.67,103560.62,101024.01,100992.38,101007.41,101014.38
17781.243458007,8378,101005.21,99270.62,101001.67,103560.62,101024.01,101005.48,101006.35,101012.31
17781.266994678,8379,100998.27,99262.55,101005.68,103552.62,101026.11,101013.51,101016.52,101009.33
17781.284532306,8380,101007.33,99254.47,101008.66,103545.7,101018.07,101009.49,101006.35,101010.37
17781.30875905,8381,101005.21,99253.43,100995.71,103536.6,101026.11,101005.48,101006.35,101010.37
17781.328872334,8382,101007.33,99258.51,100989.63,103560.62,101029.08,101001.47,101023.51,101021.37
17781.349935854,8383,101003.33,99258.51,101004.64,103551.53,101017.02,101011.61,101010.37,101017.35
17781.370313528,8384,100993.2,99254.47,101001.67,103560.62,101028.03,101007.38,101005.29,101009.33
17781.390892495,8385,100997.21,99256.55,100996.62,103559.53,101027.16,101009.49,101024.57,101002.34
17781.411533357,8386,101005.21,99262.55,101001.67,103552.62,101025.06,101001.47,101007.41,101011.4
17781.432073656,8387,101000.14,99254.47,101006.71,103560.62,101024.01,101014.57,101012.27,101018.39
17781.452450608,8388,101005.21,99254.47,101005.68,103555.53,101029.08,101008.44,101016.52,101014.38
17781.476758335,8389,101005.21,99258.51,101001.67,103551.53,101032.06,101005.48,101006.35,101013.34
17781.496787051,8390,101002.27,99255.51,101005.68,103560.62,101029.08,101010.55,101014.4,101018.39
17781.517871022,8391,100996.14,99260.59,101005.68,103559.53,101029.08,101006.54,101007.41,101007.26
17781.538401326,8392,101007.33,99271.66,100997.65,103564.63,101033.11,101001.47,101007.41,101017.35
17781.559060595,8393,101000.14,99255.51,101000.63,103553.7,101011.07,101004.42,101002.33,101007.26
17781.579055129,8394,100997.21,99258.51,101001.67,103552.62,101025.06,101018.58,101007.41,101002.34
17781.60003974,8395,100999.33,99254.47,100991.57,103552.62,101019.99,101008.44,101006.35,101008.3
17781.620565938,8396,101005.21,99258.51,100992.6,103557.35,101026.11,101010.55,101004.23,101009.33
17781.644216742,8397,100994.27,99263.59,101001.67,103551.53,101026.98,101011.39,101000.43,101014.38
17781.666109377,8398,101001.21,99268.67,100997.65,103550.44,101032.06,101009.49,101002.33,101022.4
17781.685843737,8399,101004.14,99254.47,101003.61,103552.62,101017.02,101008.44,101016.52,101013.34
17781.706120067,8400,100997.21,99263.59,101005.68,103568.63,101026.11,101006.54,101010.37,101008.3
17781.72696096,8401,101015.33,99258.51,100996.62,103564.63,101026.11,101006.54,101015.46,101017.35
17781.747204771,8402,100999.33,99254.47,100995.71,103552.62,101025.06,101014.57,101016.52,101008.3
17781.767994467,8403,101004.14,99264.63,100999.6,103550.44,101016.84,101009.49,101010.37,101008.3
17781.788465682,8404,101004.14,99266.58,101001.67,103564.63,101017.02,101009.49,101016.52,101018.39
17781.812201605,8405,100997.21,99266.58,101000.63,103568.63,101024.01,101009.49,101001.26,101024.34
17781.832800883,8406,100997.21,99267.63,101001.67,103548.61,101028.03,101010.55,101006.35,101002.34
17781.853284447,8407,101007.33,99262.55,101001.67,103555.53,101029.08,101000.41,101008.48,101018.39
17781.873922593,8408,101002.02,99271.66,101001.67,103564.63,101026.11,101004.42,101011.44,101001.31
17781.894386727,8409,101001.21,99254.47,101012.67,103564.63,101024.01,101012.45,101007.41,100996.27
17781.914933857,8410,101001.21,99254.47,100997.65,103552.62,101029.08,101004.42,101015.46,101026.41
17781.935948273,8411,101005.21,99246.4,100997.65,103551.53,101018.94,101000.41,101006.35,101024.34
17781.956088247,8412,100999.33,99255.51,101000.63,103551.53,101014.92,101002.52,101010.37,101004.29
17781.9802338,8413,101005.21,99259.55,100993.64,103560.62,101025.06,101004.42,101003.39,101018.39
17782.000795911,8414,101005.21,99258.51,100996.62,103567.54,101017.02,101009.49,101010.37,101026.41
17782.021343221,8415,101004.14,99257.6,100992.6,103553.7,101022.96,101004.42,101015.46,101011.28
17782.04194929,8416,101013.21,99258.51,100995.58,103549.7,101018.94,101000.41,101014.4,101012.31
17782.062343658,8417,100998.27,99255.51,100997.65,103565.72,101021.04,101004.42,101011.44,101012.31
17782.082977359,8418,101003.33,99266.58,101001.67,103552.62,101032.06,101004.42,101003.39,101018.39
17782.103465599,8419,100996.14,99256.55,101009.69,103552.62,101026.11,100993.44,101006.35,101010.37
17782.127750893,8420,101005.21,99256.55,100993.64,103547.52,101015.97,101005.48,101007.41,101017.35
17782.148262118,8421,101006.27,99259.55,100997.65,103560.62,101019.99,101016.46,101006.35,101018.39
17782.168834235,8422,101005.21,99248.48,101007.75,103555.53,101028.03,101008.44,101016.52,101002.34
17782.189329526,8423,101005.21,99255.51,100997.65,103547.52,101026.11,101000.41,101014.4,101009.33
17782.209935335,8424,101005.21,99255.51,101001.67,103561.71,101024.01,101011.39,101007.41,101001.31
17782.230401021,8425,101003.33,99258.51,100993.64,103558.44,101017.02,101015.41,101000.2,101022.4
17782.250978486,8426,101008.4,99262.55,100997.65,103564.63,101026.11,101005.48,101007.41,101018.39
17782.271716475,8427,101002.27,99254.47,101002.7,103551.53,101019.12,101002.52,101014.4,101014.38
17782.295896919,8428,101001.21,99257.47,100996.62,103560.62,101018.07,101006.54,101010.37,101014.38
17782.316285179,8429,100997.21,99254.47,101003.73,103550.44,101025.06,101001.47,101010.37,101016.32
17782.33692604,8430,100998.27,99258.51,100992.6,103556.62,101025.06,101009.49,101013.34,101017.35
17782.357381331,8431,100997.21,99270.62,101004.64,103560.62,101030.13,101003.36,101009.31,101010.37
17782.377903643,8432,101001.21,99254.47,100997.65,103547.52,101026.11,101004.42,101006.35,101018.39
17782.398662713,8433,101001.21,99262.55,100998.69,103548.61,101017.02,100999.35,101013.34,101018.39
17782.419262492,8434,101005.21,99246.4,101000.63,103568.63,101026.11,101003.36,101007.41,101008.3
17782.439502146,8435,101006.27,99260.59,101005.68,103563.54,101022.09,101006.54,100998.3,101023.43
17782.463777244,8436,101005.21,99253.43,101003.61,103560.62,101022.96,101007.6,101014.4,101002.34
17782.484227207,8437,101005.21,99254.47,100992.6,103553.7,101018.07,101004.42,101015.46,101004.29
17782.504833075,8438,101007.33,99254.47,100993.64,103568.63,101030.13,101010.55,101017.36,101010.37
17782.526527971,8439,101009.21,99262.55,101001.67,103564.63,101026.11,101012.67,100998.3,101002.34
17782.545914675,8440,101004.14,99255.51,101008.66,103564.63,101026.11,100998.51,101023.51,101010.37
17782.566470388,8441,101005.21,99260.59,100989.63,103552.62,101018.07,100996.39,100999.37,101010.37
17782.587029766,8442,101006.27,99254.47,100993.64,103557.35,101033.11,101010.55,101020.55,101002.34
17782.60744168,8443,101006.27,99260.59,101001.67,103576.64,101025.06,101014.57,101002.33,101020.33
17782.63180386,8444,101005.21,99255.51,100993.64,103567.54,101024.01,101005.48,101014.4,101019.42
17782.652231599,8445,101006.27,99258.51,100993.64,103539.51,101022.96,100998.51,101016.52,101023.31
17782.673072714,8446,101021.21,99263.59,101000.63,103552.62,101017.02,101007.38,101013.56,101015.41
17782.693344877,8447,101005.21,99254.47,101003.73,103564.63,101033.11,100996.39,101006.35,101010.37
17782.713941191,8448,101009.21,99262.55,100998.69,103562.45,101019.99,101006.54,101009.31,101005.32
17782.734439507,8449,100997.21,99262.55,100993.64,103558.44,101022.96,101011.39,101013.34,101005.32
17782.755096782,8450,101012.4,99254.47,101003.61,103556.62,101028.03,100995.34,101006.35,101010.37
17782.775487065,8451,100998.27,99254.47,101009.69,103560.62,101022.09,101004.42,101010.37,101002.34
17782.799788744,8452,101001.21,99253.43,100997.65,103551.53,101024.01,101000.41,101006.35,101000.28
17782.81984474,8453,101001.21,99254.47,101001.67,103560.62,101022.09,101010.55,101022.45,101012.31
17782.840911716,8454,101003.33,99260.59,101009.69,103560.62,101022.96,101005.48,101006.35,101010.37
17782.861377022,8455,101001.46,99262.55,100988.59,103551.53,101019.99,101014.35,101015.46,101012.31
17782.882169652,8456,101006.27,99266.58,100995.58,103559.53,101022.96,101013.51,101010.37,101004.29
17782.902548587,8457,101005.21,99250.44,100993.64,103562.45,101025.06,101004.42,101015.46,101015.29
17782.923016938,8458,101001.21,99250.44,101002.7,103545.7,101024.01,101010.55,101006.35,101002.34
17782.943462023,8459,100997.21,99263.59,101001.67,103560.62,101022.96,100991.32,101014.4,101012.31
17782.96723366,8460,101007.33,99270.62,101001.67,103567.54,101021.04,101001.47,101001.26,101004.29
17782.987860089,8461,100999.33,99256.55,100996.62,103560.62,101028.03,101009.49,100998.3,101008.3
17783.008890039,8462,101007.33,99254.47,100993.64,103551.53,101015.97,101000.41,101022.45,101012.31
17783.029189804,8463,101006.27,99255.51,100992.6,103548.61,101024.01,101005.48,101011.44,101007.26
17783.04992608,8464,101005.21,99262.55,101001.67,103568.63,101026.98,101016.46,101024.57,101016.32
17783.072498362,8465,100997.21,99261.63,100999.6,103558.44,101018.07,101000.41,100998.3,101006.36
17783.091399662,8466,100997.21,99255.51,100997.65,103551.53,101024.01,101005.48,101014.4,101012.31
17783.111842695,8467,101005.21,99258.51,100992.6,103559.53,101022.96,101017.52,101007.41,101018.39
17783.135280677,8468,101004.14,99258.51,101006.71,103554.44,101021.04,101007.38,101013.34,101014.38
17783.15583051,8469,101005.21,99255.51,100997.65,103568.63,101022.09,101008.44,101012.5,101010.37
17783.176353503,8470,101005.21,99264.63,100997.65,103565.36,101024.01,101010.55,101018.42,101005.32
17783.196931109,8471,100996.14,99262.55,100997.65,103544.61,101026.11,101014.57,101001.26,101016.32
17783.217384717,8472,101001.21,99262.55,100995.71,103555.53,101033.11,101003.36,101020.55,101025.38
17783.238234364,8473,100996.14,99270.62,100997.65,103567.54,101026.11,101008.44,101008.48,101015.41
17783.259052944,8474,100991.33,99260.46,101002.7,103559.53,101033.11,100999.35,101003.39,101014.38
17783.282770409,8475,101002.27,99259.55,100993.64,103567.54,101032.06,101008.44,101007.41,101017.35
17783.303259981,8476,100993.2,99254.47,100998.69,103560.62,101028.03,101004.42,101008.48,101014.38
17783.32385934,8477,101005.21,99253.43,101000.63,103568.63,101024.01,101014.57,101004.23,101009.33
17783.344395793,8478,101003.33,99265.54,101001.67,103562.45,101024.01,101000.41,101006.35,101018.39
17783.365208464,8479,101005.21,99252.39,101001.67,103550.44,101024.01,101008.44,101010.37,101014.38
17783.385430031,8480,100998.27,99262.55,101001.67,103559.53,101021.04,101007.38,101015.46,101018.39
17783.40610206,8481,101008.4,99255.51,101002.7,103559.53,101022.96,101008.44,101018.42,101018.39
17783.426547065,8482,101003.33,99258.51,101001.67,103567.54,101018.94,101004.42,101014.4,101026.41
17783.450787941,8483,100999.33,99262.55,101000.63,103564.63,101014.92,101001.47,101004.23,101008.3
17783.471243412,8484,101002.27,99255.51,100991.57,103552.62,101025.06,101005.48,101022.45,101001.31
17783.491914228,8485,100999.33,99259.55,101007.75,103562.45,101033.11,101008.44,101002.33,101018.39
17783.512404832,8486,100997.21,99263.59,100998.69,103571.55,101025.06,101009.49,101010.37,101010.37
17783.533081007,8487,100999.33,99250.44,101001.67,103558.44,101028.03,101001.47,101010.37,101001.31
17783.553542647,8488,100993.2,99255.51,101005.68,103551.53,101019.99,101004.42,101007.41,101024.34
17783.574113503,8489,101005.21,99254.47,101001.67,103563.54,101024.01,101006.54,101010.37,101016.32
17783.59455976,8490,101005.21,99263.59,101001.67,103568.63,101025.06,101012.45,101006.35,101009.33
17783.618785203,8491,101001.21,99258.51,101001.67,103566.45,101021.04,101012.45,101015.46,101016.32
17783.639266613,8492,101005.21,99248.35,101008.66,103559.53,101022.96,101000.41,101014.4,101016.32
17783.659908385,8493,101005.21,99264.63,100998.69,103562.45,101025.06,101000.41,101008.25,101009.33
17783.680401143,8494,101005.21,99259.55,101005.68,103554.44,101026.11,101010.55,101007.41,101017.35
17783.701044898,8495,101007.33,99255.51,100993.64,103566.45,101022.96,101000.41,101009.31,101021.37
17783.721482402,8496,101005.21,99267.63,101005.68,103559.53,101028.03,101002.52,100996.18,101008.3
17783.742122212,8497,101007.33,99258.51,100993.64,103559.53,101025.06,101010.55,101023.51,101024.34
17783.762639747,8498,101001.21,99247.44,100992.6,103548.61,101026.11,100998.51,101007.41,101014.38
17783.786825209,8499,101005.21,99259.55,100993.64,103576.64,101022.96,101002.52,101014.4,101013.34
17783.807283354,8500,101007.33,99254.47,100997.65,103559.53,101029.08,100996.39,101014.4,101012.31
17783.827929553,8501,100999.33,99254.47,100992.6,103546.43,101015.97,101008.44,101006.35,101014.38
17783.848455621,8502,100999.33,99259.55,100996.62,103551.53,101024.01,101007.38,100994.28,101000.28
17783.868963131,8503,100999.33,99262.55,101012.67,103571.55,101032.06,101004.42,100998.3,101017.35
17783.889432232,8504,100997.21,99258.51,100997.65,103559.53,101014.92,101005.48,101014.4,101018.39
17783.910067114,8505,101007.33,99258.51,101001.67,103559.53,101024.01,101008.44,101005.29,101014.38
17783.930742057,8506,100999.33,99255.51,101001.67,103551.53,101024.01,101005.48,101014.4,101016.32
17783.954820818,8507,101001.21,99264.63,101000.63,103564.63,101027.16,101010.55,101018.42,101006.36
17783.974910897,8508,100997.21,99262.55,101007.75,103567.54,101019.99,101000.41,101006.35,100999.24
17783.995897741,8509,101005.21,99256.43,101002.7,103550.44,101022.96,101000.41,101010.37,101017.35
17784.016373302,8510,101001.21,99267.63,101001.67,103559.53,101025.06,101004.42,101012.27,101009.33
17784.03693927,8511,101000.14,99259.55,101009.69,103555.53,101018.94,101002.52,101016.3,101009.33
17784.057437977,8512,101005.21,99263.59,100997.65,103566.45,101017.02,101014.57,100998.3,101021.37
17784.078028662,8513,100997.21,99262.55,101008.66,103563.54,101024.01,100999.35,101001.26,101000.28
17784.098722303,8514,100997.21,99263.59,100993.64,103552.62,101021.04,101012.45,101010.37,101018.39
17784.122940275,8515,101007.33,99254.47,101001.67,103563.54,101029.08,101016.46,101018.42,101008.3
17784.142884893,8516,101007.33,99255.51,100993.64,103565.36,101033.11,101005.48,101009.31,101016.45
17784.163935785,8517,101007.33,99263.59,101010.73,103563.54,101024.01,101010.55,101015.46,101018.39
17784.184507982,8518,101008.14,99254.47,100998.69,103554.44,101024.01,101009.49,101014.4,101004.29
17784.20516637,8519,101005.21,99259.55,101001.67,103563.54,101025.06,101007.38,101006.35,101013.34
17784.225479626,8520,101005.21,99254.47,101001.67,103563.54,101018.94,101004.42,101006.35,101009.33
17784.248207864,8521,101003.33,99262.55,101008.66,103564.63,101018.94,101008.44,101005.29,101010.37
17784.266719335,8522,100997.21,99271.66,101000.63,103560.62,101024.01,101004.42,100998.3,101003.38
17784.290302616,8523,101001.21,99257.47,100993.64,103560.62,101024.01,101009.49,100997.24,101017.35
17784.310848804,8524,101007.33,99269.58,101004.64,103563.54,101030.13,101003.36,101015.46,101010.37
17784.33196202,8525,101006.27,99261.51,101009.69,103566.45,101017.02,101005.48,101014.4,101018.39
17784.351959969,8526,100988.14,99261.51,101005.68,103560.62,101033.11,101008.44,101013.34,101002.34
17784.373019674,8527,101001.21,99266.58,100997.65,103559.53,101027.16,101014.57,101005.29,101020.46
17784.39314814,8528,101015.33,99262.55,100997.65,103560.62,101027.16,100999.35,101006.35,101018.39
17784.414036466,8529,101014.27,99258.51,101002.7,103563.54,101024.01,101001.47,101008.25,101002.34
17784.434476704,8530,101007.33,99258.51,101009.69,103550.44,101021.04,101012.45,101016.3,101010.37
17784.458284014,8531,101006.27,99258.51,100997.65,103558.44,101025.06,100999.35,101005.29,101009.33
17784.478860318,8532,101001.21,99268.67,101001.67,103568.63,101017.02,101000.41,101009.31,101010.37
17784.499494439,8533,101001.21,99260.46,100992.6,103568.63,101024.01,101002.31,101013.34,101016.32
17784.519965383,8534,101011.33,99256.43,101002.7,103567.54,101024.01,101004.42,101006.35,101014.38
17784.540445291,8535,100989.2,99266.58,100996.62,103559.53,101024.01,100997.45,101008.48,101014.38
17784.561090309,8536,100997.21,99254.47,100994.67,103550.44,101019.99,101006.32,101014.4,101016.32
17784.582151626,8537,100999.33,99262.55,101000.63,103566.45,101022.09,101002.52,101008.25,101010.37
17784.605823542,8538,101005.21,99256.55,100993.64,103572.64,101030.13,101000.41,101015.46,101014.38
17784.626349439,8539,101007.33,99262.55,101001.67,103559.53,101022.09,101009.49,101014.4,101006.36
17784.64684474,8540,100995.33,99255.51,100993.64,103554.44,101022.96,101006.32,101016.52,101025.38
17784.667457709,8541,100999.33,99262.55,100993.64,103568.63,101026.11,101003.58,100997.24,101018.39
17784.688059562,8542,101006.27,99262.55,100997.65,103568.63,101029.08,101004.42,101013.34,101016.32
17784.71028523,8543,101000.14,99259.55,100992.6,103560.62,101026.11,101001.47,101009.31,101026.41
17784.729197256,8544,100997.21,99258.51,101001.67,103567.54,101026.98,100998.51,101015.46,101010.37
17784.751365538,8545,101005.21,99261.51,101009.69,103558.44,101019.99,101012.45,101002.33,101002.34
17784.774125674,8546,101002.27,99258.51,101000.63,103569.72,101031.18,101008.44,101012.27,101018.39
17784.794292599,8547,101000.14,99255.51,101012.67,103561.36,101025.06,101009.49,101003.39,101000.28
17784.814895873,8548,100997.21,99262.55,101001.67,103567.54,101024.01,101000.41,101014.4,101000.28
17784.835370984,8549,101005.21,99263.59,100995.71,103556.62,101025.06,101012.45,101011.44,101005.32
17784.85630604,8550,101013.21,99252.39,100993.64,103568.63,101021.04,101010.55,101013.34,101008.3
17784.877148877,8551,101003.33,99260.46,100991.57,103574.46,101025.06,101000.41,101014.4,101018.39
17784.897243282,8552,101005.21,99266.58,101003.61,103562.45,101024.01,101006.32,101010.37,101001.31
17784.917613884,8553,100997.21,99251.48,101002.7,103563.54,101014.92,101000.41,101015.46,101006.36
17784.941849513,8554,100989.2,99250.44,100994.67,103563.54,101029.08,101007.38,101011.44,101009.33
17784.962306185,8555,100997.21,99254.47,101001.67,103567.54,101026.11,100998.29,101022.45,100997.3
17784.982893135,8556,100999.33,99258.51,100993.64,103564.63,101022.96,101008.44,101007.41,101010.37
17785.003502198,8557,101004.4,99262.55,100995.71,103567.54,101022.96,101003.36,101010.6,101010.37
17785.024142669,8558,101007.33,99258.51,101002.7,103559.53,101025.06,101009.49,101008.48,101019.42
17785.044847377,8559,101005.21,99253.43,101003.61,103566.45,101015.97,101011.39,101002.33,101017.35
17785.065712337,8560,100997.21,99253.43,100997.65,103575.55,101017.02,101009.49,101014.4,101019.42
17785.085589093,8561,101007.33,99254.47,101001.67,103552.62,101017.02,101009.49,100998.3,101010.37
17785.109874877,8562,101003.33,99253.43,100997.65,103546.43,101034.16,101000.41,101011.44,101013.34
17785.13143562,8563,100997.21,99261.51,101002.7,103565.36,101024.01,100996.39,101006.35,101017.35
17785.150941574,8564,101005.21,99258.51,100993.64,103567.54,101022.96,101002.52,101007.41,101000.28
17785.171421422,8565,101011.33,99254.47,101006.71,103550.44,101018.94,101004.42,100994.28,101001.31
17785.191936523,8566,100994.27,99264.63,101005.68,103554.44,101024.01,101009.49,101006.35,101008.3
17785.212474589,8567,100999.33,99256.55,100993.64,103568.63,101026.98,100996.39,101006.35,101017.35
17785.233108309,8568,100997.21,99254.47,100991.57,103568.63,101022.96,101010.55,101015.46,101017.35
17785.2535372,8569,101005.21,99271.66,100994.67,103568.63,101025.06,101000.41,101016.52,101010.37
17785.277845108,8570,100996.14,99257.47,101000.63,103563.54,101011.94,101009.49,101007.41,101014.25
17785.299092166,8571,101000.4,99263.59,100993.64,103560.62,101015.97,101008.44,101008.48,101012.31
17785.318940298,8572,101005.21,99258.51,100993.64,103567.54,101019.99,101012.45,101014.4,101016.32
17785.339451443,8573,101007.33,99244.32,101005.68,103571.55,101028.03,101002.52,101004.23,101003.25
17785.360101939,8574,100997.21,99263.59,100993.64,103558.44,101017.02,100992.38,101014.4,101012.31
17785.38046481,8575,101005.21,99262.55,101005.68,103560.62,101017.02,101006.54,101018.42,101015.29
17785.401108486,8576,101005.21,99254.47,100992.6,103576.64,101024.01,100994.5,101010.37,101019.3
17785.42151304,8577,101006.27,99255.51,101001.67,103571.55,101007.92,101008.44,101014.4,101013.34
17785.445860998,8578,100999.33,99270.62,101000.63,103551.53,101022.09,101004.42,101000.2,101012.31
17785.465929273,8579,101003.33,99262.55,101001.67,103567.54,101018.07,101017.52,101010.37,101016.32
17785.487028397,8580,101007.33,99258.51,101009.69,103560.62,101021.04,100998.51,101006.35,101008.3
17785.507477939,8581,101007.33,99259.55,100993.64,103567.54,101014.92,101007.38,101003.39,101009.33
17785.52803904,8582,101001.21,99253.43,100998.69,103558.44,101031.18,101009.49,101006.35,101015.29
17785.548529874,8583,100995.33,99263.59,101000.63,103572.64,101018.07,101012.45,101015.46,101017.35
17785.569473504,8584,101002.27,99254.47,100997.65,103567.54,101025.06,101004.42,101014.4,101008.3
17785.591292627,8585,101004.14,99252.39,100997.65,103572.64,101025.06,101000.41,101014.4,101004.29
17785.613303932,8586,100997.21,99258.51,100994.67,103572.64,101022.96,100999.35,101018.42,101017.35
17785.633996701,8587,101001.21,99270.62,101002.7,103551.53,101025.06,101009.49,101006.35,101008.3
17785.654957847,8588,101001.21,99270.62,101002.7,103551.53,101026.11,101004.42,101008.48,101013.34
17785.675055416,8589,101006.27,99253.43,100993.64,103583.56,101024.01,101004.42,101014.4,101010.37
17785.696045325,8590,101003.33,99261.51,100997.65,103572.64,101031.01,101002.52,101008.25,101016.32
17785.716180842,8591,101001.21,99264.63,100994.67,103568.63,101025.06,101000.41,101006.35,101014.38
17785.739255755,8592,100997.21,99258.51,100994.67,103567.54,101029.08,101008.44,101014.4,101016.32
17785.757731301,8593,101002.27,99259.55,101005.68,103567.54,101021.04,101000.41,101006.35,101008.3
17785.781309005,8594,101000.14,99261.51,100992.6,103576.64,101022.09,101001.47,101010.37,101012.31
17785.801933622,8595,101006.27,99254.47,101001.67,103559.53,101031.18,101008.44,101002.33,101016.32
17785.822387169,8596,100997.21,99274.66,101002.7,103560.62,101024.01,101008.44,101003.39,101000.28
17785.842979808,8597,101003.33,99261.51,100997.65,103560.62,101022.96,101008.44,101006.35,101008.3
17785.864023649,8598,101013.21,99260.46,101010.73,103564.63,101022.09,101009.49,101012.27,101008.3
17785.884080687,8599,101003.33,99269.58,101011.76,103572.64,101026.98,101001.47,101010.37,101002.34
17785.905149465,8600,100997.21,99277.65,101000.63,103572.64,101027.16,101015.41,101006.35,101008.3
17785.928839669,8601,101001.21,99276.61,100989.63,103572.28,101033.11,101009.49,101010.37,101006.36
17785.949312466,8602,101005.21,99274.66,100996.62,103575.55,101025.06,101008.44,101014.4,101010.37
17785.969911685,8603,101002.27,99282.73,100992.6,103566.45,101027.16,101001.47,101011.44,101017.35
17785.990421988,8604,101005.21,99274.66,101007.62,103567.54,101028.03,101001.47,101016.52,101016.32
17786.010992603,8605,101005.21,99269.58,100995.71,103568.63,101026.98,101004.42,101014.4,101008.3
17786.031556578,8606,101001.21,99270.62,100999.72,103567.54,101025.06,101008.44,101009.31,101010.24
17786.052209988,8607,101007.33,99283.77,100993.64,103562.45,101031.01,101004.42,101012.5,101016.32
17786.072615754,8608,100989.2,99280.65,100998.69,103571.55,101018.94,101010.55,101016.52,101008.3
17786.096855028,8609,101003.33,99267.63,101001.67,103575.55,101026.11,101002.52,101006.35,101012.31
17786.117348717,8610,101000.14,99275.7,101000.63,103576.64,101025.06,101003.36,101005.29,101016.32
17786.13797056,8611,100997.21,99276.61,100994.67,103572.64,101019.99,100998.29,101014.4,101032.36
17786.158449756,8612,101001.21,99282.73,101007.75,103587.57,101022.96,101017.52,101007.41,101000.28
17786.179009444,8613,100997.21,99298.88,101002.7,103571.55,101025.06,101008.44,101022.45,101009.33
17786.199502202,8614,100997.21,99294.84,101005.68,103576.64,101028.03,100994.5,101007.41,101009.33
17786.22014087,8615,101002.27,99294.84,101005.68,103576.64,101018.94,101009.49,101009.31,101008.3
17786.240597883,8616,101006.27,99302.92,101007.75,103575.55,101032.06,101005.48,101008.48,101010.37
17786.264901515,8617,101001.21,99294.84,100994.67,103581.74,101027.16,101017.52,101006.35,101010.37
17786.285345308,8618,100989.2,99294.84,100997.65,103574.46,101025.06,101000.41,101015.46,101020.33
17786.305936574,8619,100996.14,99302.92,101007.75,103575.55,101022.96,101010.55,101001.26,101010.37
17786.326531726,8620,100995.33,99290.81,100993.64,103575.55,101025.06,101008.44,100992.38,101012.31
17786.347004253,8621,101004.14,99296.93,100999.72,103586.48,101025.06,101000.41,101004.45,101014.38
17786.367500495,8622,100996.14,99295.89,100994.67,103574.46,101022.96,101016.46,101002.33,101024.34
17786.388258584,8623,100997.21,99286.77,100992.6,103574.46,101021.91,101000.41,101010.37,101009.33
17786.408514663,8624,101005.21,99297.84,101011.76,103574.46,101025.06,101010.55,101015.46,101016.32
17786.432892016,8625,101009.21,99330.14,100999.72,103588.66,101029.08,101010.55,101011.44,101010.37
17786.453375029,8626,100999.33,99342.25,101007.75,103584.65,101026.11,101010.55,101008.48,101008.3
17786.474042981,8627,100998.27,99331.18,101006.71,103583.56,101025.06,101004.42,101007.41,101018.39
17786.494638454,8628,101005.21,99326.1,100998.69,103596.67,101026.98,101008.44,101026.7,101003.25
17786.51507137,8629,101005.21,99319.07,101001.67,103578.47,101018.94,101004.42,101008.48,101000.28
17786.535540041,8630,101000.14,99325.06,100997.65,103596.67,101019.99,101016.46,101016.52,101012.31
17786.556239451,8631,101005.21,99327.14,101005.68,103584.65,101018.94,101001.47,101008.48,101010.37
17786.576923728,8632,100997.21,99327.14,101000.63,103583.56,101027.16,101010.55,101006.35,101004.29
17786.602049343,8633,100998.27,99326.1,100997.65,103592.66,101022.96,101006.54,101006.35,101017.35
17786.621353452,8634,101001.21,99336.26,101003.73,103590.48,101019.99,101009.49,101008.48,101010.37
17786.642016447,8635,101001.21,99327.14,100999.6,103584.65,101029.08,101005.48,101008.48,101014.38
17786.662527522,8636,101006.27,99327.14,101006.71,103578.47,101025.06,101005.48,101008.48,101009.33
17786.683038867,8637,101005.21,99327.14,100997.65,103591.57,101031.01,101000.41,101006.35,101008.3
17786.703503602,8638,101010.27,99379.63,100994.67,103598.49,101031.01,101004.42,101008.48,101009.33
17786.724120958,8639,100996.14,99383.66,101017.72,103606.5,101026.98,101006.54,101014.4,101008.3
17786.744778214,8640,101005.21,99382.62,100997.65,103600.67,101017.02,101002.52,101010.37,101012.31
17786.768890275,8641,100999.33,99370.51,100998.69,103598.49,101026.11,101006.54,101006.35,101010.37
17786.78897837,8642,100999.33,99387.7,100997.65,103599.58,101025.06,101009.49,101013.34,101017.35
17786.810012396,8643,101005.21,99374.55,100985.61,103599.58,101025.06,101004.42,101006.35,101014.38
17786.830554108,8644,100999.33,99374.55,101000.63,103594.49,101019.12,100992.38,101006.35,101014.38
17786.851206517,8645,101001.21,99378.58,101001.67,103610.51,101024.01,101005.48,101006.35,101019.42
17786.871368804,8646,100991.33,99366.47,100993.64,103600.67,101019.99,101000.41,101010.37,101009.33
17786.892289789,8647,100997.46,99381.58,100998.69,103598.49,101025.06,101010.55,101013.34,101014.38
17786.91259984,8648,101001.21,99362.44,101001.67,103591.57,101028.03,101003.36,101022.45,100994.32
17786.936890061,8649,101001.21,99375.59,100994.67,103599.58,101018.94,101002.52,101006.35,101018.39
17786.957030455,8650,101005.21,99379.63,100993.64,103599.58,101017.02,101007.38,101012.27,101018.39
17786.977966633,8651,100995.08,99444.22,101001.67,103622.52,101029.08,101008.44,101018.42,101018.39
17786.998019285,8652,100997.21,99431.07,101002.7,103607.59,101024.01,101012.45,101014.4,101010.37
17787.019256158,8653,101001.21,99440.19,101003.73,103615.6,101018.94,101008.44,100998.3,101013.34
17787.039093133,8654,101007.33,99427.94,101001.67,103614.51,101019.99,101005.48,101022.45,101010.37
17787.060130905,8655,101009.21,99428.07,101001.67,103616.69,101024.01,101000.41,101013.34,101013.34
17787.080275495,8656,101002.27,99425.08,101002.7,103607.59,101019.99,100998.51,101015.46,101010.37
17787.104347847,8657,100997.21,99427.03,101002.7,103607.59,101024.01,101008.44,101015.46,100997.3
17787.125096782,8658,101008.4,99422.99,100995.71,103614.51,101025.06,101004.42,101008.48,100996.27
17787.145570169,8659,100989.2,99432.11,101003.73,103612.69,101026.98,101005.48,101021.38,101009.33
17787.166081014,8660,101007.33,99414.92,100992.6,103612.33,101018.94,101005.48,101012.5,101002.34
17787.187248812,8661,100997.21,99427.03,101009.69,103612.69,101024.01,101009.49,101007.41,100996.27
17787.207154622,8662,100997.21,99425.99,100994.67,103607.59,101018.94,100993.44,101006.35,101016.32
17787.228132202,8663,100997.21,99430.03,101005.68,103603.59,101022.96,101001.47,101014.4,101005.32
17787.251999334,8664,101008.4,99496.71,100993.64,103647.64,101015.97,101009.49,101014.4,101018.39
17787.27234609,8665,101005.21,99492.53,101010.73,103632.71,101032.06,101009.49,101003.39,101002.34
17787.292974002,8666,101001.21,99498.66,101001.67,103640.72,101014.92,101000.41,101006.35,101015.41
17787.313515733,8667,100997.21,99494.62,100997.65,103632.71,101022.96,101001.47,101008.48,101020.33
17787.334059177,8668,101001.21,99490.58,100997.65,103631.62,101018.94,101000.41,101000.43,101016.32
17787.354512014,8669,101001.21,99494.62,100992.6,103636.72,101029.08,100994.5,101010.37,101008.3
17787.37518241,8670,101006.27,99500.75,100993.64,103623.61,101024.01,101012.45,101015.46,101008.3
17787.395635717,8671,101005.21,99490.58,101012.8,103635.63,101024.01,101002.31,101015.46,100998.21
17787.419901602,8672,101003.33,99486.55,101003.73,103631.62,101014.92,101008.44,101005.29,101010.37
17787.440340217,8673,101009.21,99490.58,101001.67,103638.54,101018.94,100996.39,101006.35,101016.32
17787.461022371,8674,101001.21,99490.58,101014.74,103631.62,101014.92,101010.55,101014.4,100998.33
17787.481544172,8675,101002.02,99486.55,100993.64,103630.53,101032.06,101004.42,101010.37,101008.3
17787.50209697,8676,100998.27,99496.71,100993.64,103638.54,101021.04,101016.46,101007.41,101001.31
17787.522481754,8677,100997.21,99580.45,100999.72,103662.57,101022.09,101008.44,101014.4,101006.36
17787.543329539,8678,101005.21,99583.44,100998.69,103666.58,101025.06,101000.41,101019.49,101014.38
17787.563819612,8679,100996.14,99568.34,100997.65,103652.74,101024.01,101001.47,100990.25,100998.33
17787.587927627,8680,101005.21,99566.25,100998.69,103650.56,101022.96,101002.52,101008.48,101012.31
17787.608404711,8681,101003.33,99587.48,100992.6,103659.66,101022.09,101004.42,101010.37,101017.35
17787.629008536,8682,101000.14,99567.29,100994.67,103651.65,101033.11,101001.47,101013.34,101008.3
17787.649548986,8683,100997.21,99567.29,100993.64,103658.57,101026.11,101009.49,101012.27,101018.39
17787.67012602,8684,100997.21,99575.37,100997.65,103664.75,101026.11,101000.41,101006.35,100999.37
17787.690570334,8685,101007.33,99567.29,100993.64,103664.75,101017.02,101006.54,101006.35,101018.39
17787.711163003,8686,100999.33,99577.46,100997.65,103660.75,101022.96,101008.44,101015.46,101009.33
17787.731805226,8687,101007.33,99559.22,100996.62,103663.66,101021.04,101007.38,101014.4,101006.23
17787.755924098,8688,101005.21,99576.41,101002.7,103651.65,101025.06,101001.47,101014.4,101017.35
17787.776431357,8689,100999.33,99607.67,100993.64,103667.67,101025.06,101009.49,101013.34,101008.3
17787.797040671,8690,100993.2,99710.69,100998.69,103699.71,101033.11,101001.47,101014.4,101010.37
17787.817412825,8691,101007.33,99696.49,101003.61,103696.79,101029.08,101002.52,101016.52,101018.39
17787.838112846,8692,101007.33,99686.32,100993.64,103695.7,101030.13,100996.39,101007.41,101009.33
17787.859226022,8693,101007.33,99688.41,101008.66,103689.88,101015.97,101007.38,101014.4,101016.32
17787.879570605,8694,101006.27,99692.45,101001.67,103692.79,101024.01,101008.44,101002.33,101018.39
17787.899636777,8695,101001.21,99689.46,101002.7,103692.79,101029.08,101013.51,101014.4,101009.33
17787.923916653,8696,101007.33,99684.38,100990.66,103687.69,101018.94,101004.42,100998.3,101002.34
17787.944351042,8697,101007.33,99680.34,101003.73,103679.68,101019.99,101005.48,101014.4,101016.32
17787.96511581,8698,101005.21,99672.26,100997.65,103689.88,101025.06,101001.47,101008.48,101004.29
17787.985455095,8699,101001.21,99673.31,100993.64,103686.6,101019.99,101001.47,101010.37,101012.31
17788.006109447,8700,100997.21,99687.37,100991.57,103699.71,101024.01,101009.49,101013.34,100996.27
17788.026544517,8701,101007.33,99680.34,100992.6,103683.69,101034.16,101000.41,101006.35,101016.32
17788.047222605,8702,101004.14,99706.51,101009.69,103704.8,101027.16,101004.42,101007.41,100995.23
17788.067697355,8703,101005.21,99841.84,100995.71,103728.83,101025.06,101009.49,101002.33,101017.35
17788.091949358,8704,101003.33,99827.78,101005.68,103721.92,101024.01,101004.42,101009.31,101008.3
17788.112012085,8705,101005.21,99817.61,100992.6,103728.83,101032.06,101000.41,101002.33,101013.34
17788.133054253,8706,100998.27,99811.48,100997.65,103719.73,101029.08,101011.61,100998.3,101010.37
17788.153327108,8707,100993.2,99818.66,100997.65,103727.74,101022.96,101009.49,101007.41,101009.33
17788.174133279,8708,101001.21,99810.58,101001.67,103714.64,101024.01,101004.42,101004.45,101010.37
17788.194636222,8709,100995.33,99815.67,100995.71,103711.72,101024.01,101005.48,101000.43,101008.3
17788.215177122,8710,100999.33,99803.56,101002.7,103719.73,101025.06,101008.44,101008.48,101009.33
17788.235641426,8711,101003.33,99801.46,100998.69,103712.81,101015.97,101008.44,100999.37,101006.36
17788.259928733,8712,100989.2,99801.46,101008.66,103707.72,101021.04,101004.42,101021.38,101010.37
17788.280048997,8713,101005.21,99801.46,100992.6,103720.82,101033.11,101001.47,101015.46,101009.33
17788.301207501,8714,100999.33,99806.55,101006.71,103726.65,101032.06,101012.45,101012.5,101014.38
17788.321202345,8715,100999.33,99825.69,100997.65,103719.73,101028.03,101008.44,101006.35,101000.28
17788.342331335,8716,100998.27,100005.44,100993.64,103767.79,101026.98,101008.44,100998.3,101008.3
17788.363287984,8717,101013.21,99983.15,100993.64,103766.7,101022.96,101000.41,101007.41,101018.39
17788.383136116,8718,101007.33,99965.96,100997.65,103758.69,101033.11,101008.44,101016.52,101008.3
17788.406900021,8719,100999.33,99964.01,100997.65,103756.87,101017.02,101009.49,101014.4,101016.32
17788.427425968,8720,100997.21,99962.97,101010.73,103760.88,101017.02,101000.41,101021.38,101012.31
17788.447985967,8721,101008.4,99958.93,100998.69,103756.87,101024.01,101000.41,101016.52,101000.28
17788.468446917,8722,101006.27,99950.85,100997.65,103759.78,101025.06,101004.42,101006.35,101018.39
17788.489195541,8723,100997.21,99945.77,101002.7,103752.86,101019.99,101010.55,100998.3,100999.24
17788.510984459,8724,101007.33,99945.77,101001.67,103752.86,101015.97,101011.61,101014.4,101010.37
17788.530073923,8725,101005.21,99956.99,101000.63,103758.69,101021.04,101009.49,101014.4,101004.29
17788.551907088,8726,100999.33,99947.86,101002.7,103755.78,101018.94,101003.36,101022.45,101008.3
17788.574932426,8727,100996.14,99956.99,100997.65,103760.88,101028.21,101012.45,101005.29,101014.38
17788.595516181,8728,100997.21,100044.77,100991.57,103790.73,101026.11,101006.54,101008.25,101015.29
17788.616019604,8729,101007.33,100162.91,100994.67,103810.76,101018.94,101002.52,101022.45,101008.3
17788.636448745,8730,101004.14,100149.75,100997.65,103803.84,101025.06,101008.44,101008.25,101006.36
17788.657183619,8731,101010.27,100142.73,100993.64,103804.93,101025.06,101008.44,101002.1,101010.37
17788.677610937,8732,100999.33,100136.59,100999.6,103804.93,101022.96,101000.41,101008.25,101010.37
17788.698123985,8733,101001.21,100134.65,100993.64,103795.83,101025.06,101004.42,101002.33,101016.32
17788.720295422,8734,101001.21,100139.58,101002.7,103786.73,101018.94,101004.42,101027.53,101009.33
17788.742960475,8735,101005.21,100130.61,100997.65,103789.64,101022.96,101008.44,101006.35,101008.3
17788.7634456,8736,100997.21,100133.6,100996.62,103786.73,101032.06,101000.41,101006.35,101008.3
17788.784084679,8737,100998.27,100129.56,100993.64,103791.82,101010.9,101001.47,101008.48,101009.33
17788.804464095,8738,100996.14,100126.57,100993.64,103799.83,101017.02,101019.64,101002.33,101009.33
17788.825103063,8739,100989.2,100123.59,101001.67,103791.82,101018.94,101008.44,101010.37,101010.37
17788.845505574,8740,101009.21,100121.49,100993.64,103790.73,101018.94,101010.55,101012.27,101007.26
17788.866607683,8741,100997.21,100215.41,100993.64,103807.84,101032.06,101002.52,101002.33,101012.31
17788.886567203,8742,100989.2,100360.78,100994.67,103847.9,101019.99,101008.44,101012.27,101006.36
17788.910972228,8743,100998.27,100333.56,101001.67,103839.89,101026.98,101009.49,100999.37,100998.21
17788.931439417,8744,101001.21,100311.27,101003.73,103844.98,101028.03,101013.51,101022.45,101013.34
17788.952057153,8745,101007.33,100311.27,100990.66,103831.87,101028.03,101004.42,101014.4,101014.38
17788.972451622,8746,101005.21,100318.29,100994.67,103831.87,101024.01,101008.44,101006.35,101009.33
17788.993080826,8747,101001.21,100312.32,100992.6,103830.78,101026.98,101008.44,101001.26,101018.39
17789.013614595,8748,101006.27,100316.36,101014.74,103827.87,101024.01,100996.39,101006.35,101010.37
17789.03417892,8749,101001.21,100320.39,101001.67,103839.89,101022.96,100996.39,101006.35,101017.35
17789.054764158,8750,101007.33,100304.24,101001.67,103831.87,101015.97,101000.41,101010.37,101013.34
17789.078997883,8751,100997.21,100304.24,101000.63,103832.97,101006.87,101010.55,101009.31,101013.34
17789.099440094,8752,101002.27,100300.2,100998.69,103832.97,101018.94,101005.48,101005.29,101017.35
17789.120013683,8753,101007.33,100295.12,100993.64,103840.98,101024.01,101004.42,101006.35,101022.4
17789.140461483,8754,100997.21,100385.0,101002.7,103855.91,101032.06,101008.44,101005.29,101010.37
17789.161220002,8755,100997.21,100556.54,101010.73,103895.96,101024.01,101006.54,101005.29,101011.28
17789.181622623,8756,101001.21,100546.53,100992.73,103895.96,101017.02,101001.47,101006.35,100995.23
17789.202987469,8757,101001.21,100536.35,101000.63,103889.04,101018.94,101000.41,101003.39,101012.31
17789.222699656,8758,100997.21,100520.19,100997.65,103878.84,101017.02,101000.41,101006.35,101000.28
17789.246953983,8759,100997.21,100529.32,100995.71,103878.84,101022.96,101002.52,101006.35,101004.29
17789.271017812,8760,100999.33,100514.22,100997.65,103878.84,101014.92,101008.44,101006.35,101008.3
17789.28813964,8761,100997.21,100512.12,100994.67,103883.94,101019.99,101005.48,101016.52,101025.38
17789.308531485,8762,101000.14,100522.3,101001.67,103870.83,101021.04,101006.54,101001.26,101008.3
17789.329183072,8763,101001.21,100512.12,100998.69,103871.93,101024.01,101002.52,101006.35,101008.3
17789.349597972,8764,100997.21,100505.09,100997.65,103881.03,101024.01,101004.42,101003.39,101013.34
17789.371206366,8765,100997.21,100515.28,100997.65,103879.94,101025.06,100997.45,101008.25,101010.37
17789.39073802,8766,101008.4,100506.15,100997.65,103871.93,101024.01,101005.48,101018.42,101004.29
17789.4149874,8767,100994.27,100642.39,101001.67,103906.88,101025.93,100997.45,101002.33,101009.33
17789.435063086,8768,101006.27,100800.94,101000.63,103950.94,101026.11,101013.51,101004.23,101016.32
17789.456108439,8769,101007.33,100756.52,100997.65,103942.93,101025.06,101008.44,101004.45,101012.31
17789.476499312,8770,101001.21,100754.41,101005.68,103933.1,101018.07,101006.54,101005.29,101016.32
17789.497312785,8771,100989.2,100746.33,101005.68,103937.1,101019.99,101003.36,101010.37,101016.32
17789.517587813,8772,101001.21,100734.22,101001.67,103929.09,101025.06,101004.42,101007.41,101002.34
17789.538212509,8773,101005.21,100732.29,101003.73,103933.1,101016.84,101010.55,101014.4,101016.32
17789.561933119,8774,100999.33,100730.18,100995.71,103936.01,101025.06,101008.44,101008.25,101008.3
17789.583015858,8775,101007.33,100724.21,101010.73,103934.92,101026.98,101004.42,100996.18,101000.28
17789.603031805,8776,101006.27,100724.21,101014.74,103921.81,101019.99,100996.39,101009.31,101018.39
17789.624122596,8777,101002.27,100718.06,101000.63,103934.92,101022.96,101001.47,101010.37,101017.35
17789.645144574,8778,101004.14,100723.16,101005.68,103918.89,101017.02,101004.42,101006.35,101014.38
17789.665388866,8779,101005.21,100707.0,101002.7,103918.89,101021.04,101001.47,101007.41,101008.3
17789.685761431,8780,100997.21,100852.38,101003.73,103976.06,101014.92,101000.41,101015.46,101004.29
17789.706213146,8781,101001.21,101042.19,101001.67,104007.01,101025.06,100999.35,101014.4,101007.26
17789.729946555,8782,101000.14,100984.6,100997.65,103997.18,101033.11,101006.54,101006.35,101001.31
17789.750396939,8783,100986.27,100982.67,101006.71,103974.97,101024.01,100999.35,101007.41,101009.33
17789.7710311,8784,100997.21,100973.54,100998.69,103992.08,101014.92,100996.39,101007.41,101013.34
17789.791511779,8785,101001.21,100974.6,100997.65,103990.99,101020.86,100996.39,101002.33,101008.3
17789.812136465,8786,101003.33,100969.5,100993.64,103985.17,101025.06,101008.44,100997.24,101000.28
17789.833171022,8787,101006.27,100972.48,100999.72,103977.16,101027.16,101012.45,101014.4,101010.37
17789.855082235,8788,100997.21,100957.38,101003.73,103970.96,101026.11,101005.48,101006.35,101000.28
17789.874485144,8789,101007.33,100952.29,100995.71,103980.79,101028.03,101004.42,101010.37,100999.24
17789.897975695,8790,101007.33,100962.48,100995.71,103972.06,101022.96,101001.47,101007.41,101008.3
17789.918427501,8791,101001.21,100954.4,100998.69,103978.97,101024.01,101004.42,101010.37,101009.33
17789.939028632,8792,101005.21,100953.35,100994.67,103982.98,101026.98,101001.47,101015.46,101002.34
17789.959555261,8793,101006.27,101119.99,100995.71,104049.25,101029.08,101002.52,101002.33,101013.34
17789.98021452,8794,101003.08,101308.75,101000.63,104080.2,101024.01,101006.54,101018.42,101009.33
17790.000753026,8795,101009.21,101264.32,100993.64,104056.17,101022.96,101006.54,101012.27,101005.32
17790.021337482,8796,100998.27,101261.34,100997.65,104059.08,101022.96,101008.44,101005.29,101013.34
17790.041705481,8797,101003.33,101248.16,100990.66,104048.16,101033.11,100993.44,101013.34,101016.32
17790.065997635,8798,100997.21,101245.19,100999.72,104052.16,101024.01,100999.35,101006.35,101012.31
17790.086447707,8799,101005.21,101236.05,101002.7,104044.87,101024.01,101010.55,101012.5,101008.3
17790.107067757,8800,100999.33,101233.07,100994.67,104049.25,101025.06,100993.44,101010.37,101014.38
17790.127479362,8801,100997.21,101220.95,100998.69,104044.15,101033.11,101001.47,101014.4,101000.28
17790.148136187,8802,100997.21,101220.95,101001.67,104049.25,101025.06,101012.45,101013.34,101004.29
17790.16873196,8803,101007.33,101210.76,101017.72,104041.24,101019.81,100998.29,101006.35,101015.41
17790.189259811,8804,101010.27,101214.8,100994.67,104041.24,101025.06,101010.55,101022.45,101000.28
17790.210017699,8805,101002.27,101198.64,101002.7,104044.15,101024.01,101001.47,101014.4,101012.31
17790.233961817,8806,101007.33,101451.17,100997.65,104112.24,101031.01,101000.41,101006.35,101001.31
17790.25445834,8807,101003.33,101566.17,101001.67,104121.35,101018.94,101009.49,101016.52,100998.21
17790.275056947,8808,100997.21,101530.88,100993.64,104121.35,101020.86,101018.58,101006.35,101010.37
17790.29702128,8809,100997.21,101527.91,101001.67,104113.34,101026.98,100999.35,101006.35,100999.24
17790.316229835,8810,101007.33,101505.59,100996.62,104112.24,101014.92,101005.48,101002.33,101010.37
17790.336696803,8811,101003.33,101503.67,101001.67,104112.24,101024.01,100999.35,101014.4,101008.3
17790.357171673,8812,101004.14,101507.71,101001.67,104109.33,101018.94,100997.45,101014.4,101001.31
17790.377752884,8813,100997.21,101505.59,100997.65,104103.14,101020.17,100996.39,101006.35,101012.31
17790.401984136,8814,101001.21,101490.49,101005.68,104099.13,101024.01,101003.36,101024.57,101015.29
17790.422459117,8815,101001.21,101483.48,100993.64,104096.22,101016.84,101009.49,101014.4,101004.29
17790.44312779,8816,101002.27,101478.38,101002.7,104104.23,101024.01,101000.41,101007.41,101000.28
17790.46350332,8817,101004.4,101481.35,101011.76,104095.13,101022.96,101000.41,101023.51,101012.31
17790.484237613,8818,101006.27,101491.56,100993.64,104109.33,101024.01,100999.35,101006.35,100998.33
17790.504629958,8819,100999.33,101699.46,100990.66,104159.21,101022.96,101002.52,101002.33,101005.32
17790.525172341,8820,100997.21,101837.86,101001.67,104192.35,101032.06,100992.38,101014.4,101004.29
17790.545803147,8821,100997.21,101798.53,100993.64,104179.24,101015.97,101005.48,101002.33,100997.3
17790.570039606,8822,100996.14,101801.5,100993.64,104191.25,101024.01,101004.42,101014.4,101013.34
17790.590521457,8823,100993.2,101782.37,100993.64,104177.42,101024.01,101000.41,101011.44,101010.37
17790.611046042,8824,100997.21,101769.19,100993.64,104179.24,101014.92,101000.41,101015.46,101008.3
17790.631520402,8825,100998.27,101770.25,101001.67,104177.42,101029.08,101000.41,101013.34,101012.31
17790.65223211,8826,100997.21,101760.05,100993.64,104164.31,101022.96,101000.41,101010.37,101000.28
17790.672633449,8827,101003.33,101760.05,100989.63,104173.42,101025.06,100999.35,101016.52,101008.3
17790.693251306,8828,100997.21,101766.21,100994.67,104169.41,101029.08,101006.54,101003.39,101013.34
17790.716965967,8829,101001.21,101756.23,100993.64,104161.4,101022.96,100998.29,101015.46,101002.34
17790.738122608,8830,101005.21,101747.93,101005.68,104177.42,101019.99,100999.35,101006.35,101002.34
17790.758568855,8831,101004.4,101748.99,101010.73,104164.31,101022.96,101014.57,101020.55,101000.28
17790.779203147,8832,101005.21,101954.99,100993.64,104239.32,101022.96,100996.39,101015.46,101005.32
17790.79976622,8833,101007.33,102131.66,100994.67,104268.45,101018.94,100996.39,101013.34,101008.3
17790.820235632,8834,101006.27,102111.46,101010.73,104267.36,101014.92,101008.44,101006.35,101008.3
17790.840659365,8835,101007.33,102099.34,101002.7,104243.32,101022.96,101000.41,101006.35,100995.23
17790.86141489,8836,101003.33,102083.19,100994.67,104253.53,101022.96,101007.38,101020.55,101012.31
17790.884963008,8837,101004.14,102088.29,101004.64,104255.34,101019.99,101002.31,101015.46,101009.33
17790.906012548,8838,100997.46,102076.17,101001.67,104253.53,101022.96,101000.41,101007.41,101008.3
17790.926116096,8839,101000.14,102069.16,100997.65,104243.32,101027.86,101008.44,101008.48,101017.35
17790.947202562,8840,101005.21,102065.96,100992.6,104249.52,101032.06,100998.29,101014.4,101000.28
17790.968536712,8841,101005.21,102054.91,101003.73,104229.12,101018.94,101004.42,101013.34,101009.33
17790.989135699,8842,101010.27,102064.06,100989.63,104229.5,101018.94,100997.45,101014.4,101010.37
17791.008601413,8843,101004.4,102047.9,100998.69,104240.42,101024.01,101002.31,101015.46,101015.41
17791.029429818,8844,100999.33,102053.01,101001.67,104239.32,101015.97,101010.55,101012.27,101016.32
17791.052984978,8845,100988.14,102382.11,101003.73,104325.63,101026.98,101007.38,101002.33,101017.35
17791.073458336,8846,101005.21,102434.62,100999.72,104336.55,101025.06,101003.58,100998.3,101018.39
17791.094118336,8847,100998.27,102404.45,100997.65,104320.53,101024.01,101004.42,101012.5,101000.28
17791.114652376,8848,101005.21,102394.23,101007.75,104313.61,101014.92,101010.55,101015.46,101016.32
17791.13515631,8849,101010.27,102396.37,100997.65,104311.42,101022.96,101009.49,101006.35,101010.24
17791.1562927,8850,101005.21,102396.37,100993.64,104304.5,101024.01,101001.47,101014.4,101013.34
17791.176175204,8851,101007.33,102372.13,100993.64,104316.52,101021.04,101004.42,101016.52,101003.38
17791.19731458,8852,100998.27,102372.13,101001.67,104312.51,101022.96,101007.38,101015.46,101013.34
17791.220991824,8853,101007.33,102374.03,100997.65,104313.61,101022.96,101000.41,101020.55,101010.37
17791.241502348,8854,101003.33,102380.21,100993.64,104308.51,101022.96,101003.36,101011.44,101010.37
17791.262064571,8855,101007.33,102357.87,100997.65,104305.6,101015.97,101008.65,101006.35,101018.39
17791.282519471,8856,101005.21,102371.06,101001.67,104305.6,101014.92,101001.47,101018.42,100998.33
17791.303249216,8857,100997.21,102352.76,100999.72,104307.41,101021.91,101005.48,101019.49,101014.38
17791.323874474,8858,100998.27,102721.45,100991.57,104407.55,101019.99,101002.52,100998.3,101010.37
17791.344515095,8859,101005.21,102775.04,101005.68,104401.74,101025.06,101000.41,101006.35,101018.39
17791.364907711,8860,101001.21,102747.84,100997.65,104404.64,101022.96,101008.44,101014.4,101005.32
17791.389013704,8861,101007.33,102735.72,101001.67,104385.71,101024.01,100998.29,101007.41,101010.37
17791.409468794,8862,100999.33,102723.6,101001.67,104380.61,101022.96,101008.44,101021.38,101014.38
17791.43116435,8863,101006.27,102709.33,100995.58,104384.62,101019.99,101000.41,101002.33,101018.39
17791.450540098,8864,100997.21,102714.44,101002.7,104387.52,101030.13,100999.35,101011.44,101012.31
17791.472101922,8865,100993.2,102701.25,100997.65,104383.52,101026.98,101008.44,101014.4,101002.34
17791.491618192,8866,101001.21,102701.25,101001.67,104371.5,101022.96,101005.48,100998.3,101002.34
17791.51219747,8867,101001.21,102701.25,100994.67,104369.69,101022.96,101004.42,101002.33,100996.27
17791.532691169,8868,100999.33,102687.24,101001.67,104363.49,101022.96,101006.54,101004.45,101014.38
17791.557042603,8869,101001.21,102695.32,101013.7,104369.69,101031.01,100998.29,101017.36,101006.23
17791.577575461,8870,100998.27,102685.09,100993.64,104370.4,101018.94,101005.48,101003.39,101004.29
17791.598108399,8871,101000.4,103021.49,100997.65,104472.74,101022.96,101004.42,101005.29,101009.33
17791.620196359,8872,100996.14,103113.34,100998.69,104480.75,101029.08,101007.38,101012.27,101010.37
17791.639176068,8873,100989.2,103042.77,100993.64,104472.74,101022.96,101003.36,101015.46,101010.37
17791.659684799,8874,100997.21,103044.65,100995.71,104463.63,101022.96,100996.39,101022.45,101014.38
17791.68023918,8875,100999.33,103042.77,100995.71,104459.62,101012.82,101000.41,101009.54,101001.31
17791.700671406,8876,100991.33,103036.84,100994.67,104464.73,101024.01,100995.34,101007.41,101010.37
17791.725005773,8877,101001.21,103016.37,101002.7,104456.72,101022.96,101002.52,101007.41,101003.25
17791.745494214,8878,101001.21,103020.41,100997.65,104457.82,101014.92,101003.36,101006.35,101019.42
17791.766364853,8879,101014.27,103000.21,100988.59,104449.8,101014.92,100992.38,101010.37,101007.26
17791.786779983,8880,100999.33,103002.37,100997.65,104457.82,101022.96,101001.47,101006.35,101010.37
17791.80750383,8881,101007.33,103001.29,100993.64,104455.62,101014.92,101004.42,101010.37,101014.38
17791.827652046,8882,101005.21,102992.13,100998.69,104456.72,101021.04,100997.45,101006.35,101008.3
17791.848220578,8883,101003.33,103004.25,100981.6,104443.6,101033.11,101000.41,101013.34,101009.33
17791.868769119,8884,101005.21,103438.73,101000.76,104539.74,101018.94,101004.42,101017.36,101000.28
17791.893054714,8885,101008.4,103437.65,100989.63,104557.96,101024.01,101001.47,101006.35,101003.25
17791.913513319,8886,100993.2,103388.08,100995.71,104543.74,101025.06,101008.44,101007.41,101007.26
17791.934117065,8887,101003.33,103388.08,101007.75,104528.82,101017.02,101004.42,101006.35,101008.3
17791.954550602,8888,100997.21,103371.92,100999.72,104521.91,101018.94,101001.47,101005.29,101001.31
17791.975241289,8889,100989.2,103367.88,100993.64,104527.72,101018.94,100982.24,101010.37,101010.37
17791.995810502,8890,101009.21,103347.68,101006.71,104535.73,101021.04,100999.35,101008.48,101000.28
17792.016235086,8891,101006.27,103344.72,100996.62,104529.92,101022.96,101008.44,101006.35,101010.37
17792.040022877,8892,100998.27,103339.6,101002.7,104523.71,101022.96,101005.48,101003.39,101012.31
17792.061096092,8893,101009.21,103329.63,101001.67,104526.62,101021.04,101009.49,101006.35,101000.28
17792.081667268,8894,100999.33,103332.59,100995.71,104519.71,101029.96,101009.49,101010.37,101017.35
17792.102203251,8895,100997.21,103337.72,101002.7,104524.81,101015.97,101009.49,101006.35,100996.27
17792.122598801,8896,101002.27,103371.92,101004.64,104529.92,101018.94,101003.36,101011.44,101008.3
17792.143308346,8897,101009.21,103767.9,101009.69,104619.85,101019.99,101002.52,101002.33,101008.3
17792.163601411,8898,101011.33,103755.78,101002.7,104614.75,101024.01,101003.36,101014.4,101014.38
17792.184540133,8899,100989.2,103717.54,100994.67,104600.92,101018.94,100999.35,101015.46,100998.33
17792.208021181,8900,100998.27,103714.29,100995.71,104598.72,101033.11,101008.44,101015.46,101012.31
17792.229073044,8901,101009.21,103703.25,101005.68,104600.92,101024.01,101005.48,101014.4,101009.33
17792.249152356,8902,100997.21,103695.17,101002.7,104602.02,101022.96,101009.49,101016.52,101013.34
17792.270259352,8903,100995.33,103696.25,100986.65,104592.91,101018.94,100992.38,101006.35,101012.31
17792.290214216,8904,101009.21,103693.29,100999.72,104592.91,101025.06,101018.58,101018.42,101000.28
17792.311271908,8905,101007.33,103697.33,101007.75,104602.02,101029.08,101004.42,101014.4,101012.31
17792.331877215,8906,100999.33,103673.09,100989.63,104587.81,101018.94,101002.52,101015.46,101008.3
17792.352293306,8907,101007.33,103679.0,100991.69,104592.91,101024.01,101001.47,100996.18,100996.27
17792.376040596,8908,100987.33,103676.05,101003.73,104592.91,101024.01,101004.42,101008.48,101008.3
17792.396523989,8909,100997.21,103699.21,101005.68,104596.92,101022.96,101004.42,100994.28,101002.34
17792.417129898,8910,100999.33,104172.0,101001.67,104710.88,101018.94,101002.52,101006.35,101010.37
17792.438185396,8911,101007.33,104137.8,100997.65,104693.06,101022.96,101001.47,101008.48,101002.34
17792.45821319,8912,100999.33,104107.34,101001.67,104673.73,101017.02,101010.55,101010.37,101010.37
17792.479292735,8913,100998.27,104091.17,101005.68,104686.15,101019.99,101012.45,101024.57,101006.36
17792.499234298,8914,101009.21,104083.09,100994.67,104675.93,101014.92,101002.52,101014.4,101025.38
17792.520294424,8915,101003.33,104079.05,100997.65,104673.03,101011.94,101005.48,101011.44,101002.22
17792.544048104,8916,101005.21,104057.76,100991.69,104671.93,101025.93,101008.44,101002.33,101001.31
17792.564484486,8917,100991.33,104043.77,101003.73,104674.13,101033.11,101012.45,101023.51,101008.3
17792.585114681,8918,101000.4,104043.77,100998.69,104659.91,101024.01,101001.47,101013.34,101002.34
17792.6056681,8919,100997.21,104052.94,100997.65,104674.83,101018.94,101000.41,101014.4,101008.3
17792.628066149,8920,100991.33,104033.51,101005.68,104670.12,101025.06,101012.45,101004.45,100999.24
17792.646953108,8921,101003.33,104034.6,101001.67,104659.91,101026.11,101000.41,101010.37,101002.34
17792.667718067,8922,100998.27,104050.76,100997.65,104679.94,101020.86,101009.49,101014.4,101018.39
17792.688324135,8923,101002.27,104545.98,101004.64,104778.98,101025.06,100999.35,101008.48,101018.39
17792.712031194,8924,101001.21,104501.52,100997.65,104753.15,101022.96,100999.57,101006.35,101008.3
17792.732501517,8925,100985.2,104481.31,100995.71,104752.04,101019.99,101008.44,101018.42,101012.31
17792.75314971,8926,100993.2,104465.15,100997.65,104752.04,101022.96,101014.57,101014.4,101010.37
17792.773564079,8927,101005.21,104471.05,101002.7,104748.04,101026.11,101008.44,101005.29,101018.39
17792.794232912,8928,100997.21,104469.96,100999.72,104748.04,101022.96,100999.35,101008.48,101001.31
17792.814649294,8929,101007.33,104462.97,100991.69,104737.12,101018.94,101010.55,101014.4,101008.3
17792.835271427,8930,101007.33,104458.93,100998.69,104740.03,101018.94,101008.44,101018.42,101008.3
17792.855719276,8931,100995.33,104454.88,100994.67,104736.02,101018.07,101011.39,101015.46,101016.32
17792.880073635,8932,101007.33,104446.8,100999.72,104742.23,101015.97,100998.51,101010.37,101004.29
17792.900491519,8933,101003.33,104439.81,100999.72,104744.03,101028.03,101011.39,101004.23,101008.3
17792.921132911,8934,101003.33,104443.85,101011.76,104736.02,101026.11,101008.44,101015.46,101010.37
17792.941601261,8935,101011.33,104504.47,101006.71,104742.23,101029.08,100990.26,101014.4,101008.3
17792.962251316,8936,100999.33,105020.71,100995.71,104858.4,101018.94,101000.41,101014.4,101000.28
17792.982670663,8937,101007.33,104923.71,100999.72,104832.16,101017.02,100997.45,101003.39,101012.31
17793.003365776,8938,101003.33,104911.58,100996.62,104825.25,101022.96,101004.42,101019.49,101012.31
17793.023716118,8939,100997.21,104891.37,100993.64,104822.35,101021.04,101005.48,101006.35,100996.27
17793.048056204,8940,101000.4,104875.21,100993.64,104824.15,101016.84,101004.42,101014.4,101020.33
17793.068572147,8941,101007.33,104864.17,101002.7,104815.04,101026.11,101011.61,101016.52,101000.28
17793.089182532,8942,101000.4,104855.0,101007.62,104818.34,101022.96,101002.52,101007.41,101000.28
17793.109582829,8943,101005.21,104863.08,101001.67,104816.14,101015.97,101007.38,101010.37,101012.31
17793.130266405,8944,100997.46,104850.95,101001.67,104809.23,101015.97,101002.52,101005.29,100993.29
17793.150679292,8945,100989.2,104846.91,101001.67,104809.23,101022.96,101004.42,101001.26,101010.37
17793.171358271,8946,100999.33,104842.87,101003.73,104810.33,101028.03,101005.48,101010.37,101006.36
17793.191756986,8947,100992.14,104838.83,101003.73,104812.13,101022.96,101010.55,101022.45,101006.36
17793.216076712,8948,101001.21,104882.19,100987.68,104820.15,101015.97,101008.44,101010.37,101000.28
17793.236512673,8949,101006.27,105384.49,100986.65,104910.48,101014.92,101012.45,101008.48,101004.29
17793.257122287,8950,100998.27,105353.25,101005.68,104892.25,101021.91,101005.48,101010.37,101013.34
17793.277620252,8951,101004.14,105327.9,101003.73,104888.25,101024.01,101000.41,101015.46,101014.38
17793.298201273,8952,101007.33,105299.61,100999.72,104881.34,101021.91,101008.44,101003.39,101022.4
17793.318644746,8953,101013.21,105299.61,100994.67,104878.03,101019.99,101008.44,101018.42,101008.3
17793.339383976,8954,100999.33,105290.42,101009.69,104878.03,101017.89,101009.49,101006.35,101002.34
17793.363069022,8955,101005.21,105287.48,101001.67,104872.22,101032.06,100997.45,101005.51,101016.32
17793.384127395,8956,100999.33,105282.34,101002.7,104873.33,101022.96,101010.55,101014.4,101003.38
17793.404547522,8957,101009.21,105263.23,100995.71,104868.22,101015.97,101000.41,101006.35,101005.32
17793.425216205,8958,101011.33,105250.0,100997.65,104872.22,101022.96,101002.52,100997.24,101004.29
17793.445563292,8959,100997.21,105255.14,101005.68,104866.42,101025.06,100991.32,101008.48,101001.31
17793.466190863,8960,100993.2,105256.24,101009.69,104848.19,101022.96,101000.41,101015.46,101014.38
17793.486953929,8961,100999.33,105376.41,101002.7,104880.24,101018.94,101000.41,101006.35,101013.34
17793.507677606,8962,101007.33,105821.06,100993.64,104982.59,101014.92,100998.29,101006.35,101009.33
17793.531069739,8963,100997.21,105768.51,101001.67,104960.36,101021.04,101013.51,101006.35,100996.27
17793.5520809,8964,101007.33,105742.05,100999.72,104950.14,101021.04,100998.29,101006.35,101014.38
17793.572187854,8965,100997.21,105726.98,100995.71,104945.44,101022.96,100990.26,101012.5,100998.33
17793.593194679,8966,101005.21,105708.98,101004.77,104934.11,101014.92,101003.36,101010.37,101005.32
17793.613238357,8967,100999.33,105699.79,100993.64,104944.33,101024.01,101000.41,101022.45,100998.21
17793.634333676,8968,100997.21,105683.62,100990.66,104941.43,101022.96,101001.47,101022.45,101010.37
17793.654707323,8969,101003.33,105683.62,101003.73,104940.33,101017.89,101006.54,101011.44,101012.31
17793.675678454,8970,101003.33,105667.45,100995.71,104920.3,101019.81,100992.38,100999.37,101012.31
17793.699086691,8971,101001.46,105659.37,101004.77,104935.22,101024.01,100994.28,101013.34,101001.31
17793.719504885,8972,101006.27,105664.51,100999.72,104920.3,101022.96,101007.6,101014.4,101008.3
17793.740142802,8973,101005.21,105647.24,100999.72,104924.3,101032.06,101004.42,101013.34,101008.3
17793.76131044,8974,101000.4,105759.32,100995.71,104960.36,101015.97,101003.58,101009.31,101018.39
17793.781282009,8975,100997.21,106257.68,100999.72,105057.61,101026.98,100992.38,101002.33,100996.27
17793.802274342,8976,101007.33,106201.08,101003.73,105031.36,101020.86,101000.41,101014.4,101010.37
17793.822413164,8977,100999.33,106168.74,100999.72,105038.68,101018.94,101001.47,101006.35,101009.33
17793.845171237,8978,101007.33,106147.42,100997.65,105026.25,101022.96,101009.49,101009.31,101000.28
17793.867235011,8979,100997.21,106144.48,101003.73,105019.34,101024.01,101008.44,101010.37,101014.38
17793.887568267,8980,101007.33,106136.39,100998.69,105028.46,101022.96,100984.35,101004.23,101008.3
17793.908243911,8981,100998.27,106125.37,101005.68,105020.45,101022.96,101016.46,100999.14,101000.28
17793.928788977,8982,100997.21,106119.12,100999.72,105024.45,101026.98,101000.41,101010.37,101014.38
17793.949491863,8983,101001.21,106112.14,101002.7,105008.43,101014.92,101008.44,101006.35,101006.36
17793.969652988,8984,100997.21,106105.16,101001.67,105006.22,101022.96,101013.51,101005.29,101009.33
17793.990285467,8985,100999.33,106095.97,101005.68,105008.43,101022.96,101009.49,101012.5,101012.31
17794.011316819,8986,101002.27,106094.14,100993.64,104992.41,101022.96,101004.42,101006.35,101009.33
17794.035089678,8987,100999.33,106225.34,101002.7,105057.61,101021.91,101008.44,101009.54,100997.3
17794.055522554,8988,100999.33,106730.73,100999.72,105136.63,101022.96,101010.33,101001.26,101008.3
17794.076191378,8989,101002.27,106655.01,101002.7,105106.79,101022.96,101009.49,101006.35,101009.33
17794.096571405,8990,100999.33,106621.56,101003.73,105098.77,101022.96,101005.48,101014.4,101007.26
17794.117254931,8991,101007.33,106606.5,101007.75,105098.77,101012.99,101016.46,101014.4,101008.3
17794.137738384,8992,101003.33,106589.21,101002.7,105089.66,101022.96,101007.38,101006.35,100992.25
17794.158312334,8993,101015.33,106580.01,101001.79,105088.55,101025.06,100987.31,101014.4,101008.3
17794.178860255,8994,100999.33,106559.09,100999.72,105088.55,101018.94,101010.55,101010.37,101014.38
17794.203161953,8995,101005.21,106548.78,100998.69,105071.42,101010.9,101008.44,101015.46,101010.37
17794.223520257,8996,101007.33,106547.67,100994.67,105076.53,101025.06,101001.47,101015.46,101003.38
17794.244217924,8997,100999.33,106535.54,100995.71,105065.62,101018.94,100993.44,101022.45,101001.31
17794.264591541,8998,101003.33,106535.54,101003.73,105069.63,101013.87,101000.41,101007.41,101010.37
17794.285260505,8999,101004.4,106517.54,100993.64,105068.52,101022.96,101000.41,101022.45,101011.4
17794.307821731,9000,101005.21,106787.33,100999.72,105143.53,101016.84,100997.45,101014.4,100992.25
17794.327055604,9001,101003.33,107171.47,100995.71,105226.98,101022.96,101008.44,101000.43,101004.29
17794.346998219,9002,100993.2,107114.86,100997.65,105202.94,101024.01,101004.42,101014.4,100992.25
17794.371136611,9003,100999.33,107094.64,101011.76,105181.8,101018.94,101005.48,101022.45,101009.33
17794.391570639,9004,101004.4,107090.6,101002.7,105184.7,101018.94,101001.47,101006.35,101012.31
17794.412182256,9005,101001.21,107069.26,101006.71,105176.69,101021.91,101008.44,101006.35,101012.31
17794.433365118,9006,101007.33,107051.28,100996.74,105173.79,101019.99,101000.41,101006.35,101008.3
17794.453220741,9007,101003.33,107048.35,101001.67,105165.78,101007.92,101008.44,101014.4,101021.37
17794.473774491,9008,101000.4,107047.23,100998.69,105168.68,101022.96,100992.38,101014.4,101012.31
17794.494540131,9009,100995.33,107025.9,100994.67,105167.57,101014.92,101000.41,101007.41,101017.35
17794.518506683,9010,100990.27,107029.94,100994.67,105162.88,101018.94,101010.55,101014.4,101010.37
17794.539119231,9011,100991.33,107008.61,101003.73,105152.65,101026.98,101003.36,101014.4,101004.29
17794.5595671,9012,100999.33,107009.72,100999.72,105160.66,101025.93,101010.55,101006.35,101009.33
17794.58037204,9013,100999.33,107268.52,100997.65,105228.77,101015.97,101005.48,101012.5,101006.36
17794.600843555,9014,100999.33,107693.14,100996.74,105332.94,101010.9,100999.35,101006.35,100995.23
17794.621309332,9015,101005.21,107592.04,101001.67,105296.88,101017.89,101002.52,100998.3,101008.3
17794.641739244,9016,100997.21,107563.73,101001.67,105297.99,101025.06,101004.42,101002.33,100996.27
17794.662291701,9017,101008.4,107543.51,100997.65,105281.96,101024.01,101009.49,101008.48,101000.28
17794.686066794,9018,100997.21,107523.29,101001.67,105289.97,101021.04,101008.44,101014.4,101012.31
17794.707142783,9019,101007.33,107523.29,101001.67,105279.75,101024.01,101009.49,101023.51,101012.31
17794.727602811,9020,101000.4,107504.19,101007.75,105272.84,101017.89,101000.41,101008.48,101009.33
17794.748179985,9021,100997.21,107503.07,101001.67,105264.83,101014.92,100998.51,101014.4,101006.36
17794.768694095,9022,101001.21,107482.85,101002.7,105276.85,101022.96,101010.55,101005.29,101008.3
17794.789303358,9023,101007.33,107482.85,101007.75,105265.94,101016.84,100999.35,101008.48,101002.34
17794.809846953,9024,101013.46,107474.76,100993.64,105269.94,101026.98,101000.41,101007.41,100998.33
17794.830488645,9025,100999.33,107457.46,100994.67,105249.91,101017.89,101002.52,101013.34,101000.28
17794.854190457,9026,100998.27,107883.22,100995.71,105411.28,101022.96,101003.36,101006.35,101004.29
17794.875124752,9027,101009.46,108133.98,100995.71,105570.43,101015.97,101001.47,101014.4,101010.37
17794.89526104,9028,101002.27,108064.09,100997.65,105513.23,101018.94,101002.52,101007.41,101004.29
17794.916182125,9029,101003.33,108038.03,100998.69,105493.2,101013.87,101010.55,101008.48,101009.33
17794.936238783,9030,101003.33,108011.51,100994.67,105478.28,101019.99,100998.29,101014.4,101009.33
17794.957320611,9031,101006.27,107988.37,101005.68,105477.17,101028.91,101008.44,101007.41,101008.3
17794.977795962,9032,101003.33,107972.2,101006.71,105473.16,101018.94,101000.41,101016.52,101000.28
17794.998560971,9033,101009.21,107966.35,100996.74,105462.25,101014.92,101006.54,101007.41,101016.32
17795.022083371,9034,100997.21,107956.02,100999.72,105450.23,101022.96,101009.49,101009.54,101012.31
17795.042569268,9035,101008.4,107939.84,101011.76,105449.13,101015.97,100999.35,101005.29,101011.4
17795.063202187,9036,101009.46,107917.37,101003.73,105441.11,101032.06,101002.52,101002.33,100996.27
17795.084212958,9037,101007.33,107906.36,100999.72,105446.23,101014.92,101008.44,101006.35,101018.39
17795.104284067,9038,100994.27,107909.73,101003.73,105435.31,101024.01,101000.41,101014.4,101012.31
17795.125322881,9039,101003.33,107891.31,100995.71,105442.22,101024.01,100992.38,101007.41,101006.36
17795.145225806,9040,101008.4,107891.31,101001.67,105433.1,101022.96,101011.61,100998.3,101008.3
17795.166345942,9041,101007.33,107882.1,100994.67,105423.98,101022.96,101000.41,101006.35,101018.39
17795.190089526,9042,101007.33,107867.04,100995.71,105430.2,101018.94,101016.46,101004.45,101003.38
17795.21055321,9043,101001.21,107875.13,101008.78,105419.29,101027.86,101008.44,101002.33,101006.23
17795.231156173,9044,100989.2,108169.25,101003.73,105634.54,101022.96,100993.44,101009.31,101000.28
17795.251658295,9045,101003.33,108670.8,101001.67,105901.89,101019.99,100997.45,101000.2,101012.31
17795.272263292,9046,101011.33,108570.81,100997.78,105825.75,101024.01,101005.48,101010.37,101010.37
17795.292751973,9047,100999.33,108538.45,100995.71,105800.6,101022.96,101001.47,101010.37,101010.37
17795.313704165,9048,100998.27,108523.4,100998.69,105789.69,101021.04,101001.47,101004.23,101009.33
17795.33435397,9049,100994.27,108506.09,101007.75,105765.65,101022.96,101002.52,101006.35,101002.34
17795.358100048,9050,101007.33,108480.69,101001.67,105757.64,101017.02,101004.42,101014.4,100998.21
17795.378578835,9051,100995.33,108481.82,101007.75,105753.63,101017.02,100992.38,101014.4,100996.27
17795.399204483,9052,101011.33,108460.47,101003.73,105749.62,101022.96,101009.49,101008.48,101009.33
17795.419595576,9053,101000.4,108457.55,100995.71,105753.63,101021.91,101005.48,101005.29,101009.33
17795.440384261,9054,101008.4,108448.33,101003.73,105741.61,101021.91,100996.39,101019.49,101008.3
17795.460802065,9055,101005.21,108433.28,100999.72,105729.59,101012.82,100996.39,101016.52,101004.29
17795.481340051,9056,101001.46,108433.28,100997.65,105729.59,101018.94,101001.47,101015.46,101003.25
17795.501815232,9057,100998.27,108417.1,101001.67,105714.67,101022.96,101000.41,101008.48,101012.31
17795.526142369,9058,101005.21,108417.1,101006.71,105714.67,101022.96,101003.58,100998.3,101022.4
17795.54663752,9059,101001.21,108396.88,100995.71,105785.69,101014.92,101000.41,101001.49,101011.28
17795.567322598,9060,100997.21,108411.93,101002.7,105858.92,101022.96,101008.44,101020.55,101015.41
17795.587779291,9061,101006.27,108441.37,100995.71,105881.85,101014.92,101005.48,101015.46,101009.33
17795.608219288,9062,100999.33,108406.76,100995.71,105956.2,101029.96,101007.38,101026.7,101012.31
17795.629455871,9063,100992.39,108407.89,100995.71,106022.09,101020.86,101002.52,101025.64,101010.37
17795.649312305,9064,101007.33,108409.01,101003.73,106099.34,101021.91,101007.6,101024.57,101008.3
17795.669799985,9065,101007.33,108400.92,101012.8,106138.3,101026.98,101008.44,101008.48,101008.3
17795.694140272,9066,100999.33,108418.89,101007.75,106151.44,101026.98,101002.52,101031.56,101003.25
17795.714571667,9067,100999.33,108417.1,101003.73,106208.65,101022.96,101004.42,101024.57,101016.32
17795.73527366,9068,100995.33,108437.33,100999.72,106242.49,101026.98,101002.52,101008.48,101002.34
17795.755723903,9069,101010.27,108435.54,101013.83,106292.81,101022.96,100996.39,101016.52,101012.31
17795.776590276,9070,101005.46,108436.2,100996.74,106346.68,101018.94,101007.38,101003.39,101029.39
17795.796728066,9071,100999.33,108455.29,100999.72,106443.97,101026.98,101008.44,101016.52,101005.32
17795.817300364,9072,100999.33,108461.6,101012.8,106516.11,101029.96,101012.45,101001.49,101010.37
17795.841621001,9073,100999.33,108472.6,101000.76,106603.15,101022.96,100998.29,101016.52,101022.4
17795.862143934,9074,101007.33,108469.69,101008.78,106667.27,101022.96,101000.41,101012.5,101008.3
17795.882593465,9075,100989.2,108461.6,100999.72,106726.27,101018.94,101000.41,101007.41,101009.33
17795.903194627,9076,101007.33,108449.46,101003.73,106779.49,101029.08,101010.55,101014.4,101006.36
17795.923712572,9077,101007.33,108460.47,101007.75,106787.5,101022.96,101002.52,101013.56,101013.34
17795.944341205,9078,100997.21,108481.82,100999.72,106835.6,101018.94,101003.36,101017.59,101018.39
17795.964774863,9079,101008.4,108485.87,101003.73,106867.66,101022.96,100994.5,101015.46,101008.3
17795.985661926,9080,101006.27,108506.09,101003.73,106903.73,101022.96,101001.47,101003.39,101007.26
17796.009547175,9081,101008.4,108498.0,101009.82,106966.73,101026.98,101000.41,101008.48,101002.34
17796.0302363,9082,101008.4,108518.22,100995.71,107052.02,101025.93,101009.49,101016.52,101004.29
17796.050247258,9083,100999.33,108530.36,101008.78,107124.17,101022.96,101014.57,101006.35,101016.32
17796.071276397,9084,101005.46,108546.54,101003.73,107212.34,101021.91,101005.48,101018.42,101008.3
17796.091737937,9085,101003.33,108570.81,100999.72,107268.46,101016.84,101008.44,101016.52,101011.28
17796.112403766,9086,101000.4,108565.63,101011.76,107308.54,101022.96,101009.49,101008.48,101008.3
17796.132966729,9087,101001.46,108578.9,101004.77,107320.57,101031.01,101009.49,101008.48,101000.28
17796.153747002,9088,100997.46,108613.52,101004.77,107340.61,101022.96,101009.49,101008.48,101006.36
17796.177145194,9089,101008.4,108597.34,101012.8,107370.92,101022.96,101000.41,101010.37,101004.29
17796.19812019,9090,101007.33,109660.8,101003.73,108166.38,101013.87,101000.41,101017.59,100994.2
17796.218243218,9091,101007.33,110194.88,100995.71,108767.77,101022.96,101004.42,101007.41,101008.3
17796.239250614,9092,101005.46,110147.47,100999.72,108663.53,101012.82,100998.51,101004.45,101000.28
17796.261120545,9093,101008.4,110139.38,101008.78,108661.25,101024.01,101000.41,101007.41,101008.3
17796.280336781,9094,100991.33,110147.47,101003.73,108687.58,101022.96,101008.44,101016.52,101008.3
17796.300813244,9095,101000.4,110174.65,100999.72,108627.44,101022.96,101008.44,101028.6,101012.31
17796.321452162,9096,100999.33,110176.94,100999.72,108688.72,101031.01,101008.44,101016.52,101001.31
17796.345119151,9097,101004.4,110205.27,101000.76,108700.75,101018.94,101009.49,101016.52,101009.33
17796.36565265,9098,101001.46,110197.17,100995.71,108707.63,101024.89,101001.47,101010.6,101005.32
17796.388295178,9099,101008.4,110197.17,101003.73,108714.51,101022.96,101002.52,101020.55,101012.31
17796.407260936,9100,101000.4,110213.36,100995.71,108735.7,101013.87,100996.39,101009.54,101018.39
17796.42833343,9101,101004.4,110229.54,100999.72,108771.78,101019.81,101000.41,101012.5,100996.27
17796.448305189,9102,101004.4,110259.02,100999.72,108821.04,101031.01,101008.44,101016.52,101008.3
17796.468319433,9103,101005.21,110295.43,100999.72,108884.05,101022.96,101005.48,101009.54,100993.29
17796.489425848,9104,101003.33,110304.13,101004.77,108937.32,101031.01,101004.42,101006.35,101016.32
17796.514151338,9105,100999.33,110328.95,101012.8,108976.27,101026.98,101006.54,101008.48,101016.32
17796.533612645,9106,100999.33,110349.19,101003.73,109016.37,101028.91,101012.45,101002.33,101009.33
17796.554962358,9107,100992.39,110370.02,100995.71,109028.4,101022.96,101008.44,101008.48,101009.33
17796.574643278,9108,100997.46,110393.7,101017.84,109078.8,101022.96,101007.38,101024.57,101006.36
17796.595409849,9109,101013.46,110406.44,101011.76,109077.66,101022.96,101008.44,101009.54,101015.29
17796.615729645,9110,101005.46,110423.78,100999.72,109095.43,101019.81,101001.25,101012.5,101001.31
17796.636362564,9111,101009.46,110438.82,101012.8,109116.62,101014.92,101006.32,101014.4,101000.28
17796.657401558,9112,101001.46,110464.24,100995.71,109171.61,101026.98,101004.42,101013.56,101008.3
17796.681147967,9113,100991.33,110496.62,100998.69,109218.01,101024.01,101001.47,101006.35,101009.33
17796.701642827,9114,101005.46,110549.82,100995.71,109287.33,101026.98,101014.57,101007.41,101007.26
17796.722567057,9115,101007.33,110588.54,101003.73,109371.54,101018.94,101005.48,101016.52,101004.29
17796.742711557,9116,101003.33,110626.11,101008.78,109437.42,101009.85,100996.39,101016.52,101000.28
17796.763405449,9117,101005.46,110636.51,100998.69,109493.56,101016.84,101009.49,101004.45,101006.23
17796.783848481,9118,101000.4,110665.43,100995.71,109529.65,101020.86,101013.51,101010.37,101004.29
17796.804402741,9119,101007.33,110698.96,101003.73,109578.93,101022.96,101009.49,101012.5,101000.28
17796.825277306,9120,101000.4,110726.13,100996.74,109597.83,101031.01,101008.44,101016.52,101003.38
17796.849158309,9121,100992.39,110747.52,101004.77,109627.05,101025.93,101004.42,101016.52,101004.29
17796.869604335,9122,100993.46,110796.08,100995.71,109687.77,101019.81,101004.42,101016.52,100996.27
17796.89119317,9123,101007.33,110852.74,100999.72,109727.31,101028.91,101007.38,101016.52,101017.35
17796.910728089,9124,101007.33,110914.6,100996.74,109782.31,101022.96,100996.39,101008.48,100995.36
17796.931420368,9125,101000.4,110970.11,100995.71,109858.51,101028.03,100997.45,101009.54,101008.3
17796.9518107,9126,100999.33,111047.0,101002.7,109918.67,101028.91,101002.52,101009.54,101006.36
17796.972365822,9127,101005.21,111127.95,101007.75,109970.81,101025.93,100992.38,101008.48,101002.34
17796.992904819,9128,101000.4,111183.45,100993.76,110010.91,101022.96,100997.45,101007.41,101006.36
17797.017144404,9129,101007.33,111237.22,100994.67,110055.03,101022.96,101004.42,101016.52,101015.41
17797.037629019,9130,100998.27,111289.84,100995.71,110060.75,101021.91,101000.41,101025.64,100997.3
17797.058235017,9131,100991.33,111342.46,100995.71,110076.79,101020.86,101005.48,101024.57,101004.29
17797.07865832,9132,100999.33,111433.23,101006.71,110104.31,101031.01,101005.48,101015.46,101002.34
17797.099336718,9133,100999.33,111493.95,100999.72,110139.26,101026.98,100997.45,101014.4,101012.31
17797.119780992,9134,100999.33,111559.86,100989.63,110172.5,101031.01,101004.42,101007.41,100999.24
17797.140451388,9135,100996.39,111624.63,101003.73,110247.55,101016.84,101004.42,101008.48,101010.37
17797.164537189,9136,100997.46,111721.77,100994.67,110307.72,101008.8,100994.5,101007.41,101000.28
17797.185171962,9137,100992.39,111818.92,101003.73,110399.97,101021.91,101002.31,101006.35,101011.28
17797.205647393,9138,101004.4,111921.28,101011.76,110453.81,101036.95,101004.42,101009.54,101001.31
17797.22629222,9139,100998.27,111994.14,101003.73,110508.27,101026.98,101004.42,101015.46,100998.33
17797.24675401,9140,101003.33,112083.2,100995.71,110536.35,101031.01,101000.41,101008.48,101006.36
17797.267511658,9141,101008.4,112150.3,101003.73,110560.42,101018.94,101009.49,101016.52,101000.28
17797.287812425,9142,101005.46,112211.58,101003.73,110624.6,101031.01,101019.42,101019.49,101000.28
17797.30870013,9143,101008.4,112316.83,100992.73,110668.72,101022.96,101009.49,101009.54,101001.31
17797.332561833,9144,101004.4,112390.87,101006.84,110716.86,101021.91,101009.49,101017.59,101008.3
17797.35317966,9145,101001.46,112467.79,101004.77,110752.96,101029.96,101014.57,101012.5,101002.34
17797.373620098,9146,101003.33,112552.81,101000.76,110797.09,101022.96,101002.52,101016.52,101012.31
17797.394617368,9147,101000.4,112656.91,100995.71,110957.55,101031.01,101006.54,101002.33,101006.36
17797.414812746,9148,100995.33,114831.57,100983.67,113483.26,101006.87,100992.38,100992.38,100980.22
17797.435340866,9149,100988.39,115937.55,100988.72,115598.77,101015.97,101001.47,101000.43,100994.32
17797.456033646,9150,101000.4,115706.61,100994.67,115157.02,101014.92,100997.45,101000.43,101005.32
17797.47662335,9151,100999.33,115714.25,100997.65,115040.56,101013.87,101005.48,101008.48,101001.31
17797.500172951,9152,100990.27,115707.8,101003.73,114961.87,101014.74,100992.38,101006.35,100998.33
17797.521225165,9153,101000.4,115730.92,100999.72,114952.64,101025.93,101024.49,101008.48,101010.37
17797.541347021,9154,100997.46,115770.98,100983.67,114926.93,101018.94,101001.47,101004.45,100996.27
17797.562570924,9155,101005.46,115810.75,100991.69,114913.68,101021.91,101008.44,101016.52,101010.37
17797.58292411,9156,101000.4,115843.16,100993.64,114921.71,101021.91,101018.58,101013.56,101000.28
17797.603400383,9157,100997.46,116870.76,100995.71,116670.02,101022.96,100995.34,101000.43,100992.25
17797.623375086,9158,100991.33,117478.71,100996.74,117591.63,101020.86,101005.48,101006.35,101006.36
17797.646115714,9159,100995.33,117421.96,101005.8,117410.82,101036.08,101001.47,101016.52,101004.29
17797.668166117,9160,101001.46,117426.01,100999.72,117359.81,101018.94,100990.26,100998.3,100991.22
17797.688640767,9161,100992.39,117426.01,100999.72,117307.58,101020.86,101004.42,101009.54,101002.34
17797.709315159,9162,101005.46,117454.39,100997.78,117250.11,101030.13,101006.54,101008.48,101016.32
17797.731109145,9163,101012.4,117481.14,101000.76,117232.46,101020.86,101013.51,101004.45,100992.25
17797.750386233,9164,101000.4,117522.08,101000.76,117212.38,101020.86,101000.41,101012.5,101008.3
17797.771544747,9165,101005.46,117545.18,101008.78,117201.9,101020.86,101008.44,101007.41,100992.25
17797.791380731,9166,101005.46,117571.93,100996.74,117204.34,101018.94,101009.49,101016.52,101004.29
17797.812428017,9167,101011.33,117624.63,101003.73,117223.21,101015.97,101002.52,101007.41,101007.26
17797.836192003,9168,100991.33,117705.69,100995.71,117228.45,101013.87,101000.41,101011.44,101005.32
17797.856615986,9169,100991.33,117753.12,100982.63,117310.02,101010.9,100984.35,100984.33,100974.27
17797.877221444,9170,100991.33,117786.76,100999.72,117295.53,101019.81,100997.45,101004.45,101005.32
17797.897785759,9171,100990.27,117851.62,100999.72,117318.06,101005.82,101001.47,101007.41,100988.24
17797.918342934,9172,100992.39,117916.48,101000.76,117334.48,101026.98,101000.41,101016.52,101001.31
17797.93888129,9173,100993.2,118000.39,101003.73,117338.5,101022.96,101000.41,101017.59,100993.29
17797.960221339,9174,100998.27,118070.52,100999.72,117365.05,101018.94,101009.49,101006.35,101008.3
17797.980462806,9175,100999.33,118111.06,100994.67,117357.02,101017.89,101000.41,101018.65,101000.28
17798.004204578,9176,101001.46,118151.6,100998.69,117385.14,101022.96,101013.51,101010.37,101000.28
17798.024688823,9177,100993.2,118208.36,101003.73,117395.97,101021.91,101000.41,101005.51,101002.34
17798.045284005,9178,100983.33,118263.89,100983.67,117420.08,101005.82,101001.47,100988.36,100982.29
17798.065750743,9179,100992.39,118329.98,100980.69,117475.11,101012.82,101001.47,101000.43,100995.36
17798.086318834,9180,100993.46,118384.29,100995.71,117493.63,101025.06,100998.51,101000.43,100997.3
17798.106795447,9181,100999.33,118454.43,101003.73,117527.34,101021.91,100997.45,101008.48,101006.36
17798.12741747,9182,100999.33,118523.35,100993.64,117557.92,101020.86,101006.54,101011.66,101004.41
17798.147844838,9183,100992.39,118591.05,100990.66,117580.8,101012.82,100997.45,101008.48,101009.33
17798.172200949,9184,100988.39,118640.93,100986.65,117603.34,101018.94,101005.48,101005.51,100994.32
17798.193044837,9185,100992.39,118694.86,101005.8,117604.91,101022.96,101010.55,101000.43,100989.28
17798.213274367,9186,101000.4,118739.46,101000.76,117622.21,101031.01,101000.41,101001.49,101004.29
17798.23375134,9187,100988.39,118766.62,100999.72,117622.21,101022.96,100992.38,101009.54,101000.28
17798.254453774,9188,100992.39,118805.93,100994.67,117630.24,101019.81,100992.38,101007.41,100991.22
17798.274807451,9189,100992.39,118905.7,101003.73,117651.9,101024.89,101004.42,101004.45,100996.27
17798.295607153,9190,101000.4,118931.62,100994.67,117687.72,101013.87,100996.39,101005.51,101000.28
17798.316160532,9191,100993.46,119020.83,100991.69,117709.38,101022.96,101006.54,101000.43,100988.24
17798.340199783,9192,100992.39,119116.55,100995.71,117734.72,101025.93,101000.41,100999.37,100984.23
17798.360975619,9193,100992.39,119180.2,100991.69,117768.43,101020.86,101008.44,101004.45,100993.29
17798.381375225,9194,100992.39,119269.4,100999.72,117796.56,101024.89,101005.48,101000.43,100999.24
17798.401823946,9195,100996.39,119322.12,100999.72,117819.1,101029.96,101004.42,101000.43,100996.27
17798.422497456,9196,100995.33,119363.9,101004.77,117823.12,101014.92,101000.41,101008.48,101003.25
17798.442977124,9197,101001.46,119393.52,100988.72,117835.18,101022.96,100993.44,101008.48,101000.28
17798.463410582,9198,100993.46,119469.34,100999.72,117848.46,101016.84,100998.51,101009.54,100997.3
17798.48757323,9199,101008.4,119537.04,100994.67,117862.08,101025.93,101000.41,101010.6,101002.34
17798.508199018,9200,100999.33,119581.65,101004.77,117883.4,101028.91,101001.47,101001.49,100998.33
17798.528746288,9201,100999.33,119273.46,101003.73,117883.4,101022.96,100997.45,101016.52,101000.28
17798.549350194,9202,101161.49,113307.09,101189.38,111073.89,101174.76,101160.97,101196.55,101104.56
17798.569837763,9203,101025.46,113182.09,101029.76,111904.4,101071.23,101041.61,101036.65,101026.41
17798.590418083,9204,101021.46,113071.06,101016.81,111702.61,101039.05,101025.55,101032.62,101022.4
17798.61093037,9205,101008.4,112754.08,101021.86,111488.28,101036.95,101030.4,101028.6,101013.34
17798.631704863,9206,101005.21,112841.98,101004.77,112157.19,101015.79,101009.49,101024.57,101008.3
17798.655592335,9207,100988.39,112697.93,101004.77,111585.74,101011.77,101000.41,101011.44,101008.3
17798.676237743,9208,101000.4,112639.54,101007.75,111257.27,101017.89,101005.48,101017.59,101000.28
17798.696633524,9209,101007.33,112898.66,100987.68,112172.07,101020.86,101000.41,101009.54,100992.25
17798.717374487,9210,101002.27,112715.3,101008.78,111477.92,101026.98,100999.35,101018.65,100995.36
17798.737700732,9211,100991.33,112616.42,101004.77,111606.31,101022.96,101001.47,101004.45,100985.27
17798.758427844,9212,100993.46,112675.98,100995.71,111679.7,101021.91,100997.45,101005.51,100994.32
17798.77898576,9213,100993.46,112599.06,101000.76,111614.34,101014.92,101009.49,101009.54,100988.24
17798.799536755,9214,100999.33,112578.27,100996.74,111599.46,101022.96,101000.41,101010.6,101000.28
17798.823179687,9215,101000.4,112531.4,101003.73,111599.46,101012.82,101002.52,101014.63,100997.3
17798.844256038,9216,100997.21,112520.42,101003.73,111590.26,101016.84,101008.44,101024.57,101002.34
17798.864365625,9217,100985.46,112990.08,100995.71,112588.24,101015.97,101002.52,101000.43,100993.29
17798.88541863,9218,100955.33,115598.41,100955.58,118018.46,100961.58,100944.21,100964.21,100955.25
17798.905741861,9219,100943.33,116167.3,100956.61,118966.05,100965.6,100952.24,100957.22,100946.19
17798.926481962,9220,100980.39,115990.22,100967.62,118861.54,100990.78,100970.41,100992.38,100978.28
17798.947583851,9221,101004.4,116309.12,101003.73,120037.87,101014.92,101004.42,101004.45,100998.33
17798.967459395,9222,101000.4,116507.24,100991.69,120411.81,101014.92,101001.47,100998.53,100994.32
17798.991174857,9223,100991.33,114642.38,100999.72,114936.57,101026.98,101024.49,101018.65,101012.31
17799.011661525,9224,101057.21,109862.48,101056.94,106261.41,101111.45,101084.7,101074.99,101072.47
17799.032374775,9225,101049.21,112311.07,101143.29,103156.89,101159.72,101092.73,101169.45,101103.66
17799.053422522,9226,101095.35,103359.8,101116.11,104127.17,101134.54,101123.78,101126.24,101105.6
17799.073547433,9227,101092.41,100086.2,101097.07,103862.82,101124.57,101105.83,101123.28,101088.52
17799.094384501,9228,101074.28,98243.22,101084.0,103638.54,101120.55,101109.84,101112.04,101096.54
17799.116280181,9229,101071.34,96867.04,101075.97,103604.32,101095.36,101090.83,101099.14,101072.47
17799.135495806,9230,101057.47,97234.25,101059.92,103974.97,101085.22,101072.66,101075.82,101064.45
17799.159276657,9231,101039.34,98856.77,101046.85,104051.07,101071.23,101054.71,101057.83,101057.46
17799.179759659,9232,101057.47,98405.71,101067.95,104051.07,101079.27,101056.6,101074.99,101060.44
17799.200270654,9233,101029.46,98394.63,101023.8,104056.17,101059.16,101040.55,101042.8,101041.42
17799.220746065,9234,101029.46,98972.8,101031.83,104065.27,101059.16,101032.52,101036.65,101050.48
17799.24135629,9235,101009.46,98178.64,101029.88,104056.17,101055.14,101040.55,101038.77,101028.35
17799.261896049,9236,101020.4,98582.28,101022.77,104076.19,101054.09,101038.65,101024.57,101016.32
17799.282582689,9237,101024.4,98643.86,101023.8,104071.09,101049.02,101029.56,101032.62,101018.39
17799.303430053,9238,101011.33,98751.82,101029.88,104080.2,101054.09,101030.62,101025.64,101020.33
17799.327233258,9239,101015.33,98420.82,101012.8,104070.0,101047.1,101009.49,101028.6,101022.4
17799.347645002,9240,101007.33,98864.85,101007.75,104079.1,101039.05,101004.42,101024.57,101009.33
17799.368304973,9241,100999.33,98533.84,101003.73,104075.1,101039.05,101007.6,101029.66,101010.37
17799.388717489,9242,101005.21,98566.13,101007.75,104084.2,101039.05,101014.57,101011.44,101016.32
17799.409419532,9243,101000.4,98676.16,100999.72,104084.2,101022.96,101016.68,101024.57,101010.37
17799.430285043,9244,101000.4,98711.45,101007.75,104080.2,101029.96,101014.57,101028.6,101018.39
17799.450489685,9245,101005.46,98704.41,100998.69,104097.32,101032.06,101010.55,101017.59,101010.37
17799.47089501,9246,101008.4,98596.46,101008.78,104088.21,101031.01,101010.55,101024.57,101008.3
17799.495256559,9247,101009.46,98669.12,101004.77,104091.12,101026.98,101025.55,101025.64,101018.39
17799.525590242,9248,101004.4,98719.52,101006.71,104088.21,101031.01,101001.47,101016.52,101005.32
17799.538022637,9249,101001.46,98654.01,100995.71,104105.33,101026.98,101008.44,101008.48,101010.37
17799.562702428,9250,101000.4,98703.38,101003.73,104100.23,101035.03,101008.44,101017.59,101002.34
17799.577439509,9251,101001.46,98731.63,100999.72,104099.13,101031.01,101017.52,101016.52,101010.37
17799.598051256,9252,101004.4,98713.52,101011.76,104107.14,101031.01,101016.46,101022.67,101012.31
17799.619893335,9253,101001.46,98864.85,101011.76,104109.33,101022.96,101014.57,101025.64,101002.34
17799.639974089,9254,100999.33,98981.91,100999.72,104109.33,101033.98,101011.61,101013.56,101005.32
17799.663911847,9255,101000.4,98949.62,101004.77,104109.33,101029.96,101008.44,101017.59,100998.33
17799.683808462,9256,101011.33,98954.69,101011.76,104116.25,101031.01,101001.47,101016.52,101010.37
