t_pc,sample_idx,S0,S1,S2,S3,S4,S5,S6,S7
14882.775688207,3023,100997.19,98729.5,100994.09,104591.55,101012.21,100997.8,100993.33,101010.77
14882.781949656,3024,100999.32,98739.64,100992.16,104598.45,101025.31,101009.82,101001.36,101022.79
14882.806359658,3025,100999.32,98737.56,100995.13,104601.34,101024.45,101008.76,100995.46,101014.78
14882.82687205,3026,101002.25,98722.48,100997.2,104603.14,101041.38,101006.87,101009.4,101026.79
14882.847510011,3027,100997.19,98729.5,100998.1,104613.34,101038.41,101005.81,101011.53,101010.77
14882.868044126,3028,100988.13,98719.48,100987.11,104614.03,101030.38,101015.95,101010.46,101012.84
14882.88849855,3029,100991.33,98713.38,100986.08,104613.34,101039.46,100999.69,101007.51,101004.84
14882.909034939,3030,100996.12,98714.41,100997.2,104614.44,101031.43,101005.81,101003.49,101008.84
14882.929627211,3031,100985.2,98719.48,100986.08,104608.93,101032.48,101001.81,101012.59,101001.73
14882.953329982,3032,101001.18,98717.41,100994.09,104616.24,101030.38,100996.74,101002.43,101009.74
14882.974387149,3033,100998.25,98713.38,101000.17,104625.34,101020.43,101005.81,101015.54,100997.72
14882.994431913,3034,100991.33,98719.36,100995.13,104613.34,101020.43,101010.88,101010.46,100990.75
14883.015441337,3035,100994.26,98698.29,100996.16,104629.34,101024.45,101004.75,100998.41,100970.73
14883.035520113,3036,101001.18,98699.33,101003.14,104621.34,101020.43,101009.82,101008.33,100964.65
14883.056633073,3037,101017.16,98707.39,100996.16,104617.34,101008.38,101004.75,101018.5,100986.74
14883.076720642,3038,100997.19,98702.32,100987.11,104612.24,101032.48,101002.87,100994.39,100994.75
14883.097643675,3039,100977.22,98709.34,100992.16,104612.24,101013.26,101004.75,100985.29,101010.77
14883.1213218,3040,101001.18,98702.32,100995.13,104713.31,101038.41,101004.75,101011.53,101027.83
14883.141876796,3041,100994.26,98697.25,100996.16,104615.55,101024.45,101001.81,100994.39,101010.77
14883.162453855,3042,100984.14,98698.29,100989.19,104609.34,101030.38,101005.81,101010.46,101009.74
14883.184074515,3043,100994.26,98693.22,100995.13,104610.44,101031.43,101006.87,101011.53,101018.78
14883.203483136,3044,100993.19,98699.33,100989.19,104604.24,101030.38,101003.69,101011.53,101016.71
14883.224804452,3045,100994.26,98730.54,100988.15,104603.14,101036.5,101006.87,101010.46,101010.77
14883.244624616,3046,100999.32,100084.15,100987.11,104614.44,101048.55,101016.78,101018.5,101026.79
14883.265575542,3047,100997.19,98767.86,100995.13,104590.45,101039.46,101004.75,100998.41,101025.76
14883.289419337,3048,100987.34,98714.41,100991.12,104589.35,101032.48,100992.73,101004.56,101010.77
14883.309814741,3049,100993.19,98699.33,100996.16,104613.34,101038.41,101005.81,101012.59,101014.78
14883.330491682,3050,101009.17,98707.39,101000.17,104597.34,101034.39,101013.83,101018.5,101019.82
14883.350905475,3051,100985.2,98703.36,100991.12,104597.34,101032.48,101002.87,100993.33,101012.84
14883.371633292,3052,100991.33,98701.28,100986.21,104598.45,101034.39,101007.93,100993.33,101014.78
14883.392144082,3053,100977.22,98700.36,100978.06,104591.55,101034.39,101007.93,101005.38,101013.74
14883.412695282,3054,101003.31,98690.23,100986.08,104587.55,101034.39,101005.81,101007.51,101022.79
14883.433885801,3055,100998.25,98698.29,101000.17,104591.55,101032.48,101002.63,100990.37,101036.87
14883.457361007,3056,100992.4,98694.26,100982.21,104600.65,101030.38,101014.89,100999.47,101008.84
14883.477813288,3057,100987.34,98691.26,100992.16,104591.55,101030.38,101010.88,101011.53,101015.81
14883.498547846,3058,100995.32,98672.03,100990.08,104598.45,101028.46,100994.85,101012.59,101020.85
14883.518913376,3059,100997.19,98691.26,100995.13,104580.25,101038.41,101000.75,101012.59,101024.86
14883.539684189,3060,100995.32,98689.19,100987.11,104583.55,101034.39,101022.08,101008.57,101022.79
14883.559973713,3061,100999.32,98691.26,100989.19,104590.45,101017.27,101007.93,101011.53,101024.86
14883.580515549,3062,100990.26,98673.06,100996.16,104586.45,101041.56,101005.81,101011.53,101009.74
14883.601047901,3063,100995.32,98682.16,100993.05,104585.35,101037.36,101004.75,101015.54,101010.77
14883.625351953,3064,100987.34,98690.23,100995.13,104586.45,101038.41,100996.74,101012.59,101019.82
14883.645878777,3065,100992.4,98685.16,101004.18,104587.14,101034.39,101001.81,101012.59,101018.78
14883.666503929,3066,100997.19,98670.07,101000.17,104582.45,101040.51,101005.81,101017.67,101014.78
14883.686922859,3067,101003.31,98691.26,100994.23,104582.45,101030.38,101003.69,101010.46,101007.8
14883.707492337,3068,100988.13,98686.19,100987.11,104590.45,101030.38,101013.83,101010.46,101007.8
14883.728506709,3069,100995.32,98679.17,100986.08,104578.45,101035.44,101006.87,101003.49,101010.77
14883.748659867,3070,100995.32,98678.13,101000.17,104583.55,101040.51,101007.93,101006.44,101003.8
14883.76915944,3071,100990.26,98689.31,100987.11,104593.35,101038.41,101002.87,101020.63,101010.77
14883.793368076,3072,101001.18,98681.13,100998.1,104582.45,101041.56,101002.87,101010.46,101010.77
14883.813837213,3073,101001.18,98699.33,100996.16,104579.55,101040.51,101010.88,101011.53,101006.77
14883.834463998,3074,100997.19,98675.14,100990.08,104542.46,101034.39,101021.85,101015.54,101009.74
14883.854927325,3075,101003.31,98685.28,100988.15,104489.78,101027.41,101006.87,100994.39,100998.76
14883.875581001,3076,101003.31,98687.23,100988.15,104457.39,101040.51,101014.89,101004.56,100992.82
14883.896037698,3077,100987.34,98659.01,100996.16,104438.49,101014.31,101003.92,101011.53,100990.75
14883.916900681,3078,100988.13,98663.04,100997.2,104423.6,101014.31,101007.93,100999.47,100998.76
14883.937199479,3079,100997.19,98667.08,100991.12,104419.6,101024.45,100997.8,101011.53,101004.7
14883.961376589,3080,101001.18,98676.18,100988.15,104409.8,101031.43,101015.95,101012.59,101010.77
14883.98191497,3081,101002.25,98683.2,100996.16,104407.2,101036.5,101007.93,100999.47,101007.8
14884.002436085,3082,100987.34,98676.18,100996.16,104391.61,101038.41,101010.88,101008.57,101020.85
14884.022897049,3083,100986.27,98662.01,100988.15,104383.61,101026.36,101001.81,101004.56,101002.76
14884.04384506,3084,100990.26,98660.97,100990.22,104374.51,101028.46,100998.86,101011.53,101004.84
14884.064127694,3085,101009.17,98689.31,101012.19,104373.81,101043.48,101023.97,101020.63,101031.83
14884.084601337,3086,101017.16,98699.33,101006.25,104371.61,101038.41,101017.84,101018.5,101019.82
14884.105058816,3087,100979.35,98682.16,100976.13,104371.61,101030.38,101005.81,101000.54,101003.8
14884.129392181,3088,100993.19,98674.1,100990.22,104364.72,101032.48,100997.8,101004.56,101008.84
14884.149953517,3089,100978.28,98659.01,100976.13,104361.82,101002.26,100989.78,100979.38,101004.84
14884.170458638,3090,101001.18,98673.06,100996.16,104361.42,101013.26,101001.81,101013.66,101016.85
14884.190945842,3091,101002.25,98683.2,101006.25,104359.62,101031.43,101013.83,101020.63,101018.78
14884.211969217,3092,100985.2,98674.1,100987.11,104360.72,101021.29,101015.95,101011.53,101019.82
14884.232391542,3093,100987.34,98675.14,100995.13,104361.82,101034.39,101004.75,101004.56,101015.81
14884.25267664,3094,100986.27,98662.01,100975.09,104357.82,101022.53,100999.92,100996.52,101011.81
14884.276398911,3095,101003.31,98687.23,100988.15,104358.52,101017.27,101006.87,101012.59,101014.78
14884.297422747,3096,100994.26,98674.1,101006.25,104345.82,101014.31,101007.93,101017.67,101023.82
14884.317510516,3097,100990.26,98674.1,100992.16,104349.82,101024.45,101005.81,101013.66,101011.81
14884.338538758,3098,101005.44,98685.16,100997.2,104351.62,101022.34,101001.81,101022.76,101019.82
14884.358553407,3099,101002.25,98691.26,101001.21,104352.72,101035.44,101010.88,101018.74,101020.85
14884.379548209,3100,100977.22,98689.31,100998.24,104353.82,101018.33,100999.92,101012.59,101020.85
14884.400228745,3101,100989.2,98676.18,100984.14,104331.63,101014.31,100997.8,101005.62,101010.77
14884.42061112,3102,100991.33,98672.14,100989.19,104344.72,101026.36,101005.81,101013.66,101015.81
14884.444407543,3103,100999.32,98675.14,100992.16,104333.83,101034.39,101007.93,101011.53,101011.81
14884.46494989,3104,100991.33,98686.19,100986.08,104339.62,101025.31,101005.81,101016.61,101016.85
14884.485541281,3105,101003.31,98676.18,100985.18,104344.72,101020.43,100998.86,100996.52,101003.8
14884.506578758,3106,100997.19,98684.24,100996.16,104331.63,101028.46,100996.74,101010.7,101012.84
14884.526691765,3107,100998.25,98675.14,100996.16,104327.63,101028.46,101007.93,101014.72,101011.81
14884.547731815,3108,100995.32,98682.16,100994.23,104338.92,101032.48,100999.92,101012.59,101002.76
14884.567822318,3109,101003.31,98679.17,101002.1,104335.63,101026.36,101005.81,101011.53,101003.8
14884.589217476,3110,100999.32,98678.13,100994.09,104336.72,101030.38,101007.93,101004.31,101000.83
14884.612385298,3111,101001.18,98685.28,100997.2,104328.73,101028.46,101006.87,100996.52,101007.8
14884.632925251,3112,100999.32,98684.24,100996.16,104327.63,101020.43,101005.81,101006.44,101002.76
14884.653570334,3113,100998.25,98687.23,100994.09,104321.83,101032.48,101015.95,101003.49,101007.8
14884.673936945,3114,101002.25,98691.26,100988.15,104324.73,101031.43,101014.89,101006.44,100994.75
14884.694544351,3115,101003.31,98688.27,101000.17,104315.63,101024.45,100997.8,101000.54,101002.76
14884.715050002,3116,101001.18,98695.29,100991.12,104311.63,101028.46,101013.83,101008.57,101000.69
14884.735701845,3117,101003.31,98679.17,100995.13,104319.63,101036.5,101007.93,101007.51,101004.84
14884.75672518,3118,101003.31,98700.36,101000.17,104320.73,101032.48,101014.89,101011.53,101018.78
14884.780381922,3119,100995.32,98691.26,100990.22,104308.73,101028.46,101006.87,101005.62,101011.81
14884.800934564,3120,100996.39,98697.37,100996.16,104301.84,101030.38,101002.87,101016.61,101008.84
14884.821512285,3121,101001.18,98688.27,100991.12,104301.84,101026.36,100995.91,101012.59,101010.91
14884.841985047,3122,101014.23,98709.46,100989.19,104308.73,101030.38,101006.87,101012.59,101020.85
14884.862605152,3123,100999.32,98695.29,100996.16,104294.94,101024.45,101000.75,100994.39,101020.85
14884.883171004,3124,101003.31,98693.34,100996.16,104297.84,101031.43,101005.81,101013.66,101023.96
14884.903874655,3125,101002.25,98699.33,100988.15,104289.84,101023.39,101004.75,101011.53,101028.86
14884.924198101,3126,100990.26,98703.36,100993.19,104285.84,101028.46,100997.8,101010.46,101023.96
14884.948390964,3127,100997.19,98703.36,100988.15,104272.75,101028.46,101004.75,101000.54,101027.83
14884.968907202,3128,100999.32,98707.39,100988.15,104281.84,101023.39,100999.92,101010.46,101020.85
14884.989500887,3129,100998.25,98699.33,100993.19,104265.85,101019.38,101005.81,101012.59,101024.86
14885.0101068,3130,100993.19,98709.46,100989.19,104273.84,101016.41,101007.93,101010.46,101031.83
14885.03067709,3131,101000.38,98699.33,100995.13,104265.85,101006.28,101006.87,101009.64,101026.93
14885.051177263,3132,101003.31,98709.46,100997.2,104264.75,101026.36,101011.94,101002.43,101028.86
14885.071665968,3133,101005.44,98707.39,100988.15,104257.85,101002.26,101006.87,101012.59,101021.89
14885.092115785,3134,101003.31,98702.32,100989.19,104253.85,101014.31,101010.88,101012.59,101024.86
14885.116425826,3135,100987.34,98700.36,100987.11,104258.95,101014.31,101006.87,101012.59,101013.88
14885.13686759,3136,100992.4,98701.28,100984.14,104249.85,101019.38,101009.82,101008.57,101029.9
14885.157464911,3137,101003.31,98720.52,100987.11,104237.86,101019.38,101006.87,101004.56,101025.9
14885.17798883,3138,100999.32,98707.39,100989.19,104543.97,101026.36,101006.87,100996.52,101025.9
14885.198577627,3139,100983.34,98715.45,100988.15,104578.86,101024.26,101005.81,100998.41,101012.84
14885.21919668,3140,100992.4,98715.45,100992.16,104563.97,101022.34,101006.87,101000.54,101028.86
14885.239812899,3141,101003.31,98715.45,100992.16,104505.78,101026.36,101006.87,101012.59,101012.84
14885.261506269,3142,100991.33,98711.42,100992.16,104463.99,101028.27,101002.87,100995.46,101010.77
14885.284424332,3143,101004.38,98719.48,100980.14,104405.8,101015.36,100998.86,101010.46,101010.77
14885.304874059,3144,101004.38,98731.58,100984.14,104369.82,101022.34,101013.0,101010.46,101004.84
14885.325548606,3145,100995.32,98715.45,100995.13,104329.83,101023.39,101007.93,101011.53,101008.84
14885.345960366,3146,100987.34,98723.51,100988.15,104280.74,101023.39,101006.87,101012.59,100998.76
14885.36661361,3147,101003.31,98719.48,100990.22,104249.85,101023.39,101002.87,101004.56,101000.83
14885.387089828,3148,100997.19,98720.52,100997.2,104250.95,101032.48,101006.87,101012.59,101007.8
14885.407757184,3149,100990.26,98732.61,100994.23,104237.86,101030.38,101008.99,101002.43,101002.76
14885.428223275,3150,101003.31,98725.59,100993.19,104228.76,101018.33,101005.81,101012.59,101004.84
14885.452426294,3151,100987.34,98725.59,100993.19,104228.06,101030.38,101006.87,101009.64,100994.75
14885.472937193,3152,101003.31,98731.58,100996.16,104217.86,101014.31,101003.92,101012.59,101000.83
14885.493549586,3153,101003.31,98725.59,100997.2,104201.87,101023.39,101003.92,101011.53,101011.81
14885.514085984,3154,100999.32,98739.64,100990.22,104204.77,101022.34,100994.85,101006.44,101012.84
14885.534559016,3155,100987.34,98715.45,100989.19,104204.06,101024.45,101006.87,101012.59,101024.86
14885.555175796,3156,100999.32,98731.58,100990.22,104194.97,101032.48,101019.96,101008.57,101011.81
14885.575868611,3157,100995.32,98736.64,101004.18,104172.07,101016.41,101008.99,101008.57,101012.84
14885.599391089,3158,100998.25,98740.68,100993.19,104172.07,101024.45,101004.75,101012.59,101024.86
14885.620509548,3159,101001.18,98739.64,100997.2,104164.08,101021.48,101001.81,101005.62,101010.77
14885.640516114,3160,100999.32,98723.51,101000.17,104154.98,101032.48,100999.92,101010.7,101013.88
14885.661527551,3161,101003.31,98736.64,100996.16,104148.08,101034.39,101013.83,101013.66,101015.95
14885.681680689,3162,100986.27,98731.58,100989.19,104140.08,101023.39,101007.93,101001.6,101015.81
14885.702804717,3163,100999.32,98723.51,100995.13,104138.99,101022.34,101001.81,101011.53,101020.85
14885.723118237,3164,100995.32,98737.68,100993.19,104132.09,101018.33,100999.92,101008.57,101020.85
14885.743754406,3165,101011.3,98739.64,100992.16,104140.08,101024.45,101001.81,101005.62,101023.96
14885.76741915,3166,100995.32,98739.64,100984.14,104120.09,101020.43,101005.81,101016.61,101014.92
14885.787917711,3167,101003.31,98747.7,100981.17,104117.19,101022.34,101003.92,101003.49,101016.85
14885.80858666,3168,100995.32,98739.64,100997.2,104116.09,101016.41,101007.93,101010.7,101024.86
14885.829630336,3169,100998.25,98739.64,100996.16,104109.19,101014.31,101006.87,101001.6,101021.89
14885.849585153,3170,100994.26,98747.7,100997.2,104116.09,101018.33,100999.92,100996.52,101013.88
14885.870599615,3171,101006.51,98740.68,100993.19,104109.19,101023.39,101003.92,100998.65,101020.85
14885.890655486,3172,100987.34,98749.78,100988.15,104108.09,101018.33,101007.93,100997.58,101028.86
14885.911758271,3173,100987.34,98747.7,100997.2,104084.1,101019.38,101004.75,100998.65,101015.81
14885.935436155,3174,100995.32,98747.7,100990.22,104092.1,101016.41,101005.81,101016.61,101022.93
14885.955913193,3175,100995.32,98749.78,101002.24,104085.2,101030.38,101001.81,101012.59,101018.92
14885.976495681,3176,100999.32,98747.7,100990.22,104092.1,101030.38,101005.81,100996.52,101022.93
14885.996975984,3177,101003.31,98745.74,101000.17,104084.1,101025.5,100989.78,101008.57,101014.92
14886.01763008,3178,100984.14,98749.78,100996.16,104076.11,101028.46,101005.81,101014.72,101013.88
14886.038078825,3179,101003.31,98753.81,100999.27,104077.91,101026.36,101005.81,101004.56,101013.88
14886.058635504,3180,100995.32,98743.79,100988.15,104076.11,101019.38,101006.87,101004.56,101013.88
14886.079645429,3181,101003.31,98745.74,100997.2,104076.11,101030.38,100997.8,101008.33,101015.81
14886.103430835,3182,100989.2,98757.84,100998.24,104078.3,101024.45,101005.81,101012.59,101000.83
14886.123928254,3183,100997.19,98744.71,100992.16,104077.2,101024.45,101008.99,101011.53,101012.84
14886.144510662,3184,101001.18,98743.67,101000.17,104072.11,101019.38,101006.87,101007.51,101008.84
14886.164951255,3185,101011.3,98757.84,100995.13,104068.11,101022.34,101006.87,101003.49,101020.85
14886.185621565,3186,100997.19,98749.66,100988.15,104056.11,101031.43,101004.75,101002.43,100998.76
14886.206268411,3187,101004.38,98749.78,100992.16,104048.11,101032.48,101006.87,101012.59,101010.91
14886.226672999,3188,100991.33,98757.84,100993.19,104067.01,101026.36,100997.8,101008.57,101008.84
14886.247154464,3189,101000.38,98754.85,100993.19,104053.92,101018.33,100997.8,101012.59,101015.81
14886.271455691,3190,100994.26,98759.79,100994.23,104048.11,101032.48,101013.83,101016.61,101011.81
14886.292044278,3191,100995.32,98761.87,100998.24,104044.12,101024.45,101007.93,101009.64,101010.91
14886.312538603,3192,100991.33,98756.8,100978.06,104044.12,101023.39,101002.87,101010.46,101020.85
14886.332994639,3193,101000.38,98748.74,100988.15,104045.92,101027.41,101003.92,101013.66,101019.96
14886.353732452,3194,100995.32,98756.8,100987.11,104032.12,101024.45,101007.93,101013.66,101019.82
14886.374166034,3195,101003.31,98761.87,100984.14,104044.12,101022.34,101007.93,101014.72,101023.96
14886.394668491,3196,101003.31,98747.7,100999.13,104029.93,101016.41,101007.93,101021.69,101006.77
14886.415149735,3197,101003.31,98750.81,100991.12,104044.12,101030.38,101003.92,101016.61,101014.92
14886.439444863,3198,100995.32,98761.87,101000.17,104029.22,101032.48,101007.93,101012.59,101021.89
14886.459911325,3199,100992.4,98761.87,100996.16,104029.22,101023.39,101006.87,101007.51,101024.86
14886.480509286,3200,100987.34,98747.7,100998.24,104027.03,101010.29,100997.8,101004.56,101024.86
14886.501116141,3201,100999.32,98758.88,100988.15,104016.13,101025.5,101003.92,100997.58,101012.84
14886.521598708,3202,101004.38,98757.84,100988.15,104024.12,101022.34,101005.81,101000.54,101015.81
14886.542245342,3203,100997.46,98760.83,100987.11,104021.22,101025.31,101003.92,101006.44,101021.89
14886.562838737,3204,101003.31,98749.78,100989.19,104014.32,101014.31,101015.95,101008.57,101029.9
14886.583288944,3205,100999.32,98755.76,100987.11,104012.13,101016.41,101007.93,101014.72,101016.85
14886.607448307,3206,100995.32,98755.76,101000.17,104013.22,101019.38,100999.92,101013.66,101030.94
14886.62793518,3207,100995.32,98753.81,101001.21,104008.13,101015.36,101007.93,101012.59,101018.92
14886.648534633,3208,100994.26,98771.89,100996.16,103996.13,101022.34,101006.87,101021.69,101026.93
14886.668954234,3209,100999.32,98765.9,100988.15,104005.23,101022.34,100999.92,101005.62,101019.96
14886.689788073,3210,100997.46,98756.8,100998.24,103999.42,101022.34,101009.82,101004.56,101024.86
14886.710281275,3211,101005.44,98763.83,101000.17,104004.13,101028.46,101006.87,101021.69,101020.85
14886.730923063,3212,101003.31,98765.9,100994.23,103992.13,101033.53,101003.92,101005.62,101018.92
14886.754483138,3213,100993.46,98765.9,100998.24,103996.13,101022.34,101005.81,101004.56,101020.85
14886.775494224,3214,101003.31,98757.84,100994.23,103984.14,101031.43,101009.82,101007.75,101023.82
14886.796077243,3215,100999.32,98761.87,100998.24,103982.33,101025.31,100999.92,101013.66,101016.85
14886.816582664,3216,100991.33,98752.77,100988.15,103980.14,101025.5,100993.79,100996.52,101018.92
14886.837178562,3217,101003.31,98751.73,100997.2,103972.14,101022.34,101008.99,101013.66,101014.92
14886.857626025,3218,101003.31,98757.84,100994.23,103981.23,101030.38,101014.89,101015.54,101026.93
14886.878075903,3219,101015.3,98779.95,101001.21,103984.14,101031.43,101013.83,101012.59,101026.93
14886.898716608,3220,100987.34,98782.03,100982.21,103960.15,101027.41,101002.87,100998.65,100998.76
14886.922436405,3221,100979.35,98755.76,100986.21,103982.33,101023.39,100999.92,100998.65,101017.89
14886.943475735,3222,100996.39,98757.84,100972.12,103958.34,101013.26,100999.92,100992.5,100998.9
14886.96420221,3223,101004.38,98772.93,100996.16,103966.34,101029.51,101018.9,101014.72,101018.92
14886.985125153,3224,101011.3,98785.02,101006.25,103964.14,101024.45,101007.93,101017.67,101013.88
14887.005102996,3225,100985.2,98771.89,100990.22,103955.05,101019.38,101005.81,100997.58,101000.83
14887.025670511,3226,100996.39,98752.77,100998.24,103976.14,101026.36,100997.8,101004.56,101008.84
14887.046270675,3227,100993.19,98769.93,100998.24,103956.15,101040.51,101017.84,101011.53,101016.85
14887.066803669,3228,100995.32,98798.15,100989.19,103941.25,101030.38,101002.87,101004.56,101016.85
14887.090438116,3229,101011.3,98770.97,100986.21,103952.15,101020.43,101005.81,101000.54,101013.88
14887.110905029,3230,101004.38,98757.84,100990.22,103957.24,101031.43,101017.01,101005.62,101006.91
14887.131601429,3231,101003.31,98773.96,100997.2,103956.15,101020.43,101006.87,101004.56,101012.84
14887.152574058,3232,101003.31,98782.03,101004.18,103949.25,101021.29,101005.81,101017.67,101020.85
14887.172636838,3233,101003.31,98780.07,101006.25,103942.34,101033.53,101005.81,101012.59,101025.9
14887.193609998,3234,100995.32,98765.9,100977.16,103952.15,101020.43,101001.81,101008.57,101013.88
14887.213670465,3235,101004.38,98756.8,100997.2,103949.25,101032.48,100999.92,101013.66,101024.86
14887.236169885,3236,100995.32,98782.03,100998.24,103949.25,101028.46,101011.94,101012.59,101030.94
14887.258449502,3237,100991.33,98782.03,100990.22,103935.44,101016.41,101005.81,101004.56,101012.84
14887.278922373,3238,100989.2,98765.9,100992.16,103932.16,101016.41,100998.86,101012.59,101004.84
14887.299572243,3239,100991.33,98770.97,100990.22,103941.25,101016.41,100999.92,101005.62,101011.81
14887.320162963,3240,100991.33,98786.06,100998.24,103933.25,101016.41,100998.86,101012.59,101020.85
14887.340680062,3241,100999.32,98780.99,100999.13,103936.15,101022.34,101001.81,101012.59,101032.87
14887.361437655,3242,100990.26,98760.83,100978.06,103932.16,101020.43,101000.98,100996.52,101023.82
14887.38172117,3243,100995.32,98765.9,100989.19,103917.26,101017.46,101011.94,101014.72,101022.93
14887.40280059,3244,100996.39,98772.93,100990.22,103925.25,101018.33,100998.86,101008.57,101017.89
14887.427106444,3245,100998.25,98782.03,100995.26,103920.16,101024.45,101002.87,101017.67,101018.92
14887.447026168,3246,100991.33,98765.9,100988.15,103926.35,101024.45,101006.87,101003.49,101018.92
14887.467559362,3247,100995.32,98756.8,100990.22,103933.25,101015.36,100999.92,101013.66,101014.78
14887.488111103,3248,100995.32,98783.06,100990.22,103925.25,101026.36,101015.95,101004.56,101021.89
14887.50862039,3249,101001.45,98792.04,101001.21,103922.35,101024.45,101009.82,101010.7,101015.81
14887.529088905,3250,100987.34,98768.89,100990.22,103924.16,101022.34,100999.92,101008.57,101021.89
14887.549893639,3251,101003.31,98768.89,100990.22,103916.16,101030.56,101009.82,101011.53,101008.98
14887.570534966,3252,101003.31,98775.92,100989.19,103927.45,101032.48,101003.92,101014.72,101017.89
14887.594475837,3253,100989.2,98780.99,100984.14,103916.16,101029.51,101005.81,101011.53,101012.84
14887.614960888,3254,100986.27,98788.01,100990.22,103924.16,101028.46,100984.71,100996.52,101022.93
14887.635512919,3255,100999.32,98786.06,100988.15,103934.35,101032.48,101003.92,101009.64,101020.85
14887.655989166,3256,101004.38,98773.96,100996.16,103932.16,101035.44,101007.93,101009.64,101008.84
14887.676660378,3257,101003.31,98790.09,100977.16,103925.25,101024.45,101008.76,101017.67,101005.87
14887.697127681,3258,101003.31,98791.13,100990.22,103920.16,101022.34,101003.92,101005.62,101004.84
14887.717711111,3259,101000.38,98780.07,100990.22,103904.17,101031.43,101003.92,101003.49,101013.88
14887.738197743,3260,100999.32,98786.06,100991.26,103923.45,101030.38,101010.05,101008.57,101014.92
14887.762509316,3261,101014.23,98778.0,100985.18,103932.16,101027.41,101006.87,101008.57,101006.91
14887.782945022,3262,100991.33,98778.0,101006.25,103925.25,101030.38,100998.86,101011.53,101022.93
14887.80361379,3263,100992.4,98788.13,100994.23,103917.26,101020.43,101010.05,101005.62,101006.91
14887.824023216,3264,100995.32,98776.04,100988.15,103908.17,101028.46,100997.8,101010.7,101008.84
14887.844803553,3265,100997.46,98773.96,100989.19,103909.26,101024.45,100999.92,101012.59,101012.84
14887.865115601,3266,100992.4,98790.09,100998.24,103921.26,101024.45,101007.93,101008.57,101012.84
14887.885808776,3267,100999.32,98789.05,100997.2,103917.26,101024.45,101014.89,101005.62,101015.95
14887.906270141,3268,100997.46,98779.95,100998.24,103917.26,101016.41,101002.87,101022.76,101013.88
14887.930487431,3269,100999.32,98793.08,100998.24,103909.26,101024.45,101003.92,101004.56,101012.84
14887.950961575,3270,100988.4,98797.11,100996.16,103916.16,101028.46,100997.8,101013.66,101012.84
14887.971596982,3271,100996.39,98775.92,100985.18,103917.26,101020.43,101011.94,101006.69,101003.8
14887.992004135,3272,100994.26,98788.01,100998.24,103917.26,101031.43,101006.87,101013.66,101012.84
14888.01275694,3273,100987.34,98783.06,100995.26,103910.36,101027.41,101009.82,101012.59,101018.92
14888.033154969,3274,101006.51,98783.06,100996.16,103914.35,101025.5,101011.94,101010.7,101016.85
14888.053711727,3275,100997.46,98794.12,100990.22,103909.26,101029.33,101011.94,101016.61,101012.84
14888.077879593,3276,101000.38,98788.01,100990.22,103901.26,101019.38,101006.87,100999.47,101019.82
14888.098522732,3277,100996.39,98791.13,100994.23,103906.36,101016.41,101007.93,101022.76,101016.85
14888.119035565,3278,100991.33,98787.1,100998.24,103903.45,101023.39,101008.76,101004.56,101016.85
14888.139569829,3279,100996.39,98782.03,100998.24,103914.35,101023.39,101007.93,101014.72,101020.85
14888.160084484,3280,100996.39,98783.98,100990.22,103918.35,101024.45,101007.93,101018.74,101018.92
14888.180633001,3281,100995.32,98778.0,101000.17,103906.36,101024.45,101005.81,101018.74,101022.93
14888.201136268,3282,100989.47,98797.11,100990.22,103911.45,101035.44,101009.82,101012.59,101020.85
14888.221778567,3283,100997.46,98786.06,100998.24,103905.26,101031.43,101009.82,101014.72,101022.93
14888.24547618,3284,100987.34,98792.04,100996.16,103909.26,101029.51,101005.81,101004.56,101033.9
14888.266509671,3285,101003.31,98783.98,100998.24,103913.26,101024.26,101011.94,100996.52,101018.92
14888.286576558,3286,101004.38,98790.09,100999.27,103901.26,101029.33,101001.81,101006.69,101012.84
14888.307570618,3287,100992.4,98794.12,100994.23,103916.16,101022.34,101010.88,101007.75,101018.92
14888.32766062,3288,100991.33,98787.1,100995.26,103908.17,101022.34,100998.86,101013.66,101014.92
14888.348721482,3289,100992.4,98794.12,100986.21,103917.26,101030.38,101009.82,100996.52,101020.85
14888.368756331,3290,100999.32,98792.17,100997.2,103905.26,101032.48,101015.95,101004.56,101018.92
14888.389748729,3291,101000.38,98797.11,100992.16,103905.26,101022.34,101009.82,100999.47,101015.95
14888.41349776,3292,101005.44,98798.15,100998.24,103914.35,101033.53,101006.87,101013.66,101014.92
14888.43392954,3293,100996.39,98790.09,100994.23,103909.26,101032.48,100998.86,101005.62,101012.84
14888.45465915,3294,101000.38,98780.99,100993.19,103904.17,101016.41,101004.75,101002.67,101029.0
14888.475603205,3295,101004.38,98794.12,100990.22,103902.36,101026.55,101006.87,101008.57,101014.92
14888.495826049,3296,101003.31,98782.03,101001.21,103900.17,101032.48,101006.87,101021.69,101015.95
14888.516706708,3297,101004.38,98794.12,100990.22,103903.45,101026.36,101007.93,101016.61,101012.84
14888.536721416,3298,100989.47,98794.12,100988.15,103906.36,101034.39,100998.86,101008.57,101011.81
14888.557789098,3299,101004.38,98799.19,100997.2,103904.55,101032.48,101007.93,101010.7,101008.84
14888.581899736,3300,100998.52,98790.09,100982.21,103904.55,101028.46,100997.8,101005.62,101022.93
14888.604079592,3301,100996.39,98788.01,100996.16,103903.45,101025.5,101003.92,101014.72,101013.88
14888.622535341,3302,101001.18,98804.26,100988.15,103901.26,101027.41,101005.81,101014.72,101016.85
14888.644163912,3303,101003.58,98796.08,100993.19,103908.55,101023.39,101001.81,101008.57,101012.84
14888.663705003,3304,101005.44,98788.01,100986.21,103896.55,101020.43,101008.76,101000.54,101026.93
14888.684126808,3305,101001.45,98795.16,100973.16,103893.27,101030.38,101006.87,100996.52,101013.88
14888.704707853,3306,101003.31,98788.01,100998.24,103904.55,101028.46,100994.85,100998.65,101014.92
14888.72584491,3307,100991.33,98797.11,101005.21,103895.46,101030.38,101003.92,101002.67,101016.85
14888.749502653,3308,100987.34,98794.12,100994.23,103892.55,101032.48,101007.93,101012.59,101022.03
14888.770020503,3309,100988.4,98799.19,100990.22,103894.36,101029.33,101015.95,101013.66,101020.85
14888.790596661,3310,101000.38,98799.19,100994.23,103895.46,101023.39,101013.0,101012.59,101022.93
14888.811051345,3311,100999.32,98802.18,100991.26,103892.17,101020.43,101003.92,101016.61,101025.9
14888.831652882,3312,101005.44,98802.18,100994.23,103893.27,101028.46,101007.93,100992.5,101020.99
14888.852140085,3313,100996.39,98799.19,100998.24,103896.55,101032.48,101007.7,100997.58,101026.93
14888.872717806,3314,100993.46,98786.06,100994.23,103894.36,101014.31,100999.92,101006.69,101026.93
14888.893195475,3315,100995.32,98799.19,100990.22,103884.56,101022.34,101005.81,101001.6,101016.85
14888.917514358,3316,100997.46,98798.15,100994.23,103904.55,101024.45,101009.82,101014.72,101012.84
14888.937963364,3317,100997.46,98806.21,100989.19,103900.55,101028.46,101007.93,101016.85,101019.82
14888.958594005,3318,100988.4,98790.09,100993.19,103886.36,101016.41,101007.93,101012.83,101022.93
14888.979023401,3319,101001.45,98802.18,100993.19,103887.46,101032.48,101006.87,101014.72,101013.88
14888.999651588,3320,100991.33,98794.12,100997.2,103904.55,101028.46,101006.87,101019.8,101022.93
14889.020205842,3321,101001.45,98794.12,100998.24,103896.55,101029.33,101007.93,101006.69,101023.96
14889.040752095,3322,101007.58,98786.06,100990.22,103894.36,101027.41,101007.93,101007.75,101019.96
14889.061422115,3323,100996.39,98810.25,100997.2,103887.46,101028.46,101013.83,101001.6,101029.0
14889.085554848,3324,100988.4,98798.15,100998.24,103887.46,101024.45,100999.92,101010.7,101025.0
14889.10602805,3325,100991.33,98807.25,100990.22,103887.46,101032.48,100994.85,101013.66,101020.99
14889.126603186,3326,100993.46,98803.22,100990.22,103884.56,101035.44,101005.81,101013.66,101008.84
14889.147096489,3327,100987.34,98794.12,100986.21,103871.47,101026.36,101002.87,100996.52,101018.92
14889.167685316,3328,100989.47,98791.13,100989.19,103882.37,101023.39,100997.8,101006.69,101008.84
14889.188181834,3329,101003.31,98808.29,100990.22,103860.57,101028.46,101003.92,101012.59,101010.91
14889.210231182,3330,101000.38,98807.25,100994.23,103872.56,101020.43,101004.98,101016.61,101008.84
14889.229215931,3331,100997.46,98798.15,100990.22,103876.56,101024.45,101000.98,101008.57,101022.93
14889.253519071,3332,100999.32,98803.22,100995.26,103868.18,101029.51,100999.92,101005.62,101004.84
14889.273973374,3333,101006.51,98798.15,100993.19,103867.47,101031.43,101002.87,101014.72,101006.91
14889.294652058,3334,100992.4,98798.15,100990.22,103859.47,101030.56,101011.94,101009.64,101010.91
14889.315030347,3335,101004.38,98799.19,101000.31,103872.56,101024.45,101007.93,101018.74,101009.88
14889.335696591,3336,101003.31,98798.15,100998.24,103859.47,101036.5,101013.0,101015.79,101025.9
14889.356143293,3337,100989.47,98798.15,100990.22,103864.56,101024.45,101009.82,101008.57,101016.99
14889.376770168,3338,100992.4,98808.29,101002.24,103867.47,101036.5,101008.99,101012.59,101027.97
14889.400901558,3339,100992.4,98800.23,100976.27,103856.57,101016.41,100999.92,101012.59,101019.96
14889.421520531,3340,100990.53,98798.15,100994.23,103854.38,101024.45,101013.0,101000.54,101009.88
14889.441987994,3341,100989.47,98805.18,100988.15,103856.57,101019.38,101003.92,100998.65,101016.99
14889.462581899,3342,100988.4,98810.25,100998.24,103858.76,101023.39,101007.93,101002.67,101016.85
14889.483342596,3343,100987.34,98806.21,100995.26,103856.57,101024.45,100998.86,101007.51,101025.0
14889.503728406,3344,100989.47,98806.21,100990.22,103849.66,101024.45,101007.93,101004.56,101029.0
14889.524162099,3345,100999.32,98798.15,100991.26,103848.57,101029.51,101006.87,101000.54,101025.0
14889.544786319,3346,101005.44,98798.15,100976.13,103857.66,101023.39,100998.86,101004.56,101022.03
14889.568516502,3347,100993.46,98808.29,100978.2,103852.57,101020.43,100994.85,100996.52,101005.87
14889.589526467,3348,101000.38,98794.12,100995.26,103848.57,101023.39,100999.92,101014.72,101025.0
14889.609582988,3349,100995.32,98800.23,100998.24,103848.57,101024.45,101008.99,101002.67,101016.85
14889.630598852,3350,100997.46,98802.18,100990.22,103852.57,101030.38,100999.92,100997.58,101019.96
14889.651086145,3351,100988.4,98798.15,100990.22,103854.38,101024.45,100999.92,101012.59,101022.93
14889.671769636,3352,100985.47,98806.21,100997.2,103856.57,101030.38,101006.87,101013.66,101018.92
14889.692170609,3353,100999.32,98802.18,100994.23,103848.57,101032.48,100999.92,101022.76,101018.92
14889.712773337,3354,100991.33,98802.18,100987.25,103840.57,101032.48,101010.88,100996.52,101021.89
14889.736517311,3355,101001.45,98786.06,100996.16,103852.57,101020.43,101009.82,101014.72,101014.92
14889.757046828,3356,100989.47,98800.23,100994.23,103852.57,101033.53,101009.82,101005.62,101020.99
14889.777595555,3357,101000.38,98799.19,100994.23,103856.57,101020.43,101007.93,101006.69,101023.96
14889.798619881,3358,100990.53,98807.25,100995.26,103832.57,101032.48,101001.81,101011.53,101012.84
14889.818716303,3359,100991.33,98805.18,100990.22,103852.57,101026.55,101003.92,101016.61,101012.84
14889.839799048,3360,100999.32,98806.21,100990.22,103849.66,101028.46,101011.94,101017.67,101018.92
14889.85984268,3361,100991.6,98808.29,100998.24,103840.57,101016.41,101000.75,100997.58,101014.92
14889.880764571,3362,100988.4,98816.35,100990.22,103848.57,101018.33,101010.88,101008.57,101014.92
14889.904532581,3363,101000.38,98807.25,100998.24,103832.57,101040.51,101006.87,101012.59,101014.92
14889.924980114,3364,100990.53,98807.25,100990.22,103844.57,101033.53,101008.99,101009.64,101014.92
14889.945608962,3365,101005.44,98800.23,100997.2,103841.67,101035.44,101007.93,101008.57,101014.92
14889.966186573,3366,100995.32,98788.13,100997.2,103840.57,101032.48,101007.93,101011.53,101015.95
14889.98672887,3367,100993.46,98806.21,100990.22,103836.57,101028.46,100996.74,101012.59,101006.91
14890.007146217,3368,101003.31,98803.22,100994.23,103834.38,101028.46,101003.92,101000.54,101025.0
14890.02779158,3369,100992.4,98792.17,100998.24,103829.67,101024.45,101009.82,100987.42,101029.9
14890.048869187,3370,100995.32,98803.22,100995.26,103833.67,101032.48,101010.88,101011.53,101020.99
14890.072526349,3371,101003.31,98800.23,100978.2,103840.57,101024.45,101009.82,101011.53,101018.92
14890.093030939,3372,101003.31,98799.19,101000.31,103832.57,101029.51,101002.87,100998.65,101020.99
14890.113610081,3373,101000.38,98806.21,100989.19,103832.57,101020.43,101006.87,101008.57,101004.84
14890.134123094,3374,101000.38,98794.12,100986.21,103828.58,101018.33,100998.86,101008.57,101025.0
14890.154944964,3375,100995.32,98808.29,100989.19,103840.57,101028.46,101003.92,101011.53,101012.84
14890.175218554,3376,100998.52,98792.17,100990.22,103831.48,101028.46,101004.98,101011.53,101016.99
14890.196053243,3377,100993.46,98804.26,100990.22,103831.48,101033.53,101007.93,101012.59,101023.96
14890.216141503,3378,100998.52,98790.09,100990.22,103832.57,101019.38,101004.98,100995.46,101016.99
14890.240552937,3379,101003.31,98815.32,100990.22,103832.57,101023.39,101010.88,101004.56,101023.96
14890.260990685,3380,100994.53,98803.22,100994.23,103841.67,101032.48,101002.87,101007.51,101018.92
14890.28162422,3381,100995.32,98803.22,100997.2,103832.57,101016.41,101007.93,101018.74,101022.93
14890.302243493,3382,101004.38,98809.21,100987.25,103824.58,101028.46,101011.94,100995.46,101012.98
14890.322874074,3383,100993.46,98803.22,100996.3,103832.57,101024.45,101007.93,100995.46,101023.96
14890.343241786,3384,101003.31,98808.29,100991.26,103832.57,101024.45,100995.91,101006.69,101014.92
14890.3638549,3385,100989.47,98806.21,100995.26,103832.57,101024.45,100996.74,101002.67,101025.0
14890.384303976,3386,100980.41,98800.23,100998.24,103844.57,101031.43,101004.98,100997.58,101014.92
14890.408558322,3387,100999.32,98802.18,101000.31,103824.58,101027.41,101007.93,101000.54,101020.85
14890.429021279,3388,101007.58,98799.19,100978.2,103832.57,101030.38,101001.81,101004.56,101013.88
14890.449615995,3389,100999.32,98799.19,101001.21,103828.58,101025.5,101007.93,101012.59,101016.99
14890.470073553,3390,100991.33,98798.15,100986.21,103832.57,101032.48,101008.99,101009.64,101016.85
14890.490863986,3391,100997.46,98798.15,100995.26,103832.57,101023.39,101008.99,101012.59,101023.96
14890.511326862,3392,100988.4,98803.22,100998.24,103823.48,101022.34,100994.85,101005.62,101016.99
14890.532013517,3393,101006.51,98808.29,100990.22,103828.58,101024.45,101000.98,101007.51,101016.99
14890.55597525,3394,100991.6,98802.18,100991.26,103832.57,101024.45,101004.98,101012.59,101016.85
14890.57655254,3395,100988.4,98800.23,100990.22,103836.57,101023.39,101011.94,101013.66,101016.99
14890.597212225,3396,101009.44,98806.21,100994.23,103832.57,101028.46,101008.99,101010.7,101006.91
14890.61825586,3397,101005.44,98798.15,100991.26,103829.67,101024.45,101013.0,101008.57,101016.99
14890.638249897,3398,101001.45,98800.23,100990.22,103824.58,101032.48,101000.98,101011.53,101014.92
14890.658875019,3399,101005.44,98802.18,100998.24,103824.58,101024.45,100999.92,100996.52,101015.95
14890.679239597,3400,101006.51,98799.19,100990.22,103824.58,101029.51,100999.92,101008.57,101016.99
14890.700167347,3401,100999.32,98800.23,100993.19,103829.67,101032.48,101006.87,101004.56,101013.88
14890.723947556,3402,101000.38,98815.32,100990.22,103816.58,101024.45,101007.93,101013.66,101027.97
14890.744577425,3403,101005.44,98800.23,100999.27,103824.58,101024.45,101003.92,101008.57,101019.96
14890.764703842,3404,100987.34,98798.15,100974.19,103821.67,101031.43,101006.87,101013.66,101008.84
14890.785650601,3405,100992.4,98791.13,100991.26,103818.77,101033.53,101003.92,101003.49,101008.98
14890.806147369,3406,100990.53,98803.22,100998.24,103818.77,101032.48,101014.06,101011.53,101014.92
14890.826756357,3407,100992.4,98800.23,100974.19,103821.67,101028.46,101006.87,101001.6,101017.89
14890.847344383,3408,101001.45,98807.25,100997.2,103824.58,101032.48,101003.92,101012.59,101020.99
14890.86790698,3409,100989.47,98798.15,100998.24,103817.68,101024.45,101014.06,101004.56,101019.96
14890.891560587,3410,100993.46,98815.32,100995.26,103821.67,101030.56,101007.93,101014.72,101023.96
14890.913068966,3411,100997.46,98808.29,100992.29,103818.77,101029.51,101006.04,100997.58,101025.0
14890.932659222,3412,101001.45,98799.19,100998.24,103825.67,101040.51,101011.94,101013.66,101015.95
14890.953730058,3413,100987.6,98808.29,100987.25,103811.87,101028.46,101003.92,100988.48,101019.96
14890.973825178,3414,101000.38,98802.18,100993.19,103812.96,101033.53,101003.92,101018.74,101029.0
14890.994765598,3415,100991.33,98806.21,100986.21,103818.77,101029.51,101002.87,101002.67,101011.95
14891.01519944,3416,100997.46,98800.23,100987.25,103816.58,101015.36,101010.05,100998.65,101018.92
14891.035822119,3417,100993.46,98799.19,100996.16,103820.58,101032.48,101003.92,101014.72,101033.01
14891.059547834,3418,101000.38,98806.21,100998.24,103808.58,101029.51,101003.92,101006.69,101014.92
14891.080085384,3419,100989.47,98797.11,100990.22,103825.67,101032.48,101011.94,101018.74,101016.99
14891.101200929,3420,101002.52,98799.19,100989.19,103817.68,101028.46,101013.0,101018.74,101014.92
14891.122286558,3421,100999.32,98802.18,100994.23,103821.67,101023.39,101011.94,101001.6,101027.97
14891.14168324,3422,101002.52,98798.15,100990.22,103816.58,101021.48,101017.01,101012.83,101023.96
14891.163029845,3423,100994.53,98794.12,100994.23,103817.68,101020.43,101006.87,101002.67,101015.95
14891.183030211,3424,100989.47,98803.22,100992.29,103822.77,101028.46,101003.92,101012.59,101018.92
14891.204468414,3425,101003.58,98806.34,100990.22,103826.77,101026.55,100998.86,100996.52,101015.95
14891.227603145,3426,100992.4,98802.18,101004.32,103818.77,101022.34,101001.81,101022.76,101025.0
14891.248007794,3427,101001.45,98799.19,100989.32,103817.68,101023.39,101007.93,101011.77,101014.92
14891.26868169,3428,100993.46,98799.19,100994.23,103809.68,101027.41,100997.8,101014.72,101015.95
14891.289103474,3429,100996.39,98799.19,100992.29,103817.68,101022.34,100994.85,101007.75,101013.88
14891.309768176,3430,100995.32,98801.27,100991.26,103809.68,101017.46,101006.87,101013.66,101012.84
14891.330191633,3431,100991.33,98808.29,100994.23,103826.77,101028.46,101004.98,100998.65,101013.88
14891.350801932,3432,101004.38,98796.2,100997.2,103809.68,101031.43,101005.81,100993.57,101018.92
14891.372088125,3433,100989.47,98790.09,100992.29,103809.68,101032.48,100999.92,101009.64,101012.84
14891.395547087,3434,100997.46,98799.19,100992.29,103820.58,101024.45,101007.93,100998.65,101020.99
14891.416082093,3435,100992.4,98802.18,100990.22,103817.68,101027.41,100997.8,101001.6,101014.92
14891.436691261,3436,101007.58,98808.29,100994.23,103810.77,101024.45,101011.94,101001.6,101014.92
14891.457173687,3437,101001.45,98799.19,100994.23,103809.68,101032.48,101000.98,101004.56,101016.99
14891.47791193,3438,100989.47,98799.19,100998.24,103816.58,101020.43,101007.93,101004.56,101015.95
14891.498391402,3439,101000.38,98800.23,101004.32,103811.87,101024.45,101015.95,101014.72,101015.95
14891.518824193,3440,100995.32,98799.19,100994.23,103816.58,101019.38,100999.92,100998.65,101006.91
14891.539160328,3441,100988.4,98807.25,100998.24,103802.78,101032.48,101010.88,101009.64,101015.95
14891.563582297,3442,101005.44,98800.23,100990.22,103818.77,101032.48,101000.98,101012.59,101022.03
14891.584034898,3443,101005.44,98804.26,100990.22,103820.96,101018.33,101006.87,101018.74,101025.0
14891.604627331,3444,100994.53,98800.23,101002.24,103817.68,101020.43,101015.95,101014.72,101022.93
14891.625217911,3445,100994.53,98786.06,100995.26,103804.58,101025.5,101008.99,101011.77,101025.0
14891.645795351,3446,100991.33,98790.09,100978.2,103809.68,101037.55,101006.87,101004.56,101009.88
14891.666355715,3447,100990.53,98800.23,100990.22,103810.77,101022.34,101010.05,101013.66,101022.93
14891.686939524,3448,100990.53,98789.05,100995.26,103818.77,101008.38,101010.88,101016.85,101018.92
14891.707635654,3449,101002.52,98795.16,101003.28,103808.58,101022.34,101014.06,101014.72,101019.96
14891.731606481,3450,100992.4,98799.19,100992.29,103818.77,101022.34,100996.97,101014.72,101016.99
14891.752101015,3451,100980.41,98799.19,100988.29,103800.59,101016.41,100995.91,100998.65,101025.0
14891.772678836,3452,100998.52,98798.15,100982.21,103806.77,101032.48,101011.94,101018.74,101020.99
14891.793152498,3453,100990.53,98802.31,100990.22,103801.68,101020.43,101000.98,100988.48,101027.97
14891.813756509,3454,100996.39,98798.15,100999.27,103809.68,101028.46,101006.87,101014.72,101008.98
14891.834282841,3455,101006.51,98796.2,100990.22,103810.77,101028.46,101005.81,101010.7,101023.96
14891.854801983,3456,100994.53,98794.12,100995.26,103805.68,101032.48,101007.93,100998.65,101011.95
14891.878984991,3457,101006.51,98800.23,100994.23,103806.77,101032.48,100999.92,101013.66,101014.92
14891.899613468,3458,100995.59,98794.12,100992.29,103798.78,101026.55,101003.92,101004.56,101014.92
14891.920088693,3459,100997.46,98783.06,100990.22,103812.96,101023.39,101007.93,101014.72,101025.0
14891.940687676,3460,100994.53,98798.15,100992.29,103810.77,101035.63,101002.87,101006.69,101016.99
14891.961139896,3461,101011.57,98799.19,100974.19,103806.77,101023.39,101011.94,101018.74,101004.97
14891.981783075,3462,101000.65,98791.13,100992.29,103801.68,101033.53,101011.94,101010.7,101015.95
14892.002208135,3463,100998.52,98792.17,100996.3,103804.58,101026.55,101011.94,101000.78,101020.99
14892.022856452,3464,100989.47,98783.06,101000.31,103809.68,101028.46,100998.03,101021.69,101007.94
14892.047012569,3465,100988.4,98786.06,100991.26,103812.58,101024.45,101007.93,101017.67,101011.05
14892.067671292,3466,100996.39,98798.15,101004.32,103804.58,101032.48,101007.93,101019.8,101022.03
14892.088081609,3467,101001.45,98784.1,100982.21,103802.78,101027.41,101006.87,101013.66,101027.97
14892.108697978,3468,100995.59,98772.01,101000.31,103814.77,101032.48,101003.92,101006.69,101018.92
14892.129091149,3469,100999.59,98799.19,100989.19,103806.77,101032.48,101007.93,100990.61,101022.93
14892.149705715,3470,101000.38,98783.06,100990.22,103809.68,101030.56,101001.81,100992.5,101018.02
14892.17023366,3471,100988.4,98792.17,100992.29,103805.68,101033.53,101007.93,100997.58,101015.95
14892.190827806,3472,101001.45,98778.0,100996.3,103810.77,101031.43,100999.92,101005.62,101012.98
14892.214617268,3473,100996.39,98783.06,100986.21,103806.77,101020.43,101007.93,100994.63,101007.94
14892.235603717,3474,101003.58,98783.06,100992.29,103810.77,101024.45,101011.94,100992.5,101011.95
14892.255663603,3475,100992.4,98780.07,100996.3,103808.58,101033.53,101011.94,100996.52,101016.99
14892.276754961,3476,100992.4,98786.06,100983.24,103808.58,101006.28,100999.92,101017.67,101025.0
14892.296791282,3477,100997.46,98782.03,100991.26,103814.77,101025.5,101013.0,101006.69,101029.0
14892.317804041,3478,101006.51,98783.06,100990.22,103793.68,101031.43,101007.93,101016.85,101016.99
14892.338948028,3479,100993.46,98782.03,100992.29,103810.77,101032.48,100999.92,101013.66,101020.85
14892.358829675,3480,100998.52,98778.0,100983.24,103810.77,101032.48,101003.92,101008.81,101016.99
14892.38258782,3481,101002.52,98783.06,100989.19,103800.59,101022.34,101003.92,101006.69,101030.94
14892.403629662,3482,101001.45,98782.03,100999.27,103806.77,101025.5,101003.92,101003.49,101019.06
14892.42369686,3483,101002.52,98784.1,100986.21,103802.78,101016.41,101002.87,101010.7,101006.91
14892.444686123,3484,101002.52,98799.19,100994.23,103802.78,101034.58,101003.92,100998.65,101020.99
14892.464824839,3485,101001.45,98778.0,100999.27,103805.68,101016.41,101011.11,101010.7,101025.0
14892.485815905,3486,100991.6,98782.03,100992.29,103798.78,101028.46,100997.8,101017.67,101031.08
14892.505929473,3487,100997.46,98791.13,100999.27,103805.68,101029.51,100999.92,101004.56,101022.03
14892.527030535,3488,100986.54,98783.06,100990.22,103806.77,101019.38,101007.93,101015.79,101015.95
14892.550657471,3489,100994.53,98790.09,100984.28,103804.58,101025.5,101018.07,101002.67,101016.99
14892.571136682,3490,100988.4,98796.2,100994.23,103794.78,101032.48,100997.8,100998.65,101021.89
14892.591815226,3491,100997.46,98776.04,100996.3,103801.68,101023.39,101010.05,100998.65,101033.01
14892.612302279,3492,100991.33,98781.11,100992.29,103810.77,101024.45,101007.93,100996.52,101016.99
14892.632767158,3493,101003.58,98794.12,100992.29,103812.96,101030.56,100999.92,101005.62,101016.99
14892.65379547,3494,100994.53,98787.1,101000.31,103798.78,101016.41,101003.92,101014.72,101014.92
14892.674087018,3495,101002.52,98788.13,100992.29,103798.78,101025.5,101007.93,101006.69,101018.02
14892.695288753,3496,100991.6,98783.06,100992.29,103804.96,101032.48,101008.99,100998.65,101020.99
14892.718630607,3497,100990.53,98784.1,100976.27,103808.96,101020.43,101008.99,101005.62,101016.99
14892.739060524,3498,100994.53,98772.01,100991.26,103802.78,101024.45,101007.93,101013.66,101011.95
14892.759713748,3499,100999.59,98791.13,100993.19,103798.78,101027.41,101007.93,101002.67,101023.96
14892.780236686,3500,101003.58,98788.13,100986.21,103808.58,101020.43,100997.8,101002.67,101014.92
14892.800972686,3501,101007.58,98784.1,100991.26,103810.77,101028.46,101007.93,101005.62,101014.92
14892.821482844,3502,100988.4,98782.03,100991.26,103801.68,101024.45,101006.04,101010.7,101011.95
14892.842185613,3503,101000.38,98792.17,100987.25,103793.68,101020.43,101001.81,100997.58,101025.0
14892.862768441,3504,100987.34,98775.0,100990.22,103794.78,101030.56,101007.93,101002.67,101015.95
14892.886634129,3505,101002.52,98801.27,100991.26,103804.96,101026.55,100999.92,101004.56,101021.89
14892.907078407,3506,101001.45,98784.1,100986.21,103790.78,101024.45,100992.73,101008.57,101008.98
14892.928314695,3507,101010.51,98775.0,100991.26,103809.68,101034.58,101006.87,100997.58,101013.88
14892.948191584,3508,100992.4,98788.13,100992.16,103805.68,101034.58,101007.93,100995.7,101015.95
14892.968862205,3509,101004.65,98801.27,100994.23,103798.78,101020.43,100999.92,100997.58,101019.96
14892.989268736,3510,100997.46,98792.17,100990.22,103806.77,101026.55,101006.87,101000.78,101007.94
14893.009911445,3511,101007.58,98776.04,100998.24,103810.77,101014.31,101009.82,101020.87,101015.95
14893.030348762,3512,100993.46,98784.1,100990.22,103810.77,101032.48,101010.05,101003.73,101031.97
14893.054658162,3513,101002.52,98777.08,100990.22,103806.77,101024.45,100997.8,101012.59,101022.93
14893.075184234,3514,100989.47,98776.04,101000.31,103805.68,101032.48,101007.93,101006.69,101016.99
14893.095732259,3515,101003.58,98780.07,101001.34,103802.78,101016.41,100998.86,101004.8,101012.98
14893.116176307,3516,100990.53,98776.04,100987.25,103806.77,101018.51,100997.8,101014.72,101018.92
14893.136794729,3517,100998.52,98784.1,100998.24,103802.78,101032.48,100999.92,101012.83,101016.99
14893.157254551,3518,100989.47,98775.0,100995.26,103812.96,101033.53,101000.98,101000.78,101025.0
14893.179132089,3519,100988.4,98783.06,100990.22,103802.78,101034.58,101010.05,100997.58,101016.99
14893.202051785,3520,101005.44,98786.06,100992.29,103806.77,101033.53,101011.94,101006.69,101016.99
14893.222829618,3521,100993.46,98775.0,100991.26,103804.96,101025.5,101014.06,101014.72,101016.85
14893.243094184,3522,101003.58,98773.96,100991.26,103798.78,101025.5,101007.93,101016.85,101008.98
14893.263708229,3523,100995.59,98787.1,100991.26,103810.77,101025.5,101007.93,101015.79,101019.96
14893.284159268,3524,100990.53,98785.14,100983.24,103800.59,101028.46,101007.93,101010.7,101020.99
14893.304809027,3525,100993.46,98784.1,101002.24,103810.77,101020.43,101005.81,100998.65,101016.99
14893.32528282,3526,100994.53,98786.06,100986.21,103812.96,101025.5,101007.93,100999.71,101018.92
14893.345861021,3527,100999.59,98773.96,100989.19,103810.77,101020.43,101000.98,101014.72,101016.99
14893.370027824,3528,100994.53,98776.04,100978.2,103804.96,101016.41,101006.87,101005.62,101020.99
14893.392064563,3529,100995.59,98772.01,101001.21,103808.96,101023.39,101007.93,101006.69,101012.98
14893.411142053,3530,101004.38,98789.17,100986.21,103798.78,101032.48,101004.98,101012.59,101015.95
14893.431725161,3531,100995.59,98785.14,100991.26,103804.96,101020.43,101007.93,101021.69,101008.98
14893.452230532,3532,100988.4,98783.06,100994.23,103800.97,101020.43,101003.92,100998.65,101015.95
14893.472810566,3533,100989.47,98777.08,100998.24,103806.77,101026.55,100999.92,101005.62,101025.0
14893.493217918,3534,100996.39,98773.96,100991.26,103802.78,101029.51,101007.93,101002.67,101018.92
14893.515057959,3535,101000.38,98787.1,100992.29,103808.96,101030.38,101007.93,101009.64,101033.01
14893.537612782,3536,100995.59,98772.01,100990.22,103807.87,101024.45,101007.93,100997.58,101008.98
14893.558689538,3537,100990.53,98776.04,100996.3,103798.06,101033.53,101002.04,100998.65,101006.91
14893.578656824,3538,100998.52,98790.09,100998.24,103810.77,101020.43,100998.86,100999.71,101013.88
14893.599771427,3539,100977.48,98784.1,100989.19,103802.78,101020.43,101008.99,101000.78,101015.95
14893.620234374,3540,100989.47,98791.13,100984.28,103795.87,101020.43,100998.86,100993.57,101011.05
14893.640835309,3541,101003.58,98784.1,100978.2,103806.77,101024.45,101008.99,101017.67,101025.0
14893.661285687,3542,100998.52,98792.17,100990.22,103810.77,101033.53,101005.81,101011.77,101012.98
14893.681902506,3543,101000.38,98769.93,100990.22,103810.77,101029.51,101007.93,101014.72,101014.92
14893.705628092,3544,100989.47,98776.04,100984.28,103806.77,101025.5,101002.87,101013.66,101014.92
14893.72671304,3545,100995.59,98779.03,100986.21,103810.77,101029.51,101000.98,101000.54,101016.99
14893.746731243,3546,100991.6,98769.93,100990.22,103812.96,101020.43,101005.81,101014.72,101018.92
14893.767816822,3547,100995.59,98776.04,100990.22,103812.96,101025.5,101002.87,101008.57,101020.99
14893.787809307,3548,100998.52,98783.06,100990.22,103816.58,101029.51,101007.93,100998.65,101012.98
14893.808893293,3549,100991.6,98776.04,100995.26,103810.77,101028.46,101004.98,101014.72,101014.92
14893.828910585,3550,100994.53,98784.1,100992.29,103807.87,101016.41,100999.92,100996.52,101019.96
14893.849977816,3551,100993.46,98775.0,100998.24,103793.68,101017.46,101000.98,100998.65,101023.96
14893.873650432,3552,100994.53,98773.96,100994.23,103803.87,101036.5,101007.93,100989.55,101018.02
14893.894117725,3553,100991.6,98784.1,100998.24,103803.87,101020.43,101006.87,101002.67,101016.99
14893.914766433,3554,100991.6,98766.94,100990.22,103806.77,101033.53,101003.92,101002.67,101016.99
14893.935147886,3555,100990.53,98778.0,100999.27,103807.87,101022.53,101010.05,100996.52,101020.99
14893.956088065,3556,100993.46,98776.04,100995.26,103799.87,101026.55,101005.81,101007.75,101025.0
14893.977150078,3557,100991.6,98782.15,100996.3,103802.78,101024.45,101007.93,101010.7,101014.92
14893.997254752,3558,100997.46,98787.1,100989.19,103802.78,101026.55,101010.88,100997.58,101025.0
14894.017961247,3559,100991.6,98775.0,100978.2,103800.97,101024.45,101003.92,101013.66,101015.95
14894.041659632,3560,100994.53,98772.01,100994.23,103809.68,101024.45,101003.92,101014.72,101016.99
14894.062175168,3561,100991.33,98775.0,100999.27,103820.96,101024.45,101003.92,101006.69,101018.92
14894.084731093,3562,101003.58,98765.9,100974.19,103815.15,101036.5,101003.92,101009.64,101020.99
14894.103272691,3563,100989.47,98786.06,100993.19,103798.78,101018.51,100999.92,101007.75,101030.04
14894.123811852,3564,100997.46,98776.04,100986.21,103807.87,101033.53,100998.86,101003.73,101022.03
14894.144298255,3565,100999.59,98776.04,100990.22,103812.96,101025.5,101006.87,101000.78,101020.99
14894.165177712,3566,100991.6,98769.93,100998.24,103810.77,101032.48,101011.94,100999.71,101015.95
14894.185396809,3567,100997.46,98775.0,100991.26,103806.77,101024.45,101015.95,101007.75,101016.99
14894.20970096,3568,100993.46,98773.05,100994.37,103807.87,101029.51,100997.8,101002.67,101016.99
14894.230118198,3569,101003.58,98767.98,101000.31,103808.96,101037.55,101007.93,101006.93,101009.88
14894.250744321,3570,100991.6,98784.1,100994.23,103803.87,101016.41,101007.93,101003.73,101020.99
14894.271203101,3571,101007.58,98776.04,100998.24,103807.87,101023.39,101007.93,101010.7,101008.98
14894.29180644,3572,100999.59,98770.97,101000.31,103806.77,101029.51,101010.05,100998.65,101012.98
14894.312311511,3573,100995.59,98791.13,100998.24,103810.77,101030.56,101007.93,100998.65,101012.98
14894.332922241,3574,101003.58,98772.01,101000.31,103810.77,101025.5,101017.01,101015.79,101020.99
14894.353273889,3575,101002.52,98775.0,100994.23,103815.87,101034.58,101002.04,100998.65,101015.95
14894.377704972,3576,100995.59,98784.1,100990.22,103808.96,101034.58,101008.99,100999.71,101003.94
14894.398151885,3577,100997.46,98776.04,100992.29,103803.87,101026.55,101007.93,100994.63,101012.98
14894.418813021,3578,100988.4,98777.08,100986.21,103806.77,101029.51,101002.04,100999.71,101018.02
14894.439275958,3579,101007.58,98791.13,100990.22,103800.97,101016.41,100998.86,101012.83,101025.0
14894.459823512,3580,100988.4,98779.03,100998.24,103815.15,101025.5,101008.99,100997.58,101020.99
14894.480284155,3581,101002.52,98772.01,100986.21,103814.06,101017.46,101000.98,101014.72,101027.97
14894.500879322,3582,101005.71,98769.02,100990.22,103800.97,101016.41,101008.99,100998.65,101020.99
14894.525058634,3583,100996.39,98772.01,100995.26,103807.15,101036.5,101008.99,101002.67,101016.99
14894.545700792,3584,100995.59,98783.06,100995.26,103802.06,101032.48,101003.92,101008.81,101022.03
14894.566098149,3585,100997.46,98784.1,100994.23,103816.96,101020.43,101006.87,101012.83,101011.05
14894.586769992,3586,100993.46,98775.0,100998.24,103800.97,101032.48,101000.98,100998.65,101016.99
14894.607309294,3587,100991.6,98773.96,100997.34,103810.77,101026.55,101003.92,100993.57,101016.99
14894.627867094,3588,100998.52,98775.0,100999.27,103806.77,101012.39,101007.93,100997.58,101015.95
14894.650101402,3589,100998.52,98776.04,100990.22,103815.15,101030.56,101000.98,100993.57,101016.99
14894.66899321,3590,100998.52,98776.04,100992.29,103810.77,101024.45,100995.91,101007.75,101022.03
14894.693212843,3591,100991.6,98784.1,100978.2,103810.77,101025.5,101003.92,101014.72,101033.01
14894.71368235,3592,100997.46,98775.0,100998.24,103816.96,101020.43,101004.98,101007.75,101013.88
14894.734189053,3593,100989.47,98784.1,100995.26,103810.77,101034.58,101008.99,101000.78,101016.99
14894.754737248,3594,101007.58,98772.01,100983.24,103800.97,101033.53,101002.87,101014.72,101008.98
14894.775230621,3595,100999.59,98766.94,100997.2,103795.87,101025.5,100999.92,101014.72,101023.07
14894.795919719,3596,100999.59,98782.03,100999.27,103804.96,101020.43,101008.99,101006.69,101019.06
14894.816373713,3597,101002.52,98776.04,100985.18,103804.96,101021.48,101008.99,100997.58,101019.06
14894.83699572,3598,100986.54,98783.06,100989.19,103806.77,101023.58,101010.88,101014.72,101018.02
14894.860673903,3599,101002.52,98776.04,100978.2,103812.96,101022.53,100994.85,101012.83,101018.02
14894.881662285,3600,100990.53,98789.17,100974.19,103814.06,101030.56,101002.87,101013.66,101016.99
14894.902137561,3601,100994.53,98784.1,100986.21,103798.78,101013.45,101002.04,100998.65,101014.02
14894.922859849,3602,101001.45,98784.1,100992.29,103812.96,101024.45,101011.94,101014.72,101016.99
14894.943425371,3603,100996.66,98776.04,100990.22,103810.77,101026.55,101000.98,101010.7,101023.96
14894.964130585,3604,100993.73,98778.0,100992.29,103796.97,101032.48,101006.04,101002.67,101015.95
14894.984516224,3605,101002.52,98777.08,100988.29,103812.96,101039.65,101015.95,100995.7,101020.99
14895.004983537,3606,100983.61,98784.1,100990.22,103808.96,101032.48,101008.16,101008.81,101016.99
14895.028665156,3607,100999.59,98788.13,100992.29,103811.15,101024.45,101007.93,101006.69,101029.0
14895.049703113,3608,100993.46,98783.06,100990.22,103812.25,101032.48,101004.98,101006.69,101011.95
14895.07024567,3609,100995.59,98784.1,100997.2,103808.96,101030.56,100998.86,101010.7,101023.07
14895.090826735,3610,100993.46,98787.1,100990.22,103806.77,101030.56,101006.04,100999.71,101018.02
14895.110881634,3611,100991.6,98772.01,100991.26,103803.15,101020.43,101006.87,101007.75,101014.92
14895.132007794,3612,100993.46,98773.96,100998.24,103804.96,101029.51,101004.98,101000.78,101012.98
14895.152502329,3613,100988.67,98785.14,100997.34,103812.96,101025.5,101015.12,101006.69,101012.98
14895.172995381,3614,100989.47,98772.01,100993.33,103798.78,101032.48,101002.87,101007.75,101018.02
14895.196680986,3615,100991.6,98783.06,100993.19,103814.06,101038.6,101007.93,100998.65,101004.97
14895.217328321,3616,101006.51,98776.04,100994.23,103810.77,101026.55,101002.87,101009.64,101020.99
14895.238502825,3617,100999.59,98776.04,100978.2,103798.06,101022.53,101007.93,101000.78,101015.06
14895.258406986,3618,100992.66,98766.94,100990.22,103815.15,101029.51,101011.11,101016.85,101022.03
14895.279078848,3619,100996.66,98776.04,100992.29,103815.87,101025.5,101003.92,101006.69,101018.02
14895.299922511,3620,101004.65,98767.98,100992.29,103812.96,101033.53,101003.92,101010.7,101027.07
14895.321154151,3621,100996.66,98775.0,100991.26,103819.86,101029.51,101010.05,101012.83,101016.99
14895.341233207,3622,100994.53,98783.06,100992.29,103810.77,101017.46,101007.93,100990.61,101026.03
14895.364690987,3623,101008.64,98779.03,100999.27,103820.96,101026.55,101003.92,100999.71,101019.06
14895.385224019,3624,100996.66,98767.98,100983.24,103810.77,101026.55,100995.91,100998.65,101011.95
14895.405731173,3625,100999.59,98779.03,100992.29,103802.06,101025.5,101003.92,100996.76,101026.03
14895.426211926,3626,100994.53,98783.06,100991.26,103814.06,101030.56,101002.87,101011.77,101003.94
14895.446895206,3627,100990.53,98775.0,100990.22,103814.06,101025.5,101003.1,101004.8,101020.99
14895.467301857,3628,100999.59,98786.18,100992.29,103815.15,101016.41,100999.92,101002.67,101023.07
14895.487917765,3629,100994.53,98777.08,100991.26,103816.96,101034.58,101002.87,101003.73,101011.95
14895.508436837,3630,100995.59,98767.98,100999.27,103812.96,101024.45,101008.99,101007.75,101019.06
14895.532721569,3631,101002.52,98783.06,101000.31,103824.96,101032.48,101008.99,101003.73,101025.0
14895.553129241,3632,101002.52,98773.05,100992.29,103814.06,101033.53,100994.02,100999.71,101022.03
14895.573762706,3633,101003.58,98777.08,100992.29,103808.96,101032.48,101000.98,101010.7,101023.07
14895.594293475,3634,100996.39,98781.11,100990.22,103811.87,101027.6,101004.98,101007.75,101011.95
14895.615013711,3635,101003.58,98776.04,100992.29,103808.96,101032.48,101008.99,101015.79,101011.95
14895.635330616,3636,100990.53,98776.04,100983.24,103802.78,101013.45,101007.93,101016.85,101015.95
14895.655902467,3637,100994.53,98780.07,100996.3,103812.96,101021.48,100999.92,101000.78,101008.98
14895.680099967,3638,101001.45,98776.04,100999.27,103812.96,101030.56,100998.86,101010.7,101016.99
14895.700727032,3639,100994.53,98770.97,100986.21,103812.96,101021.48,101015.95,101015.79,101023.07
14895.721206744,3640,100983.61,98784.1,100976.27,103804.96,101016.41,101007.93,100998.65,101016.99
14895.741786227,3641,101003.58,98784.1,100990.22,103808.96,101032.48,101007.93,101017.92,101016.99
14895.762251908,3642,100991.6,98766.94,100992.29,103803.15,101033.53,100999.92,101016.85,101026.03
14895.7829104,3643,100986.54,98784.1,100996.3,103811.15,101034.58,100995.91,101014.72,101015.95
14895.803306866,3644,100999.59,98776.04,100995.26,103800.97,101026.55,101007.93,101007.75,101019.06
14895.823951547,3645,100991.6,98778.12,100978.2,103812.96,101032.48,101010.05,101015.79,101026.03
14895.848080543,3646,100991.6,98786.18,100992.29,103808.96,101017.46,101008.99,101016.85,101018.02
14895.868702561,3647,101007.58,98789.17,100992.29,103812.96,101029.51,101003.92,100994.63,101016.99
14895.889209824,3648,100999.59,98775.0,100992.29,103808.96,101025.5,101003.92,101000.78,101020.99
14895.909801696,3649,100991.6,98775.0,100981.31,103808.96,101026.55,101006.87,101008.81,101026.03
14895.930301388,3650,100990.53,98776.04,100992.29,103812.96,101026.55,101007.93,100999.71,101016.09
14895.950911277,3651,101002.52,98790.09,100996.3,103804.96,101016.41,101001.81,100996.76,101019.06
14895.97159652,3652,100990.53,98792.17,100990.22,103812.96,101030.56,101007.93,101014.72,101019.06
14895.992631532,3653,100991.6,98776.04,100992.29,103804.96,101021.48,101000.75,101013.66,101016.99
14896.016105437,3654,100996.66,98776.04,100994.23,103812.96,101016.41,100997.8,101019.8,101008.98
14896.036719492,3655,100987.6,98794.24,100992.29,103812.96,101016.41,101007.93,101001.6,101019.06
14896.057251773,3656,100995.59,98787.1,100999.27,103811.15,101025.5,100999.92,101004.56,101008.98
14896.077867471,3657,100994.53,98775.0,100984.28,103817.34,101025.5,101011.94,101008.57,101022.03
14896.098234332,3658,100995.59,98784.1,100986.21,103815.15,101030.56,101005.81,101003.73,101019.06
14896.118870571,3659,100993.46,98784.1,101001.34,103811.15,101025.5,101006.87,100997.58,101026.03
14896.139338865,3660,100994.53,98783.06,100990.22,103818.77,101020.43,101003.92,101010.7,101014.02
14896.159988645,3661,101007.58,98784.1,100990.22,103818.77,101033.53,101003.92,100993.57,101004.97
14896.183688741,3662,100995.59,98784.1,100988.29,103815.15,101027.6,100999.92,100996.52,101016.99
14896.2047809,3663,100991.6,98776.04,100981.17,103820.96,101035.63,101007.93,101014.72,101034.04
14896.225271469,3664,101006.51,98776.04,100999.27,103800.97,101020.43,101017.01,101009.64,101003.94
14896.245874297,3665,100995.59,98782.03,100996.3,103812.96,101026.55,101007.93,101011.53,101016.99
14896.266338836,3666,100999.59,98776.04,100993.33,103804.96,101034.58,101003.92,101002.67,101020.99
14896.286917047,3667,100991.6,98784.1,100998.24,103816.96,101030.56,101011.11,101003.73,101015.95
14896.307507566,3668,101003.58,98791.13,100986.21,103812.96,101030.56,101013.0,101006.69,101020.99
14896.327947107,3669,100993.46,98790.21,100996.3,103816.24,101029.51,101007.93,101014.72,101000.97
14896.351692603,3670,100999.59,98780.07,100983.24,103804.96,101032.48,101008.99,101002.67,101019.06
14896.372827877,3671,100990.53,98773.05,100992.29,103815.15,101033.53,101004.98,100998.65,101020.99
14896.392809555,3672,100997.46,98787.22,100992.29,103818.05,101019.57,101007.93,101005.62,101011.05
14896.413792138,3673,100995.59,98789.17,100994.37,103812.96,101016.41,101008.99,101014.72,101010.01
14896.433835689,3674,100999.59,98778.12,100996.3,103815.15,101030.56,101007.93,101005.62,101016.99
14896.454999316,3675,101007.58,98780.07,100992.29,103816.96,101021.48,101008.99,101015.79,101019.06
14896.475446028,3676,100995.59,98778.12,100999.27,103806.06,101022.53,101003.92,101015.79,101014.02
14896.496118742,3677,100999.59,98776.04,100992.29,103812.96,101024.45,101007.93,101014.72,101018.02
14896.519698076,3678,100991.6,98778.12,100990.22,103814.06,101033.53,100997.8,101006.69,101014.02
14896.540207964,3679,100996.66,98782.15,100990.22,103811.15,101022.53,101013.0,100999.71,101016.99
14896.560812955,3680,101003.58,98792.17,100991.26,103816.96,101030.56,100999.92,100998.65,101010.01
14896.581352097,3681,100989.47,98788.13,100994.23,103806.06,101018.51,101005.81,100998.65,101022.03
14896.601949216,3682,101003.58,98792.17,100992.29,103810.06,101026.55,100998.86,101000.78,101014.92
14896.624353351,3683,101003.58,98793.2,100998.24,103818.05,101034.58,101014.06,100999.71,101019.96
14896.643039408,3684,100990.53,98784.1,100990.22,103812.96,101025.5,101007.93,100998.65,101019.96
14896.664128031,3685,100992.66,98789.17,100998.24,103815.15,101026.55,101000.98,100998.65,101018.02
14896.6877105,3686,101007.58,98776.04,100992.29,103808.96,101032.48,101000.98,100998.65,101012.98
14896.708219496,3687,100998.52,98784.1,100991.26,103809.34,101026.36,101008.99,100996.52,101019.06
14896.728814833,3688,101003.58,98790.21,100997.34,103816.24,101028.46,100999.92,101007.75,101025.0
14896.74939673,3689,101003.58,98793.2,100992.29,103812.96,101031.43,101001.81,100997.58,101020.99
14896.771100074,3690,101007.58,98793.2,100992.29,103823.15,101021.48,101004.98,101004.8,101019.06
14896.790436735,3691,100992.66,98785.14,100995.26,103812.96,101024.45,101000.98,101000.78,101016.99
14896.811123611,3692,100981.48,98784.1,100980.27,103815.15,101027.6,100991.9,100993.57,101008.98
14896.831690695,3693,100991.6,98794.24,100980.27,103816.96,101020.43,100998.86,100997.58,101016.99
14896.855742664,3694,100990.53,98778.12,100986.21,103812.96,101029.51,101008.99,100997.58,101007.94
14896.876245841,3695,100995.59,98778.12,100992.29,103812.96,101028.46,101003.92,101010.7,101016.99
14896.897183236,3696,100997.72,98777.08,100991.26,103827.15,101033.53,101006.04,101013.66,101016.99
14896.917296453,3697,100995.59,98781.11,100992.29,103824.96,101020.43,101004.98,101000.54,101016.99
14896.937827753,3698,100988.67,98782.15,100991.26,103812.96,101034.58,101002.04,101004.8,101019.06
14896.958750886,3699,100999.59,98790.21,100996.3,103812.96,101032.48,101015.12,101010.7,101008.98
14896.979251239,3700,100991.6,98781.11,100999.27,103823.15,101026.55,100999.92,101006.69,101019.06
14897.003242156,3701,100982.54,98788.13,100991.26,103815.15,101034.58,101008.99,101015.79,101010.01
14897.023787117,3702,100991.6,98777.08,100995.26,103820.96,101020.43,101007.93,101003.73,101007.94
14897.044289132,3703,101003.58,98800.23,100992.29,103812.96,101032.48,101007.93,101014.72,101004.97
14897.065926206,3704,100999.59,98777.08,100991.26,103815.15,101020.43,101008.99,101006.69,101007.94
14897.085244159,3705,100982.54,98773.05,100992.29,103815.15,101034.58,101006.87,101011.77,101018.02
14897.106007671,3706,100997.72,98785.14,100992.29,103814.06,101034.58,101002.87,101007.75,101025.0
14897.126442094,3707,100995.59,98788.13,100988.29,103824.24,101029.51,100996.97,100993.57,101019.06
14897.147101227,3708,100991.6,98793.2,101000.31,103824.96,101029.51,101003.92,101004.56,101006.91
14897.171125725,3709,100992.66,98784.1,100974.19,103815.15,101034.58,101010.05,101014.72,101018.02
14897.191742535,3710,100999.59,98779.03,100994.23,103804.96,101034.58,101006.04,101012.59,101020.1
14897.212273073,3711,100994.53,98786.18,100992.29,103823.15,101036.5,101008.99,101011.77,101010.01
14897.232969663,3712,100992.66,98794.24,100988.29,103827.15,101024.45,101003.92,101010.7,101010.01
14897.253327661,3713,100992.66,98794.24,100987.25,103824.96,101028.46,101011.94,101005.62,101015.06
14897.27403686,3714,100991.6,98793.2,100992.29,103816.24,101018.51,101004.98,101013.66,101023.07
14897.294419004,3715,100999.59,98790.21,100996.3,103812.96,101024.45,101007.93,101014.72,101019.06
14897.315366965,3716,100989.47,98799.31,100992.29,103823.86,101017.46,101013.0,101006.69,101018.02
14897.339661041,3717,100991.6,98781.11,100985.32,103815.15,101026.55,101008.99,101002.67,101020.99
14897.359793176,3718,100998.52,98781.11,100996.3,103823.15,101033.53,100998.86,101014.72,101016.99
14897.380222412,3719,100991.6,98784.1,100990.22,103815.15,101024.45,101007.93,100998.65,101034.04
14897.40081914,3720,100991.6,98792.17,100992.29,103812.96,101034.58,101011.94,101009.64,101018.02
14897.421247254,3721,100991.6,98784.1,101000.31,103824.24,101035.63,101011.94,101002.67,101012.98
14897.441916693,3722,100997.46,98798.27,100996.3,103811.15,101028.46,100999.92,101003.73,101019.06
14897.46236,3723,100998.52,98790.21,100980.27,103824.24,101034.58,101006.04,101018.74,101018.02
14897.483052694,3724,100992.66,98776.04,100990.22,103814.06,101022.53,101007.93,101006.69,101011.05
14897.506723246,3725,101001.72,98792.17,100992.29,103812.96,101020.43,101011.94,100990.61,101016.99
14897.527775554,3726,100995.59,98786.18,100992.29,103816.24,101021.48,101003.92,101014.72,101012.98
14897.54827101,3727,100991.6,98776.04,100993.33,103819.15,101025.5,101002.87,101022.76,101006.01
14897.568831624,3728,100994.53,98786.18,100993.33,103812.96,101030.56,101013.0,101011.77,101008.98
14897.589283824,3729,100999.59,98788.13,100993.33,103811.15,101025.5,101003.92,100998.65,101025.0
14897.610009989,3730,101003.58,98788.13,101000.31,103815.87,101023.58,101011.94,101015.79,101019.06
14897.630408358,3731,100999.59,98793.2,100992.29,103827.15,101027.6,101002.87,100999.71,101018.02
14897.650989813,3732,101003.58,98778.12,100992.29,103812.96,101030.56,101006.04,101014.72,101015.06
14897.674738324,3733,100999.59,98777.08,100992.29,103811.15,101031.62,100996.97,100997.58,101016.99
14897.695755138,3734,100995.59,98778.12,100986.21,103820.96,101026.55,101011.94,101018.74,101012.98
14897.715795125,3735,100988.4,98792.17,100976.27,103820.96,101030.56,101004.98,101002.67,101016.99
14897.736840703,3736,100991.6,98784.1,100995.26,103820.24,101029.51,101007.93,100994.63,101016.99
14897.756930685,3737,100990.53,98785.14,100992.29,103815.15,101030.56,101004.98,101000.78,101011.05
14897.77818556,3738,100991.6,98782.15,100992.29,103823.15,101024.45,100998.86,101007.75,101016.99
14897.798431568,3739,100995.59,98781.11,100992.29,103822.05,101017.46,101007.93,101006.69,101026.03
14897.819355562,3740,100991.6,98788.13,100992.29,103831.15,101026.55,101007.93,101002.67,101026.03
14897.842737427,3741,101001.72,98785.14,100986.21,103820.96,101035.63,101008.99,101014.72,101016.09
14897.8632049,3742,100998.52,98793.2,100991.26,103814.06,101035.63,101000.98,101003.73,101027.07
14897.883905537,3743,101004.65,98776.04,100992.29,103823.15,101020.43,101006.87,100999.71,101019.06
14897.904335102,3744,100998.52,98787.1,100988.29,103817.34,101025.5,101004.98,100990.61,101019.06
14897.925027617,3745,100991.6,98788.13,100986.21,103816.24,101025.5,101008.99,100998.65,101019.06
14897.946048608,3746,100995.59,98787.1,100990.36,103814.06,101016.41,101002.04,101006.69,101010.01
14897.966196617,3747,100995.59,98797.24,100992.29,103820.96,101027.6,100999.92,101014.72,101015.06
14897.986960609,3748,100999.59,98785.14,101002.38,103812.96,101030.56,101006.87,101002.67,101020.1
14898.010753837,3749,100991.6,98793.2,100993.33,103823.15,101024.63,101008.99,100998.65,101022.03
14898.031292919,3750,100992.66,98774.08,100992.29,103811.15,101024.63,101008.99,101005.62,101025.0
14898.051820102,3751,100992.66,98776.04,100992.29,103826.05,101016.41,100999.92,100994.63,101021.13
14898.072241285,3752,100990.53,98777.08,100988.29,103814.06,101017.46,101004.98,101006.69,101029.0
14898.093012348,3753,101009.71,98776.04,100993.33,103831.15,101027.6,101008.99,100989.55,101019.06
14898.11339301,3754,100998.52,98788.13,100977.3,103822.05,101021.48,101003.92,100998.65,101010.01
14898.13402979,3755,100983.61,98786.18,101000.31,103823.15,101035.63,101000.98,101010.7,101022.03
14898.154471674,3756,100999.59,98793.2,100997.34,103815.15,101021.48,101006.87,100998.65,101012.98
14898.178755184,3757,100991.6,98793.2,100992.29,103820.96,101031.62,101008.99,101006.69,101020.99
14898.199250019,3758,100991.6,98782.15,100988.29,103822.05,101029.51,101002.04,101010.7,101027.07
14898.219859557,3759,100994.53,98784.1,100980.27,103815.15,101027.6,101000.98,101007.99,101019.06
14898.240326299,3760,100998.52,98784.1,100992.29,103824.24,101030.56,101000.98,101011.77,101026.03
14898.260916919,3761,100999.59,98792.17,100994.37,103831.15,101025.5,101003.92,100998.65,101021.13
14898.281710476,3762,100992.66,98782.15,100991.26,103811.15,101024.45,101003.92,101005.62,101012.09
14898.301912167,3763,100998.52,98779.03,100996.3,103827.15,101023.58,100999.92,100994.63,101017.13
14898.3261519,3764,101000.65,98790.21,100996.3,103823.15,101028.46,101010.05,101000.78,101011.05
14898.346777352,3765,100991.6,98776.04,100993.33,103827.15,101031.62,101001.81,101003.73,101015.06
14898.367263324,3766,101000.65,98781.11,100992.29,103815.15,101033.53,101007.93,101013.66,101024.1
14898.387826181,3767,100995.59,98790.21,101001.34,103823.15,101018.51,101003.92,100999.71,101019.06
14898.409984634,3768,101007.58,98786.18,100992.29,103822.05,101016.41,101010.05,101008.81,101020.1
14898.428922642,3769,100995.59,98778.12,100988.29,103816.24,101027.6,101004.75,100995.7,101016.99
14898.449435995,3770,100991.6,98798.27,100990.22,103824.24,101031.62,101008.99,100998.65,101010.01
14898.469967615,3771,100997.72,98784.1,101001.34,103827.15,101025.5,101010.05,101007.75,101008.98
14898.494157944,3772,100987.6,98790.21,100990.36,103814.06,101026.55,100999.92,101015.79,101015.06
14898.514767502,3773,100991.6,98788.13,100993.33,103827.15,101030.56,101004.98,101007.75,101011.05
14898.535237529,3774,101004.65,98792.17,101001.34,103827.15,101027.6,100998.03,100998.65,101023.07
14898.555874849,3775,100991.6,98770.05,100987.25,103830.05,101022.53,101010.05,101009.64,101019.06
14898.57634748,3776,100990.53,98784.1,100992.29,103812.96,101025.5,101003.92,100998.65,101017.13
14898.596970269,3777,100991.6,98794.24,100984.28,103828.96,101030.56,101014.89,100997.58,101013.12
14898.617434127,3778,100995.59,98776.04,100992.29,103824.24,101028.46,100998.86,101006.69,101020.1
14898.638014351,3779,101003.58,98781.11,100996.3,103823.15,101025.5,101002.04,101014.72,101027.07
14898.661804073,3780,101007.58,98798.27,100993.33,103815.15,101026.55,101008.99,101006.69,101023.07
14898.682817622,3781,100983.61,98776.04,100992.29,103811.15,101034.58,101002.04,100999.71,101027.07
14898.70323519,3782,100992.66,98786.18,100996.3,103823.15,101017.46,100992.96,100998.65,101028.11
14898.723866882,3783,100990.53,98793.2,100997.34,103815.15,101026.55,101006.87,100998.65,101015.06
14898.74437073,3784,100994.53,98790.21,100993.33,103825.34,101017.46,100999.92,101006.69,101019.06
14898.76498767,3785,100982.54,98779.03,100993.33,103819.15,101026.55,101002.04,101007.75,101019.06
14898.785469214,3786,100994.53,98776.04,100992.29,103831.15,101031.62,101008.99,101010.7,101019.06
14898.806097862,3787,100991.6,98777.08,100994.37,103828.24,101020.62,101004.98,101003.73,101012.09
14898.829776065,3788,100991.6,98785.14,100992.29,103820.96,101035.63,101000.98,100992.74,101031.08
14898.850809244,3789,100994.53,98780.07,100990.22,103816.24,101023.58,101004.98,100999.71,101026.03
14898.870906517,3790,100990.53,98798.27,100984.28,103819.15,101019.57,101010.05,101006.69,101010.01
14898.891890603,3791,101003.58,98776.04,100992.29,103829.34,101026.55,101007.93,101015.79,101025.0
14898.912332537,3792,100995.59,98784.1,100978.34,103823.15,101019.57,101007.93,101014.72,101021.13
14898.93300451,3793,100986.54,98772.01,100992.29,103825.34,101032.48,101014.06,101014.72,101020.1
14898.95344323,3794,101002.52,98786.18,101002.38,103828.24,101014.5,101000.98,100995.7,101011.05
14898.974056944,3795,100991.6,98781.11,101002.38,103824.24,101030.56,100999.92,101006.69,101029.14
14898.997758393,3796,100995.59,98776.04,100989.32,103824.24,101026.55,101003.92,101003.73,101018.02
14899.018826776,3797,100994.53,98777.08,100990.22,103815.15,101026.55,101008.99,101015.79,101019.06
14899.038870497,3798,100993.73,98780.07,100992.29,103821.34,101020.43,101013.0,101006.69,101019.06
14899.060056829,3799,101020.63,98781.11,100996.3,103817.34,101024.45,101007.93,101014.72,101027.07
14899.080167782,3800,101000.65,98775.0,100994.37,103825.34,101020.43,101007.93,100998.65,101019.06
14899.101249225,3801,101004.65,98786.18,100980.27,103824.24,101030.56,101003.92,100994.63,101015.06
14899.121537206,3802,100999.59,98782.15,100990.22,103817.34,101029.51,101012.17,101006.69,101023.07
14899.142143149,3803,101001.72,98778.12,100974.19,103824.24,101026.55,101010.05,101002.67,101028.11
14899.165762824,3804,100999.59,98777.08,101002.38,103823.15,101018.51,100999.92,101012.59,101027.07
14899.186286883,3805,100991.6,98786.18,100980.27,103820.24,101025.5,101003.92,100998.65,101023.07
14899.208153184,3806,101007.58,98769.02,100992.29,103827.15,101025.5,101007.93,101010.7,101018.02
14899.227335972,3807,101003.58,98764.98,100997.34,103812.96,101018.51,101006.87,100998.65,101010.01
14899.247902796,3808,100991.6,98773.05,100992.29,103817.34,101027.6,101010.05,101014.72,101019.06
14899.269095337,3809,100991.6,98764.98,100985.32,103827.15,101033.53,101004.98,101010.7,101012.09
14899.288988821,3810,100995.59,98780.07,100981.31,103829.34,101024.45,101003.92,101018.74,101020.1
14899.310108922,3811,100990.53,98774.08,100993.33,103816.24,101025.5,101017.01,100999.71,101025.14
14899.333839755,3812,100995.59,98769.02,100994.37,103827.15,101030.56,101010.05,101010.7,101021.13
14899.354252045,3813,100991.6,98770.05,100992.29,103824.24,101021.48,101004.98,101007.75,101019.06
14899.374860902,3814,100994.53,98776.04,100992.29,103823.15,101030.75,101007.93,101000.78,101019.06
14899.395373373,3815,100995.59,98788.13,100995.26,103815.15,101017.46,101006.87,101006.69,101023.07
14899.41598845,3816,100993.73,98773.05,100981.31,103816.24,101035.63,100999.92,100990.61,101019.06
14899.43652639,3817,100991.6,98772.01,100992.29,103812.25,101026.55,101004.98,101008.81,101017.13
14899.457037269,3818,100999.59,98778.12,101000.31,103833.33,101029.51,101002.04,101008.81,101019.06
14899.481171172,3819,101001.72,98762.91,100992.29,103824.24,101020.43,101008.99,101011.77,101019.06
14899.501783214,3820,100999.59,98781.11,100975.23,103825.34,101022.53,101007.93,101006.69,101019.06
14899.522297909,3821,100993.73,98777.08,100990.22,103820.24,101021.48,101018.07,101003.73,101019.06
14899.542858172,3822,100995.59,98772.01,100990.22,103815.15,101018.33,100999.92,100992.74,101016.99
14899.563369021,3823,101015.57,98769.02,100991.26,103815.15,101027.6,101003.92,101015.79,101026.03
14899.583979461,3824,100983.61,98773.96,101000.31,103825.34,101022.53,101008.16,100998.65,101019.06
14899.604435406,3825,100993.73,98777.08,100990.22,103812.25,101032.67,101000.98,100998.65,101018.02
14899.625050223,3826,100999.59,98780.07,100991.26,103820.24,101036.68,101007.93,101000.78,101020.1
14899.649182113,3827,101005.71,98778.12,100996.3,103815.15,101026.55,101013.0,100994.63,101019.06
14899.671053531,3828,100994.53,98777.08,100994.37,103824.24,101020.43,101007.93,100998.65,101020.1
14899.690366787,3829,100991.6,98781.11,100993.33,103812.25,101027.6,101003.92,100998.65,101011.05
14899.712252477,3830,101003.58,98759.91,100994.23,103816.24,101035.63,101007.1,100998.65,101022.17
14899.731571111,3831,100995.59,98773.05,100979.24,103815.15,101034.58,100995.91,101000.78,101015.06
14899.752139617,3832,100987.6,98777.08,101000.31,103831.15,101026.55,101007.93,100999.71,101011.05
14899.772572779,3833,101000.65,98778.12,101000.31,103819.15,101022.53,101010.05,101021.69,101012.09
14899.792998989,3834,100991.6,98777.08,101002.38,103822.05,101022.53,101007.1,101004.8,101008.98
14899.817196509,3835,100991.6,98766.02,100994.23,103831.15,101021.48,101008.99,100997.58,101014.02
14899.837842863,3836,100995.59,98774.08,100992.29,103831.15,101020.43,101008.99,100996.76,101016.09
14899.858375004,3837,101002.52,98776.04,100988.29,103826.77,101026.55,101011.11,100990.61,101015.06
14899.879047608,3838,101003.58,98770.97,100994.23,103824.96,101021.48,101006.04,101015.79,101019.06
14899.899364283,3839,101003.58,98784.1,101001.34,103828.96,101027.6,101017.01,100999.71,101016.99
14899.919951056,3840,100999.59,98765.9,100992.29,103834.05,101028.46,101002.04,100999.71,101023.07
14899.940434914,3841,100993.73,98767.98,100992.29,103830.05,101021.48,101010.05,101006.69,101015.06
14899.963243642,3842,101003.58,98774.08,101004.32,103832.24,101029.51,101002.04,100997.58,101019.06
14899.985104424,3843,100981.48,98770.05,100997.34,103830.05,101035.63,101002.04,100995.7,101015.06
14900.005872242,3844,101003.58,98777.08,101000.31,103835.14,101024.45,101004.98,101005.62,101015.06
14900.026300546,3845,100995.59,98778.12,100992.29,103831.15,101033.53,101002.04,101008.81,101023.07
14900.046916744,3846,101004.65,98762.91,100992.29,103831.15,101027.6,101006.04,100998.65,101021.13
14900.067431929,3847,100999.59,98770.05,100992.29,103835.86,101024.45,101000.98,101017.67,101011.05
14900.088011492,3848,100995.59,98769.02,100997.34,103822.05,101026.55,101007.93,100998.65,101026.17
14900.1083958,3849,100991.6,98769.02,100995.26,103840.24,101029.51,101004.98,100998.65,101019.06
14900.129107022,3850,101003.58,98769.02,101000.31,103831.15,101026.55,101002.04,101004.8,101013.12
14900.153190088,3851,100995.59,98770.05,100992.29,103832.96,101022.53,101004.98,100998.65,101008.98
14900.173882371,3852,100996.66,98766.94,100980.27,103828.96,101021.48,101003.1,100995.7,101010.01
14900.194368092,3853,101002.52,98778.12,100992.29,103839.14,101029.51,101010.05,100998.65,101014.02
14900.214899923,3854,100994.53,98770.05,100980.27,103839.14,101035.63,101002.87,101014.72,101019.06
14900.235722223,3855,100995.59,98759.91,100985.32,103847.14,101018.51,101008.99,101000.78,101019.06
14900.255999318,3856,101016.63,98767.98,100979.24,103828.96,101024.45,101000.98,100996.52,101023.07
14900.276531549,3857,100995.59,98767.98,100992.29,103828.96,101025.5,101007.93,101015.79,101019.06
14900.297142269,3858,100996.66,98767.98,100990.36,103831.15,101027.6,101003.92,101007.75,101011.05
14900.320819952,3859,100999.59,98767.98,100980.27,103830.05,101027.6,100995.91,100990.61,101015.06
14900.3418657,3860,100993.73,98763.95,100996.3,103840.24,101032.48,101004.98,100998.65,101027.07
14900.362726849,3861,100983.61,98770.97,101000.31,103830.05,101025.5,100998.03,101000.54,101021.13
14900.382946007,3862,101003.58,98777.08,100992.29,103836.95,101027.6,100994.02,101010.7,101019.06
14900.403096971,3863,100994.53,98758.88,100997.34,103836.95,101028.65,101010.05,100995.7,101015.06
14900.424115868,3864,100997.72,98766.94,100991.26,103832.96,101035.63,101002.87,101010.7,101015.06
14900.445372036,3865,101003.58,98764.98,100997.34,103835.14,101026.55,101000.98,100990.61,101015.06
14900.465295005,3866,100999.59,98772.01,100992.29,103836.95,101025.5,101002.04,100988.73,101018.02
14900.48880288,3867,100996.66,98762.91,100979.24,103824.96,101033.53,101003.92,101019.8,101014.02
14900.509306198,3868,100999.59,98766.94,100997.34,103836.95,101016.41,100991.9,100998.65,101027.07
14900.529968976,3869,100995.59,98766.94,101000.31,103831.15,101031.62,100998.86,101017.92,101016.99
14900.551032141,3870,101002.52,98762.91,100992.29,103832.96,101027.6,101006.04,101014.72,101018.02
14900.571024826,3871,100997.72,98772.01,100987.25,103836.95,101021.48,101015.12,100998.65,101016.09
14900.591986026,3872,101007.58,98761.87,100982.34,103839.14,101029.51,101007.93,101007.75,101014.02
14900.612357073,3873,100995.59,98759.91,100999.27,103843.14,101020.43,101003.92,100995.7,101027.07
14900.633310602,3874,100992.66,98755.88,100976.27,103836.95,101017.46,101008.99,101003.73,101016.99
14900.656843976,3875,100983.61,98773.05,100992.29,103839.14,101022.53,101007.93,101006.69,101019.06
14900.677340594,3876,100998.52,98767.98,101000.31,103838.05,101017.46,101003.92,101006.69,101014.02
14900.697958655,3877,100990.53,98769.02,100992.29,103844.95,101016.41,100999.92,100997.58,101007.05
14900.718508643,3878,100997.72,98759.91,100990.22,103832.96,101026.55,100991.9,100990.61,101016.99
14900.739003017,3879,100991.6,98786.18,100990.22,103847.14,101026.55,100999.92,101004.8,101015.06
14900.759557231,3880,100991.6,98767.98,100984.28,103839.14,101015.55,101006.04,101002.67,101012.98
14900.780010112,3881,100991.6,98767.98,100992.29,103836.95,101021.48,101000.98,100995.7,101019.06
14900.804205969,3882,100987.6,98767.98,100983.24,103839.14,101016.41,101010.88,101011.77,101023.07
14900.824845573,3883,100990.53,98769.02,100993.33,103832.96,101023.58,101005.81,100994.63,101013.12
14900.845259064,3884,101000.65,98767.98,101001.34,103844.95,101024.45,100999.92,100999.71,101019.06
14900.866061795,3885,100993.73,98763.95,100992.29,103839.86,101019.57,101003.92,101007.75,101015.06
14900.887592628,3886,101007.58,98759.91,100992.29,103847.14,101030.56,101011.11,100994.63,101015.06
14900.907329415,3887,101007.58,98777.08,100992.29,103832.96,101027.6,101000.98,100998.65,101008.98
14900.927544346,3888,100991.6,98759.91,100982.21,103847.14,101026.55,101006.87,100996.52,101006.01
14900.948925171,3889,100993.73,98767.98,100990.22,103832.96,101022.53,101006.04,101015.79,101011.05
14900.972214646,3890,100999.59,98772.01,101000.31,103827.86,101023.58,100999.92,100998.65,101012.98
14900.992858757,3891,100996.66,98767.98,101004.32,103832.24,101030.56,101002.04,100999.71,101011.05
14901.013381674,3892,101003.58,98767.98,100990.36,103836.95,101018.51,101011.11,101008.57,101019.06
14901.033967857,3893,100991.6,98777.08,100988.29,103840.95,101022.53,100990.84,101014.72,101015.06
14901.054380307,3894,100998.52,98776.04,100993.33,103840.95,101022.53,101006.87,101006.69,101022.03
14901.075028834,3895,100993.73,98759.91,100990.22,103836.95,101026.55,101007.93,100992.74,101011.05
14901.095481154,3896,100995.59,98780.07,100975.23,103847.14,101034.58,100999.92,100994.63,101012.09
14901.116072324,3897,101000.65,98782.15,101000.31,103844.95,101024.45,101004.98,101010.7,101016.09
14901.140222432,3898,100995.59,98763.95,100976.27,103847.14,101020.62,101000.98,101006.69,101008.98
14901.160866022,3899,100991.6,98767.98,100996.3,103834.05,101026.55,101010.05,100989.55,101021.13
14901.181398353,3900,100999.59,98767.98,100996.3,103839.14,101027.6,101003.92,100999.71,101019.06
14901.20188133,3901,100991.6,98760.95,100999.27,103848.95,101018.51,101010.05,101015.79,101008.98
14901.222480803,3902,100999.59,98769.02,100988.29,103835.86,101022.53,101006.04,100993.57,101019.06
14901.243222381,3903,100995.59,98767.98,100976.27,103831.86,101025.5,101010.05,101002.67,101014.02
14901.263533758,3904,100995.59,98776.04,100992.29,103839.14,101024.45,101003.1,101003.73,101008.98
14901.284308246,3905,100985.74,98772.01,100992.29,103844.95,101032.48,101011.11,100998.65,101012.98
14901.308307735,3906,100996.66,98772.01,101000.31,103834.76,101018.51,101007.1,100999.71,101015.06
14901.328858745,3907,100991.6,98770.05,101000.31,103844.95,101012.39,101002.04,100998.65,101006.01
14901.349321591,3908,101000.65,98767.98,100996.3,103836.95,101017.46,101000.98,101001.6,101018.02
14901.369975466,3909,100996.66,98766.94,100992.29,103838.76,101022.53,101000.98,101002.67,101015.06
14901.390444902,3910,100995.59,98767.98,100997.34,103840.95,101020.62,101003.92,101000.78,101016.99
14901.411093259,3911,100993.73,98765.9,100992.29,103844.95,101017.46,101007.93,101011.77,101010.01
14901.431554803,3912,100996.66,98784.1,100992.29,103844.95,101017.46,101006.04,100994.63,101015.06
14901.452271173,3913,101001.72,98767.98,100992.29,103847.14,101018.51,101000.98,100996.52,101019.06
14901.475828303,3914,101000.65,98766.94,100993.33,103836.95,101017.46,101003.92,101013.66,101019.06
14901.496916877,3915,100996.66,98767.98,100992.29,103847.14,101021.48,100996.97,100998.65,101020.1
14901.517385331,3916,100992.66,98774.08,100991.26,103836.95,101024.63,101002.87,101002.67,101006.01
14901.538085657,3917,101000.65,98772.01,100995.26,103836.95,101020.62,101004.98,101003.73,101010.01
14901.55833501,3918,101003.58,98767.98,100992.29,103844.95,101029.51,101002.04,100998.65,101022.03
14901.5792631,3919,100997.72,98775.0,100992.29,103836.95,101018.51,100995.91,101000.54,101014.02
14901.599564301,3920,100996.66,98770.97,100980.27,103844.95,101012.39,101004.98,100998.65,101019.06
14901.621279012,3921,100996.66,98763.95,100992.29,103847.14,101026.55,101002.04,101006.69,101019.06
14901.643853585,3922,100991.6,98763.95,100994.23,103839.14,101030.56,101008.99,101005.62,101011.05
14901.664902428,3923,100997.72,98767.98,100988.29,103848.95,101022.53,101002.04,101006.69,101019.06
14901.684901372,3924,101007.58,98784.1,100996.3,103836.95,101026.55,101002.04,101009.64,101014.02
14901.705941923,3925,101003.58,98782.15,100988.29,103847.14,101031.62,101007.93,101006.69,101010.01
14901.726105356,3926,100999.59,98773.05,100993.33,103851.14,101018.51,101000.98,100998.65,101007.05
14901.747062811,3927,100994.53,98772.01,100980.27,103831.15,101023.58,100991.9,100995.46,101019.06
14901.767742966,3928,100994.53,98759.91,101002.38,103836.95,101020.43,101000.98,100999.71,101012.98
14901.788117848,3929,101003.58,98759.91,100998.24,103836.95,101030.56,101006.04,101014.72,101019.06
14901.811875853,3930,101001.72,98766.94,100974.19,103844.95,101023.58,100986.83,100998.65,101020.1
14901.832437118,3931,100987.6,98767.98,100996.3,103844.95,101033.53,100998.86,100998.65,101012.98
14901.85306885,3932,100996.66,98767.98,100997.34,103828.96,101014.5,101010.05,100996.52,101010.01
14901.874205165,3933,101011.57,98766.94,100996.3,103836.95,101018.51,100999.92,101012.83,101011.05
14901.893961642,3934,101000.65,98767.98,100994.37,103844.95,101016.41,100999.92,101014.72,101010.01
14901.915211259,3935,100995.59,98767.98,100994.23,103836.95,101027.6,100999.92,100998.65,101015.06
14901.935167087,3936,100995.59,98759.91,100992.29,103852.95,101022.53,101002.04,101002.67,101014.16
14901.956092514,3937,101000.65,98759.91,100994.23,103834.05,101017.46,100999.92,100998.65,101007.05
14901.979877028,3938,100991.6,98766.94,100988.29,103839.14,101030.56,101007.93,101015.79,101006.01
14902.000367125,3939,101000.65,98762.91,100992.29,103847.14,101026.55,100991.9,100998.65,101011.05
14902.020975833,3940,100999.59,98786.18,100996.3,103836.95,101029.51,100991.9,101005.62,101011.05
14902.041581154,3941,100995.59,98773.05,100992.29,103839.14,101021.48,101007.93,101012.83,101003.04
14902.062074617,3942,101007.58,98767.98,100992.29,103836.95,101019.57,101007.93,101007.75,101015.95
14902.082472755,3943,100999.59,98769.02,100990.22,103838.05,101017.46,101000.98,100997.58,101011.05
14902.103140511,3944,100999.59,98784.1,100999.27,103835.86,101022.53,100999.92,100994.63,101003.04
14902.127242586,3945,101001.72,98778.12,100995.26,103844.95,101019.57,101003.92,100991.68,101010.01
14902.147856481,3946,100991.6,98772.01,100992.29,103839.14,101017.46,101007.93,101005.62,101011.05
14902.168335802,3947,100993.73,98767.98,100994.23,103847.14,101030.56,101000.98,100992.74,101011.05
14902.188946762,3948,100990.53,98786.18,100996.3,103846.05,101026.55,101007.93,100998.65,101011.05
14902.209451842,3949,100995.59,98766.94,100992.29,103847.14,101038.79,101007.93,100998.65,101012.98
14902.230097385,3950,101003.58,98773.05,101000.31,103856.23,101030.56,101000.98,100998.65,101015.06
14902.250600352,3951,100999.59,98767.98,100989.32,103840.95,101021.48,101000.98,100998.65,101021.13
14902.271194336,3952,100999.59,98766.94,101001.34,103847.14,101026.55,101002.87,101006.69,101011.05
14902.295268249,3953,100999.59,98767.98,100993.33,103838.05,101018.51,101008.99,101008.57,101015.06
14902.315902024,3954,100999.59,98767.98,100978.34,103838.05,101021.48,101003.92,101011.77,101015.06
14902.336333101,3955,100989.47,98776.04,100989.32,103842.76,101017.46,101014.06,101006.69,101011.05
14902.356965865,3956,100993.73,98759.91,100996.3,103836.95,101018.51,101007.93,100998.65,101008.98
14902.377571156,3957,100991.6,98772.01,100993.33,103840.95,101026.55,101007.93,101012.83,101003.04
14902.398264381,3958,101002.52,98769.02,100984.28,103855.14,101024.45,101004.98,101006.69,101014.02
14902.418778615,3959,100995.59,98772.01,100990.22,103843.14,101022.53,101004.98,101010.7,101011.05
14902.440625917,3960,100999.59,98775.0,100980.27,103844.95,101023.58,100999.92,101010.7,101019.06
14902.463289574,3961,101004.65,98769.02,100981.31,103844.95,101030.56,101006.04,100999.71,101019.06
14902.483914185,3962,100993.73,98770.05,100997.34,103843.86,101018.51,101008.99,101000.54,101010.01
14902.504397302,3963,100999.59,98777.08,101004.32,103848.95,101019.57,100999.92,100995.46,101007.05
14902.525022253,3964,100993.73,98765.9,100992.29,103832.96,101025.5,100999.92,100998.65,101019.06
14902.545597159,3965,100996.66,98777.08,100988.29,103836.95,101017.46,101002.04,100992.5,101008.98
14902.566226477,3966,101003.58,98767.98,100994.37,103830.77,101030.56,101000.98,101014.72,101011.05
14902.588251959,3967,100995.59,98761.87,100982.21,103846.05,101031.62,100999.92,100997.58,101011.05
14902.6071391,3968,101000.65,98767.98,100992.29,103838.76,101016.41,101007.93,101010.7,101012.09
14902.631305232,3969,100991.6,98767.98,100991.26,103844.95,101032.48,101003.92,100998.65,101011.05
14902.653038931,3970,100987.6,98767.98,101001.34,103840.95,101019.57,101002.04,101012.83,101012.98
14902.672387681,3971,100991.6,98776.04,100990.36,103844.95,101017.46,101000.98,100998.65,101010.01
14902.692967404,3972,100992.66,98765.9,100996.3,103844.95,101022.53,101000.98,100992.5,101017.13
14902.713501989,3973,100992.66,98772.01,100994.37,103834.05,101025.5,101006.04,101002.67,101016.99
14902.735305354,3974,101007.58,98770.97,100996.3,103835.86,101026.55,101010.05,101006.69,101020.1
14902.754510616,3975,100987.6,98772.01,100986.21,103843.86,101022.53,101003.92,101014.72,101016.09
14902.775128327,3976,100994.53,98764.98,100996.3,103847.14,101030.56,100999.92,100998.65,101018.02
14902.798901273,3977,100995.59,98767.98,100997.34,103846.05,101016.41,100999.92,100998.65,101011.05
14902.819964328,3978,100991.6,98763.95,100987.25,103840.95,101026.55,100992.96,100998.65,101011.05
14902.840023323,3979,100991.6,98763.95,100993.33,103840.95,101020.43,101002.87,101006.69,101015.06
14902.861038905,3980,100991.6,98767.98,100998.37,103840.95,101010.48,101003.92,101001.6,101014.02
14902.881484215,3981,100991.6,98767.98,100993.33,103840.95,101018.51,101006.87,100997.58,101003.04
14902.902019491,3982,100992.66,98776.04,100980.27,103844.95,101024.45,101002.04,101013.66,101012.09
14902.922846719,3983,100993.73,98767.98,100997.34,103856.95,101016.41,101003.92,101003.73,101019.06
14902.943084544,3984,100999.59,98764.98,100996.3,103836.95,101017.46,101002.04,100999.71,101011.05
14902.96687699,3985,100996.66,98767.98,100993.33,103838.05,101031.62,101004.75,100997.58,101018.16
14902.987932443,3986,100997.72,98767.98,101000.31,103854.04,101005.41,100992.96,100996.52,101011.05
14903.008128926,3987,100999.59,98769.02,100996.3,103851.14,101019.57,101001.81,100996.52,101015.06
14903.029076005,3988,100999.59,98776.04,100996.3,103843.14,101034.58,100991.9,101006.69,101019.06
14903.049079496,3989,100991.6,98763.95,100990.22,103844.95,101022.53,101007.93,101014.72,101011.05
14903.070134979,3990,101007.58,98770.97,100993.33,103836.95,101021.48,101010.05,100999.47,101019.06
14903.090524985,3991,100998.52,98770.97,101000.31,103848.95,101034.58,100998.86,101010.7,101019.06
14903.111309658,3992,100991.6,98767.98,100996.3,103844.95,101017.46,101003.92,101002.67,101015.06
14903.134928732,3993,101003.58,98776.04,100998.37,103844.95,101020.43,100999.92,100996.52,101012.09
14903.15543904,3994,100991.6,98762.91,100981.31,103844.95,101023.58,101004.98,101004.56,101015.06
14903.176003199,3995,100991.6,98772.01,100993.33,103840.95,101016.41,100995.91,101014.72,101011.05
14903.196962187,3996,100991.6,98765.9,100976.27,103851.14,101029.51,101000.98,100998.65,101014.02
14903.219053788,3997,100999.59,98766.94,100992.29,103839.14,101032.48,101003.92,101005.62,101019.06
14903.238171298,3998,100995.59,98776.04,100992.29,103847.14,101022.53,100995.91,101004.56,101019.06
14903.258265445,3999,101007.58,98763.83,100991.26,103847.14,101020.43,100998.86,101014.72,101007.05
14903.282300038,4000,100991.6,98767.98,100998.37,103852.95,101020.43,101008.99,101012.59,101007.05
14903.302900963,4001,100997.72,98766.94,100993.33,103843.86,101027.6,101003.92,100996.52,101006.01
14903.323376519,4002,100997.72,98767.98,100993.33,103852.95,101016.41,101002.04,100997.58,101006.01
14903.343933938,4003,100999.59,98770.05,100992.29,103850.04,101026.55,100991.9,101014.72,101015.06
14903.364639752,4004,101003.58,98759.91,100990.22,103844.95,101021.48,101000.98,100996.52,101011.05
14903.385207927,4005,100999.59,98773.05,100994.37,103844.95,101017.46,100998.86,100998.65,101019.06
14903.405659957,4006,100992.66,98777.08,100991.26,103844.95,101014.5,101000.98,101001.6,101015.06
14903.426181682,4007,100992.66,98759.91,100992.29,103844.95,101020.43,101003.92,101012.59,101007.05
14903.45027942,4008,101000.65,98767.98,100984.28,103844.95,101017.46,100999.92,101003.49,101008.08
14903.470902289,4009,100995.59,98767.98,100989.32,103844.95,101022.53,101004.98,101010.7,101020.1
14903.491469132,4010,100992.66,98767.98,100993.33,103855.14,101019.57,101007.93,100993.57,101019.06
14903.512018589,4011,100991.6,98767.98,100984.28,103847.86,101030.56,100999.92,100998.65,101007.05
14903.532479783,4012,100998.79,98767.98,100978.34,103844.95,101021.48,101010.05,101013.66,101000.97
14903.553175842,4013,101003.58,98757.84,100980.27,103844.95,101024.45,100991.9,100996.52,101022.17
14903.574226427,4014,100995.59,98770.97,100992.29,103848.95,101018.51,101006.04,100994.63,101015.06
14903.594143207,4015,100998.52,98766.94,100996.3,103846.05,101018.51,101003.92,100998.65,101015.06
14903.61829689,4016,100996.66,98769.02,100989.32,103855.14,101028.46,100999.92,101010.7,101011.05
14903.638970565,4017,100993.73,98767.98,100993.33,103848.95,101025.5,101007.93,101015.79,101020.1
14903.659453511,4018,100983.61,98767.98,100994.37,103843.14,101021.48,100998.86,101003.73,101015.06
14903.679987565,4019,101005.71,98776.04,100980.27,103843.14,101023.58,100991.9,100996.52,101008.98
14903.700426305,4020,100991.6,98763.95,100993.33,103854.04,101020.43,100998.86,100999.71,101012.09
14903.721141974,4021,101008.64,98762.91,100988.29,103835.14,101016.41,101007.93,101013.66,101011.05
14903.741543377,4022,100991.6,98767.98,100993.33,103846.05,101020.62,101000.98,100997.58,101006.01
14903.762318976,4023,101004.65,98770.97,100992.29,103851.14,101016.41,101004.98,101009.64,101011.05
14903.786343474,4024,100991.6,98765.9,100992.29,103846.05,101030.56,100998.86,100998.65,101019.06
14903.807073805,4025,100992.66,98773.05,100993.33,103839.14,101024.45,100999.92,101006.69,101012.09
14903.827419193,4026,100992.66,98762.91,101008.32,103844.95,101016.41,101002.04,101002.67,101019.06
14903.847959987,4027,100985.74,98767.98,100992.29,103844.95,101017.46,101000.98,101010.7,101011.05
14903.868400389,4028,101004.65,98766.94,101009.36,103852.95,101018.51,101000.98,100996.52,101019.06
14903.889087234,4029,100996.66,98767.98,100993.33,103852.95,101016.41,101000.98,101014.72,101007.05
14903.909611233,4030,100990.53,98766.94,101004.32,103844.95,101025.5,101004.98,101004.56,101006.01
14903.930147199,4031,101003.58,98760.95,100992.29,103839.14,101017.46,101013.83,100993.57,101023.07
14903.954314903,4032,100991.6,98765.9,100985.32,103844.95,101010.48,101008.99,100996.52,101018.02
14903.974966966,4033,101000.65,98767.98,100992.29,103847.14,101021.48,100994.85,101001.6,101019.06
14903.995443833,4034,101003.58,98772.01,100985.32,103847.14,101026.55,101003.92,100997.58,101011.05
14904.016054483,4035,100991.6,98776.04,100993.33,103844.95,101028.46,100991.9,100996.52,101016.09
14904.036587415,4036,101002.52,98762.91,100991.26,103836.95,101024.45,101003.92,101000.54,101008.08
14904.057165175,4037,100992.66,98772.01,100996.3,103844.95,101017.46,100999.92,100996.52,101012.09
14904.077906162,4038,100999.59,98767.98,101000.31,103846.05,101025.5,100999.92,100997.58,101019.06
14904.098414637,4039,100991.6,98769.02,100992.29,103842.05,101018.51,101004.98,101012.59,101015.06
14904.121933369,4040,100992.66,98772.01,100991.26,103855.14,101028.46,100996.97,101008.57,101012.98
14904.142968011,4041,100987.6,98773.96,100986.21,103851.14,101024.45,101004.98,100998.65,101011.05
14904.163051513,4042,100994.53,98767.98,100994.37,103858.04,101024.45,100999.92,101000.54,101011.05
14904.186225142,4043,101001.72,98767.98,100980.27,103852.95,101016.41,100997.8,101010.7,101014.02
14904.20608781,4044,100991.6,98772.01,100994.37,103844.95,101025.5,101007.93,101014.72,101003.04
14904.225372001,4045,101001.72,98773.96,100988.29,103834.05,101016.41,101003.92,100997.58,101016.99
14904.245879845,4046,100991.6,98763.95,100993.33,103847.14,101034.58,101006.04,101009.64,101003.04
14904.266288419,4047,100994.53,98766.94,100989.32,103844.95,101009.43,101007.93,100996.52,101005.11
14904.289907994,4048,100997.72,98770.97,100986.21,103836.95,101030.56,101007.93,100996.52,100999.04
14904.312096682,4049,100995.59,98767.98,100996.3,103828.96,101020.43,101011.94,101004.56,101016.09
14904.331096614,4050,101003.58,98767.98,100992.29,103839.14,101019.57,101006.04,100998.65,101011.05
14904.352209384,4051,100991.6,98767.98,100982.34,103847.14,101021.48,100999.92,100998.65,101015.06
14904.372557426,4052,100992.66,98767.98,100992.29,103856.95,101020.43,101008.99,101005.62,101007.05
14904.393241687,4053,101003.58,98762.91,100988.29,103832.96,101009.43,101007.93,101014.72,101011.05
14904.413549739,4054,101004.65,98767.98,100976.27,103839.14,101018.51,100998.86,100997.58,101019.06
14904.434263374,4055,100995.59,98776.04,100989.32,103844.95,101019.57,101008.99,101010.7,101011.05
14904.45792978,4056,100991.6,98753.81,100997.34,103843.14,101017.46,101007.93,100998.65,101007.05
14904.478355459,4057,101004.65,98765.9,100990.36,103844.95,101025.5,101008.99,100993.57,101015.06
14904.499125821,4058,101004.65,98759.91,100990.22,103844.95,101019.57,100988.95,100996.52,101011.05
14904.520032599,4059,100991.6,98772.01,100992.29,103847.14,101016.41,100993.79,100999.71,101020.1
14904.540247369,4060,101000.65,98767.98,100981.31,103828.96,101016.41,101008.99,101004.8,101011.05
14904.561161719,4061,100997.72,98770.97,100974.19,103847.14,101020.43,101003.92,101002.67,101015.06
14904.581148444,4062,100991.6,98780.07,101002.38,103856.95,101022.53,100992.96,101013.66,101011.05
14904.605312573,4063,100994.53,98757.84,100992.29,103859.14,101028.46,101001.81,101002.67,101020.1
14904.625964425,4064,101004.65,98766.94,100991.26,103852.95,101016.41,100992.96,101005.62,101011.05
14904.646454612,4065,100992.66,98759.91,101000.31,103852.95,101021.48,101000.98,100990.61,101007.05
14904.666970468,4066,100997.72,98776.04,100995.26,103835.86,101025.5,101008.99,101014.72,101020.1
14904.687482369,4067,100999.59,98767.98,100988.29,103844.95,101032.48,100995.91,100992.5,101020.1
14904.708237357,4068,100991.6,98767.98,100992.29,103848.95,101013.45,101007.93,100990.61,101015.06
14904.728654995,4069,101005.71,98767.98,100975.23,103840.95,101032.48,101010.05,100998.65,101010.01
14904.749152283,4070,100993.73,98767.98,100999.27,103844.95,101026.55,101006.04,100998.65,101011.05
14904.773317413,4071,100999.59,98766.94,100990.36,103854.04,101030.56,101003.92,100999.71,101007.05
14904.793977187,4072,101001.72,98772.01,100994.37,103839.14,101012.39,101000.98,101013.66,101019.06
14904.814444931,4073,100992.66,98755.88,100992.29,103831.15,101024.45,100999.92,101012.59,101013.12
14904.835133107,4074,100995.59,98762.91,100989.32,103840.95,101018.51,100998.03,101015.79,101020.1
14904.855450644,4075,100993.73,98767.98,100992.29,103847.14,101018.51,100999.92,101013.66,101029.14
14904.878092598,4076,100992.66,98766.94,100992.29,103858.04,101017.46,100987.89,101002.67,101007.05
14904.896548576,4077,100993.73,98772.01,100993.33,103846.76,101022.53,100997.8,100993.57,101011.05
14904.917186688,4078,101009.71,98768.89,100988.29,103844.95,101016.41,101003.92,101011.77,101020.1
14904.941310255,4079,101008.64,98772.01,100992.29,103844.95,101016.41,101004.98,101011.77,101011.05
14904.961976429,4080,101004.65,98772.01,100992.29,103839.14,101025.5,101005.81,101014.72,101020.1
14904.982450782,4081,100999.59,98772.01,101001.34,103858.04,101016.41,100999.92,100996.52,101020.1
14905.003113271,4082,101005.71,98770.97,100980.27,103844.95,101020.43,101003.92,100994.63,101011.05
14905.023586041,4083,101000.65,98772.01,100997.34,103844.95,101013.45,100996.97,100997.58,101021.13
14905.044308911,4084,100997.72,98777.08,100990.22,103844.95,101016.41,101003.92,101014.72,101015.06
14905.065284984,4085,100996.66,98762.91,100998.24,103844.95,101031.43,101002.04,101002.67,101020.1
14905.085208714,4086,101007.58,98767.98,100996.3,103844.95,101016.41,101008.99,101014.72,101011.05
14905.1093313,4087,100987.6,98766.94,100997.34,103844.95,101016.41,101013.0,101006.69,101007.05
14905.129952826,4088,100995.59,98769.02,100992.29,103840.95,101017.46,101005.81,100994.63,101021.13
14905.150429182,4089,100990.53,98766.94,100994.23,103852.95,101017.46,100999.92,101008.81,101010.01
14905.171132462,4090,100993.73,98773.05,100994.23,103851.14,101017.46,101007.93,100998.65,101011.05
14905.191526735,4091,100999.59,98763.95,100991.26,103852.95,101013.45,100992.96,101006.69,101014.02
14905.21212801,4092,100997.72,98759.91,101001.34,103834.05,101025.5,101008.99,100999.71,101013.12
14905.232588783,4093,100999.59,98767.98,100989.32,103852.95,101031.62,101008.99,100999.71,101013.12
14905.253272914,4094,100995.59,98767.98,100996.3,103840.24,101015.36,101002.04,101003.73,101010.01
14905.277403342,4095,100993.46,98767.98,100994.37,103836.95,101018.51,100995.91,100998.65,101019.06
14905.297968132,4096,100987.6,98776.04,100998.37,103832.96,101017.46,100997.8,100998.65,101013.12
14905.318468565,4097,100984.67,98767.98,100988.29,103855.14,101022.53,101000.98,101004.56,101006.01
14905.339133336,4098,100991.6,98759.91,100990.22,103852.95,101016.41,100999.92,101005.62,101019.06
14905.359553017,4099,100999.59,98764.86,100984.28,103844.95,101017.46,101003.92,100997.58,101021.13
14905.380272071,4100,100998.52,98772.01,100978.2,103863.14,101024.45,101000.98,101010.7,101015.06
14905.40055242,4101,100995.59,98765.9,100988.29,103844.95,101017.46,101000.98,101010.7,101017.13
14905.421180897,4102,101001.72,98772.01,100980.27,103847.14,101022.53,101003.92,101018.74,101018.16
14905.445377245,4103,101004.65,98757.84,101001.34,103839.14,101018.51,100999.92,100999.71,101022.03
14905.465987514,4104,101005.71,98767.98,100979.24,103844.95,101020.43,100992.96,100998.65,101011.05
14905.48657632,4105,100991.86,98772.01,100980.27,103852.95,101013.45,101004.98,101010.7,101007.05
14905.507043443,4106,100991.86,98766.94,100986.21,103846.76,101026.55,101003.92,101006.69,101023.07
14905.527614853,4107,100991.6,98766.94,100996.3,103834.76,101025.5,101002.04,101008.57,101011.05
14905.54813121,4108,100991.6,98767.98,100996.3,103844.95,101024.45,101007.93,100993.57,101019.06
14905.568604322,4109,100991.6,98759.91,100992.29,103847.14,101016.41,101010.05,100998.65,101017.13
14905.589277967,4110,100991.6,98763.95,100992.29,103840.95,101010.48,100994.02,100992.5,101007.05
14905.612954918,4111,101003.58,98766.94,100982.21,103843.14,101017.46,101000.98,101006.69,101015.06
14905.634041528,4112,100995.59,98766.94,100996.3,103852.95,101024.45,101008.99,101008.57,101019.06
14905.654063998,4113,101001.72,98772.01,100995.26,103847.14,101032.48,101000.98,100996.52,101011.05
14905.67509972,4114,101001.72,98767.98,100991.26,103843.14,101020.43,100999.92,101000.54,101004.08
14905.695180278,4115,100989.47,98765.9,100988.29,103839.14,101021.48,100999.92,101015.79,101011.05
14905.71622878,4116,100997.72,98766.94,100999.27,103851.14,101016.41,100999.92,101011.77,101019.06
14905.736685597,4117,100992.66,98766.94,100992.29,103835.86,101009.43,100999.92,101002.67,101014.16
14905.757180201,4118,100993.73,98769.93,100992.29,103834.76,101022.53,101007.93,101014.72,101017.13
14905.781031607,4119,100997.72,98758.88,100994.37,103855.14,101025.5,100999.92,100995.46,101011.05
14905.801445819,4120,100992.66,98772.01,100994.37,103848.95,101016.41,101011.94,101004.56,101021.13
14905.822978715,4121,100992.66,98767.98,100998.37,103855.14,101017.46,101008.99,101002.67,101013.12
14905.843161837,4122,101002.78,98759.91,100998.37,103855.14,101024.45,101000.98,101000.54,101015.06
14905.863122313,4123,101001.72,98783.06,100982.34,103847.14,101028.46,101000.98,101014.72,101011.05
14905.884237787,4124,100990.8,98759.91,101002.38,103848.95,101016.41,101007.93,101001.6,101011.05
14905.904251793,4125,100997.72,98761.87,100996.3,103850.76,101025.5,100995.91,101005.62,101014.16
14905.929224376,4126,100987.6,98769.93,100990.36,103836.95,101012.39,100994.85,100990.61,101011.05
14905.948958128,4127,100992.66,98770.97,100994.37,103847.14,101022.53,101013.0,101014.72,101011.05
14905.969498712,4128,100992.66,98776.04,100997.34,103850.04,101025.5,101014.06,101004.56,101021.13
14905.990033366,4129,101001.72,98766.94,100988.29,103847.14,101015.55,101002.04,100991.44,101011.05
14906.01058068,4130,100997.72,98767.98,100980.27,103844.95,101018.51,101008.99,100998.65,101012.09
14906.03112516,4131,100988.67,98773.96,100992.29,103846.05,101024.45,101006.04,100998.65,101000.97
14906.051640345,4132,101000.65,98769.93,100992.29,103844.95,101016.41,101004.16,100994.63,101007.05
14906.072185195,4133,101009.71,98764.86,100994.37,103852.95,101016.41,100991.9,100997.58,101017.13
14906.096373751,4134,100990.53,98765.9,101000.31,103855.14,101021.48,100998.86,101014.72,101012.09
14906.116968546,4135,100991.6,98762.91,100996.3,103852.95,101021.48,100995.91,100996.52,101009.12
14906.137431813,4136,101000.65,98759.91,100992.29,103855.14,101025.5,101003.92,101014.72,101019.06
14906.158061441,4137,100995.59,98767.98,100994.23,103852.95,101024.45,101003.92,101004.56,101010.15
14906.178616547,4138,100983.61,98766.94,100988.29,103844.95,101016.41,100999.92,100995.46,101021.13
14906.199224883,4139,100991.6,98766.94,100994.37,103847.14,101022.53,101000.98,101000.54,101019.06
14906.219657944,4140,100999.85,98763.95,100994.37,103844.95,101021.48,101007.93,101001.6,101012.98
14906.240185638,4141,100993.73,98767.98,100982.34,103854.04,101020.62,101004.98,100987.42,101013.12
14906.264355486,4142,100993.73,98765.9,100994.37,103848.95,101022.53,101006.04,101010.7,101022.03
14906.285033097,4143,100987.6,98775.0,100998.37,103863.14,101016.41,101007.93,100997.58,101011.05
14906.305535973,4144,100992.66,98765.9,100994.37,103852.95,101018.51,101005.81,101011.77,101015.06
14906.326199182,4145,101003.58,98766.94,100990.36,103844.95,101026.55,101000.98,101013.66,101012.09
14906.346529668,4146,100993.73,98758.88,100996.3,103847.14,101026.55,101007.93,101002.67,101013.12
14906.367206157,4147,100995.59,98773.96,101000.31,103839.86,101018.51,100994.02,101006.69,101007.05
14906.387613559,4148,100992.66,98772.01,100992.29,103848.95,101022.53,101012.17,100997.58,101010.01
14906.408300895,4149,100991.6,98765.9,100988.29,103847.14,101009.43,101008.99,100998.65,101019.06
14906.432386515,4150,101008.64,98763.95,100988.29,103855.14,101020.43,100994.02,100999.71,101019.06
14906.452998767,4151,101001.72,98767.98,100990.22,103840.95,101025.5,100999.92,100996.52,101007.05
14906.473461332,4152,100992.66,98758.88,100988.29,103852.95,101024.45,101000.98,101000.78,101011.05
14906.494058972,4153,100983.61,98766.94,100976.27,103848.24,101018.51,101000.98,100993.57,101011.05
14906.51456285,4154,100997.72,98776.04,100993.33,103836.95,101020.62,101004.98,100996.52,101013.12
14906.535153149,4155,100991.6,98767.98,101002.38,103840.95,101020.43,101004.98,100993.57,101013.12
14906.556192037,4156,100991.6,98783.06,100994.37,103855.14,101021.48,100996.97,101007.75,101007.05
14906.576561722,4157,100991.6,98766.94,100988.29,103852.95,101017.46,100996.97,101011.77,101004.08
14906.600375811,4158,100995.59,98759.91,100993.33,103852.95,101021.48,100997.8,101006.69,101003.04
14906.622004201,4159,101001.72,98767.98,100994.37,103846.05,101021.48,100999.92,101006.69,101007.05
14906.641719025,4160,101004.65,98772.01,100993.33,103844.95,101017.46,100996.97,101004.56,101016.09
14906.6620558,4161,100993.73,98767.98,100976.27,103855.14,101018.51,101003.92,100997.58,101011.05
14906.682546588,4162,100992.66,98776.04,100982.34,103847.14,101025.5,100995.91,100996.52,101013.12
14906.703229197,4163,101011.57,98766.94,100990.36,103855.14,101016.41,101004.98,100997.58,101015.06
14906.723665212,4164,100995.59,98775.0,100978.2,103843.14,101016.41,101004.98,101004.56,101007.05
14906.744254139,4165,100988.67,98767.98,100988.29,103843.14,101018.51,101003.92,100992.5,101014.02
14906.768424767,4166,100983.61,98766.94,100988.29,103852.95,101012.39,101002.87,101005.62,101011.05
14906.789012252,4167,100995.59,98770.97,100990.36,103836.95,101022.53,101010.05,101000.54,101011.05
14906.80908703,4168,100992.66,98759.91,100985.32,103840.95,101020.62,101007.93,100998.65,101017.13
14906.83004801,4169,100995.59,98766.94,100998.37,103840.95,101024.45,101008.99,101008.57,101011.05
14906.850739342,4170,100985.74,98765.9,100993.33,103859.14,101020.43,101007.93,100994.63,101011.05
14906.871242188,4171,101001.72,98758.88,100992.29,103848.95,101024.45,101007.93,100998.65,101007.05
14906.891652155,4172,101003.58,98766.94,100977.3,103852.95,101024.45,101011.11,100992.5,101010.01
14906.912517139,4173,100995.59,98766.94,100992.29,103848.95,101011.53,100998.03,101001.6,101014.16
14906.93597568,4174,100992.66,98765.9,100996.3,103851.14,101025.5,101003.92,101017.67,101007.05
14906.957036441,4175,100995.59,98776.04,100996.3,103846.05,101017.46,100999.92,101000.78,101021.13
14906.977058449,4176,100993.73,98768.89,100992.29,103847.14,101016.41,101002.04,101002.67,101019.06
14906.998041853,4177,101005.71,98775.0,100995.4,103840.95,101025.5,101001.81,101005.62,101011.05
14907.018666474,4178,100993.73,98765.9,100976.27,103844.95,101016.41,100999.92,100997.58,101019.06
14907.039263573,4179,100995.59,98767.98,100993.33,103844.95,101029.51,101010.05,101004.8,101011.05
14907.059742163,4180,101004.65,98761.87,101000.31,103844.95,101022.53,100999.92,100997.58,101021.13
14907.080295666,4181,101002.78,98765.9,100989.32,103852.95,101016.41,101007.93,101003.73,101007.05
14907.105068737,4182,101000.65,98773.96,100974.33,103847.86,101017.46,101003.92,101014.72,101010.01
14907.124534944,4183,100991.6,98767.98,100992.29,103846.05,101020.43,101006.04,100998.65,101007.05
14907.145197502,4184,100993.73,98775.0,100998.37,103854.04,101018.51,101000.98,101000.78,101011.05
14907.16621619,4185,101003.58,98767.98,100992.29,103844.95,101034.58,100999.92,100998.65,101007.05
14907.186341174,4186,100997.72,98772.01,100989.32,103844.95,101009.43,100999.92,100992.5,101019.06
14907.207308674,4187,100995.59,98776.04,100994.37,103847.14,101025.5,101002.04,100998.65,101019.06
14907.227306526,4188,101003.58,98766.94,100989.32,103840.95,101017.46,101000.98,101010.7,101016.09
14907.251396823,4189,100992.66,98769.93,100970.32,103847.14,101021.48,101004.98,100996.52,101011.05
14907.272024518,4190,100992.66,98773.96,100994.37,103836.95,101018.51,101000.98,101004.56,101005.11
14907.292522287,4191,100991.6,98766.94,100993.33,103836.95,101017.46,101003.92,100996.52,101007.05
14907.313167839,4192,100992.66,98759.91,100993.33,103844.95,101017.46,101003.92,101002.67,101003.04
14907.333556623,4193,100989.73,98767.98,100993.33,103844.95,101030.56,101000.98,101008.57,101011.05
14907.354197368,4194,100995.59,98770.97,100993.33,103856.95,101017.46,101010.05,101010.7,101011.05
14907.375136315,4195,100999.59,98776.04,100984.28,103852.95,101013.45,100990.84,101002.67,101012.09
14907.39551907,4196,100992.66,98761.87,100983.38,103844.95,101022.53,101003.92,101010.7,101020.1
14907.419394181,4197,100991.6,98754.85,100988.29,103839.14,101035.63,101000.98,101008.57,101013.12
14907.440017209,4198,100992.66,98775.0,100996.3,103848.95,101026.55,101006.87,101002.67,101011.05
14907.460494907,4199,101000.65,98766.94,100997.34,103846.05,101030.56,101003.92,101006.69,101003.04
14907.482352264,4200,100996.66,98784.1,100990.36,103852.95,101021.48,101010.05,101014.72,101005.11
14907.501582644,4201,100991.6,98759.91,100994.37,103844.95,101021.48,101002.87,100995.46,101015.06
14907.522253936,4202,100992.66,98762.91,101000.31,103852.95,101025.5,100999.92,101014.72,101013.12
14907.542716111,4203,100994.79,98776.04,100992.29,103844.95,101025.5,101006.04,101011.77,101012.09
14907.563275743,4204,100995.59,98772.01,100990.36,103855.14,101017.46,100994.85,100997.58,101013.12
14907.587473723,4205,100992.66,98765.9,100988.29,103847.14,101021.48,101004.98,101000.78,101012.09
14907.608035989,4206,100993.73,98769.93,100985.32,103855.14,101017.46,101002.87,100999.71,101000.97
14907.628515,4207,100992.66,98769.93,100994.37,103855.14,101018.51,100999.92,100998.65,101011.05
14907.650853525,4208,100993.73,98775.0,100996.44,103851.85,101021.48,100995.91,101000.54,101017.13
14907.669784061,4209,100992.66,98766.94,100992.29,103864.94,101020.43,100999.92,101001.6,101014.16
14907.690302992,4210,101001.72,98772.01,100984.28,103844.95,101021.48,100999.92,100997.58,101019.06
14907.710806109,4211,101000.65,98766.94,101005.35,103848.95,101017.46,100996.97,101014.72,101011.05
14907.731332511,4212,100993.73,98766.94,101001.34,103856.95,101035.63,101008.99,100998.65,101011.05
14907.755416298,4213,100995.59,98770.97,100994.37,103856.95,101022.53,101003.92,100993.57,101008.08
14907.776039797,4214,101001.72,98776.04,100993.33,103846.05,101016.41,101000.98,101002.67,101013.12
14907.798048844,4215,100995.59,98766.94,100997.34,103852.95,101016.41,100995.91,101001.6,101021.13
14907.817106653,4216,100993.73,98758.88,100980.27,103847.14,101018.51,101004.98,100996.52,101010.01
14907.837565232,4217,100999.59,98765.9,100977.3,103844.95,101018.51,100995.91,101006.69,101007.05
14907.858205266,4218,100987.6,98767.98,100993.33,103843.14,101026.55,101004.98,101014.72,101005.11
14907.87992149,4219,100991.6,98757.84,100990.36,103856.95,101018.51,100995.91,101010.7,101011.05
14907.89925809,4220,100991.6,98759.91,100989.32,103863.14,101020.43,101002.04,100993.57,101008.98
14907.923420056,4221,100992.66,98761.87,100976.27,103855.14,101024.63,101008.99,101011.77,101009.12
14907.94411279,4222,100991.6,98765.9,101000.31,103843.14,101025.5,101007.93,100991.68,101019.06
14907.964483977,4223,100991.6,98770.97,100995.4,103844.95,101021.48,101000.98,100995.7,101011.05
14907.986207721,4224,100990.53,98757.84,100992.29,103836.95,101021.48,101000.98,101001.6,101004.08
14908.00570131,4225,101005.71,98769.93,100998.37,103851.14,101018.51,101007.93,101004.56,101013.12
14908.026422066,4226,101004.65,98775.0,100992.29,103852.95,101034.58,101010.05,101001.6,101015.06
14908.047053668,4227,101004.65,98757.84,100982.34,103840.95,101017.46,101008.99,100998.65,101012.09
14908.067377623,4228,100987.6,98769.93,100977.3,103843.86,101021.48,100995.91,100997.58,101011.05
14908.091045671,4229,100993.73,98770.97,100997.34,103852.95,101025.5,100990.84,101014.72,101013.12
14908.112062586,4230,100993.73,98762.91,100986.35,103848.95,101031.62,101007.93,101014.72,101012.09
14908.132173249,4231,100989.73,98767.98,100993.33,103855.85,101029.51,101003.92,101006.69,101013.12
14908.153124754,4232,100992.66,98757.84,100993.33,103855.14,101024.45,100999.92,100998.65,101011.05
14908.173723916,4233,100996.66,98772.01,100982.34,103848.95,101015.55,101003.92,100993.57,101020.1
14908.194263208,4234,100993.73,98761.87,100988.29,103848.95,101026.55,100998.03,101001.6,101007.18
14908.21469072,4235,101004.65,98767.98,100993.33,103847.14,101021.48,101004.98,101004.8,101013.12
14908.235287329,4236,101009.71,98766.94,101004.32,103848.24,101016.41,101006.87,100999.71,101012.09
14908.259027035,4237,100993.73,98775.0,100996.3,103855.14,101018.51,101011.94,100999.71,101011.05
14908.280062828,4238,100992.66,98767.98,100997.34,103852.95,101019.57,101002.04,101003.73,101013.12
14908.302144444,4239,100992.66,98775.0,100978.34,103852.95,101016.41,100999.92,100995.7,101011.05
14908.321315785,4240,100992.66,98776.96,100989.32,103839.14,101018.51,100996.97,101003.73,101006.01
14908.341640662,4241,100995.59,98767.98,100995.4,103844.24,101029.51,101007.1,100999.71,101007.05
14908.362434389,4242,100997.72,98765.9,100996.3,103850.04,101017.46,101006.04,100998.65,101011.05
14908.382821991,4243,100981.74,98766.94,100993.33,103839.14,101017.46,100995.91,101015.79,101011.05
14908.406482758,4244,100993.73,98762.91,100993.33,103852.95,101026.55,100999.92,100998.65,101019.06
14908.427046256,4245,100998.52,98757.84,100990.36,103852.95,101017.46,101000.98,101010.7,101011.05
14908.447536954,4246,100984.67,98769.93,100978.34,103844.95,101010.48,100999.92,101004.8,101018.02
14908.468549021,4247,101001.72,98775.0,100996.44,103840.95,101024.63,101010.05,101006.69,101015.06
14908.489282386,4248,101008.64,98766.94,101001.34,103863.14,101020.43,101002.04,100998.65,101008.08
14908.509487452,4249,100991.6,98765.9,100988.29,103844.95,101021.48,101014.89,101014.72,101010.15
14908.532240454,4250,100993.73,98762.91,101002.38,103851.14,101020.43,101003.92,101011.77,101011.05
14908.550322917,4251,100999.59,98758.88,100996.3,103856.95,101017.46,101006.04,100998.65,101015.06
14908.574426895,4252,101007.84,98765.9,100993.33,103856.95,101020.43,101004.98,100998.65,101011.05
14908.595047048,4253,100999.59,98765.9,100990.36,103836.95,101030.56,101008.99,100991.68,101011.05
14908.615503214,4254,100991.6,98770.97,100993.33,103848.95,101016.41,101000.98,101016.85,101007.05
14908.636153915,4255,100997.72,98770.97,100994.37,103844.95,101028.46,101003.92,100999.71,101008.08
14908.656619384,4256,100992.66,98762.91,100988.29,103852.95,101017.46,101008.99,101015.79,101003.04
14908.677222793,4257,101008.64,98767.98,101004.32,103844.95,101023.58,101002.04,100999.71,101006.01
14908.697713671,4258,100994.79,98767.98,100984.28,103847.14,101023.58,101008.99,101006.69,101011.05
14908.71829711,4259,101004.65,98760.95,100990.36,103844.95,101022.53,100997.8,100999.71,101019.06
14908.742423401,4260,101001.72,98769.93,100985.32,103855.14,101030.56,100996.97,101014.72,101011.05
14908.763130927,4261,100991.6,98765.9,100998.37,103856.95,101023.39,101003.92,101002.67,101016.09
14908.783547213,4262,100989.73,98775.0,100993.33,103844.95,101021.48,101007.93,101013.66,101007.05
14908.804170602,4263,100995.59,98772.01,101002.38,103846.05,101027.6,101000.98,100996.52,101014.16
14908.824598014,4264,100984.67,98767.98,100996.3,103855.14,101037.55,100994.02,101006.69,101013.12
14908.845307393,4265,101004.65,98777.08,100989.32,103863.14,101027.6,101000.98,100995.7,101021.13
14908.865625149,4266,100995.59,98776.04,100981.31,103844.95,101027.6,101004.98,101011.77,101009.12
14908.886530955,4267,100995.59,98763.83,100978.34,103847.14,101015.36,101007.93,100996.52,101013.12
14908.910446748,4268,101000.65,98754.85,100990.36,103857.33,101010.48,101008.99,100998.65,101004.08
14908.931050437,4269,100990.53,98765.9,101002.38,103852.95,101018.51,101010.05,101021.93,101013.12
14908.95159041,4270,100987.6,98765.9,100998.37,103855.14,101016.41,101007.93,100998.65,101011.05
14908.972269543,4271,100984.67,98761.87,100993.33,103842.76,101014.5,100998.03,100998.65,101013.12
14908.992824528,4272,100993.73,98766.94,101001.34,103844.95,101020.43,101010.05,101006.69,101007.05
14909.014218574,4273,100991.6,98770.97,100976.27,103854.04,101025.5,101007.93,100998.65,101011.05
14909.033759995,4274,100993.73,98759.91,100992.29,103847.14,101021.48,101000.98,101007.75,101013.12
14909.054342572,4275,100991.6,98755.88,100993.33,103844.95,101016.41,101007.93,100994.63,101004.97
14909.078447321,4276,100995.59,98761.87,100982.34,103839.14,101026.55,101013.0,101001.6,101017.13
14909.099085792,4277,100996.66,98753.81,100988.29,103855.14,101013.45,101004.98,100992.74,101003.04
14909.119592575,4278,100993.73,98773.96,100998.37,103852.95,101018.51,100997.8,100993.57,101003.04
14909.140243906,4279,100991.6,98766.94,100988.29,103855.14,101018.51,101004.98,101003.73,101021.13
14909.160670407,4280,100995.59,98766.94,100988.29,103847.14,101026.55,101003.92,101012.59,101011.05
14909.18131615,4281,100993.73,98762.91,100988.29,103852.95,101013.45,100995.91,101014.72,101019.06
14909.203036859,4282,100997.72,98767.98,100994.37,103856.95,101023.58,101004.98,101007.75,101015.06
14909.222381432,4283,100992.66,98769.93,100993.33,103846.05,101018.51,101006.04,100999.71,101011.05
14909.24649189,4284,100991.6,98759.91,100980.27,103844.95,101017.46,101008.99,101010.7,101014.02
14909.267068167,4285,101003.58,98762.91,100990.36,103850.76,101026.55,100991.9,101001.6,101011.05
14909.287540768,4286,100992.66,98762.91,100994.37,103852.95,101016.41,101003.92,101006.69,101008.08
14909.308154422,4287,100983.61,98772.01,100993.33,103848.95,101016.41,101003.92,100994.63,101011.05
14909.328660744,4288,100997.72,98765.9,100993.33,103844.95,101025.5,100999.92,101006.69,101012.09
14909.349282911,4289,100987.6,98766.94,100994.37,103844.95,101025.5,101008.99,100996.52,101009.12
14909.369711284,4290,101006.78,98767.98,100992.29,103855.14,101012.39,100999.92,100998.65,101015.06
14909.39037233,4291,100991.6,98765.9,100998.37,103836.95,101021.48,101000.98,101002.67,101011.05
14909.414148141,4292,100993.73,98761.87,100985.32,103842.05,101022.53,100999.92,101004.56,101011.05
14909.43513504,4293,100991.6,98762.91,100990.36,103843.14,101018.51,100999.92,101011.77,101021.13
14909.455248367,4294,100986.54,98770.97,100993.33,103852.95,101026.55,100998.03,101000.78,101003.04
14909.476240924,4295,101003.58,98763.95,100990.36,103839.86,101009.43,101002.04,101014.72,101004.08
14909.496629518,4296,100995.59,98767.98,100994.37,103860.23,101016.41,101003.92,100991.68,101004.08
14909.517277894,4297,101001.72,98757.84,100977.3,103838.05,101021.48,101000.15,100998.65,101011.05
14909.537778507,4298,100985.74,98769.93,100989.32,103855.14,101018.51,101008.99,100999.71,101009.12
14909.55834499,4299,100992.66,98758.88,100990.36,103852.95,101013.45,101004.98,101002.67,101005.11
14909.582091497,4300,100993.73,98756.8,100990.36,103846.05,101029.51,101003.92,100998.65,101011.05
14909.603078466,4301,100988.67,98761.87,100976.27,103847.14,101010.48,100997.8,100998.65,101008.08
14909.623169268,4302,100996.66,98772.01,100994.37,103848.95,101007.33,101004.98,100997.58,101005.11
14909.646168053,4303,100997.72,98772.01,100976.27,103851.14,101018.51,101008.99,100999.71,101021.13
14909.665308637,4304,100992.66,98767.98,100997.34,103846.05,101025.5,100998.86,100998.65,101011.05
14909.685286579,4305,100996.66,98766.94,100993.33,103854.04,101017.46,100995.91,100996.76,101009.12
14909.705751758,4306,101005.71,98767.98,100989.32,103844.24,101016.41,100994.85,100998.65,101008.08
14909.729434648,4307,100993.73,98759.91,100976.27,103855.14,101016.41,101007.1,100998.65,101005.11
14909.751127816,4308,100983.61,98779.03,100976.27,103860.95,101018.51,101006.04,101014.72,101014.16
14909.770584429,4309,100990.53,98769.93,100986.35,103858.04,101010.48,101000.98,101002.67,101011.05
14909.791174948,4310,101009.71,98763.95,100986.35,103836.95,101017.46,101006.04,101006.69,101009.12
14909.8121898,4311,100999.59,98766.94,100994.37,103855.14,101012.39,101007.1,101002.67,101012.09
14909.83222658,4312,100997.72,98765.9,100990.36,103843.14,101022.53,100996.97,100998.65,101009.12
14909.853436327,4313,101009.71,98765.9,100976.27,103855.14,101019.57,100999.92,100998.65,101010.01
14909.873481731,4314,100991.6,98758.88,100992.29,103852.95,101024.45,101000.98,101016.85,101016.09
14909.897469482,4315,100991.6,98766.94,100992.29,103855.14,101018.51,100996.97,101006.69,101003.04
14909.918148365,4316,101000.65,98761.87,100988.29,103844.95,101022.53,101007.93,100996.52,101003.04
14909.938500323,4317,100997.72,98759.79,100990.36,103863.14,101016.41,101004.98,100994.63,101009.12
14909.959213097,4318,100997.72,98770.97,100996.44,103852.95,101008.38,101007.93,101000.78,101013.12
14909.979623103,4319,101007.58,98759.91,100993.33,103836.95,101014.5,101004.98,101007.75,101013.12
14910.00033113,4320,100995.59,98770.97,100988.29,103844.95,101013.45,101000.98,100999.71,101007.05
14910.021291359,4321,100993.73,98770.97,100994.37,103859.14,101024.45,100995.91,101002.67,101007.05
14910.041318716,4322,101001.72,98757.84,100982.34,103855.14,101016.41,101008.99,100996.52,101007.05
14910.065466309,4323,101000.65,98765.9,100976.27,103836.95,101022.53,101002.04,101007.75,101015.06
14910.086085742,4324,100991.6,98765.9,100983.24,103844.95,101021.48,100992.96,100998.65,101013.12
14910.106616891,4325,101005.71,98766.94,100992.29,103848.24,101020.43,100994.02,100999.71,101009.12
14910.127230045,4326,100992.66,98770.97,100992.29,103852.95,101008.38,101006.04,100990.61,101003.04
14910.147623255,4327,100993.73,98775.0,100989.32,103844.95,101020.43,100996.97,100997.58,101012.09
14910.168282678,4328,101008.64,98756.8,100977.3,103840.24,101022.53,100991.9,101015.79,101021.13
14910.188770632,4329,101000.65,98772.01,100988.29,103855.14,101020.43,100999.92,101006.69,101008.08
14910.209713585,4330,101000.65,98759.91,100977.3,103852.95,101021.48,100996.97,100998.65,101009.12
14910.233473041,4331,101005.71,98769.93,100994.37,103847.14,101012.39,101003.92,101006.69,101011.05
14910.254114647,4332,100991.6,98773.96,100994.37,103849.33,101016.41,100991.9,100994.63,101008.08
14910.274634329,4333,100991.6,98759.79,100986.35,103851.14,101022.53,100995.91,101005.62,101011.05
14910.29527209,4334,100999.59,98761.87,100994.37,103860.95,101017.46,101014.06,100994.63,101009.12
14910.315673963,4335,100985.74,98773.96,100986.35,103847.14,101017.46,100996.97,101010.7,100997.1
14910.336288939,4336,100992.66,98761.87,100994.37,103844.95,101018.51,100996.97,101010.7,101004.08
14910.356696221,4337,100983.61,98761.87,100976.27,103839.14,101016.41,100994.02,101016.85,101009.12
14910.377385199,4338,101005.71,98764.86,100997.34,103855.14,101018.51,100999.92,101007.75,101013.12
14910.401481605,4339,100991.6,98766.94,100997.34,103855.14,101016.41,101002.87,101006.69,101005.11
14910.422130001,4340,100991.6,98764.86,100992.29,103852.95,101025.5,101003.92,100995.7,101017.13
14910.44258127,4341,100991.6,98757.84,100978.34,103854.04,101027.6,101003.92,101008.81,101021.13
14910.463213932,4342,100993.73,98767.98,100982.34,103844.95,101016.41,100991.9,101006.69,101004.08
14910.483764061,4343,101004.65,98766.94,100994.37,103867.13,101017.46,100999.92,101016.85,101001.11
14910.504291584,4344,101003.58,98773.96,100988.29,103842.76,101016.41,101000.98,101004.8,101006.15
14910.524765968,4345,100985.74,98769.93,100989.32,103847.14,101020.43,100999.92,101010.7,101011.05
14910.545318188,4346,101000.65,98769.93,100993.33,103839.86,101021.48,100999.92,101000.78,101004.08
14910.569502688,4347,100993.73,98758.88,100995.4,103844.95,101017.46,101004.98,101010.7,101012.09
14910.590180279,4348,100993.73,98756.8,100994.37,103850.04,101016.41,101000.98,100999.71,101013.12
14910.610593399,4349,100991.6,98757.84,100991.26,103844.95,101028.46,101006.04,101006.69,101010.15
14910.631259463,4350,100999.59,98765.9,100993.33,103832.96,101021.48,101000.98,101007.75,101003.04
14910.651704261,4351,100997.72,98760.83,100990.36,103851.14,101012.39,101003.92,101011.77,101010.01
14910.672273828,4352,100996.66,98753.81,100989.32,103850.76,101025.5,101004.98,100998.65,101013.12
14910.692868834,4353,100988.67,98763.83,100981.31,103848.95,101019.57,100992.96,100997.58,101007.05
14910.713321555,4354,101007.58,98761.87,100980.41,103839.14,101018.51,100991.9,101006.69,101012.09
14910.737521327,4355,100984.67,98773.96,100978.34,103844.95,101024.45,101000.98,101016.61,101013.12
14910.758209755,4356,100995.59,98757.84,100998.37,103852.95,101010.48,101007.93,100999.71,101009.12
14910.778385035,4357,100988.67,98761.87,100989.32,103852.95,101017.46,101003.1,101006.69,101003.04
14910.799244772,4358,100992.66,98773.96,100978.34,103854.04,101013.45,101002.04,101011.77,101011.05
14910.819728709,4359,101003.58,98765.9,100982.34,103844.95,101025.5,101004.16,100999.71,101003.04
14910.84037954,4360,100991.6,98761.87,100988.29,103863.14,101016.41,101000.98,100991.68,101009.12
14910.860823867,4361,100984.67,98761.87,100993.33,103852.95,101026.55,101007.93,101003.73,101003.04
14910.881466375,4362,101000.65,98775.0,101001.34,103856.95,101020.43,101004.16,100998.65,101005.11
14910.90508613,4363,100992.66,98757.84,100996.3,103852.95,101017.46,101008.99,100998.65,101013.12
14910.926156245,4364,100992.66,98760.83,100982.34,103852.95,101024.45,100999.92,100996.52,101011.05
14910.946272886,4365,100993.73,98766.94,100994.37,103840.95,101017.46,100995.91,100995.7,101001.11
14910.967268979,4366,100997.72,98764.86,100993.33,103844.95,101020.62,101013.0,101003.73,101012.09
14910.987748951,4367,100991.6,98759.91,100994.37,103838.05,101018.51,101000.98,101010.7,101009.12
14911.008299319,4368,100992.66,98769.93,100994.37,103852.95,101021.48,101001.81,101015.79,101013.12
14911.028747963,4369,100993.73,98759.91,100986.35,103852.95,101014.5,100999.92,100995.7,101003.04
14911.052484875,4370,100989.73,98776.04,100982.34,103848.95,101018.51,101007.93,101010.7,101012.09
14911.073145551,4371,100997.72,98765.9,100977.3,103846.05,101019.57,100998.86,100990.61,101004.08
14911.094168725,4372,100992.66,98757.84,100994.37,103847.14,101022.53,100995.91,100999.71,101009.12
14911.114210703,4373,100997.72,98790.09,100998.37,103850.76,101026.55,101008.99,100999.71,101003.04
14911.135192635,4374,100996.66,98805.18,101002.38,103863.14,101025.5,101015.95,101008.81,101011.05
14911.155360154,4375,100999.59,98786.06,100996.44,103863.14,101020.62,101004.98,101010.7,101009.12
14911.176221613,4376,100987.6,98782.03,100994.37,103852.95,101017.46,101003.92,101003.73,101007.05
14911.196937181,4377,100991.6,98800.23,100994.37,103851.85,101022.53,101000.98,101000.78,101015.06
14911.220516755,4378,100997.72,98783.98,100992.43,103848.95,101016.41,100999.92,100990.61,100997.1
14911.241110599,4379,101004.65,98799.19,101001.34,103846.05,101019.57,101007.93,101000.78,101011.05
14911.26179491,4380,101011.84,98790.09,100980.27,103851.14,101017.46,100998.86,100999.71,101008.98
14911.282171715,4381,100993.73,98786.06,100986.35,103859.14,101018.51,101007.93,101000.78,101011.05
14911.302744828,4382,100992.66,98802.18,100997.34,103852.95,101017.46,101000.98,101015.79,101004.08
14911.323525705,4383,100996.66,98794.12,100981.31,103863.14,101010.48,100994.85,101002.67,101004.08
14911.344354875,4384,100991.6,98790.09,100984.42,103860.95,101018.51,100995.91,101002.67,101011.05
14911.364258204,4385,100983.61,98782.03,100975.37,103855.14,101018.51,101006.04,100995.7,101012.09
14911.389277307,4386,100995.86,98814.28,100994.37,103872.94,101030.56,101006.04,101008.57,101015.06
14911.409140905,4387,100993.73,98846.53,100994.37,103867.13,101018.51,101003.92,100999.71,101003.04
14911.429706957,4388,100992.66,98836.51,100976.27,103864.94,101018.51,101002.04,101000.78,101007.05
14911.45033267,4389,100997.72,98822.34,100985.32,103868.23,101025.5,100998.86,100991.68,101011.05
14911.470680942,4390,100992.66,98832.48,100989.32,103860.95,101016.41,100995.91,100998.65,101008.08
14911.491526287,4391,100988.67,98827.41,100989.32,103863.14,101021.48,100994.85,101006.69,101011.05
14911.511999598,4392,100999.85,98829.36,100993.33,103862.04,101033.53,101006.87,100999.71,101013.12
14911.532374872,4393,100993.73,98819.35,100997.34,103860.95,101018.51,101003.92,101004.8,101013.12
14911.556540452,4394,101002.78,98831.44,100992.43,103867.85,101017.46,101003.92,101008.81,101002.0
14911.577142499,4395,100993.73,98830.4,100998.37,103856.95,101021.48,100996.97,100998.65,101015.06
14911.597684414,4396,100993.73,98831.44,100998.37,103871.13,101016.41,101006.04,100992.5,101010.01
14911.618369005,4397,100991.6,98822.34,100982.34,103864.94,101009.43,100999.92,100990.61,101003.04
14911.638745811,4398,100991.6,98822.34,100974.33,103870.04,101019.57,100999.92,101004.8,101006.15
14911.659424824,4399,100992.66,98877.74,101002.38,103887.13,101018.51,101005.81,100991.68,101014.16
14911.679718303,4400,100995.59,98879.82,100986.21,103887.13,101017.46,100998.03,101014.72,101005.11
14911.700302062,4401,100991.6,98882.81,100977.3,103887.13,101024.45,101010.05,100992.5,101015.06
14911.724538931,4402,100997.72,98879.82,100986.35,103879.13,101012.39,101002.04,101016.85,101006.15
14911.745157112,4403,100993.73,98878.78,100996.3,103879.13,101018.51,101004.98,100999.71,101017.13
14911.765610173,4404,100991.6,98873.83,100989.32,103875.13,101008.38,101010.05,100993.81,101005.11
14911.786182905,4405,100993.73,98878.78,100989.32,103872.94,101017.46,100991.9,100999.71,101005.11
14911.806752272,4406,100991.6,98870.72,100992.29,103864.94,101026.55,100995.91,100994.63,101005.11
14911.827286656,4407,100992.66,98870.72,100998.37,103879.13,101018.51,101000.98,100999.71,100999.04
14911.847803513,4408,101000.65,98870.72,100994.37,103875.13,101025.5,101003.92,101000.78,101011.05
14911.868563899,4409,100989.73,98869.68,100993.33,103879.13,101022.53,101000.98,101000.78,101009.12
14911.892556478,4410,100999.59,98870.72,100988.29,103874.04,101016.41,101000.98,101008.81,101013.12
14911.913136972,4411,100997.72,98871.76,100984.28,103872.94,101016.41,101002.87,100992.74,101008.08
14911.933623413,4412,100991.6,98916.1,100980.27,103887.13,101017.46,100998.03,101012.83,101013.12
14911.954225159,4413,100993.73,98928.2,100986.35,103892.94,101016.41,101000.98,100996.76,101013.12
14911.974815608,4414,100996.66,98937.3,100990.36,103894.03,101020.43,101006.04,100993.81,101003.04
14911.995362782,4415,100993.73,98921.05,100993.33,103892.94,101020.62,100999.92,101013.9,101007.05
14912.015838767,4416,100984.67,98924.17,100976.27,103884.94,101014.5,101007.93,100995.7,101003.04
14912.03637878,4417,100987.6,98919.09,100993.33,103895.13,101012.39,100983.88,101000.78,101007.05
14912.060526053,4418,100995.59,98923.13,100985.32,103876.94,101018.51,101004.98,101009.88,101019.06
14912.081263735,4419,100992.66,98926.12,100968.25,103887.13,101021.48,100990.01,100999.71,101005.11
14912.101254155,4420,100992.66,98925.21,100994.37,103890.03,101023.58,100996.97,101012.83,101013.12
14912.122466055,4421,101003.58,98918.06,100981.31,103896.94,101024.63,101014.06,101000.78,101008.08
14912.142923212,4422,100987.87,98917.14,100990.36,103895.13,101016.41,100995.91,101016.85,101008.08
14912.163569796,4423,100992.66,98927.16,100976.27,103887.13,101016.41,101003.92,101013.9,101011.19
14912.18419641,4424,100992.66,98911.03,100978.34,103892.94,101025.5,100996.97,100992.74,101003.04
14912.208091811,4425,100996.66,98982.56,100980.27,103902.03,101016.41,100991.9,101005.04,101013.12
14912.229664868,4426,101004.65,98997.77,101002.38,103896.94,101025.5,100992.96,101012.83,101012.09
14912.249239038,4427,101003.58,98991.66,100982.34,103908.93,101018.51,100992.96,101002.91,101011.05
14912.269310822,4428,100991.6,98993.74,100989.32,103902.03,101018.51,100999.92,101012.83,101013.12
14912.290281967,4429,100993.73,98975.54,100990.36,103894.03,101017.46,101002.87,101012.83,101009.12
14912.3103464,4430,100997.72,98983.6,100990.36,103900.22,101028.65,101008.99,100996.52,101011.05
14912.331451798,4431,101003.85,98981.65,100992.29,103896.94,101018.51,101007.93,100992.74,101006.15
14912.351822434,4432,100991.6,98981.65,100986.35,103894.03,101024.45,101000.98,101006.69,101023.07
14912.375529911,4433,100993.73,98975.54,100993.33,103910.03,101017.46,100995.91,100997.58,101009.12
14912.39613999,4434,100992.66,98980.61,100994.37,103892.94,101016.41,100999.92,101008.81,101013.12
14912.417157896,4435,100992.66,98975.54,100993.33,103884.94,101017.46,101004.98,101006.93,101003.04
14912.437155657,4436,100994.79,98978.53,100994.37,103892.94,101017.46,101013.0,101000.78,101013.12
14912.458265463,4437,101003.85,98971.5,100989.32,103908.22,101013.45,101000.98,100998.65,101014.16
14912.478378188,4438,101005.71,99054.08,100976.27,103924.93,101025.5,101004.98,100999.71,101012.09
14912.499387471,4439,101009.71,99054.08,100994.37,103931.12,101016.6,101000.98,101000.78,101012.09
14912.519437392,4440,100992.66,99057.21,100993.33,103914.74,101026.55,101000.98,100999.71,101008.08
14912.543539837,4441,100992.66,99056.17,100990.36,103912.93,101023.58,101002.04,101001.84,101004.08
14912.565091491,4442,100991.6,99052.13,100993.33,103923.12,101025.5,101004.98,100992.74,101005.11
14912.584617889,4443,100987.6,99056.17,100993.33,103915.83,101024.45,100992.96,101006.93,101006.15
14912.605205764,4444,100993.73,99056.17,100978.34,103912.93,101024.45,101006.04,101000.78,101008.08
14912.625654879,4445,100993.73,99054.08,100990.36,103916.93,101016.41,101004.98,101016.85,101017.13
14912.646293921,4446,100993.73,99061.24,100992.29,103919.12,101021.48,100999.92,100995.7,101011.05
14912.667338948,4447,100993.73,99041.08,101002.38,103924.93,101018.51,100995.91,101000.78,101013.12
14912.687417762,4448,100991.6,99049.14,100990.36,103914.03,101028.46,101010.05,101012.83,101014.16
14912.711551205,4449,101010.77,99051.09,100987.25,103927.12,101008.38,100999.92,100999.71,101011.05
14912.732179771,4450,100991.6,99054.22,100988.29,103927.12,101016.41,101002.04,100998.65,101021.13
14912.7526776,4451,100991.6,99153.97,100998.37,103940.92,101033.53,101002.87,101007.75,101007.05
14912.773286997,4452,100997.72,99171.0,100993.33,103944.92,101018.51,101002.04,100999.95,101013.12
14912.793681129,4453,101001.72,99151.88,100984.28,103952.21,101026.55,100999.92,100996.76,101012.09
14912.814409807,4454,100997.72,99165.02,100978.34,103951.11,101022.53,101003.1,100999.71,101005.11
14912.834902909,4455,100992.66,99159.95,100996.3,103940.92,101025.5,100996.97,101002.67,101005.11
14912.855488861,4456,100991.6,99162.03,100994.37,103948.92,101012.39,101003.92,101004.8,101012.09
14912.879550514,4457,100995.59,99151.88,100994.37,103932.92,101029.51,100991.9,100991.68,101005.11
14912.901103951,4458,100997.72,99165.02,100994.37,103940.92,101018.51,101004.98,101000.78,101009.12
14912.920692623,4459,100992.66,99153.97,100986.35,103942.02,101022.53,101007.1,100992.74,101007.05
14912.941303964,4460,100991.6,99160.99,100993.33,103943.11,101020.43,101000.98,101010.7,101013.12
14912.961792778,4461,100989.73,99153.97,101002.38,103940.92,101019.57,101002.04,101008.81,101012.09
14912.982438842,4462,101004.65,99148.89,100992.29,103930.02,101016.41,100998.03,100996.76,101013.12
14913.002776378,4463,100995.59,99155.01,100989.32,103932.92,101017.46,100999.92,100992.5,101004.08
14913.023412045,4464,100993.73,99299.11,100993.33,103988.91,101021.48,100998.03,100994.63,101010.15
14913.047571236,4465,100991.6,99298.07,100976.27,103972.91,101029.51,100999.92,100996.76,101005.11
14913.068202266,4466,100996.66,99299.11,100994.37,103971.82,101026.55,100999.92,101000.78,101004.08
14913.088618431,4467,100997.72,99287.92,100981.31,103975.1,101013.45,100994.02,100997.58,101017.13
14913.109385538,4468,100997.72,99281.94,100979.24,103975.1,101015.36,100998.03,101000.78,101013.12
14913.129769995,4469,100992.66,99279.85,100998.37,103979.1,101017.46,101011.94,101006.93,101009.12
14913.150404991,4470,101005.71,99281.94,100992.29,103982.01,101022.53,100986.0,101015.79,101013.12
14913.170813124,4471,101008.64,99294.03,100980.27,103974.01,101008.38,100998.03,101008.81,101013.12
14913.191335009,4472,100992.66,99281.94,100978.34,103975.1,101017.46,101002.04,100996.76,100999.04
14913.215558537,4473,100993.73,99284.93,100990.36,103975.1,101013.45,101003.1,101008.81,101003.04
14913.236315088,4474,100999.59,99285.97,100992.29,103979.1,101020.43,101006.04,101000.78,101011.05
14913.256670931,4475,100993.73,99282.98,100998.37,103964.92,101030.56,101000.98,100996.76,101003.04
14913.277275652,4476,100993.73,99306.13,100994.37,103984.91,101017.46,101010.05,101000.78,101013.12
14913.297829175,4477,100988.67,99437.24,100986.35,104024.19,101021.48,101006.04,101012.83,101013.12
14913.318381025,4478,101005.71,99423.05,101001.34,104016.19,101010.48,101007.93,101014.72,101013.12
14913.338803239,4479,100992.66,99423.05,100998.37,104016.19,101021.48,100999.92,100994.63,101015.06
14913.359485717,4480,100986.8,99417.98,100984.28,104008.19,101017.46,101004.16,100999.71,101013.12
14913.383576395,4481,100993.73,99417.98,100992.29,104007.1,101017.46,100999.92,101011.77,101008.08
14913.404263019,4482,100999.59,99414.99,101002.38,104016.9,101020.43,101011.11,101004.8,101013.12
14913.424643851,4483,101005.71,99427.08,100989.32,104016.9,101030.56,100995.91,101008.81,101002.14
14913.445293419,4484,100993.73,99410.96,100993.33,104015.09,101018.51,101006.04,100996.76,101021.13
14913.465762764,4485,101005.71,99416.03,100994.37,104012.9,101029.51,101008.99,101000.78,101001.11
14913.486417921,4486,101003.85,99398.86,100992.29,104012.9,101018.51,100999.92,101002.67,101009.12
14913.506857632,4487,100995.59,99407.97,100994.37,104004.9,101025.5,101002.04,100998.65,101005.11
14913.531113038,4488,100994.79,99410.96,100993.33,104004.9,101017.46,101000.98,100994.63,101021.13
14913.551161216,4489,100991.6,99420.06,100981.31,104015.09,101016.41,101004.98,101012.83,101015.19
14913.572227746,4490,100996.66,99589.41,100980.27,104059.08,101020.43,101006.04,101008.81,101013.12
14913.592774629,4491,101009.71,99596.43,100977.3,104056.18,101026.55,100999.92,101014.72,101013.12
14913.613374863,4492,100984.67,99582.39,100993.33,104061.99,101017.46,100995.08,100999.71,101007.05
14913.633837758,4493,100996.66,99572.23,100996.3,104053.99,101018.51,100994.02,101008.81,101011.05
14913.654401326,4494,100993.73,99572.23,100993.33,104067.08,101018.51,101004.98,101015.79,101015.19
14913.67507425,4495,100993.73,99548.04,100990.36,104043.09,101026.55,100991.9,100999.71,101014.16
14913.698533772,4496,100989.73,99558.2,100977.3,104036.89,101014.5,101004.98,101004.8,101006.15
14913.719160886,4497,100995.86,99556.11,100998.37,104044.89,101020.43,100992.96,100998.65,101005.11
14913.740218592,4498,100995.59,99563.12,100977.3,104032.9,101024.45,100999.92,101015.79,101009.12
14913.760359661,4499,101000.65,99552.07,100998.37,104044.89,101027.41,101003.92,100999.71,101008.08
14913.781258476,4500,100997.72,99554.01,100989.32,104035.09,101017.46,100999.92,101007.75,101019.06
14913.801546017,4501,100997.72,99552.07,100988.29,104043.09,101017.46,101002.04,101002.91,101003.04
14913.822442869,4502,100993.73,99592.39,100989.32,104055.08,101028.65,100999.92,101016.85,101019.06
14913.842582506,4503,100994.79,99771.74,100990.36,104109.97,101026.55,100996.97,100998.65,101012.09
14913.866660073,4504,100995.86,99769.8,100978.34,104092.88,101023.39,101006.87,101007.75,101005.11
14913.887204052,4505,100999.85,99753.68,100993.33,104085.98,101022.53,100994.02,101000.78,101009.12
14913.907660768,4506,100996.66,99733.52,100994.37,104079.08,101022.53,101007.93,100999.71,101014.16
14913.928276706,4507,100994.79,99733.52,100993.33,104084.88,101017.46,101011.11,101001.84,101016.09
14913.948695064,4508,100997.72,99749.64,100981.31,104080.18,101018.51,101011.94,101015.79,101009.12
14913.96936955,4509,100995.59,99725.45,100973.29,104083.08,101017.46,100997.8,101016.85,101013.12
14913.990384071,4510,100985.74,99738.59,100994.37,104080.88,101020.43,101000.98,101000.78,101015.19
14914.010507252,4511,100997.72,99733.52,101002.38,104087.08,101012.58,100996.97,101018.98,101014.16
14914.034571539,4512,101001.72,99719.32,100993.33,104079.08,101017.46,101000.98,101001.84,100998.0
14914.055196821,4513,100993.73,99725.45,100991.26,104084.88,101021.48,101000.98,101000.78,101013.12
14914.075713368,4514,100993.73,99720.37,100992.29,104080.88,101020.43,100991.9,100999.71,101005.11
14914.096330477,4515,100997.72,99741.58,100976.27,104092.88,101016.41,101008.99,100998.89,101013.12
14914.116935288,4516,100994.79,99952.3,100993.33,104144.87,101017.46,101000.98,100998.65,101017.13
14914.137762044,4517,100992.66,99935.12,100992.29,104127.07,101022.53,101007.93,101012.83,101005.11
14914.1582972,4518,101001.72,99923.03,100993.33,104131.07,101017.46,101003.92,101007.75,101014.16
14914.179013659,4519,100997.72,99911.98,100998.37,104131.07,101017.46,100999.92,100990.61,101003.04
14914.202619763,4520,100996.66,99921.09,100997.34,104131.07,101016.41,101003.92,101000.78,101022.17
14914.224776943,4521,100994.79,99913.03,100988.29,104117.97,101014.5,100991.9,101000.78,101019.06
14914.243627578,4522,100993.73,99916.9,100984.28,104135.06,101016.41,101007.93,100998.65,101023.2
14914.264278599,4523,100992.66,99910.93,100997.34,104132.87,101026.55,100999.92,101008.81,101008.08
14914.284709256,4524,100993.73,99900.77,100980.27,104119.07,101020.43,100999.92,101004.8,101014.16
14914.305585257,4525,100993.73,99900.77,100994.37,104120.87,101012.39,100995.91,101000.78,101014.16
14914.325813768,4526,100993.73,99903.92,100992.29,104116.87,101025.5,101007.93,101008.81,101022.17
14914.346719183,4527,100985.74,99901.82,100992.29,104120.17,101007.33,101006.04,101003.97,101005.11
14914.370593994,4528,100997.72,99959.32,100992.29,104144.16,101014.31,101011.94,101016.85,101014.16
14914.39124263,4529,100993.73,100135.69,100981.31,104189.25,101018.51,101003.92,101008.81,101000.07
14914.411715822,4530,100992.66,100112.55,100976.27,104164.86,101026.55,100998.03,101012.83,101022.17
14914.432290076,4531,101004.65,100084.32,100996.3,104165.96,101025.5,100999.92,100999.71,101005.11
14914.45277811,4532,100983.61,100094.49,100984.28,104171.06,101024.45,101002.04,100996.76,101010.15
14914.473463593,4533,100999.59,100077.31,100993.33,104168.86,101018.51,101003.92,101000.78,101013.12
14914.493863903,4534,100997.72,100086.25,100969.29,104167.06,101021.48,101004.98,101000.78,101008.98
14914.514432519,4535,100993.73,100076.26,100994.37,104167.06,101024.45,101007.93,101012.83,101009.12
14914.538631891,4536,100998.79,100082.39,100988.29,104161.96,101015.55,101000.98,101000.78,101013.12
14914.560356877,4537,100999.85,100080.29,100993.33,104164.86,101012.39,101007.93,101014.72,101011.05
14914.579785367,4538,100996.66,100076.26,100995.4,104167.06,101016.41,101000.98,101016.85,101015.06
14914.600274773,4539,100993.73,100071.17,100992.29,104159.06,101024.63,101011.94,101012.83,101022.17
14914.620788295,4540,100989.73,100072.22,100994.37,104159.06,101025.5,100999.92,101016.85,101005.11
14914.641393486,4541,100991.6,100122.54,100997.34,104180.86,101020.62,101003.92,101012.83,101017.13
14914.6618881,4542,100997.72,100315.23,100982.34,104232.14,101020.43,101002.04,101005.04,101018.16
14914.686170057,4543,101001.72,100299.1,100985.32,104223.05,101022.53,101002.04,101000.78,101027.07
14914.706621285,4544,100992.66,100291.9,101001.34,104228.85,101014.68,101010.05,101012.83,101013.12
14914.727292566,4545,100999.85,100287.0,100989.32,104219.05,101031.62,101003.92,101008.81,101013.12
14914.747716583,4546,100991.6,100285.95,100990.36,104223.05,101012.58,100995.91,101015.79,101005.11
14914.76832592,4547,100999.59,100269.82,101002.38,104220.85,101020.43,100999.92,101008.81,101007.05
14914.788785922,4548,101001.72,100277.88,100978.34,104211.05,101012.39,100991.9,101016.85,101012.09
14914.809437914,4549,101001.72,100261.75,100977.3,104211.05,101012.39,101000.98,100999.71,101004.08
14914.829935893,4550,100993.73,100264.73,100981.31,104216.15,101016.41,101002.04,100996.76,101004.08
14914.855095478,4551,100989.73,100249.65,100986.35,104211.05,101023.58,100999.92,101008.81,101007.18
14914.874226247,4552,100982.81,100264.73,100993.33,104213.95,101019.57,101004.98,101008.81,101015.19
14914.895294299,4553,100989.73,100258.77,100993.33,104208.15,101033.53,101003.92,100995.7,101004.08
14914.915788382,4554,100989.73,100379.75,100994.37,104224.85,101021.48,101002.04,101000.78,101013.12
14914.936521627,4555,101003.85,100531.94,100998.37,104276.84,101023.58,101003.92,101016.85,101013.12
14914.956813563,4556,100999.85,100494.59,100998.37,104272.13,101021.48,101004.98,101000.78,100997.1
14914.978066825,4557,100990.8,100482.49,100990.36,104263.04,101016.41,100993.79,101018.98,101008.08
14914.997892607,4558,100993.73,100483.54,100981.31,104263.04,101017.46,101003.92,101012.83,101014.16
14915.021595167,4559,100991.6,100473.37,100994.37,104260.84,101016.41,101003.92,101003.97,101012.09
14915.042210743,4560,100997.72,100479.51,100976.27,104263.04,101013.45,100991.9,101014.96,101007.18
14915.063233907,4561,100994.79,100463.38,100981.31,104260.84,101027.6,101006.04,101008.81,101005.11
14915.083317629,4562,100992.66,100476.53,100997.34,104260.84,101020.43,101013.0,101001.84,101005.11
14915.104334614,4563,100992.66,100475.48,100981.31,104271.04,101022.53,101003.92,101000.78,101013.12
14915.124485477,4564,100997.72,100463.38,101001.34,104263.04,101016.41,100995.91,101014.96,101005.11
14915.145598927,4565,100993.73,100461.27,100986.35,104248.84,101010.48,100999.92,101007.99,101013.12
14915.165577921,4566,100996.66,100459.35,100989.32,104268.84,101021.48,101006.04,101000.78,101004.08
14915.189607856,4567,100995.86,100562.09,100998.37,104271.04,101016.41,100999.92,101004.8,101009.12
14915.210234329,4568,101000.65,100738.67,100989.32,104350.62,101021.48,101010.05,101012.83,101007.05
14915.23077333,4569,101001.72,100707.27,100993.33,104316.83,101028.46,100986.83,101001.84,101014.16
14915.251274413,4570,100992.66,100697.28,100994.37,104332.82,101020.43,100999.92,101016.85,101013.12
14915.272362225,4571,100986.8,100691.14,101001.34,104316.83,101027.6,100999.92,101008.81,101006.15
14915.292524866,4572,100994.79,100687.1,101002.38,104340.12,101033.72,100999.92,100999.71,101004.08
14915.313428529,4573,100997.72,100686.24,100992.43,104336.12,101008.38,101002.04,101007.75,101011.19
14915.333497689,4574,100997.72,100673.09,100990.36,104327.02,101025.5,100994.02,101000.78,101004.08
14915.357631291,4575,100999.85,100687.3,100994.37,104324.12,101015.36,101000.98,101018.98,101013.12
14915.378251104,4576,100993.73,100669.05,100989.32,104316.83,101012.39,101002.04,101001.84,101005.11
14915.398704806,4577,100997.72,100660.99,101002.38,104315.03,101016.41,100998.03,101000.78,101013.12
14915.419308164,4578,101002.78,100668.0,100980.27,104313.93,101023.58,101000.98,101012.83,101010.15
14915.439785822,4579,100981.74,100658.88,100989.32,104319.03,101017.46,101002.04,100998.65,101015.19
14915.460397473,4580,100997.72,100755.66,100996.3,104348.82,101017.46,100996.97,100998.65,100997.1
14915.481220354,4581,100996.66,100965.38,100977.3,104400.81,101018.51,101003.92,101012.83,101003.04
14915.501434563,4582,100993.73,100947.33,100998.37,104388.81,101018.51,101007.93,100998.65,101011.05
14915.525646854,4583,100993.73,100912.95,100993.33,104372.82,101022.53,100996.97,101008.81,101018.16
14915.5462482,4584,100993.73,100908.91,100988.42,104388.81,101027.6,101004.16,101006.69,101009.12
14915.566704125,4585,100999.85,100911.03,100990.36,104376.82,101007.33,100995.91,101000.78,101013.12
14915.587346872,4586,100993.73,100911.03,100994.37,104375.02,101017.46,100984.94,101000.78,101001.11
14915.607804891,4587,100993.73,100908.91,100978.34,104379.02,101014.5,101000.98,101012.83,101021.13
14915.628428079,4588,100997.72,100894.9,100992.29,104367.02,101022.53,101003.1,100996.76,101007.18
14915.648907049,4589,100993.73,100900.85,100980.27,104376.12,101013.45,100999.92,101000.78,101015.19
14915.669487883,4590,100996.66,100892.78,100982.34,104368.82,101010.48,100995.91,101000.78,101006.15
14915.693659703,4591,100996.66,100884.72,100990.36,104372.82,101018.51,101003.92,101016.85,100995.03
14915.714257373,4592,100987.87,100894.9,100993.33,104367.02,101024.45,101002.04,101006.69,101012.09
14915.734889665,4593,100997.72,100874.73,100987.39,104367.02,101016.41,100992.96,101002.91,101009.12
14915.755516128,4594,100987.6,100893.84,100982.34,104396.81,101020.43,101003.92,101011.77,101003.04
14915.7757978,4595,100996.66,100878.77,100993.33,104420.81,101026.55,100992.96,101010.94,101013.12
14915.796408089,4596,100992.66,100962.4,100994.37,104477.9,101012.39,101002.04,101000.78,101005.11
14915.816922813,4597,100993.73,100987.66,100986.35,104580.78,101022.53,100994.02,100999.71,101009.12
14915.841181594,4598,100996.66,101048.16,100994.37,104622.98,101017.46,100996.97,100997.83,101015.19
14915.861648806,4599,100989.73,101089.34,100996.44,104654.97,101028.46,101002.04,101000.78,101012.09
14915.882252826,4600,100992.66,101136.89,100990.36,104669.87,101022.53,101002.04,101000.78,101005.11
14915.903146474,4601,100993.73,101165.12,100982.34,104708.76,101014.5,100992.96,100992.74,101000.07
14915.923400653,4602,100993.73,101208.43,100992.29,104686.56,101024.45,100996.97,100992.74,101005.11
14915.94398955,4603,100999.85,101200.36,100996.3,104710.97,101025.5,101006.04,101008.81,101018.16
14915.964462731,4604,100995.86,101205.45,100992.29,104726.97,101026.55,101003.1,100995.7,101011.05
14915.98501379,4605,100989.73,101241.75,100997.34,104742.97,101010.48,101002.04,101002.91,101003.04
14916.009173211,4606,100997.72,101274.02,101000.45,104792.75,101029.51,101006.04,101000.78,101015.06
14916.029319928,4607,100995.86,101336.43,100992.29,104852.75,101019.57,100999.92,101016.85,101015.06
14916.050251603,4608,100993.73,101413.06,100992.29,104934.95,101024.45,100994.02,101011.77,101013.12
14916.07079422,4609,100995.86,101511.99,100990.36,105062.95,101026.55,101000.98,101006.69,101017.13
14916.091650772,4610,100993.73,101641.07,100990.36,105158.94,101031.62,100996.97,101004.8,101009.12
14916.112074418,4611,100997.72,101728.75,100998.37,105236.73,101016.41,100999.92,101004.8,101013.12
14916.132841774,4612,100992.66,101769.08,100994.37,105294.95,101022.53,101002.87,100995.7,101014.16
14916.153191188,4613,100995.59,101834.69,100982.34,105310.95,101018.51,101003.92,101003.73,101016.09
14916.17752265,4614,101001.72,101860.79,100994.37,105341.84,101017.46,100992.96,100999.95,101023.2
14916.197221789,4615,100997.72,101873.96,100994.37,105362.95,101030.56,101008.99,101002.91,101014.16
14916.218410914,4616,100993.73,101903.27,100984.42,105396.73,101026.55,100988.95,101002.91,101009.12
14916.238875793,4617,100993.73,101951.67,100998.37,105446.95,101017.46,100990.01,100991.68,101009.12
14916.259691673,4618,100986.8,102051.45,100994.37,105552.07,101028.46,100986.83,101005.86,101013.12
14916.279969909,4619,100996.66,102152.3,100978.34,105634.97,101033.53,100992.96,101000.78,101021.13
14916.30093192,4620,100994.79,102264.19,100994.37,105704.09,101026.55,101008.99,101006.93,101015.06
14916.320967619,4621,100994.79,102371.22,100995.4,105804.76,101034.58,101008.99,100998.89,101011.05
14916.344640074,4622,100995.86,102458.9,100984.28,105868.77,101021.48,101002.04,101012.83,101021.13
14916.365339367,4623,100987.87,102549.8,100977.3,105908.78,101028.46,100988.95,101001.84,101017.13
14916.38629589,4624,100993.73,102620.28,100988.29,105935.01,101027.6,101011.11,100999.71,101021.13
14916.406347403,4625,100995.86,102661.7,100977.3,105943.01,101024.45,101002.04,100999.71,101013.12
14916.427356345,4626,100996.66,102706.08,100989.32,105975.02,101026.55,101000.98,101002.91,101021.13
14916.447425945,4627,101003.85,102746.42,100993.33,105983.02,101025.5,101003.92,101008.81,101021.13
14916.468565375,4628,100993.73,102867.46,100978.34,106061.92,101022.53,101000.98,101000.78,101013.12
14916.490229909,4629,100985.74,103008.68,100997.47,106119.05,101025.5,101002.04,100999.71,101005.11
14916.512656848,4630,100996.66,103144.78,100990.36,106171.06,101036.5,100997.8,101015.79,101011.05
14916.533636456,4631,100985.74,103265.83,100986.35,106244.84,101034.58,100999.92,100996.76,101019.2
14916.553817805,4632,100991.6,103410.01,100994.37,106316.86,101034.58,101007.93,101013.9,101025.14
14916.574360041,4633,100995.86,103631.16,100992.29,106368.87,101027.6,100995.91,101007.75,101023.2
14916.59549892,4634,100993.73,103730.96,101000.31,106370.63,101033.53,101007.93,101016.85,101030.18
14916.615736955,4635,100984.67,103782.33,100996.44,106392.87,101029.51,101007.93,101000.78,101013.12
14916.636531012,4636,100983.61,103800.65,100994.37,106414.0,101018.51,101002.04,101004.8,101017.13
14916.657184306,4637,100993.73,103795.53,100994.37,106381.99,101026.55,100986.83,101008.81,101021.13
14916.680639211,4638,101001.72,103882.45,100993.33,106440.89,101025.5,100995.91,101016.85,101017.13
14916.70130287,4639,100987.87,104008.32,100992.29,106472.9,101026.55,100990.84,101008.81,101012.09
14916.721711985,4640,100997.72,104138.55,100993.33,106544.92,101029.51,100996.97,101010.94,101013.12
14916.742350947,4641,100991.86,104311.0,100988.29,106612.94,101027.41,100991.9,100991.68,101021.13
14916.76277928,4642,100993.73,104396.85,100984.28,106660.95,101028.46,100999.92,101015.79,101015.06
14916.783531754,4643,100993.73,104562.33,100998.37,106716.97,101028.65,100999.92,101004.8,101012.09
14916.803997734,4644,100995.86,104655.16,101002.38,106678.71,101035.63,100999.92,101013.07,101023.2
14916.824563045,4645,100997.72,104699.56,100998.37,106670.08,101033.53,101000.98,101016.85,101023.2
14916.848696487,4646,100987.6,104739.92,100993.33,106668.95,101032.48,101000.98,101014.96,101003.04
14916.869348269,4647,100995.86,104747.99,100989.32,106684.96,101025.5,100999.92,100999.71,101025.14
14916.889722169,4648,100985.74,104761.2,100997.34,106676.96,101026.55,101006.04,100996.76,101009.12
14916.910329524,4649,100986.8,104799.37,100993.33,106679.84,101027.6,100999.92,100994.87,101013.12
14916.930848975,4650,100979.88,104889.26,100994.37,106724.97,101033.53,101002.04,101000.78,101014.16
14916.951470971,4651,100994.79,105016.23,100994.37,106788.99,101036.5,100991.9,101004.8,101003.04
14916.97188273,4652,100993.73,105135.49,101001.34,106853.02,101033.53,101000.98,101010.94,101020.1
14916.992617577,4653,100995.86,105260.63,100993.33,106929.04,101028.46,101008.99,101008.81,101017.13
14917.01665948,4654,100994.79,105382.83,100978.34,106970.81,101030.56,100994.02,101008.81,101024.1
14917.03727072,4655,100995.86,105471.64,100996.3,106989.07,101025.5,101003.92,101003.97,101014.16
14917.05907744,4656,101000.92,105512.01,101002.38,106974.81,101034.58,100999.92,101007.75,101017.13
14917.078348962,4657,100985.74,105532.93,100977.3,106959.3,101035.63,101000.98,101016.85,101022.17
14917.098854823,4658,100993.73,105532.93,100993.33,106946.17,101034.58,100999.92,100999.71,101021.13
14917.119449558,4659,100985.74,105574.4,100998.37,106937.05,101032.48,101002.04,101008.81,101023.2
14917.139975559,4660,100995.86,105632.74,100990.22,106953.05,101029.51,101002.04,101008.81,101023.2
14917.164215172,4661,100993.73,105708.72,100994.37,107001.07,101033.53,101000.98,101000.78,101021.13
14917.184680181,4662,100992.66,105856.99,100982.34,107058.84,101034.58,100995.91,101012.01,101021.13
14917.205368968,4663,100993.73,106031.7,100985.32,107095.98,101035.63,101011.94,101012.83,101021.13
14917.225751152,4664,100995.86,106189.16,100994.37,107141.13,101022.34,101003.92,101012.83,101027.21
14917.246439629,4665,100996.66,106431.42,100998.37,107164.01,101030.56,100988.95,100994.87,101020.1
14917.266855744,4666,100995.86,106391.04,100996.44,107174.89,101032.48,100999.92,101014.96,101019.06
14917.287502488,4667,100990.8,106366.82,100997.34,107148.01,101024.63,101000.98,101004.8,101015.19
14917.308054488,4668,100995.86,106365.71,100996.3,107143.38,101017.46,100999.92,101002.91,101019.2
14917.33223393,4669,100995.86,106318.36,100984.28,107125.12,101033.53,100996.97,101010.94,101022.17
14917.352707892,4670,100995.86,106291.21,100994.37,107117.12,101028.46,100999.92,101000.78,101022.17
14917.373421958,4671,100995.86,106334.52,100992.29,107141.13,101034.58,100991.9,100997.83,101029.14
14917.393916461,4672,100981.74,106399.12,101001.34,107181.15,101041.56,101003.92,101000.78,101017.13
14917.414402773,4673,100996.92,106496.02,100994.37,107213.16,101022.53,101010.05,101009.88,101027.21
14917.434870465,4674,101005.71,106566.48,100994.37,107268.06,101036.68,101000.98,101000.78,101025.14
14917.455515527,4675,100992.66,106642.5,100994.37,107302.33,101034.58,101003.92,101008.81,101017.13
14917.476100617,4676,100993.73,106661.58,100994.37,107314.33,101023.58,100998.86,101008.81,101027.21
14917.500231004,4677,100986.8,106603.93,100986.35,107305.2,101035.63,100991.9,101009.06,101023.2
14917.520452254,4678,100994.79,106560.63,101005.35,107276.06,101021.48,100995.91,100999.71,101022.17
14917.541306522,4679,100993.73,106509.95,100994.37,107285.19,101034.58,101000.98,101012.83,101021.13
14917.561805262,4680,100982.81,106465.54,100993.33,107265.18,101029.51,101007.93,101011.77,101013.12
14917.582529794,4681,100993.73,106485.72,100998.37,107295.45,101034.58,101007.93,101000.78,101022.17
14917.602922854,4682,100987.87,106529.03,100996.44,107304.07,101033.53,101003.92,101001.84,101021.13
14917.623457868,4683,100994.79,106584.86,100994.37,107353.23,101018.51,100999.92,101012.83,101021.13
14917.643895947,4684,100993.73,106689.84,100993.33,107376.11,101026.55,101004.98,101001.84,101021.13
14917.668224363,4685,100985.74,106744.14,100998.37,107415.51,101033.53,100995.91,101002.91,101020.23
14917.688247964,4686,100995.86,106805.83,100994.37,107445.27,101032.48,101008.99,101018.98,101026.17
14917.709868452,4687,101000.65,106800.68,100980.41,107437.27,101035.63,100995.91,101012.01,101023.2
14917.72940117,4688,100995.86,106810.98,101001.34,107386.98,101037.74,100998.03,101012.01,101021.13
14917.750444784,4689,100999.85,106831.17,100998.37,107385.24,101033.53,101003.92,101012.83,101021.13
14917.770730051,4690,101005.98,106853.59,101002.38,107376.11,101041.56,101010.05,100998.65,101030.18
14917.791500332,4691,100983.87,106851.36,100986.35,107382.37,101020.43,101006.04,101007.75,101022.17
14917.811735603,4692,100987.87,106909.7,100994.37,107405.25,101023.58,101004.98,101000.78,101018.16
14917.835976107,4693,100987.87,106958.16,100993.33,107413.25,101035.63,100998.86,100992.74,101020.1
14917.856327674,4694,100999.05,107004.81,100994.37,107457.28,101033.53,101000.98,100996.76,101026.17
14917.876795797,4695,100987.87,107057.31,100982.34,107475.03,101030.56,101004.98,101012.83,101029.14
14917.897478015,4696,100997.99,107149.07,100990.36,107509.3,101033.53,101002.04,100993.81,101029.14
14917.918537434,4697,100991.86,107157.15,100982.34,107519.57,101042.62,101006.04,101000.78,101016.23
14917.938681587,4698,100985.74,107150.19,100985.32,107513.3,101034.58,100996.97,100998.65,101021.13
14917.959728977,4699,100981.74,107145.03,100988.29,107496.17,101030.56,100999.92,101001.84,101021.13
14917.979681961,4700,100995.86,107125.96,100990.36,107485.29,101037.55,101002.04,101001.84,101025.14
14918.003680018,4701,100983.87,107135.16,100997.34,107470.41,101026.55,101000.98,101007.75,101019.2
14918.024300632,4702,100994.79,107147.95,100982.34,107491.03,101032.67,101002.04,101009.88,101033.15
14918.044781675,4703,100995.86,107210.77,100998.37,107499.56,101033.53,101010.05,101002.91,101020.1
14918.065411013,4704,100986.8,107239.04,100989.32,107527.57,101042.62,100996.97,100996.76,101025.14
14918.085837623,4705,100982.81,107293.33,100994.37,107537.32,101029.51,101008.99,101004.8,101020.1
14918.106493221,4706,100997.99,107335.96,100994.37,107573.34,101032.48,101010.88,101010.94,101032.25
14918.126934403,4707,100986.8,107360.19,100990.36,107577.34,101027.6,101003.92,101004.8,101023.2
14918.147554757,4708,100994.79,107357.27,100996.44,107573.34,101035.63,101008.99,100996.76,101017.13
14918.171739467,4709,100993.73,107327.88,100993.33,107561.33,101025.5,101010.05,101000.78,101023.2
14918.192354563,4710,100987.87,107302.53,100994.37,107547.06,101033.53,100991.9,100993.81,101021.13
14918.21280546,4711,101003.85,107311.73,100994.37,107527.57,101030.56,100995.91,101000.78,101023.2
14918.233424883,4712,100991.86,107244.87,100993.33,107514.43,101034.58,101004.98,101008.81,101026.17
14918.253894058,4713,100992.66,107244.87,100992.29,107526.44,101033.53,100984.94,101013.9,101021.13
14918.274602004,4714,100990.0,107230.96,100994.37,107531.05,101034.58,101007.93,101016.85,101023.2
14918.296217434,4715,100986.8,107239.04,100989.32,107572.2,101035.63,101000.98,100996.76,101021.13
14918.315644392,4716,101001.72,107267.3,101002.38,107557.33,101038.6,100994.02,101001.84,101025.14
14918.339716711,4717,100983.87,107303.65,100990.36,107605.35,101035.63,100999.92,101002.91,101029.14
14918.360350225,4718,100989.73,107311.73,100986.35,107577.34,101022.53,101008.99,101014.96,101014.16
14918.380845189,4719,100991.86,107311.73,100998.37,107575.08,101028.46,100999.92,101001.84,101015.19
14918.4014767,4720,100987.87,107314.65,100990.36,107567.07,101028.46,100999.92,101000.78,101022.17
14918.422019106,4721,100987.87,107267.3,100989.32,107567.07,101036.68,101000.98,101016.03,101026.17
14918.442891161,4722,100987.87,107166.34,100996.3,107565.33,101038.6,101007.93,101016.85,101022.17
14918.462969484,4723,100997.99,107147.95,100986.35,107559.59,101034.58,101008.99,100996.76,101018.16
14918.487265312,4724,100993.99,107112.73,100984.28,107545.32,101041.56,101008.99,101012.83,101031.21
14918.507710861,4725,100987.87,107054.39,100993.33,107541.32,101033.53,101002.04,101010.94,101029.14
14918.528400921,4726,100996.92,107056.19,101000.31,107553.32,101042.62,101003.92,101008.81,101030.18
14918.548926381,4727,100987.87,107018.73,100996.3,107545.32,101036.68,100991.9,100997.83,101037.29
14918.569360042,4728,100987.87,106960.39,100998.37,107533.93,101032.48,101007.93,101011.77,101021.13
14918.589901357,4729,100993.73,106921.82,100982.34,107517.31,101042.62,101000.98,101009.88,101022.17
14918.610582743,4730,100987.87,106843.29,100994.37,107509.3,101029.51,100991.9,100996.76,101017.13
14918.631008673,4731,100995.86,106763.64,100996.44,107491.55,101034.58,101003.1,101017.92,101022.17
14918.655268586,4732,100995.86,106655.31,100980.41,107454.4,101034.58,101002.04,101001.84,101021.13
14918.675751912,4733,100988.93,106596.97,100993.33,107432.13,101034.58,101008.99,101010.94,101027.21
14918.696352696,4734,100979.88,106471.8,100994.37,107415.51,101033.53,101007.1,101014.96,101031.21
14918.716872168,4735,100994.79,106366.82,100992.43,107347.48,101032.48,101000.98,101012.01,101026.17
14918.737457278,4736,100987.87,106257.8,100978.34,107298.33,101035.63,100999.92,101014.96,101031.21
14918.757998593,4737,100987.87,106020.7,100978.34,107167.39,101032.48,101002.04,101000.78,101023.2
14918.778684986,4738,101000.92,105557.15,100983.38,106999.32,101042.62,100995.91,101003.97,101013.12
14918.79898815,4739,100995.86,104241.3,100998.37,106354.63,101042.62,101010.05,101018.98,101033.15
14918.823266351,4740,100987.87,101362.76,101013.37,104240.14,101062.7,101027.97,101044.98,101050.2
14918.843428842,4741,100995.86,98614.79,100985.45,103613.4,101026.55,100991.9,100986.84,101005.11
14918.864371333,4742,100944.72,98514.0,100946.28,103753.36,100959.31,100981.99,100970.76,100951.11
14918.88487478,4743,101005.71,98564.34,100970.32,103796.97,100946.21,100977.99,100980.69,100931.99
14918.905577509,4744,101041.67,98605.69,100965.28,103839.14,100954.24,100990.01,100980.93,100935.09
14918.925968916,4745,101009.71,98607.76,100992.43,103880.94,100946.21,101016.18,100998.89,100958.09
14918.94660919,4746,100993.73,98634.94,100994.37,103830.05,100970.31,101038.11,100988.73,100983.15
14918.966943091,4747,100959.9,98673.18,100978.34,103856.23,100979.4,101013.0,101018.98,101011.19
14918.991313621,4748,100971.89,98613.75,100942.27,103844.95,100982.36,100972.92,100980.93,100987.16
14919.011324032,4749,101038.74,98663.16,101034.44,103735.18,101048.55,101046.13,101027.02,101047.23
14919.03243612,4750,100993.73,98640.93,100968.39,103684.29,101017.46,101018.07,100994.87,100998.14
14919.052474153,4751,101017.7,98637.94,100994.37,103631.21,101024.63,101000.98,101006.93,101006.15
14919.073551709,4752,101002.78,98654.06,100994.37,103655.2,101020.62,101011.94,101009.88,101031.21
14919.09402527,4753,100985.74,98614.79,100974.33,103663.2,101006.28,100984.94,100999.95,100999.17
14919.114578743,4754,100979.88,98616.74,100978.34,103672.29,101019.57,100999.92,100993.81,100999.17
14919.135476777,4755,101009.71,98620.78,101003.42,103696.28,101022.53,101010.05,101016.85,101015.19
14919.158730237,4756,101005.71,98646.0,100994.37,103703.19,101019.57,101014.06,101012.01,101017.13
14919.179334587,4757,100985.74,98710.5,100978.34,103705.0,101012.58,100994.02,100995.94,101023.2
14919.199883873,4758,100997.72,98701.4,100990.36,103719.18,101032.67,101000.98,101001.02,101011.19
14919.220429143,4759,100994.79,98709.46,100998.51,103727.18,101032.48,101007.93,101002.91,101009.25
14919.241469353,4760,101011.84,98706.47,101014.4,103760.26,101043.67,101026.09,101020.05,101018.16
14919.261484461,4761,100995.86,98709.46,100980.41,103747.17,101017.46,101003.1,100994.87,101008.22
14919.28254426,4762,100986.8,98693.34,100977.3,103732.27,101022.53,100995.91,100996.76,101017.26
14919.30257476,4763,100995.86,98695.41,101002.38,103736.27,101033.53,101003.92,101009.88,101026.17
14919.327287609,4764,100997.99,98686.31,100994.37,103763.17,101043.67,101008.99,101009.06,101025.28
14919.347363449,4765,100995.86,98694.38,100994.37,103739.17,101032.48,100999.92,101005.04,101017.13
14919.367784131,4766,100990.8,98678.25,100994.37,103764.26,101029.51,100996.97,101001.02,101005.11
14919.388406718,4767,100991.86,98678.25,101003.42,103747.17,101027.6,101009.22,101002.91,101019.2
14919.408882303,4768,100994.79,98693.46,100985.32,103751.17,101017.46,101000.98,101005.04,101015.19
14919.429514044,4769,100986.8,98694.38,100982.34,103764.26,101027.6,101004.98,101005.04,101019.2
14919.449966313,4770,100996.66,98678.25,100996.44,103773.35,101022.53,100999.92,101020.05,101035.22
14919.472091956,4771,100999.85,98683.32,100986.35,103760.26,101025.5,101000.98,101002.91,101022.17
14919.494746339,4772,100995.86,98678.25,100994.37,103765.35,101019.57,101000.15,100997.0,101015.19
14919.515322155,4773,100993.73,98682.28,100990.36,103765.35,101014.5,101010.05,101005.04,101015.19
14919.535809017,4774,101005.98,98670.19,100990.36,103773.35,101022.53,100999.92,101001.84,101028.24
14919.556382229,4775,100999.85,98671.22,100990.36,103793.35,101029.7,101010.05,101005.04,101016.23
14919.576899918,4776,100995.86,98671.22,100990.36,103789.35,101024.63,101004.98,101005.86,101021.13
14919.597500252,4777,100993.73,98665.12,100990.36,103772.26,101017.46,100999.92,101014.14,101023.2
14919.617943477,4778,101009.71,98662.12,100998.37,103771.16,101011.53,101008.99,101018.16,101015.19
14919.638558864,4779,100999.85,98671.22,100994.37,103773.35,101026.55,101004.98,100999.95,101015.19
14919.662739427,4780,100995.86,98659.13,100994.37,103777.35,101035.63,101010.05,101020.05,101015.19
14919.683340692,4781,100987.87,98671.22,100994.37,103801.34,101030.56,101008.99,101014.14,101023.2
14919.703806512,4782,100998.79,98662.12,100993.33,103777.35,101022.53,100999.92,101003.97,101023.2
14919.72448942,4783,100994.79,98659.13,100989.32,103769.35,101022.53,101007.93,101017.09,101015.19
14919.744919616,4784,100993.73,98659.13,100982.34,103768.26,101028.65,101003.92,100994.87,101021.13
14919.765510776,4785,100995.86,98666.16,100990.36,103781.35,101032.67,101010.05,101003.97,101028.24
14919.785945008,4786,100996.92,98662.12,100994.37,103794.44,101036.68,101004.98,100997.0,101025.28
14919.806664262,4787,100995.86,98664.2,100984.42,103789.35,101032.67,101002.04,101005.04,101022.17
14919.830787017,4788,100993.73,98667.19,100990.36,103777.35,101022.53,101010.05,101002.91,101002.14
14919.853140855,4789,100993.73,98658.09,100986.35,103793.35,101025.5,101003.1,100992.74,101019.2
14919.87181275,4790,101000.92,98654.06,100993.33,103785.35,101026.55,101003.1,100998.89,101015.19
14919.89239767,4791,101003.85,98647.04,100994.37,103801.34,101022.53,101008.99,101010.94,101014.16
14919.912986366,4792,101003.85,98646.0,100990.36,103785.35,101032.67,101007.1,101007.99,101001.11
14919.933697878,4793,100997.99,98651.07,100992.29,103784.25,101022.53,101008.99,101002.91,101005.11
14919.954106041,4794,101001.72,98646.0,100982.34,103793.35,101022.53,101007.1,101002.91,101000.21
14919.9831858,4795,101004.91,98647.04,100994.37,103784.25,101033.53,101010.05,101009.88,101013.12
14919.998966468,4796,100994.79,98647.04,100993.33,103805.34,101034.77,101011.11,101017.92,101023.2
14920.019971133,4797,101000.92,98654.06,100982.34,103791.16,101019.57,101010.05,101014.96,101007.18
14920.042451312,4798,100995.86,98640.93,100994.37,103802.44,101038.6,101004.98,101012.01,101023.2
14920.062007305,4799,100993.73,98653.03,100981.31,103785.35,101036.68,101002.04,101005.86,101015.19
14920.082310008,4800,100997.99,98651.07,100990.36,103792.25,101016.41,101008.99,101010.94,101007.18
