t_pc,sample_idx,S0,S1,S2,S3,S4,S5,S6,S7
7321.732938781,24916,99488.53,95862.97,99482.77,103214.35,99482.03,99498.02,99499.67,99491.53
7321.753351054,24917,99495.39,96409.51,99478.79,103210.39,99496.07,99502.0,99503.66,99476.53
7321.774021337,24918,99496.45,96411.45,99490.73,103214.35,99483.08,99496.15,99510.57,99481.53
7321.798022718,24919,99484.58,96413.5,99478.79,103214.35,99487.06,99500.95,99495.68,99481.53
7321.819740696,24920,99496.45,96402.54,99481.74,103209.29,99499.0,99494.05,99503.66,99477.73
7321.838726671,24921,99488.53,96410.53,99483.66,103224.48,99493.97,99500.13,99495.68,99490.5
7321.859806243,24922,99502.53,96411.56,99499.71,103242.12,99495.23,99494.05,99504.72,99485.5
7321.880887948,24923,99547.12,97207.04,99538.46,103317.47,99529.79,99551.6,99550.45,99545.17
7321.900769548,24924,99496.45,96501.44,99462.88,103242.12,99462.13,99485.04,99487.71,99472.73
7321.921481464,24925,99496.45,96407.56,99474.81,103264.15,99457.1,99474.16,99495.68,99476.7
7321.941942591,24926,99499.34,96401.51,99470.84,103265.91,99470.09,99490.07,99502.6,99482.57
7321.965676798,24927,99512.28,96773.25,99490.73,103288.61,99482.03,99524.81,99501.54,99491.53
7321.98612883,24928,99500.41,96417.5,99478.79,103263.05,99464.22,99494.05,99496.74,99482.57
7322.006799434,24929,99496.45,96401.51,99490.73,103264.15,99478.05,99490.07,99499.67,99485.5
7322.027371439,24930,99496.45,97165.0,99498.68,103319.67,99479.94,99508.9,99510.57,99503.43
7322.048016754,24931,99504.36,96426.52,99484.69,103264.15,99485.17,99491.94,99509.51,99481.53
7322.070123309,24932,99493.55,96400.49,99491.76,103265.91,99483.08,99498.02,99503.66,99491.53
7322.089912179,24933,99496.45,96695.24,99494.7,103276.04,99473.02,99489.01,99494.62,99488.6
7322.109880801,24934,99498.57,96425.5,99482.77,103276.04,99489.99,99492.99,99512.44,99491.53
7322.133673846,24935,99487.47,96408.48,99490.73,103251.81,99487.06,99494.05,99503.66,99486.53
7322.154126951,24936,99488.53,96395.57,99486.75,103267.68,99495.02,99494.05,99493.56,99489.47
7322.174788311,24937,99528.11,96175.64,99523.58,103283.98,99529.79,99541.78,99538.48,99525.17
7322.195260734,24938,99502.24,96450.5,99498.68,103261.95,99491.04,99498.02,99507.65,99501.37
7322.215762963,24939,99491.43,96465.47,99478.79,103259.75,99483.08,99494.05,99509.51,99489.47
7322.236277821,24940,99495.39,96493.45,99482.77,103252.91,99500.05,99500.95,99513.75,99488.44
7322.256873711,24941,99496.45,96645.34,99502.66,103277.81,99489.99,99496.15,99507.65,99481.53
7322.278280969,24942,99466.91,96413.5,99474.81,103260.18,99484.96,99480.24,99487.71,99472.73
7322.301678607,24943,99472.71,96913.16,99470.84,103281.78,99482.03,99478.14,99503.66,99477.57
7322.322196129,24944,99479.56,96592.35,99474.81,103272.08,99495.02,99478.14,99501.54,99483.6
7322.343177282,24945,99488.53,96394.44,99474.81,103264.15,99486.01,99485.04,99493.56,99487.56
7322.363397655,24946,99491.43,96401.51,99491.76,103261.95,99486.01,99491.94,99505.78,99495.34
7322.383781254,24947,99480.62,96409.51,99491.76,103261.95,99500.05,99502.0,99498.61,99501.37
7322.40441377,24948,99488.53,96392.49,99489.69,103256.21,99491.04,99494.05,99503.66,99493.43
7322.42487727,24949,99480.62,96401.51,99482.77,103261.95,99500.05,99490.07,99502.6,99494.47
7322.44532732,24950,99488.53,96394.54,99477.76,103261.95,99497.95,99495.91,99503.66,99489.47
7322.469699662,24951,99481.68,96394.54,99476.73,103247.18,99497.95,99500.95,99503.66,99481.53
7322.490191465,24952,99478.5,96392.49,99490.73,103254.01,99492.92,99492.99,99502.6,99498.43
7322.510808527,24953,99488.53,96394.54,99490.73,103254.01,99487.9,99490.07,99503.66,99484.47
7322.531369114,24954,99492.49,96385.53,99486.75,103254.01,99491.88,99487.96,99503.66,99490.5
7322.551805914,24955,99496.45,96386.55,99487.78,103250.05,99489.99,99498.02,99501.54,99483.6
7322.573171759,24956,99490.37,96389.52,99486.75,103242.12,99500.05,99492.99,99503.41,99486.53
7322.593010725,24957,99491.43,96373.53,99472.75,103248.28,99493.97,99485.04,99503.66,99485.5
7322.613447956,24958,99504.36,96377.53,99483.8,103242.12,99489.99,99502.0,99503.66,99484.63
7322.639075376,24959,99492.49,96384.5,99486.75,103254.01,99497.95,99502.0,99499.42,99491.53
7322.658165339,24960,99495.39,96375.48,99486.75,103255.11,99496.07,99494.05,99506.59,99495.5
7322.679473376,24961,99482.74,96377.53,99481.74,103241.02,99497.95,99491.94,99494.62,99482.57
7322.700163179,24962,99480.62,96373.53,99479.82,103239.25,99492.92,99499.89,99502.6,99481.53
7322.71997944,24963,99490.37,96370.56,99494.7,103242.12,99489.99,99491.94,99503.66,99481.53
7322.740954324,24964,99487.47,96366.57,99491.76,103238.15,99491.04,99495.91,99493.56,99488.44
7322.761366987,24965,99490.66,96369.54,99484.69,103221.19,99489.99,99489.01,99501.54,99490.5
7322.781371663,24966,99487.47,96369.54,99489.69,103238.15,99499.0,99490.07,99500.48,99484.47
7322.80583987,24967,99488.53,96371.59,99472.75,103240.35,99497.95,99500.95,99501.54,99476.53
7322.826489923,24968,99477.43,96358.57,99477.76,103233.08,99495.02,99494.05,99499.42,99483.44
7322.846901395,24969,99490.66,96363.59,99482.77,103227.35,99489.99,99487.96,99501.54,99485.5
7322.867409512,24970,99495.39,96371.59,99480.71,103228.02,99493.97,99499.89,99502.6,99481.53
7322.889983765,24971,99490.37,96355.6,99489.69,103246.08,99513.87,99499.89,99507.39,99485.5
7322.908339938,24972,99494.32,96359.6,99476.73,103225.15,99487.06,99485.04,99491.45,99481.53
7322.931309478,24973,99484.58,96362.57,99490.73,103235.95,99502.98,99494.05,99501.54,99474.63
7322.952717717,24974,99488.53,96353.55,99482.77,103224.48,99493.13,99498.02,99486.65,99473.6
7322.973769648,24975,99488.53,96353.55,99496.62,103231.32,99496.9,99483.98,99500.48,99480.5
7322.994418498,24976,99496.45,96353.55,99497.65,103221.19,99496.9,99499.89,99501.54,99486.53
7323.014782848,24977,99484.58,96358.57,99476.73,103214.35,99495.02,99495.91,99501.54,99485.5
7323.035218697,24978,99496.45,96357.55,99488.66,103213.25,99497.95,99505.98,99501.54,99473.6
7323.05668284,24979,99490.37,96346.58,99489.69,103213.25,99501.93,99499.89,99503.66,99485.5
7323.07629941,24980,99488.53,96351.5,99479.68,103214.35,99501.1,99491.94,99493.56,99489.47
7323.096920598,24981,99488.53,96353.55,99481.74,103221.19,99489.99,99491.94,99505.53,99488.44
7323.121052807,24982,99481.39,96361.54,99489.69,103224.48,99505.91,99495.91,99519.36,99498.27
7323.141746816,24983,99490.37,96345.56,99474.81,103209.29,99487.06,99490.07,99498.61,99489.47
7323.161770882,24984,99476.66,96337.56,99472.75,103214.35,99483.08,99485.04,99503.66,99473.6
7323.18283485,24985,99484.58,96321.57,99481.74,103204.22,99491.04,99485.04,99485.59,99477.57
7323.203187553,24986,99498.28,96325.57,99480.71,103207.52,99495.02,99494.05,99497.55,99480.66
7323.224182707,24987,99502.24,96344.53,99493.67,103206.42,99497.95,99500.95,99510.57,99493.43
7323.244338171,24988,99486.41,96349.55,99491.76,103206.42,99497.95,99483.98,99505.53,99489.47
7323.264957187,24989,99475.6,96337.56,99484.69,103198.49,99496.07,99476.03,99495.68,99490.5
7323.288718695,24990,99488.53,96321.57,99498.68,103195.62,99497.95,99487.96,99492.51,99477.4
7323.309153472,24991,99496.45,96353.55,99474.67,103188.36,99495.02,99494.05,99499.42,99495.5
7323.330789996,24992,99496.45,96346.58,99488.66,103199.59,99495.02,99502.0,99508.45,99501.37
7323.350281016,24993,99484.58,96333.57,99487.78,103196.29,99497.95,99494.05,99501.54,99492.4
7323.371190911,24994,99480.62,96332.54,99480.71,103176.46,99482.03,99489.01,99493.56,99485.5
7323.392660162,24995,99491.43,96335.61,99496.62,103189.46,99489.99,99483.98,99499.42,99485.5
7323.412522824,24996,99495.39,96337.56,99496.62,103172.49,99497.95,99495.91,99505.53,99496.37
7323.433259117,24997,99479.56,96337.56,99481.74,103172.49,99491.04,99497.78,99495.68,99495.34
7323.456715013,24998,99486.41,96321.57,99481.74,103177.56,99491.88,99480.0,99499.42,99479.47
7323.478140308,24999,99491.43,96323.62,99480.71,103174.69,99488.94,99496.97,99509.51,99492.4
7323.497820503,25000,99495.39,96337.56,99491.61,103174.69,99489.99,99491.94,99501.54,99489.47
7323.518713553,25001,99489.3,96337.56,99481.74,103173.59,99501.93,99491.94,99501.54,99492.4
7323.540137296,25002,99474.54,96345.56,99472.75,103188.79,99499.0,99490.88,99499.42,99497.4
7323.560143364,25003,99482.45,96345.56,99487.63,103168.96,99497.95,99487.96,99505.53,99489.47
7323.580225087,25004,99486.41,96333.57,99489.69,103161.69,99497.95,99508.9,99501.54,99483.44
7323.605513475,25005,99489.3,96341.56,99482.77,103158.83,99486.01,99498.84,99504.47,99487.4
7323.624734325,25006,99491.43,96343.61,99486.6,103111.24,99489.99,99491.94,99500.48,99496.37
7323.645253009,25007,99491.43,96345.56,99484.69,103070.48,99489.99,99487.96,99506.59,99489.47
7323.667989447,25008,99492.2,96345.56,99480.71,103050.65,99491.04,99495.91,99500.48,99489.47
7323.686287572,25009,99489.3,96341.56,99476.73,103043.81,99486.01,99490.88,99501.54,99485.5
7323.707190747,25010,99496.45,96353.55,99488.66,103017.15,99493.97,99487.96,99501.54,99489.47
7323.728398814,25011,99494.32,96363.59,99481.74,103001.29,99497.95,99483.98,99502.6,99483.44
7323.74916415,25012,99485.35,96353.55,99489.69,102982.13,99489.99,99483.98,99504.47,99496.37
7323.768485143,25013,99489.3,96341.56,99498.68,102968.46,99489.99,99487.96,99501.54,99488.44
7323.792806047,25014,99496.45,96343.51,99488.66,102960.53,99492.92,99495.91,99494.62,99489.47
7323.813218079,25015,99489.3,96349.55,99489.69,102946.44,99493.97,99492.75,99496.49,99489.47
7323.83380739,25016,99495.39,96345.56,99492.64,102930.58,99484.96,99499.89,99493.56,99477.57
7323.854360546,25017,99496.45,96345.56,99489.69,102928.8,99489.99,99504.92,99513.5,99481.53
7323.875040733,25018,99494.32,96333.57,99488.66,102922.64,99501.93,99499.89,99502.6,99489.47
7323.895383641,25019,99496.45,96341.56,99482.77,102912.94,99489.99,99500.95,99501.54,99485.34
7323.915982477,25020,99490.37,96335.51,99472.75,102975.3,99477.0,99499.89,99497.55,99493.43
7323.936406547,25021,99493.26,96334.59,99489.69,103260.85,99491.88,99491.94,99513.5,99496.37
7323.960744477,25022,99484.29,96346.58,99481.74,103239.92,99497.95,99491.94,99501.54,99496.37
7323.981263321,25023,99479.56,96342.58,99481.74,103212.15,99492.92,99499.89,99514.56,99497.4
7324.001976449,25024,99487.47,96341.56,99481.74,103181.52,99493.97,99499.89,99501.54,99505.34
7324.022367359,25025,99494.32,96338.59,99482.77,103150.9,99489.99,99499.89,99507.39,99491.37
7324.043181961,25026,99492.2,96337.56,99488.66,103127.1,99495.02,99499.89,99493.56,99500.34
7324.063384927,25027,99500.41,96341.56,99480.71,103110.14,99487.9,99490.07,99491.45,99497.4
7324.084179227,25028,99484.29,96338.59,99488.66,103074.44,99492.92,99492.99,99499.42,99496.37
7324.10435371,25029,99484.29,96345.56,99479.68,103013.86,99483.08,99483.98,99498.61,99483.6
7324.12878392,25030,99484.29,96343.51,99491.61,102980.36,99486.01,99495.91,99509.51,99496.37
7324.149198346,25031,99496.16,96347.61,99473.78,102956.56,99497.95,99491.94,99505.53,99489.47
7324.16980304,25032,99493.26,96340.53,99480.71,102944.67,99493.76,99491.94,99503.41,99498.43
7324.190301202,25033,99485.35,96337.56,99493.67,102911.84,99489.99,99502.0,99501.54,99499.3
7324.212178561,25034,99494.32,96329.57,99488.66,102890.92,99488.94,99487.96,99506.33,99497.4
7324.231314303,25035,99501.18,96333.57,99487.63,102881.21,99489.99,99498.84,99507.39,99481.53
7324.252275736,25036,99495.39,96333.57,99489.69,102868.22,99495.86,99489.01,99499.42,99489.47
7324.275733165,25037,99485.35,96332.54,99481.74,102851.26,99491.88,99491.94,99504.47,99487.56
7324.296755019,25038,99490.37,96331.52,99480.71,102819.54,99492.92,99499.89,99503.41,99500.34
7324.318147064,25039,99494.32,96337.56,99487.63,102792.87,99495.86,99491.94,99501.54,99485.5
7324.337920901,25040,99488.24,96329.57,99491.61,102777.01,99495.86,99499.89,99498.61,99489.47
7324.358389499,25041,99493.26,96329.57,99480.71,102775.91,99497.95,99491.94,99501.54,99485.5
7324.378857376,25042,99493.26,96328.54,99489.69,102769.08,99482.87,99483.98,99497.55,99488.44
7324.399815695,25043,99486.41,96333.57,99480.71,102761.15,99491.88,99486.9,99509.51,99490.34
7324.419938239,25044,99485.35,96337.56,99496.62,102761.15,99488.94,99495.91,99500.48,99494.3
7324.445038252,25045,99496.16,96320.55,99489.69,102760.05,99497.95,99499.89,99495.43,99492.4
7324.464752429,25046,99488.24,96310.61,99492.64,102760.05,99493.97,99491.94,99494.62,99480.5
7324.48491898,25047,99495.39,96289.6,99487.63,102754.31,99496.9,99491.94,99507.39,99495.34
7324.505854794,25048,99496.45,96309.58,99478.65,102736.26,99491.88,99491.94,99501.54,99487.4
7324.525914774,25049,99493.26,96289.6,99474.67,102737.35,99488.94,99499.89,99502.35,99497.4
7324.546913935,25050,99485.35,96296.57,99491.61,102732.29,99491.88,99491.94,99501.54,99488.44
7324.56735454,25051,99488.24,96304.56,99488.66,102738.45,99489.99,99498.84,99500.48,99488.44
7324.588266359,25052,99494.32,96309.68,99490.58,102737.35,99497.95,99491.94,99512.44,99480.5
7324.613251087,25053,99484.29,96297.59,99476.73,102744.19,99491.88,99491.94,99503.41,99479.47
7324.632200718,25054,99488.24,96295.64,99476.73,102741.32,99487.9,99493.81,99503.41,99490.34
7324.654095613,25055,99494.32,96293.6,99484.69,102752.12,99496.9,99491.94,99507.39,99496.37
7324.67332056,25056,99492.2,96297.59,99480.71,102746.38,99491.88,99487.96,99499.42,99484.47
7324.693881347,25057,99490.37,96307.63,99478.65,102752.12,99489.99,99490.88,99485.59,99487.4
7324.715387665,25058,99500.11,96307.63,99492.64,102736.26,99497.95,99491.94,99499.42,99487.4
7324.735065917,25059,99498.28,96297.59,99492.64,102733.39,99493.97,99497.78,99507.39,99485.5
7324.755997796,25060,99490.37,96299.64,99496.62,102732.29,99488.94,99489.83,99497.3,99489.47
7324.779771382,25061,99490.37,96300.67,99498.68,102737.35,99497.95,99492.99,99493.56,99494.3
7324.80029916,25062,99496.16,96301.59,99491.61,102744.19,99495.86,99484.8,99503.41,99483.44
7324.820961571,25063,99484.29,96290.62,99494.56,102740.22,99488.94,99491.94,99508.45,99489.47
7324.841408686,25064,99493.26,96290.62,99489.69,102733.39,99495.86,99495.91,99508.45,99493.43
7324.861889032,25065,99484.29,96299.64,99488.66,102725.46,99479.94,99499.89,99499.42,99479.47
7324.882343689,25066,99486.41,96311.63,99492.64,102730.52,99489.99,99493.81,99501.54,99495.34
7324.902967261,25067,99485.35,96297.59,99488.66,102735.16,99499.84,99497.78,99499.42,99487.56
7324.923424662,25068,99493.26,96291.55,99492.64,102729.42,99480.98,99495.91,99491.45,99487.4
7324.947772437,25069,99486.41,96298.62,99476.73,102722.58,99494.81,99485.85,99492.51,99480.5
7324.968199292,25070,99483.22,96296.57,99476.73,102716.84,99492.92,99499.89,99494.37,99487.4
7324.988893291,25071,99484.29,96292.57,99487.63,102723.68,99497.95,99494.86,99496.49,99487.4
7325.010137672,25072,99492.2,96294.62,99486.6,102726.55,99487.9,99495.91,99503.41,99488.44
7325.030840224,25073,99488.24,96289.6,99483.66,102718.62,99487.9,99481.87,99496.49,99483.44
7325.051191544,25074,99482.45,96286.63,99488.66,102718.62,99486.85,99489.83,99504.47,99491.37
7325.07095117,25075,99492.2,96294.62,99480.71,102728.33,99490.83,99499.65,99507.39,99487.4
7325.091357944,25076,99495.39,96278.63,99480.71,102704.53,99490.83,99495.91,99500.48,99495.34
7325.116059114,25077,99488.24,96289.6,99478.65,102705.63,99490.83,99493.81,99493.56,99491.37
7325.136240548,25078,99485.35,96293.6,99478.65,102709.59,99491.88,99500.95,99505.53,99488.44
7325.156845231,25079,99485.35,96289.6,99476.73,102698.79,99488.94,99497.78,99499.42,99491.37
7325.177316443,25080,99500.11,96298.62,99488.66,102712.46,99497.95,99499.89,99497.55,99487.4
7325.198112206,25081,99493.26,96292.57,99486.6,102701.66,99491.88,99484.8,99507.39,99487.4
7325.218463536,25082,99488.24,96293.6,99484.69,102693.73,99487.9,99497.78,99505.28,99487.4
7325.239177756,25083,99485.35,96281.6,99478.65,102688.67,99486.85,99499.89,99499.42,99479.47
7325.259414363,25084,99494.32,96281.6,99492.64,102690.86,99491.88,99489.83,99498.36,99487.4
7325.283771612,25085,99484.29,96288.57,99488.66,102700.57,99496.9,99494.86,99497.3,99479.47
7325.304245338,25086,99480.33,96288.57,99471.72,102681.83,99487.9,99489.83,99498.36,99496.37
7325.324843612,25087,99484.29,96292.57,99488.66,102689.76,99493.97,99491.94,99507.39,99491.37
7325.345386132,25088,99494.32,96280.58,99492.64,102680.74,99487.9,99499.89,99507.39,99495.34
7325.365898696,25089,99491.14,96285.6,99487.63,102665.97,99491.88,99493.81,99508.45,99479.47
7325.387326355,25090,99493.26,96281.6,99490.58,102688.67,99487.9,99489.83,99499.42,99490.34
7325.407279924,25091,99494.32,96289.6,99495.59,102681.83,99495.86,99486.9,99498.36,99487.4
7325.427811497,25092,99498.28,96291.65,99488.66,102669.94,99479.94,99494.86,99502.35,99495.34
7325.451876324,25093,99493.26,96305.59,99484.69,102664.88,99487.9,99499.65,99503.41,99485.5
7325.472291341,25094,99484.29,96277.61,99478.65,102660.91,99485.8,99503.87,99512.44,99483.44
7325.492945279,25095,99491.14,96281.6,99479.68,102664.88,99498.79,99499.89,99504.47,99487.4
7325.513407367,25096,99493.26,96283.65,99488.66,102680.06,99490.83,99494.86,99491.45,99487.4
7325.534036899,25097,99499.05,96294.62,99488.66,102667.07,99485.8,99496.73,99499.42,99484.31
7325.554734253,25098,99486.41,96273.61,99488.66,102656.95,99492.92,99493.81,99508.45,99482.4
7325.575207898,25099,99492.2,96290.62,99486.6,102664.19,99491.88,99487.72,99489.33,99490.34
7325.598757676,25100,99493.26,96295.64,99492.64,102658.04,99487.9,99493.81,99507.39,99487.4
7325.619799701,25101,99494.32,96295.64,99492.64,102651.2,99493.76,99490.88,99501.29,99487.4
7325.640250272,25102,99486.41,96283.65,99471.72,102650.11,99489.99,99490.88,99501.29,99494.3
7325.660879233,25103,99489.3,96281.6,99488.66,102643.27,99487.9,99491.7,99491.45,99495.34
7325.681337545,25104,99492.2,96283.65,99486.6,102634.25,99489.78,99492.75,99509.51,99493.27
7325.701917661,25105,99489.3,96290.62,99488.66,102641.08,99487.9,99499.89,99501.54,99491.37
7325.722375082,25106,99484.29,96282.63,99487.63,102639.31,99482.87,99506.79,99495.43,99491.37
7325.743056222,25107,99484.29,96281.6,99488.66,102643.27,99483.92,99497.78,99511.38,99483.44
7325.766777139,25108,99493.26,96285.6,99484.69,102618.38,99491.88,99492.99,99491.45,99493.27
7325.787813706,25109,99499.34,96282.63,99476.73,102618.38,99486.85,99493.81,99505.28,99494.3
7325.80786993,25110,99492.2,96283.65,99495.59,102633.15,99503.82,99496.73,99506.33,99495.34
7325.828911104,25111,99508.03,96291.65,99500.6,102621.26,99494.81,99497.78,99506.33,99493.27
7325.848930422,25112,99484.29,96298.62,99474.67,102617.29,99487.9,99489.83,99501.29,99490.34
7325.870278901,25113,99484.29,96274.64,99478.65,102611.55,99487.9,99491.7,99498.36,99492.4
7325.892286156,25114,99497.22,96282.63,99489.69,102606.49,99499.84,99484.8,99501.54,99487.4
7325.911023225,25115,99496.16,96283.65,99491.61,102605.39,99487.9,99492.75,99508.45,99485.34
7325.935825738,25116,99480.33,96289.6,99490.58,102618.38,99495.86,99499.65,99509.51,99491.37
7325.95761904,25117,99484.29,96272.59,99479.68,102609.36,99496.9,99487.72,99489.33,99489.31
7325.97593355,25118,99484.58,96273.61,99482.63,102607.58,99495.86,99485.85,99489.33,99479.47
7325.996405422,25119,99488.24,96278.63,99486.6,102603.62,99487.9,99488.77,99501.29,99502.24
7326.017263059,25120,99492.2,96281.6,99486.6,102597.46,99497.95,99499.65,99497.3,99487.4
7326.039073897,25121,99484.29,96281.6,99478.65,102609.36,99495.86,99497.78,99505.28,99482.4
7326.060587725,25122,99496.16,96289.6,99468.63,102601.43,99486.85,99488.77,99507.39,99487.4
7326.079028977,25123,99484.29,96273.61,99486.6,102593.5,99486.85,99497.78,99517.49,99487.4
7326.10361969,25124,99493.26,96269.61,99482.63,102585.57,99491.88,99485.85,99507.39,99491.37
7326.123321908,25125,99488.24,96279.66,99490.58,102591.72,99487.9,99493.81,99499.42,99485.34
7326.143815184,25126,99488.24,96274.64,99485.57,102606.49,99495.86,99487.72,99497.3,99492.24
7326.165764021,25127,99486.12,96277.61,99484.69,102586.66,99491.88,99494.86,99496.24,99494.3
7326.185727895,25128,99492.2,96281.6,99491.61,102574.76,99492.92,99489.83,99497.3,99487.4
7326.205516204,25129,99488.24,96281.6,99470.69,102585.57,99498.79,99499.89,99504.22,99485.34
7326.22600359,25130,99484.29,96285.6,99486.6,102595.68,99493.76,99487.72,99505.28,99478.44
7326.246449194,25131,99496.16,96281.6,99486.6,102588.85,99487.9,99498.84,99501.29,99488.44
7326.271413,25132,99491.14,96285.6,99494.56,102585.57,99495.86,99500.95,99497.3,99487.4
7326.291249893,25133,99492.2,96275.66,99478.65,102591.72,99497.74,99491.7,99499.42,99481.37
7326.311935729,25134,99492.2,96269.61,99470.69,102586.66,99493.76,99486.9,99511.38,99485.34
7326.332329334,25135,99494.32,96290.62,99475.7,102591.72,99489.78,99496.73,99501.29,99485.34
7326.352933177,25136,99485.35,96286.63,99470.69,102584.47,99498.79,99491.94,99489.33,99495.34
7326.373464269,25137,99484.29,96273.61,99485.57,102586.66,99486.85,99501.76,99511.38,99485.34
7326.394037765,25138,99496.16,96289.6,99490.73,102585.57,99491.88,99488.77,99489.33,99485.34
7326.414443809,25139,99484.29,96277.61,99495.59,102578.73,99494.81,99487.96,99499.42,99482.4
7326.439584062,25140,99500.11,96286.63,99478.65,102586.66,99495.86,99488.77,99499.42,99495.17
7326.459274654,25141,99492.2,96275.66,99486.6,102579.82,99486.85,99488.77,99489.33,99477.4
7326.480331691,25142,99494.32,96282.63,99491.61,102577.64,99495.86,99489.83,99497.3,99491.37
7326.500365261,25143,99493.26,96275.66,99493.53,102577.64,99498.79,99493.81,99492.25,99483.27
7326.52141599,25144,99488.24,96277.61,99476.73,102569.71,99490.83,99502.81,99501.29,99479.47
7326.541395959,25145,99486.12,96282.63,99486.6,102573.67,99501.72,99501.76,99503.41,99495.34
7326.562776115,25146,99500.11,96275.56,99496.62,102577.64,99487.9,99491.94,99505.28,99490.34
7326.583813784,25147,99491.14,96276.58,99486.6,102581.6,99481.82,99493.81,99497.3,99477.4
7326.60751451,25148,99490.07,96274.64,99484.54,102571.89,99494.81,99489.83,99505.28,99489.31
7326.628317995,25149,99492.2,96266.64,99480.57,102578.73,99495.86,99489.83,99507.39,99489.31
7326.649340461,25150,99492.2,96265.62,99486.6,102587.75,99485.8,99489.83,99501.29,99487.4
7326.668400508,25151,99483.22,96269.61,99486.6,102581.6,99495.86,99489.83,99498.36,99491.37
7326.688895035,25152,99492.2,96269.61,99478.65,102589.94,99495.86,99507.85,99501.29,99489.31
7326.709400579,25153,99474.25,96265.62,99486.6,102573.67,99496.9,99497.78,99501.29,99485.34
7326.730008127,25154,99487.18,96265.62,99486.6,102583.79,99494.81,99497.78,99505.28,99481.37
7326.754217833,25155,99490.07,96272.59,99481.6,102565.74,99502.77,99488.77,99497.3,99484.31
7326.77481777,25156,99492.2,96269.61,99486.6,102579.82,99485.8,99501.76,99497.3,99499.3
7326.795269442,25157,99480.33,96261.62,99478.65,102582.7,99485.8,99497.78,99509.26,99490.34
7326.817110326,25158,99492.2,96264.59,99483.66,102577.64,99490.83,99497.78,99505.28,99493.27
7326.836364256,25159,99495.09,96265.62,99470.69,102570.8,99494.81,99497.78,99505.28,99489.31
7326.856950703,25160,99490.07,96261.62,99490.58,102571.89,99493.76,99497.78,99499.42,99490.34
7326.877429506,25161,99488.24,96264.59,99482.63,102569.71,99489.78,99495.67,99505.28,99495.17
7326.898032187,25162,99486.12,96252.6,99486.6,102577.64,99494.81,99493.81,99497.3,99485.34
7326.921803941,25163,99490.07,96259.57,99494.56,102565.74,99493.76,99493.81,99497.3,99485.34
7326.942833006,25164,99480.33,96255.58,99472.61,102570.8,99485.8,99496.73,99499.42,99495.34
7326.963303327,25165,99492.2,96257.62,99484.54,102573.67,99494.81,99491.94,99509.26,99496.21
7326.983937395,25166,99487.18,96257.62,99478.65,102567.93,99493.76,99488.77,99507.39,99489.31
7327.006108578,25167,99486.12,96261.62,99488.66,102569.71,99489.78,99487.72,99505.28,99487.24
7327.025168836,25168,99484.29,96249.63,99491.61,102570.8,99487.69,99496.73,99496.24,99484.31
7327.045428087,25169,99492.2,96259.67,99483.66,102575.86,99485.8,99495.67,99495.18,99486.21
7327.06603893,25170,99487.18,96257.62,99490.58,102565.74,99497.74,99493.81,99499.42,99484.31
7327.089896774,25171,99492.2,96257.62,99476.59,102569.71,99483.71,99488.77,99503.16,99483.27
7327.110966882,25172,99495.09,96262.64,99478.65,102565.74,99489.78,99490.88,99496.24,99486.37
7327.130889594,25173,99490.07,96265.62,99486.6,102561.77,99494.81,99498.84,99504.22,99488.27
7327.151921714,25174,99483.22,96263.67,99479.68,102562.87,99489.78,99497.78,99497.3,99493.27
7327.171962365,25175,99491.14,96251.58,99482.63,102569.71,99498.79,99490.64,99494.12,99491.21
7327.193046034,25176,99486.12,96258.65,99487.63,102569.71,99485.8,99493.56,99497.3,99487.24
7327.213473709,25177,99497.99,96257.62,99486.6,102570.8,99485.8,99496.73,99497.3,99485.34
7327.234250964,25178,99484.29,96257.62,99488.66,102570.8,99493.76,99495.67,99499.17,99485.34
7327.257797868,25179,99490.07,96257.62,99490.58,102566.83,99482.87,99489.83,99509.26,99489.31
7327.278246736,25180,99492.2,96251.68,99486.6,102561.77,99493.76,99493.81,99507.39,99485.34
7327.299028868,25181,99490.07,96258.65,99486.6,102561.77,99499.84,99495.67,99501.29,99487.24
7327.319508493,25182,99499.05,96257.62,99478.65,102557.81,99484.75,99497.54,99502.35,99484.31
7327.33997007,25183,99488.24,96262.64,99487.63,102557.81,99498.79,99487.72,99497.3,99485.34
7327.36131263,25184,99497.99,96248.61,99482.63,102569.71,99485.8,99496.73,99494.12,99489.31
7327.381093988,25185,99491.14,96256.6,99486.6,102565.74,99488.73,99491.7,99496.24,99493.27
7327.402050003,25186,99495.09,96253.63,99489.55,102562.87,99492.71,99496.73,99505.28,99493.27
7327.425820405,25187,99495.09,96253.63,99486.6,102563.96,99501.72,99505.74,99504.22,99489.31
7327.446279859,25188,99497.99,96257.62,99488.52,102569.71,99497.74,99486.66,99502.35,99485.34
7327.466924463,25189,99496.16,96257.62,99478.65,102554.94,99493.76,99500.71,99495.18,99493.27
7327.487967851,25190,99491.14,96249.63,99470.69,102553.84,99494.81,99498.84,99510.32,99484.31
7327.507922261,25191,99491.14,96254.65,99485.57,102553.84,99493.76,99487.72,99497.3,99493.27
7327.528408656,25192,99500.11,96246.66,99486.6,102556.03,99497.74,99487.72,99497.3,99497.24
7327.549350309,25193,99491.14,96245.63,99481.6,102553.84,99489.78,99487.72,99503.16,99495.34
7327.569708671,25194,99492.2,96240.61,99486.6,102553.84,99497.74,99491.7,99498.11,99485.34
7327.593861731,25195,99483.22,96241.64,99478.65,102541.95,99497.74,99495.67,99495.18,99495.34
7327.614274104,25196,99491.14,96245.63,99486.6,102561.77,99485.8,99495.67,99490.14,99493.27
7327.634877626,25197,99494.03,96249.63,99480.57,102554.94,99490.83,99492.75,99494.12,99492.24
7327.655351512,25198,99481.1,96249.63,99492.5,102561.77,99493.76,99483.74,99496.24,99492.24
7327.676047444,25199,99491.14,96250.65,99491.61,102553.84,99492.71,99492.75,99503.16,99493.27
7327.696446296,25200,99492.2,96249.63,99474.67,102553.84,99496.9,99495.67,99494.12,99485.34
7327.717175178,25201,99484.29,96231.6,99468.63,102554.94,99485.8,99489.59,99495.18,99488.27
7327.738243303,25202,99483.22,96241.64,99473.64,102554.94,99493.76,99493.56,99484.28,99493.27
7327.761848134,25203,99483.99,96245.63,99484.54,102536.89,99494.81,99504.68,99502.35,99487.24
7327.782314428,25204,99494.03,96238.66,99478.5,102543.04,99486.85,99485.61,99503.16,99493.27
7327.802914205,25205,99492.2,96224.62,99486.6,102556.03,99493.76,99492.75,99496.24,99483.27
7327.823439368,25206,99490.07,96245.63,99488.66,102535.8,99495.86,99511.58,99503.16,99491.21
7327.844032675,25207,99492.2,96237.64,99492.5,102553.84,99493.76,99501.76,99504.22,99491.21
7327.864530387,25208,99485.06,96250.65,99478.65,102537.98,99493.76,99498.6,99495.18,99493.27
7327.885077494,25209,99490.07,96243.59,99491.47,102537.98,99498.79,99501.76,99503.16,99488.27
7327.905484889,25210,99493.26,96238.66,99472.61,102540.86,99497.74,99496.73,99504.22,99493.11
7327.929875498,25211,99500.11,96240.61,99490.58,102553.84,99491.67,99486.66,99495.18,99487.24
7327.950854348,25212,99492.2,96246.66,99484.54,102541.95,99492.71,99487.72,99487.21,99489.31
7327.970929952,25213,99491.14,96244.61,99493.53,102556.03,99492.71,99488.77,99495.18,99493.27
7327.99167652,25214,99490.07,96240.61,99484.54,102541.95,99497.74,99491.7,99503.16,99488.27
7328.012130587,25215,99490.07,96229.65,99476.59,102541.95,99499.63,99495.67,99511.13,99493.27
7328.032467816,25216,99495.09,96235.69,99488.52,102550.97,99493.76,99500.71,99503.16,99485.34
7328.053067993,25217,99490.07,96229.65,99485.57,102537.98,99501.72,99494.62,99504.22,99485.34
7328.077242987,25218,99494.03,96235.59,99484.54,102539.07,99494.81,99487.72,99500.23,99478.27
7328.09845567,25219,99482.16,96240.61,99487.49,102530.05,99488.73,99494.62,99495.18,99491.21
7328.118532585,25220,99482.16,96237.64,99484.54,102543.04,99492.71,99490.64,99495.18,99492.24
7328.139773081,25221,99497.99,96233.64,99478.65,102537.98,99489.78,99495.67,99511.13,99493.27
7328.15936279,25222,99486.12,96237.64,99488.52,102537.98,99492.71,99499.65,99503.16,99488.27
7328.179933612,25223,99496.16,96233.64,99492.5,102537.98,99497.53,99487.72,99495.18,99492.24
7328.200682634,25224,99497.99,96223.6,99486.6,102544.13,99493.76,99491.7,99503.16,99493.27
7328.225232975,25225,99490.07,96233.64,99488.52,102539.07,99488.73,99503.63,99495.18,99491.21
7328.247964917,25226,99490.07,96224.62,99484.54,102541.95,99497.74,99499.65,99503.16,99495.17
7328.265837759,25227,99494.03,96239.69,99492.5,102540.86,99496.69,99491.7,99499.17,99497.24
7328.286312025,25228,99489.01,96237.64,99485.57,102531.83,99487.69,99494.62,99497.05,99491.21
7328.307101929,25229,99491.14,96243.68,99477.62,102514.19,99493.76,99495.67,99493.06,99492.24
7328.32741344,25230,99495.09,96231.69,99496.48,102519.25,99496.69,99489.59,99503.16,99491.21
7328.348179317,25231,99492.2,96225.65,99493.53,102514.19,99496.69,99495.67,99501.04,99491.21
7328.368465719,25232,99490.07,96231.6,99488.52,102510.22,99500.67,99487.72,99507.14,99487.24
7328.389064084,25233,99495.09,96226.67,99484.54,102506.26,99497.74,99499.65,99503.16,99496.21
7328.414047851,25234,99500.11,96228.62,99492.5,102514.19,99493.76,99494.62,99502.1,99495.17
7328.433920257,25235,99490.07,96224.62,99490.58,102508.44,99496.69,99497.78,99507.14,99491.21
7328.45404848,25236,99489.01,96229.65,99488.52,102514.19,99497.74,99489.59,99505.02,99483.27
7328.474993588,25237,99486.12,96233.64,99490.58,102506.26,99496.69,99499.65,99499.17,99483.27
7328.494949461,25238,99487.18,96225.65,99486.6,102507.35,99501.72,99497.78,99501.04,99492.24
7328.516083115,25239,99497.99,96243.68,99487.49,102514.19,99489.78,99496.73,99497.05,99491.21
7328.536491942,25240,99492.97,96228.62,99484.54,102515.28,99492.71,99499.65,99497.05,99483.27
7328.557080532,25241,99490.07,96234.67,99494.56,102506.26,99501.72,99502.57,99503.16,99483.27
7328.580843493,25242,99497.99,96230.67,99476.59,102512.41,99493.76,99494.62,99501.04,99504.14
7328.601305861,25243,99499.05,96235.69,99493.53,102510.22,99492.71,99495.67,99494.12,99491.21
7328.622195155,25244,99495.86,96230.67,99487.63,102510.22,99490.62,99501.52,99493.06,99491.21
7328.642408197,25245,99490.07,96229.65,99492.5,102505.17,99491.67,99487.72,99509.01,99490.17
7328.663031919,25246,99494.03,96223.6,99476.59,102504.48,99487.69,99498.6,99501.04,99488.11
7328.68459306,25247,99492.97,96229.65,99480.57,102514.19,99509.68,99497.54,99503.16,99489.14
7328.704128025,25248,99494.03,96231.69,99494.56,102515.28,99498.79,99495.67,99503.16,99492.24
7328.725218133,25249,99490.07,96226.67,99484.54,102507.35,99491.67,99496.49,99503.16,99491.21
7328.748847742,25250,99494.03,96225.65,99488.52,102515.28,99488.73,99499.65,99506.08,99491.21
7328.769439827,25251,99486.12,96245.63,99484.54,102498.33,99499.63,99500.71,99509.01,99498.11
7328.790429403,25252,99490.07,96231.69,99489.55,102500.11,99499.63,99496.73,99502.1,99492.24
7328.810469582,25253,99487.95,96227.7,99487.49,102490.4,99491.67,99488.53,99510.07,99497.08
7328.831503896,25254,99505.9,96231.6,99492.5,102503.39,99492.71,99499.65,99501.04,99492.24
7328.851478918,25255,99489.01,96225.65,99483.51,102498.33,99487.69,99509.47,99502.1,99499.14
7328.872116972,25256,99496.93,96237.64,99486.46,102502.29,99496.69,99503.63,99502.1,99495.17
7328.892738762,25257,99490.07,96223.7,99490.58,102506.26,99500.67,99499.65,99502.1,99484.31
7328.916855297,25258,99495.09,96223.6,99489.55,102507.35,99502.77,99485.61,99501.04,99505.17
7328.937303985,25259,99485.06,96224.62,99492.5,102507.35,99495.65,99497.54,99513.0,99484.31
7328.958659214,25260,99494.03,96217.65,99478.65,102506.26,99493.76,99488.53,99511.13,99497.08
7328.980095635,25261,99497.99,96217.65,99484.54,102490.4,99499.63,99494.62,99507.14,99494.14
7328.999026317,25262,99503.01,96236.62,99476.59,102486.43,99500.67,99495.67,99495.99,99487.24
7329.019478891,25263,99494.03,96228.62,99492.5,102501.2,99495.65,99501.52,99505.02,99491.21
7329.040611293,25264,99490.07,96228.62,99476.59,102489.31,99500.67,99494.62,99507.14,99491.21
7329.062202469,25265,99490.07,96231.6,99484.54,102506.26,99497.74,99490.64,99501.04,99495.17
7329.084902502,25266,99490.07,96230.67,99491.47,102481.37,99499.63,99493.56,99501.04,99495.17
7329.106300445,25267,99494.03,96233.64,99494.56,102490.4,99499.63,99491.7,99503.16,99497.24
7329.125920229,25268,99494.03,96233.64,99496.48,102482.47,99506.54,99498.6,99507.14,99490.17
7329.147306705,25269,99494.03,96237.64,99492.5,102482.47,99500.67,99502.57,99495.99,99495.17
7329.167301957,25270,99491.14,96225.65,99487.49,102490.4,99496.69,99503.63,99505.02,99491.21
7329.187463351,25271,99489.01,96232.62,99484.54,102489.31,99487.69,99512.64,99501.04,99494.14
7329.208061004,25272,99494.03,96224.62,99492.5,102491.49,99489.57,99503.63,99494.12,99502.08
7329.228535801,25273,99499.05,96234.67,99493.53,102488.21,99498.58,99487.72,99511.13,99491.21
7329.253062346,25274,99494.03,96221.65,99490.58,102482.47,99491.67,99506.55,99502.1,99487.08
7329.27330944,25275,99495.09,96233.64,99498.54,102483.56,99489.57,99497.54,99503.96,99483.27
7329.293931349,25276,99494.03,96234.67,99490.58,102506.26,99497.74,99505.5,99509.01,99494.14
7329.314418546,25277,99490.85,96225.65,99484.54,102482.47,99492.71,99501.52,99505.02,99491.21
7329.334980114,25278,99490.07,96224.62,99492.5,102474.54,99496.69,99510.53,99505.02,99491.21
7329.355483505,25279,99494.03,96233.64,99483.51,102478.5,99502.77,99502.57,99507.95,99487.24
7329.376066495,25280,99490.07,96229.65,99500.45,102491.49,99495.65,99491.7,99502.1,99495.17
7329.400273888,25281,99497.99,96228.62,99487.49,102489.31,99503.61,99497.54,99514.06,99494.14
7329.420941107,25282,99497.99,96229.65,99492.5,102482.47,99507.59,99504.68,99502.1,99494.14
7329.442459662,25283,99497.99,96229.65,99484.54,102501.2,99496.69,99513.45,99492.0,99497.24
7329.462017313,25284,99496.93,96225.65,99492.5,102490.4,99499.63,99495.67,99501.04,99490.17
7329.482563758,25285,99491.91,96221.65,99479.53,102490.4,99496.69,99495.67,99507.14,99494.14
7329.503081671,25286,99494.03,96224.62,99484.54,102478.5,99500.67,99498.6,99509.01,99499.14
7329.524218399,25287,99491.91,96224.62,99498.54,102490.4,99493.76,99509.47,99509.01,99490.17
7329.544124246,25288,99503.78,96245.63,99485.57,102489.31,99495.65,99501.52,99510.88,99505.01
7329.567875258,25289,99497.99,96232.62,99496.48,102479.59,99500.67,99505.5,99501.04,99490.17
7329.589184117,25290,99499.05,96226.67,99483.51,102482.47,99490.62,99498.6,99497.86,99493.11
7329.609480154,25291,99497.99,96219.6,99488.52,102483.56,99499.63,99493.56,99501.04,99493.11
7329.630035664,25292,99495.86,96225.65,99485.57,102476.32,99491.67,99501.52,99501.04,99500.17
7329.650451342,25293,99501.95,96220.63,99500.45,102490.4,99495.65,99497.54,99505.02,99491.21
7329.671123447,25294,99490.07,96216.63,99476.59,102490.4,99492.71,99495.67,99501.04,99487.24
7329.691802734,25295,99495.86,96237.64,99507.38,102482.47,99503.61,99507.61,99503.96,99491.21
7329.712121165,25296,99503.78,96225.65,99482.48,102477.41,99491.67,99492.51,99509.01,99497.08
7329.735924967,25297,99487.95,96226.67,99488.52,102486.43,99503.61,99493.56,99505.02,99498.11
7329.756931298,25298,99497.99,96232.62,99488.52,102481.37,99497.53,99503.63,99502.1,99483.27
7329.777016607,25299,99485.06,96228.62,99483.51,102482.47,99497.53,99503.63,99502.1,99491.21
7329.79806422,25300,99481.1,96226.67,99484.54,102489.31,99492.71,99502.57,99499.17,99490.17
7329.818151742,25301,99486.12,96231.6,99483.51,102483.56,99502.56,99504.44,99502.9,99500.17
7329.840379611,25302,99495.86,96224.62,99491.47,102490.4,99487.69,99496.73,99513.0,99491.21
7329.859543585,25303,99504.84,96231.6,99487.49,102490.4,99497.53,99509.47,99509.01,99494.14
7329.880223553,25304,99501.65,96221.65,99492.5,102478.5,99499.63,99509.47,99510.07,99494.14
7329.904478998,25305,99487.95,96224.62,99474.53,102490.4,99499.63,99506.55,99506.08,99491.21
7329.926211468,25306,99487.95,96223.6,99491.47,102482.47,99491.67,99500.46,99501.04,99491.21
7329.94495031,25307,99489.01,96224.62,99484.54,102490.4,99495.65,99498.6,99501.04,99492.08
7329.966030673,25308,99496.93,96227.6,99493.53,102482.47,99502.56,99495.43,99499.98,99495.17
7329.985993947,25309,99487.95,96215.61,99484.54,102486.43,99506.54,99501.52,99499.98,99491.21
7330.007035641,25310,99497.99,96219.6,99488.52,102485.34,99499.63,99492.51,99503.96,99491.04
7330.02825168,25311,99503.01,96215.61,99491.47,102477.41,99499.63,99492.51,99516.98,99494.14
7330.048205329,25312,99489.01,96223.6,99475.56,102498.33,99499.63,99509.47,99495.99,99490.17
7330.072741269,25313,99495.86,96225.65,99492.5,102489.31,99506.54,99508.42,99501.04,99495.17
7330.092397838,25314,99489.78,96217.65,99475.56,102478.5,99499.63,99499.41,99501.04,99490.17
7330.113124136,25315,99493.74,96224.62,99491.47,102489.31,99499.63,99501.52,99501.04,99497.08
7330.133541076,25316,99501.65,96233.64,99483.51,102482.47,99503.61,99493.56,99499.98,99495.17
7330.154226662,25317,99505.9,96216.63,99487.49,102478.5,99488.52,99505.5,99501.04,99486.21
7330.175204049,25318,99495.86,96225.65,99487.49,102481.37,99501.51,99493.56,99509.01,99489.14
7330.195274345,25319,99491.91,96225.65,99496.48,102486.43,99499.63,99487.48,99501.04,99498.11
7330.216437884,25320,99491.91,96227.6,99483.51,102481.37,99489.57,99513.45,99509.01,99494.14
7330.239886439,25321,99495.86,96225.65,99486.46,102484.25,99496.69,99494.62,99503.96,99491.21
7330.260329338,25322,99494.03,96216.63,99484.54,102481.37,99489.57,99506.55,99503.96,99492.24
7330.281331293,25323,99495.09,96226.67,99491.47,102479.19,99501.51,99497.54,99515.92,99494.14
7330.301593498,25324,99478.97,96218.68,99483.51,102485.34,99497.53,99493.56,99493.87,99490.17
7330.322024079,25325,99490.07,96226.67,99494.42,102478.5,99491.67,99492.51,99499.98,99499.14
7330.342596644,25326,99501.95,96226.67,99491.47,102490.4,99489.57,99497.54,99501.04,99490.17
7330.364976773,25327,99495.86,96213.66,99492.5,102482.47,99494.6,99492.51,99498.92,99491.21
7330.384784401,25328,99491.91,96216.63,99483.51,102482.47,99500.67,99488.53,99499.98,99497.08
7330.407946223,25329,99489.01,96216.63,99488.52,102480.28,99489.57,99509.47,99507.95,99491.21
7330.42844756,25330,99485.83,96223.7,99496.48,102490.4,99494.6,99508.42,99502.1,99497.08
7330.449422804,25331,99494.8,96232.62,99492.5,102489.31,99501.72,99501.52,99505.02,99494.14
7330.46981071,25332,99487.95,96225.65,99487.49,102482.47,99500.67,99493.56,99503.96,99481.21
7330.490933988,25333,99496.93,96225.65,99500.45,102482.47,99497.53,99501.52,99498.92,99489.14
7330.511374794,25334,99491.91,96217.65,99494.42,102481.37,99507.59,99493.56,99509.01,99490.17
7330.531142793,25335,99494.8,96220.63,99499.42,102481.37,99492.71,99495.43,99501.04,99489.14
7330.551569547,25336,99490.07,96233.64,99496.48,102480.28,99507.59,99493.56,99502.9,99486.21
7330.576023894,25337,99500.88,96216.63,99492.5,102474.54,99497.53,99499.41,99501.04,99497.08
7330.596610059,25338,99485.83,96217.65,99491.47,102481.37,99491.67,99497.54,99506.89,99494.14
7330.61698114,25339,99487.95,96227.6,99476.59,102476.32,99491.67,99501.52,99514.86,99493.98
7330.63746427,25340,99495.86,96217.65,99490.44,102485.34,99495.65,99494.62,99503.96,99494.14
7330.658428067,25341,99485.83,96217.65,99486.46,102482.47,99494.6,99500.46,99505.02,99490.17
7330.679160914,25342,99495.86,96228.62,99487.49,102490.4,99501.51,99502.57,99499.98,99498.11
7330.69920532,25343,99495.86,96223.7,99484.54,102480.28,99501.72,99495.43,99501.04,99498.11
7330.723301575,25344,99495.86,96229.65,99483.51,102474.13,99501.51,99498.6,99494.93,99495.17
7330.744708062,25345,99496.93,96227.7,99491.47,102488.21,99493.55,99492.51,99510.07,99490.17
7330.765140114,25346,99486.89,96217.65,99500.45,102482.47,99493.55,99493.56,99501.04,99488.11
7330.785066191,25347,99502.72,96218.68,99488.52,102481.37,99489.57,99505.5,99509.01,99488.11
7330.805473307,25348,99485.83,96224.62,99486.46,102482.47,99499.63,99494.62,99497.05,99489.14
7330.826109668,25349,99495.86,96217.65,99484.54,102488.21,99485.59,99509.47,99498.92,99484.14
7330.846555291,25350,99491.91,96226.67,99490.44,102478.5,99491.67,99505.5,99505.02,99497.08
7330.868221691,25351,99497.99,96225.65,99491.47,102490.4,99499.63,99508.42,99495.99,99493.11
7330.890913431,25352,99491.91,96227.7,99475.56,102476.32,99499.63,99497.54,99511.94,99501.04
7330.911926673,25353,99491.91,96225.65,99495.45,102474.54,99489.57,99484.56,99503.96,99497.08
7330.932376162,25354,99496.93,96225.65,99491.47,102484.25,99507.59,99493.56,99501.04,99483.11
7330.953085664,25355,99480.04,96223.6,99484.54,102490.4,99498.58,99493.56,99493.06,99487.24
7330.97386981,25356,99486.89,96225.65,99483.51,102486.43,99493.55,99505.5,99501.04,99490.17
7330.994076231,25357,99489.01,96224.62,99492.5,102490.4,99495.65,99500.46,99494.93,99487.08
7331.016366745,25358,99490.85,96213.66,99478.5,102477.41,99498.58,99487.48,99506.08,99497.08
7331.035161851,25359,99485.83,96219.7,99482.48,102481.37,99497.53,99503.39,99499.98,99497.08
7331.058908387,25360,99487.95,96227.7,99498.39,102485.34,99505.49,99484.56,99501.04,99501.04
7331.079925184,25361,99490.07,96216.63,99486.46,102479.19,99497.53,99496.49,99498.92,99481.05
7331.099969781,25362,99495.86,96217.65,99481.45,102490.4,99490.62,99500.46,99498.92,99497.08
7331.121039688,25363,99494.03,96216.63,99499.42,102478.1,99490.62,99492.51,99500.79,99493.11
7331.14102825,25364,99494.03,96225.65,99487.49,102478.1,99497.53,99491.46,99502.9,99493.11
7331.162082804,25365,99499.82,96213.66,99478.5,102484.25,99489.57,99499.65,99506.89,99497.08
7331.18321768,25366,99482.93,96225.65,99494.42,102480.28,99497.53,99496.49,99503.96,99493.11
7331.203146842,25367,99485.83,96209.66,99480.42,102488.21,99491.67,99500.46,99502.9,99493.11
7331.226917614,25368,99497.99,96221.65,99486.46,102482.47,99497.53,99493.56,99498.92,99488.98
7331.247393724,25369,99490.07,96227.7,99482.48,102486.43,99497.53,99492.51,99497.86,99492.08
7331.268134183,25370,99489.78,96220.63,99478.5,102481.37,99490.62,99497.54,99496.8,99489.14
7331.289051379,25371,99494.03,96220.63,99490.44,102488.21,99493.55,99493.56,99502.9,99493.11
7331.309022695,25372,99487.95,96228.62,99494.42,102489.31,99499.63,99497.54,99503.96,99489.14
7331.33008441,25373,99487.95,96217.65,99490.44,102482.47,99504.65,99492.51,99505.02,99487.08
7331.350167104,25374,99490.07,96213.66,99484.54,102489.31,99491.46,99507.36,99505.02,99497.08
7331.371227087,25375,99486.89,96227.7,99488.52,102480.28,99512.61,99513.45,99509.01,99493.98
7331.395486238,25376,99488.72,96225.65,99482.48,102482.47,99494.6,99497.54,99502.9,99493.98
7331.415379846,25377,99494.03,96217.65,99487.49,102488.21,99497.53,99488.53,99509.01,99489.14
7331.43608427,25378,99489.01,96224.62,99494.42,102486.43,99497.53,99497.54,99507.95,99489.14
7331.456457434,25379,99487.95,96215.61,99483.51,102490.4,99494.6,99493.56,99504.77,99491.04
7331.477895208,25380,99487.95,96217.65,99487.49,102489.31,99497.53,99498.6,99502.9,99492.08
7331.49752022,25381,99491.91,96215.61,99489.41,102488.21,99493.55,99498.35,99504.77,99493.11
7331.51819496,25382,99485.83,96219.7,99489.41,102482.47,99497.53,99500.46,99502.9,99496.04
7331.539148762,25383,99487.95,96218.68,99485.43,102481.37,99504.44,99513.45,99499.98,99488.11
7331.562976771,25384,99491.91,96209.66,99490.44,102482.47,99501.51,99499.41,99502.9,99497.08
7331.583382043,25385,99483.99,96217.65,99486.46,102472.35,99485.59,99491.46,99506.89,99488.11
7331.60401545,25386,99481.1,96213.66,99498.39,102502.29,99495.65,99492.51,99506.89,99489.14
7331.625171277,25387,99493.74,96223.6,99490.44,102487.12,99491.67,99499.41,99497.05,99491.04
7331.645078266,25388,99487.95,96218.68,99493.38,102490.4,99497.53,99503.39,99497.05,99489.14
7331.666743494,25389,99487.95,96211.61,99481.45,102481.37,99497.53,99503.39,99511.94,99495.01
7331.686170847,25390,99483.99,96217.65,99498.39,102482.47,99495.65,99503.39,99501.84,99493.98
7331.706574006,25391,99490.85,96229.65,99490.44,102490.4,99493.55,99493.56,99502.9,99498.11
7331.730930374,25392,99490.85,96216.63,99491.47,102486.43,99497.53,99495.43,99494.93,99498.98
7331.751405552,25393,99494.8,96215.61,99489.41,102490.4,99493.55,99492.51,99505.83,99493.98
7331.771998578,25394,99485.83,96221.65,99478.5,102474.54,99491.67,99493.56,99506.89,99490.01
7331.792515699,25395,99495.86,96223.6,99491.47,102488.21,99503.61,99491.46,99507.95,99494.14
7331.813707251,25396,99495.86,96223.6,99482.48,102490.4,99494.6,99495.43,99488.82,99488.98
7331.834449282,25397,99495.86,96217.65,99489.41,102476.32,99497.53,99494.38,99505.83,99482.08
7331.854163128,25398,99493.74,96213.66,99483.51,102485.34,99497.53,99509.47,99506.89,99487.08
7331.8783368,25399,99495.86,96215.61,99490.44,102480.28,99492.5,99492.51,99501.04,99495.01
7331.900071263,25400,99495.86,96209.66,99490.44,102481.37,99493.55,99516.37,99500.79,99502.95
7331.919413777,25401,99493.74,96222.67,99482.48,102477.41,99497.53,99495.43,99506.89,99486.04
7331.940731349,25402,99495.86,96217.65,99487.49,102489.31,99506.54,99504.44,99503.96,99489.14
7331.963384742,25403,99495.86,96221.65,99479.53,102485.34,99490.62,99504.44,99510.88,99491.04
7331.981096189,25404,99502.72,96207.61,99496.33,102481.37,99501.51,99501.52,99500.79,99491.04
7332.001657418,25405,99491.91,96229.65,99486.46,102482.47,99495.65,99491.46,99497.86,99498.98
7332.023055411,25406,99495.86,96227.7,99482.48,102489.31,99496.48,99503.39,99497.86,99497.08
7332.046349703,25407,99495.86,96213.66,99490.44,102485.34,99493.55,99498.35,99502.9,99492.08
7332.0670421,25408,99491.91,96217.65,99482.48,102486.43,99506.54,99499.41,99498.92,99492.95
7332.087943321,25409,99489.78,96217.65,99498.39,102479.19,99497.53,99501.52,99502.9,99484.14
7332.109031527,25410,99498.76,96212.63,99490.44,102477.41,99493.55,99492.51,99498.92,99492.08
7332.128582206,25411,99491.91,96224.62,99487.49,102481.37,99491.46,99500.46,99498.92,99485.01
7332.152683278,25412,99497.7,96225.65,99489.41,102490.4,99498.58,99506.31,99501.84,99485.01
7332.17043672,25413,99489.78,96225.65,99490.44,102477.41,99505.49,99497.54,99502.9,99498.98
7332.191287085,25414,99493.74,96233.64,99486.46,102478.1,99501.51,99503.63,99506.89,99491.04
7332.213915149,25415,99486.89,96225.65,99494.42,102485.34,99491.46,99488.53,99497.86,99496.04
7332.235094552,25416,99505.9,96221.65,99486.46,102485.34,99489.57,99495.43,99505.83,99496.04
7332.25544419,25417,99499.05,96214.68,99495.45,102484.25,99498.58,99496.49,99516.73,99497.08
7332.276050516,25418,99493.74,96212.63,99487.35,102489.31,99497.53,99494.38,99502.9,99496.04
7332.296500697,25419,99495.86,96227.6,99488.38,102488.21,99497.53,99497.54,99497.86,99485.01
7332.317125311,25420,99493.74,96217.65,99491.47,102480.28,99491.46,99509.47,99497.86,99487.95
7332.33754854,25421,99493.74,96221.65,99484.54,102481.37,99503.4,99499.41,99512.74,99492.95
7332.360399251,25422,99494.8,96229.65,99484.54,102480.28,99489.57,99492.51,99502.9,99502.95
7332.38193979,25423,99497.7,96215.61,99494.42,102481.37,99500.46,99492.51,99500.79,99493.11
7332.403020524,25424,99493.74,96221.65,99494.42,102480.28,99500.46,99495.43,99501.84,99500.01
7332.42298571,25425,99485.83,96232.62,99490.44,102479.19,99505.49,99490.4,99498.92,99482.08
7332.444130541,25426,99496.93,96217.65,99487.49,102488.21,99497.53,99508.42,99502.9,99485.01
7332.464144181,25427,99495.86,96225.65,99490.44,102480.28,99505.49,99507.36,99502.65,99485.01
7332.485090211,25428,99495.86,96219.6,99482.48,102481.37,99493.55,99495.43,99505.83,99502.95
7332.505563295,25429,99491.91,96214.58,99474.53,102482.47,99491.46,99489.35,99505.83,99492.95
7332.526203813,25430,99502.72,96217.65,99488.38,102489.31,99497.53,99492.51,99506.89,99486.04
7332.549968667,25431,99487.95,96217.65,99498.39,102480.28,99492.5,99493.56,99506.89,99486.04
7332.570412217,25432,99487.95,96232.62,99490.44,102480.28,99497.53,99492.51,99502.9,99485.01
7332.591012274,25433,99503.78,96217.65,99490.29,102480.28,99489.57,99490.4,99501.84,99492.95
7332.612417779,25434,99490.07,96234.67,99474.53,102477.41,99495.44,99511.34,99509.82,99488.98
7332.63212844,25435,99494.8,96223.6,99486.46,102489.99,99495.44,99499.41,99496.8,99488.11
7332.653103675,25436,99485.83,96213.66,99490.44,102481.37,99500.46,99506.31,99500.79,99493.98
7332.67325349,25437,99501.65,96225.65,99497.36,102486.03,99500.46,99499.41,99499.98,99492.95
7332.694446103,25438,99486.89,96219.6,99490.44,102488.21,99497.53,99498.35,99502.9,99482.95
7332.718196365,25439,99499.82,96212.63,99490.44,102484.25,99503.4,99494.38,99506.89,99497.95
7332.738376266,25440,99486.89,96219.6,99487.49,102484.25,99497.53,99491.46,99502.9,99483.98
7332.760009425,25441,99493.74,96215.61,99481.45,102488.21,99509.47,99489.35,99498.92,99485.01
7332.781131401,25442,99481.87,96224.62,99491.47,102480.28,99497.53,99491.46,99501.84,99485.01
7332.800070786,25443,99485.83,96222.58,99495.45,102473.44,99487.48,99517.43,99498.92,99498.98
7332.821069686,25444,99491.91,96219.7,99491.47,102473.44,99493.55,99491.46,99501.84,99490.01
7332.84118491,25445,99485.83,96218.68,99493.38,102485.34,99490.41,99483.5,99510.88,99493.98
7332.86218393,25446,99493.74,96215.61,99486.46,102488.21,99491.46,99507.36,99504.77,99485.01
7332.88595968,25447,99489.78,96229.65,99488.52,102484.25,99493.55,99493.32,99498.92,99485.01
7332.906415198,25448,99485.83,96217.65,99490.44,102472.35,99505.49,99504.44,99506.89,99486.04
7332.927538526,25449,99489.78,96215.61,99490.44,102476.32,99492.5,99495.43,99498.92,99491.04
7332.94758803,25450,99485.83,96225.65,99488.52,102478.5,99504.44,99510.29,99499.98,99490.01
7332.97018037,25451,99494.8,96223.6,99491.47,102486.43,99503.4,99495.43,99504.77,99492.08
7332.988492246,25452,99487.95,96213.66,99478.5,102482.47,99511.36,99491.46,99502.9,99491.04
7333.010878465,25453,99485.83,96216.63,99482.48,102472.35,99486.43,99487.48,99497.86,99493.98
7333.029719992,25454,99495.86,96215.61,99494.42,102480.28,99493.55,99499.41,99501.84,99492.95
7333.053981106,25455,99475.79,96221.65,99493.38,102489.31,99489.36,99495.43,99488.82,99493.98
7333.074436323,25456,99489.78,96217.65,99485.43,102479.19,99491.46,99491.46,99512.74,99490.01
7333.095168139,25457,99493.74,96215.61,99490.44,102477.41,99489.36,99507.36,99498.92,99498.98
7333.1155988,25458,99487.95,96217.65,99485.43,102476.32,99505.49,99491.46,99511.69,99500.88
7333.136362955,25459,99486.89,96225.65,99486.46,102481.37,99487.48,99490.4,99509.82,99493.98
7333.15662446,25460,99479.74,96213.66,99490.44,102480.28,99503.4,99499.41,99496.8,99501.91
7333.178250889,25461,99495.86,96216.63,99492.5,102470.17,99496.48,99499.41,99496.8,99492.95
7333.20135979,25462,99488.72,96207.61,99486.46,102489.31,99489.57,99499.41,99504.77,99488.98
7333.222380153,25463,99493.74,96223.6,99488.38,102476.32,99491.46,99496.49,99501.84,99493.98
7333.242552853,25464,99484.76,96219.6,99482.48,102488.21,99493.55,99507.36,99495.74,99486.04
7333.263202845,25465,99489.78,96219.6,99493.38,102472.35,99497.53,99490.4,99500.79,99491.04
7333.283573756,25466,99489.78,96225.65,99480.42,102479.19,99487.48,99493.32,99501.84,99485.01
7333.304235035,25467,99495.86,96217.65,99486.46,102472.35,99489.57,99495.43,99497.86,99485.01
7333.326231995,25468,99485.83,96207.61,99485.43,102488.21,99485.38,99490.4,99497.86,99483.98
7333.345353415,25469,99489.78,96216.63,99487.49,102487.12,99489.36,99507.36,99505.83,99485.01
7333.369370219,25470,99493.74,96223.6,99481.45,102476.32,99501.51,99491.46,99498.92,99492.95
7333.389983135,25471,99489.78,96221.65,99485.43,102484.25,99490.41,99495.43,99504.77,99493.98
7333.410455539,25472,99488.72,96217.65,99494.42,102472.35,99496.48,99495.43,99504.77,99487.08
7333.431354789,25473,99492.68,96217.65,99482.48,102488.21,99496.48,99491.46,99504.77,99485.01
7333.451524475,25474,99489.78,96215.61,99486.46,102474.13,99490.41,99492.51,99497.86,99485.01
7333.473412449,25475,99484.76,96207.61,99486.46,102470.17,99504.44,99491.46,99499.73,99485.01
7333.494546233,25476,99485.83,96214.58,99500.45,102478.1,99487.48,99491.46,99502.9,99485.01
7333.513443965,25477,99485.83,96218.68,99480.42,102480.28,99492.5,99503.39,99493.87,99481.05
7333.537020023,25478,99483.99,96223.6,99485.43,102480.28,99504.44,99495.43,99501.84,99486.04
7333.558005112,25479,99488.72,96209.66,99486.46,102480.28,99499.42,99487.48,99500.79,99492.95
7333.578456484,25480,99485.83,96224.62,99489.41,102481.37,99489.36,99507.36,99501.84,99487.08
7333.599122931,25481,99501.65,96220.63,99490.44,102484.25,99487.48,99494.38,99500.79,99492.95
7333.62026654,25482,99486.89,96216.63,99494.42,102480.28,99503.4,99491.46,99496.8,99488.98
7333.640126157,25483,99501.65,96223.6,99482.48,102488.21,99491.46,99497.3,99503.71,99482.95
7333.661336366,25484,99495.86,96218.58,99488.38,102471.26,99495.44,99499.41,99492.81,99495.01
7333.681823843,25485,99484.76,96215.61,99489.41,102477.41,99489.36,99495.43,99502.9,99496.91
7333.70501547,25486,99487.95,96224.62,99485.43,102480.28,99487.48,99498.35,99506.89,99496.04
7333.726095172,25487,99486.89,96214.58,99485.43,102488.21,99490.41,99502.33,99494.68,99486.04
7333.746110174,25488,99493.74,96215.61,99482.48,102487.12,99494.39,99499.41,99496.8,99490.01
7333.767099059,25489,99486.89,96208.64,99482.48,102478.1,99494.39,99489.35,99502.65,99490.88
7333.787072337,25490,99484.76,96217.65,99490.44,102484.25,99495.44,99501.52,99504.77,99496.91
7333.808147553,25491,99497.7,96215.61,99484.4,102488.21,99486.43,99498.35,99500.79,99485.01
7333.8287874,25492,99493.74,96217.65,99480.42,102476.32,99504.44,99495.43,99500.79,99490.88
7333.84940275,25493,99491.91,96218.68,99482.48,102479.19,99496.48,99487.48,99500.79,99492.95
7333.872982193,25494,99486.89,96216.63,99495.3,102478.1,99492.5,99495.43,99499.73,99493.98
7333.893442308,25495,99485.83,96215.61,99485.43,102481.37,99489.36,99489.35,99494.68,99490.88
7333.914083287,25496,99495.86,96217.65,99484.4,102488.21,99503.4,99486.42,99500.79,99481.91
7333.935254527,25497,99484.76,96224.62,99492.35,102466.2,99488.52,99491.46,99503.71,99486.91
7333.955101685,25498,99489.78,96216.63,99486.46,102474.13,99487.48,99489.35,99501.84,99487.95
7333.976204733,25499,99489.78,96223.6,99488.38,102488.21,99490.41,99487.24,99500.79,99493.98
7333.996172413,25500,99501.65,96217.65,99484.4,102479.19,99491.46,99490.4,99499.73,99495.88
7334.018005705,25501,99489.78,96216.63,99481.45,102478.1,99487.48,99500.46,99491.75,99493.98
7334.040978621,25502,99484.76,96211.61,99484.4,102478.1,99490.41,99485.37,99494.93,99487.95
7334.061493158,25503,99485.83,96222.58,99490.44,102478.1,99495.22,99491.46,99504.77,99498.81
7334.08215623,25504,99488.72,96215.61,99485.43,102482.06,99495.44,99499.41,99504.77,99486.91
7334.104188744,25505,99496.63,96219.6,99489.41,102477.41,99490.41,99495.43,99492.81,99492.95
7334.123164954,25506,99481.87,96219.6,99494.42,102474.13,99490.41,99491.46,99500.79,99493.98
7334.143590968,25507,99491.91,96211.61,99473.5,102475.22,99498.37,99499.41,99500.79,99485.01
7334.164443907,25508,99501.65,96207.61,99499.42,102476.32,99489.36,99490.4,99496.8,99496.91
7334.185426542,25509,99493.74,96212.63,99482.48,102472.35,99499.42,99503.14,99504.77,99490.88
7334.209010723,25510,99485.83,96216.63,99489.41,102480.28,99493.34,99499.41,99502.65,99487.95
7334.229450697,25511,99487.66,96215.61,99490.44,102495.05,99500.46,99507.36,99500.79,99490.88
7334.25004111,25512,99489.78,96226.67,99484.4,102470.17,99493.34,99493.32,99502.9,99487.95
7334.270556118,25513,99485.83,96215.61,99485.43,102488.21,99494.39,99511.34,99511.69,99500.88
7334.292031218,25514,99495.86,96215.61,99481.45,102487.12,99487.48,99488.29,99503.71,99483.98
7334.311908031,25515,99485.83,96223.6,99486.46,102472.35,99490.41,99489.35,99499.73,99486.04
7334.33266201,25516,99494.03,96216.63,99480.42,102476.32,99491.46,99489.35,99492.81,99486.91
7334.352711855,25517,99488.72,96205.57,99489.41,102476.32,99485.38,99505.25,99503.71,99498.81
7334.377021332,25518,99485.53,96215.61,99490.44,102475.22,99493.34,99494.38,99499.73,99486.91
7334.397459955,25519,99488.72,96224.62,99490.44,102487.12,99489.36,99496.25,99495.74,99490.01
7334.418233784,25520,99495.57,96217.65,99491.32,102476.32,99497.32,99487.48,99499.73,99475.01
7334.438628601,25521,99491.61,96227.7,99480.42,102480.28,99494.39,99493.32,99495.74,99485.01
7334.460058592,25522,99488.72,96224.62,99489.41,102483.16,99503.4,99498.11,99494.68,99490.88
7334.479983679,25523,99492.68,96223.6,99482.48,102480.28,99489.36,99493.32,99496.8,99487.95
7334.500219064,25524,99489.78,96217.65,99490.44,102482.06,99489.36,99494.38,99494.68,99478.98
7334.524398124,25525,99495.57,96215.61,99482.48,102486.03,99491.46,99496.25,99499.73,99484.85
7334.547189745,25526,99485.83,96217.56,99487.35,102488.21,99493.34,99488.29,99504.77,99490.88
7334.565478136,25527,99489.78,96217.56,99485.43,102495.05,99502.35,99487.48,99501.84,99483.98
7334.586138644,25528,99493.74,96215.61,99488.38,102472.35,99490.41,99497.3,99500.79,99475.01
7334.606549194,25529,99493.74,96227.6,99489.41,102478.1,99495.44,99495.43,99498.67,99488.98
7334.628168953,25530,99483.7,96215.61,99490.44,102480.28,99494.39,99491.46,99505.83,99490.88
7334.647647513,25531,99493.74,96211.61,99493.38,102478.1,99489.36,99506.31,99503.71,99493.82
7334.669203907,25532,99491.61,96223.6,99490.44,102479.19,99495.44,99512.15,99495.74,99499.85
7334.692484217,25533,99488.72,96223.6,99485.43,102474.13,99490.41,99493.32,99503.71,99481.91
7334.713033578,25534,99492.68,96216.63,99490.44,102479.19,99486.43,99498.35,99503.71,99486.91
7334.734138037,25535,99485.83,96212.63,99493.38,102478.1,99485.38,99493.32,99497.86,99486.91
7334.754223646,25536,99491.61,96225.65,99490.44,102478.1,99503.4,99507.36,99498.67,99488.98
7334.774598742,25537,99497.7,96219.6,99473.5,102486.03,99489.36,99496.25,99506.89,99498.81
7334.795146991,25538,99494.8,96214.58,99486.46,102484.25,99490.41,99497.3,99504.77,99488.82
7334.815643431,25539,99483.7,96216.63,99489.41,102487.12,99492.29,99505.25,99494.68,99485.01
7334.836214834,25540,99484.76,96223.6,99472.47,102478.1,99488.31,99506.31,99499.73,99486.91
7334.861048604,25541,99496.63,96215.61,99489.41,102478.1,99498.37,99490.4,99504.77,99485.01
7334.881034823,25542,99493.74,96215.61,99484.4,102495.05,99496.48,99482.45,99495.74,99492.95
7334.901898768,25543,99485.83,96219.6,99480.42,102480.28,99497.32,99498.35,99511.69,99487.95
7334.922082686,25544,99492.68,96223.6,99481.45,102474.13,99490.41,99501.28,99494.68,99501.91
7334.943207076,25545,99488.72,96211.61,99498.39,102478.1,99496.48,99499.41,99500.79,99490.88
7334.963406206,25546,99489.78,96212.63,99486.46,102479.19,99497.32,99490.4,99497.86,99490.88
7334.98521454,25547,99493.74,96215.61,99498.39,102486.03,99486.43,99488.29,99495.74,99493.82
7335.004305024,25548,99493.74,96223.6,99484.4,102471.26,99494.39,99488.29,99496.8,99475.01
7335.028143068,25549,99487.66,96217.65,99496.33,102486.03,99498.37,99498.11,99512.74,99487.95
7335.049311515,25550,99488.72,96219.6,99489.41,102482.06,99486.43,99493.32,99503.71,99492.95
7335.069102387,25551,99487.66,96219.6,99498.39,102474.13,99494.39,99488.29,99501.84,99491.91
7335.090300729,25552,99488.72,96223.6,99488.38,102482.06,99497.32,99486.42,99497.86,99490.88
7335.110147617,25553,99493.74,96216.63,99485.43,102482.06,99489.36,99490.4,99503.71,99489.85
7335.131202452,25554,99503.49,96223.6,99498.39,102484.94,99488.31,99498.35,99488.82,99488.98
7335.151819123,25555,99500.59,96224.62,99494.42,102478.1,99494.39,99493.32,99503.71,99491.91
7335.174715774,25556,99492.68,96216.63,99493.38,102482.06,99492.29,99489.35,99501.84,99496.91
7335.196008017,25557,99485.83,96228.62,99488.38,102489.99,99485.38,99484.31,99496.8,99498.81
7335.218835082,25558,99489.78,96223.6,99494.42,102483.56,99487.48,99497.3,99494.68,99490.88
7335.237093477,25559,99485.83,96219.6,99482.48,102487.12,99495.44,99487.48,99492.81,99496.75
7335.258170966,25560,99478.68,96225.65,99481.45,102478.1,99493.34,99482.45,99504.77,99486.91
7335.27817383,25561,99483.7,96214.58,99490.44,102469.08,99491.46,99499.41,99500.79,99494.85
7335.299199,25562,99491.61,96218.58,99479.39,102480.97,99490.41,99490.4,99500.79,99489.85
7335.319625674,25563,99484.76,96231.6,99485.43,102474.13,99499.42,99487.24,99504.77,99488.82
7335.340440506,25564,99491.91,96213.66,99487.35,102486.03,99490.41,99484.31,99504.77,99482.95
7335.364053309,25565,99484.76,96218.58,99480.42,102478.1,99495.44,99492.27,99495.74,99496.91
7335.386082828,25566,99483.7,96219.6,99496.33,102484.25,99489.36,99490.4,99494.68,99487.78
7335.405160562,25567,99489.78,96217.65,99480.42,102475.91,99493.34,99491.46,99494.68,99494.85
7335.425590973,25568,99484.76,96219.6,99485.43,102486.03,99495.44,99483.26,99494.68,99491.91
7335.447645609,25569,99489.78,96214.58,99480.42,102486.03,99488.31,99493.32,99498.67,99484.85
7335.466713789,25570,99490.85,96215.61,99480.42,102480.97,99488.31,99500.22,99496.8,99482.95
7335.487287306,25571,99491.61,96218.58,99489.41,102478.1,99490.41,99489.1,99498.67,99483.98
7335.510306612,25572,99491.61,96223.6,99482.48,102486.03,99494.39,99493.32,99499.73,99494.85
7335.532036808,25573,99494.8,96223.6,99486.46,102482.06,99494.39,99493.32,99494.68,99482.95
7335.552508911,25574,99483.7,96222.58,99490.44,102470.17,99478.26,99493.32,99510.63,99475.01
7335.574124624,25575,99485.83,96226.57,99493.38,102478.1,99489.36,99507.36,99498.67,99486.91
7335.594120507,25576,99496.63,96227.6,99480.42,102470.17,99485.38,99496.25,99502.65,99490.88
7335.614155199,25577,99479.74,96216.63,99488.38,102470.17,99484.33,99504.2,99500.79,99482.95
7335.636181462,25578,99484.76,96215.61,99490.44,102484.94,99493.34,99506.31,99505.58,99490.88
7335.655238816,25579,99491.61,96217.56,99481.45,102473.04,99494.39,99499.41,99496.8,99481.91
7335.679430375,25580,99492.68,96206.59,99487.35,102483.84,99501.3,99503.14,99501.59,99488.82
7335.700052395,25581,99483.7,96218.58,99489.41,102486.03,99493.34,99490.16,99497.61,99485.88
7335.721369867,25582,99492.68,96219.6,99489.41,102486.03,99485.38,99489.35,99498.67,99485.01
7335.742124397,25583,99492.68,96223.6,99483.37,102486.03,99483.29,99489.35,99497.61,99486.91
7335.763120463,25584,99487.66,96222.58,99479.39,102480.28,99489.36,99495.19,99503.71,99491.91
7335.782161561,25585,99495.57,96223.6,99488.38,102486.03,99493.34,99491.21,99503.71,99490.88
7335.802639484,25586,99492.68,96222.58,99490.44,102484.94,99483.29,99490.4,99492.56,99491.91
7335.823190246,25587,99501.65,96209.66,99480.42,102483.84,99494.39,99488.29,99498.67,99481.91
7335.848226432,25588,99487.66,96211.61,99480.42,102477.01,99493.34,99496.25,99498.67,99487.78
7335.868955614,25589,99492.68,96211.61,99489.41,102469.08,99493.34,99485.13,99504.77,99488.82
7335.889915936,25590,99492.68,96219.6,99473.5,102484.94,99494.39,99482.21,99504.77,99486.91
7335.909287705,25591,99489.78,96216.63,99486.46,102478.1,99485.38,99511.1,99491.75,99490.88
7335.932054809,25592,99489.78,96217.65,99480.42,102478.1,99494.39,99495.43,99495.74,99481.91
7335.950194495,25593,99491.61,96219.6,99489.41,102474.13,99489.36,99488.29,99502.65,99486.91
7335.970670213,25594,99482.64,96219.6,99488.38,102484.94,99485.38,99496.25,99502.65,99479.85
7335.991358153,25595,99484.76,96222.58,99489.41,102485.62,99500.25,99493.32,99502.65,99480.88
7336.015504654,25596,99501.65,96215.61,99481.45,102480.97,99493.34,99485.37,99503.71,99488.82
7336.037085765,25597,99487.66,96211.61,99488.38,102479.88,99493.34,99488.29,99500.79,99482.95
7336.056528611,25598,99487.66,96218.58,99500.31,102478.1,99493.34,99493.32,99494.68,99494.85
7336.078203333,25599,99491.61,96215.61,99486.32,102486.03,99492.29,99497.3,99500.53,99490.88
7336.097584957,25600,99483.7,96212.63,99491.32,102484.94,99489.15,99489.35,99498.67,99499.85
7336.118168249,25601,99479.45,96223.6,99492.35,102477.01,99493.34,99489.35,99494.68,99480.88
7336.139072035,25602,99491.61,96223.6,99480.42,102486.03,99488.31,99490.4,99510.63,99492.78
7336.162588192,25603,99480.81,96222.58,99484.4,102486.03,99492.29,99500.22,99500.53,99485.88
7336.183457136,25604,99491.61,96223.6,99481.45,102486.03,99484.33,99505.25,99494.68,99484.85
7336.204134629,25605,99488.72,96219.6,99493.38,102471.95,99494.18,99493.32,99502.65,99486.91
7336.22473739,25606,99496.63,96211.61,99480.42,102482.06,99494.39,99488.29,99506.64,99486.91
7336.246334195,25607,99492.68,96222.58,99488.38,102474.13,99500.25,99491.21,99492.56,99486.91
7336.265593504,25608,99487.66,96227.6,99481.45,102478.1,99492.29,99504.2,99499.47,99498.81
7336.286262935,25609,99491.61,96225.65,99497.36,102484.94,99502.35,99493.32,99497.61,99497.78
7336.306667727,25610,99482.64,96227.6,99491.32,102484.94,99492.29,99489.35,99494.68,99492.78
7336.327273212,25611,99491.61,96215.61,99492.35,102486.03,99497.32,99490.16,99502.65,99485.88
7336.351621217,25612,99483.7,96223.6,99484.4,102483.84,99497.32,99502.09,99498.67,99485.88
7336.373248247,25613,99499.53,96221.55,99489.41,102484.94,99488.31,99489.35,99490.69,99488.82
7336.39210015,25614,99499.53,96223.6,99501.34,102473.04,99501.3,99491.21,99499.73,99484.85
7336.413258842,25615,99491.61,96223.6,99491.32,102492.87,99492.29,99488.29,99498.67,99480.88
7336.433167452,25616,99491.61,96216.63,99480.42,102486.03,99493.34,99496.25,99500.79,99490.72
7336.45510369,25617,99505.32,96217.56,99491.32,102499.7,99501.3,99506.31,99500.53,99490.88
7336.47466122,25618,99488.72,96215.61,99486.46,102500.8,99487.48,99489.35,99509.57,99491.91
7336.495278013,25619,99489.78,96215.61,99489.41,102500.8,99493.34,99501.28,99494.68,99499.85
7336.519077328,25620,99484.76,96219.6,99489.41,102493.96,99501.3,99495.19,99503.71,99489.85
7336.539598065,25621,99505.61,96223.6,99488.38,102493.96,99491.25,99491.21,99502.65,99498.81
7336.560093854,25622,99492.68,96223.6,99489.41,102475.91,99482.24,99492.27,99504.52,99493.82
7336.582299529,25623,99491.61,96211.61,99490.29,102489.99,99498.16,99486.18,99497.61,99494.68
7336.601424405,25624,99498.47,96215.61,99496.33,102500.8,99502.35,99483.26,99505.58,99484.85
7336.622549946,25625,99495.57,96217.56,99483.37,102484.94,99487.27,99503.14,99502.65,99497.78
7336.642285485,25626,99495.57,96215.61,99489.41,102484.94,99493.34,99497.3,99497.61,99497.78
7336.663385298,25627,99487.66,96221.55,99478.36,102484.94,99490.2,99497.3,99506.64,99493.82
7336.687110081,25628,99486.6,96229.55,99492.35,102491.77,99492.29,99502.09,99501.59,99496.75
7336.707507942,25629,99495.57,96219.6,99488.38,102497.92,99493.34,99503.14,99502.65,99490.88
7336.728333039,25630,99492.68,96225.55,99486.32,102486.03,99496.27,99486.18,99494.68,99488.82
7336.748593772,25631,99483.7,96219.6,99487.35,102475.91,99484.33,99490.4,99509.57,99489.85
7336.769373331,25632,99490.55,96215.61,99489.41,102488.9,99496.27,99485.13,99506.64,99486.91
7336.790212029,25633,99490.55,96215.61,99483.37,102484.94,99490.41,99506.07,99501.59,99488.82
7336.810237807,25634,99490.55,96215.61,99483.37,102486.03,99487.27,99492.27,99498.67,99496.75
7336.83126508,25635,99489.49,96217.56,99486.32,102486.03,99500.25,99504.2,99501.59,99494.85
7336.855131166,25636,99499.53,96210.59,99478.36,102501.89,99493.34,99507.12,99494.68,99488.82
7336.875832797,25637,99499.53,96223.6,99488.38,102491.77,99495.44,99492.27,99502.65,99486.75
7336.896120681,25638,99482.64,96222.58,99489.41,102494.65,99497.32,99496.25,99506.64,99490.72
7336.916651964,25639,99499.53,96223.6,99487.35,102494.65,99493.34,99501.04,99506.64,99489.85
7336.9384882,25640,99487.66,96229.55,99483.37,102484.94,99497.32,99485.13,99497.61,99490.88
7336.958712258,25641,99491.61,96225.55,99484.4,102498.61,99486.43,99496.25,99505.58,99493.82
7336.978361758,25642,99495.57,96222.58,99486.32,102491.77,99483.29,99502.09,99508.51,99490.88
7337.002510241,25643,99493.45,96224.62,99483.37,102490.68,99482.24,99497.06,99492.56,99488.82
7337.023101275,25644,99491.61,96223.6,99498.25,102491.77,99491.25,99490.16,99502.65,99490.88
7337.043538124,25645,99491.61,96223.6,99484.4,102481.66,99488.31,99494.14,99496.55,99495.72
7337.065121238,25646,99495.57,96223.6,99487.35,102493.55,99495.22,99485.37,99501.59,99489.85
7337.084602152,25647,99495.57,96215.61,99488.38,102499.7,99493.34,99509.23,99501.59,99496.75
7337.107909343,25648,99498.47,96215.61,99492.35,102484.94,99492.29,99495.19,99497.61,99490.88
7337.12577233,25649,99499.53,96222.58,99488.38,102491.77,99499.2,99497.06,99485.65,99488.82
7337.148286602,25650,99490.55,96218.58,99487.35,102493.96,99493.34,99492.27,99501.59,99497.78
7337.170484165,25651,99491.61,96227.6,99487.35,102500.8,99499.2,99493.32,99494.68,99490.88
7337.191131253,25652,99492.68,96221.55,99486.32,102492.87,99487.27,99509.23,99502.65,99495.72
7337.212354653,25653,99499.53,96221.55,99490.29,102484.94,99498.16,99493.08,99496.55,99491.75
7337.232268001,25654,99483.7,96227.6,99489.41,102483.84,99495.22,99489.1,99500.53,99492.78
7337.253272119,25655,99487.66,96226.57,99480.42,102483.84,99492.29,99498.11,99495.74,99501.75
7337.273199018,25656,99491.61,96222.58,99480.42,102503.67,99501.3,99500.22,99497.61,99483.82
7337.294283948,25657,99495.57,96223.6,99488.38,102500.8,99484.33,99503.14,99494.68,99480.88
7337.315177899,25658,99497.4,96221.55,99491.32,102493.55,99482.24,99502.09,99496.55,99502.78
7337.338570229,25659,99499.53,96221.55,99487.35,102495.74,99499.2,99481.15,99498.67,99496.75
7337.359101001,25660,99483.7,96219.6,99497.36,102507.64,99483.29,99491.21,99505.58,99487.78
7337.379562779,25661,99485.53,96223.6,99488.38,102493.55,99499.2,99493.08,99500.53,99491.75
7337.400174323,25662,99490.55,96231.6,99494.42,102492.87,99491.25,99504.2,99497.61,99491.75
7337.420670012,25663,99485.53,96211.61,99493.38,102486.03,99502.35,99489.1,99501.59,99497.78
7337.441444152,25664,99486.6,96215.61,99487.35,102490.68,99492.29,99501.28,99502.65,99495.72
7337.461697424,25665,99493.45,96217.56,99490.29,102498.61,99499.2,99491.21,99504.52,99498.81
7337.482342509,25666,99481.58,96213.56,99488.38,102483.84,99484.33,99511.1,99497.61,99487.78
7337.506472064,25667,99483.7,96223.6,99487.35,102499.7,99492.29,99505.01,99493.62,99488.82
7337.527090799,25668,99499.53,96226.57,99483.37,102499.7,99493.34,99495.19,99502.65,99496.75
7337.547543533,25669,99498.47,96217.56,99496.33,102499.7,99492.29,99486.18,99499.47,99490.72
7337.568179003,25670,99489.49,96223.6,99480.42,102497.52,99492.29,99487.24,99494.68,99497.78
7337.588776556,25671,99494.51,96218.58,99481.45,102491.77,99490.2,99499.17,99501.59,99494.85
7337.609294479,25672,99497.4,96226.57,99483.37,102499.7,99492.29,99503.14,99501.59,99496.75
7337.631374654,25673,99489.49,96235.59,99482.34,102483.84,99498.16,99496.25,99500.53,99486.75
7337.651225518,25674,99482.64,96213.56,99496.33,102497.52,99483.29,99501.04,99502.4,99496.75
7337.674094066,25675,99481.58,96216.63,99494.27,102494.65,99500.25,99505.25,99497.61,99489.85
7337.695095299,25676,99490.55,96222.58,99481.31,102482.75,99482.24,99508.99,99497.61,99492.78
7337.715157773,25677,99483.7,96217.56,99483.37,102490.68,99495.22,99497.3,99498.67,99488.82
7337.736186077,25678,99485.53,96213.56,99492.35,102483.84,99484.33,99496.25,99500.53,99497.78
7337.756372649,25679,99486.6,96220.53,99486.32,102500.8,99486.22,99499.17,99500.53,99497.78
7337.777235122,25680,99482.64,96222.58,99495.3,102499.7,99487.27,99499.17,99496.55,99482.78
7337.797697882,25681,99491.61,96223.6,99487.35,102499.7,99489.36,99490.16,99506.64,99490.72
7337.818304438,25682,99480.51,96222.58,99480.42,102495.74,99491.25,99502.09,99508.51,99494.68
7337.843066189,25683,99489.49,96222.58,99484.4,102500.8,99495.22,99505.01,99497.61,99496.75
7337.862556057,25684,99490.55,96221.55,99488.38,102500.8,99492.29,99486.18,99499.47,99488.82
7337.88395375,25685,99492.68,96223.6,99491.32,102482.75,99498.16,99495.19,99502.65,99494.68
7337.90524334,25686,99487.66,96223.6,99490.29,102503.67,99490.2,99496.25,99497.61,99492.78
7337.924267093,25687,99485.53,96222.58,99490.29,102490.68,99491.25,99502.09,99516.48,99488.82
7337.946145914,25688,99498.47,96226.57,99487.35,102492.87,99491.25,99512.15,99510.63,99490.72
7337.965270398,25689,99494.51,96223.6,99484.4,102491.77,99492.29,99493.08,99496.55,99487.78
7337.986235417,25690,99498.47,96226.57,99492.35,102500.8,99487.27,99490.16,99493.62,99496.75
7338.010133132,25691,99498.47,96224.62,99488.38,102483.84,99487.27,99493.08,99500.53,99496.75
7338.030563532,25692,99486.6,96231.6,99494.27,102497.52,99493.13,99493.08,99501.59,99492.78
7338.051231892,25693,99503.49,96227.6,99482.34,102503.67,99500.25,99504.2,99500.53,99496.75
7338.071669413,25694,99485.53,96223.6,99487.35,102499.7,99492.29,99506.31,99509.57,99484.69
7338.092268368,25695,99487.66,96227.6,99491.32,102497.52,99490.2,99503.96,99498.67,99496.75
7338.112692379,25696,99480.51,96231.6,99478.36,102475.91,99491.25,99508.18,99492.56,99495.72
7338.133342761,25697,99491.61,96214.58,99495.3,102498.61,99490.2,99497.06,99501.59,99501.75
7338.154330284,25698,99503.19,96221.55,99503.26,102484.94,99501.3,99510.04,99496.55,99496.75
7338.178095859,25699,99489.49,96219.6,99483.37,102498.61,99487.27,99503.14,99490.44,99492.78
7338.19854002,25700,99498.47,96231.6,99486.32,102495.74,99498.16,99492.27,99499.47,99498.81
7338.219211635,25701,99491.61,96227.6,99487.35,102492.87,99489.15,99489.1,99500.53,99497.78
7338.239657178,25702,99489.49,96227.6,99482.34,102494.65,99491.25,99494.14,99513.55,99484.85
7338.260210224,25703,99491.61,96226.57,99486.32,102501.49,99487.27,99497.3,99506.39,99486.75
7338.280705372,25704,99490.55,96226.57,99496.33,102497.52,99494.18,99486.18,99498.67,99496.75
7338.302161804,25705,99487.66,96214.58,99494.27,102498.61,99489.15,99498.11,99498.41,99500.72
7338.325497318,25706,99491.61,96223.6,99486.32,102497.52,99487.05,99491.21,99491.5,99487.78
7338.346103814,25707,99482.64,96229.55,99482.34,102491.77,99487.27,99501.04,99505.58,99496.75
7338.366589037,25708,99483.7,96221.55,99490.29,102498.61,99491.25,99501.04,99499.47,99486.75
7338.387287453,25709,99481.58,96229.55,99482.34,102492.87,99492.29,99506.07,99493.37,99495.72
7338.407878596,25710,99498.47,96235.59,99495.3,102499.7,99496.27,99496.0,99502.4,99478.82
7338.428241244,25711,99489.49,96229.55,99490.29,102499.7,99492.29,99498.11,99500.53,99498.65
7338.44878829,25712,99489.49,96222.58,99491.32,102495.74,99489.15,99510.04,99507.45,99498.65
7338.469473065,25713,99497.4,96226.57,99496.33,102482.75,99487.27,99502.09,99498.41,99488.82
7338.493527357,25714,99483.7,96225.55,99494.27,102499.7,99497.11,99507.12,99499.47,99495.72
7338.514139662,25715,99487.37,96229.55,99486.32,102490.68,99481.19,99511.1,99499.47,99490.72
7338.535122958,25716,99476.56,96231.6,99494.27,102493.55,99491.25,99506.07,99504.52,99486.75
7338.555305193,25717,99499.53,96235.59,99486.32,102497.52,99490.2,99501.04,99498.41,99487.78
7338.576053855,25718,99487.37,96225.55,99488.23,102497.52,99497.11,99488.29,99496.55,99488.82
7338.596627842,25719,99501.36,96226.57,99486.32,102498.61,99495.22,99488.29,99499.47,99492.78
7338.61669954,25720,99481.58,96229.55,99494.27,102499.7,99498.16,99501.28,99505.33,99491.75
7338.637298765,25721,99493.45,96231.6,99486.32,102498.61,99495.44,99493.08,99504.52,99487.78
7338.661510104,25722,99486.6,96227.6,99486.32,102505.45,99488.31,99493.08,99502.4,99479.85
7338.682140547,25723,99491.61,96232.62,99495.3,102499.7,99493.13,99503.14,99492.56,99493.65
7338.7037959,25724,99481.58,96238.57,99494.27,102498.61,99494.18,99493.08,99502.4,99491.75
7338.723351166,25725,99499.53,96239.59,99486.32,102490.68,99484.33,99497.06,99503.46,99482.78
7338.743845323,25726,99489.49,96218.58,99490.29,102497.52,99490.2,99485.13,99504.52,99494.68
7338.764488755,25727,99489.49,96227.6,99484.25,102497.52,99490.2,99495.19,99490.44,99486.75
7338.785797464,25728,99490.55,96227.6,99494.27,102489.59,99498.16,99502.09,99491.5,99486.75
7338.805490228,25729,99484.47,96230.57,99494.27,102499.3,99495.01,99493.08,99505.58,99490.72
7338.830022072,25730,99485.53,96225.55,99478.36,102497.52,99495.22,99501.04,99502.4,99486.75
7338.851052159,25731,99482.64,96222.58,99490.29,102495.74,99495.22,99501.85,99492.56,99493.65
7338.870574195,25732,99501.36,96227.6,99489.26,102497.52,99489.15,99501.04,99503.46,99496.75
7338.891295646,25733,99485.53,96222.58,99488.23,102505.45,99496.06,99498.11,99499.47,99488.82
7338.911662169,25734,99493.45,96239.59,99488.23,102501.49,99497.11,99485.13,99502.4,99495.72
7338.932253593,25735,99497.4,96239.59,99486.32,102497.52,99490.2,99493.08,99499.47,99491.75
7338.954183501,25736,99479.45,96226.57,99490.29,102489.59,99498.16,99491.21,99494.43,99494.68
7338.973441067,25737,99489.49,96222.58,99490.29,102501.49,99497.11,99503.96,99504.52,99499.68
7338.997130487,25738,99488.43,96227.6,99485.29,102506.54,99498.16,99498.11,99500.53,99478.82
7339.018132522,25739,99488.43,96231.6,99483.37,102496.43,99490.2,99485.13,99498.41,99487.78
7339.038169988,25740,99481.58,96227.6,99477.33,102497.52,99489.15,99501.04,99486.45,99490.72
7339.060136952,25741,99499.53,96243.59,99482.34,102497.52,99497.11,99501.04,99494.43,99494.68
7339.079733701,25742,99497.4,96221.55,99491.32,102495.34,99497.11,99485.13,99499.47,99487.78
7339.100270422,25743,99497.4,96230.57,99484.25,102503.67,99485.17,99499.98,99497.35,99479.85
7339.120791219,25744,99497.4,96226.57,99494.27,102493.55,99490.2,99491.21,99508.51,99490.72
7339.141348671,25745,99495.28,96213.56,99485.29,102497.52,99507.16,99500.22,99507.45,99493.65
7339.165807745,25746,99479.45,96229.55,99488.23,102505.45,99490.2,99489.1,99497.35,99491.75
7339.186053856,25747,99491.61,96224.53,99493.24,102499.7,99489.15,99485.13,99494.43,99492.78
7339.207113378,25748,99498.47,96235.59,99486.32,102501.49,99485.17,99504.2,99506.39,99490.72
7339.22722752,25749,99489.49,96233.54,99478.36,102505.45,99494.18,99493.08,99506.39,99486.75
7339.247607784,25750,99489.49,96235.59,99494.27,102497.52,99502.14,99489.1,99498.41,99496.75
7339.268277096,25751,99498.47,96230.57,99492.21,102499.3,99481.19,99497.06,99502.4,99484.69
7339.288429696,25752,99501.36,96227.6,99482.34,102505.45,99491.25,99496.25,99502.4,99490.72
7339.309330798,25753,99497.4,96238.57,99486.32,102502.58,99507.16,99489.1,99498.41,99482.78
7339.333141511,25754,99497.4,96230.57,99487.35,102501.49,99489.15,99502.09,99500.53,99495.72
7339.353579362,25755,99489.49,96226.57,99493.24,102513.38,99493.13,99488.05,99507.45,99485.72
7339.374267792,25756,99491.61,96229.55,99490.29,102496.43,99490.2,99505.01,99502.4,99494.68
7339.395147492,25757,99497.4,96221.55,99494.27,102513.38,99489.15,99496.0,99496.55,99487.78
7339.416457322,25758,99495.57,96242.56,99487.35,102503.67,99488.1,99499.98,99498.41,99492.62
7339.437161066,25759,99497.4,96225.55,99489.26,102494.24,99487.27,99494.95,99501.59,99497.62
7339.456314956,25760,99497.4,96235.59,99489.26,102496.43,99501.09,99493.08,99498.41,99487.78
7339.480532654,25761,99485.53,96231.6,99486.32,102505.45,99489.15,99493.08,99495.49,99494.68
7339.501148044,25762,99489.49,96229.55,99493.24,102494.24,99498.16,99492.03,99504.52,99494.68
7339.521591804,25763,99481.58,96234.57,99481.31,102513.38,99488.1,99498.93,99490.44,99482.78
7339.543175559,25764,99488.43,96231.6,99481.31,102503.27,99489.15,99492.03,99500.53,99495.72
7339.564291736,25765,99497.4,96229.55,99477.33,102500.39,99488.31,99498.93,99496.55,99492.62
7339.583227766,25766,99489.49,96225.55,99498.25,102504.36,99494.18,99502.09,99499.47,99493.65
7339.604027305,25767,99489.49,96229.55,99480.28,102496.43,99493.13,99501.04,99501.59,99490.72
7339.6244278,25768,99489.49,96221.55,99482.34,102505.45,99489.15,99492.03,99508.51,99478.82
7339.648532237,25769,99487.37,96227.5,99488.23,102505.45,99496.06,99490.97,99500.53,99481.75
7339.66915644,25770,99497.4,96223.6,99488.23,102500.39,99489.15,99503.96,99506.39,99495.72
7339.689914396,25771,99499.53,96241.54,99486.32,102502.58,99489.15,99496.0,99504.52,99493.65
7339.710320079,25772,99487.66,96231.5,99494.27,102505.45,99489.15,99503.96,99507.45,99492.62
7339.730862748,25773,99497.4,96233.54,99489.26,102512.29,99485.17,99499.17,99514.36,99486.75
7339.751276223,25774,99489.49,96229.55,99490.29,102505.45,99489.15,99499.98,99500.53,99498.65
7339.771756288,25775,99491.61,96221.55,99490.29,102503.27,99481.19,99493.08,99499.47,99476.75
7339.792369134,25776,99495.57,96234.57,99495.3,102504.36,99484.12,99501.04,99498.41,99477.78
7339.816577599,25777,99501.36,96234.57,99486.32,102501.49,99481.19,99490.97,99497.35,99495.72
7339.837135712,25778,99490.55,96245.54,99477.33,102505.45,99497.11,99496.0,99501.59,99490.72
7339.857606323,25779,99489.49,96230.57,99494.27,102505.45,99473.23,99493.08,99508.51,99484.69
7339.878314303,25780,99489.49,96225.55,99486.32,102505.45,99480.14,99485.13,99490.44,99492.62
7339.898707948,25781,99498.47,96227.6,99493.24,102502.17,99498.16,99498.93,99500.53,99492.62
7339.919261795,25782,99491.61,96230.57,99492.21,102501.08,99495.01,99510.04,99505.33,99494.68
7339.939791956,25783,99498.47,96229.55,99485.29,102504.36,99491.03,99488.05,99506.39,99495.72
7339.96068147,25784,99483.41,96227.6,99480.28,102505.45,99495.01,99489.1,99505.33,99495.72
7339.984563902,25785,99493.45,96234.57,99486.32,102504.36,99493.13,99498.93,99502.4,99493.65
7340.005228766,25786,99485.53,96234.57,99482.34,102495.34,99485.17,99497.87,99492.56,99490.72
7340.0256018,25787,99490.55,96232.52,99482.34,102505.45,99497.11,99503.14,99493.37,99487.62
7340.046310852,25788,99480.51,96239.59,99484.25,102508.32,99499.2,99496.0,99506.39,99489.68
7340.06671388,25789,99481.58,96242.56,99482.34,102493.15,99497.11,99492.03,99503.46,99486.75
7340.087252484,25790,99490.55,96222.58,99493.24,102504.36,99493.13,99493.08,99498.41,99486.75
7340.107810748,25791,99501.36,96225.55,99484.25,102493.55,99486.22,99501.04,99503.46,99484.69
7340.128340098,25792,99487.37,96231.6,99494.27,102510.1,99489.15,99489.1,99500.53,99494.68
7340.152545217,25793,99489.49,96230.57,99489.26,102493.15,99497.11,99497.06,99500.53,99488.65
7340.174181771,25794,99496.34,96223.5,99489.26,102505.45,99491.25,99499.98,99494.43,99475.72
7340.193628554,25795,99497.4,96233.54,99477.33,102503.27,99491.03,99494.95,99501.34,99486.75
7340.214264094,25796,99489.49,96221.55,99486.32,102485.22,99489.15,99505.01,99508.51,99486.75
7340.234715356,25797,99481.58,96241.54,99489.26,102501.08,99492.08,99489.1,99498.41,99494.68
7340.255279068,25798,99495.28,96239.59,99485.29,102510.1,99493.13,99501.04,99498.41,99492.62
7340.275777701,25799,99498.47,96229.55,99486.32,102513.38,99495.01,99494.95,99497.35,99500.72
7340.2963727,25800,99493.45,96241.54,99492.21,102504.36,99488.1,99490.97,99498.41,99505.55
7340.320130313,25801,99497.4,96225.55,99490.29,102499.3,99497.11,99496.0,99502.4,99486.75
7340.342459845,25802,99488.43,96245.54,99482.34,102503.27,99490.2,99503.96,99498.41,99494.68
7340.361338378,25803,99495.28,96235.49,99484.25,102513.38,99496.06,99493.08,99490.44,99492.62
7340.382455697,25804,99493.45,96225.55,99485.29,102502.17,99493.13,99484.07,99508.51,99491.75
7340.405646973,25805,99489.49,96241.54,99490.29,102505.45,99497.11,99505.01,99498.41,99492.62
7340.424328418,25806,99486.6,96241.54,99494.27,102504.36,99482.24,99507.93,99502.4,99490.72
7340.44378783,25807,99484.47,96225.55,99481.31,102508.32,99497.11,99501.04,99510.37,99501.58
7340.464540488,25808,99497.4,96247.58,99491.32,102500.39,99497.11,99487.0,99507.45,99490.55
7340.488145409,25809,99495.28,96245.54,99494.27,102502.17,99487.05,99496.0,99498.41,99484.69
7340.508636331,25810,99489.49,96237.54,99485.29,102512.29,99497.11,99492.03,99501.34,99492.62
7340.530605448,25811,99496.34,96231.5,99492.21,102512.29,99492.08,99498.93,99500.53,99490.72
7340.550727001,25812,99487.37,96229.55,99481.31,102503.27,99485.17,99485.13,99504.52,99484.69
7340.570400537,25813,99492.38,96235.49,99485.29,102503.27,99493.13,99499.98,99499.47,99484.69
7340.591478316,25814,99493.45,96230.57,99484.25,102513.38,99488.1,99496.0,99507.45,99488.65
7340.611414609,25815,99501.36,96233.54,99482.34,102518.03,99501.09,99503.96,99499.47,99491.59
7340.63308835,25816,99488.43,96229.55,99488.23,102509.01,99487.05,99505.01,99490.44,99492.62
7340.656166895,25817,99483.41,96234.57,99488.23,102504.36,99481.19,99497.06,99510.37,99491.59
7340.676616725,25818,99479.45,96221.55,99480.28,102512.29,99495.01,99490.16,99500.53,99493.65
7340.697269241,25819,99489.49,96235.59,99490.29,102510.1,99489.15,99505.01,99504.27,99485.72
7340.717757148,25820,99499.24,96228.52,99492.21,102498.21,99497.11,99488.05,99497.35,99498.65
7340.738305667,25821,99481.58,96224.53,99492.21,102499.3,99497.11,99485.13,99499.47,99496.59
7340.758830209,25822,99496.34,96246.56,99483.22,102494.24,99489.15,99487.0,99498.41,99484.69
7340.779411858,25823,99493.45,96243.59,99490.29,102504.36,99480.14,99483.02,99502.4,99494.68
7340.803558229,25824,99489.49,96245.54,99490.29,102509.01,99489.15,99501.04,99500.28,99493.65
7340.824155401,25825,99487.37,96246.56,99489.26,102504.36,99492.08,99503.96,99494.43,99484.69
7340.844605501,25826,99496.34,96229.55,99494.27,102509.01,99488.1,99492.03,99505.33,99488.65
7340.865300171,25827,99481.58,96237.54,99481.31,102512.29,99499.2,99492.03,99501.34,99497.62
7340.885766856,25828,99486.6,96235.49,99494.27,102512.29,99487.05,99494.95,99495.49,99493.65
7340.906254192,25829,99483.41,96233.54,99494.27,102510.51,99479.09,99492.03,99498.41,99477.78
7340.927098529,25830,99498.47,96245.54,99494.27,102512.29,99488.1,99499.98,99506.39,99484.69
7340.947474387,25831,99497.4,96233.54,99484.25,102511.2,99495.01,99496.0,99505.33,99488.65
7340.972357041,25832,99489.49,96229.55,99484.25,102501.08,99488.1,99499.98,99502.4,99494.68
7340.992186031,25833,99495.28,96249.53,99488.23,102505.45,99487.05,99508.99,99501.34,99488.65
7341.012637143,25834,99493.45,96234.57,99489.26,102506.82,99488.1,99501.04,99499.47,99488.65
7341.033278151,25835,99484.47,96247.48,99489.26,102512.29,99491.03,99498.93,99499.47,99490.55
7341.053837987,25836,99487.37,96247.58,99501.2,102505.05,99495.01,99488.05,99498.41,99492.62
7341.074311843,25837,99488.43,96241.54,99485.29,102499.3,99492.08,99494.95,99505.33,99484.69
7341.094987494,25838,99490.26,96234.57,99485.29,102509.01,99491.03,99501.04,99497.35,99488.65
7341.116055429,25839,99493.45,96241.54,99486.32,102501.08,99491.03,99485.94,99501.34,99496.59
7341.139551736,25840,99495.28,96245.54,99491.32,102511.2,99489.15,99487.0,99502.4,99489.68
7341.160204883,25841,99484.47,96237.54,99496.19,102510.1,99490.2,99502.9,99498.41,99492.62
7341.1806464,25842,99495.28,96227.5,99493.24,102500.39,99488.1,99487.0,99501.34,99501.58
7341.201429153,25843,99485.24,96241.54,99488.23,102510.1,99479.09,99490.97,99498.41,99491.59
7341.22177136,25844,99488.43,96239.49,99478.36,102493.15,99487.05,99498.93,99504.27,99491.59
7341.242355042,25845,99487.37,96245.54,99485.29,102501.08,99488.1,99498.93,99501.34,99484.69
7341.262956741,25846,99496.34,96245.54,99484.25,102511.2,99501.09,99503.96,99504.27,99492.62
7341.283452871,25847,99487.37,96234.57,99492.21,102502.17,99489.15,99487.0,99502.4,99482.62
7341.307577288,25848,99495.28,96236.52,99484.25,102510.1,99485.17,99489.92,99505.33,99488.65
7341.328275774,25849,99488.43,96243.49,99493.24,102502.17,99487.05,99505.01,99501.34,99486.59
7341.349162374,25850,99489.49,96245.54,99500.16,102505.05,99487.05,99491.21,99498.41,99495.55
7341.369315815,25851,99491.32,96251.58,99481.31,102499.3,99483.07,99497.06,99496.29,99489.68
7341.390144829,25852,99483.41,96237.54,99484.25,102501.08,99497.11,99503.96,99505.33,99492.62
7341.412142579,25853,99487.37,96245.54,99492.21,102508.32,99489.15,99497.87,99506.39,99501.58
7341.430930315,25854,99499.24,96242.56,99486.32,102505.05,99493.97,99507.93,99501.34,99492.62
7341.451376289,25855,99487.37,96245.54,99502.23,102512.29,99492.08,99498.93,99500.28,99492.62
7341.475608048,25856,99503.19,96241.54,99478.36,102512.29,99490.2,99498.93,99504.27,99482.62
7341.496196998,25857,99494.22,96237.54,99489.26,102501.08,99487.05,99501.04,99496.29,99480.72
7341.516690284,25858,99488.43,96253.53,99485.29,102509.01,99487.05,99505.01,99496.29,99491.59
7341.5372968,25859,99487.37,96237.54,99494.27,102510.1,99497.11,99485.13,99497.35,99480.72
7341.558068417,25860,99489.49,96249.53,99485.29,102510.79,99483.07,99502.9,99499.22,99477.78
7341.578305134,25861,99495.28,96237.54,99492.21,102512.98,99484.12,99490.16,99498.16,99491.59
7341.599273998,25862,99494.22,96241.54,99492.21,102512.98,99491.03,99502.9,99497.35,99492.62
7341.619839703,25863,99496.34,96245.54,99493.24,102512.98,99492.92,99487.0,99497.35,99485.55
7341.643165552,25864,99495.28,96241.54,99500.16,102520.9,99488.1,99492.03,99492.31,99483.65
7341.664460951,25865,99487.37,96240.51,99496.19,102505.05,99488.1,99499.98,99499.22,99498.49
7341.684281128,25866,99495.28,96244.51,99476.3,102505.05,99489.15,99483.02,99497.35,99491.59
7341.705379929,25867,99493.45,96241.54,99488.23,102510.1,99495.01,99490.97,99495.23,99492.62
7341.725734905,25868,99487.37,96243.49,99486.32,102515.85,99484.12,99497.06,99500.28,99488.65
7341.74671025,25869,99496.34,96241.54,99492.21,102501.08,99492.08,99498.93,99500.28,99492.62
7341.766883651,25870,99489.49,96242.56,99485.29,102505.05,99493.97,99502.9,99506.13,99491.59
7341.788237759,25871,99496.34,96244.51,99490.29,102509.01,99489.99,99499.98,99504.27,99499.52
7341.81119485,25872,99495.28,96237.54,99491.18,102501.08,99498.16,99485.94,99514.36,99486.59
7341.831620343,25873,99495.28,96246.46,99495.16,102509.01,99486.01,99485.94,99496.29,99492.62
7341.853847451,25874,99495.28,96227.5,99492.21,102505.05,99484.12,99493.89,99496.29,99484.69
7341.874036887,25875,99489.2,96239.49,99494.27,102499.99,99485.17,99505.01,99503.21,99484.69
7341.894567688,25876,99495.28,96241.54,99490.15,102515.16,99495.01,99489.1,99504.27,99491.59
7341.914316238,25877,99484.47,96241.54,99496.19,102501.49,99487.05,99494.95,99495.23,99492.45
7341.935420567,25878,99494.22,96243.49,99488.23,102516.94,99496.06,99498.93,99504.27,99488.65
7341.955705077,25879,99499.24,96245.54,99492.21,102501.08,99488.1,99498.93,99500.28,99488.65
7341.98008455,25880,99494.22,96239.49,99483.22,102509.01,99497.11,99498.93,99498.16,99495.55
7341.999633276,25881,99492.38,96245.54,99489.26,102509.01,99495.01,99501.85,99496.29,99489.52
7342.020299243,25882,99486.3,96237.54,99484.25,102509.01,99497.11,99494.95,99504.27,99482.62
7342.040770154,25883,99489.49,96243.49,99488.23,102496.43,99492.08,99493.08,99502.15,99491.59
7342.062154066,25884,99494.22,96235.49,99494.27,102516.94,99492.08,99497.06,99502.4,99482.62
7342.083108059,25885,99487.37,96245.54,99490.29,102506.82,99483.07,99484.89,99504.27,99490.55
7342.103213447,25886,99481.28,96249.53,99487.2,102505.05,99496.06,99487.0,99500.28,99486.59
7342.127034075,25887,99483.41,96239.49,99487.2,102509.01,99497.11,99489.1,99504.27,99483.65
7342.149069453,25888,99488.43,96228.52,99494.27,102509.01,99502.97,99490.97,99508.25,99490.55
7342.167664817,25889,99487.37,96245.54,99488.23,102505.05,99487.05,99484.07,99504.27,99491.59
7342.188286968,25890,99487.37,96232.52,99485.29,102507.92,99487.05,99498.93,99500.28,99490.55
7342.208848767,25891,99495.28,96239.49,99489.26,102518.03,99491.03,99498.93,99496.29,99485.55
7342.229338366,25892,99486.3,96250.56,99488.23,102524.87,99498.99,99493.08,99504.27,99483.65
7342.251255415,25893,99487.37,96235.49,99486.32,102512.98,99489.15,99494.95,99505.33,99486.59
7342.270553903,25894,99495.28,96241.54,99486.32,102507.92,99498.16,99503.96,99494.17,99490.55
7342.294612811,25895,99485.24,96253.53,99492.21,102509.01,99497.11,99487.0,99497.35,99491.59
7342.315203434,25896,99495.28,96233.54,99488.23,102501.08,99492.92,99484.07,99500.28,99487.62
7342.335662457,25897,99483.41,96245.54,99480.28,102512.98,99487.05,99498.93,99500.28,99492.62
7342.356313391,25898,99495.28,96248.51,99492.21,102505.05,99488.1,99490.97,99494.17,99490.55
7342.378380286,25899,99483.41,96250.56,99493.24,102503.95,99481.19,99507.93,99494.17,99486.59
7342.398612166,25900,99489.49,96239.49,99488.23,102520.9,99497.11,99494.95,99499.22,99494.52
7342.419166434,25901,99493.15,96241.54,99480.28,102520.9,99497.11,99503.96,99496.29,99496.59
7342.438559535,25902,99494.22,96239.49,99488.23,102524.87,99493.13,99498.93,99500.28,99492.62
7342.462592745,25903,99495.28,96237.54,99491.18,102512.98,99489.99,99492.03,99495.23,99488.65
7342.483241816,25904,99489.49,96245.54,99480.28,102516.94,99486.01,99488.86,99502.15,99491.59
7342.503663443,25905,99494.22,96237.54,99492.21,102518.72,99486.01,99487.0,99496.29,99490.55
7342.524305753,25906,99487.37,96235.49,99487.2,102507.92,99491.03,99498.93,99503.21,99486.59
7342.544885119,25907,99487.37,96232.52,99487.2,102512.57,99493.97,99492.84,99496.29,99489.52
7342.565530073,25908,99502.13,96240.51,99476.3,102514.75,99487.05,99490.97,99503.21,99486.59
7342.58614982,25909,99489.49,96223.5,99480.28,102532.8,99495.01,99499.98,99495.23,99490.55
7342.608136925,25910,99486.3,96245.54,99488.23,102502.86,99495.01,99494.95,99500.28,99487.62
7342.630628692,25911,99503.19,96289.5,99476.3,102502.86,99491.03,99489.92,99504.27,99483.65
7342.652602026,25912,99487.37,96266.44,99492.21,102509.01,99495.01,99489.92,99500.28,99490.55
7342.671773873,25913,99495.28,96237.54,99491.18,102502.86,99484.96,99499.98,99502.15,99490.55
7342.692336964,25914,99485.53,96241.54,99492.21,102521.59,99486.01,99497.87,99499.22,99491.59
7342.712862508,25915,99486.3,96237.54,99484.25,102536.76,99495.01,99498.93,99495.23,99494.52
7342.733603077,25916,99478.39,96236.52,99482.19,102511.88,99480.98,99487.0,99504.27,99494.52
7342.755186211,25917,99486.3,96244.51,99475.27,102501.08,99491.03,99485.94,99494.17,99489.68
7342.77459072,25918,99486.3,96232.52,99492.21,102506.82,99491.03,99502.9,99499.22,99491.59
7342.798614214,25919,99487.37,96239.49,99486.32,102516.94,99488.1,99498.93,99495.23,99502.45
7342.81924637,25920,99499.24,96245.54,99486.32,102510.79,99500.04,99498.93,99495.23,99490.55
7342.839706685,25921,99487.37,96245.54,99476.3,102513.66,99486.01,99488.86,99500.28,99490.55
7342.860331559,25922,99487.37,96307.43,99492.21,102546.47,99491.03,99499.98,99494.17,99482.62
7342.880768489,25923,99493.15,96411.35,99490.29,102540.73,99488.94,99488.86,99502.15,99486.59
7342.901346082,25924,99487.37,96312.46,99490.15,102555.5,99493.97,99483.02,99502.15,99494.52
7342.923237392,25925,99491.32,96397.41,99488.23,102538.54,99486.01,99483.02,99496.29,99492.62
7342.942489029,25926,99493.45,96327.42,99488.23,102548.66,99493.97,99497.87,99502.15,99474.69
7342.966215304,25927,99479.45,96357.44,99490.15,102537.45,99495.01,99488.86,99503.21,99484.52
7342.987266464,25928,99489.49,96337.46,99482.19,102524.87,99484.96,99500.79,99490.19,99491.59
7343.007256478,25929,99501.07,96349.45,99484.25,102538.54,99492.92,99487.0,99498.16,99478.65
7343.028440327,25930,99507.15,96335.41,99491.18,102540.73,99478.05,99497.87,99500.28,99491.59
7343.049202429,25931,99495.28,96340.43,99486.17,102543.6,99477.0,99483.02,99502.15,99478.65
7343.070242732,25932,99493.15,96351.4,99484.25,102542.51,99493.97,99498.93,99499.22,99489.52
7343.090676758,25933,99495.28,96347.4,99490.15,102538.54,99479.09,99501.85,99500.28,99490.55
7343.110483965,25934,99487.37,96382.45,99496.19,102547.85,99495.01,99502.9,99496.29,99492.45
7343.134206344,25935,99494.22,96587.21,99492.21,102615.25,99496.06,99490.97,99510.12,99490.55
7343.154711197,25936,99487.37,96669.21,99484.25,102621.4,99488.94,99488.86,99503.21,99499.52
7343.175340538,25937,99495.28,96621.24,99492.21,102613.47,99495.01,99502.9,99502.15,99488.65
7343.197178818,25938,99491.32,96637.23,99487.2,102611.28,99482.03,99501.04,99498.16,99482.62
7343.216428172,25939,99487.37,96617.24,99488.23,102606.22,99487.05,99488.86,99498.16,99480.56
7343.238195123,25940,99499.24,96615.19,99487.2,102611.28,99487.05,99497.87,99498.16,99488.49
7343.257526561,25941,99487.37,96621.24,99482.34,102595.42,99486.01,99502.9,99498.16,99480.56
7343.281604939,25942,99491.32,96621.24,99475.27,102603.35,99495.01,99502.9,99499.22,99488.49
7343.302251126,25943,99495.28,96612.22,99484.25,102611.28,99489.99,99490.97,99499.22,99489.52
7343.322694936,25944,99494.22,96625.24,99491.18,102606.22,99483.07,99498.93,99502.15,99486.59
7343.344072429,25945,99494.22,96630.26,99492.21,102608.41,99488.94,99489.92,99502.15,99480.56
7343.363755769,25946,99494.22,96604.23,99490.15,102605.54,99484.96,99485.94,99503.21,99495.55
7343.384511501,25947,99493.15,96709.18,99495.16,102611.28,99493.97,99498.93,99502.15,99499.52
7343.40483514,25948,99495.28,97094.85,99482.19,102759.07,99484.96,99502.9,99503.21,99494.52
7343.425522208,25949,99491.32,97172.86,99479.25,102761.94,99484.96,99496.82,99506.13,99492.62
7343.449620046,25950,99495.28,97130.82,99492.21,102741.02,99492.92,99493.89,99503.21,99480.56
7343.47029121,25951,99482.35,97139.85,99495.16,102752.92,99492.92,99497.87,99498.16,99490.55
7343.490685255,25952,99494.22,97130.82,99490.15,102742.8,99493.13,99490.97,99500.28,99496.59
7343.511908434,25953,99486.3,97127.86,99483.22,102746.08,99492.92,99506.88,99507.19,99490.55
7343.532698559,25954,99487.37,97124.89,99487.2,102743.63,99492.92,99500.79,99506.13,99489.52
7343.552457433,25955,99499.24,97116.9,99491.18,102737.06,99491.03,99494.95,99495.23,99494.52
7343.572884037,25956,99495.28,97110.84,99488.23,102738.15,99484.96,99491.79,99511.18,99486.59
7343.594224544,25957,99486.3,97108.9,99496.19,102729.13,99482.03,99488.86,99503.21,99489.52
7343.618069859,25958,99503.19,97098.84,99488.09,102740.76,99495.01,99483.83,99499.22,99489.52
7343.638239465,25959,99486.3,97100.91,99485.14,102745.82,99486.01,99497.87,99498.16,99486.59
7343.660102222,25960,99494.22,97183.82,99492.21,102770.29,99492.92,99483.83,99503.21,99488.49
7343.679352978,25961,99498.17,97867.43,99497.07,103024.73,99504.86,99495.76,99496.29,99487.46
7343.69979138,25962,99495.28,98266.2,99490.15,103097.2,99492.92,99505.83,99503.21,99488.49
7343.720388122,25963,99485.24,98160.33,99486.17,103063.28,99502.97,99505.83,99501.09,99494.52
7343.740852463,25964,99486.3,98136.34,99486.17,103048.52,99484.96,99501.85,99495.23,99493.49
7343.761435174,25965,99499.24,98122.26,99496.19,103039.49,99492.92,99487.81,99498.16,99496.42
7343.785656408,25966,99495.28,98118.26,99492.21,103023.63,99492.92,99498.93,99501.09,99485.55
7343.806250405,25967,99491.32,98100.36,99492.21,103021.19,99492.92,99495.76,99504.27,99489.52
7343.826706865,25968,99495.28,98091.32,99491.18,103022.29,99497.95,99492.84,99502.15,99487.46
7343.84739172,25969,99491.32,98090.28,99489.12,103026.25,99492.92,99506.88,99498.16,99489.52
7343.867779015,25970,99487.37,98079.32,99488.23,103008.62,99484.96,99501.85,99495.23,99487.62
7343.888405492,25971,99492.09,98076.37,99490.15,103013.26,99496.9,99502.9,99512.24,99493.49
7343.90885479,25972,99487.37,98080.37,99485.14,103009.29,99484.96,99484.89,99507.19,99490.55
7343.929452423,25973,99487.37,98230.21,99491.18,103060.84,99497.95,99484.89,99507.19,99490.55
7343.953647437,25974,99499.24,99146.94,99493.24,103383.15,99493.97,99501.85,99500.28,99482.62
7343.974289247,25975,99477.33,99566.85,99491.18,103469.29,99484.96,99499.74,99502.15,99496.42
7343.994973441,25976,99485.24,99445.82,99500.16,103430.73,99483.91,99501.85,99502.15,99490.55
7344.015516752,25977,99503.96,99393.83,99489.12,103393.94,99495.01,99498.93,99499.22,99490.55
7344.035784066,25978,99490.26,99373.84,99488.09,103386.01,99492.92,99497.87,99499.22,99494.52
7344.056750307,25979,99495.28,99361.84,99481.16,103386.01,99482.03,99484.89,99491.25,99488.49
7344.076864849,25980,99501.36,99345.84,99487.2,103386.01,99488.94,99480.91,99496.29,99488.49
7344.097490104,25981,99499.24,99330.9,99492.21,103380.94,99486.01,99502.9,99499.22,99480.56
7344.123855521,25982,99485.24,99313.85,99488.23,103375.21,99492.92,99498.93,99504.27,99490.39
7344.14229522,25983,99487.37,99313.85,99485.14,103382.05,99489.99,99492.84,99496.29,99493.49
7344.162911341,25984,99494.22,99301.85,99483.22,103370.15,99491.87,99498.93,99506.39,99490.55
7344.183421522,25985,99488.43,99283.96,99480.28,103362.22,99494.8,99498.93,99513.3,99489.52
7344.203833434,25986,99492.09,99207.98,99484.25,103369.05,99484.96,99504.77,99501.34,99487.46
7344.224433221,25987,99487.37,99255.97,99474.24,103439.99,99486.84,99488.86,99500.28,99489.52
7344.244940767,25988,99495.28,99237.87,99498.1,103420.16,99479.09,99505.83,99507.19,99496.42
7344.265459551,25989,99487.37,99305.85,99487.2,103458.05,99488.94,99496.82,99508.25,99488.49
7344.289270184,25990,99490.26,99371.94,99492.21,103531.19,99492.92,99489.92,99508.25,99486.42
7344.310292049,25991,99494.22,99421.83,99490.15,103614.47,99489.99,99495.76,99504.27,99485.55
7344.330313581,25992,99498.17,99441.82,99502.23,103693.78,99491.87,99497.87,99494.17,99488.49
7344.351357929,25993,99502.13,99473.82,99484.25,103719.33,99493.97,99495.76,99504.27,99500.39
7344.371938407,25994,99497.4,99522.86,99498.1,103764.71,99484.96,99489.92,99504.27,99494.52
7344.392365782,25995,99494.22,99569.8,99490.15,103811.0,99488.94,99504.77,99498.16,99484.52
7344.413201816,25996,99495.28,99598.85,99492.21,103859.24,99494.8,99501.85,99508.25,99483.49
7344.435292938,25997,99494.22,99650.84,99487.2,103900.0,99500.88,99505.83,99512.24,99479.52
7344.457263307,25998,99487.37,99697.78,99490.15,103940.31,99495.01,99503.72,99511.18,99498.49
7344.477719426,25999,99494.22,99773.77,99484.25,104003.12,99496.9,99497.87,99499.22,99492.45
7344.498376419,26000,99495.28,100297.72,99483.22,104149.86,99492.92,99503.72,99511.18,99492.45
7344.519372055,26001,99499.24,100977.75,99499.13,104366.89,99496.9,99497.87,99501.34,99497.45
7344.5395945,26002,99503.19,100953.75,99503.11,104389.58,99488.94,99514.83,99504.27,99488.49
7344.560386728,26003,99486.3,100929.75,99500.16,104388.47,99504.86,99504.77,99503.21,99486.42
7344.580458846,26004,99495.28,100937.75,99479.25,104401.48,99492.92,99500.79,99503.21,99495.39
7344.604650645,26005,99487.37,100941.75,99500.16,104395.29,99492.92,99498.93,99503.21,99495.39
7344.62526892,26006,99487.37,100951.89,99489.12,104411.63,99492.92,99498.93,99504.27,99492.45
7344.647111285,26007,99486.3,100957.75,99498.1,104439.87,99488.94,99506.88,99504.27,99492.45
7344.66638135,26008,99486.3,101001.75,99484.11,104472.72,99480.98,99495.76,99496.29,99492.45
7344.687175381,26009,99487.37,101065.76,99488.09,104553.16,99494.8,99501.85,99504.27,99488.49
7344.707447712,26010,99493.15,101161.78,99484.25,104646.14,99492.92,99490.97,99508.25,99494.36
7344.727983261,26011,99487.37,101229.79,99484.25,104713.57,99492.92,99501.85,99504.27,99483.49
7344.748716038,26012,99486.3,101321.8,99490.15,104787.96,99492.92,99497.87,99505.33,99492.45
7344.77380876,26013,99495.28,101399.96,99491.18,104875.22,99484.96,99495.76,99504.27,99484.52
7344.793284016,26014,99499.24,101459.68,99488.23,104893.32,99498.99,99500.79,99494.17,99489.52
7344.815789875,26015,99491.32,101480.76,99488.23,104881.42,99486.01,99501.85,99509.31,99492.45
7344.834398029,26016,99483.41,101501.84,99483.22,104845.72,99484.96,99506.88,99503.21,99488.49
7344.856683185,26017,99483.41,101472.76,99487.2,104812.87,99484.96,99498.93,99503.21,99488.49
7344.875368095,26018,99495.28,101449.83,99483.22,104813.99,99493.97,99497.87,99502.15,99496.42
7344.896446215,26019,99485.24,101464.76,99489.12,104819.69,99492.92,99488.86,99499.22,99504.35
7344.917141415,26020,99495.28,101541.85,99491.18,104884.27,99492.92,99500.79,99504.27,99487.46
7344.941988506,26021,99487.37,101628.79,99493.1,104962.49,99492.92,99494.95,99500.28,99488.49
7344.96129114,26022,99503.19,101721.89,99489.26,105049.75,99500.88,99496.82,99494.17,99487.46
7344.981742332,26023,99491.32,101849.93,99490.15,105101.32,99492.92,99496.82,99502.15,99498.49
7345.002341577,26024,99494.22,101961.96,99494.13,105154.01,99495.85,99497.87,99503.21,99487.46
7345.022946011,26025,99487.37,102055.07,99499.13,105211.28,99496.9,99503.72,99497.1,99489.36
7345.045258918,26026,99494.22,102066.0,99497.07,105192.56,99491.87,99503.72,99504.27,99495.39
7345.064020644,26027,99487.37,102057.99,99483.22,105194.8,99488.73,99496.82,99511.18,99486.42
7345.088149809,26028,99487.37,102064.15,99498.1,105180.56,99492.92,99487.0,99501.09,99492.45
7345.108682514,26029,99477.33,102075.08,99483.22,105185.64,99492.92,99488.86,99498.16,99493.49
7345.129323383,26030,99495.28,102106.01,99483.22,105179.44,99503.81,99487.81,99494.17,99493.32
7345.149768445,26031,99487.37,102186.04,99496.19,105257.05,99508.84,99503.72,99507.19,99486.42
7345.170378397,26032,99490.26,102282.07,99486.17,105343.21,99496.9,99488.86,99510.12,99491.42
7345.190840204,26033,99497.11,102506.16,99498.1,105491.12,99487.89,99496.82,99494.17,99495.39
7345.211448033,26034,99495.28,103371.71,99487.2,105749.02,99492.92,99505.83,99506.13,99489.52
7345.231895419,26035,99495.28,103538.72,99486.17,105796.63,99495.01,99506.88,99507.19,99487.46
7345.25249194,26036,99494.22,103522.71,99489.12,105802.32,99492.92,99484.89,99510.12,99492.45
7345.276691481,26037,99482.35,103536.53,99490.15,105807.41,99496.9,99500.79,99506.13,99484.36
7345.297318479,26038,99493.15,103526.71,99493.1,105787.57,99492.92,99492.84,99502.15,99487.46
7345.317714737,26039,99495.28,103534.72,99492.21,105760.92,99491.87,99500.79,99501.09,99488.49
7345.339123327,26040,99486.3,103539.81,99487.2,105763.76,99488.94,99490.97,99502.15,99487.46
7345.358860278,26041,99489.2,103570.74,99495.16,105788.69,99493.97,99498.68,99511.18,99488.49
7345.379419293,26042,99495.28,103626.78,99487.2,105868.05,99503.81,99484.89,99510.12,99495.39
7345.399890294,26043,99485.24,103714.84,99496.04,105970.09,99499.83,99485.94,99518.09,99491.42
7345.420598595,26044,99493.15,103828.01,99474.24,106072.13,99492.92,99496.82,99512.24,99494.36
7345.444698966,26045,99494.22,103928.08,99481.16,106167.36,99486.84,99496.82,99500.28,99490.39
7345.465314616,26046,99502.13,104011.05,99491.18,106220.1,99501.92,99504.77,99507.19,99487.46
7345.485743845,26047,99483.41,104107.12,99480.13,106255.81,99488.94,99492.84,99506.13,99503.32
7345.507151243,26048,99495.28,104138.05,99484.11,106263.75,99488.94,99487.81,99503.21,99486.42
7345.526824768,26049,99485.24,104156.96,99498.1,106236.56,99496.9,99492.84,99502.15,99488.49
7345.547488591,26050,99493.15,104160.96,99485.14,106228.59,99486.84,99486.75,99506.13,99492.45
7345.568138924,26051,99506.09,104167.17,99485.14,106226.91,99484.96,99492.84,99494.17,99494.36
7345.589012194,26052,99485.24,104240.32,99480.13,106245.62,99496.9,99504.77,99502.15,99495.39
7345.612343412,26053,99495.28,104305.48,99487.2,106323.27,99483.91,99506.88,99503.21,99490.39
7345.633336082,26054,99482.35,104419.37,99491.18,106447.39,99495.85,99493.89,99502.15,99487.46
7345.65423444,26055,99498.17,104550.79,99492.21,106534.69,99482.86,99503.72,99502.15,99490.39
7345.674910052,26056,99495.28,104698.51,99485.14,106611.79,99492.92,99504.77,99500.03,99488.49
7345.695098265,26057,99492.38,104831.73,99490.15,106661.68,99490.82,99499.74,99502.15,99487.46
7345.715479661,26058,99492.09,104955.85,99488.23,106700.23,99492.92,99498.93,99498.16,99495.39
7345.736802732,26059,99481.28,105011.9,99487.2,106679.26,99496.9,99495.76,99503.21,99486.42
7345.759661034,26060,99499.24,105030.81,99491.18,106663.38,99492.92,99495.76,99511.18,99490.39
7345.781042643,26061,99483.12,105047.94,99493.1,106664.52,99504.86,99494.71,99507.19,99491.42
7345.800904413,26062,99494.22,105567.36,99491.18,106873.71,99495.85,99500.79,99515.17,99487.46
7345.82167626,26063,99491.03,106168.04,99480.13,107055.12,99508.84,99500.79,99504.27,99495.39
7345.842850735,26064,99493.15,106123.99,99479.1,107019.41,99488.94,99494.71,99506.13,99495.39
7345.862399131,26065,99485.24,106189.18,99495.16,107080.07,99496.9,99499.74,99504.01,99498.32
7345.883443901,26066,99493.15,106271.52,99491.18,107158.3,99500.88,99496.82,99502.15,99491.42
7345.903502629,26067,99485.24,106357.39,99481.16,107213.86,99497.95,99496.82,99501.09,99495.39
7345.927703131,26068,99483.12,106429.48,99490.15,107268.91,99494.8,99496.82,99509.06,99491.42
7345.94891301,26069,99489.2,106499.33,99491.18,107270.6,99504.86,99500.79,99506.13,99490.39
7345.968737594,26070,99481.28,106557.65,99496.04,107252.41,99500.88,99503.72,99499.22,99496.42
7345.989646839,26071,99491.03,106557.65,99497.07,107252.41,99503.81,99496.82,99502.15,99486.42
7346.009838608,26072,99495.28,106574.79,99490.15,107254.69,99492.92,99503.72,99506.13,99502.29
7346.030412145,26073,99493.15,106633.75,99490.15,107298.35,99499.83,99506.88,99506.13,99486.42
7346.051455512,26074,99480.22,106724.74,99489.12,107376.58,99504.86,99488.86,99507.19,99488.49
7346.07150102,26075,99481.28,106834.01,99492.21,107466.73,99482.86,99496.82,99502.15,99492.45
7346.095689655,26076,99490.26,106975.96,99485.14,107592.1,99493.97,99507.69,99501.09,99486.42
7346.116332106,26077,99495.28,107133.3,99488.09,107674.31,99493.97,99498.93,99498.16,99486.42
7346.13685778,26078,99498.17,107278.64,99494.13,107754.85,99495.85,99492.84,99500.03,99489.52
7346.157427481,26079,99492.09,107374.78,99496.19,107784.31,99491.87,99500.79,99502.15,99485.39
7346.180448199,26080,99494.22,107454.9,99489.12,107787.75,99492.92,99488.86,99492.06,99492.45
7346.19855197,26081,99483.41,108078.74,99489.12,108240.82,99500.88,99503.72,99507.19,99494.36
7346.220027821,26082,99485.24,108710.09,99485.14,108767.18,99488.94,99502.66,99501.09,99494.36
7346.239841259,26083,99488.14,108576.72,99492.21,108613.49,99490.82,99499.74,99499.22,99492.45
7346.265074953,26084,99483.12,108599.62,99490.15,108608.36,99498.78,99483.83,99511.18,99486.42
7346.284331648,26085,99492.09,108696.93,99490.15,108652.04,99491.87,99495.76,99489.13,99496.42
7346.304885636,26086,99494.22,108802.26,99488.09,108732.6,99490.82,99494.71,99506.13,99490.39
7346.325450239,26087,99496.05,108927.05,99488.09,108832.23,99498.78,99499.74,99501.09,99490.39
7346.346746198,26088,99498.17,109045.56,99485.14,108908.82,99490.82,99499.74,99499.22,99487.46
7346.366705826,26089,99487.37,109159.48,99498.1,108986.56,99492.92,99500.79,99505.07,99490.39
7346.387049776,26090,99494.22,109249.94,99483.22,109014.86,99496.9,99494.71,99508.0,99490.39
7346.40773406,26091,99493.15,109288.87,99479.1,109000.13,99506.74,99492.84,99510.12,99487.46
7346.431703062,26092,99490.26,109324.94,99488.09,108984.25,99491.87,99505.83,99504.27,99479.52
7346.452771888,26093,99498.17,109350.13,99488.09,108990.53,99488.73,99494.71,99510.12,99485.39
7346.473230411,26094,99483.12,109407.95,99488.09,108998.98,99487.89,99502.66,99511.18,99486.42
7346.49346832,26095,99486.3,109498.42,99489.12,109089.8,99492.92,99494.71,99502.15,99486.42
7346.51415704,26096,99494.99,109606.03,99481.16,109185.59,99490.82,99491.79,99500.03,99485.39
7346.535123842,26097,99492.09,109698.82,99472.18,109317.77,99483.91,99500.79,99502.15,99478.49
7346.55489809,26098,99493.15,109840.8,99489.12,109435.91,99494.8,99494.71,99502.15,99487.46
7346.575494101,26099,99498.17,109938.15,99485.14,109499.45,99493.75,99495.76,99507.19,99489.36
7346.600403455,26100,99486.3,110057.24,99480.13,109545.94,99490.82,99499.74,99502.15,99496.42
7346.621447353,26101,99494.22,110114.51,99490.15,109582.16,99496.9,99487.81,99494.17,99488.49
7346.640796438,26102,99494.22,110151.74,99480.13,109582.65,99490.82,99484.89,99496.04,99486.42
7346.661486991,26103,99485.24,110192.36,99490.15,109571.9,99484.96,99500.79,99510.12,99486.42
7346.681848207,26104,99481.28,110272.53,99489.12,109607.64,99496.9,99488.86,99501.09,99492.45
7346.703354094,26105,99494.22,110337.82,99489.12,109638.24,99494.8,99486.75,99501.09,99487.46
7346.722859185,26106,99480.22,110487.83,99483.22,109721.63,99489.77,99495.76,99494.17,99494.36
7346.743966939,26107,99485.24,110615.58,99490.15,109803.38,99498.78,99486.75,99510.12,99491.42
7346.768722581,26108,99491.32,110768.44,99481.16,109969.01,99490.82,99482.78,99498.16,99491.42
7346.78927751,26109,99486.3,110941.47,99484.11,110063.15,99490.82,99490.73,99502.15,99492.45
7346.80883513,26110,99487.37,111093.82,99480.13,110162.43,99482.86,99494.71,99498.16,99490.39
7346.829720538,26111,99477.33,111200.24,99485.14,110222.01,99488.73,99486.75,99503.21,99491.42
7346.849855642,26112,99479.16,111275.92,99488.09,110248.64,99486.84,99495.76,99500.03,99479.52
7346.874276027,26113,99491.03,111332.05,99489.12,110262.89,99502.76,99480.91,99492.06,99486.42
7346.891936087,26114,99484.18,111492.43,99481.16,110444.41,99490.82,99481.72,99502.15,99490.39
7346.915300254,26115,99483.12,112857.08,99488.09,111920.87,99491.87,99503.72,99494.17,99488.49
7346.935306032,26116,99495.28,113318.81,99481.16,112199.02,99488.73,99496.82,99492.06,99488.49
7346.956362149,26117,99491.03,113207.68,99477.19,112037.7,99492.92,99496.82,99501.09,99494.36
7346.977044791,26118,99485.24,113297.12,99488.09,112045.3,99495.85,99495.76,99502.15,99491.42
7346.997464725,26119,99476.27,113380.16,99478.22,112075.9,99490.82,99492.84,99497.1,99494.36
7347.017919693,26120,99477.33,113471.23,99482.19,112115.22,99488.73,99499.74,99497.1,99489.36
7347.038557296,26121,99481.28,113556.23,99482.19,112176.42,99498.78,99491.79,99502.15,99485.39
7347.058974446,26122,99484.18,113618.03,99478.22,112155.31,99496.69,99486.75,99492.06,99486.42
7347.082722063,26123,99484.18,113687.42,99482.19,112168.83,99483.91,99494.71,99501.09,99486.42
7347.103321169,26124,99492.09,113731.55,99489.12,112150.56,99491.87,99496.82,99502.15,99494.36
7347.124362884,26125,99489.2,113792.15,99494.13,112163.25,99487.89,99500.79,99502.15,99497.45
7347.144437115,26126,99483.12,113867.95,99484.11,112183.54,99490.82,99481.72,99501.09,99490.39
7347.165479351,26127,99491.03,113964.23,99488.09,112249.13,99490.82,99486.75,99494.17,99495.39
7347.185588796,26128,99494.22,114099.44,99484.11,112278.54,99498.78,99482.78,99505.07,99478.49
7347.206868,26129,99483.12,114253.1,99476.16,112342.11,99506.74,99482.78,99506.13,99485.39
7347.22650544,26130,99490.26,114385.92,99477.19,112418.39,99490.82,99490.73,99498.97,99498.32
7347.25118026,26131,99492.09,114528.75,99481.16,112449.4,99498.78,99499.74,99502.15,99483.49
7347.271371038,26132,99483.12,114655.54,99484.11,112502.24,99494.8,99494.71,99497.1,99490.39
7347.293092821,26133,99484.18,114733.39,99491.18,112532.84,99491.87,99482.78,99493.11,99494.36
7347.312386222,26134,99484.18,114869.82,99490.15,112545.55,99496.69,99505.83,99500.03,99487.46
7347.332963624,26135,99485.24,114923.59,99480.13,112552.31,99492.71,99486.75,99509.06,99488.49
7347.353456048,26136,99487.37,114998.23,99480.13,112578.94,99499.83,99486.75,99502.15,99486.42
7347.37469398,26137,99496.05,115117.42,99488.09,112629.4,99502.76,99490.73,99508.0,99494.36
7347.395432015,26138,99486.3,115222.96,99472.18,112733.91,99498.78,99494.71,99496.04,99490.39
7347.418744665,26139,99498.17,115358.59,99490.15,112787.96,99501.71,99500.79,99510.12,99482.46
7347.440174346,26140,99491.32,115600.21,99481.16,112875.78,99482.86,99502.66,99500.03,99482.46
7347.459794942,26141,99491.32,115794.07,99490.15,112924.67,99495.85,99494.71,99502.15,99495.39
7347.480541781,26142,99484.18,115940.16,99494.13,113027.21,99498.78,99500.79,99505.07,99498.32
7347.500921124,26143,99489.2,116081.86,99490.15,113070.93,99486.63,99499.74,99500.03,99494.36
7347.523175012,26144,99475.2,116177.34,99484.11,113093.2,99494.8,99494.71,99492.06,99486.42
7347.542024611,26145,99479.45,116323.92,99487.2,113134.52,99490.82,99498.68,99500.03,99491.42
7347.564239701,26146,99486.3,116394.95,99490.15,113154.4,99490.82,99494.71,99500.03,99485.39
7347.588050554,26147,99493.15,116480.83,99480.13,113190.17,99498.78,99493.65,99502.15,99478.49
7347.608402776,26148,99489.2,116607.71,99487.2,113249.79,99491.87,99495.76,99502.15,99492.45
7347.627839173,26149,99486.3,116749.79,99490.15,113325.31,99489.77,99495.76,99501.09,99494.36
7347.648574995,26150,99493.15,116926.43,99489.12,113394.08,99497.73,99498.68,99508.0,99485.39
7347.668984713,26151,99487.37,117155.28,99484.11,113474.77,99494.8,99503.72,99506.13,99491.42
7347.689618952,26152,99493.15,117355.7,99488.09,113562.22,99490.82,99483.83,99500.03,99493.32
7347.710618303,26153,99479.16,117587.36,99488.09,113615.47,99490.82,99494.71,99501.09,99486.42
7347.730629599,26154,99495.28,117817.79,99488.09,113666.69,99490.82,99484.89,99501.09,99482.29
7347.75614519,26155,99486.3,118249.95,99483.22,113711.62,99495.85,99486.75,99501.09,99506.25
7347.775366051,26156,99483.12,118729.43,99485.14,113722.34,99491.87,99498.68,99511.99,99495.39
7347.795847348,26157,99485.24,118904.91,99489.12,113761.35,99492.92,99494.71,99492.06,99479.52
7347.816457911,26158,99478.39,119060.03,99476.16,113816.63,99487.68,99496.82,99496.04,99478.49
7347.837038779,26159,99495.28,119189.82,99484.11,113829.66,99492.71,99494.71,99497.1,99485.39
7347.857527998,26160,99501.07,119380.15,99477.19,113886.51,99497.73,99503.72,99498.97,99495.39
7347.877990888,26161,99493.15,119694.74,99481.16,113988.66,99490.82,99495.76,99506.13,99493.32
7347.899469653,26162,99500.3,119941.07,99484.11,114060.21,99490.82,99494.71,99502.15,99494.36
7347.9231903,26163,99487.37,120159.54,99480.13,114132.97,99498.78,99495.76,99496.29,99491.42
7347.943582883,26164,99478.39,119338.73,99489.12,113114.23,99486.84,99470.85,99496.04,99478.49
7347.964012322,26165,99696.01,102665.15,99726.73,103688.92,99727.5,99727.47,99708.38,99700.61
7347.985071252,26166,99581.26,104820.41,99584.57,104841.26,99576.27,99604.19,99605.79,99581.62
7348.00519608,26167,99547.48,104378.24,99545.83,105251.55,99530.62,99534.47,99554.77,99546.95
7348.026154129,26168,99529.83,104082.0,99523.88,105439.12,99526.64,99528.39,99543.88,99518.15
7348.04599018,26169,99524.81,103836.73,99515.93,105331.92,99522.66,99531.55,99531.92,99517.12
7348.069052291,26170,99523.74,103916.78,99504.0,105562.02,99513.65,99522.54,99526.07,99514.19
7348.090767574,26171,99494.22,103923.69,99493.1,105854.49,99490.82,99533.42,99519.96,99490.39
7348.111371607,26172,99487.37,105395.18,99473.21,106085.74,99470.92,99462.89,99492.06,99474.52
7348.131850901,26173,99471.25,105778.47,99466.14,108324.19,99474.9,99474.82,99479.04,99474.52
7348.152553012,26174,99474.43,105514.19,99472.18,107790.57,99480.98,99480.91,99492.06,99482.46
7348.173887279,26175,99478.39,105666.35,99484.11,107945.38,99481.82,99474.82,99497.1,99485.39
7348.19384209,26176,99494.22,105490.16,99480.13,107506.46,99482.86,99495.76,99501.09,99480.39
7348.214095934,26177,99492.09,105285.95,99486.17,108210.74,99497.73,99495.76,99504.01,99487.46
7348.238687838,26178,99493.15,105292.18,99489.12,107619.89,99489.77,99505.58,99502.15,99490.39
7348.259633347,26179,99492.09,105811.63,99502.08,108788.69,99502.76,99502.66,99518.09,99493.32
7348.279401325,26180,99505.02,106063.45,99502.08,109221.48,99498.78,99506.64,99518.09,99502.29
7348.30011893,26181,99497.11,105857.45,99496.19,108928.81,99494.8,99509.56,99504.01,99494.36
7348.320880711,26182,99482.35,105818.52,99489.12,108697.38,99486.84,99514.59,99509.06,99482.29
7348.340961403,26183,99435.93,117203.46,99448.31,110024.82,99448.93,99474.82,99332.61,99357.44
7348.361659838,26184,99652.48,107600.86,99617.43,105299.06,99602.25,99661.73,99663.47,99659.91
7348.382072091,26185,99545.65,107365.64,99551.72,106101.61,99554.49,99558.33,99577.89,99565.75
7348.405737274,26186,99526.93,107663.82,99528.89,107498.53,99531.67,99526.52,99539.89,99522.12
7348.426378343,26187,99484.18,110044.05,99484.11,109118.25,99485.79,99493.65,99500.03,99493.32
7348.447383131,26188,99493.15,109851.12,99484.11,109017.32,99489.77,99482.78,99514.11,99486.42
7348.467456682,26189,99511.11,110042.9,99500.16,109181.78,99498.78,99518.57,99519.96,99508.15
7348.488547541,26190,99485.24,109564.8,99501.05,109070.6,99490.82,99503.72,99500.03,99485.39
7348.508472657,26191,99497.11,109746.91,99498.1,109311.16,99505.69,99502.66,99509.06,99504.35
7348.529608815,26192,99487.07,110005.13,99482.19,109377.51,99490.82,99503.72,99513.05,99493.32
7348.550305448,26193,99494.22,109766.34,99502.08,109122.22,99490.82,99487.81,99510.12,99503.32
7348.574014066,26194,99487.37,109444.02,99485.14,108766.54,99484.96,99496.82,99504.01,99482.46
7348.594369413,26195,99481.28,109199.55,99474.24,108260.67,99482.86,99483.83,99502.15,99478.49
7348.614869969,26196,99481.28,109015.21,99479.25,107633.48,99478.88,99482.78,99496.04,99485.39
7348.635522846,26197,99507.92,106391.19,99510.04,104030.88,99506.74,99510.61,99519.96,99514.19
7348.6560155,26198,99531.66,101780.83,99527.86,103292.17,99530.62,99534.47,99540.95,99539.89
7348.678095886,26199,99557.52,99307.74,99551.87,103566.88,99560.36,99554.36,99563.81,99555.75
7348.69819186,26200,99540.63,98618.06,99551.72,103967.42,99555.54,99561.26,99563.81,99555.75
7348.717557991,26201,99523.74,98190.06,99511.95,103872.24,99526.64,99533.66,99531.92,99520.05
7348.741825274,26202,99548.55,95794.86,99532.87,103115.5,99542.56,99539.51,99552.91,99524.02
7348.762409337,26203,99521.91,95620.05,99523.88,103084.88,99528.52,99525.47,99527.93,99526.09
7348.782928672,26204,99521.91,95862.8,99520.94,103102.93,99526.64,99539.51,99539.89,99530.05
7348.803475097,26205,99518.72,96199.52,99507.97,103102.93,99522.66,99508.5,99531.92,99521.09
7348.823967701,26206,99505.02,95825.81,99504.0,103098.97,99514.7,99512.48,99521.02,99504.19
7348.846540462,26207,99501.07,95539.11,99500.02,103104.03,99509.67,99520.68,99523.95,99506.25
7348.864976455,26208,99488.14,95518.11,99505.03,103110.87,99508.62,99519.62,99523.95,99492.29
7348.88716863,26209,99516.89,95871.81,99505.03,103102.93,99507.79,99512.72,99500.03,99480.23
7348.90977396,26210,99498.17,95554.07,99491.18,103114.83,99493.75,99504.53,99510.12,99490.39
7348.930373306,26211,99505.02,95499.15,99498.1,103110.87,99500.66,99511.67,99515.97,99492.29
7348.952158215,26212,99498.17,95729.9,99497.07,103102.93,99513.65,99514.59,99515.97,99497.29
7348.971474881,26213,99484.18,95673.96,99493.1,103110.87,99499.83,99497.63,99513.05,99493.32
7348.99191804,26214,99492.09,95550.08,99500.02,103106.9,99494.8,99511.67,99510.93,99486.26
7349.014153841,26215,99494.22,95702.95,99496.04,103111.96,99492.71,99485.7,99502.95,99485.39
7349.032988097,26216,99494.22,95778.88,99495.01,103113.73,99500.66,99498.68,99508.0,99486.26
7349.053706403,26217,99494.22,95715.96,99493.1,103118.8,99490.82,99506.64,99515.97,99482.29
7349.077794525,26218,99486.3,95883.8,99484.11,103118.8,99493.75,99502.66,99508.0,99493.32
7349.098414652,26219,99505.02,95826.83,99504.0,103126.73,99504.64,99509.56,99518.09,99509.19
7349.118847927,26220,99498.17,95825.81,99484.11,103128.92,99492.71,99502.66,99511.99,99480.39
7349.148522989,26221,99494.22,95815.86,99485.14,103130.69,99492.71,99497.63,99504.01,99484.36
7349.162155157,26222,99486.3,95799.88,99488.09,103120.99,99498.78,99498.68,99500.03,99485.39
7349.183329162,26223,99490.26,95746.91,99489.12,103127.82,99490.82,99495.76,99504.01,99481.26
7349.202793571,26224,99492.09,95898.77,99497.07,103134.66,99497.73,99493.65,99517.03,99491.26
