t_pc,sample_idx,S0,S1,S2,S3,S4,S5,S6,S7
2204.908420616,2308,100534.64,98603.6,100521.7,103198.95,100511.89,100537.93,100519.62,100534.48
2204.931325365,2309,100515.73,98415.11,100519.75,103208.04,100516.96,100543.84,100527.66,100529.44
2204.952065853,2310,100527.71,98591.5,100514.71,103208.04,100510.85,100543.84,100539.72,100530.48
2204.972604772,2311,100523.72,98612.7,100517.69,103228.04,100531.97,100544.9,100539.72,100531.51
2204.993181111,2312,100527.71,98603.6,100512.65,103224.04,100515.91,100534.77,100535.7,100522.47
2205.0139057,2313,100529.83,98598.53,100509.67,103216.04,100506.83,100538.99,100528.72,100522.47
2205.034449472,2314,100527.71,98576.41,100503.71,103226.21,100503.86,100533.92,100527.66,100526.47
2205.055061385,2315,100528.77,98601.64,100525.71,103261.12,100515.91,100545.95,100556.86,100534.48
2205.075653717,2316,100547.68,98635.86,100535.79,103240.03,100535.99,100555.87,100549.88,100554.5
2205.099301839,2317,100527.71,98612.7,100522.73,103238.94,100514.86,100544.9,100536.76,100542.49
2205.119937981,2318,100516.79,98582.4,100503.71,103244.03,100516.96,100531.81,100526.6,100524.41
2205.140530788,2319,100519.72,98579.4,100495.7,103231.3,100508.92,100537.93,100527.66,100530.48
2205.161221014,2320,100523.72,98585.51,100510.7,103240.03,100518.0,100541.94,100543.74,100526.47
2205.181732628,2321,100527.71,98623.76,100517.69,103216.04,100526.03,100539.83,100544.8,100532.42
2205.202311643,2322,100535.7,98611.66,100534.76,103240.03,100530.93,100542.79,100544.8,100545.46
2205.222950631,2323,100526.65,98607.63,100517.69,103224.04,100522.89,100545.95,100535.7,100533.45
2205.24351225,2324,100519.72,98674.22,100515.74,103226.21,100510.85,100535.82,100532.74,100531.51
2205.267321135,2325,100521.6,98603.6,100505.66,103226.21,100509.8,100535.82,100531.68,100534.48
2205.287874792,2326,100535.7,98595.53,100508.64,103218.21,100527.96,100551.86,100533.8,100525.44
2205.308514531,2327,100535.7,98593.57,100519.75,103222.21,100523.94,100543.84,100541.84,100541.46
2205.329214313,2328,100535.7,98597.61,100519.75,103240.03,100523.94,100544.9,100537.82,100527.5
2205.349681296,2329,100528.77,98582.4,100515.74,103230.21,100512.94,100542.79,100533.8,100526.47
2205.370297404,2330,100529.83,98599.57,100519.75,103230.21,100515.91,100540.89,100525.76,100530.48
2205.390870018,2331,100527.71,98596.57,100511.73,103231.3,100512.94,100555.03,100532.74,100530.48
2205.411482484,2332,100533.83,98595.53,100519.75,103242.21,100523.94,100545.95,100537.82,100534.48
2205.435296004,2333,100527.71,98590.46,100514.71,103242.21,100526.03,100544.9,100537.82,100532.42
2205.455841948,2334,100540.76,98601.64,100525.71,103234.21,100523.94,100539.83,100536.76,100540.43
2205.476487991,2335,100531.71,98592.54,100512.76,103238.21,100518.0,100545.95,100537.82,100536.54
2205.497160775,2336,100535.7,98592.54,100509.67,103239.3,100507.88,100539.83,100536.76,100531.51
2205.517705292,2337,100520.79,98583.44,100518.72,103242.21,100511.89,100543.0,100537.82,100546.49
2205.538299235,2338,100527.71,98582.4,100509.67,103242.21,100518.0,100549.96,100535.7,100542.49
2205.559201888,2339,100536.76,98593.57,100515.74,103234.21,100527.96,100543.84,100541.84,100544.43
2205.582537353,2340,100527.71,98581.47,100519.75,103241.12,100506.83,100545.95,100545.86,100545.46
2205.603163949,2341,100535.7,98583.44,100519.75,103242.21,100514.86,100543.84,100529.78,100545.46
2205.623754877,2342,100519.72,98595.53,100518.72,103246.21,100512.94,100544.9,100543.74,100546.49
2205.644317512,2343,100540.76,98600.6,100525.71,103256.39,100526.03,100538.78,100539.72,100548.56
2205.664960967,2344,100534.64,98589.43,100510.7,103254.21,100511.89,100542.79,100543.74,100538.48
2205.685558329,2345,100524.78,98595.53,100509.67,103258.21,100507.88,100533.92,100535.7,100542.49
2205.709227901,2346,100518.66,98591.5,100511.73,103244.03,100507.88,100536.88,100531.68,100538.48
2205.726854675,2347,100527.71,98599.57,100513.68,103259.3,100523.94,100553.97,100527.66,100547.52
2205.750501242,2348,100529.59,98599.57,100515.74,103251.3,100523.94,100540.89,100527.66,100545.46
2205.771216919,2349,100535.7,98607.63,100519.75,103260.39,100516.96,100540.89,100533.8,100532.54
2205.79171687,2350,100531.71,98599.57,100509.67,103257.12,100516.96,100547.01,100528.72,100530.48
2205.812354017,2351,100523.72,98598.64,100512.76,103259.3,100515.91,100545.95,100529.78,100530.48
2205.832922025,2352,100532.77,98602.56,100505.66,103259.3,100511.89,100537.93,100527.66,100547.52
2205.853513972,2353,100534.64,98595.53,100507.72,103263.3,100531.97,100547.85,100543.74,100530.48
2205.874106317,2354,100526.65,98595.53,100511.73,103262.21,100534.07,100547.85,100535.7,100537.45
2205.894700236,2355,100527.71,98609.7,100519.75,103275.3,100523.94,100541.94,100528.72,100530.48
2205.918429006,2356,100527.71,98599.57,100527.77,103271.3,100515.91,100544.9,100535.7,100530.48
2205.939058127,2357,100527.71,98604.63,100519.75,103258.21,100520.97,100535.82,100531.68,100527.5
2205.959673641,2358,100527.71,98603.6,100518.72,103275.3,100519.93,100537.93,100531.68,100521.43
2205.980269476,2359,100535.7,98597.61,100519.75,103276.38,100534.07,100547.85,100536.76,100528.41
2206.00084553,2360,100528.77,98599.57,100517.69,103264.39,100526.03,100544.9,100541.84,100528.41
2206.021563131,2361,100519.72,98601.64,100511.73,103276.38,100515.91,100544.9,100528.72,100522.47
2206.042101361,2362,100523.72,98600.6,100521.81,103283.29,100514.86,100535.82,100527.66,100522.47
2206.06301867,2363,100527.71,98591.5,100515.74,103271.3,100518.0,100539.83,100536.76,100538.48
2206.086374756,2364,100531.71,98616.73,100521.7,103258.21,100522.02,100534.77,100529.78,100534.48
2206.107121618,2365,100527.71,98607.63,100519.75,103275.3,100515.91,100535.82,100527.66,100545.46
2206.127631871,2366,100519.72,98591.5,100519.75,103281.12,100520.97,100545.95,100529.78,100530.48
2206.148314731,2367,100529.83,98600.6,100511.73,103272.38,100522.02,100530.76,100529.78,100530.48
2206.169717614,2368,100531.71,98608.67,100518.72,103276.38,100524.99,100548.91,100528.72,100542.49
2206.189451616,2369,100527.71,98604.63,100519.75,103263.3,100515.91,100539.83,100524.7,100542.49
2206.210005042,2370,100518.66,98599.57,100519.75,103282.21,100531.1,100540.89,100541.84,100546.49
2206.230720735,2371,100527.71,98596.57,100519.75,103284.38,100529.88,100551.86,100537.82,100530.48
2206.254380175,2372,100523.72,98599.57,100509.67,103275.3,100520.1,100543.84,100540.78,100534.48
2206.275007647,2373,100527.71,98607.63,100516.77,103272.38,100523.06,100545.95,100533.8,100544.43
2206.295539206,2374,100521.6,98594.5,100517.69,103275.3,100524.99,100537.93,100536.76,100544.55
2206.316178565,2375,100523.72,98609.7,100523.76,103283.29,100524.99,100533.92,100539.72,100534.48
2206.336773598,2376,100526.65,98608.67,100519.75,103284.38,100532.14,100549.96,100543.74,100538.48
2206.357403047,2377,100523.72,98602.56,100516.66,103282.21,100526.03,100544.9,100535.7,100543.52
2206.378112851,2378,100519.72,98608.67,100515.74,103283.29,100511.89,100545.95,100527.66,100548.56
2206.400935048,2379,100523.72,98607.63,100518.72,103282.21,100516.96,100539.83,100536.76,100534.48
2206.422349205,2380,100528.77,98610.63,100518.72,103278.21,100515.91,100543.84,100531.68,100532.54
2206.443160044,2381,100527.71,98601.53,100519.75,103284.38,100511.89,100543.84,100537.82,100532.42
2206.463567769,2382,100526.65,98613.74,100505.66,103284.38,100515.91,100535.82,100537.82,100548.56
2206.484130091,2383,100522.66,98604.63,100513.68,103279.29,100506.83,100545.95,100529.78,100547.52
2206.504782234,2384,100530.65,98612.7,100517.69,103276.38,100524.99,100535.82,100541.84,100539.52
2206.525464421,2385,100535.7,98615.7,100522.73,103282.21,100515.91,100543.84,100539.72,100542.49
2206.545988795,2386,100528.77,98615.7,100518.72,103288.38,100518.0,100527.8,100545.86,100532.54
2206.566568473,2387,100522.66,98603.6,100524.79,103277.12,100507.88,100543.84,100536.76,100538.48
2206.590323873,2388,100529.59,98609.7,100510.7,103288.38,100518.0,100544.9,100545.86,100534.48
2206.610864148,2389,100520.79,98616.73,100511.73,103275.3,100518.0,100535.82,100535.7,100552.56
2206.63154927,2390,100524.78,98607.63,100519.75,103284.03,100511.89,100542.79,100526.6,100543.52
2206.65219977,2391,100529.83,98602.56,100507.72,103284.38,100516.96,100548.91,100533.8,100537.45
2206.672795443,2392,100525.84,98608.67,100505.66,103284.38,100515.91,100539.83,100545.86,100522.47
2206.693342045,2393,100531.71,98601.64,100516.66,103281.12,100520.1,100539.83,100533.8,100530.48
2206.713922896,2394,100528.77,98609.7,100519.75,103286.21,100522.02,100540.89,100536.76,100546.49
2206.73463048,2395,100527.71,98600.6,100523.76,103288.38,100522.02,100532.87,100537.82,100530.48
2206.758407014,2396,100514.67,98607.63,100519.75,103291.29,100522.02,100548.91,100531.68,100526.47
2206.779063645,2397,100527.71,98608.67,100513.68,103294.2,100531.97,100543.84,100526.6,100522.47
2206.799567549,2398,100528.77,98603.6,100513.68,103290.2,100524.99,100549.96,100533.8,100530.48
2206.820115065,2399,100527.71,98602.56,100535.79,103288.38,100526.03,100535.82,100529.78,100536.54
2206.840684265,2400,100523.72,98609.7,100524.79,103291.29,100519.93,100539.83,100533.8,100521.43
2206.861229021,2401,100527.71,98599.57,100511.73,103291.29,100518.0,100540.89,100529.78,100530.48
2206.881871075,2402,100519.72,98603.6,100509.67,103292.38,100531.97,100536.88,100536.76,100528.41
2206.905576804,2403,100527.71,98607.63,100510.7,103298.2,100531.97,100535.82,100540.78,100521.43
2206.926174678,2404,100528.77,98615.7,100515.74,103290.2,100526.03,100538.78,100537.82,100529.44
2206.946771875,2405,100535.7,98608.67,100511.73,103295.29,100509.97,100535.82,100535.7,100530.48
2206.967364441,2406,100527.71,98604.63,100517.69,103296.38,100511.89,100536.88,100533.8,100546.49
2206.987985184,2407,100526.65,98615.7,100519.75,103300.38,100516.96,100543.84,100545.86,100529.44
2207.00862394,2408,100527.71,98607.63,100519.75,103292.38,100530.93,100544.9,100532.74,100544.55
2207.029199134,2409,100514.67,98615.7,100515.74,103295.29,100518.0,100535.82,100535.7,100522.47
2207.04980006,2410,100536.76,98604.63,100521.7,103299.29,100513.99,100539.83,100537.82,100538.48
2207.07356003,2411,100527.71,98607.63,100511.73,103291.29,100518.0,100538.78,100531.68,100535.51
2207.094218101,2412,100527.71,98611.66,100501.65,103300.38,100518.0,100541.94,100536.76,100525.44
2207.11478004,2413,100527.71,98615.7,100519.75,103301.47,100516.96,100535.82,100537.82,100530.48
2207.135311782,2414,100535.7,98615.7,100518.72,103298.2,100509.97,100532.87,100529.78,100534.48
2207.155899273,2415,100535.7,98607.63,100513.68,103298.2,100516.08,100535.82,100536.76,100546.49
2207.176528597,2416,100518.66,98611.66,100519.75,103290.2,100515.91,100533.92,100536.76,100544.43
2207.197307909,2417,100523.72,98607.63,100519.75,103300.38,100522.02,100543.84,100526.6,100534.48
2207.217809883,2418,100527.71,98607.63,100519.75,103300.38,100506.83,100553.97,100537.82,100530.48
2207.241489549,2419,100536.76,98609.7,100520.78,103294.2,100526.03,100531.81,100536.76,100540.55
2207.2621184,2420,100527.71,98607.63,100518.72,103298.2,100518.0,100544.9,100541.84,100547.52
2207.282748481,2421,100535.7,98607.63,100513.68,103292.38,100506.83,100547.85,100536.76,100532.54
2207.303467478,2422,100535.7,98607.63,100527.77,103298.2,100520.97,100543.84,100535.7,100546.49
2207.32419652,2423,100527.71,98604.63,100520.78,103298.2,100518.0,100537.93,100537.82,100545.46
2207.344860194,2424,100536.76,98616.73,100511.73,103311.29,100526.03,100533.72,100533.8,100545.46
2207.365397624,2425,100523.72,98611.66,100513.68,103295.29,100526.03,100544.9,100528.72,100546.49
2207.385711235,2426,100527.71,98604.63,100509.67,103307.29,100518.0,100543.84,100528.72,100542.49
2207.409435003,2427,100526.65,98613.74,100505.66,103296.38,100523.94,100545.74,100545.86,100542.49
2207.430071129,2428,100527.71,98623.76,100512.65,103300.38,100509.97,100543.84,100538.88,100547.52
2207.450676758,2429,100527.71,98607.63,100518.72,103324.38,100516.96,100538.78,100537.82,100530.48
2207.471257579,2430,100535.7,98607.63,100519.75,103298.2,100515.91,100545.95,100528.72,100533.45
2207.491868366,2431,100531.71,98614.66,100520.78,103307.29,100519.93,100531.81,100542.9,100545.46
2207.512591205,2432,100519.72,98610.63,100509.67,103300.38,100518.0,100548.91,100537.82,100530.48
2207.533061715,2433,100529.83,98615.7,100512.76,103303.29,100516.96,100540.89,100541.84,100546.49
2207.553658807,2434,100527.71,98617.77,100507.72,103308.38,100522.02,100547.01,100536.76,100530.48
2207.577380169,2435,100527.71,98615.7,100513.79,103312.38,100518.0,100538.99,100541.84,100534.48
2207.597990612,2436,100528.77,98615.7,100505.78,103304.38,100518.0,100541.94,100532.74,100534.48
2207.61858325,2437,100529.83,98607.63,100511.73,103315.29,100522.02,100543.84,100535.7,100525.44
2207.639213368,2438,100527.71,98615.7,100519.75,103311.29,100515.91,100536.88,100538.88,100522.47
2207.659844988,2439,100519.72,98625.83,100519.75,103294.2,100508.92,100537.93,100528.72,100528.41
2207.680414028,2440,100519.72,98617.77,100513.68,103308.38,100523.94,100544.9,100540.78,100521.43
2207.700975176,2441,100527.71,98619.73,100519.75,103314.2,100523.94,100545.95,100538.88,100538.48
2207.721628786,2442,100519.72,98624.8,100505.66,103311.29,100523.94,100543.84,100531.68,100532.54
2207.745332642,2443,100527.71,98613.74,100514.71,103308.38,100523.06,100545.95,100537.82,100530.48
2207.765965389,2444,100527.71,98615.7,100531.78,103298.2,100522.02,100538.99,100535.7,100531.51
2207.786539078,2445,100527.71,98614.66,100513.68,103307.29,100524.11,100544.9,100533.8,100526.47
2207.807113105,2446,100523.72,98624.8,100503.71,103327.29,100520.1,100539.83,100535.7,100526.47
2207.827772124,2447,100527.71,98615.7,100513.68,103312.38,100518.0,100537.93,100529.78,100526.47
2207.848369924,2448,100537.82,98620.76,100518.72,103307.29,100519.93,100549.96,100529.78,100534.48
2207.868978579,2449,100536.76,98619.73,100517.69,103308.38,100523.94,100535.82,100533.8,100530.48
2207.88961033,2450,100519.72,98619.73,100515.74,103314.2,100523.94,100545.95,100533.8,100531.51
2207.913302911,2451,100521.85,98625.83,100515.74,103315.29,100522.02,100540.89,100536.76,100530.48
2207.933880739,2452,100527.71,98619.73,100517.69,103322.2,100516.96,100536.88,100536.76,100528.41
2207.954563255,2453,100536.76,98608.67,100523.76,103306.2,100508.92,100543.0,100537.82,100546.49
2207.975180028,2454,100527.71,98611.66,100517.69,103311.29,100526.03,100537.93,100537.82,100544.55
2207.995750812,2455,100531.71,98615.7,100511.73,103307.29,100523.06,100545.95,100529.78,100527.5
2208.016288352,2456,100529.83,98614.66,100515.74,103323.29,100516.96,100541.94,100531.68,100535.51
2208.036925798,2457,100533.58,98611.66,100506.69,103324.38,100513.99,100535.82,100537.82,100530.48
2208.060652035,2458,100528.77,98615.7,100518.72,103312.38,100526.03,100535.82,100537.82,100522.47
2208.081330419,2459,100528.77,98616.73,100502.68,103315.29,100511.89,100535.82,100536.76,100534.48
2208.101931445,2460,100523.72,98623.76,100511.73,103308.38,100528.13,100547.85,100527.66,100546.49
2208.122479542,2461,100536.76,98623.76,100521.7,103321.47,100519.05,100549.96,100532.74,100530.48
2208.143121786,2462,100527.71,98609.59,100514.71,103314.2,100513.99,100545.95,100528.72,100543.52
2208.163701453,2463,100531.71,98615.7,100523.76,103325.47,100509.97,100537.93,100536.76,100540.55
2208.18425124,2464,100531.71,98619.73,100517.69,103320.38,100523.94,100535.82,100544.8,100544.43
2208.204917817,2465,100527.71,98622.72,100515.74,103319.29,100511.02,100545.95,100535.7,100546.49
2208.228589697,2466,100533.58,98605.56,100508.64,103315.29,100522.02,100545.95,100543.96,100554.5
2208.249206145,2467,100519.72,98613.62,100522.73,103332.38,100522.02,100544.9,100543.96,100546.49
2208.269845668,2468,100528.77,98621.69,100511.73,103324.38,100506.83,100545.95,100537.82,100542.49
2208.290505099,2469,100527.71,98622.72,100511.73,103308.38,100522.02,100547.85,100521.74,100530.48
2208.311021463,2470,100528.77,98611.66,100525.71,103323.29,100516.96,100535.82,100533.8,100534.48
2208.33162743,2471,100523.72,98622.72,100513.68,103315.29,100515.91,100539.83,100541.84,100545.46
2208.352543016,2472,100528.77,98621.69,100523.76,103323.29,100519.05,100544.9,100529.78,100550.5
2208.37325668,2473,100527.71,98614.66,100503.71,103315.29,100518.0,100543.84,100529.78,100530.48
2208.396537686,2474,100527.71,98615.7,100521.81,103315.29,100508.92,100533.92,100539.94,100541.46
2208.41727391,2475,100527.71,98622.72,100525.71,103334.2,100513.99,100547.85,100529.78,100530.48
2208.437964291,2476,100528.77,98618.69,100518.72,103315.29,100513.99,100543.84,100537.82,100542.49
2208.459611391,2477,100540.76,98625.72,100523.76,103335.29,100519.93,100549.96,100536.76,100526.47
2208.478990557,2478,100519.72,98621.69,100520.78,103316.38,100518.0,100537.93,100537.82,100536.54
2208.499499737,2479,100524.78,98609.59,100511.73,103316.38,100515.91,100543.84,100533.8,100531.51
2208.520224811,2480,100527.71,98614.66,100515.74,103326.2,100523.94,100531.81,100530.84,100530.48
2208.540810453,2481,100529.83,98623.76,100519.75,103332.38,100518.0,100539.83,100527.66,100527.38
2208.56455546,2482,100532.77,98630.79,100519.75,103336.38,100530.05,100536.88,100530.84,100528.41
2208.58519889,2483,100536.76,98621.69,100515.74,103327.29,100534.07,100536.88,100538.88,100534.48
2208.605793108,2484,100527.71,98618.69,100519.75,103335.29,100534.07,100545.95,100537.82,100525.44
2208.626400398,2485,100529.83,98629.75,100511.73,103327.29,100515.91,100537.93,100542.9,100527.5
2208.646916895,2486,100532.77,98624.8,100511.73,103332.38,100520.97,100539.83,100538.88,100529.44
2208.667511202,2487,100527.71,98623.76,100520.78,103328.38,100508.92,100539.83,100531.9,100520.4
2208.688109533,2488,100536.76,98627.79,100519.75,103327.29,100526.03,100545.95,100520.68,100524.41
2208.709831428,2489,100535.7,98626.76,100523.76,103329.47,100523.94,100536.88,100536.76,100535.51
2208.732519945,2490,100515.73,98637.82,100523.76,103340.38,100523.06,100541.94,100537.82,100542.49
2208.753095353,2491,100527.71,98622.72,100513.68,103336.38,100515.91,100541.94,100538.88,100521.43
2208.773698656,2492,100532.77,98623.76,100511.73,103340.38,100523.94,100539.83,100535.92,100537.45
2208.794280841,2493,100536.76,98626.76,100516.77,103328.38,100508.92,100529.91,100531.9,100546.49
2208.814835507,2494,100523.72,98621.69,100511.73,103332.38,100526.03,100542.79,100537.82,100530.48
2208.835562637,2495,100528.77,98631.83,100513.68,103344.38,100522.89,100529.91,100539.94,100530.48
2208.856067703,2496,100527.71,98622.72,100515.74,103328.38,100518.0,100555.03,100536.76,100541.46
2208.876708383,2497,100520.79,98624.8,100516.77,103327.29,100511.89,100548.91,100531.68,100546.49
2208.900428248,2498,100536.76,98625.72,100516.77,103341.47,100515.91,100545.95,100533.8,100530.48
2208.921053744,2499,100535.7,98626.76,100511.73,103336.38,100516.96,100548.91,100538.88,100534.48
2208.941717335,2500,100528.77,98621.69,100509.67,103315.29,100518.0,100541.94,100525.76,100545.46
2208.962299098,2501,100527.71,98621.69,100519.75,103339.29,100523.94,100543.84,100537.82,100535.51
2208.982878797,2502,100519.72,98623.76,100521.7,103336.38,100513.99,100545.95,100529.78,100523.5
2209.003507166,2503,100537.82,98625.72,100519.75,103328.38,100513.99,100530.97,100535.7,100546.49
2209.024043697,2504,100522.66,98634.82,100516.77,103348.38,100519.05,100537.93,100532.74,100532.54
2209.044680938,2505,100528.77,98631.83,100519.75,103339.29,100523.94,100537.93,100529.78,100530.48
2209.068471288,2506,100526.65,98617.66,100520.78,103332.38,100518.0,100549.96,100535.7,100533.45
2209.089039701,2507,100535.7,98629.75,100511.73,103340.38,100511.89,100545.95,100537.82,100530.48
2209.109668695,2508,100522.66,98629.75,100512.76,103336.38,100522.02,100543.0,100533.8,100544.43
2209.130295014,2509,100519.72,98623.76,100517.69,103336.38,100523.94,100547.01,100540.78,100534.48
2209.150900549,2510,100535.7,98628.83,100521.7,103340.38,100529.0,100545.95,100533.8,100542.49
2209.171406605,2511,100527.96,98627.79,100520.78,103343.29,100509.97,100541.94,100529.78,100533.45
2209.19207238,2512,100525.84,98622.72,100519.75,103338.2,100510.85,100537.93,100536.76,100541.46
2209.212766857,2513,100529.83,98627.79,100513.68,103348.38,100518.0,100535.82,100537.82,100546.49
2209.23641133,2514,100528.77,98638.85,100515.74,103341.47,100518.0,100549.96,100535.7,100533.57
2209.256996811,2515,100537.82,98635.86,100523.76,103341.47,100518.0,100535.82,100525.76,100530.48
2209.277637361,2516,100535.7,98639.89,100519.75,103340.38,100522.02,100545.95,100545.86,100533.45
2209.298211588,2517,100528.77,98626.76,100515.74,103342.56,100515.03,100544.9,100537.82,100526.47
2209.318790806,2518,100523.72,98641.96,100506.69,103335.29,100524.99,100529.91,100539.72,100527.5
2209.339402181,2519,100524.78,98628.83,100511.73,103340.38,100526.03,100538.99,100528.72,100536.42
2209.359962791,2520,100519.72,98615.7,100518.72,103340.38,100528.13,100541.94,100544.8,100546.49
2209.383719683,2521,100520.79,98634.82,100511.73,103341.47,100509.97,100545.95,100524.7,100541.46
2209.4042922,2522,100535.7,98624.8,100517.8,103348.38,100520.1,100547.01,100533.8,100526.47
2209.424950716,2523,100536.76,98626.76,100519.75,103343.29,100513.99,100544.9,100537.82,100547.52
2209.445699588,2524,100527.71,98633.79,100519.75,103340.38,100518.0,100545.95,100532.74,100548.56
2209.466207643,2525,100519.72,98626.76,100511.73,103344.38,100522.02,100535.82,100538.88,100526.47
2209.48674474,2526,100528.77,98636.89,100511.73,103340.38,100518.0,100548.91,100533.8,100533.45
2209.507428423,2527,100539.95,98631.83,100511.73,103336.38,100509.97,100535.82,100538.88,100524.41
2209.527959233,2528,100519.72,98631.83,100519.75,103348.38,100518.0,100545.95,100532.74,100547.52
2209.551636437,2529,100537.82,98634.82,100520.78,103342.56,100524.99,100542.79,100537.82,100538.48
2209.572356705,2530,100534.64,98638.85,100513.68,103341.47,100518.0,100548.91,100541.84,100534.48
2209.592938009,2531,100529.83,98638.97,100506.69,103340.38,100513.99,100545.95,100529.78,100535.51
2209.613478805,2532,100527.71,98623.76,100503.71,103349.47,100518.0,100536.88,100528.72,100529.44
2209.634193461,2533,100528.77,98639.89,100509.67,103353.47,100515.03,100539.83,100537.82,100541.46
2209.654703661,2534,100528.77,98622.72,100511.73,103341.47,100519.05,100545.95,100529.78,100536.54
2209.675287862,2535,100533.83,98623.76,100511.73,103348.38,100522.02,100544.9,100528.72,100532.42
2209.695780061,2536,100523.72,98615.7,100519.75,103348.38,100515.91,100540.89,100533.8,100548.56
2209.719641902,2537,100528.77,98627.79,100511.73,103341.47,100510.85,100545.95,100534.86,100549.59
2209.740216867,2538,100531.71,98626.76,100503.71,103347.29,100515.91,100542.79,100529.78,100536.42
2209.760815599,2539,100532.77,98642.89,100515.74,103348.38,100520.97,100537.93,100545.86,100542.49
2209.781473973,2540,100536.76,98631.83,100510.7,103340.38,100526.03,100539.83,100530.84,100546.49
2209.80202051,2541,100528.77,98631.83,100511.73,103348.38,100513.99,100541.94,100537.82,100518.46
2209.822624294,2542,100528.77,98629.75,100520.78,103348.38,100520.97,100537.93,100544.8,100546.49
2209.843201277,2543,100527.71,98630.79,100523.76,103341.47,100526.03,100545.95,100529.78,100534.48
2209.863829382,2544,100531.71,98625.72,100518.72,103348.38,100531.97,100543.84,100519.62,100542.49
2209.887550885,2545,100535.7,98629.75,100523.76,103340.38,100513.99,100541.94,100538.88,100543.52
2209.908268803,2546,100535.7,98639.89,100514.71,103353.47,100516.96,100545.95,100533.8,100538.48
2209.928809395,2547,100527.71,98639.89,100502.68,103352.38,100513.99,100545.95,100535.92,100538.48
2209.949417218,2548,100531.71,98628.83,100519.75,103348.38,100509.97,100539.83,100528.72,100525.44
2209.970056111,2549,100525.84,98637.82,100519.75,103357.47,100518.0,100543.84,100536.76,100541.46
2209.990582056,2550,100521.85,98643.92,100519.75,103353.47,100515.91,100544.9,100539.94,100544.55
2210.011137783,2551,100520.79,98637.82,100502.68,103352.38,100522.02,100540.89,100537.82,100541.46
2210.031802129,2552,100527.71,98631.83,100520.78,103348.38,100518.0,100540.89,100528.72,100530.48
2210.055561458,2553,100527.71,98641.85,100511.73,103351.29,100518.0,100548.06,100537.82,100530.48
2210.07623182,2554,100527.71,98638.85,100511.73,103348.38,100515.91,100537.93,100535.7,100542.49
2210.096721244,2555,100527.71,98649.91,100517.8,103357.47,100520.97,100547.01,100537.82,100541.46
2210.117346416,2556,100535.7,98638.85,100519.75,103349.47,100520.1,100537.93,100530.84,100529.44
2210.137938676,2557,100524.78,98640.93,100510.7,103349.47,100513.99,100541.94,100541.84,100529.44
2210.158578041,2558,100529.83,98629.75,100508.75,103350.56,100519.05,100543.84,100526.82,100532.54
2210.179171539,2559,100531.71,98639.89,100507.72,103348.38,100516.96,100545.95,100545.86,100531.51
2210.19979792,2560,100535.7,98634.82,100519.75,103351.29,100515.91,100549.96,100533.8,100530.48
2210.223522243,2561,100527.71,98639.89,100510.7,103349.47,100519.93,100541.94,100529.78,100530.48
2210.24408123,2562,100532.77,98640.93,100524.79,103358.56,100519.93,100539.83,100539.94,100530.48
2210.264705866,2563,100527.71,98634.82,100515.74,103354.56,100522.02,100541.94,100536.76,100533.45
2210.285310464,2564,100522.66,98640.93,100518.72,103356.38,100522.02,100543.0,100533.8,100546.49
2210.306042519,2565,100534.64,98637.93,100506.69,103361.47,100531.1,100541.94,100529.78,100542.49
2210.326559515,2566,100528.77,98642.89,100522.73,103356.38,100516.08,100544.9,100535.7,100545.46
2210.347090252,2567,100520.79,98639.89,100507.72,103352.38,100513.99,100538.99,100524.7,100534.48
2210.367817068,2568,100524.78,98638.85,100511.73,103357.47,100526.03,100540.04,100532.74,100538.48
2210.391421834,2569,100525.84,98626.76,100508.75,103348.38,100518.0,100543.84,100533.8,100546.49
2210.412133821,2570,100535.7,98638.85,100515.74,103348.38,100520.97,100541.94,100535.7,100546.49
2210.432829003,2571,100523.72,98642.89,100520.78,103357.47,100509.97,100543.84,100542.9,100543.52
2210.453437147,2572,100523.72,98631.83,100505.66,103354.56,100513.99,100547.85,100536.76,100543.52
2210.474132109,2573,100527.71,98632.86,100523.76,103356.38,100518.0,100545.95,100537.82,100530.48
2210.494758292,2574,100532.77,98647.96,100517.69,103356.74,100520.1,100548.91,100533.8,100534.48
2210.515407317,2575,100532.77,98639.89,100519.75,103353.47,100526.03,100541.94,100541.84,100534.48
2210.535695167,2576,100527.71,98657.06,100501.65,103356.38,100526.03,100541.94,100533.8,100538.48
2210.559412034,2577,100527.71,98647.96,100520.78,103356.38,100523.94,100539.83,100534.86,100546.49
2210.579961335,2578,100519.72,98639.89,100512.76,103360.38,100516.96,100545.95,100528.72,100544.55
2210.600613184,2579,100524.78,98635.86,100515.74,103352.38,100521.14,100541.94,100531.9,100529.44
2210.621354733,2580,100529.83,98642.89,100519.75,103356.38,100518.0,100545.95,100529.78,100530.48
2210.642030451,2581,100525.84,98638.85,100519.75,103357.47,100518.0,100540.89,100537.82,100540.43
2210.66271353,2582,100528.77,98647.96,100517.69,103356.38,100518.0,100539.83,100529.78,100530.48
2210.68352729,2583,100528.77,98647.96,100512.76,103365.47,100526.03,100541.94,100538.88,100534.48
2210.706759849,2584,100523.72,98639.89,100521.81,103348.38,100513.99,100543.0,100529.78,100540.55
2210.727356801,2585,100537.82,98647.96,100516.77,103358.56,100514.86,100540.89,100538.88,100538.48
2210.748052978,2586,100529.83,98645.88,100520.78,103361.47,100515.03,100545.95,100536.76,100531.51
2210.768683436,2587,100518.66,98639.89,100521.81,103357.47,100520.97,100543.84,100537.82,100546.49
2210.789352387,2588,100519.72,98631.83,100519.75,103357.47,100515.91,100548.91,100545.86,100546.49
2210.810077603,2589,100523.72,98631.83,100521.81,103360.38,100533.02,100537.93,100533.8,100548.56
2210.830808504,2590,100523.72,98646.92,100519.75,103358.56,100515.91,100539.83,100538.88,100533.45
2210.851311681,2591,100524.78,98629.75,100520.78,103358.56,100526.03,100537.93,100541.84,100536.54
2210.874701975,2592,100535.7,98643.92,100520.78,103360.38,100520.97,100545.95,100537.82,100526.47
2210.895327202,2593,100524.78,98647.96,100519.75,103348.38,100512.94,100545.95,100530.84,100542.49
2210.91605348,2594,100529.83,98647.96,100521.81,103349.47,100515.91,100545.95,100536.76,100530.48
2210.936681349,2595,100533.83,98639.89,100516.77,103360.38,100515.91,100548.91,100528.72,100531.51
2210.957329026,2596,100524.78,98649.91,100520.78,103351.29,100506.83,100541.94,100531.9,100543.52
2210.978060934,2597,100527.71,98638.85,100515.74,103356.38,100509.97,100533.92,100537.82,100530.48
2210.998718766,2598,100529.83,98647.96,100515.74,103354.56,100522.02,100543.84,100529.78,100534.48
2211.019294702,2599,100527.71,98639.89,100516.77,103353.47,100518.0,100541.94,100529.78,100535.51
2211.042643326,2600,100535.7,98638.85,100518.72,103356.38,100526.03,100539.83,100541.84,100530.48
2211.06330744,2601,100527.71,98638.85,100512.76,103349.47,100509.97,100548.91,100534.86,100542.49
2211.083970689,2602,100536.76,98629.75,100520.78,103357.47,100520.1,100533.92,100534.86,100540.55
2211.104614348,2603,100527.71,98629.75,100518.72,103356.38,100518.0,100541.94,100535.92,100546.49
2211.125202221,2604,100529.83,98632.86,100521.81,103352.38,100515.91,100547.01,100541.84,100548.56
2211.145866749,2605,100525.84,98637.82,100520.78,103360.38,100518.0,100541.94,100532.74,100534.48
2211.166559094,2606,100523.72,98629.75,100515.74,103357.47,100513.99,100547.01,100529.78,100542.49
2211.187218882,2607,100535.7,98647.96,100521.81,103357.47,100520.1,100545.95,100536.76,100533.45
2211.210642375,2608,100520.79,98630.79,100514.83,103353.47,100509.97,100541.94,100525.76,100538.48
2211.231359886,2609,100521.85,98631.83,100520.78,103357.47,100522.02,100548.91,100537.82,100538.48
2211.25196624,2610,100524.78,98642.89,100511.73,103357.47,100518.0,100533.92,100543.96,100534.48
2211.272595487,2611,100536.76,98635.86,100514.83,103348.38,100515.91,100537.93,100533.8,100531.51
2211.293207263,2612,100537.82,98639.89,100511.73,103357.47,100507.88,100533.92,100538.88,100530.48
2211.313929718,2613,100535.7,98631.83,100512.76,103350.56,100522.02,100549.96,100533.8,100530.48
2211.334492496,2614,100535.7,98640.93,100511.73,103356.38,100527.08,100537.93,100537.82,100540.55
2211.35514365,2615,100529.83,98639.89,100515.74,103357.47,100519.93,100537.93,100531.68,100541.46
2211.378549367,2616,100520.79,98639.89,100519.75,103356.38,100522.02,100541.94,100537.82,100530.48
2211.399165768,2617,100527.71,98635.86,100511.73,103352.38,100509.97,100545.95,100525.76,100532.54
2211.419844779,2618,100524.78,98636.89,100511.73,103353.47,100518.0,100545.95,100529.78,100535.51
2211.44058905,2619,100528.77,98630.79,100519.75,103356.38,100522.02,100543.84,100525.76,100536.54
2211.46123912,2620,100528.77,98639.89,100515.74,103358.56,100526.03,100533.92,100525.76,100535.51
2211.481634982,2621,100528.77,98638.85,100521.81,103356.38,100526.03,100540.04,100535.7,100546.49
2211.502265865,2622,100528.77,98635.86,100521.81,103357.47,100528.13,100549.96,100536.76,100538.48
2211.522840168,2623,100528.77,98638.85,100519.75,103356.38,100509.97,100547.01,100533.8,100544.55
2211.546577724,2624,100533.83,98629.75,100511.73,103365.47,100518.0,100547.01,100538.88,100544.55
2211.567195901,2625,100535.7,98631.83,100510.7,103361.47,100530.05,100549.96,100541.84,100531.51
2211.587747723,2626,100528.77,98627.79,100506.69,103356.38,100526.03,100533.92,100541.84,100530.48
2211.608388082,2627,100525.84,98631.83,100508.75,103362.56,100516.96,100545.95,100531.9,100534.48
2211.628910953,2628,100529.83,98643.92,100511.73,103359.65,100526.03,100548.91,100537.82,100532.54
2211.649619677,2629,100529.83,98637.82,100519.75,103356.38,100529.0,100541.94,100533.8,100546.49
2211.670118622,2630,100532.77,98632.86,100509.79,103362.56,100513.99,100547.01,100539.94,100544.43
2211.69085059,2631,100533.83,98623.76,100519.75,103358.56,100518.0,100549.96,100541.84,100543.52
2211.71443109,2632,100527.71,98642.89,100521.81,103356.38,100513.99,100547.01,100529.78,100545.46
2211.735268383,2633,100545.81,98630.79,100524.79,103358.56,100513.99,100537.93,100545.86,100543.52
2211.755686795,2634,100528.77,98648.99,100516.77,103364.38,100518.0,100541.94,100536.76,100531.51
2211.776324256,2635,100521.85,98636.89,100521.81,103362.56,100526.03,100537.93,100537.82,100546.49
2211.796892903,2636,100529.83,98639.89,100505.78,103349.47,100512.06,100548.91,100533.8,100542.49
2211.817634805,2637,100529.83,98630.79,100512.76,103356.38,100530.05,100540.89,100533.8,100534.48
2211.838044133,2638,100535.7,98639.89,100513.79,103353.47,100515.91,100548.91,100537.82,100544.43
2211.861834528,2639,100527.71,98639.89,100521.81,103364.38,100509.97,100541.94,100537.82,100535.51
2211.882415905,2640,100530.9,98631.83,100519.75,103358.56,100518.0,100535.82,100538.88,100547.52
2211.903020571,2641,100524.78,98635.86,100527.77,103364.38,100518.0,100537.93,100539.94,100548.56
2211.92358251,2642,100525.84,98639.89,100515.74,103361.47,100513.99,100549.96,100544.8,100544.55
2211.944178434,2643,100528.77,98630.79,100519.75,103361.47,100518.0,100543.84,100529.78,100546.49
2211.964800605,2644,100521.85,98638.85,100520.78,103364.38,100528.13,100549.96,100538.88,100530.48
2211.985512591,2645,100532.77,98629.75,100516.77,103359.65,100507.88,100537.93,100537.82,100531.51
2212.00610033,2646,100527.71,98637.82,100511.73,103361.47,100515.91,100533.92,100535.7,100543.52
2212.029767835,2647,100528.77,98640.93,100515.74,103354.56,100516.96,100541.94,100541.84,100547.52
2212.050449732,2648,100527.71,98638.85,100511.73,103361.47,100526.03,100544.9,100541.84,100530.48
2212.070970345,2649,100527.71,98631.83,100516.77,103360.38,100511.89,100544.9,100537.82,100538.48
2212.091651792,2650,100527.71,98640.93,100517.8,103357.47,100518.0,100545.95,100537.82,100532.54
2212.112207184,2651,100527.71,98637.82,100521.81,103360.38,100518.0,100537.93,100529.78,100530.48
2212.132784536,2652,100523.72,98632.86,100525.82,103368.74,100526.03,100535.82,100533.8,100532.54
2212.153358603,2653,100527.71,98635.86,100524.79,103361.47,100513.99,100537.93,100529.78,100532.54
2212.173955312,2654,100520.79,98635.86,100507.72,103360.38,100528.13,100553.97,100529.78,100534.48
2212.197775099,2655,100528.77,98639.89,100519.75,103362.56,100525.86,100537.93,100530.84,100533.45
2212.218349757,2656,100531.71,98639.89,100510.7,103362.56,100512.94,100537.93,100533.8,100530.48
2212.23893951,2657,100529.83,98640.93,100511.73,103357.47,100526.03,100541.94,100538.88,100530.48
2212.259589039,2658,100532.77,98643.92,100513.79,103369.47,100518.0,100536.88,100538.88,100545.46
2212.280138823,2659,100539.95,98638.85,100510.82,103362.56,100522.02,100543.0,100530.84,100534.48
2212.300743267,2660,100536.76,98639.89,100522.84,103362.56,100516.08,100543.84,100529.78,100532.42
2212.321359018,2661,100534.64,98639.89,100524.79,103358.56,100511.89,100541.94,100535.92,100541.46
2212.341934993,2662,100527.71,98639.89,100515.74,103357.47,100518.0,100541.94,100529.78,100543.52
2212.365689589,2663,100526.65,98640.93,100512.76,103357.47,100516.96,100547.01,100531.9,100530.48
2212.386263607,2664,100527.71,98639.89,100511.73,103364.38,100520.97,100529.91,100533.8,100524.41
2212.406928673,2665,100537.82,98640.93,100517.8,103362.56,100509.97,100544.9,100542.9,100530.48
2212.427470885,2666,100533.83,98640.93,100513.79,103374.56,100518.0,100537.93,100533.8,100530.48
2212.44813508,2667,100524.78,98641.96,100523.76,103364.38,100516.96,100541.94,100529.78,100546.49
2212.468781554,2668,100529.83,98640.93,100519.75,103370.56,100535.11,100543.0,100533.8,100532.54
2212.489349193,2669,100527.71,98644.96,100513.79,103370.56,100509.97,100537.93,100529.78,100541.46
2212.509914361,2670,100519.72,98631.83,100517.69,103357.47,100526.03,100537.93,100541.84,100544.55
2212.533692579,2671,100532.77,98633.79,100519.75,103364.38,100520.97,100533.92,100542.9,100538.48
2212.554252286,2672,100529.83,98639.89,100509.67,103356.38,100520.1,100541.94,100537.82,100542.49
2212.57644157,2673,100528.77,98639.89,100520.78,103361.47,100518.0,100535.82,100538.88,100534.48
2212.596873464,2674,100539.7,98639.89,100515.74,103369.47,100513.99,100534.77,100539.94,100531.51
2212.616068384,2675,100536.76,98638.85,100511.73,103357.47,100518.0,100541.94,100531.9,100556.57
2212.636769584,2676,100536.76,98639.89,100517.69,103365.47,100522.02,100553.97,100543.96,100530.48
2212.6572704,2677,100529.83,98639.89,100508.75,103358.56,100511.02,100541.94,100542.9,100546.49
2212.677842467,2678,100536.76,98640.93,100517.69,103358.56,100509.97,100533.92,100538.88,100536.54
2212.701656164,2679,100527.71,98643.92,100511.73,103365.47,100515.91,100553.97,100529.78,100522.47
2212.723152914,2680,100521.85,98641.85,100509.79,103373.47,100515.91,100537.93,100538.88,100534.48
2212.742808374,2681,100519.72,98631.83,100524.79,103364.38,100518.0,100537.93,100537.82,100535.51
2212.763387475,2682,100528.77,98635.86,100525.82,103362.56,100518.0,100552.92,100535.92,100521.43
2212.78401028,2683,100523.72,98639.89,100511.73,103365.47,100519.93,100547.01,100537.82,100546.49
2212.804637509,2684,100528.77,98646.92,100515.74,103362.56,100507.88,100541.94,100543.96,100546.49
2212.825249519,2685,100537.82,98638.85,100512.76,103362.56,100512.94,100545.95,100534.86,100530.48
2212.84593768,2686,100524.78,98646.92,100511.73,103366.56,100522.02,100545.95,100537.82,100533.45
2212.869516287,2687,100519.72,98630.79,100517.8,103364.38,100518.0,100537.93,100542.9,100538.48
2212.890198944,2688,100528.77,98632.86,100513.79,103367.65,100518.0,100544.9,100537.82,100526.47
2212.910786311,2689,100524.78,98635.86,100512.65,103368.74,100518.0,100545.95,100547.98,100523.5
2212.931333339,2690,100524.78,98635.86,100527.77,103361.47,100524.11,100545.95,100523.86,100515.37
2212.951961636,2691,100524.78,98641.96,100509.67,103366.56,100522.02,100535.82,100537.82,100544.55
2212.973689971,2692,100528.77,98635.86,100519.75,103358.56,100526.03,100543.84,100535.92,100543.52
2212.993473196,2693,100519.72,98633.9,100509.67,103372.74,100526.03,100543.84,100533.8,100530.48
2213.014244943,2694,100537.82,98644.96,100510.7,103360.38,100518.0,100532.87,100538.88,100534.48
2213.037558101,2695,100529.83,98640.93,100511.73,103369.47,100518.0,100551.86,100533.8,100539.52
2213.058211745,2696,100529.83,98633.79,100518.72,103365.47,100509.97,100535.82,100529.78,100530.48
2213.078830369,2697,100532.77,98637.82,100511.73,103375.64,100515.91,100541.94,100536.76,100536.54
2213.099519638,2698,100529.83,98647.96,100511.73,103370.56,100527.08,100537.93,100533.8,100530.48
2213.120160712,2699,100536.76,98631.83,100513.68,103366.56,100526.03,100537.93,100529.78,100544.55
2213.140799389,2700,100525.84,98623.76,100511.73,103361.47,100515.91,100543.0,100530.84,100531.51
2213.161989302,2701,100520.79,98638.85,100515.74,103365.47,100513.99,100541.94,100535.92,100539.52
2213.184880707,2702,100529.83,98639.89,100512.76,103374.56,100518.0,100543.84,100538.88,100534.48
2213.205516382,2703,100535.7,98640.93,100511.73,103365.47,100526.03,100543.84,100534.86,100534.48
2213.226088673,2704,100529.83,98634.82,100519.75,103361.47,100513.99,100537.93,100533.8,100538.48
2213.246671229,2705,100539.7,98642.89,100522.73,103368.74,100511.89,100532.87,100529.78,100540.43
2213.267507819,2706,100532.77,98646.0,100507.72,103365.47,100518.0,100545.95,100531.9,100526.47
2213.287953353,2707,100519.72,98641.85,100511.73,103357.47,100508.92,100545.95,100536.76,100526.47
2213.3084811,2708,100526.9,98639.89,100515.74,103358.56,100516.08,100545.95,100543.96,100528.53
2213.329011151,2709,100525.84,98647.96,100511.73,103368.74,100518.0,100544.9,100525.76,100547.52
2213.352854582,2710,100527.71,98643.92,100519.75,103363.65,100524.99,100543.84,100531.9,100534.48
2213.373451737,2711,100520.79,98635.86,100511.73,103362.56,100518.0,100537.93,100538.88,100530.48
2213.394053736,2712,100537.82,98635.86,100511.73,103365.47,100526.03,100533.92,100527.88,100531.51
2213.414643914,2713,100520.79,98637.82,100511.73,103365.47,100518.0,100533.92,100539.94,100533.57
2213.435251683,2714,100523.72,98630.79,100511.73,103368.38,100509.97,100535.82,100531.9,100538.48
2213.455848484,2715,100535.7,98635.86,100519.75,103374.56,100527.96,100540.89,100536.98,100532.54
2213.4764336,2716,100531.96,98631.83,100512.76,103364.38,100515.91,100540.89,100539.94,100531.51
2213.497119954,2717,100527.71,98635.86,100511.73,103382.55,100515.91,100543.0,100541.0,100536.54
2213.520797201,2718,100537.82,98631.83,100513.79,103366.56,100518.0,100534.98,100530.84,100532.54
2213.541384806,2719,100528.77,98631.83,100515.74,103365.47,100527.08,100538.99,100542.06,100533.57
2213.562012115,2720,100521.85,98636.89,100512.76,103369.47,100518.0,100541.94,100543.96,100532.54
2213.582652664,2721,100533.83,98635.86,100514.71,103373.47,100518.0,100545.95,100531.9,100542.49
2213.603203622,2722,100527.71,98630.79,100522.84,103372.38,100522.02,100537.93,100539.94,100531.51
2213.623756772,2723,100529.83,98639.89,100519.75,103378.55,100515.91,100544.05,100541.0,100532.54
2213.644413436,2724,100527.96,98625.83,100507.72,103364.38,100526.03,100547.01,100531.9,100536.54
2213.664923612,2725,100523.72,98625.72,100515.74,103367.65,100508.92,100543.0,100532.96,100531.51
2213.688718211,2726,100533.83,98631.83,100523.76,103372.38,100526.03,100549.96,100542.06,100530.48
2213.709292104,2727,100527.71,98623.76,100508.75,103369.47,100519.05,100553.97,100541.0,100530.48
2213.729962274,2728,100537.82,98618.69,100521.81,103376.38,100512.94,100543.84,100550.09,100528.53
2213.750597824,2729,100529.83,98623.76,100513.79,103366.56,100519.05,100541.94,100542.9,100534.48
2213.771198014,2730,100525.84,98631.83,100519.75,103366.56,100508.92,100537.93,100546.08,100530.48
2213.79183411,2731,100536.76,98625.72,100521.81,103376.73,100511.02,100538.99,100523.86,100532.54
2213.81242125,2732,100537.82,98631.83,100519.75,103364.38,100515.03,100535.82,100536.98,100530.48
2213.833048716,2733,100527.71,98623.76,100503.71,103366.56,100523.94,100535.82,100539.94,100530.48
2213.856734169,2734,100520.79,98630.79,100521.81,103364.38,100507.88,100545.95,100556.02,100538.48
2213.877317455,2735,100525.84,98630.79,100511.73,103382.55,100518.0,100533.92,100545.02,100540.55
2213.897857856,2736,100529.83,98623.76,100512.76,103372.38,100518.0,100541.94,100539.94,100532.54
2213.918428063,2737,100529.83,98626.76,100512.76,103374.56,100527.08,100556.08,100527.88,100532.54
2213.939050929,2738,100525.84,98615.7,100521.81,103374.56,100511.89,100543.84,100538.04,100544.55
2213.959604153,2739,100527.71,98624.8,100520.78,103378.55,100509.97,100548.91,100534.86,100537.45
2213.980237802,2740,100528.77,98626.76,100519.75,103373.47,100509.97,100545.95,100543.96,100531.51
2214.000819492,2741,100527.71,98626.76,100519.75,103365.47,100526.03,100537.93,100531.9,100540.55
2214.024591251,2742,100528.77,98627.79,100511.73,103373.47,100526.03,100539.83,100534.02,100535.51
2214.045209151,2743,100528.77,98618.69,100519.75,103373.47,100509.97,100544.9,100543.96,100538.48
2214.065813952,2744,100532.77,98614.66,100521.81,103367.65,100518.0,100535.82,100535.92,100536.54
2214.086516917,2745,100527.71,98623.76,100513.79,103365.47,100526.03,100541.94,100535.92,100542.49
2214.107042039,2746,100521.85,98618.69,100520.78,103358.56,100519.93,100541.94,100535.92,100534.48
2214.127606839,2747,100540.76,98627.79,100505.78,103373.47,100515.91,100544.9,100539.94,100530.48
2214.148223698,2748,100526.9,98619.73,100511.73,103384.73,100511.89,100541.94,100536.98,100529.44
2214.168917503,2749,100529.83,98610.63,100522.84,103376.73,100519.05,100541.94,100541.0,100532.54
2214.192604717,2750,100520.79,98629.75,100516.77,103386.55,100519.93,100539.83,100538.04,100550.5
2214.213256394,2751,100528.77,98615.7,100514.71,103374.56,100507.88,100545.95,100541.0,100530.48
2214.233793219,2752,100535.7,98631.83,100509.79,103366.56,100518.0,100533.92,100536.98,100526.47
2214.254454831,2753,100520.79,98613.62,100515.74,103373.47,100519.05,100533.92,100539.94,100522.47
2214.275083549,2754,100520.79,98621.69,100519.75,103379.64,100520.97,100545.95,100535.92,100533.45
2214.29565957,2755,100527.71,98618.69,100512.76,103375.64,100520.1,100534.77,100531.9,100531.51
2214.316230818,2756,100529.83,98610.63,100519.75,103380.73,100515.91,100541.94,100527.88,100530.48
2214.336836386,2757,100533.83,98632.86,100519.75,103374.56,100513.99,100544.9,100531.9,100548.56
2214.360507589,2758,100527.71,98623.76,100520.78,103382.55,100523.06,100541.94,100547.98,100534.48
2214.381144673,2759,100528.77,98622.72,100519.75,103372.38,100513.99,100545.95,100539.94,100542.49
2214.401757124,2760,100523.72,98624.8,100512.76,103374.56,100534.07,100540.89,100535.92,100536.54
2214.422429603,2761,100527.71,98615.7,100521.81,103368.74,100512.06,100544.9,100543.96,100541.46
2214.44302544,2762,100523.72,98622.72,100515.74,103365.47,100515.91,100528.86,100542.06,100533.45
2214.463623872,2763,100529.83,98631.83,100513.79,103378.55,100509.97,100541.94,100547.98,100539.52
2214.484145437,2764,100537.82,98631.83,100520.78,103378.55,100522.02,100545.95,100546.92,100550.5
2214.507883735,2765,100523.72,98624.8,100511.73,103364.38,100518.0,100533.92,100530.84,100538.48
2214.528470849,2766,100525.84,98623.76,100515.74,103374.56,100530.05,100541.94,100549.04,100526.47
2214.549077487,2767,100537.82,98615.7,100508.75,103381.46,100526.03,100545.95,100541.0,100532.54
2214.569669525,2768,100525.84,98615.7,100521.81,103374.56,100515.91,100545.95,100538.88,100530.48
2214.590300762,2769,100524.78,98613.62,100519.75,103373.47,100526.03,100547.01,100535.92,100534.48
2214.610918337,2770,100534.89,98618.69,100519.75,103366.56,100509.97,100541.94,100525.76,100544.55
2214.631474892,2771,100529.83,98619.73,100517.8,103382.55,100511.02,100537.93,100549.04,100530.48
2214.652195267,2772,100525.84,98613.62,100521.81,103377.47,100518.0,100549.96,100542.9,100534.48
2214.675855371,2773,100525.84,98610.63,100513.79,103364.38,100518.0,100547.85,100536.98,100545.58
2214.696416778,2774,100535.7,98614.66,100509.79,103376.73,100523.94,100544.9,100539.94,100545.46
2214.717093313,2775,100529.83,98623.76,100521.81,103372.74,100523.94,100541.94,100533.8,100524.53
2214.737686445,2776,100529.83,98619.73,100505.78,103382.55,100523.94,100549.96,100532.96,100529.44
2214.758306383,2777,100531.71,98615.7,100505.78,103375.64,100508.92,100537.93,100532.96,100534.48
2214.778879759,2778,100534.89,98624.8,100506.69,103376.73,100528.13,100539.83,100535.92,100529.44
2214.799437289,2779,100537.82,98615.7,100509.67,103376.73,100518.0,100537.93,100542.06,100546.49
2214.820042851,2780,100531.71,98620.76,100514.83,103373.47,100516.08,100544.9,100541.0,100546.49
2214.843882786,2781,100528.77,98623.76,100513.79,103374.56,100519.05,100547.01,100529.78,100534.48
2214.864423197,2782,100527.96,98623.76,100520.78,103366.56,100523.94,100537.93,100539.94,100535.51
2214.885057401,2783,100531.96,98627.79,100514.71,103374.56,100520.1,100545.95,100536.98,100528.53
2214.905670108,2784,100531.96,98615.7,100511.73,103366.56,100518.0,100545.95,100536.98,100534.48
2214.926199651,2785,100537.82,98622.72,100518.84,103382.55,100526.03,100538.78,100535.92,100530.48
2214.946819269,2786,100524.78,98611.66,100508.75,103384.73,100513.99,100541.94,100523.86,100531.51
2214.967382708,2787,100532.77,98623.76,100511.73,103382.55,100513.99,100537.93,100527.88,100522.47
2214.988048623,2788,100525.84,98617.66,100507.72,103374.56,100518.0,100547.01,100542.06,100536.54
2215.011746918,2789,100525.84,98615.7,100517.8,103382.55,100520.1,100541.94,100542.06,100548.56
2215.032357503,2790,100529.83,98619.73,100522.84,103374.56,100536.16,100545.95,100531.9,100530.48
2215.052996638,2791,100525.84,98626.76,100521.81,103377.47,100523.94,100536.88,100531.9,100546.49
2215.073574528,2792,100529.83,98623.76,100512.76,103374.56,100518.0,100545.95,100532.96,100536.54
2215.09417655,2793,100529.83,98622.72,100519.75,103386.55,100524.99,100537.93,100531.9,100532.54
2215.114747933,2794,100535.7,98619.73,100521.81,103375.64,100516.96,100537.93,100534.86,100532.54
2215.135304111,2795,100523.72,98623.76,100521.81,103382.55,100526.03,100545.95,100547.98,100530.48
2215.155961374,2796,100535.7,98623.76,100517.8,103384.73,100524.99,100545.95,100539.94,100530.48
2215.179729513,2797,100529.83,98623.76,100511.73,103388.73,100518.0,100535.82,100541.0,100528.53
2215.200309672,2798,100516.79,98623.76,100513.79,103374.56,100515.03,100532.87,100538.88,100549.59
2215.220943209,2799,100528.77,98624.8,100510.7,103381.46,100520.1,100541.94,100535.92,100530.48
2215.241462788,2800,100529.83,98623.76,100529.83,103365.47,100516.96,100543.84,100539.94,100540.55
2215.262106292,2801,100531.96,98623.76,100509.67,103388.73,100523.94,100545.95,100538.04,100530.48
2215.282702183,2802,100529.83,98621.69,100521.81,103372.38,100513.99,100544.9,100554.96,100540.55
2215.303338256,2803,100524.78,98623.76,100519.75,103374.56,100515.91,100541.94,100527.88,100527.5
2215.323922673,2804,100519.72,98623.76,100515.86,103374.56,100519.05,100529.91,100529.78,100531.51
2215.347649491,2805,100528.77,98622.72,100512.76,103373.47,100519.05,100547.01,100536.98,100542.49
2215.36827698,2806,100524.78,98631.83,100529.83,103380.37,100524.11,100537.93,100535.92,100538.6
2215.388955944,2807,100529.83,98624.8,100521.81,103373.47,100522.02,100552.92,100531.9,100531.51
2215.409495309,2808,100529.83,98615.7,100512.76,103374.56,100513.99,100553.97,100541.0,100534.48
2215.430113333,2809,100537.82,98624.8,100521.81,103374.56,100519.05,100536.88,100534.02,100536.54
2215.45071138,2810,100519.72,98625.83,100521.81,103375.64,100518.0,100543.84,100530.84,100530.48
2215.471486013,2811,100533.83,98624.8,100512.76,103376.73,100513.99,100543.0,100530.0,100532.54
2215.491958036,2812,100524.78,98627.79,100505.78,103367.65,100512.06,100545.95,100534.02,100540.55
2215.515648636,2813,100531.71,98629.87,100507.72,103376.73,100522.02,100545.95,100541.0,100543.52
2215.536283975,2814,100523.97,98624.8,100507.84,103374.56,100518.0,100533.92,100526.82,100539.52
2215.556942181,2815,100531.71,98623.76,100522.84,103370.56,100514.86,100538.99,100534.02,100530.6
2215.577516731,2816,100537.82,98622.72,100520.78,103382.55,100507.88,100545.95,100532.96,100536.54
2215.598081156,2817,100513.86,98621.69,100516.77,103373.47,100523.94,100535.82,100523.86,100528.53
2215.61873196,2818,100523.72,98627.79,100508.75,103376.73,100513.99,100540.89,100539.94,100541.58
2215.639253351,2819,100519.72,98618.69,100521.81,103358.56,100528.13,100540.89,100534.86,100536.54
2215.663019957,2820,100516.79,98627.79,100517.8,103368.74,100535.11,100537.93,100543.96,100528.53
2215.68359182,2821,100527.71,98619.73,100521.81,103358.56,100516.96,100545.95,100534.86,100536.42
2215.704568896,2822,100529.83,98623.76,100516.77,103360.74,100519.05,100541.94,100547.98,100536.54
2215.724809504,2823,100531.71,98618.69,100513.79,103376.73,100529.0,100531.81,100525.98,100548.56
2215.745474978,2824,100530.9,98626.76,100513.79,103354.56,100518.0,100547.01,100535.92,100522.47
2215.765981033,2825,100520.79,98615.7,100522.84,103364.74,100509.97,100541.94,100535.92,100536.54
2215.786630181,2826,100525.84,98622.72,100515.74,103364.74,100531.1,100545.95,100531.9,100533.45
2215.807271165,2827,100524.78,98623.76,100516.77,103360.74,100522.02,100538.99,100539.94,100530.48
2215.830967239,2828,100535.7,98623.76,100520.78,103352.74,100519.05,100541.94,100528.94,100535.51
2215.851551951,2829,100529.83,98619.73,100503.71,103358.56,100511.89,100543.84,100542.06,100522.47
2215.872161789,2830,100519.72,98632.86,100513.79,103375.64,100526.03,100543.0,100534.02,100544.55
2215.892792616,2831,100536.76,98624.8,100512.76,103362.56,100519.05,100536.88,100538.88,100530.48
2215.913377423,2832,100535.7,98622.72,100513.79,103368.74,100523.06,100540.89,100527.88,100537.57
2215.933966376,2833,100536.76,98619.73,100508.75,103358.56,100509.97,100543.0,100549.04,100531.51
2215.954610879,2834,100524.78,98619.73,100513.79,103358.56,100518.0,100545.95,100535.92,100543.52
2215.975177583,2835,100527.71,98614.66,100519.75,103350.56,100518.0,100544.9,100535.92,100531.51
2215.998894392,2836,100516.79,98625.83,100510.82,103358.56,100518.0,100545.95,100535.92,100544.55
2216.019471703,2837,100523.72,98623.76,100513.79,103366.56,100513.99,100541.94,100538.04,100532.54
2216.04007169,2838,100519.72,98614.66,100521.81,103351.65,100513.99,100536.88,100542.06,100536.54
2216.060660319,2839,100536.76,98632.86,100509.79,103357.47,100523.06,100545.95,100541.0,100532.54
2216.081363048,2840,100523.97,98614.66,100508.75,103357.83,100516.96,100545.95,100534.02,100532.54
2216.102005441,2841,100528.77,98618.69,100503.71,103360.74,100522.02,100541.94,100542.06,100530.48
2216.12316108,2842,100521.85,98629.87,100521.81,103360.74,100513.99,100547.01,100539.94,100528.53
2216.143114219,2843,100527.71,98621.69,100520.78,103360.74,100516.96,100545.95,100532.96,100532.54
2216.166860004,2844,100535.7,98627.79,100511.73,103364.74,100518.0,100537.93,100529.78,100533.57
2216.187435445,2845,100521.85,98623.76,100509.67,103360.74,100522.02,100537.93,100541.0,100530.48
2216.208067315,2846,100521.85,98628.83,100507.72,103358.56,100516.96,100551.02,100532.96,100527.5
2216.228682323,2847,100531.71,98632.86,100519.75,103354.56,100509.97,100552.07,100528.94,100528.53
2216.249294389,2848,100527.71,98631.83,100505.78,103356.74,100518.0,100540.04,100541.0,100530.48
2216.269854658,2849,100536.76,98623.76,100515.74,103363.65,100509.97,100545.95,100533.8,100532.54
2216.290509099,2850,100525.84,98623.76,100517.8,103366.56,100522.02,100544.05,100531.9,100532.54
2216.311010208,2851,100537.82,98627.79,100519.75,103361.47,100509.97,100541.94,100531.9,100539.52
2216.334811284,2852,100521.85,98624.8,100512.76,103358.56,100520.1,100544.9,100532.96,100527.5
2216.355405819,2853,100534.64,98623.76,100517.8,103367.65,100526.03,100543.0,100542.06,100536.54
2216.375984438,2854,100525.84,98614.66,100513.79,103365.47,100526.03,100537.93,100534.02,100531.51
2216.396636398,2855,100529.83,98618.69,100506.81,103368.74,100518.0,100536.88,100525.76,100545.58
2216.417282505,2856,100531.71,98615.7,100515.86,103370.56,100511.89,100535.82,100542.06,100534.6
2216.437804549,2857,100525.84,98623.76,100514.83,103350.56,100516.08,100542.79,100535.92,100537.57
2216.458420401,2858,100527.71,98624.8,100509.79,103360.74,100518.0,100543.84,100534.02,100524.53
2216.479059054,2859,100535.95,98622.72,100507.84,103367.65,100518.0,100538.99,100538.04,100524.53
2216.502744975,2860,100532.77,98609.59,100513.79,103356.74,100526.03,100536.88,100542.06,100540.55
2216.523376683,2861,100521.85,98623.76,100510.82,103362.56,100518.0,100548.91,100530.0,100530.48
2216.54405619,2862,100531.71,98632.86,100519.75,103360.74,100518.0,100541.94,100535.92,100539.52
2216.564657836,2863,100524.78,98622.72,100521.81,103364.74,100518.0,100537.93,100538.04,100545.58
2216.585212067,2864,100525.84,98625.72,100513.79,103368.74,100513.99,100541.1,100535.92,100536.54
2216.60578625,2865,100537.82,98633.9,100509.79,103360.74,100522.02,100545.95,100536.98,100532.54
2216.626383763,2866,100528.77,98615.7,100521.81,103360.74,100516.96,100544.9,100532.96,100526.47
2216.646958146,2867,100537.82,98614.66,100523.88,103360.74,100520.1,100537.93,100539.94,100532.54
2216.670690892,2868,100531.96,98623.76,100511.73,103358.56,100518.0,100533.92,100531.9,100536.54
2216.691366156,2869,100525.84,98627.79,100521.81,103364.74,100516.96,100541.94,100542.06,100524.53
2216.711927515,2870,100523.72,98607.63,100508.75,103372.74,100526.03,100542.79,100542.06,100530.48
2216.732514732,2871,100519.72,98619.73,100517.8,103372.74,100516.08,100547.85,100538.04,100530.48
2216.753171199,2872,100528.77,98620.76,100512.76,103368.74,100518.0,100545.95,100537.82,100530.48
2216.775975408,2873,100529.83,98624.8,100521.81,103368.74,100520.1,100553.97,100534.02,100532.54
2216.79440623,2874,100527.71,98623.76,100529.83,103360.74,100516.96,100541.94,100530.84,100534.48
2216.814948349,2875,100526.65,98628.83,100513.79,103366.56,100522.02,100536.88,100536.98,100531.51
2216.838681405,2876,100520.79,98611.66,100522.84,103368.74,100509.97,100528.86,100535.92,100534.48
2216.859296582,2877,100521.85,98623.76,100512.76,103360.74,100513.99,100544.9,100541.0,100531.51
2216.87981289,2878,100527.71,98623.76,100506.81,103364.74,100509.97,100547.01,100542.06,100544.55
2216.900506175,2879,100524.78,98623.76,100518.84,103364.74,100519.05,100543.0,100535.92,100537.57
2216.921055239,2880,100529.83,98616.73,100514.83,103362.56,100510.85,100549.96,100531.9,100546.49
2216.94170844,2881,100536.76,98619.73,100511.73,103368.74,100515.03,100532.87,100531.9,100526.47
2216.96236517,2882,100536.76,98623.76,100513.79,103361.83,100513.99,100537.93,100538.04,100529.44
2216.986024789,2883,100524.78,98619.73,100521.81,103366.56,100522.02,100537.93,100531.9,100547.52
2217.006724616,2884,100528.77,98615.7,100512.76,103364.74,100519.05,100536.88,100535.92,100530.48
2217.027211505,2885,100529.83,98618.69,100513.79,103368.74,100522.02,100541.94,100543.96,100536.54
2217.047831048,2886,100521.85,98628.83,100513.79,103366.56,100518.0,100545.95,100541.0,100543.52
2217.068468654,2887,100527.71,98627.79,100524.79,103376.73,100528.13,100533.92,100538.04,100522.47
2217.089067931,2888,100533.83,98623.76,100505.78,103364.74,100528.13,100543.0,100542.06,100528.53
2217.109614102,2889,100533.83,98623.76,100521.81,103368.74,100520.1,100544.05,100535.92,100530.48
2217.130179498,2890,100533.83,98618.69,100517.8,103372.74,100518.0,100529.91,100536.98,100531.51
2217.154003847,2891,100529.83,98622.72,100513.79,103368.74,100511.89,100545.95,100539.94,100531.51
2217.174585792,2892,100536.76,98623.76,100521.81,103366.56,100522.02,100536.88,100531.9,100534.48
2217.195171218,2893,100524.78,98617.77,100505.78,103366.56,100516.96,100534.98,100532.96,100531.51
2217.215822626,2894,100524.78,98628.83,100516.77,103370.56,100520.1,100537.93,100541.0,100533.57
2217.236436575,2895,100528.77,98623.76,100513.79,103372.74,100518.0,100536.88,100535.92,100532.54
2217.257049432,2896,100528.77,98618.69,100513.79,103360.74,100513.99,100543.0,100539.94,100531.51
2217.277632234,2897,100517.85,98635.86,100510.82,103376.73,100525.16,100545.95,100532.96,100530.48
2217.298191954,2898,100529.83,98624.8,100511.73,103364.74,100515.91,100538.99,100541.0,100545.58
2217.321904859,2899,100539.95,98615.7,100516.77,103368.74,100526.03,100537.93,100538.04,100533.57
2217.342481731,2900,100525.84,98623.76,100512.76,103358.56,100522.02,100536.88,100539.94,100541.58
2217.36309577,2901,100524.78,98623.76,100513.79,103364.74,100527.08,100543.0,100532.96,100532.54
2217.383792767,2902,100516.79,98616.73,100517.8,103364.74,100518.0,100528.86,100524.92,100532.54
2217.404375154,2903,100531.71,98631.83,100509.79,103375.64,100509.97,100540.89,100535.92,100527.5
2217.425534471,2904,100528.77,98629.87,100517.8,103376.73,100518.0,100537.93,100541.0,100533.57
2217.445653866,2905,100529.83,98615.7,100513.79,103373.82,100520.97,100537.93,100545.02,100545.58
2217.466172438,2906,100525.84,98623.76,100506.81,103372.74,100519.05,100552.07,100534.02,100533.57
2217.48988194,2907,100521.85,98625.83,100521.81,103365.83,100527.08,100533.92,100527.88,100534.48
2217.510535353,2908,100534.89,98635.86,100521.81,103366.56,100522.02,100535.82,100538.04,100544.55
2217.53109581,2909,100537.82,98615.7,100521.81,103372.74,100518.0,100540.04,100527.88,100532.54
2217.551851277,2910,100529.83,98623.76,100521.81,103368.74,100518.0,100547.01,100532.96,100534.6
2217.572482479,2911,100515.73,98635.86,100517.8,103360.74,100518.0,100537.93,100530.0,100532.54
2217.592958531,2912,100529.83,98627.79,100513.79,103368.74,100518.0,100537.93,100534.02,100532.54
2217.613534967,2913,100519.72,98624.8,100519.75,103372.74,100519.93,100545.95,100538.04,100532.54
2217.634104846,2914,100527.71,98623.76,100517.8,103376.73,100524.99,100545.95,100536.98,100532.54
2217.657869328,2915,100525.84,98625.83,100521.81,103376.73,100516.08,100540.89,100534.02,100547.52
2217.678433094,2916,100531.71,98631.83,100513.79,103372.74,100528.13,100536.88,100541.0,100536.54
2217.699107922,2917,100536.76,98633.9,100513.79,103372.74,100518.0,100547.01,100543.96,100528.53
2217.719690599,2918,100527.96,98623.76,100513.79,103367.65,100530.05,100545.95,100531.9,100531.51
2217.740243398,2919,100536.76,98629.87,100517.8,103374.91,100518.0,100536.88,100541.0,100530.48
2217.760847091,2920,100529.83,98632.86,100505.78,103378.91,100516.96,100543.0,100542.06,100535.51
2217.781449822,2921,100524.78,98623.76,100513.79,103365.83,100520.1,100538.99,100543.96,100534.48
2217.802009153,2922,100529.83,98631.83,100515.86,103360.74,100513.99,100545.95,100542.06,100542.49
2217.825839588,2923,100535.95,98623.76,100521.81,103361.83,100518.0,100544.9,100541.0,100530.48
2217.846434517,2924,100521.85,98616.73,100522.84,103372.74,100518.0,100543.0,100538.04,100548.56
2217.867031066,2925,100526.9,98615.7,100513.79,103368.74,100509.97,100549.96,100542.06,100529.44
2217.887639625,2926,100537.82,98623.76,100520.78,103368.74,100526.03,100545.95,100541.0,100530.6
2217.908196966,2927,100537.82,98617.77,100513.79,103372.74,100523.06,100533.92,100536.98,100531.51
2217.928786318,2928,100539.95,98626.76,100513.79,103378.91,100518.0,100541.94,100539.94,100533.57
2217.949441288,2929,100525.84,98634.82,100517.8,103368.74,100515.03,100545.95,100541.0,100536.54
2217.970007348,2930,100519.72,98639.89,100513.79,103376.73,100520.1,100537.93,100534.02,100532.54
2217.993773691,2931,100533.83,98623.76,100512.76,103377.82,100522.02,100541.94,100535.92,100533.57
2218.014427474,2932,100529.83,98623.76,100513.79,103385.82,100524.11,100545.95,100536.98,100523.5
2218.035013182,2933,100524.78,98631.83,100517.8,103364.74,100527.08,100555.03,100538.04,100539.52
2218.055535022,2934,100519.72,98632.86,100513.79,103371.65,100516.96,100547.85,100538.04,100536.54
2218.076474518,2935,100534.89,98631.83,100517.8,103364.74,100520.1,100545.95,100538.88,100532.54
2218.096746139,2936,100529.83,98623.76,100517.8,103376.73,100518.0,100543.84,100534.02,100536.54
2218.117427163,2937,100535.7,98622.72,100513.79,103372.74,100518.0,100543.0,100531.9,100532.54
2218.137990636,2938,100537.82,98639.89,100513.79,103368.74,100519.05,100543.84,100530.0,100522.47
2218.161727035,2939,100535.7,98623.76,100511.73,103376.73,100523.06,100537.93,100527.88,100539.52
2218.182378319,2940,100533.83,98623.76,100508.75,103376.73,100530.05,100529.91,100534.02,100524.53
2218.202889543,2941,100538.88,98632.86,100513.79,103376.73,100512.06,100544.05,100539.94,100542.49
2218.223530667,2942,100533.83,98623.76,100519.75,103368.74,100520.1,100545.95,100531.9,100532.54
2218.24419962,2943,100531.71,98631.83,100519.75,103384.73,100505.95,100538.99,100539.94,100538.6
2218.264725281,2944,100537.82,98627.79,100522.84,103376.73,100520.1,100547.01,100539.1,100524.53
2218.285270017,2945,100517.85,98627.79,100513.79,103378.91,100518.0,100544.05,100532.96,100544.55
2218.309109382,2946,100533.83,98623.76,100513.79,103374.56,100513.99,100538.99,100539.94,100547.52
2218.329663621,2947,100524.78,98623.76,100513.79,103360.74,100515.03,100545.95,100528.94,100536.54
2218.350325695,2948,100528.77,98632.86,100521.81,103378.91,100526.03,100548.06,100532.96,100542.49
2218.370898821,2949,100529.83,98623.76,100519.75,103374.56,100513.99,100551.02,100530.84,100530.48
2218.391449238,2950,100521.85,98628.83,100513.79,103376.73,100508.05,100539.83,100536.98,100549.59
2218.41213173,2951,100529.83,98628.83,100505.78,103376.73,100518.0,100536.88,100544.17,100532.54
2218.432732664,2952,100529.83,98631.83,100513.79,103372.74,100526.03,100531.81,100539.94,100532.54
2218.45331261,2953,100527.96,98627.79,100512.76,103384.73,100520.1,100538.99,100541.0,100536.54
2218.47702961,2954,100529.83,98623.76,100511.73,103368.74,100518.0,100543.0,100531.9,100542.61
2218.497628537,2955,100535.95,98631.83,100520.78,103376.73,100518.0,100537.93,100532.96,100542.49
2218.518329653,2956,100519.72,98623.76,100513.79,103369.82,100526.03,100525.9,100530.84,100549.59
2218.538894739,2957,100531.96,98635.86,100517.8,103380.73,100509.97,100544.9,100539.1,100543.52
2218.559509132,2958,100529.83,98625.83,100513.79,103372.74,100519.93,100545.95,100534.02,100526.47
2218.580021726,2959,100535.7,98637.93,100510.7,103384.73,100511.89,100549.96,100538.04,100548.56
2218.600654091,2960,100527.71,98627.79,100517.8,103366.56,100509.97,100536.88,100542.06,100532.54
2218.621279653,2961,100526.9,98621.8,100519.75,103376.73,100526.03,100538.99,100538.04,100540.55
2218.645027857,2962,100523.72,98636.89,100525.82,103376.73,100527.08,100534.98,100527.88,100544.55
2218.665566945,2963,100521.85,98635.86,100521.81,103376.73,100527.08,100541.94,100534.02,100543.52
2218.686155189,2964,100531.96,98631.83,100513.79,103361.83,100518.0,100547.01,100531.06,100531.51
2218.706840207,2965,100523.97,98623.76,100517.8,103368.74,100508.92,100543.0,100524.92,100540.55
2218.727509714,2966,100527.71,98627.79,100520.78,103368.74,100524.11,100540.89,100542.06,100532.54
2218.748168524,2967,100524.78,98624.8,100518.72,103376.73,100528.13,100540.04,100534.02,100536.54
2218.768790899,2968,100519.72,98636.89,100515.86,103375.64,100520.1,100544.9,100527.88,100532.54
2218.789231259,2969,100525.84,98624.8,100519.87,103376.73,100526.03,100544.05,100532.96,100536.54
2218.812887989,2970,100527.71,98627.79,100521.81,103358.56,100500.01,100545.95,100531.9,100536.54
2218.833458783,2971,100517.85,98631.83,100511.73,103376.73,100518.0,100537.93,100531.9,100545.58
2218.854306138,2972,100528.77,98632.86,100514.83,103374.56,100526.03,100538.99,100542.06,100543.52
2218.874784422,2973,100521.85,98631.83,100515.86,103384.73,100518.0,100556.93,100539.94,100532.54
2218.895398928,2974,100529.83,98620.76,100514.83,103384.73,100518.0,100537.93,100528.94,100534.6
2218.915981493,2975,100542.88,98627.79,100521.81,103366.56,100522.02,100541.94,100541.0,100536.54
2218.936493132,2976,100529.83,98631.83,100507.84,103376.73,100513.99,100540.04,100532.96,100532.54
2218.957137053,2977,100521.85,98635.97,100513.79,103362.56,100520.1,100537.93,100538.88,100528.53
2218.980918398,2978,100530.9,98614.66,100513.79,103376.73,100513.99,100541.94,100526.82,100544.55
2219.001526469,2979,100523.97,98639.89,100509.79,103378.91,100526.03,100541.94,100539.94,100537.57
2219.022059226,2980,100539.95,98631.83,100510.82,103372.74,100512.06,100541.94,100546.92,100530.48
2219.042666097,2981,100538.88,98626.76,100523.88,103368.74,100520.1,100541.94,100539.94,100533.57
2219.063320801,2982,100541.82,98639.89,100509.79,103375.64,100518.0,100536.88,100531.9,100537.57
2219.083924476,2983,100529.83,98627.79,100518.84,103378.91,100515.03,100540.04,100541.0,100549.59
2219.104503364,2984,100523.72,98629.87,100518.84,103372.74,100526.03,100545.95,100531.9,100546.49
2219.125102918,2985,100538.88,98631.83,100502.8,103370.91,100530.05,100553.97,100530.0,100546.49
2219.148858853,2986,100524.78,98622.72,100525.82,103381.82,100526.03,100544.9,100532.96,100544.55
2219.169474027,2987,100525.84,98624.8,100518.84,103376.73,100520.97,100547.01,100542.06,100535.51
2219.190005632,2988,100528.77,98629.87,100513.79,103385.82,100529.17,100536.88,100538.04,100544.55
2219.210659469,2989,100530.9,98632.86,100522.84,103366.56,100515.03,100544.05,100539.94,100549.59
2219.231217167,2990,100522.91,98632.86,100520.78,103388.73,100516.08,100543.0,100531.9,100532.54
2219.25186002,2991,100537.82,98636.89,100525.82,103382.55,100520.1,100540.89,100532.96,100532.54
2219.272445452,2992,100529.83,98635.86,100511.73,103389.82,100525.16,100540.89,100535.92,100550.5
2219.293055096,2993,100529.83,98632.86,100520.78,103386.91,100519.05,100541.94,100539.94,100530.48
2219.316775599,2994,100529.83,98626.76,100515.74,103376.73,100518.0,100537.93,100535.92,100530.48
2219.337379011,2995,100524.78,98623.76,100521.81,103372.74,100513.99,100537.93,100550.09,100532.54
2219.357979536,2996,100525.84,98632.86,100509.79,103376.73,100522.02,100538.99,100534.02,100540.55
2219.378651995,2997,100537.82,98640.93,100517.8,103393.82,100518.0,100538.99,100530.0,100532.54
2219.399184625,2998,100528.77,98639.89,100513.79,103376.73,100528.13,100548.06,100532.96,100531.51
2219.41981397,2999,100526.9,98635.86,100512.76,103390.91,100526.03,100533.92,100532.96,100526.47
2219.440406073,3000,100517.85,98640.93,100518.84,103379.64,100509.97,100541.94,100542.06,100543.52
2219.460996877,3001,100524.78,98624.8,100509.79,103376.73,100515.91,100532.02,100534.02,100545.58
2219.484760527,3002,100528.77,98631.83,100513.79,103382.55,100520.1,100536.88,100531.9,100540.55
2219.505374556,3003,100520.79,98628.83,100509.79,103384.73,100515.03,100541.94,100533.8,100536.54
2219.52601856,3004,100520.79,98628.83,100513.79,103386.91,100515.91,100540.89,100531.9,100533.57
2219.546597802,3005,100519.97,98641.96,100511.85,103392.73,100528.13,100537.93,100523.86,100542.49
2219.56709527,3006,100537.82,98622.72,100509.79,103394.91,100530.05,100533.92,100530.84,100544.55
2219.587801354,3007,100521.85,98640.93,100514.83,103377.82,100518.0,100543.84,100535.92,100536.54
2219.608399087,3008,100521.85,98630.79,100515.74,103386.91,100516.96,100538.99,100535.92,100531.51
2219.632191853,3009,100520.79,98627.79,100516.77,103387.64,100530.05,100539.83,100531.9,100522.59
2219.652688649,3010,100529.83,98636.89,100516.77,103367.65,100518.0,100545.95,100538.04,100531.51
2219.673317893,3011,100529.83,98643.92,100520.78,103374.56,100528.13,100537.93,100539.94,100546.49
2219.693936877,3012,100528.77,98624.8,100509.67,103390.91,100513.99,100544.05,100534.02,100530.48
2219.714517384,3013,100529.83,98631.83,100519.87,103380.73,100520.1,100532.87,100542.06,100530.48
2219.735152099,3014,100523.72,98639.89,100514.83,103376.73,100511.02,100538.99,100532.96,100531.51
2219.755733183,3015,100522.91,98630.79,100508.75,103384.73,100522.02,100528.86,100536.98,100532.54
2219.776364142,3016,100536.76,98640.93,100514.83,103386.55,100515.91,100545.95,100531.9,100526.47
2219.800070454,3017,100521.85,98631.83,100515.86,103384.73,100524.11,100544.05,100531.9,100532.54
2219.820741904,3018,100529.83,98624.8,100514.83,103384.73,100527.08,100543.0,100531.9,100543.52
2219.841419585,3019,100529.83,98639.89,100516.77,103384.73,100516.96,100541.94,100540.78,100533.57
2219.862073101,3020,100529.83,98640.93,100523.88,103376.73,100527.08,100543.0,100539.94,100528.53
2219.882721295,3021,100537.82,98639.89,100517.8,103376.73,100522.02,100541.94,100535.92,100532.54
2219.903325678,3022,100529.83,98630.79,100510.82,103381.46,100528.13,100538.99,100527.88,100528.53
2219.923984361,3023,100529.83,98631.83,100513.79,103388.73,100520.1,100545.95,100531.9,100530.48
2219.944654325,3024,100529.83,98631.83,100511.85,103376.73,100519.05,100547.01,100538.88,100532.54
2219.96798896,3025,100539.95,98641.96,100522.84,103376.73,100516.96,100548.06,100539.94,100525.56
2219.988564948,3026,100529.83,98633.9,100513.79,103388.73,100513.99,100549.96,100533.8,100533.57
2220.009206693,3027,100521.85,98636.89,100513.79,103390.55,100518.0,100543.0,100534.86,100533.57
2220.029989759,3028,100532.77,98636.89,100518.84,103376.73,100523.06,100545.95,100522.8,100549.59
2220.050640929,3029,100513.86,98632.86,100513.79,103389.82,100512.94,100545.95,100532.96,100530.6
2220.071319076,3030,100529.83,98628.83,100521.81,103384.73,100511.02,100533.92,100533.8,100536.54
2220.091629537,3031,100517.85,98633.9,100512.76,103380.73,100516.08,100536.03,100539.94,100532.54
2220.112238938,3032,100521.85,98636.89,100513.79,103384.73,100513.99,100538.99,100530.84,100530.48
2220.135973036,3033,100529.83,98633.9,100521.81,103392.73,100522.02,100548.06,100539.94,100548.56
2220.156561743,3034,100521.85,98622.72,100520.78,103390.91,100527.08,100552.07,100529.78,100530.48
2220.177138594,3035,100529.83,98627.79,100517.8,103390.91,100518.0,100543.0,100546.92,100529.56
2220.197758152,3036,100521.85,98625.83,100521.81,103388.73,100513.99,100537.93,100531.9,100548.56
2220.218327471,3037,100521.85,98627.79,100505.78,103377.82,100520.1,100544.9,100539.94,100549.59
2220.238940954,3038,100543.94,98633.9,100514.83,103394.91,100507.88,100540.04,100539.94,100531.51
2220.259526563,3039,100533.83,98631.83,100509.79,103378.91,100512.94,100537.93,100531.9,100544.55
2220.280132373,3040,100536.76,98631.83,100513.79,103385.82,100520.1,100556.08,100529.78,100539.52
2220.304039724,3041,100527.96,98635.86,100513.79,103384.73,100511.02,100538.99,100536.98,100532.54
2220.324486219,3042,100534.89,98635.86,100515.86,103384.73,100520.1,100540.04,100530.84,100534.6
2220.34520754,3043,100521.85,98640.93,100514.83,103392.73,100519.05,100531.81,100531.9,100544.55
2220.365773093,3044,100521.85,98640.93,100514.83,103378.55,100513.11,100537.93,100543.96,100536.54
2220.386296344,3045,100531.71,98628.83,100518.84,103384.73,100518.0,100541.94,100539.94,100532.54
2220.408536344,3046,100528.77,98633.9,100513.79,103394.91,100522.02,100547.01,100532.96,100532.54
2220.427503552,3047,100533.83,98641.96,100522.84,103390.91,100531.1,100548.06,100532.96,100532.54
2220.448093915,3048,100529.83,98635.86,100512.76,103378.91,100518.0,100541.94,100539.94,100544.55
2220.47188034,3049,100533.83,98640.93,100513.79,103384.73,100518.0,100538.99,100541.0,100530.48
2220.492495759,3050,100532.77,98635.86,100521.81,103396.73,100521.14,100537.93,100539.94,100540.55
2220.513251806,3051,100528.77,98623.76,100521.81,103384.73,100527.08,100534.98,100531.9,100532.54
2220.533685449,3052,100525.84,98640.93,100507.72,103385.82,100526.03,100541.1,100535.92,100532.54
2220.55425341,3053,100531.96,98632.86,100521.81,103384.73,100516.08,100545.95,100538.04,100536.54
2220.57483818,3054,100536.76,98641.96,100521.81,103384.73,100519.93,100545.95,100530.84,100536.54
2220.595451765,3055,100537.82,98641.96,100521.81,103382.55,100526.03,100544.05,100529.78,100533.57
2220.616066272,3056,100534.89,98636.89,100515.86,103384.73,100511.02,100540.04,100531.9,100532.54
2220.639865102,3057,100526.9,98636.89,100517.8,103384.73,100515.91,100543.0,100532.96,100528.53
2220.660384323,3058,100525.84,98635.86,100514.83,103384.73,100529.17,100538.99,100531.9,100535.63
2220.681062746,3059,100529.83,98632.86,100515.86,103384.73,100526.03,100548.06,100536.98,100543.52
2220.701634321,3060,100535.95,98637.93,100513.79,103392.73,100521.14,100537.93,100535.92,100532.54
2220.722257813,3061,100527.96,98632.86,100513.79,103376.73,100522.02,100547.01,100539.94,100532.54
2220.742815897,3062,100527.96,98638.97,100513.79,103385.82,100519.93,100541.94,100539.94,100532.54
2220.76338221,3063,100529.83,98641.96,100519.87,103394.91,100521.14,100544.9,100539.94,100524.53
2220.787149224,3064,100525.84,98632.86,100513.79,103386.91,100526.03,100540.04,100543.96,100545.58
2220.807813318,3065,100532.77,98635.86,100513.79,103378.91,100518.0,100538.99,100529.78,100544.55
2220.828432394,3066,100524.78,98633.9,100518.84,103378.55,100511.02,100545.95,100532.96,100534.6
2220.848999299,3067,100528.77,98637.93,100529.83,103385.82,100509.97,100548.06,100532.96,100538.48
2220.86960712,3068,100528.77,98643.0,100523.88,103386.91,100513.99,100545.95,100541.0,100536.54
2220.890136357,3069,100528.77,98627.79,100513.79,103389.82,100518.0,100549.96,100543.96,100536.54
2220.910740009,3070,100529.83,98640.93,100513.79,103390.91,100518.0,100547.01,100530.84,100535.51
2220.931380998,3071,100531.96,98635.86,100513.79,103386.91,100512.06,100534.98,100531.9,100535.51
2220.955104238,3072,100531.96,98650.03,100513.79,103392.73,100519.05,100541.94,100539.94,100527.5
2220.975770671,3073,100527.96,98627.79,100522.84,103385.82,100518.0,100540.04,100534.02,100532.54
2220.996403209,3074,100519.72,98631.83,100511.73,103384.73,100520.1,100545.95,100541.0,100530.48
2221.016957336,3075,100535.95,98648.99,100530.86,103385.82,100518.0,100551.02,100533.8,100539.52
2221.037543282,3076,100519.72,98631.83,100522.84,103392.73,100522.02,100547.01,100531.9,100532.54
2221.058114805,3077,100521.85,98643.0,100515.86,103377.82,100513.99,100543.0,100543.96,100528.53
2221.078721093,3078,100533.83,98637.93,100513.79,103384.73,100526.03,100549.96,100531.9,100523.5
2221.099273601,3079,100524.78,98640.93,100509.79,103384.73,100508.92,100545.95,100531.9,100531.51
2221.123037536,3080,100530.9,98635.86,100517.8,103386.55,100520.1,100544.05,100532.96,100544.55
2221.143645982,3081,100535.7,98639.89,100513.79,103384.73,100520.1,100540.04,100541.0,100536.54
2221.164281756,3082,100523.97,98646.0,100514.83,103376.73,100513.99,100534.98,100545.02,100536.54
2221.184902185,3083,100532.77,98644.96,100521.81,103391.64,100518.0,100544.05,100532.96,100528.53
2221.205474601,3084,100529.83,98636.89,100518.84,103392.73,100512.94,100548.06,100525.76,100532.54
2221.226097786,3085,100529.83,98627.79,100514.83,103376.73,100515.03,100541.94,100531.9,100533.57
2221.246793503,3086,100539.95,98633.9,100510.82,103388.73,100518.0,100530.97,100522.8,100545.58
2221.26727057,3087,100528.77,98638.97,100510.82,103384.73,100522.02,100552.07,100531.9,100537.57
2221.291049532,3088,100533.83,98643.92,100512.76,103384.73,100522.02,100534.98,100541.0,100530.48
2221.311635618,3089,100521.85,98638.97,100517.8,103404.73,100526.03,100541.94,100534.86,100532.54
2221.332196107,3090,100523.72,98643.92,100509.79,103380.73,100526.03,100539.83,100529.78,100533.57
2221.352795648,3091,100529.83,98635.86,100526.85,103392.73,100513.99,100536.88,100531.9,100532.54
2221.373520783,3092,100531.96,98639.89,100523.88,103391.64,100524.99,100544.05,100539.94,100540.55
2221.393984402,3093,100525.84,98644.96,100515.86,103381.46,100518.0,100545.95,100522.8,100545.58
2221.414649845,3094,100521.85,98639.89,100516.77,103393.82,100519.05,100534.98,100530.84,100532.54
2221.435264515,3095,100529.83,98636.89,100522.84,103390.55,100524.11,100547.01,100535.92,100540.55
2221.459027292,3096,100537.82,98631.83,100521.81,103395.64,100513.99,100538.99,100538.88,100536.54
2221.479609664,3097,100525.84,98631.83,100519.75,103396.73,100518.0,100534.98,100529.78,100526.47
2221.500237339,3098,100521.85,98631.83,100512.76,103392.73,100515.03,100538.99,100533.8,100530.48
2221.520830003,3099,100517.85,98635.86,100513.79,103386.55,100518.0,100533.92,100539.94,100531.51
2221.541439067,3100,100529.83,98638.85,100521.81,103390.55,100526.03,100538.99,100536.98,100543.52
2221.561963677,3101,100520.79,98639.89,100515.86,103394.91,100513.99,100536.03,100531.9,100534.6
2221.582577399,3102,100523.97,98639.89,100523.88,103391.64,100518.0,100544.05,100534.86,100538.6
2221.603207463,3103,100521.85,98639.89,100517.8,103391.64,100511.89,100533.92,100538.88,100532.54
2221.626943264,3104,100522.91,98631.83,100513.79,103390.91,100515.91,100547.01,100523.86,100538.6
2221.64754203,3105,100525.84,98640.93,100518.84,103384.73,100509.97,100537.93,100539.94,100532.54
2221.668173918,3106,100530.9,98639.89,100522.84,103387.64,100509.97,100529.91,100539.94,100528.53
2221.688791961,3107,100521.85,98632.86,100507.84,103396.73,100509.97,100538.99,100534.86,100530.6
2221.709373545,3108,100520.79,98636.89,100513.79,103393.82,100520.1,100541.94,100535.92,100548.56
2221.729964857,3109,100541.01,98634.82,100512.76,103390.55,100511.02,100541.94,100534.86,100542.49
2221.750601616,3110,100525.84,98639.89,100513.79,103376.73,100510.85,100533.92,100537.82,100532.54
2221.771199984,3111,100521.85,98641.96,100509.79,103392.73,100528.13,100538.99,100535.92,100534.6
2221.79495116,3112,100531.96,98631.83,100514.83,103391.64,100513.99,100538.99,100538.88,100530.48
2221.815541474,3113,100525.84,98639.89,100512.76,103400.73,100526.03,100548.06,100535.92,100534.48
2221.836123946,3114,100521.85,98639.89,100513.79,103394.91,100509.97,100548.06,100535.92,100532.54
2221.856739318,3115,100525.84,98631.83,100515.74,103396.73,100507.88,100547.01,100530.84,100532.54
2221.877369285,3116,100520.79,98639.89,100521.81,103393.82,100515.03,100533.92,100535.92,100522.47
2221.897964701,3117,100537.82,98647.96,100514.83,103392.73,100511.02,100541.94,100535.92,100527.5
2221.918525292,3118,100525.84,98644.96,100515.86,103390.91,100515.03,100540.04,100529.78,100532.54
2221.939229771,3119,100528.77,98648.99,100513.79,103392.73,100517.13,100544.05,100534.86,100524.53
2221.962903863,3120,100531.96,98627.79,100513.79,103396.73,100513.99,100545.95,100536.98,100544.55
2221.983433919,3121,100529.83,98623.76,100517.8,103392.73,100523.06,100528.86,100534.02,100546.49
2222.004061765,3122,100540.76,98631.83,100509.79,103388.73,100512.06,100548.06,100523.86,100530.48
2222.02468343,3123,100525.84,98637.93,100520.78,103404.73,100509.97,100545.95,100533.8,100534.48
2222.045432632,3124,100519.72,98647.96,100513.79,103392.73,100513.99,100534.98,100539.94,100523.5
2222.065977739,3125,100537.82,98636.89,100510.82,103392.73,100508.92,100537.93,100535.92,100543.52
2222.086544567,3126,100521.85,98632.86,100514.83,103404.73,100516.08,100544.05,100539.94,100531.51
2222.110204403,3127,100528.77,98643.92,100513.79,103393.46,100524.11,100525.9,100531.9,100540.55
2222.130774584,3128,100533.83,98643.92,100511.73,103408.73,100519.05,100540.04,100529.78,100547.52
2222.151410476,3129,100532.77,98646.92,100522.84,103391.64,100508.92,100547.01,100530.84,100532.54
2222.172016019,3130,100537.82,98638.85,100505.78,103402.91,100509.97,100537.93,100534.86,100526.47
2222.192609274,3131,100528.77,98647.96,100510.82,103394.55,100513.99,100537.93,100543.96,100532.54
2222.213277443,3132,100520.79,98635.86,100515.74,103393.82,100509.97,100536.88,100533.8,100534.48
2222.2338537,3133,100529.83,98643.92,100506.81,103396.73,100523.06,100544.9,100521.74,100532.54
2222.254447604,3134,100536.76,98643.92,100522.84,103392.73,100512.94,100540.04,100535.92,100528.53
2222.278200981,3135,100525.84,98647.96,100522.84,103395.64,100511.02,100545.95,100534.86,100531.51
2222.29877855,3136,100523.72,98639.89,100521.81,103394.55,100507.0,100548.91,100526.82,100526.47
2222.319328728,3137,100520.79,98639.89,100513.79,103388.73,100507.88,100533.92,100530.84,100532.54
2222.33999527,3138,100529.83,98639.89,100515.86,103392.73,100520.1,100544.9,100533.8,100522.47
2222.360585399,3139,100528.77,98639.89,100519.75,103388.73,100511.89,100543.0,100539.94,100529.56
2222.381292402,3140,100530.9,98639.89,100522.84,103404.73,100507.88,100552.07,100523.86,100530.48
2222.401805955,3141,100530.9,98636.89,100518.84,103398.55,100513.99,100543.0,100539.94,100533.57
2222.422439241,3142,100524.78,98640.93,100517.8,103400.73,100516.96,100545.95,100531.9,100530.48
2222.446193734,3143,100521.85,98635.86,100513.79,103390.55,100507.88,100548.06,100532.96,100538.48
2222.466753336,3144,100525.84,98630.79,100518.84,103392.73,100520.1,100536.88,100531.9,100532.54
2222.487340405,3145,100527.71,98650.03,100519.87,103403.64,100509.97,100540.89,100539.94,100533.45
2222.507975182,3146,100526.9,98639.89,100516.77,103402.55,100516.96,100548.06,100532.96,100524.53
2222.528538059,3147,100521.85,98639.89,100505.78,103388.73,100518.0,100538.99,100536.98,100524.53
2222.549157418,3148,100529.83,98646.0,100513.79,103401.46,100513.99,100533.92,100538.88,100528.53
2222.569701203,3149,100537.82,98639.89,100516.77,103396.73,100508.05,100547.01,100539.94,100524.53
2222.590372714,3150,100524.78,98636.89,100520.78,103390.55,100513.99,100538.99,100539.94,100530.48
2222.614036029,3151,100527.71,98639.89,100515.86,103392.73,100512.06,100541.94,100532.96,100530.6
2222.634641871,3152,100532.77,98640.93,100522.84,103392.73,100518.0,100544.05,100530.84,100528.53
2222.655300992,3153,100521.85,98648.99,100514.83,103404.73,100520.1,100533.92,100534.02,100525.56
2222.67585243,3154,100529.83,98643.92,100521.81,103408.73,100507.88,100529.91,100532.96,100530.48
2222.696552956,3155,100530.9,98635.86,100513.79,103398.55,100515.03,100547.01,100536.98,100547.52
2222.71716876,3156,100538.88,98640.93,100519.87,103390.55,100516.96,100533.92,100526.82,100527.5
2222.737768517,3157,100523.72,98639.89,100514.83,103400.73,100511.02,100541.94,100539.94,100532.54
2222.758219407,3158,100521.85,98639.89,100525.82,103391.64,100516.08,100551.02,100526.82,100526.47
2222.78203299,3159,100534.89,98632.86,100517.8,103396.73,100508.92,100536.88,100535.92,100523.5
2222.802627057,3160,100520.79,98641.96,100525.82,103408.73,100509.97,100537.93,100529.78,100535.51
2222.823219536,3161,100525.84,98641.96,100513.79,103408.73,100511.02,100538.99,100534.86,100530.48
2222.843786514,3162,100538.88,98639.89,100509.79,103396.73,100512.06,100547.01,100535.92,100523.5
2222.864321299,3163,100524.78,98639.89,100505.78,103402.55,100527.08,100529.91,100538.88,100523.5
2222.885041304,3164,100517.85,98651.99,100515.86,103393.46,100528.13,100538.99,100535.92,100532.54
2222.905643639,3165,100537.82,98627.79,100514.83,103392.73,100512.06,100534.98,100533.8,100533.57
2222.926226193,3166,100533.83,98640.93,100522.84,103394.55,100511.89,100537.93,100530.84,100538.48
2222.950003067,3167,100529.83,98654.06,100517.8,103400.73,100516.96,100526.96,100535.92,100532.54
2222.97059081,3168,100532.77,98633.9,100514.83,103398.55,100513.99,100532.87,100531.9,100527.5
2222.991200096,3169,100539.95,98643.92,100513.79,103402.55,100509.97,100540.89,100532.96,100526.47
2223.011801364,3170,100525.84,98640.93,100514.83,103402.55,100513.99,100522.95,100529.78,100546.49
2223.03247208,3171,100529.83,98647.96,100514.83,103389.46,100518.0,100533.92,100534.86,100526.47
2223.053071059,3172,100523.97,98642.89,100501.77,103392.73,100518.0,100543.0,100524.92,100534.6
2223.073655743,3173,100521.85,98648.99,100513.79,103402.55,100518.0,100544.05,100527.88,100532.54
2223.094152232,3174,100530.9,98639.89,100517.8,103399.64,100518.0,100552.07,100532.96,100528.53
2223.117935615,3175,100536.76,98641.96,100513.79,103398.55,100509.97,100536.88,100527.88,100524.53
2223.138538349,3176,100521.85,98643.92,100514.83,103392.73,100520.1,100536.88,100527.88,100549.59
2223.159230794,3177,100525.84,98635.86,100515.86,103402.55,100513.99,100533.92,100523.86,100532.54
2223.179722968,3178,100524.78,98640.93,100507.72,103401.46,100507.88,100544.05,100527.88,100532.54
2223.200431646,3179,100531.96,98647.96,100517.8,103393.46,100518.0,100541.94,100534.86,100544.55
2223.2209424,3180,100519.72,98648.99,100514.83,103407.64,100524.99,100541.94,100533.8,100528.53
2223.241566661,3181,100529.83,98643.92,100513.79,103400.73,100512.94,100537.93,100538.88,100537.57
2223.26216614,3182,100521.85,98640.93,100505.78,103396.73,100509.97,100527.8,100535.92,100533.57
2223.2859313,3183,100519.72,98641.96,100521.81,103400.73,100509.97,100545.95,100533.8,100528.53
2223.306558497,3184,100521.85,98637.93,100523.88,103408.73,100513.99,100540.04,100532.96,100530.48
2223.327188793,3185,100524.78,98648.99,100506.81,103400.73,100509.97,100534.98,100525.76,100538.6
2223.347744716,3186,100529.83,98634.82,100510.82,103404.73,100503.86,100543.0,100535.92,100530.48
2223.368330778,3187,100518.91,98631.83,100509.79,103408.73,100511.02,100543.0,100539.94,100532.54
2223.388918485,3188,100537.82,98647.96,100518.84,103406.55,100507.88,100538.99,100530.84,100532.54
2223.40955054,3189,100517.85,98647.96,100513.79,103410.91,100509.97,100535.82,100535.92,100540.55
2223.433280583,3190,100525.84,98644.96,100517.8,103405.46,100515.03,100541.94,100531.9,100541.58
2223.453894327,3191,100536.76,98631.83,100521.81,103406.55,100509.97,100529.91,100549.04,100538.6
2223.474487523,3192,100521.85,98646.0,100521.81,103410.91,100518.0,100536.88,100537.82,100538.6
2223.495134585,3193,100536.76,98635.86,100513.79,103408.73,100513.99,100538.99,100531.9,100538.6
2223.515640574,3194,100521.85,98639.89,100522.84,103408.73,100509.97,100545.95,100535.92,100540.55
2223.536280605,3195,100537.82,98639.89,100525.82,103408.73,100520.1,100551.02,100539.94,100536.54
2223.556880505,3196,100537.82,98644.96,100522.84,103392.73,100526.03,100544.9,100539.94,100531.51
2223.577513113,3197,100529.83,98639.89,100521.81,103408.73,100515.03,100540.04,100531.9,100524.53
2223.60120963,3198,100528.77,98642.89,100516.77,103404.73,100522.02,100547.01,100541.0,100529.56
2223.621804999,3199,100529.83,98633.79,100513.79,103406.55,100508.92,100543.0,100531.9,100534.48
2223.64245339,3200,100525.84,98648.99,100514.83,103404.73,100516.08,100545.95,100541.0,100526.59
2223.663038803,3201,100534.89,98647.96,100513.79,103411.64,100511.02,100533.92,100535.92,100533.57
2223.68359392,3202,100521.85,98637.93,100517.8,103407.64,100512.94,100538.99,100535.92,100524.53
2223.704520326,3203,100528.77,98644.96,100513.79,103390.55,100511.02,100543.0,100531.9,100536.54
2223.725209204,3204,100525.84,98644.96,100517.8,103406.55,100516.08,100547.01,100535.92,100532.54
2223.745794852,3205,100523.72,98639.89,100516.77,103392.73,100515.91,100540.04,100527.88,100535.51
2223.769175615,3206,100521.85,98650.03,100512.76,103404.73,100509.97,100544.05,100530.84,100528.53
2223.789827922,3207,100525.84,98642.89,100521.81,103408.73,100523.06,100541.94,100534.86,100531.51
2223.810527824,3208,100525.84,98641.96,100509.79,103406.55,100519.93,100541.94,100530.84,100525.56
2223.831197025,3209,100534.89,98647.96,100521.81,103408.73,100516.08,100541.94,100535.92,100534.6
2223.851868246,3210,100521.85,98644.96,100515.86,103416.73,100516.08,100555.03,100526.82,100530.48
2223.872529594,3211,100521.85,98639.89,100521.81,103403.64,100505.95,100540.04,100534.86,100533.57
2223.893165203,3212,100523.97,98641.96,100514.83,103408.73,100518.0,100537.93,100533.8,100532.54
2223.913844871,3213,100518.91,98644.96,100514.83,103408.73,100518.0,100543.0,100535.92,100533.57
2223.937158467,3214,100525.84,98643.92,100510.82,103408.73,100513.99,100549.96,100546.92,100532.54
2223.957734572,3215,100521.85,98638.85,100514.83,103407.64,100511.02,100538.99,100538.88,100533.57
2223.978368517,3216,100525.84,98656.02,100509.79,103396.73,100519.05,100536.88,100538.88,100533.57
2223.998962135,3217,100521.85,98639.89,100508.75,103407.64,100518.88,100537.93,100531.9,100522.47
2224.019541712,3218,100527.96,98647.96,100511.85,103408.73,100512.06,100536.03,100530.84,100532.54
2224.040192057,3219,100537.82,98641.96,100509.79,103394.55,100520.1,100536.88,100526.82,100532.54
2224.060737639,3220,100529.83,98647.96,100518.84,103406.55,100509.97,100533.92,100529.78,100524.53
2224.081340307,3221,100531.96,98643.92,100523.88,103408.73,100505.95,100536.88,100530.84,100530.48
2224.105089883,3222,100524.78,98647.96,100522.84,103406.55,100508.05,100537.93,100531.9,100545.58
2224.125708577,3223,100529.83,98646.92,100517.8,103397.46,100509.97,100526.96,100531.9,100541.58
2224.146226882,3224,100521.85,98639.89,100513.79,103410.55,100516.96,100535.82,100541.84,100520.52
2224.166908076,3225,100527.96,98650.03,100505.78,103412.73,100508.92,100534.98,100536.98,100536.54
2224.187585724,3226,100523.97,98633.9,100509.79,103412.73,100516.08,100532.87,100539.94,100534.6
2224.208135816,3227,100530.9,98656.02,100513.79,103402.55,100515.03,100537.93,100535.92,100541.58
2224.228834018,3228,100522.91,98643.92,100517.8,103416.73,100503.86,100529.91,100530.84,100532.54
2224.249307917,3229,100525.84,98639.89,100505.78,103408.73,100518.0,100541.94,100538.88,100532.54
2224.273049295,3230,100537.82,98639.89,100513.79,103408.73,100509.97,100547.01,100539.94,100528.53
2224.293604545,3231,100521.85,98650.03,100519.87,103406.55,100518.0,100544.05,100530.84,100528.53
2224.314203514,3232,100529.83,98639.89,100509.79,103408.73,100509.97,100552.92,100538.88,100536.54
2224.334770111,3233,100529.83,98643.92,100522.84,103403.64,100516.96,100545.95,100531.9,100533.57
2224.355494119,3234,100527.96,98638.85,100522.84,103408.73,100518.0,100543.0,100527.88,100528.53
2224.37607659,3235,100539.95,98639.89,100515.86,103408.73,100507.88,100534.98,100529.78,100532.54
2224.396666252,3236,100529.83,98647.96,100513.79,103408.73,100509.97,100530.97,100531.9,100525.56
2224.417306071,3237,100532.77,98642.89,100509.79,103411.64,100524.11,100552.07,100535.92,100522.47
2224.441036263,3238,100528.77,98647.96,100514.83,103414.55,100505.95,100545.95,100524.92,100528.53
2224.461594375,3239,100521.85,98642.89,100515.86,103416.73,100499.84,100534.98,100539.94,100530.48
2224.482146979,3240,100529.83,98638.85,100517.8,103408.73,100512.06,100548.06,100531.9,100530.6
2224.502809544,3241,100525.84,98656.02,100522.84,103416.73,100516.96,100536.88,100534.86,100540.55
2224.523413138,3242,100523.97,98643.92,100506.81,103408.73,100518.0,100538.99,100530.0,100533.57
2224.544010975,3243,100531.96,98635.86,100512.76,103416.73,100516.96,100538.99,100531.9,100531.51
2224.564581228,3244,100531.96,98647.96,100513.79,103422.91,100501.94,100538.99,100523.86,100531.51
2224.588382843,3245,100529.83,98643.92,100514.83,103404.73,100516.96,100549.96,100534.86,100528.53
2224.608984602,3246,100521.85,98656.02,100522.84,103416.73,100518.0,100551.02,100532.96,100534.6
2224.629563058,3247,100521.85,98640.93,100513.79,103408.73,100512.06,100537.93,100539.94,100524.53
2224.650130876,3248,100528.77,98647.96,100507.84,103416.73,100518.0,100538.99,100549.04,100530.6
2224.670751926,3249,100536.76,98647.96,100522.84,103408.73,100516.96,100538.99,100539.94,100526.59
2224.69130361,3250,100527.96,98658.09,100530.86,103400.73,100513.99,100537.93,100537.82,100532.54
2224.711943211,3251,100527.96,98651.99,100515.86,103414.55,100512.06,100547.01,100539.94,100522.47
2224.732529611,3252,100514.92,98643.92,100522.84,103416.73,100508.92,100533.92,100538.88,100522.47
2224.756238501,3253,100525.84,98646.92,100518.84,103417.82,100509.97,100537.93,100535.92,100532.54
2224.776854138,3254,100529.83,98643.92,100522.84,103409.82,100508.05,100543.0,100539.94,100531.51
2224.797487907,3255,100531.96,98647.96,100509.79,103407.64,100509.97,100534.98,100534.86,100528.53
2224.81809224,3256,100534.89,98643.92,100513.79,103411.64,100513.99,100538.99,100529.78,100525.56
2224.838707458,3257,100525.84,98639.89,100506.81,103414.55,100509.97,100544.9,100536.98,100533.57
2224.859293521,3258,100522.91,98639.89,100519.87,103408.73,100506.83,100538.99,100530.84,100531.51
2224.87984099,3259,100535.7,98654.06,100513.79,103408.73,100505.95,100540.04,100530.0,100520.52
2224.90054064,3260,100529.83,98648.99,100514.83,103407.64,100519.05,100537.93,100535.92,100533.57
2224.924256109,3261,100521.85,98647.96,100522.84,103402.55,100519.05,100545.95,100536.98,100532.54
2224.94489988,3262,100529.83,98639.89,100513.79,103407.64,100522.02,100541.94,100531.9,100528.53
2224.965471058,3263,100525.84,98643.92,100513.79,103423.64,100518.0,100537.93,100533.8,100532.54
2224.986051367,3264,100527.96,98641.96,100522.84,103416.73,100508.92,100533.92,100523.86,100524.53
2225.006665999,3265,100527.96,98647.96,100513.79,103408.73,100516.96,100537.93,100530.84,100536.54
2225.027245198,3266,100527.96,98648.99,100510.82,103408.73,100512.06,100537.93,100525.76,100528.53
2225.047839243,3267,100533.83,98654.06,100513.79,103408.73,100518.0,100544.9,100535.92,100545.58
2225.068541645,3268,100525.84,98656.02,100522.84,103408.73,100516.08,100549.96,100531.9,100536.54
2225.092205336,3269,100531.96,98642.89,100503.71,103408.73,100507.88,100540.89,100530.84,100524.53
2225.112772037,3270,100537.82,98646.92,100517.8,103412.73,100501.94,100540.89,100526.82,100522.47
2225.1334327,3271,100529.83,98648.99,100505.78,103404.73,100518.0,100541.94,100535.92,100533.57
2225.153964999,3272,100527.96,98639.89,100513.79,103420.73,100511.02,100533.92,100535.92,100536.54
2225.174630279,3273,100527.96,98647.96,100513.79,103408.73,100509.97,100545.95,100531.9,100532.54
2225.195245598,3274,100520.79,98645.88,100512.76,103416.73,100507.88,100548.06,100535.92,100526.59
2225.215800814,3275,100529.83,98647.96,100518.84,103417.82,100522.02,100538.99,100528.94,100534.48
2225.236451952,3276,100526.9,98646.92,100514.83,103408.73,100508.05,100547.01,100535.92,100538.6
2225.260220873,3277,100520.79,98647.96,100521.81,103414.55,100516.96,100545.95,100538.88,100535.51
2225.28081986,3278,100528.77,98661.09,100513.79,103428.73,100518.0,100537.93,100528.94,100528.53
2225.301323969,3279,100526.9,98653.02,100517.8,103424.73,100515.91,100538.99,100526.82,100536.54
2225.321965929,3280,100533.83,98650.95,100505.78,103408.73,100513.99,100549.96,100532.96,100523.5
2225.342583776,3281,100526.9,98647.96,100514.83,103407.64,100509.97,100538.99,100532.96,100533.57
2225.363144807,3282,100525.84,98647.96,100521.81,103410.55,100509.97,100548.06,100543.96,100542.61
2225.383757866,3283,100529.83,98649.91,100523.88,103412.73,100518.0,100541.94,100531.9,100525.56
2225.404443757,3284,100530.9,98647.96,100514.83,103414.55,100508.92,100541.94,100539.94,100529.56
2225.428099532,3285,100529.83,98647.96,100527.89,103406.55,100512.06,100545.95,100531.9,100528.53
2225.448728788,3286,100519.97,98643.92,100507.84,103416.73,100518.0,100540.89,100537.82,100527.5
2225.469384194,3287,100525.84,98647.96,100523.76,103420.73,100509.97,100545.95,100522.8,100534.6
2225.489940854,3288,100529.83,98656.02,100521.81,103428.73,100512.06,100529.91,100529.78,100531.63
2225.510645733,3289,100535.95,98647.96,100521.81,103438.55,100520.1,100538.99,100535.92,100548.56
2225.531165962,3290,100529.83,98672.15,100521.81,103414.55,100511.89,100543.0,100530.84,100528.53
2225.551729497,3291,100527.96,98728.61,100519.87,103416.73,100513.99,100530.97,100531.9,100528.53
2225.572386488,3292,100527.96,98634.82,100523.88,103416.73,100518.0,100541.94,100527.88,100533.57
2225.596038391,3293,100522.91,98639.89,100521.81,103438.55,100520.97,100543.84,100533.8,100533.57
2225.61665896,3294,100531.96,98646.92,100509.79,103432.73,100509.97,100537.93,100539.94,100534.6
2225.637271161,3295,100523.97,98635.86,100517.8,103414.55,100511.89,100548.06,100531.9,100532.54
2225.657876657,3296,100525.84,98656.02,100516.77,103403.64,100508.92,100538.99,100539.94,100535.51
2225.678512745,3297,100520.79,98650.03,100509.79,103416.73,100512.06,100545.95,100530.84,100540.55
2225.699118499,3298,100529.83,98647.96,100513.79,103424.73,100511.02,100540.04,100525.76,100545.58
2225.719823516,3299,100533.83,98660.05,100505.78,103416.37,100508.92,100543.0,100535.92,100533.57
2225.740593774,3300,100521.85,98660.05,100518.84,103422.91,100516.08,100547.01,100527.88,100539.52
2225.764040333,3301,100525.84,98657.06,100510.82,103420.73,100519.05,100547.01,100529.78,100531.51
2225.78473853,3302,100529.83,98763.86,100518.84,103456.73,100515.91,100543.0,100534.86,100540.55
2225.805374565,3303,100530.9,98807.18,100513.79,103470.55,100508.92,100541.94,100535.92,100521.55
2225.826017622,3304,100527.96,98793.13,100513.79,103464.73,100509.97,100533.92,100531.9,100533.57
2225.846380103,3305,100531.96,98822.4,100521.81,103472.73,100509.97,100537.93,100527.88,100526.59
2225.867065279,3306,100526.9,98805.23,100514.83,103474.55,100520.1,100541.94,100535.92,100528.53
2225.887614329,3307,100519.72,98816.29,100513.79,103472.73,100501.94,100538.99,100539.94,100521.55
2225.911356956,3308,100535.95,98804.19,100514.83,103464.73,100509.97,100541.94,100537.82,100538.6
2225.931957614,3309,100541.01,98800.16,100519.87,103460.73,100509.97,100533.92,100531.9,100522.47
2225.952556218,3310,100537.82,98786.1,100517.8,103460.73,100511.02,100537.93,100538.88,100528.53
2225.973179754,3311,100528.77,98793.13,100517.8,103454.55,100513.99,100548.06,100530.84,100520.4
2225.9938036,3312,100533.83,98784.03,100518.84,103460.73,100526.03,100530.97,100541.0,100528.53
2226.014347665,3313,100529.83,98794.17,100506.81,103456.73,100508.92,100530.97,100527.88,100532.54
2226.034933088,3314,100518.91,98844.51,100520.78,103486.55,100509.97,100544.05,100535.92,100528.53
2226.055601026,3315,100529.83,99030.02,100522.84,103586.55,100508.92,100548.06,100535.92,100532.54
2226.079322008,3316,100522.91,99111.72,100522.84,103588.73,100513.99,100530.97,100538.88,100525.56
2226.099983964,3317,100529.83,99074.38,100511.73,103584.73,100515.91,100533.92,100535.92,100524.53
2226.120578998,3318,100528.77,99075.42,100517.8,103574.55,100515.03,100543.0,100535.92,100533.57
2226.14113209,3319,100513.86,99071.39,100510.82,103568.73,100509.97,100548.06,100539.94,100529.56
2226.161851744,3320,100529.83,99049.14,100517.8,103559.64,100518.0,100547.01,100535.92,100526.47
2226.18257704,3321,100529.83,99043.16,100505.78,103550.55,100518.0,100541.94,100529.78,100533.57
2226.203317207,3322,100525.84,99055.26,100505.78,103560.73,100507.88,100547.01,100538.88,100514.46
2226.224024752,3323,100525.84,99048.23,100514.83,103556.36,100503.86,100532.02,100529.78,100528.53
2226.247304326,3324,100520.79,99057.21,100513.79,103558.55,100516.96,100551.02,100537.82,100528.53
2226.267905646,3325,100520.79,99060.33,100523.88,103560.73,100505.95,100545.95,100527.88,100531.51
2226.288553162,3326,100529.83,99055.26,100517.8,103565.46,100516.96,100534.98,100539.94,100532.54
2226.30910054,3327,100531.96,99204.47,100521.81,103615.64,100518.0,100547.01,100539.94,100544.55
2226.329694632,3328,100529.83,99551.32,100522.84,103808.74,100508.92,100549.96,100535.92,100534.48
2226.350272406,3329,100531.96,99566.41,100519.87,103771.64,100513.99,100551.02,100539.94,100542.49
2226.370872351,3330,100529.83,99527.12,100514.83,103760.73,100509.97,100537.93,100531.9,100525.56
2226.391518569,3331,100527.96,99502.92,100522.84,103764.73,100508.92,100529.91,100528.94,100524.53
2226.415248296,3332,100529.83,99510.99,100513.79,103741.45,100513.99,100523.79,100539.94,100524.53
2226.435828332,3333,100543.94,99518.01,100515.86,103743.64,100512.94,100537.93,100530.84,100536.54
2226.456544735,3334,100529.83,99510.99,100514.83,103748.36,100520.1,100538.99,100541.84,100533.57
2226.477128094,3335,100537.82,99518.01,100506.81,103752.73,100507.88,100529.91,100538.88,100544.55
2226.497937992,3336,100531.96,99510.99,100514.83,103752.73,100512.06,100547.01,100531.9,100533.57
2226.518293171,3337,100533.83,99501.88,100509.79,103747.64,100504.91,100540.04,100539.94,100530.48
2226.538830767,3338,100526.9,99510.99,100521.81,103742.55,100504.91,100528.86,100531.9,100524.53
2226.559407861,3339,100537.82,99509.94,100507.84,103743.64,100507.88,100543.0,100530.84,100532.54
2226.583207001,3340,100517.85,99672.32,100517.8,103842.55,100501.94,100536.88,100543.96,100532.54
2226.603846581,3341,100543.69,100197.73,100529.83,104154.57,100513.99,100555.03,100542.9,100541.58
2226.624445077,3342,100541.82,100295.6,100506.81,104166.57,100516.96,100541.94,100547.98,100543.52
2226.645058439,3343,100530.9,100250.17,100523.88,104134.57,100518.0,100541.94,100532.96,100540.55
2226.665635659,3344,100524.78,100235.97,100518.84,104142.57,100512.06,100541.94,100538.88,100529.56
2226.686276686,3345,100521.85,100220.89,100510.82,104134.57,100507.88,100538.99,100537.82,100533.57
2226.706876095,3346,100535.95,100219.83,100509.79,104121.86,100509.97,100536.03,100539.94,100522.47
2226.727460004,3347,100522.91,100207.73,100522.84,104132.76,100492.86,100543.0,100538.88,100525.56
2226.751242244,3348,100531.96,100205.8,100516.77,104102.57,100507.88,100545.95,100522.8,100529.56
2226.771816749,3349,100538.88,100206.85,100513.79,104112.76,100500.89,100543.0,100521.74,100523.5
2226.792422878,3350,100539.95,100188.62,100521.81,104095.66,100509.97,100529.91,100539.94,100532.54
2226.813057574,3351,100527.71,100175.46,100517.8,104088.76,100509.97,100537.93,100543.96,100524.53
2226.833559941,3352,100521.85,100186.51,100505.78,104095.66,100505.95,100536.88,100532.96,100526.59
2226.854174216,3353,100529.83,100503.26,100510.82,104254.59,100511.89,100537.93,100537.82,100525.56
2226.874828564,3354,100529.83,101094.18,100513.79,104599.75,100519.93,100549.96,100547.98,100550.62
2226.898480935,3355,100529.83,101132.61,100510.82,104582.64,100513.99,100544.05,100539.94,100526.47
2226.919142663,3356,100517.85,101072.09,100522.84,104560.84,100503.86,100537.93,100531.9,100536.54
2226.939704243,3357,100529.83,101049.8,100519.87,104518.63,100505.95,100541.94,100526.82,100523.5
2226.960373269,3358,100521.85,101031.74,100523.88,104516.83,100505.95,100535.82,100526.82,100530.48
2226.98097655,3359,100530.9,101018.58,100513.79,104500.83,100499.84,100538.99,100522.8,100530.6
2227.001567094,3360,100526.9,101011.57,100515.86,104496.82,100499.84,100533.92,100539.94,100526.47
2227.022106608,3361,100525.84,101019.64,100515.86,104482.62,100509.97,100533.92,100530.84,100526.47
2227.042786232,3362,100528.77,100990.34,100515.86,104478.62,100504.91,100538.99,100535.92,100533.57
2227.066478787,3363,100525.84,100995.43,100518.84,104478.62,100507.88,100534.98,100535.92,100531.51
2227.087066202,3364,100520.79,100995.43,100509.79,104474.62,100502.98,100536.88,100537.82,100532.54
2227.107668672,3365,100523.97,100989.28,100517.8,104478.62,100509.97,100537.93,100533.8,100531.51
2227.128260871,3366,100528.77,101342.41,100523.88,104720.88,100509.97,100541.94,100525.76,100524.53
2227.148851414,3367,100530.9,102147.27,100515.86,105023.86,100497.92,100532.02,100529.78,100516.52
2227.169544079,3368,100525.84,102109.06,100514.83,104958.73,100503.86,100536.03,100547.98,100524.53
2227.190048103,3369,100521.85,102047.46,100515.86,104925.62,100501.94,100544.05,100538.88,100529.56
2227.210822833,3370,100527.96,102020.28,100514.83,104906.72,100497.92,100543.0,100539.94,100533.57
2227.234377683,3371,100529.83,102010.07,100523.88,104894.71,100499.84,100538.99,100538.88,100528.53
2227.255034298,3372,100517.85,101988.0,100506.81,104881.61,100501.94,100530.97,100529.78,100524.53
2227.275655881,3373,100529.83,101982.9,100519.87,104883.82,100500.89,100547.01,100535.92,100528.53
2227.296322592,3374,100528.77,101973.76,100511.85,104862.71,100512.06,100547.01,100525.76,100526.47
2227.316906359,3375,100521.85,101970.79,100507.84,104862.71,100509.97,100541.94,100538.04,100528.53
2227.337445451,3376,100528.77,101954.65,100515.86,104845.6,100515.03,100537.93,100535.92,100532.54
2227.358138455,3377,100529.83,101939.58,100511.85,104844.49,100496.87,100534.98,100538.88,100532.54
2227.378742346,3378,100517.85,101929.37,100515.86,104862.71,100493.9,100550.17,100526.82,100526.47
2227.40235059,3379,100529.83,101947.65,100523.88,104878.71,100501.94,100543.0,100538.04,100537.57
2227.422983252,3380,100531.96,101907.3,100505.78,104912.93,100505.95,100545.95,100539.94,100533.57
2227.443604275,3381,100527.71,101943.61,100519.87,104941.62,100511.89,100541.94,100533.8,100542.49
2227.464352991,3382,100537.82,101945.51,100522.84,104990.74,100507.88,100533.92,100530.84,100528.53
2227.484762244,3383,100523.97,101947.65,100521.81,105056.97,100511.89,100538.99,100526.82,100528.53
2227.505453544,3384,100529.83,101927.47,100521.81,105110.78,100509.97,100539.83,100539.94,100540.55
2227.526009661,3385,100531.96,101967.82,100517.8,105133.0,100508.92,100537.93,100534.86,100536.54
2227.546646855,3386,100529.83,101963.79,100516.89,105119.89,100513.99,100537.93,100535.92,100542.49
2227.570370846,3387,100537.82,101939.58,100509.79,105149.69,100508.92,100547.01,100529.78,100529.56
2227.590956428,3388,100529.83,101983.97,100519.87,105206.81,100509.97,100538.99,100535.92,100529.56
2227.611499854,3389,100521.85,101989.9,100523.88,105222.82,100507.88,100529.91,100525.76,100528.53
2227.632130172,3390,100524.78,102029.42,100513.79,105277.73,100501.94,100545.95,100538.88,100528.53
2227.652732914,3391,100529.83,102025.39,100517.8,105313.06,100508.92,100555.03,100538.88,100536.54
2227.673348785,3392,100538.88,102076.78,100513.79,105378.87,100511.89,100549.96,100533.8,100533.57
2227.693895553,3393,100537.82,102090.78,100521.81,105449.12,100506.83,100545.95,100535.92,100529.56
2227.714529682,3394,100523.97,102145.38,100513.79,105510.93,100507.88,100537.93,100529.78,100534.6
2227.738259053,3395,100529.83,102158.31,100513.79,105554.94,100518.0,100541.94,100530.84,100532.54
2227.758895921,3396,100538.88,102213.98,100514.83,105616.75,100501.94,100544.05,100533.8,100531.51
2227.779446633,3397,100527.96,102261.33,100522.84,105641.87,100509.97,100545.95,100539.94,100546.61
2227.800117015,3398,100520.79,102313.79,100513.79,105670.99,100518.0,100529.91,100539.94,100533.57
2227.820738771,3399,100526.9,102343.11,100505.78,105662.99,100519.93,100537.93,100530.84,100546.61
2227.842873684,3400,100521.85,102395.58,100507.84,105696.12,100509.8,100537.93,100539.94,100531.51
2227.863720548,3401,100528.77,102413.61,100514.83,105731.02,100512.94,100543.0,100538.88,100531.51
2227.884856419,3402,100530.9,102451.0,100514.83,105767.04,100509.97,100533.92,100538.88,100543.52
2227.906296964,3403,100529.83,102516.65,100513.79,105819.06,100509.97,100537.93,100535.7,100531.51
2227.926859059,3404,100527.96,102568.04,100506.81,105860.86,100513.99,100536.88,100531.9,100536.54
2227.947443489,3405,100539.95,102616.46,100515.86,105888.87,100507.88,100538.99,100532.96,100531.51
2227.967972728,3406,100529.83,102682.11,100513.79,105943.13,100507.88,100538.99,100539.94,100532.54
2227.988748746,3407,100531.96,102725.43,100517.8,105982.03,100499.84,100545.95,100537.82,100524.53
2228.009330998,3408,100537.82,102795.11,100522.84,106006.04,100513.99,100534.98,100535.92,100522.47
2228.029894235,3409,100519.97,102847.58,100515.86,106036.94,100499.84,100552.07,100541.0,100528.53
2228.050502093,3410,100522.91,102891.98,100518.84,106059.19,100509.97,100541.94,100537.82,100528.53
2228.074234237,3411,100534.89,102940.41,100515.86,106071.19,100503.86,100537.93,100537.82,100536.54
2228.094854593,3412,100529.83,102991.8,100519.87,106083.2,100500.89,100547.01,100531.9,100537.57
2228.115525313,3413,100527.96,103063.37,100514.83,106120.99,100496.87,100548.06,100536.98,100533.57
2228.13616232,3414,100521.85,103145.17,100525.82,106123.22,100508.05,100547.01,100534.86,100548.56
2228.156570586,3415,100538.88,103407.53,100511.85,106223.28,100501.94,100540.04,100530.84,100524.53
2228.177148048,3416,100520.79,104203.53,100515.86,106629.29,100499.84,100538.99,100527.88,100533.57
2228.197799982,3417,100530.9,104215.96,100511.85,106567.49,100509.97,100533.92,100538.88,100548.56
2228.221576011,3418,100529.83,104245.31,100519.87,106574.37,100503.86,100547.01,100537.82,100531.51
2228.24225202,3419,100523.97,104261.14,100501.77,106571.49,100498.8,100538.99,100536.98,100544.55
2228.262849251,3420,100527.96,104304.78,100514.83,106578.37,100507.88,100536.03,100535.92,100543.52
2228.283375837,3421,100519.97,104344.06,100515.86,106581.74,100507.88,100530.97,100530.84,100545.58
2228.304012894,3422,100521.85,104356.17,100513.79,106585.26,100505.95,100540.04,100530.84,100528.53
2228.324577278,3423,100531.96,104409.75,100522.84,106615.52,100503.86,100537.93,100531.9,100544.55
2228.345158221,3424,100518.91,104465.18,100526.85,106629.29,100509.97,100540.04,100535.92,100532.54
2228.36576709,3425,100529.83,104513.63,100506.81,106673.8,100510.85,100544.05,100533.8,100545.58
2228.389563983,3426,100520.79,104586.3,100518.84,106739.6,100509.97,100532.02,100543.96,100549.59
2228.410128847,3427,100538.88,104665.2,100515.86,106785.39,100503.86,100537.93,100538.88,100531.51
2228.430798885,3428,100521.85,104739.72,100516.89,106829.42,100516.96,100528.86,100532.96,100532.54
2228.451465442,3429,100529.83,104813.49,100516.89,106857.44,100509.97,100541.94,100523.86,100536.54
2228.471848961,3430,100531.96,104842.51,100510.82,106903.72,100512.94,100541.94,100530.84,100534.6
2228.492527556,3431,100528.77,104902.32,100514.83,106909.48,100512.94,100541.94,100530.84,100549.59
2228.513113729,3432,100530.9,104936.47,100522.84,106931.74,100508.05,100545.95,100530.84,100530.48
2228.533742425,3433,100529.83,104994.09,100522.84,106933.49,100509.97,100538.99,100535.92,100540.55
2228.557477188,3434,100536.76,105053.56,100523.88,106966.64,100497.92,100541.94,100542.9,100544.55
2228.578036861,3435,100522.91,105475.71,100509.79,107229.72,100515.91,100544.05,100530.84,100528.53
2228.598726274,3436,100517.85,107058.94,100491.8,108684.24,100498.97,100524.0,100521.74,100522.47
2228.619229946,3437,100515.98,107899.25,100500.85,109488.07,100493.9,100522.95,100515.82,100512.51
2228.639898387,3438,100522.91,107728.43,100507.84,109231.74,100495.83,100532.02,100523.86,100532.54
2228.660482029,3439,100521.85,107743.47,100513.79,109185.98,100500.89,100538.99,100526.82,100528.53
2228.681102263,3440,100523.97,107743.47,100517.92,109147.64,100500.89,100532.02,100527.88,100531.51
2228.701789456,3441,100514.92,107763.67,100511.85,109103.59,100505.78,100529.91,100534.86,100533.57
2228.725528332,3442,100523.97,107787.91,100514.83,109067.54,100507.88,100534.98,100534.86,100548.56
2228.746100214,3443,100520.79,107800.03,100507.84,109047.52,100508.92,100545.95,100527.88,100532.54
2228.76666912,3444,100521.85,107851.89,100518.84,109026.35,100505.95,100540.04,100522.8,100531.51
2228.787353883,3445,100529.83,107865.8,100510.82,109028.64,100509.97,100530.97,100535.92,100527.5
2228.807845631,3446,100529.83,107920.11,100513.79,109040.65,100507.88,100540.04,100529.78,100546.49
2228.828470362,3447,100521.85,107974.89,100512.76,109051.52,100513.99,100541.94,100535.92,100540.55
2228.849027112,3448,100520.79,108026.28,100517.8,109064.68,100505.95,100526.96,100534.86,100527.5
2228.869610834,3449,100525.84,108096.1,100520.9,109087.57,100506.83,100529.91,100543.96,100528.53
2228.893450079,3450,100521.85,108155.58,100514.83,109103.59,100508.92,100537.93,100535.92,100527.5
2228.913912961,3451,100521.85,108193.07,100515.86,109092.72,100500.89,100537.93,100530.84,100533.57
2228.934574816,3452,100513.86,108231.22,100514.83,109104.73,100499.84,100541.1,100539.94,100524.53
2228.955210824,3453,100517.85,108286.0,100510.82,109119.61,100507.88,100545.95,100531.9,100544.55
2228.975748793,3454,100529.83,108327.54,100515.86,109096.72,100503.86,100529.91,100531.9,100533.57
2228.996483026,3455,100524.78,108381.85,100511.85,109127.62,100500.89,100538.99,100530.84,100550.62
2229.017036776,3456,100530.9,108519.23,100511.85,109240.9,100501.94,100537.93,100537.82,100532.54
2229.037620999,3457,100507.99,110176.25,100498.79,111250.74,100483.78,100514.93,100507.78,100516.52
2229.06135291,3458,100473.92,112468.8,100477.71,113770.21,100469.81,100498.89,100489.58,100492.49
2229.081960555,3459,100492.01,112417.4,100489.74,113398.99,100490.77,100513.87,100513.7,100508.51
2229.102539162,3460,100513.86,112390.25,100489.74,113163.65,100493.9,100526.96,100514.76,100516.52
2229.12318471,3461,100505.87,112378.12,100513.79,113067.44,100491.81,100532.02,100528.94,100524.53
2229.143840924,3462,100522.91,112400.05,100507.84,112970.05,100504.91,100529.91,100519.84,100523.5
2229.164300874,3463,100522.91,112408.14,100507.84,112912.28,100491.81,100534.98,100522.8,100524.53
2229.185037552,3464,100521.85,112424.32,100509.79,112877.85,100493.9,100538.99,100529.78,100528.53
2229.205567839,3465,100529.83,112433.57,100501.77,112821.74,100491.81,100529.91,100529.78,100524.53
2229.229303788,3466,100529.83,112486.15,100502.8,112789.67,100504.91,100534.98,100530.84,100548.56
2229.249966523,3467,100521.85,112506.37,100527.89,112750.76,100503.86,100517.88,100535.92,100526.47
2229.270501952,3468,100523.97,112561.83,100499.82,112725.53,100511.02,100533.92,100533.8,100533.57
2229.29137719,3469,100522.91,112611.53,100510.82,112709.5,100495.83,100533.92,100527.88,100524.53
2229.31295415,3470,100538.88,112676.24,100505.78,112677.43,100507.88,100540.04,100527.66,100528.53
2229.332294548,3471,100525.84,112711.47,100507.84,112649.38,100490.77,100530.97,100526.82,100544.55
2229.352854497,3472,100521.85,112754.26,100523.88,112649.38,100509.97,100539.83,100526.82,100533.57
2229.373553234,3473,100522.91,112812.59,100511.85,112625.33,100491.81,100530.97,100531.9,100524.53
2229.397272622,3474,100527.96,112861.13,100511.85,112617.31,100496.87,100541.94,100534.86,100532.54
2229.417863387,3475,100521.85,112899.23,100511.85,112606.47,100505.95,100533.92,100529.78,100540.55
2229.438457766,3476,100523.97,112925.84,100509.79,112581.24,100508.92,100536.03,100529.78,100527.5
2229.459074376,3477,100527.96,112974.38,100514.83,112566.38,100511.89,100528.86,100539.94,100546.61
2229.479632167,3478,100521.85,113029.83,100515.86,112566.38,100509.97,100536.88,100529.78,100532.54
2229.500404739,3479,100531.96,113091.68,100509.9,112572.04,100509.97,100531.81,100529.78,100532.54
2229.52095428,3480,100523.97,113168.54,100515.86,112581.24,100503.86,100541.1,100531.9,100525.56
2229.544609649,3481,100527.96,113219.94,100516.89,112573.22,100501.94,100525.9,100526.82,100522.47
2229.565241794,3482,100515.98,113291.06,100519.87,112565.2,100503.86,100534.98,100531.9,100533.57
2229.585790008,3483,100519.97,113339.61,100507.84,112572.04,100499.84,100532.02,100525.76,100536.54
2229.606364472,3484,100492.01,113355.79,100499.82,112573.22,100475.75,100509.86,100499.74,100508.51
2229.627029823,3485,100506.93,113401.97,100499.82,112549.17,100479.76,100514.93,100515.82,100525.56
2229.647667631,3486,100519.97,113467.88,100514.83,112537.15,100491.81,100521.89,100523.86,100529.56
2229.668284916,3487,100527.96,113500.24,100507.84,112533.14,100495.83,100516.83,100524.7,100540.55
2229.688826332,3488,100525.03,113555.19,100506.81,112514.75,100492.86,100528.86,100523.86,100518.58
2229.712548078,3489,100513.86,113613.51,100497.76,112527.48,100503.86,100530.97,100519.84,100532.54
2229.733434772,3490,100505.87,113698.46,100507.84,112517.11,100495.83,100529.91,100523.86,100526.59
2229.753898045,3491,100497.88,113748.69,100490.77,112549.17,100489.89,100518.94,100514.76,100513.55
2229.774585656,3492,100513.86,113823.88,100498.79,112562.37,100485.87,100518.94,100505.66,100518.58
2229.795201033,3493,100511.98,113888.61,100491.8,112561.2,100489.89,100533.08,100517.72,100517.55
2229.815538689,3494,100507.99,113959.06,100498.79,112539.98,100492.86,100530.97,100530.84,100520.52
2229.836427035,3495,100522.91,114028.53,100510.82,112533.14,100496.87,100522.95,100525.76,100525.56
2229.857145293,3496,100515.98,114074.71,100505.78,112517.11,100491.81,100540.04,100522.8,100528.53
2229.880525774,3497,100513.86,114338.89,100506.81,113010.13,100493.9,100524.0,100522.8,100524.53
2229.901126771,3498,100492.01,115573.14,100491.8,114305.11,100471.73,100498.89,100498.68,100504.5
2229.921733308,3499,100498.94,115570.75,100490.77,114028.44,100484.83,100518.94,100510.74,100518.58
2229.942324877,3500,100514.92,115627.41,100499.82,113992.36,100482.73,100524.0,100518.78,100516.52
2229.962965802,3501,100513.86,115677.18,100499.82,113944.24,100491.81,100519.99,100515.82,100527.62
2229.983554219,3502,100521.85,115717.65,100499.82,113908.16,100492.86,100515.98,100515.82,100512.51
2230.004226543,3503,100518.91,115790.51,100507.84,113864.05,100491.81,100532.02,100510.74,100516.52
2230.024854369,3504,100512.8,115867.41,100503.83,113830.79,100483.78,100525.9,100522.8,100529.56
2230.0484749,3505,100519.97,115928.12,100491.8,113806.73,100491.81,100528.01,100518.78,100519.49
2230.069065849,3506,100515.98,115968.6,100497.76,113775.85,100493.74,100522.95,100519.84,100525.56
2230.089742829,3507,100515.98,116009.08,100498.79,113718.53,100490.77,100510.92,100513.7,100529.56
2230.110294764,3508,100514.92,116033.36,100507.84,113703.68,100500.89,100532.02,100518.78,100524.53
2230.130911982,3509,100523.97,116098.13,100507.84,113675.61,100491.81,100532.02,100527.88,100525.56
2230.151463026,3510,100523.97,116160.48,100505.78,113666.41,100492.86,100522.95,100523.86,100513.55
2230.172098888,3511,100509.86,116254.36,100507.84,113647.55,100490.77,100528.01,100518.78,100524.53
2230.192773154,3512,100517.85,116300.52,100506.81,113639.53,100504.91,100532.02,100522.8,100520.52
2230.216390692,3513,100505.87,116389.58,100505.78,113630.33,100491.81,100522.95,100522.8,100524.53
2230.236997324,3514,100523.97,116468.13,100498.79,113611.47,100498.8,100524.0,100514.76,100521.55
2230.257572621,3515,100515.73,116528.42,100506.81,113599.44,100489.72,100530.12,100527.88,100524.53
2230.278477907,3516,100517.85,116601.29,100506.81,113591.42,100491.81,100529.91,100523.86,100516.52
2230.299000024,3517,100521.85,116651.5,100515.86,113551.33,100503.86,100537.93,100518.78,100524.53
2230.319722568,3518,100525.03,116697.24,100507.84,113526.09,100486.75,100529.91,100528.94,100528.53
2230.340401111,3519,100517.85,117199.27,100498.79,113999.18,100491.81,100525.9,100525.76,100525.56
2230.360980502,3520,100464.87,119523.97,100463.73,116767.92,100453.74,100473.77,100482.6,100485.51
2230.384420993,3521,100476.04,119852.13,100458.69,116928.42,100443.62,100489.81,100482.6,100487.46
2230.405119437,3522,100488.02,119752.08,100483.78,116647.55,100476.79,100489.81,100502.7,100500.5
2230.425731667,3523,100497.88,119803.51,100491.8,116528.77,100477.84,100505.85,100507.78,100509.54
2230.446307775,3524,100500.0,119889.83,100491.8,116446.95,100483.78,100524.0,100523.86,100510.57
2230.467025424,3525,100515.98,119931.92,100507.84,116322.58,100483.78,100526.96,100512.86,100507.48
2230.487705973,3526,100505.87,119989.88,100498.79,116269.21,100483.78,100522.95,100515.82,100520.52
2230.507979474,3527,100509.86,120051.9,100513.79,116197.0,100491.81,100522.95,100523.86,100524.53
2230.528524951,3528,100522.91,120072.48,100506.81,116150.07,100495.83,100532.02,100534.86,100534.6
2230.552346887,3529,100525.03,120143.85,100507.84,116091.48,100491.81,100537.93,100522.8,100529.56
2230.573183794,3530,100514.92,120211.48,100507.84,116045.77,100489.72,100544.05,100525.76,100532.54
2230.593549732,3531,100519.97,120261.35,100507.84,116017.69,100505.95,100538.99,100532.96,100528.53
2230.614098407,3532,100519.97,120333.04,100515.86,115976.36,100499.84,100543.0,100521.74,100534.6
2230.634844899,3533,100527.96,120407.22,100511.85,115949.49,100505.95,100537.93,100531.9,100528.53
2230.65556203,3534,100523.97,120477.67,100515.86,115905.36,100507.88,100536.03,100523.86,100521.55
2230.678118737,3535,100523.97,120550.6,100519.87,115872.06,100491.81,100529.91,100524.7,100532.54
2230.697330093,3536,100513.86,120599.23,100507.84,115830.74,100492.86,100540.04,100530.84,100527.5
2230.720288745,3537,100523.97,120650.35,100523.88,115789.03,100491.81,100533.08,100524.7,100534.48
2230.740948817,3538,100513.86,120763.81,100507.84,115822.33,100495.83,100532.02,100524.92,100516.52
2230.761662335,3539,100490.95,123217.78,100467.74,118107.03,100468.76,100507.96,100483.66,100486.54
2230.782248225,3540,100480.03,123559.67,100475.76,118718.39,100459.68,100486.86,100483.66,100502.56
2230.80293774,3541,100492.01,123511.01,100487.79,118456.23,100471.73,100498.89,100501.86,100506.57
2230.82359323,3542,100490.95,123544.73,100487.79,118331.8,100481.86,100525.06,100507.78,100508.51
2230.844262009,3543,100509.86,123607.06,100498.79,118244.73,100491.81,100526.96,100514.76,100516.52
2230.867610652,3544,100513.86,123684.11,100505.78,118166.0,100485.87,100515.98,100514.76,100520.52
2230.888286301,3545,100506.93,123735.55,100507.84,118072.46,100492.86,100522.95,100515.82,100521.55
2230.908983469,3546,100521.85,123788.05,100500.85,118003.91,100489.89,100528.01,100531.9,100528.53
2230.929626608,3547,100513.86,123788.05,100491.8,117875.47,100490.77,100506.7,100513.7,100513.55
2230.950198588,3548,100708.77,114493.13,100708.33,116226.29,100643.38,100692.43,100720.83,100692.73
2230.970882631,3549,100587.88,113846.97,100577.03,116694.48,100562.01,100604.2,100578.01,100580.59
2230.991561252,3550,100567.91,113823.88,100537.85,116176.94,100531.97,100566.0,100561.93,100561.6
2231.01240902,3551,100547.93,113010.78,100531.9,116687.67,100523.94,100549.96,100556.02,100569.61
2231.035614283,3552,100550.87,113395.06,100550.0,116881.48,100524.99,100571.07,100556.02,100558.63
2231.056215766,3553,100537.82,113222.81,100530.86,116243.55,100515.91,100548.06,100539.94,100548.56
2231.0769173,3554,100492.01,114145.17,100474.73,120115.62,100454.62,100475.88,100477.52,100484.48
2231.099607034,3555,100448.08,115894.54,100439.67,121617.8,100434.54,100456.89,100461.44,100462.52
2231.11945755,3556,100469.92,115673.13,100470.72,121200.02,100443.62,100481.79,100458.48,100468.46
2231.138546335,3557,100472.04,115529.08,100467.74,121055.42,100439.6,100478.84,100476.68,100476.47
2231.159160932,3558,100470.98,115642.4,100458.69,121019.27,100451.65,100473.77,100475.62,100480.48
2231.17991522,3559,100412.13,117579.88,100403.59,124544.98,100399.44,100417.64,100410.25,100412.4
2231.203566219,3560,100346.1,120339.9,100321.34,124544.98,100314.06,100338.49,100341.92,100353.36
2231.224183774,3561,100360.2,119722.82,100355.47,124544.98,100347.24,100359.6,100378.09,100361.37
2231.244709523,3562,100498.94,116666.49,100481.72,122019.55,100463.7,100475.88,100493.6,100505.54
2231.265307372,3563,100665.64,110925.87,100671.21,112322.37,100640.41,100692.43,100681.69,100689.75
2231.285910611,3564,100793.46,106176.19,100778.44,106173.02,100771.03,100818.64,100793.19,100806.93
2231.306640578,3565,100849.39,101719.55,100836.64,103582.18,100829.18,100856.85,100862.59,100861.97
2231.327226943,3566,100855.51,100748.28,100834.58,104156.38,100830.23,100861.91,100851.36,100855.89
2231.347725626,3567,100809.44,99827.53,100800.55,103691.27,100790.06,100818.64,100815.18,100811.84
2231.371482806,3568,100777.49,98605.56,100772.48,103240.39,100752.86,100789.73,100797.2,100788.84
2231.392195773,3569,100748.72,97701.35,100740.41,102981.51,100732.78,100756.59,100757.01,100750.86
2231.412824541,3570,100707.71,98424.1,100691.25,103280.38,100692.62,100716.49,100715.75,100706.68
2231.433368504,3571,100683.74,99339.51,100684.27,103336.38,100666.6,100706.57,100698.61,100694.79
2231.453871196,3572,100675.76,98294.04,100660.09,103296.38,100654.55,100679.34,100683.59,100672.7
2231.474523362,3573,100654.72,98278.94,100644.17,103296.38,100628.36,100664.36,100657.35,100654.74
2231.495022767,3574,100643.8,97698.35,100627.1,103236.39,100624.34,100646.42,100635.35,100637.69
2231.515681455,3575,100625.7,97738.66,100636.15,103171.31,100620.33,100640.29,100630.27,100632.65
2231.539399431,3576,100615.84,98990.73,100588.03,103336.38,100590.29,100610.11,100610.17,100596.61
2231.560065591,3577,100617.71,98621.69,100596.05,103400.37,100605.31,100612.22,100611.23,100612.63
2231.580619069,3578,100603.86,98437.23,100606.02,103396.37,100588.2,100624.25,100629.21,100622.7
2231.60126157,3579,100575.89,98596.46,100560.88,103340.38,100556.07,100591.12,100575.05,100574.65
2231.621758232,3580,100553.8,98508.78,100546.9,103324.38,100541.05,100573.18,100573.15,100561.6
2231.642424513,3581,100568.72,98507.75,100561.91,103272.38,100548.04,100579.09,100572.09,100574.65
2231.663094884,3582,100571.9,98512.81,100543.92,103154.57,100557.12,100579.09,100588.17,100554.5
2231.683655487,3583,100601.73,98611.55,100604.07,103117.49,100555.02,100592.17,100586.27,100581.63
2231.707387782,3584,100527.96,98514.78,100515.86,103069.5,100512.94,100548.06,100531.9,100538.6
2231.728028402,3585,100537.82,98514.78,100527.89,103042.59,100507.88,100561.15,100542.9,100546.61
2231.748608754,3586,100538.88,98500.72,100527.89,102986.6,100513.99,100547.01,100547.98,100544.55
2231.769190944,3587,100554.86,98541.04,100534.87,102940.43,100540.01,100569.17,100562.99,100557.6
2231.789828092,3588,100541.82,98532.98,100538.88,102932.43,100526.03,100557.14,100547.98,100543.52
2231.810411785,3589,100529.02,98520.88,100527.89,102924.43,100520.97,100548.06,100529.78,100533.57
2231.831063749,3590,100537.82,98506.71,100513.79,102933.52,100518.0,100534.98,100530.84,100533.57
2231.853861893,3591,100531.96,98532.98,100524.91,102912.44,100522.02,100549.96,100545.86,100550.62
2231.883092903,3592,100533.83,98530.9,100525.82,102917.52,100528.13,100557.14,100545.86,100548.56
2231.899722035,3593,100537.82,98516.85,100523.88,102929.52,100509.97,100552.07,100539.94,100538.6
2231.916760364,3594,100527.96,98513.85,100518.84,102940.43,100507.88,100540.04,100529.78,100533.57
2231.937256252,3595,100531.96,98520.88,100507.84,102950.6,100512.94,100544.05,100539.94,100544.55
2231.959206117,3596,100523.97,98637.82,100518.84,102925.52,100508.92,100548.06,100541.0,100544.55
2231.978626314,3597,100534.08,98670.08,100511.85,102944.43,100516.96,100552.07,100538.88,100538.6
2232.00162293,3598,100531.96,98535.97,100518.84,102949.52,100509.97,100549.12,100533.8,100550.62
2232.020605849,3599,100531.96,98532.98,100519.87,102957.51,100515.91,100532.87,100535.92,100533.57
2232.046450684,3600,100531.96,98550.14,100527.89,102958.6,100531.97,100548.06,100539.94,100536.54
2232.068216719,3601,100529.83,98559.13,100514.83,102958.6,100515.91,100548.06,100543.96,100528.53
2232.087978505,3602,100519.97,98538.97,100501.77,102950.6,100504.91,100521.89,100525.76,100520.52
2232.10623299,3603,100531.96,98565.23,100524.91,102993.51,100523.94,100548.06,100547.98,100532.54
2232.130164092,3604,100537.82,98557.17,100519.87,102956.43,100518.0,100548.06,100541.84,100524.53
2232.153216017,3605,100519.97,98562.24,100515.86,102982.6,100518.0,100548.06,100535.92,100525.56
2232.167739208,3606,100539.95,98549.1,100510.82,102988.42,100502.81,100537.09,100537.82,100524.53
2232.188860933,3607,100523.97,98548.07,100513.79,102985.51,100503.86,100540.04,100539.94,100524.53
2232.211887625,3608,100535.95,98549.1,100514.83,102994.59,100507.88,100540.04,100537.82,100534.6
2232.232965053,3609,100523.97,98549.1,100506.81,102997.51,100499.84,100534.98,100534.86,100528.53
2232.252928038,3610,100523.97,98549.1,100513.79,103009.51,100515.91,100549.12,100539.94,100532.54
2232.273111177,3611,100516.79,98541.04,100514.83,103004.42,100522.02,100545.95,100543.96,100532.54
