t_pc,sample_idx,S0,S1,S2,S3,S4,S5,S6,S7
17716.823803239,5310,100997.21,98682.26,101003.98,104028.85,101036.08,101008.87,101001.49,101007.26
17716.832306661,5311,100999.33,98676.16,101001.91,104020.84,101038.0,101013.94,101010.6,101009.33
17716.856634169,5312,100999.33,98680.19,101012.01,104028.85,101039.05,101009.93,101024.57,101016.32
17716.877192385,5313,101000.4,98669.12,101003.98,104023.03,101029.96,101010.99,101002.55,101024.34
17716.897771392,5314,100988.39,98662.08,100989.87,104012.83,101017.89,101001.9,100994.51,101029.51
17716.918405042,5315,101001.46,98672.12,100993.89,104012.83,101040.1,101019.02,101012.5,101010.24
17716.938748323,5316,101007.33,98689.3,101000.88,104020.84,101032.06,101020.91,101009.54,101024.34
17716.95936649,5317,100997.21,98691.37,101009.03,104024.85,101032.93,101027.04,101018.65,101022.27
17716.979877905,5318,100993.46,98686.3,100999.97,104036.86,101028.03,101016.9,101006.58,101023.31
17717.000621281,5319,101003.33,98686.3,100994.92,104019.03,101031.01,101009.93,101009.54,101020.33
17717.024597156,5320,101001.46,98681.23,101001.91,104016.11,101031.01,101010.99,101012.73,101026.41
17717.045177065,5321,100998.27,98673.16,100992.85,104005.92,101026.98,101004.86,101010.6,101020.33
17717.067110401,5322,100997.46,98682.26,100998.02,104021.94,101031.01,101017.96,101017.59,101023.31
17717.086384755,5323,101007.33,98681.23,101006.96,104023.03,101035.03,101024.09,101018.65,101024.34
17717.106780325,5324,100999.33,98690.34,101001.91,104023.03,101021.91,101023.03,101002.55,101010.24
17717.127370689,5325,100993.46,98682.26,100993.89,104009.92,101022.96,101002.96,101002.55,101016.32
17717.148363243,5326,100988.39,98673.16,100993.89,104015.02,101031.01,101008.03,101006.58,101024.34
17717.172218656,5327,101004.4,98682.26,100984.83,104016.11,101024.01,101008.87,101010.6,101015.29
17717.192614877,5328,101009.46,98699.45,101005.93,104019.03,101041.15,101019.02,101018.65,101015.29
17717.213220805,5329,101002.52,98707.52,100993.89,104021.94,101036.08,101015.0,101006.58,101024.34
17717.233648714,5330,100996.39,98687.34,100995.95,104009.92,101026.98,101008.87,101006.58,101015.29
17717.254318068,5331,101009.46,98694.37,100985.86,104008.1,101032.06,101009.93,101013.56,101011.28
17717.27480087,5332,101000.4,98690.34,100981.85,104016.11,101035.03,101009.93,101017.59,101024.34
17717.295359516,5333,101001.46,98695.41,100993.89,104009.2,101022.96,101013.94,101007.64,101023.31
17717.315855628,5334,100996.39,98707.52,101002.95,103997.9,101022.96,101009.93,101011.66,101015.29
17717.34103854,5335,100992.39,98709.59,101006.96,103997.9,101031.01,101008.87,101022.67,101016.19
17717.360256078,5336,100992.39,98723.67,101002.95,104000.09,101031.01,101010.99,101004.68,101027.32
17717.381231194,5337,100992.39,98714.56,100989.87,103993.18,101026.98,101001.9,101002.55,101020.33
17717.402189606,5338,100991.33,98717.56,100991.94,103996.09,101031.01,101017.96,101010.6,101024.34
17717.422329559,5339,101008.4,98730.71,101017.97,103997.9,101039.05,101021.97,101018.65,101028.35
17717.442820603,5340,101008.4,98747.89,101005.93,103996.81,101044.12,101016.9,101015.69,101018.26
17717.463358809,5341,101008.4,98724.7,101006.96,103988.08,101031.01,101019.02,101004.45,101017.35
17717.483863734,5342,101001.46,98730.71,101003.98,103996.81,101025.06,101008.87,101011.66,101012.31
17717.508166764,5343,101004.4,98731.74,101001.91,104016.11,101041.15,101017.96,101011.66,101014.25
17717.528209902,5344,100997.46,98739.82,100999.97,104001.19,101033.11,101008.87,101011.66,101016.32
17717.549233311,5345,100991.33,98741.89,101002.95,104004.1,101028.03,101008.87,101006.58,101023.31
17717.569328266,5346,100993.46,98743.85,101003.98,104007.01,101028.03,101016.9,101012.73,101014.25
17717.590342582,5347,101005.46,98730.71,101001.91,104000.09,101032.06,101017.96,101002.55,101020.33
17717.610393721,5348,101009.46,98739.82,100993.89,103994.99,101036.08,101035.07,101022.67,101024.34
17717.631490702,5349,100990.27,98739.82,101003.98,104004.1,101033.11,101015.0,101010.6,101015.29
17717.651829195,5350,100991.33,98739.82,101006.96,104003.0,101040.1,101017.96,101004.68,101024.34
17717.675594473,5351,101000.4,98737.74,100998.93,104000.09,101033.11,101010.99,101004.68,101025.38
17717.696224487,5352,101012.4,98747.89,101003.98,104000.09,101028.03,101019.02,101008.48,101018.26
17717.716642411,5353,100999.33,98747.89,100991.82,104008.1,101033.11,101008.87,101020.78,101014.25
17717.737342101,5354,101005.21,98747.89,100997.9,104011.01,101022.96,101015.0,101010.6,101024.34
17717.758399162,5355,100999.33,98737.74,101003.98,103994.99,101036.08,101019.02,101008.7,101018.39
17717.778400375,5356,101000.4,98751.93,101001.91,104000.09,101033.11,101034.01,101012.73,101032.36
17717.799421441,5357,100996.39,98758.04,100995.95,104003.0,101044.12,101019.02,101018.65,101023.31
17717.81941971,5358,101007.33,98752.96,101001.91,103996.09,101032.06,101019.02,101018.65,101018.39
17717.843626264,5359,100993.2,98745.92,101003.98,104001.19,101032.06,101008.87,101010.6,101024.34
17717.864211922,5360,100991.33,98740.85,100993.89,104000.09,101026.98,101001.9,101011.66,101016.32
17717.884660592,5361,100999.33,98754.93,101000.88,104009.2,101041.15,101010.99,101019.71,101027.32
17717.90542462,5362,100991.33,98766.11,101005.93,104000.09,101041.15,101020.91,101019.71,101023.31
17717.925851116,5363,101001.46,98755.96,100996.87,103994.99,101024.01,101010.99,101002.55,101024.34
17717.946352316,5364,100995.33,98758.04,100999.97,103997.18,101031.01,101006.97,101011.66,101012.31
17717.966918444,5365,100996.39,98763.0,101003.98,104009.2,101032.06,101013.1,101006.58,101023.31
17717.987684945,5366,100999.33,98778.22,101009.94,104001.19,101035.03,101017.96,101012.73,101024.34
17718.011621921,5367,100992.39,98762.07,101003.98,104007.01,101033.11,101015.0,101013.79,101024.34
17718.032217384,5368,101007.33,98765.07,100994.92,103988.08,101032.06,101025.15,101011.66,101028.35
17718.052695188,5369,101008.4,98773.15,101005.93,103994.99,101032.06,101019.02,101008.48,101016.32
17718.073324712,5370,101004.4,98782.26,100991.94,103992.08,101037.13,101012.89,101011.66,101024.34
17718.093977931,5371,101004.4,98765.07,100999.97,103990.99,101025.06,101008.87,101005.51,101024.34
17718.114424259,5372,101000.4,98773.15,100993.89,103993.18,101026.11,101024.09,101018.65,101029.39
17718.134835612,5373,101009.46,98773.15,101001.91,104001.19,101041.15,101019.02,101010.6,101030.42
17718.15540858,5374,101000.4,98780.18,101002.95,103999.0,101033.11,101019.02,101013.79,101019.3
17718.179623668,5375,101000.4,98760.0,100996.87,103986.26,101034.16,101009.93,101007.64,101030.42
17718.200230127,5376,100995.33,98780.18,100997.9,103982.98,101022.96,101012.05,101002.55,101017.35
17718.220678226,5377,100993.46,98785.26,100998.93,103988.08,101029.08,101010.99,101016.75,101014.38
17718.241313789,5378,101003.33,98780.18,100995.95,103984.07,101033.11,101012.89,100999.59,101027.44
17718.262189656,5379,100999.33,98774.18,101003.98,103988.08,101029.08,101015.0,101012.73,101028.35
17718.282377822,5380,100999.33,98786.29,100993.89,103988.08,101029.08,101019.02,101011.66,101024.34
17718.302834304,5381,100999.33,98780.18,100990.91,103982.98,101031.01,101015.0,101012.73,101015.29
17718.323455405,5382,101009.46,98781.22,100999.97,103988.08,101022.96,101009.93,101011.66,101023.31
17718.347598784,5383,101002.52,98790.33,100997.9,103982.98,101040.1,101019.02,101014.85,101024.34
17718.368235448,5384,101001.46,98776.15,101008.0,103984.07,101025.06,101017.96,101003.62,101017.35
17718.388732061,5385,101009.46,98780.18,100995.95,103986.98,101039.05,101016.9,101006.58,101031.46
17718.409355366,5386,101001.46,98797.37,101002.95,103984.07,101032.06,101008.87,101004.68,101024.34
17718.433909516,5387,101008.4,98798.4,101002.95,103984.07,101031.01,101009.93,101007.64,101009.33
17718.450652992,5388,100999.33,98792.29,100997.9,103984.07,101033.11,101019.02,101016.75,101028.35
17718.470933678,5389,101005.21,98798.4,101005.02,103985.17,101032.06,101012.05,101012.73,101028.35
17718.495176908,5390,100991.33,98796.33,100997.9,103986.98,101040.1,101019.02,101019.71,101011.28
17718.515645418,5391,100995.33,98789.29,101010.97,103985.17,101032.06,101019.02,101020.78,101029.39
17718.536256113,5392,100992.39,98798.4,101001.91,103988.08,101022.96,101010.99,101006.8,101017.35
17718.556697473,5393,100999.33,98797.37,100996.87,103986.98,101031.01,101012.89,101021.84,101029.39
17718.577478235,5394,101009.46,98785.26,101005.93,103969.14,101029.96,101012.89,101008.7,101028.35
17718.597870811,5395,101001.46,98800.37,101001.91,103984.07,101039.05,101019.02,101009.77,101016.32
17718.618404009,5396,101001.46,98805.44,101001.91,103969.14,101039.05,101023.03,101004.68,101017.35
17718.638877457,5397,101008.4,98802.44,101001.91,103985.17,101036.08,101023.03,101012.73,101028.35
17718.663196862,5398,100996.39,98798.4,100995.95,103985.17,101042.2,101019.02,101012.73,101027.44
17718.683629497,5399,100995.33,98814.55,101003.98,103984.07,101029.08,101010.99,101006.8,101024.34
17718.704234645,5400,101001.46,98804.4,101002.95,103976.06,101037.13,101019.02,101015.69,101029.39
17718.72486547,5401,100999.33,98796.33,100998.02,103969.14,101028.03,101020.07,101010.83,101026.41
17718.745466771,5402,101009.46,98809.48,100996.99,103969.14,101032.06,101012.05,101004.68,101013.34
17718.76589439,5403,100992.39,98814.55,101002.95,103984.07,101032.06,101010.99,101012.73,101016.32
17718.786862706,5404,101001.46,98804.4,101010.97,103977.16,101038.18,101019.02,101008.7,101022.4
17718.807396976,5405,100998.52,98809.48,100996.99,103974.97,101035.03,101019.02,101006.8,101028.48
17718.831185608,5406,101001.46,98830.7,101006.05,103982.98,101025.06,101015.0,101012.73,101028.35
17718.851268746,5407,101003.33,98808.44,101003.98,103977.16,101031.01,101015.0,101014.85,101026.41
17718.872315601,5408,101000.4,98812.48,100997.9,103985.17,101029.08,101009.93,101013.79,101026.41
17718.892352168,5409,101001.46,98806.48,100995.95,103977.16,101041.15,101019.02,101004.68,101022.4
17718.913483491,5410,101009.46,98810.52,100994.92,103986.26,101034.16,101019.02,101009.77,101020.33
17718.933470222,5411,101004.4,98818.59,101002.95,103985.17,101035.21,101027.04,101003.62,101013.34
17718.954428163,5412,101004.4,98830.7,101003.98,103977.16,101025.06,101006.97,101014.63,101017.35
17718.975014411,5413,101001.46,98804.4,100998.93,103973.15,101026.98,101019.02,101011.66,101020.33
17718.998612395,5414,100993.46,98813.52,101003.98,103972.06,101024.01,101015.0,101014.85,101016.32
17719.019246045,5415,100997.46,98821.59,101001.91,103973.15,101025.06,101004.86,101006.8,101020.33
17719.039742507,5416,101000.4,98817.55,101009.94,103985.17,101032.06,101019.02,101021.84,101027.44
17719.06041034,5417,101004.4,98820.55,100993.89,103977.16,101038.18,101009.93,101008.7,101023.43
17719.081370714,5418,100993.46,98834.74,101003.98,103969.14,101024.01,101017.96,101004.68,101020.33
17719.101399659,5419,101003.33,98832.66,101001.91,103978.25,101021.91,101019.02,101009.77,101016.32
17719.122804876,5420,101000.4,98822.63,101006.96,103977.16,101025.06,101019.02,101005.74,101018.39
17719.142457512,5421,100999.33,98821.59,101002.95,103984.07,101028.03,101001.9,101004.68,101030.42
17719.16664632,5422,100990.27,98829.66,101005.93,103968.05,101031.01,101025.15,101013.79,101020.33
17719.187281823,5423,100999.33,98830.7,101006.05,103973.15,101037.13,101016.9,101013.79,101024.34
17719.207686647,5424,100995.33,98822.63,101002.95,103968.05,101019.99,101019.02,101000.65,101015.29
17719.228380157,5425,101003.33,98831.74,101006.96,103973.15,101038.18,101010.99,101016.75,101020.33
17719.248848487,5426,101001.46,98834.74,100998.93,103969.14,101040.1,101017.96,101011.66,101026.41
17719.269403589,5427,100999.33,98834.74,100991.94,103969.14,101032.06,101019.02,101003.62,101024.34
17719.290406618,5428,101004.4,98821.59,101002.95,103973.15,101032.06,101019.02,101013.79,101020.33
17719.31049347,5429,101000.4,98830.7,101000.88,103968.05,101031.01,101012.89,101009.77,101021.37
17719.33463044,5430,101009.46,98831.74,100999.97,103972.06,101032.06,101019.02,101012.73,101027.44
17719.355308537,5431,101000.4,98829.66,101002.95,103969.14,101029.08,101009.93,101020.78,101026.41
17719.375713621,5432,101000.4,98838.77,100994.92,103961.13,101024.01,101008.87,101012.73,101026.41
17719.396365219,5433,101009.46,98837.74,101003.98,103986.26,101035.21,101017.96,101012.73,101026.41
17719.416831526,5434,101001.46,98841.77,100993.89,103985.17,101029.08,101019.02,101011.66,101024.34
17719.437473238,5435,101001.46,98845.81,101006.96,103969.14,101031.01,101012.89,101012.73,101026.41
17719.457916911,5436,101000.4,98849.85,101003.98,103969.14,101025.06,101020.91,101012.73,101034.43
17719.478498272,5437,100992.39,98833.7,100998.93,103969.14,101033.11,101019.02,101006.58,101018.39
17719.502726429,5438,100999.33,98838.77,101001.91,103969.14,101033.11,101023.03,101020.78,101025.38
17719.523278375,5439,101009.46,98849.85,101001.91,103969.14,101032.06,101009.93,101022.9,101014.38
17719.543715809,5440,101007.33,98838.77,101002.95,103977.16,101025.06,101015.0,101001.49,101018.39
17719.564466165,5441,100989.2,98844.77,101001.91,103961.13,101032.06,101015.0,101016.75,101018.39
17719.584812631,5442,101008.4,98850.89,100997.9,103969.14,101026.98,101013.94,101016.75,101018.39
17719.60545207,5443,101000.4,98842.81,101002.95,103969.14,101025.06,101012.89,101018.65,101015.41
17719.625926369,5444,101001.46,98850.89,100997.9,103969.14,101034.16,101019.02,101008.7,101026.41
17719.650216309,5445,100999.33,98846.85,101002.95,103973.15,101033.11,101015.0,101012.73,101030.42
17719.670683657,5446,101001.46,98849.85,101002.95,104001.19,101024.01,101020.07,101009.77,101022.4
17719.691267593,5447,101004.4,98851.92,101002.95,104001.19,101026.98,101008.87,101008.7,101024.34
17719.711754761,5448,100991.33,98858.96,101003.98,104011.39,101035.03,101012.89,101003.62,101021.37
17719.732448632,5449,100991.33,98857.0,100995.95,104025.22,101029.08,101006.97,101011.66,101022.4
17719.752844383,5450,101000.4,98852.85,101001.91,104017.21,101036.08,101021.13,101010.6,101020.33
17719.773363429,5451,101004.4,98858.96,101002.95,104029.22,101035.21,101010.99,101020.78,101018.39
17719.794025642,5452,100999.33,98854.92,101003.98,104025.22,101025.06,101009.93,101015.69,101018.39
17719.8181948,5453,100994.27,98854.92,101003.98,104017.21,101031.01,101011.83,101020.78,101016.32
17719.838727358,5454,101004.4,98863.0,100994.92,104025.22,101030.13,101021.97,101006.58,101034.43
17719.859357202,5455,101000.4,98861.96,101008.0,104033.23,101026.98,101019.02,101010.6,101025.38
17719.879923289,5456,101005.46,98858.96,101003.98,104041.24,101031.01,101020.07,101012.73,101025.38
17719.901146341,5457,101012.4,98861.96,101004.89,104039.05,101025.93,101010.99,101011.66,101024.34
17719.920832047,5458,101008.4,98863.0,101003.98,104029.22,101039.05,101015.0,101019.71,101026.41
17719.941416283,5459,101009.46,98867.03,101005.02,104033.23,101024.89,101019.02,101010.6,101026.41
17719.96194218,5460,101005.46,98871.07,101012.01,104034.32,101029.08,101012.05,101003.62,101020.33
17719.986209296,5461,100999.33,98867.03,100998.93,104034.32,101037.13,101019.02,101003.62,101024.34
17720.00666681,5462,101001.46,98860.0,101000.88,104029.22,101034.16,101012.05,101004.68,101016.32
17720.027275262,5463,101003.33,98864.03,100997.9,104026.31,101028.03,101017.96,101020.78,101021.49
17720.047793848,5464,101001.46,98864.03,101005.93,104033.23,101029.08,101019.02,101004.68,101019.42
17720.068388629,5465,101008.4,98854.92,100993.89,104033.23,101030.13,101027.04,101014.85,101034.43
17720.08887706,5466,101007.33,98874.07,101006.96,104021.21,101030.13,101013.94,101005.74,101015.41
17720.109380793,5467,101001.46,98863.0,100993.89,104032.14,101032.06,101019.02,101012.73,101019.42
17720.129907541,5468,101007.33,98871.07,101002.95,104036.14,101034.16,101009.93,101007.64,101030.42
17720.154232204,5469,101009.46,98879.14,101000.88,104031.41,101026.11,101025.99,101012.73,101028.35
17720.174292718,5470,101003.33,98880.18,100991.82,104035.42,101042.2,101023.03,101015.69,101022.4
17720.19526531,5471,100993.46,98875.11,100998.93,104033.23,101032.06,101021.13,101019.94,101034.43
17720.215336039,5472,101001.46,98880.18,101001.91,104048.53,101034.16,101012.05,101020.78,101029.39
17720.236433391,5473,101000.4,98876.14,101002.95,104033.23,101041.15,101028.94,101012.73,101026.41
17720.256481935,5474,100992.39,98871.07,101001.91,104033.23,101041.15,101010.99,101019.71,101016.32
17720.277426105,5475,100998.27,98872.11,101001.91,104043.43,101033.11,101013.94,101010.6,101026.41
17720.298271456,5476,101007.33,98889.29,100996.87,104034.32,101029.08,101021.13,101006.58,101026.41
17720.321647213,5477,101003.33,98886.18,101010.97,104030.32,101028.91,101009.93,101012.73,101017.35
17720.342373053,5478,100999.33,98887.22,100993.89,104026.31,101033.11,101019.02,101012.73,101026.41
17720.363292595,5479,101004.4,98877.07,101002.95,104030.32,101033.11,101008.87,101013.79,101016.32
17720.383444226,5480,101009.46,98898.29,101002.95,104021.21,101027.16,101019.02,101007.64,101034.43
17720.404376598,5481,101009.46,98893.22,100999.97,104017.21,101039.05,101019.02,101008.7,101018.39
17720.424421458,5482,100997.46,98887.22,100997.9,104028.5,101022.96,101010.99,101019.71,101010.37
17720.445480111,5483,101000.4,98879.14,101001.91,104026.31,101035.21,101017.96,101004.68,101022.4
17720.465547224,5484,101001.46,98894.25,101003.98,104023.4,101041.15,101015.0,101016.75,101030.42
17720.48967585,5485,101001.46,98875.11,101003.98,104025.22,101042.2,101019.02,101020.78,101024.34
17720.510301258,5486,101000.4,98891.26,101000.88,104025.22,101032.06,101019.02,101004.68,101018.39
17720.530851973,5487,101003.33,98877.07,101002.95,104019.4,101043.25,101019.02,101018.65,101018.39
17720.551413534,5488,101007.33,98898.29,100994.92,104019.4,101033.11,101013.94,101020.78,101027.44
17720.571855945,5489,100993.46,98886.18,100986.89,104019.4,101026.11,101019.02,101018.88,101019.42
17720.592554332,5490,101000.4,98894.25,101007.87,104017.21,101034.16,101010.99,101014.63,101026.41
17720.61357644,5491,101008.4,98899.33,100993.89,104019.4,101030.13,101010.99,101015.69,101025.38
17720.63361464,5492,100997.46,98910.4,100990.91,104023.4,101033.11,101010.99,101012.73,101023.43
17720.657673,5493,100995.33,98895.29,101012.01,104026.31,101041.15,101021.97,101010.6,101030.42
17720.678363626,5494,100992.39,98894.25,100995.95,104018.3,101024.01,100992.81,101004.68,101029.39
17720.699202436,5495,101008.4,98894.25,101001.91,104017.21,101028.03,101023.03,101012.73,101026.41
17720.719404093,5496,101004.4,98910.4,100993.89,104025.59,101028.03,101013.94,101012.73,101016.32
17720.739823018,5497,100993.46,98897.37,100999.84,104018.3,101035.03,101009.93,101008.7,101027.44
17720.76048435,5498,100991.33,98893.33,101002.95,104019.4,101029.08,101019.02,101008.7,101022.4
17720.780903386,5499,101000.4,98908.44,100994.92,104013.2,101043.25,101017.96,101016.75,101024.47
17720.801537717,5500,100997.21,98896.33,100993.89,104017.21,101041.15,101012.89,101012.73,101018.39
17720.825707506,5501,100999.33,98903.37,100992.85,104009.2,101035.21,101013.94,101016.75,101019.42
17720.846393505,5502,101007.33,98913.52,100999.84,104017.21,101034.16,101020.07,101004.68,101030.42
17720.866731848,5503,101001.46,98911.44,100993.89,104021.21,101039.05,101023.03,101010.6,101016.32
17720.887437457,5504,101001.46,98905.44,101012.01,104013.2,101026.98,101027.04,101006.58,101019.42
17720.907873779,5505,101000.4,98919.51,100997.9,104001.19,101037.13,101015.0,101007.64,101026.41
17720.928487219,5506,100995.33,98911.44,100993.89,104014.3,101024.01,101010.99,101010.6,101030.42
17720.948889929,5507,101002.27,98912.48,101003.86,104009.2,101031.01,101016.9,101008.7,101028.35
17720.973223456,5508,101008.4,98921.59,101003.98,104011.39,101029.08,101012.05,101018.65,101027.44
17720.994082196,5509,100999.33,98903.37,100995.95,104009.2,101036.08,101016.9,101010.6,101018.39
17721.014343012,5510,101004.4,98919.51,101002.95,104002.28,101043.25,101006.97,101008.7,101018.39
17721.034805704,5511,101003.33,98916.52,100995.95,104011.39,101034.16,101020.91,101015.69,101027.44
17721.055445073,5512,100996.39,98915.48,101003.98,104011.39,101026.98,101017.12,101015.69,101018.39
17721.077128601,5513,101003.33,98912.48,101008.0,104001.19,101030.13,101019.02,101012.73,101022.4
17721.096415584,5514,101009.46,98919.51,101002.95,104001.19,101032.06,101013.1,101007.64,101022.4
17721.117319433,5515,101003.33,98913.52,101001.91,104011.39,101031.01,101025.99,101008.7,101018.39
17721.141240355,5516,101004.4,98929.66,101001.91,104012.48,101025.06,101008.87,101020.78,101027.44
17721.161715385,5517,101010.52,98920.55,100997.9,104005.19,101028.03,101015.0,101007.64,101013.34
17721.182396627,5518,101008.4,98921.59,101008.0,104005.19,101041.15,101028.1,101011.66,101022.4
17721.202755492,5519,101003.33,98921.59,100994.92,104008.48,101033.11,101021.13,101011.66,101026.41
17721.223570216,5520,100995.33,98914.44,100993.89,103998.28,101035.21,101010.99,101015.69,101024.34
17721.243892695,5521,101004.4,98924.59,101001.91,104005.19,101029.08,101008.87,101016.75,101024.34
17721.264509009,5522,101001.46,98920.55,101002.95,104002.28,101024.01,101019.02,101011.66,101025.38
17721.284924128,5523,100991.33,98920.55,100993.89,104000.46,101033.11,101013.94,101008.7,101018.39
17721.309242562,5524,100999.33,98921.59,100992.85,103995.36,101031.01,101019.02,101014.85,101025.38
17721.329704713,5525,101000.4,98919.51,100993.89,104001.19,101025.06,101006.97,101018.88,101034.43
17721.35040946,5526,101003.33,98927.59,100994.92,103998.28,101025.06,101009.93,101012.73,101021.37
17721.370803438,5527,101000.4,98931.63,101002.95,104001.19,101039.23,101012.05,101026.93,101010.37
17721.391465041,5528,101008.4,98923.55,101006.96,104004.47,101035.03,101010.99,101001.49,101031.46
17721.411902714,5529,101017.46,98924.59,101006.96,103991.36,101024.01,101027.04,101011.66,101025.38
17721.432578708,5530,101005.46,98927.59,100994.92,104000.46,101037.3,101019.02,101009.54,101018.39
17721.452919706,5531,101002.52,98945.81,101014.99,103994.27,101036.26,101023.03,101010.6,101022.4
17721.477266773,5532,101000.4,98940.74,100995.95,103987.35,101040.1,101019.02,101012.73,101028.35
17721.497302718,5533,100993.46,98943.74,101001.91,103986.26,101033.11,101019.02,101018.65,101021.37
17721.518497948,5534,101003.33,98930.7,101000.88,103995.36,101042.2,101013.94,101003.62,101028.35
17721.538450188,5535,101001.46,98945.81,100993.89,103988.45,101024.01,101015.0,101010.6,101030.42
17721.559467658,5536,101005.46,98944.77,101001.91,103995.36,101041.15,101012.05,101006.58,101026.41
17721.579485717,5537,100993.46,98935.66,100987.93,104000.46,101033.11,101010.99,101008.7,101028.48
17721.600518451,5538,100995.33,98933.7,100991.82,103991.36,101036.08,101008.87,101003.62,101030.42
17721.621017157,5539,101008.4,98933.7,101010.97,103994.27,101026.98,101013.94,101007.64,101016.32
17721.644683234,5540,100999.33,98948.81,101003.98,103985.17,101030.13,101012.05,101008.7,101021.37
17721.665399859,5541,101001.46,98932.66,101001.91,103988.45,101028.03,101016.9,101010.6,101014.38
17721.686394926,5542,100999.33,98936.7,100998.93,103988.45,101019.99,101008.87,101018.65,101016.32
17721.706463612,5543,101000.4,98937.74,101003.98,103987.35,101041.15,101015.0,101007.64,101020.33
17721.72749281,5544,101015.33,98941.78,100991.82,103988.45,101031.18,101021.97,101020.78,101026.41
17721.747539953,5545,100991.33,98929.66,101002.95,103984.44,101022.09,101009.93,101009.77,101027.44
17721.768454128,5546,101000.4,98952.85,101002.95,103973.15,101033.11,101012.05,101006.58,101018.39
17721.789021758,5547,100991.33,98936.7,100995.95,103971.33,101042.2,101005.92,101004.68,101027.44
17721.812721676,5548,101000.4,98936.7,101001.91,103970.24,101031.01,101023.03,101002.55,101028.48
17721.833327824,5549,100999.33,98945.81,101001.91,103984.44,101033.11,101021.13,101010.6,101025.38
17721.853805729,5550,100997.46,98953.89,100995.95,103971.33,101036.26,101004.86,101012.73,101022.4
17721.874425418,5551,101004.4,98950.77,101006.05,103970.24,101040.1,101010.99,101007.64,101026.41
17721.894875961,5552,101009.46,98937.74,100997.9,103972.43,101039.23,101023.03,101014.63,101026.41
17721.91546256,5553,101000.4,98948.81,101009.94,103964.42,101026.98,101009.93,101021.84,101018.39
17721.936634684,5554,101005.46,98955.85,101009.94,103970.24,101024.01,101006.97,101012.73,101030.42
17721.956568967,5555,100999.33,98953.89,100997.9,103965.51,101030.13,101010.99,101006.58,101018.39
17721.9810788,5556,100993.46,98959.88,101003.98,103967.33,101037.13,101010.99,101015.69,101018.39
17722.001320126,5557,100999.33,98948.81,100994.92,103963.32,101021.04,101017.96,101005.74,101027.44
17722.021855077,5558,101001.46,98945.81,100992.85,103950.21,101029.08,101015.0,101004.68,101024.34
17722.042604352,5559,100990.27,98953.89,101008.0,103963.32,101044.3,101011.83,101010.6,101023.43
17722.062910867,5560,101008.4,98953.89,101003.98,103956.4,101042.2,101002.96,101020.78,101030.42
17722.083418557,5561,100993.46,98953.89,101002.95,103953.12,101043.25,101009.93,101007.64,101026.41
17722.104346953,5562,101009.46,98961.96,101003.98,103955.31,101035.21,101016.9,101002.55,101028.35
17722.124598224,5563,101003.33,98955.85,101001.91,103955.31,101024.01,101010.99,101012.73,101024.34
17722.148713721,5564,101000.4,98959.88,101001.91,103951.31,101025.06,101009.93,101011.66,101023.31
17722.170115303,5565,101004.4,98951.81,101002.95,103955.31,101029.08,101034.01,101011.66,101021.37
17722.1897882,5566,100992.39,98961.96,100998.93,103947.3,101022.96,101021.97,101003.62,101027.44
17722.210487169,5567,101004.4,98963.0,101002.95,103955.31,101025.06,101016.9,101020.78,101026.41
17722.230860195,5568,100991.33,98970.04,101008.0,103952.4,101030.13,101012.05,101011.66,101017.35
17722.251813749,5569,101001.46,98994.26,100992.85,103950.21,101031.18,101027.04,101006.8,101016.32
17722.272073684,5570,100999.33,99016.4,100997.9,103936.38,101033.11,101006.97,101008.7,101026.41
17722.296356624,5571,100991.33,99021.48,101002.95,103949.49,101029.08,101012.05,101010.6,101025.38
17722.317105177,5572,101001.46,99017.44,101000.88,103941.48,101038.18,101017.96,101010.6,101018.39
17722.337435168,5573,101001.46,99032.55,101002.95,103938.2,101035.21,101015.0,101007.64,101018.39
17722.357782776,5574,101003.33,99026.56,101001.91,103943.3,101025.06,101010.99,101009.54,101018.39
17722.378456126,5575,101001.46,99025.52,100992.85,103940.38,101032.06,101016.9,101008.7,101018.39
17722.398999729,5576,100992.39,99034.63,101003.98,103942.2,101034.16,101016.06,101002.55,101027.44
17722.419509222,5577,100984.39,99025.52,101010.97,103945.11,101033.11,101019.02,101007.64,101026.41
17722.439945934,5578,101003.33,99021.48,101001.91,103923.27,101040.1,101013.94,101008.48,101020.33
17722.464293592,5579,100992.39,99034.63,100992.85,103921.08,101031.01,101015.0,101007.64,101027.44
17722.484743975,5580,101005.46,99034.63,100993.89,103927.27,101025.06,101021.97,101012.73,101028.48
17722.505322071,5581,101008.4,99032.55,101005.93,103926.18,101030.13,101023.03,101007.64,101024.34
17722.525815699,5582,101009.46,99032.55,100998.93,103925.09,101031.01,101019.02,101011.66,101020.33
17722.546433966,5583,101013.46,99026.56,101006.96,103935.28,101033.11,101015.0,101011.66,101017.35
17722.566874844,5584,101001.46,99023.44,101005.93,103924.36,101035.03,101006.97,101011.66,101019.42
17722.587467773,5585,100999.33,99039.71,101005.93,103927.27,101041.15,101020.91,101009.77,101018.39
17722.607986089,5586,100995.33,99042.7,101001.91,103924.36,101033.11,101009.93,101002.55,101030.42
17722.632304292,5587,101003.33,99042.7,101002.95,103925.46,101030.13,101009.93,101011.66,101030.42
17722.652383523,5588,100999.33,99033.59,101001.91,103918.17,101033.11,101016.06,101016.75,101022.4
17722.673380323,5589,101004.4,99041.67,101001.91,103923.27,101038.18,101008.87,101006.8,101024.34
17722.693799759,5590,101000.4,99026.56,100995.95,103916.35,101042.2,101015.0,101007.64,101022.4
17722.714458957,5591,100999.33,99033.59,101001.91,103917.44,101029.08,101016.9,101020.78,101022.4
17722.734979457,5592,101005.46,99038.67,100999.97,103901.06,101026.11,101016.9,101008.7,101014.38
17722.755548799,5593,101005.46,99033.59,100997.9,103912.35,101037.13,101015.0,101006.58,101021.37
17722.775968726,5594,101008.4,99034.63,101012.92,103908.34,101025.06,101020.91,101019.71,101027.44
17722.800281962,5595,100991.33,99030.59,100991.94,103907.25,101034.16,101019.02,101007.64,101027.44
17722.82033224,5596,101009.46,99034.63,100998.93,103901.42,101030.13,101027.04,101012.73,101026.41
17722.841390822,5597,101009.46,99037.63,100996.87,103899.24,101033.11,101019.02,101011.66,101028.48
17722.861806904,5598,101002.52,99034.63,101002.95,103905.06,101029.08,101010.99,101012.73,101022.4
17722.882480103,5599,101001.46,99033.59,100991.82,103904.34,101039.23,101009.93,100995.57,101017.35
17722.902945088,5600,101000.4,99049.74,100993.89,103908.34,101041.15,101001.9,101016.75,101018.39
17722.923506489,5601,101007.33,99030.59,100990.91,103895.23,101030.13,101019.02,101005.74,101016.32
17722.944106438,5602,101005.46,99030.59,101002.95,103899.24,101036.08,101015.0,101006.8,101026.41
17722.967839146,5603,100992.39,99034.63,101003.98,103891.23,101029.08,101019.02,101012.73,101018.39
17722.9884227,5604,101000.4,99034.63,101005.93,103895.23,101030.13,101020.07,101007.64,101021.37
17723.009455544,5605,101008.4,99038.67,100994.92,103892.32,101042.2,101019.02,101009.77,101024.34
17723.029522837,5606,101001.46,99034.63,101002.95,103893.05,101026.11,101002.96,101012.73,101023.43
17723.050477223,5607,101001.46,99041.67,101002.95,103888.31,101035.21,101019.02,101004.68,101027.44
17723.070534762,5608,101007.59,99037.63,100994.92,103887.22,101043.25,101011.83,101019.71,101018.39
17723.093094415,5609,100995.33,99038.67,100998.93,103891.23,101032.06,101019.02,101002.55,101016.32
17723.111665415,5610,100997.46,99046.74,101001.91,103892.32,101042.2,101017.96,101010.6,101017.35
17723.135741893,5611,101009.46,99036.59,101002.95,103884.31,101038.18,101012.89,101022.9,101027.44
17723.15632745,5612,101009.46,99041.67,100993.89,103875.21,101029.08,101021.97,101011.66,101018.39
17723.176878906,5613,100992.39,99036.59,101001.91,103877.39,101041.15,101015.0,101009.77,101027.44
17723.1976014,5614,100992.39,99036.59,101001.91,103877.39,101039.23,101010.99,101006.8,101022.4
17723.217975047,5615,101009.46,99040.63,101001.91,103873.39,101026.11,101020.07,101008.7,101029.39
17723.238659865,5616,101011.33,99037.63,101001.91,103885.4,101024.01,101019.02,101008.7,101027.44
17723.259564675,5617,100999.33,99038.67,100989.87,103862.1,101035.21,101028.1,101016.75,101018.39
17723.279613961,5618,101008.4,99051.82,101001.91,103863.19,101033.11,101009.93,101012.73,101032.49
17723.303827336,5619,100993.2,99050.78,101001.91,103865.01,101025.06,101010.99,101004.68,101026.41
17723.324389348,5620,100997.21,99050.78,101003.98,103861.37,101025.06,101015.0,101016.75,101026.41
17723.344801002,5621,100999.33,99046.74,100986.89,103868.29,101033.11,101015.0,101010.6,101026.41
17723.365508985,5622,100991.33,99044.66,101002.95,103859.18,101036.26,101017.96,101012.73,101025.38
17723.385893257,5623,100999.33,99041.67,100992.85,104232.78,101025.06,101004.86,101013.79,101035.47
17723.406517824,5624,101005.21,99052.74,100987.8,104312.9,101028.03,101013.94,101011.66,101029.39
17723.427083241,5625,101001.46,99052.74,101001.91,104297.97,101033.11,101007.81,101020.78,101017.35
17723.447610369,5626,100991.33,99034.63,100993.89,104272.84,101043.25,101009.93,101010.6,101022.4
17723.471745536,5627,101006.52,99053.78,100996.87,104261.92,101037.13,101009.93,101014.85,101022.4
17723.4924348,5628,101007.33,99048.7,101010.97,104248.81,101043.25,101023.03,101012.73,101030.42
17723.512843951,5629,101005.46,99054.82,101001.91,104232.07,101025.06,101004.86,101012.73,101018.39
17723.533535618,5630,101007.33,99051.82,100993.89,104208.75,101040.28,101015.0,101013.79,101026.41
17723.553947463,5631,101004.4,99052.74,101003.98,104185.81,101025.06,101017.96,101021.84,101030.42
17723.574493471,5632,101006.27,99058.85,100997.9,104165.79,101026.11,101019.02,101012.73,101026.41
17723.595325331,5633,100992.39,99052.74,100989.87,104112.62,101028.21,101019.02,101016.75,101023.43
17723.619289739,5634,100995.33,99052.74,100997.9,104080.57,101025.06,101017.96,101010.6,101018.39
17723.639796877,5635,101009.46,99050.78,101002.95,104055.45,101025.06,101019.02,101025.86,101019.42
17723.660367232,5636,101001.46,99042.7,101003.98,104012.48,101033.11,101010.99,101004.68,101020.46
17723.680878327,5637,101007.33,99054.82,100999.84,103956.4,101025.06,101009.93,101012.73,101020.46
17723.701480108,5638,101002.27,99059.89,100994.92,103935.28,101034.16,101013.94,101007.64,101027.44
17723.721921788,5639,101007.33,99056.89,100988.84,103901.42,101034.16,101019.02,101016.75,101020.33
17723.742546765,5640,101009.46,99058.85,101002.95,103877.39,101031.18,101017.12,101002.55,101031.46
17723.763006803,5641,100999.33,99049.74,100997.9,103860.28,101027.16,101013.94,101014.63,101022.4
17723.787324785,5642,101003.33,99058.85,101003.98,103849.35,101034.16,101012.05,101016.75,101027.44
17723.808151057,5643,100999.33,99056.78,101002.95,103829.33,101027.16,101015.0,101012.73,101026.41
17723.828400216,5644,100995.33,99056.78,101002.95,103813.31,101020.17,101009.93,101018.88,101018.39
17723.848924971,5645,101009.46,99041.67,101001.91,103781.26,101043.25,101009.93,101004.68,101022.4
17723.869535356,5646,101007.33,99070.97,100985.86,103789.27,101026.11,101006.97,101003.62,101020.46
17723.889924917,5647,101000.4,99056.78,100996.87,103771.07,101033.11,101013.94,101004.68,101030.42
17723.910491285,5648,101008.4,99062.89,100992.85,103766.33,101030.13,101012.05,101004.68,101028.48
17723.931058365,5649,100997.46,99049.74,101001.91,103748.13,101042.2,101013.94,101005.74,101015.41
17723.955333593,5650,101000.4,99062.89,100993.89,103749.22,101025.06,101008.87,101013.79,101022.4
17723.975784296,5651,100991.33,99072.92,101001.91,103724.1,101035.21,101012.89,101013.79,101023.43
17723.996401722,5652,100993.46,99058.85,101001.91,103716.09,101036.26,101009.93,101012.73,101031.46
17724.018176898,5653,101001.46,99049.74,101001.91,103720.09,101027.16,101012.05,101012.73,101028.48
17724.037612156,5654,100991.33,99064.85,101001.91,103716.09,101040.28,101019.02,101012.73,101027.44
17724.05810285,5655,100996.39,99052.74,100993.89,103717.18,101025.06,101010.99,101010.6,101018.39
17724.078859205,5656,100991.33,99057.81,101001.91,103702.25,101035.21,101023.03,101011.66,101018.39
17724.099044498,5657,100995.33,99070.97,101002.95,103701.16,101038.35,101004.02,101012.73,101018.39
17724.123346847,5658,100998.27,99063.81,101002.95,103693.15,101029.08,101019.02,101022.9,101028.48
17724.143456755,5659,101003.33,99065.89,101001.91,103705.16,101022.09,101002.96,101008.7,101013.34
17724.16446423,5660,101001.46,99066.93,100994.92,103697.15,101018.07,101015.0,101011.66,101020.46
17724.184874312,5661,101003.33,99056.78,100998.81,103702.25,101029.08,101020.91,101008.7,101015.41
17724.205509014,5662,100997.46,99064.85,101008.0,103689.14,101033.11,101019.02,101006.8,101018.39
17724.225636168,5663,101004.4,99065.89,101001.91,103703.34,101035.21,101008.87,101016.75,101031.46
17724.246541158,5664,100992.39,99062.89,100993.89,103693.15,101040.1,101010.99,101004.68,101020.46
17724.267064642,5665,101008.4,99070.97,100993.89,103689.14,101030.13,101020.07,101012.73,101035.47
17724.290750569,5666,100992.39,99064.85,100993.89,103698.25,101043.25,101015.0,101012.73,101022.4
17724.311396247,5667,100991.33,99078.0,100994.92,103686.23,101034.16,101016.9,101019.71,101014.38
17724.332499798,5668,101001.46,99057.81,101006.96,103690.23,101031.18,101006.97,101012.73,101029.51
17724.352494882,5669,100997.21,99058.85,101001.91,103687.32,101030.13,101023.03,101016.98,101019.42
17724.373530761,5670,100993.46,99070.97,100999.84,103693.15,101033.11,101002.96,101019.94,101020.46
17724.393539205,5671,101005.46,99072.0,100983.79,103678.95,101033.11,101019.02,101014.85,101019.42
17724.41462575,5672,101005.46,99066.93,101005.93,103685.14,101034.16,101010.99,101012.73,101019.42
17724.435042292,5673,101011.33,99075.0,101001.91,103681.13,101028.21,101001.9,101013.79,101020.33
17724.458818816,5674,101001.46,99070.97,101001.91,103681.13,101026.11,101010.99,101008.7,101022.4
17724.479367768,5675,101003.33,99064.85,100995.95,103672.03,101037.13,101012.05,101012.73,101025.38
17724.499834385,5676,100992.39,99065.89,101002.95,103668.03,101025.06,101012.89,101013.79,101032.49
17724.520500074,5677,101001.46,99072.0,101000.88,103673.12,101031.01,101012.89,101013.79,101018.39
17724.540945489,5678,101004.4,99083.08,101002.95,103669.12,101035.21,101008.87,101008.7,101020.46
17724.561594553,5679,101007.33,99068.89,101001.91,103669.12,101027.16,101010.99,101012.73,101019.42
17724.583107984,5680,100996.39,99075.0,101002.95,103662.2,101035.21,101012.05,101018.88,101025.38
17724.602646848,5681,101005.46,99066.93,101002.95,103661.11,101035.21,101015.0,101020.78,101028.48
17724.626775064,5682,100999.33,99085.16,101004.89,103660.02,101027.16,101008.87,101012.73,101020.46
17724.647384477,5683,101001.46,99072.92,101002.95,103665.11,101030.13,101007.81,101022.9,101026.41
17724.667981452,5684,101005.46,99083.08,101002.95,103657.1,101031.18,101008.87,101010.83,101027.44
17724.688599798,5685,101003.33,99075.0,101002.95,103649.82,101032.23,101013.94,101016.75,101021.49
17724.709087819,5686,100997.46,99075.0,100997.9,103663.29,101031.18,101012.89,101014.85,101033.52
17724.729821139,5687,101004.4,99079.04,100989.87,103657.1,101033.11,101019.02,101009.77,101028.48
17724.749965289,5688,101004.4,99083.08,101003.98,103653.1,101032.06,101012.89,101014.85,101027.44
17724.774329482,5689,101001.46,99081.0,101001.91,103653.1,101028.21,101017.96,101006.8,101019.42
17724.794780616,5690,101000.4,99070.97,100993.89,103647.27,101038.18,101008.87,101011.89,101027.44
17724.81543716,5691,101003.33,99070.97,101001.91,103646.18,101030.13,101010.99,101018.88,101019.42
17724.835870298,5692,101003.33,99083.08,101001.91,103647.27,101033.11,101016.9,101022.9,101026.41
17724.856526862,5693,100993.46,99083.08,101006.96,103641.08,101034.16,101008.87,101017.81,101027.44
17724.877057837,5694,100997.46,99075.0,101000.88,103637.08,101029.08,101012.89,101008.93,101028.48
17724.897532837,5695,101000.4,99079.04,100997.9,103639.99,101041.15,101016.9,101008.7,101027.44
17724.918134138,5696,101001.46,99075.0,100987.8,103633.07,101035.21,101019.02,101016.75,101028.48
17724.942354232,5697,100993.46,99075.0,100992.85,103637.08,101040.28,101016.9,101006.8,101028.48
17724.962798817,5698,100993.46,99081.0,101003.98,103637.08,101022.09,101020.07,101012.73,101023.43
17724.983384113,5699,101004.4,99072.92,100991.82,103638.17,101027.16,101019.02,101010.83,101020.46
17725.003909139,5700,100992.39,99073.96,100994.92,103641.08,101035.21,101012.89,101013.79,101021.49
17725.024714569,5701,100993.46,99073.96,100998.93,103634.16,101034.16,101016.9,101020.78,101028.48
17725.044979501,5702,101003.33,99084.12,100994.92,103623.24,101026.11,101020.91,101018.88,101015.41
17725.065596706,5703,101008.4,99085.04,100999.97,103619.97,101026.11,101008.87,101004.68,101029.51
17725.086141582,5704,101008.4,99078.0,101009.94,103621.06,101034.16,101002.96,101007.64,101029.51
17725.110378552,5705,101008.4,99081.0,101009.94,103632.34,101029.08,101025.99,101010.83,101018.39
17725.13080511,5706,101001.46,99087.11,101001.91,103614.14,101035.21,101013.94,101014.85,101023.43
17725.151473172,5707,101001.46,99086.07,101005.93,103617.05,101021.04,101010.99,101013.79,101027.44
17725.171849502,5708,101002.27,99081.0,101002.95,103615.96,101038.18,101017.96,101006.8,101019.42
17725.19256733,5709,101001.46,99082.04,100996.87,103613.05,101033.11,101010.99,101014.85,101018.39
17725.213339499,5710,101001.46,99089.07,100992.85,103613.05,101042.2,101019.02,101005.74,101031.46
17725.233845517,5711,101006.52,99085.04,100994.92,103613.05,101031.18,101019.02,101010.83,101026.41
17725.254298153,5712,100999.33,99091.15,100998.93,103613.05,101025.06,101010.99,101011.66,101025.5
17725.278332116,5713,101005.46,99083.08,100992.85,103622.15,101028.21,101012.89,101008.7,101026.41
17725.298475956,5714,101000.4,99087.11,101006.96,103613.05,101030.13,101009.93,101002.78,101023.43
17725.319462139,5715,100995.33,99099.23,100992.85,103609.04,101027.16,101012.05,101010.83,101012.43
17725.339871169,5716,101009.46,99098.19,101005.93,103611.22,101038.18,101013.94,101004.68,101026.41
17725.360633123,5717,101008.4,99083.08,100995.95,103610.87,101029.08,101017.96,101010.83,101029.51
17725.381190668,5718,101004.4,99099.23,101002.95,103611.22,101033.11,101001.9,101013.79,101022.4
17725.401569803,5719,101008.4,99083.08,101000.88,103609.04,101037.3,101012.89,101017.81,101019.42
17725.422061319,5720,100993.46,99086.07,100997.9,103609.04,101026.11,101016.9,101019.71,101019.42
17725.446373333,5721,101001.21,99099.23,100996.87,103609.04,101026.11,101016.9,101004.68,101017.35
17725.466414556,5722,100999.33,99098.19,101002.95,103606.13,101043.25,101015.0,101014.85,101019.42
17725.487425588,5723,101000.4,99082.04,100992.85,103603.21,101026.11,101006.97,101014.85,101024.47
17725.507900778,5724,100992.39,99092.07,101002.95,103609.04,101031.18,101016.9,101006.8,101022.4
17725.528630494,5725,101005.46,99085.04,100995.83,103607.22,101035.21,101012.89,101012.73,101019.42
17725.549013094,5726,101000.4,99091.15,100992.85,103589.02,101031.18,101016.9,101004.68,101040.51
17725.569652633,5727,100996.39,99093.11,101002.95,103610.13,101032.06,101008.87,101013.79,101020.46
17725.590100452,5728,100999.33,99107.3,101001.91,103606.13,101026.11,101013.94,101009.77,101020.46
17725.61381396,5729,101003.33,99089.07,101001.91,103606.13,101039.23,101006.97,101008.7,101018.39
17725.634459338,5730,101008.4,99091.15,100989.87,103607.22,101029.08,101000.84,101018.88,101015.41
17725.655499994,5731,101004.4,99098.19,101002.95,103605.04,101031.18,101019.02,101004.68,101033.52
17725.675620458,5732,101001.46,99103.26,101000.88,103607.22,101024.01,101017.96,101007.64,101028.48
17725.696584217,5733,100993.46,99099.23,101002.95,103601.03,101027.16,101005.92,100996.63,101011.4
17725.716774106,5734,101009.46,99089.07,101010.97,103607.22,101027.16,101010.99,101012.73,101017.48
17725.737691505,5735,100991.33,99091.15,100994.92,103589.02,101030.13,101010.99,101020.78,101023.43
17725.757741994,5736,100999.33,99086.07,101001.91,103589.02,101035.21,101008.03,101008.7,101014.38
17725.781809478,5737,101002.27,99103.26,101000.88,103603.21,101038.18,101015.0,101021.84,101021.37
17725.802460083,5738,101008.4,99099.23,101009.94,103594.11,101031.18,101020.07,101007.64,101026.41
17725.822861703,5739,101000.4,99099.23,101003.86,103602.12,101033.11,101015.0,101009.77,101015.41
17725.843520991,5740,101009.46,99097.15,101000.88,103601.03,101033.11,101019.02,101020.78,101022.52
17725.864593826,5741,101003.33,99099.23,101001.91,103603.21,101040.28,101017.96,101013.79,101024.47
17725.884580297,5742,100997.46,99090.11,101002.95,103600.3,101025.06,101008.03,101010.83,101032.49
17725.905582184,5743,101007.33,99107.3,100999.84,103589.02,101025.06,101005.92,101006.8,101027.44
17725.925713174,5744,101001.46,99094.15,100999.84,103598.12,101025.06,101015.0,101014.85,101032.49
17725.949831435,5745,101004.4,99110.3,101005.93,103591.93,101029.08,101008.87,101008.7,101032.49
17725.970478495,5746,101008.4,99099.23,101000.88,103597.03,101031.18,101019.02,101003.62,101011.4
17725.990901607,5747,101004.4,99097.15,101005.93,103603.21,101042.2,101017.96,101011.89,101022.4
17726.011540194,5748,100992.39,99103.26,101001.91,103589.02,101043.25,101010.99,101020.78,101022.4
17726.031940151,5749,101001.46,99105.22,100999.84,103599.21,101041.15,101008.87,101013.79,101027.44
17726.052546119,5750,101008.4,99100.14,101001.91,103599.21,101035.21,101015.0,101013.79,101022.4
17726.073047479,5751,100991.33,99098.19,100999.84,103583.19,101026.11,101013.94,101009.77,101019.42
17726.097372042,5752,100993.46,99106.26,100999.84,103587.19,101034.16,101015.0,101008.93,101020.46
17726.117804929,5753,101000.4,99105.22,101009.94,103596.29,101029.08,101015.0,101013.79,101017.35
17726.138434162,5754,101000.4,99101.18,101001.91,103591.2,101024.01,101008.87,101002.78,101018.39
17726.158877845,5755,100999.33,99097.15,101007.87,103591.2,101026.11,101009.93,101004.68,101022.4
17726.179545907,5756,100996.39,99100.14,100999.84,103608.31,101025.06,101025.99,101010.83,101018.39
17726.20006916,5757,100999.33,99111.34,101000.88,103590.11,101034.16,101012.05,101009.77,101026.41
17726.220562628,5758,100999.33,99107.3,101007.87,103599.21,101031.18,101013.94,101014.63,101027.44
17726.24111147,5759,100997.46,99111.34,101003.86,103582.1,101033.11,101017.96,101021.0,101018.39
17726.265409262,5760,101004.4,99113.3,100993.89,103597.03,101036.26,101010.99,101008.7,101026.41
17726.2858431,5761,101007.33,99110.3,100994.92,103592.29,101033.11,101020.07,101004.68,101014.38
17726.306468708,5762,100995.33,99097.15,101005.93,103591.2,101028.21,101019.02,101009.77,101023.43
17726.326978641,5763,101003.33,99098.19,101003.86,103587.19,101034.16,101013.94,101014.85,101019.42
17726.347658872,5764,101001.46,99105.22,100999.84,103581.01,101031.18,101017.96,101008.7,101031.46
17726.367937695,5765,100993.46,99097.15,100993.89,103592.29,101043.25,101009.93,101015.92,101023.43
17726.388981796,5766,101009.46,99106.26,101003.86,103583.19,101025.06,101021.13,101008.7,101018.39
17726.409268612,5767,101004.4,99107.3,100994.8,103579.18,101038.18,101013.94,101014.85,101019.42
17726.433406112,5768,101000.4,99105.22,101006.96,103584.28,101046.4,101008.87,101019.94,101027.44
17726.453882424,5769,101009.46,99110.3,101001.91,103586.1,101029.08,101001.9,101015.92,101018.39
17726.474528032,5770,100991.33,99114.34,101000.88,103589.02,101035.21,101019.02,101023.96,101016.45
17726.49489605,5771,100999.33,99103.14,101002.95,103585.01,101029.08,101013.1,101016.98,101019.42
17726.515770294,5772,101004.4,99106.26,101001.91,103599.21,101035.21,101010.99,101012.95,101018.39
17726.536068106,5773,101001.46,99109.26,101002.95,103581.01,101027.16,101012.89,101013.79,101023.43
17726.556868148,5774,101000.4,99101.18,100996.87,103581.01,101036.26,101010.99,101012.73,101020.46
17726.577042564,5775,101005.46,99115.38,101001.91,103592.29,101024.01,101019.02,101005.74,101030.55
17726.601444474,5776,101001.46,99107.3,101002.95,103582.1,101032.23,101017.96,101012.73,101030.42
17726.621830148,5777,101005.46,99111.34,101001.91,103590.11,101027.16,101006.97,101016.75,101012.43
17726.642619665,5778,101004.4,99106.26,100999.84,103591.2,101031.18,101019.02,101013.79,101027.44
17726.663070919,5779,100993.46,99099.23,101000.88,103595.2,101026.11,101005.92,101009.77,101026.41
17726.683633481,5780,101008.4,99107.3,100989.87,103575.18,101034.16,101013.94,101005.74,101028.48
17726.704010764,5781,100995.33,99107.3,101001.91,103582.1,101025.06,101017.96,101021.0,101019.42
17726.724599265,5782,101007.33,99099.23,100996.87,103579.18,101041.33,101008.87,101014.85,101027.44
17726.74509687,5783,101000.4,99111.34,101004.89,103583.19,101039.23,101019.02,101014.85,101019.42
17726.769418348,5784,101004.4,99111.34,100999.84,103583.19,101030.13,101009.93,101004.91,101018.39
17726.789445481,5785,100992.39,99103.26,101002.95,103583.19,101028.21,101020.07,101000.65,101026.41
17726.811021016,5786,101008.4,99109.26,101009.94,103583.19,101031.18,101030.0,101014.85,101022.4
17726.830957802,5787,101009.46,99111.34,101001.91,103582.1,101035.21,101019.02,101005.74,101021.49
17726.851567856,5788,100999.33,99111.34,101000.88,103589.02,101043.25,101023.03,101014.85,101020.46
17726.872066472,5789,101001.46,99115.38,101001.91,103588.28,101028.21,101008.87,101022.9,101023.43
17726.892566099,5790,101001.46,99107.3,101000.88,103584.28,101037.3,101009.93,101012.73,101028.48
17726.913136434,5791,100997.46,99110.3,101013.95,103579.91,101035.21,101013.94,101021.84,101018.39
17726.936817774,5792,101005.46,99101.18,100991.94,103581.01,101028.21,101002.96,101013.79,101018.39
17726.957467017,5793,101008.4,99110.3,101001.91,103583.19,101026.11,101012.89,101018.88,101010.37
17726.978463667,5794,101008.4,99116.41,100999.84,103583.19,101034.16,101015.0,101008.7,101019.42
17726.998604191,5795,101000.4,99111.34,100991.82,103582.1,101028.21,101025.99,101006.8,101024.34
17727.019603344,5796,100998.27,99107.3,101003.86,103579.18,101042.2,101020.07,101017.81,101011.4
17727.040150293,5797,100992.39,99111.34,101002.95,103580.27,101028.21,101010.99,101013.79,101028.48
17727.060955853,5798,101004.4,99111.34,100992.85,103583.19,101030.13,101019.02,101015.69,101024.47
17727.080995044,5799,101003.33,99114.34,100997.9,103591.2,101030.13,101019.02,101014.85,101018.39
17727.104839551,5800,101008.4,99123.45,101000.88,103575.18,101026.11,101010.99,101014.85,101019.42
17727.125448633,5801,101009.46,99115.38,100999.84,103584.28,101025.06,101015.0,101003.84,101020.46
17727.145892857,5802,101008.4,99111.34,101005.93,103581.01,101031.18,101015.0,101022.9,101023.43
17727.166545306,5803,100996.39,99116.41,101001.91,103579.18,101031.18,101008.87,101007.87,101025.5
17727.187599702,5804,101000.4,99111.34,101003.98,103583.19,101034.16,101013.94,101010.83,101020.46
17727.20825842,5805,101000.4,99115.38,101001.91,103577.0,101026.11,101008.87,101012.95,101026.41
17727.228657816,5806,101000.4,99115.38,100987.8,103581.01,101021.04,101019.02,101016.98,101024.47
17727.249277886,5807,101000.4,99114.34,100999.84,103579.18,101033.11,101006.97,101015.92,101018.39
17727.272887878,5808,101003.33,99120.45,101002.95,103579.18,101026.11,101017.96,101011.89,101027.44
17727.293505153,5809,101007.33,99110.3,101000.88,103579.18,101043.25,101023.03,101021.0,101020.46
17727.315202322,5810,100999.33,99115.38,100997.9,103581.01,101026.11,101013.94,101014.85,101015.41
17727.334533382,5811,100999.33,99109.38,100990.78,103579.18,101031.18,101010.99,101006.8,101019.42
17727.355055443,5812,100991.33,99123.45,101005.93,103584.28,101036.26,101013.1,101001.72,101031.46
17727.375567189,5813,101012.4,99114.34,100993.89,103576.27,101031.18,101019.02,101006.8,101026.41
17727.3961356,5814,101008.4,99132.56,101002.95,103588.28,101035.21,101016.9,101000.65,101018.39
17727.420393542,5815,100995.33,99116.41,101005.93,103584.28,101027.16,101019.02,101010.83,101031.46
17727.440865798,5816,100997.21,99116.41,100998.93,103578.09,101030.13,101017.12,101004.68,101022.4
17727.461491096,5817,101000.4,99115.38,101003.86,103582.1,101027.16,101019.02,101005.74,101024.47
17727.481918364,5818,101005.46,99119.41,101004.89,103591.2,101031.18,101010.99,101009.77,101011.4
17727.50257574,5819,100999.33,99123.45,101001.91,103584.28,101035.21,101010.99,101016.98,101019.42
17727.523022657,5820,101000.4,99123.45,100997.9,103575.18,101036.26,101006.97,101006.8,101018.39
17727.543625271,5821,100997.21,99115.38,101010.97,103583.19,101025.06,101015.0,101016.98,101028.48
17727.56404702,5822,100991.33,99115.38,100999.84,103579.18,101023.14,101019.02,101010.83,101019.42
17727.588407938,5823,101004.4,99125.53,101001.91,103571.17,101037.3,101008.87,101006.8,101023.43
17727.608853233,5824,101005.21,99119.41,101001.91,103577.36,101031.18,101010.99,101011.89,101018.39
17727.629462857,5825,101001.46,99125.53,100995.83,103587.19,101031.18,101009.93,101014.85,101026.41
17727.650023447,5826,101011.33,99113.3,100999.84,103583.19,101035.21,101006.97,101012.73,101035.47
17727.670556935,5827,100992.39,99123.45,101002.95,103574.08,101035.21,101010.99,101015.92,101028.48
17727.690979957,5828,101001.46,99126.45,100997.9,103579.18,101035.21,101013.94,101008.7,101020.46
17727.711629862,5829,101000.4,99118.37,101000.88,103567.16,101031.18,101019.02,101012.73,101032.49
17727.732114025,5830,100997.46,99127.49,100997.9,103575.18,101041.15,101012.05,101013.79,101028.48
17727.756425919,5831,101001.21,99136.6,101001.91,103576.27,101030.13,101010.99,101011.89,101022.52
17727.776886678,5832,101008.4,99122.41,100993.89,103579.18,101028.21,101012.05,101025.03,101028.48
17727.797507679,5833,101006.52,99127.49,101004.89,103583.19,101030.13,101009.93,101016.98,101027.44
17727.817981588,5834,101007.33,99118.37,100999.84,103577.0,101036.26,101004.86,101013.79,101020.46
17727.838636409,5835,101004.4,99119.41,100997.9,103576.27,101033.11,101017.96,101013.79,101020.46
17727.859113863,5836,101007.33,99123.45,101000.88,103576.27,101034.16,101017.96,101014.85,101019.42
17727.879719631,5837,100999.33,99121.37,101001.91,103579.18,101029.08,101023.03,101012.95,101026.41
17727.901292893,5838,101007.33,99121.37,100998.81,103583.19,101035.21,101002.96,101014.85,101028.48
17727.924411341,5839,101000.4,99123.45,101005.93,103580.27,101033.11,101008.03,101005.74,101032.49
17727.944529402,5840,100999.33,99115.38,101004.89,103575.18,101036.26,101012.89,101002.78,101015.41
17727.965484868,5841,101001.46,99131.52,100995.83,103575.18,101027.16,101013.94,101013.79,101021.49
17727.985998918,5842,100992.39,99131.52,100994.92,103575.18,101040.28,101016.06,101012.73,101020.46
17728.006591846,5843,101006.27,99127.49,100999.84,103587.19,101035.21,101020.07,101012.73,101031.46
17728.028281323,5844,100993.46,99122.41,100998.81,103575.18,101020.17,101010.99,101006.8,101019.42
17728.047691954,5845,100990.27,99125.53,100997.9,103575.18,101042.38,101013.1,101020.78,101012.43
17728.068196248,5846,100995.33,99130.48,101008.0,103573.35,101028.21,101010.99,101021.0,101026.41
17728.092416543,5847,101000.4,99122.41,100995.83,103572.26,101029.26,101017.96,101016.98,101027.44
17728.112442744,5848,101004.4,99129.57,100992.85,103573.35,101030.13,101015.0,101006.8,101017.48
17728.133700068,5849,101001.46,99135.56,101002.95,103575.18,101029.08,101008.87,101012.95,101020.46
17728.153966893,5850,101004.4,99127.49,100999.84,103567.16,101038.18,101009.93,101008.7,101027.44
17728.174653894,5851,100999.33,99127.49,101000.88,103571.17,101038.18,101011.83,101006.8,101028.48
17728.195062053,5852,101001.46,99131.52,101002.95,103571.17,101037.3,101015.0,101014.85,101026.41
17728.215888455,5853,100999.33,99131.52,100997.9,103568.25,101031.18,101008.87,101004.68,101015.41
17728.236136642,5854,100992.39,99124.49,100993.89,103567.16,101029.08,101019.02,101008.7,101027.44
17728.259843921,5855,101007.33,99120.45,101000.88,103568.25,101041.33,101008.87,101008.93,101019.42
17728.28046357,5856,100993.46,99119.41,101002.82,103576.27,101027.16,101010.99,101022.9,101023.43
17728.301550636,5857,100997.46,99114.34,100993.89,103571.17,101026.11,101005.92,101018.88,101023.43
17728.321596457,5858,101004.4,99118.37,100994.8,103569.34,101048.32,101009.93,101021.0,101011.4
17728.342826379,5859,101001.46,99127.49,101001.91,103559.15,101032.23,101013.94,101021.84,101026.41
17728.362792179,5860,101001.46,99131.52,101001.91,103562.07,101027.16,101016.9,101025.03,101018.39
17728.383670509,5861,100999.33,99125.53,101002.95,103572.26,101032.06,101000.84,101011.89,101018.39
17728.403783762,5862,100994.27,99130.48,101004.89,103561.33,101033.11,101010.99,101011.89,101025.5
17728.427914352,5863,101000.4,99127.49,101001.91,103571.17,101033.11,101019.02,101010.83,101027.44
17728.448530425,5864,101002.27,99130.48,101006.96,103561.33,101035.21,101008.87,101025.86,101019.42
17728.468944453,5865,100999.33,99131.52,100997.9,103567.16,101027.16,101010.99,101032.01,101021.49
17728.489571684,5866,100999.33,99121.37,100995.83,103561.33,101035.21,101012.89,101009.77,101018.39
17728.510602464,5867,101001.46,99122.41,101008.91,103576.27,101029.08,101016.9,101019.94,101018.39
17728.530597569,5868,100999.33,99123.45,100999.84,103567.16,101026.11,101007.81,101014.85,101015.41
17728.551835833,5869,101001.46,99126.45,101003.86,103544.22,101027.16,101017.96,101012.73,101028.48
17728.575428629,5870,100997.46,99130.48,100993.89,103548.23,101036.26,101008.87,101014.85,101022.4
17728.595914346,5871,101000.4,99130.48,100991.82,103553.32,101036.26,101012.89,101014.85,101027.44
17728.61654393,5872,100991.33,99118.37,101003.86,103555.15,101034.16,101017.96,101006.8,101022.4
17728.636963116,5873,101004.4,99123.45,100996.87,103560.24,101038.18,101019.02,101016.98,101020.46
17728.657618969,5874,100997.46,99131.52,101001.91,103559.15,101035.21,101004.86,101006.8,101018.39
17728.678027478,5875,101003.33,99131.52,100990.78,103556.24,101035.21,101021.97,101009.77,101028.48
17728.698663703,5876,100991.33,99123.45,101005.93,103555.15,101039.23,101016.06,101008.93,101029.51
17728.719245454,5877,101009.46,99127.49,100991.82,103567.16,101027.16,101013.1,101010.83,101019.42
17728.743410596,5878,101008.4,99135.56,101008.91,103557.33,101025.06,101017.96,101017.81,101021.49
17728.763949032,5879,101005.46,99131.52,100997.9,103555.15,101025.06,101015.0,101009.77,101020.46
17728.784546648,5880,101007.33,99137.64,101001.91,103555.15,101030.13,101013.94,101013.79,101014.38
17728.805027577,5881,100999.33,99123.45,101003.98,103548.23,101037.13,101013.94,101014.85,101027.44
17728.825694127,5882,101008.4,99130.48,101011.88,103555.15,101038.18,101013.94,101007.87,101025.5
17728.847286767,5883,101008.4,99131.52,101007.87,103553.32,101026.11,101013.1,100999.82,101025.5
17728.866643015,5884,100999.33,99139.6,100999.84,103547.14,101034.16,101019.02,101022.9,101023.43
17728.887469787,5885,101001.46,99131.52,101000.88,103553.32,101037.3,101002.96,101018.88,101028.48
17728.911443941,5886,100993.46,99131.52,100995.83,103555.15,101042.2,101017.96,101009.77,101028.48
17728.931948225,5887,101003.33,99132.56,100994.8,103556.24,101035.21,101012.89,101012.73,101034.43
17728.952523987,5888,101005.46,99138.56,101004.89,103553.32,101034.16,101015.84,101010.83,101028.48
17728.973012869,5889,101001.46,99138.56,101006.96,103544.96,101031.18,101015.0,101026.93,101028.48
17728.993639178,5890,100999.33,99121.37,100991.82,103553.32,101034.16,101019.02,101010.83,101024.47
17729.014174349,5891,101009.46,99139.6,100995.83,103546.05,101035.21,101016.9,101008.93,101030.42
17729.034765154,5892,101008.4,99133.6,101005.93,103541.31,101029.26,101004.02,100996.63,101027.44
17729.055246043,5893,101000.4,99147.67,101000.88,103551.14,101025.06,101023.03,101006.8,101014.38
17729.079442643,5894,101005.46,99130.48,100994.8,103531.12,101038.18,101013.94,101014.85,101028.48
17729.099877502,5895,101009.46,99139.6,100999.84,103559.15,101034.16,101015.0,101014.85,101015.41
17729.12050319,5896,101005.46,99137.52,100999.84,103544.22,101036.26,101006.97,101006.8,101010.37
17729.141059193,5897,101009.46,99148.71,101003.86,103548.96,101033.11,101020.07,101011.89,101020.46
17729.161612551,5898,101007.33,99135.56,100991.82,103547.14,101035.21,101013.94,101018.88,101024.47
17729.182156666,5899,101001.46,99134.52,100994.92,103547.14,101038.18,101010.99,101012.95,101016.45
17729.202679999,5900,100999.33,99130.48,101001.91,103555.15,101028.21,101002.96,101013.79,101023.43
17729.223113988,5901,101000.4,99135.56,100999.84,103543.13,101040.1,101009.93,101018.88,101021.49
17729.247456868,5902,101007.33,99140.64,100990.78,103552.23,101035.21,101012.89,101005.74,101031.58
17729.267910937,5903,100999.33,99131.52,100999.84,103539.13,101025.06,101010.99,101004.68,101030.55
17729.288551447,5904,100993.2,99130.48,100992.85,103536.95,101026.11,101020.91,101014.85,101030.55
17729.309017364,5905,101001.46,99136.6,101000.88,103547.14,101021.04,101008.87,101018.88,101020.46
17729.329700939,5906,100999.33,99131.52,101009.94,103560.24,101031.18,101016.9,101014.85,101025.5
17729.350058792,5907,101001.46,99135.56,101000.88,103545.31,101026.11,101008.87,101006.8,101029.51
17729.370690029,5908,101000.4,99141.56,101001.91,103543.13,101035.21,101017.96,100998.76,101027.44
17729.391140412,5909,101000.4,99130.48,101002.95,103543.13,101033.11,101015.0,101009.77,101027.44
17729.415460147,5910,101003.33,99138.56,100999.84,103543.13,101043.25,101019.02,101013.79,101015.41
17729.435596245,5911,101001.46,99142.6,100999.84,103546.05,101034.16,101008.87,101022.9,101026.54
17729.456522728,5912,100991.33,99139.6,100993.89,103543.13,101034.16,101017.96,101006.8,101018.39
17729.476987533,5913,101005.46,99143.64,100996.87,103532.94,101037.3,101019.02,101012.95,101026.41
17729.497672941,5914,100995.33,99130.48,100999.84,103551.14,101027.16,101005.92,101009.77,101022.4
17729.518124996,5915,101001.21,99139.6,100999.84,103544.22,101042.2,101015.0,101029.05,101020.46
17729.538718566,5916,100999.33,99151.71,100998.81,103555.15,101027.16,101011.83,101005.74,101027.44
17729.559293447,5917,100999.33,99132.56,100991.82,103544.22,101035.21,101019.02,101006.8,101021.37
17729.583603248,5918,101009.46,99135.56,101001.91,103546.05,101043.25,101016.9,101008.93,101020.46
17729.603565032,5919,101000.4,99138.56,101002.95,103545.31,101030.13,101019.02,101014.85,101027.44
17729.624538205,5920,100999.33,99147.67,101009.94,103549.32,101031.18,101015.0,101013.79,101023.43
17729.644661183,5921,100999.33,99146.63,100999.84,103545.31,101033.28,101013.94,101018.88,101028.48
17729.665591772,5922,101003.33,99137.64,100989.87,103543.13,101022.09,101012.05,101012.73,101020.46
17729.685728371,5923,101008.4,99139.6,100999.84,103553.32,101025.06,101010.99,101018.88,101022.4
17729.706721925,5924,101009.46,99149.75,100989.87,103545.31,101026.11,101015.0,101014.85,101020.46
17729.72723951,5925,100992.39,99155.75,100999.84,103545.31,101039.23,101017.96,101022.9,101021.37
17729.750926849,5926,101005.46,99135.56,101000.88,103544.22,101034.16,101017.96,101015.92,101018.39
17729.77152782,5927,100997.21,99147.67,101001.91,103547.14,101036.26,101010.99,101014.85,101026.41
17729.791987486,5928,100991.33,99138.56,100995.83,103544.22,101035.21,101005.92,101010.83,101027.44
17729.812613765,5929,101004.4,99145.72,100999.84,103543.13,101038.18,101010.99,101011.89,101015.41
17729.833648432,5930,101003.33,99136.6,100997.78,103544.22,101027.16,101013.1,101015.92,101024.47
17729.853596415,5931,101009.46,99145.59,101005.93,103547.14,101034.16,101010.99,101022.9,101023.43
17729.874696851,5932,100999.33,99147.67,100992.85,103539.13,101031.18,101015.0,101008.7,101027.44
17729.898451963,5933,101001.46,99147.67,100995.83,103546.05,101031.18,101012.89,101008.7,101024.47
17729.918951019,5934,101001.46,99143.64,101004.89,103543.13,101033.11,101017.96,101013.79,101019.42
17729.939563037,5935,101003.33,99147.67,100999.84,103551.14,101026.11,101013.94,101010.83,101027.44
17729.960050676,5936,101011.59,99141.56,101000.88,103539.13,101034.16,101019.02,101010.83,101019.42
17729.981164012,5937,101013.46,99143.64,100997.78,103548.23,101031.18,101020.07,101010.83,101027.44
17730.001122921,5938,101005.46,99146.63,101001.91,103540.22,101026.98,101013.94,101017.81,101029.39
17730.021733577,5939,100999.33,99147.67,101000.88,103537.3,101023.14,101015.0,101004.68,101020.46
17730.042125792,5940,101000.4,99151.71,101004.89,103544.22,101030.13,101017.96,101015.92,101019.42
17730.066485598,5941,101009.46,99153.67,100995.83,103544.22,101022.09,101019.02,101018.88,101032.49
17730.086920067,5942,100994.27,99147.67,101000.88,103553.32,101030.13,101008.87,101022.9,101020.46
17730.10756253,5943,100997.21,99137.52,101000.88,103549.32,101030.13,101025.15,101010.83,101022.4
17730.128059794,5944,101001.46,99151.71,100997.9,103535.12,101026.98,101019.02,101006.8,101010.37
17730.148668166,5945,101003.33,99155.75,101003.86,103543.13,101037.13,101010.99,101006.8,101034.43
17730.169133842,5946,100991.33,99140.64,100991.82,103536.21,101033.11,101016.06,101018.88,101016.45
17730.189681863,5947,101005.46,99147.67,101003.86,103540.95,101034.16,101017.96,101017.81,101026.41
17730.210166758,5948,101001.46,99149.63,101003.86,103537.3,101035.21,101009.93,101015.92,101030.55
17730.234474004,5949,101006.27,99147.67,100994.8,103544.22,101034.16,101008.87,101025.03,101021.49
17730.254928574,5950,101000.4,99147.67,101009.94,103545.31,101035.21,101024.93,101012.73,101028.48
17730.275542864,5951,101009.46,99145.59,100998.81,103545.31,101037.13,101013.1,101018.88,101024.47
17730.295999978,5952,101000.4,99155.75,101000.88,103544.22,101031.18,101017.96,101012.73,101032.49
17730.316676863,5953,100993.46,99155.75,101007.87,103541.31,101031.18,101019.02,101006.8,101024.47
17730.337186515,5954,101011.33,99153.67,101000.88,103546.05,101027.16,101006.97,101018.88,101032.49
17730.357680024,5955,101007.33,99147.67,100995.83,103537.3,101027.16,101009.93,101006.8,101025.5
17730.378216637,5956,101005.46,99157.83,100994.92,103541.31,101026.11,101016.06,101016.98,101028.48
17730.402499687,5957,101001.46,99139.6,100999.84,103537.3,101031.18,101023.03,101008.7,101031.58
17730.4229298,5958,100999.33,99147.67,100989.75,103540.22,101034.16,101009.93,101013.79,101027.44
17730.443561477,5959,100996.39,99155.75,101002.82,103545.31,101035.21,101009.93,101014.85,101019.42
17730.464046242,5960,101004.4,99147.67,100995.83,103536.21,101036.26,101010.99,101014.85,101019.42
17730.484641704,5961,101001.46,99139.6,101010.97,103540.95,101045.35,101019.02,101012.73,101020.46
17730.505303637,5962,100999.33,99151.71,100997.9,103544.22,101034.16,101005.92,101009.77,101017.35
17730.525756744,5963,101003.33,99155.75,101007.87,103537.3,101036.26,101019.02,101005.74,101023.43
17730.546200347,5964,100985.2,99137.52,101009.94,103543.13,101028.21,101013.94,101004.68,101020.46
17730.570484879,5965,100999.33,99149.63,100995.83,103544.22,101035.21,101015.0,101006.8,101016.32
17730.590996715,5966,101005.46,99155.75,100994.8,103541.31,101044.3,101012.89,101008.7,101021.49
17730.611554831,5967,101006.52,99150.67,100993.89,103541.31,101027.16,101010.99,101008.7,101030.55
17730.632046997,5968,101007.33,99146.63,100992.85,103543.13,101038.18,101017.96,101005.74,101016.45
17730.652798145,5969,100995.33,99147.67,100990.78,103540.22,101035.21,101015.0,101006.58,101023.43
17730.67325656,5970,100990.27,99147.67,100994.8,103536.21,101034.33,101016.9,101005.74,101032.49
17730.693735967,5971,101004.4,99155.75,101001.91,103540.22,101030.13,101013.94,101016.98,101016.45
17730.714181292,5972,100999.33,99155.75,101008.91,103545.31,101027.16,101010.99,101014.85,101028.48
17730.738493346,5973,100993.46,99145.59,100993.76,103543.13,101036.26,101009.93,101010.83,101032.49
17730.758963489,5974,100999.33,99143.64,101007.87,103543.13,101027.16,101019.02,101009.77,101027.44
17730.779568756,5975,101005.46,99171.9,100996.87,103536.21,101034.16,101017.96,101006.8,101021.49
17730.799691393,5976,101001.46,99139.6,101005.93,103536.21,101035.21,101012.05,101011.89,101018.39
17730.820697056,5977,100999.33,99150.67,100990.78,103535.12,101035.21,101015.0,101010.83,101030.42
17730.841149853,5978,100990.27,99153.67,101001.91,103543.13,101031.18,101016.9,101010.83,101022.52
17730.861890895,5979,101007.33,99145.59,101001.91,103544.22,101027.16,101013.94,101014.85,101021.49
17730.882192994,5980,101003.33,99155.75,100999.84,103545.31,101031.18,101013.94,101006.8,101014.38
17730.906524177,5981,101007.33,99145.59,101008.91,103538.04,101025.06,101010.99,101007.87,101024.47
17730.926570288,5982,100995.33,99156.79,100999.84,103540.22,101031.18,101016.9,101009.77,101019.42
17730.947804477,5983,101017.46,99150.67,101002.82,103537.3,101019.12,101016.06,101006.8,101022.4
17730.967661372,5984,100991.33,99151.71,100996.87,103539.13,101043.25,101013.94,101010.83,101020.46
17730.988694987,5985,101007.33,99163.82,101002.82,103545.31,101034.16,101017.96,101006.8,101028.48
17731.009239362,5986,100997.21,99147.67,100991.82,103543.13,101027.16,101016.9,101016.98,101013.47
17731.02976555,5987,100991.33,99150.67,100998.81,103539.13,101027.16,101019.02,101021.84,101020.46
17731.050175962,5988,101000.4,99155.75,100999.84,103539.13,101036.26,101016.9,101008.7,101026.41
17731.074005046,5989,101007.33,99155.75,100999.84,103544.22,101025.06,101019.02,101014.85,101030.55
17731.094594199,5990,100993.2,99145.59,101003.86,103544.22,101036.08,101013.94,101005.74,101018.39
17731.114980074,5991,101000.4,99163.82,101003.86,103529.29,101029.26,101015.0,101005.74,101028.48
17731.135907268,5992,101006.27,99154.71,100998.81,103544.22,101039.23,101017.96,101017.81,101017.48
17731.157259034,5993,101002.27,99155.75,100998.81,103543.13,101042.2,101017.96,101005.74,101029.51
17731.176798429,5994,101012.4,99155.75,101003.86,103538.04,101037.3,101008.87,101000.88,101019.42
17731.197905956,5995,101005.21,99149.63,100999.84,103535.12,101037.3,101023.03,101012.73,101019.42
17731.221545293,5996,100999.33,99156.79,101004.89,103541.31,101042.2,101012.89,101022.9,101020.46
17731.241981384,5997,100998.27,99155.75,100999.84,103535.12,101037.13,101019.02,101014.85,101020.46
17731.262666552,5998,101000.4,99146.63,100998.81,103540.22,101043.25,101011.83,101016.98,101015.41
17731.283128162,5999,101001.21,99155.75,101006.84,103529.29,101033.28,101010.99,101007.87,101028.48
17731.303677404,6000,100999.33,99155.75,101008.91,103536.21,101039.23,101010.99,101008.93,101027.44
17731.324156922,6001,100997.21,99147.67,100994.8,103520.19,101027.16,101016.9,101005.74,101028.48
17731.34474341,6002,101008.4,99153.67,100999.84,103547.14,101035.21,101019.02,101014.85,101018.39
17731.365267264,6003,100990.27,99167.86,101013.95,103534.03,101031.18,101019.02,101016.98,101028.48
17731.389487389,6004,101004.4,99153.67,101006.84,103544.22,101036.26,101019.02,101010.83,101028.35
17731.409947387,6005,101006.27,99148.71,101004.89,103545.31,101039.23,101010.99,101006.8,101027.44
17731.430605804,6006,101003.33,99159.79,101000.88,103539.13,101030.31,101015.0,101016.98,101018.39
17731.451114045,6007,100999.33,99158.75,101003.86,103544.22,101034.16,101017.96,101015.92,101018.39
17731.471629967,6008,101003.33,99158.75,100993.76,103539.13,101039.23,101010.99,101010.83,101030.55
17731.492157236,6009,101004.4,99155.75,101003.86,103543.13,101037.3,101019.02,101022.9,101021.49
17731.512854582,6010,101000.4,99155.75,100999.84,103535.12,101026.11,101016.9,101016.98,101021.49
17731.533550387,6011,101001.21,99164.86,100998.81,103538.39,101039.23,101016.9,101015.92,101028.48
17731.557496237,6012,100998.27,99155.75,101001.91,103544.22,101031.18,101004.86,101014.85,101031.58
17731.577987451,6013,101008.4,99163.82,100992.85,103537.3,101031.18,101010.99,101025.03,101019.42
17731.598558136,6014,100999.33,99150.67,100994.8,103539.13,101031.18,101017.96,101016.98,101027.44
17731.619169743,6015,100999.33,99148.59,101007.87,103537.3,101035.21,101017.96,101006.8,101036.5
17731.639923725,6016,100999.33,99153.67,100999.84,103542.04,101044.3,101017.96,101018.88,101022.4
17731.660297592,6017,101004.4,99163.82,100990.78,103536.21,101045.35,101017.96,101016.98,101026.54
17731.680832173,6018,101007.33,99155.75,100991.82,103541.31,101031.18,101010.99,101004.68,101023.43
17731.701398241,6019,100992.39,99159.79,100997.78,103542.04,101044.3,101011.83,101006.8,101026.41
17731.725532496,6020,101001.21,99163.82,100988.72,103543.13,101029.08,101020.91,101008.93,101027.44
17731.746008748,6021,101009.46,99163.82,100997.78,103537.3,101031.18,101008.87,101009.77,101018.39
17731.766588056,6022,101008.4,99163.82,101003.86,103548.23,101031.18,101007.81,101018.88,101022.52
17731.787149377,6023,101008.4,99153.67,100989.75,103535.12,101028.21,101024.93,101013.79,101019.42
17731.80781172,6024,101015.33,99158.75,100999.84,103543.13,101027.16,101008.87,101006.8,101014.38
17731.828116593,6025,101002.27,99163.82,101003.86,103544.22,101028.21,101009.93,101002.55,101020.46
17731.848759868,6026,100999.33,99155.75,100999.84,103540.22,101028.21,101019.02,101006.8,101024.47
17731.869257151,6027,100995.33,99153.67,100999.84,103543.13,101033.11,101016.9,101016.98,101016.45
17731.89351887,6028,101003.33,99163.82,101002.82,103540.22,101027.16,101003.8,101012.95,101019.42
17731.913981721,6029,101006.27,99159.79,100998.81,103549.32,101035.21,101008.87,101010.83,101021.49
17731.934627039,6030,101005.46,99154.71,100999.84,103543.13,101033.11,101009.93,101020.78,101029.51
17731.955046886,6031,101001.21,99155.75,100999.84,103539.13,101034.16,101019.02,101017.81,101022.52
17731.975718453,6032,100999.33,99160.83,100995.83,103537.3,101028.21,101013.94,101016.98,101015.41
17731.996243439,6033,101003.33,99163.82,100995.83,103541.31,101027.16,101010.99,101018.88,101016.45
17732.016837399,6034,101001.46,99159.79,100998.81,103543.13,101032.23,101017.96,101018.88,101011.4
17732.037417068,6035,100997.21,99162.78,100999.84,103545.31,101036.26,101017.96,101001.72,101028.48
17732.06304345,6036,100985.2,99166.82,100995.83,103549.32,101025.06,100992.81,101021.0,101034.43
17732.081995346,6037,101001.21,99155.75,100994.8,103544.22,101029.26,101021.97,101015.92,101015.41
17732.102736929,6038,101003.33,99173.98,100999.84,103541.31,101036.26,101019.02,101015.92,101015.41
17732.122773717,6039,100999.33,99159.79,101000.88,103537.3,101042.2,101015.0,101010.83,101018.39
17732.143739399,6040,100987.33,99160.83,100992.85,103540.95,101032.23,101007.81,101011.89,101026.41
17732.164123161,6041,101007.33,99167.86,100999.84,103545.31,101035.21,101010.99,101016.98,101020.46
17732.184735589,6042,100997.46,99163.82,100995.83,103557.33,101037.3,101023.03,101012.95,101017.35
17732.205258872,6043,100993.2,99163.82,100995.83,103556.24,101034.16,101017.96,101007.87,101023.43
17732.229582263,6044,101001.21,99163.82,100996.87,103537.3,101034.16,101008.87,101006.8,101034.56
17732.249662707,6045,100999.33,99162.78,100998.81,103543.13,101040.28,101000.84,101010.83,101030.55
17732.270636782,6046,101001.21,99155.75,101000.88,103553.32,101029.08,101017.96,101004.91,101023.43
17732.290674962,6047,101005.21,99165.78,100992.85,103545.31,101035.21,100992.81,101014.85,101020.46
17732.313143297,6048,101007.33,99163.82,100991.82,103549.32,101017.02,101017.96,101010.83,101030.55
17732.332301415,6049,101007.33,99163.82,100991.82,103544.22,101027.16,101008.87,101016.98,101028.48
17732.35283907,6050,100999.33,99167.86,101010.85,103549.32,101044.3,101007.81,100998.76,101022.4
17732.376536043,6051,101001.21,99163.82,101002.82,103549.32,101026.11,101008.87,101015.92,101016.32
17732.397032206,6052,101000.4,99170.86,100997.78,103551.14,101034.16,101008.87,101008.93,101028.48
17732.417649661,6053,100996.39,99171.9,101005.93,103553.32,101031.18,101016.9,101013.79,101019.42
17732.438242891,6054,100991.33,99163.82,100996.87,103545.31,101032.23,101009.93,101016.98,101027.44
17732.458715227,6055,100999.33,99154.71,100998.81,103553.32,101043.25,101017.96,101021.0,101021.49
17732.480299895,6056,101002.27,99165.78,100999.84,103549.32,101027.16,101002.96,101016.98,101018.39
17732.499811739,6057,101002.27,99171.9,101003.86,103544.22,101029.08,101017.96,101002.78,101025.5
17732.520794927,6058,100997.21,99163.82,100999.84,103544.22,101027.16,101009.93,101026.09,101017.48
17732.544526504,6059,101000.4,99163.82,100993.76,103543.13,101038.35,101016.9,101025.03,101020.46
17732.564971859,6060,101002.27,99159.79,101006.84,103544.22,101037.3,101019.02,101025.03,101019.42
17732.585712921,6061,101000.14,99167.86,101003.86,103535.12,101026.11,101009.93,101007.87,101027.44
17732.606034029,6062,101000.4,99173.98,101003.86,103543.13,101027.16,101010.99,101008.93,101027.44
17732.626851997,6063,100993.46,99163.82,101002.82,103544.22,101029.08,101013.94,101012.73,101016.45
17732.647377254,6064,100996.39,99167.86,100995.83,103547.14,101039.23,101012.89,101016.98,101016.45
17732.668051786,6065,100999.33,99162.78,100999.84,103551.14,101018.07,101011.83,101016.98,101031.46
17732.688387906,6066,101007.33,99167.86,101000.88,103561.33,101034.16,101016.06,101010.83,101026.41
17732.712537164,6067,100998.27,99169.94,101001.91,103544.22,101036.26,101009.93,101002.78,101028.48
17732.733028418,6068,101003.33,99159.79,101000.88,103545.31,101040.28,101012.89,101008.93,101025.5
17732.75361685,6069,100989.2,99172.94,101001.91,103547.14,101040.28,101024.93,101014.85,101027.44
17732.774128746,6070,100992.39,99164.86,100995.83,103557.33,101043.25,101012.89,101008.93,101019.42
17732.794948167,6071,101000.4,99161.87,100998.81,103555.15,101035.21,101011.83,101008.93,101029.51
17732.815246921,6072,101006.27,99172.94,101001.79,103556.24,101034.16,101012.89,101019.94,101019.42
17732.835890246,6073,100994.27,99176.97,100999.84,103543.13,101026.11,101012.89,101026.93,101028.48
17732.856913625,6074,100997.21,99176.97,101011.88,103553.32,101029.26,101008.87,101009.99,101012.43
17732.880551319,6075,101003.33,99169.82,101004.89,103555.15,101032.06,101020.91,101009.77,101027.44
17732.901051067,6076,100996.39,99170.86,100991.82,103545.31,101026.11,101023.03,101014.85,101019.42
17732.921596544,6077,101007.33,99167.86,101015.9,103548.23,101033.11,101009.93,101014.85,101032.62
17732.942073867,6078,101003.33,99179.97,101000.88,103558.06,101035.21,101017.96,101007.87,101022.4
17732.962703291,6079,100991.33,99171.9,100991.82,103552.23,101036.26,101020.91,101011.89,101020.46
17732.983170299,6080,100988.14,99171.9,100999.84,103557.33,101026.11,101013.94,101012.95,101028.48
17733.003781265,6081,101003.33,99162.78,101003.86,103548.23,101036.26,101008.87,101010.83,101025.5
17733.024389637,6082,101003.33,99171.9,101002.82,103548.23,101036.26,101017.96,101008.93,101021.49
17733.04854233,6083,100995.33,99175.93,100991.82,103556.24,101036.26,101009.93,101014.85,101023.43
17733.068994876,6084,100999.33,99170.86,100996.87,103548.23,101029.26,101001.9,101016.98,101019.42
17733.089655357,6085,100997.46,99171.9,100991.82,103543.13,101038.18,101019.02,101016.98,101018.39
17733.110083045,6086,101002.27,99163.82,100999.84,103544.22,101026.11,101016.9,101014.85,101026.41
17733.130925271,6087,101002.27,99171.9,100993.89,103551.14,101028.03,101015.84,101002.78,101016.45
17733.151200489,6088,101002.27,99178.93,100996.87,103556.24,101027.16,101011.83,101010.83,101017.48
17733.171819327,6089,100991.33,99162.78,101007.87,103561.33,101033.28,101013.94,101016.98,101027.44
17733.192251572,6090,100997.21,99179.97,101007.87,103560.24,101027.16,101024.93,101008.93,101019.42
17733.216574783,6091,100995.33,99163.82,101006.84,103552.23,101043.25,101012.89,101008.7,101028.48
17733.237036874,6092,101003.33,99175.93,101001.79,103545.31,101036.26,101009.93,101005.74,101019.42
17733.257736454,6093,101007.33,99171.9,100997.78,103548.23,101034.16,101009.93,101006.8,101029.51
17733.278131813,6094,101001.21,99167.86,100999.84,103557.33,101031.18,101008.87,101008.93,101014.5
17733.298731061,6095,100995.33,99175.93,101002.82,103560.24,101036.26,100999.79,101002.78,101027.44
17733.319419875,6096,101002.27,99182.97,100998.81,103540.95,101043.25,101019.02,101016.98,101032.49
17733.340041657,6097,100999.33,99163.82,100999.84,103552.23,101036.26,101009.93,101016.98,101022.4
17733.360564309,6098,100999.33,99179.97,100997.78,103548.23,101038.35,101017.96,101018.88,101029.51
17733.384567597,6099,101007.33,99165.9,100999.84,103562.42,101039.23,101005.92,101022.9,101030.55
17733.405041685,6100,101004.4,99173.98,101001.91,103547.14,101043.25,101009.93,101016.98,101028.48
17733.425678841,6101,101010.27,99181.01,101004.89,103559.15,101039.23,101009.93,101014.85,101034.43
17733.446212269,6102,101004.4,99178.93,101015.9,103556.24,101023.14,101012.89,101016.98,101026.41
17733.466758627,6103,101007.33,99175.93,100990.78,103553.32,101037.3,101019.02,101015.92,101027.57
17733.48718255,6104,100999.33,99170.86,100991.82,103542.04,101027.16,101010.99,100998.76,101020.46
17733.50803442,6105,100999.33,99171.9,100997.78,103548.23,101043.25,101009.93,101022.9,101004.41
17733.528267825,6106,101008.4,99175.93,100994.8,103552.23,101036.26,101019.02,101016.98,101019.42
17733.552557666,6107,100992.39,99171.9,101001.91,103551.14,101032.23,101010.99,101005.74,101019.42
17733.57264537,6108,101007.33,99170.86,101002.82,103552.97,101038.35,101009.93,101010.83,101019.42
17733.593700147,6109,101008.4,99184.01,101000.88,103551.14,101033.11,101017.96,101005.74,101023.43
17733.613709242,6110,100999.33,99170.86,100994.8,103559.15,101036.26,101015.0,101026.93,101036.5
17733.634743429,6111,101003.33,99173.85,101001.79,103557.33,101034.16,101010.99,101015.92,101025.5
17733.655412552,6112,100999.33,99179.97,101002.82,103553.32,101031.18,101008.87,101010.83,101019.42
17733.675823416,6113,100991.33,99178.93,100997.78,103560.24,101034.16,101019.02,101006.8,101018.39
17733.699599689,6114,101002.27,99166.82,100997.78,103571.17,101044.3,101035.07,101014.85,101019.42
17733.72002852,6115,100999.33,99175.93,100994.8,103552.97,101036.26,101009.93,101018.88,101021.49
17733.740664884,6116,100991.33,99179.97,100999.84,103555.15,101030.13,101005.92,101026.09,101015.41
17733.76110426,6117,100994.27,99163.82,100999.84,103559.15,101041.33,101008.87,101008.93,101028.48
17733.781714946,6118,100999.33,99182.97,100991.82,103559.15,101030.13,101011.83,101004.91,101013.47
17733.802829984,6119,100999.33,99171.9,100994.8,103546.05,101031.18,101017.96,101016.98,101019.42
17733.822795163,6120,101015.33,99179.97,100983.79,103559.15,101029.26,101019.02,101000.65,101020.46
17733.843789098,6121,100999.33,99184.01,101007.87,103556.97,101031.18,101008.87,101006.8,101025.5
17733.867605382,6122,100998.27,99169.82,100996.74,103563.16,101033.11,101010.99,101006.8,101011.4
17733.888073291,6123,100997.21,99169.82,100988.72,103544.96,101033.11,101009.93,101009.77,101024.47
17733.908642494,6124,100995.33,99179.97,100996.74,103566.07,101040.28,101013.94,101008.7,101030.42
17733.930138549,6125,101007.33,99173.85,100991.82,103559.15,101044.3,101001.9,101006.8,101020.46
17733.949744204,6126,100997.21,99179.97,100989.75,103558.06,101036.26,100999.79,101009.77,101024.47
17733.970194697,6127,101007.33,99169.82,100994.8,103556.97,101035.21,101008.87,101004.68,101018.39
17733.990816389,6128,101001.21,99174.89,100998.81,103571.17,101035.21,101012.89,101012.73,101028.48
17734.011816754,6129,100998.27,99181.93,100996.74,103559.15,101034.16,101015.0,101014.85,101010.37
17734.035572176,6130,100999.33,99180.89,100997.78,103568.25,101035.21,101012.89,101012.73,101008.42
17734.056030831,6131,101007.33,99169.82,100994.8,103566.07,101031.18,101000.84,101006.8,101020.46
17734.076654527,6132,100998.27,99181.93,100997.78,103559.15,101031.18,101004.86,101004.68,101021.49
17734.097129176,6133,100998.27,99178.93,100999.84,103558.06,101023.14,101012.89,101010.83,101016.45
17734.11774521,6134,101004.4,99174.89,100996.74,103567.16,101023.14,101018.8,101005.74,101019.42
17734.138278818,6135,101005.21,99177.89,100998.81,103559.15,101035.21,100999.79,101022.9,101014.38
17734.160236492,6136,101001.21,99179.97,101006.84,103570.08,101031.18,101016.9,101013.79,101006.36
17734.179323472,6137,100994.27,99181.93,100997.78,103558.06,101033.28,101008.87,101010.83,101014.38
17734.203607103,6138,100997.21,99173.85,100990.78,103559.15,101039.23,101009.93,101010.83,101009.33
17734.224063315,6139,101008.4,99177.89,100995.83,103559.15,101033.11,101004.86,101005.74,101021.49
17734.24464121,6140,100998.27,99175.81,101002.82,103570.08,101036.26,101008.87,101006.8,101015.41
17734.265124884,6141,101005.21,99173.85,100990.78,103567.16,101029.26,101009.93,101008.93,101018.39
17734.285727517,6142,100993.2,99177.89,100998.81,103566.07,101029.26,100992.81,101006.8,101011.4
17734.306195236,6143,100983.33,99177.89,100998.81,103572.26,101033.11,101010.99,101014.85,101011.4
17734.326987847,6144,101002.27,99183.89,100990.78,103567.16,101027.16,101005.92,101013.79,101020.46
17734.347302495,6145,101006.27,99177.89,100998.81,103556.97,101035.21,101004.86,101005.74,101023.43
17734.37158929,6146,101007.33,99177.89,101001.79,103560.98,101030.13,100991.76,101004.68,101024.47
17734.392058712,6147,100991.33,99180.89,100998.81,103562.07,101036.26,101004.86,101013.79,101019.42
17734.412699703,6148,101007.33,99180.89,101001.79,103575.18,101027.16,101010.99,101010.83,101028.48
17734.43414427,6149,100999.33,99176.85,100992.73,103575.18,101027.16,101005.92,101014.85,101019.42
17734.453820983,6150,101008.4,99176.85,100997.78,103563.89,101026.11,101001.68,101004.68,101020.46
17734.474311396,6151,100989.2,99177.89,101005.8,103567.16,101027.16,101008.87,101009.77,101020.46
17734.495110667,6152,101001.46,99160.7,100999.84,103575.18,101017.02,101019.02,101012.73,101018.51
17734.515406166,6153,100997.21,99177.89,100997.78,103556.97,101022.09,101012.89,101004.68,100998.33
17734.539611058,6154,101005.21,99179.85,101007.87,103571.17,101027.16,101003.8,101012.73,101016.45
17734.560122823,6155,100998.27,99172.81,100997.78,103563.89,101021.21,101007.81,101000.65,101025.38
17734.58077408,6156,100998.27,99181.93,100995.83,103556.97,101025.24,101008.87,101012.73,101014.38
17734.601249882,6157,101001.21,99177.89,100996.74,103564.98,101027.16,101000.84,101004.68,101020.46
17734.621887317,6158,100999.33,99169.82,100989.75,103572.99,101027.16,101000.84,101000.65,101023.43
17734.642509981,6159,101001.21,99175.81,100997.78,103570.08,101035.21,101008.87,101012.73,101019.42
17734.6628786,6160,101003.33,99176.85,100997.78,103564.98,101024.01,101006.76,101012.73,101019.42
17734.68331392,6161,101010.27,99177.89,100991.82,103570.08,101042.2,101016.9,101010.83,101023.43
17734.707601477,6162,100988.14,99172.81,100994.8,103576.27,101031.18,101008.87,101000.65,101024.47
17734.72806502,6163,100997.21,99173.85,100990.78,103564.98,101032.23,101008.87,101008.7,101011.4
17734.748669727,6164,101007.33,99185.97,100997.78,103571.9,101035.21,101008.87,101012.95,101018.51
17734.769156064,6165,101001.21,99176.85,100993.76,103574.08,101027.16,101004.86,101009.77,101024.47
17734.789711416,6166,101007.33,99181.93,100997.78,103560.98,101035.21,101000.84,101000.65,101025.5
17734.810217012,6167,100989.2,99175.81,100991.69,103564.98,101025.06,101016.9,101011.89,101011.4
17734.830857983,6168,101001.21,99179.97,100994.8,103568.99,101025.06,101004.86,101006.8,101019.42
17734.851315807,6169,101011.33,99169.82,100993.76,103567.16,101021.04,101005.92,101016.75,101018.51
17734.876116861,6170,100989.2,99168.78,100998.81,103566.07,101025.06,101016.9,101008.93,101020.46
17734.895675545,6171,100999.33,99169.82,100994.8,103568.99,101034.16,101008.87,101014.85,101021.49
17734.916729912,6172,100998.27,99185.97,100995.71,103567.16,101028.21,101012.89,101006.8,101015.41
17734.936726769,6173,100991.33,99177.89,100996.74,103564.98,101034.16,101008.87,101008.7,101010.37
17734.957845723,6174,101005.21,99176.85,100993.76,103564.98,101028.21,101006.97,101018.88,101027.44
17734.977859055,6175,101002.27,99175.81,100993.76,103556.97,101031.18,101010.99,101023.96,101020.46
17734.999233756,6176,101011.33,99177.89,101002.82,103567.9,101017.02,101008.87,101000.65,101028.48
17735.022576143,6177,100999.33,99175.81,100993.76,103568.99,101035.21,101000.84,101005.74,101024.47
17735.043027337,6178,101008.4,99184.93,101005.8,103574.08,101031.18,101002.74,101014.85,101014.38
17735.063691314,6179,100999.33,99180.89,100995.71,103572.99,101018.07,101010.77,101009.77,101019.42
17735.08418365,6180,101001.21,99181.93,101001.79,103563.89,101031.18,101008.87,101015.92,101027.44
17735.104851822,6181,100999.33,99176.85,100997.78,103563.89,101032.23,101000.84,101000.65,101013.47
17735.125759998,6182,101001.21,99177.89,100998.81,103566.07,101036.26,101005.92,101003.62,101010.37
17735.148191247,6183,101005.21,99179.85,100997.78,103566.07,101021.04,101004.86,101004.68,101008.42
17735.166977012,6184,101005.21,99180.89,101006.84,103556.97,101027.16,101004.86,101004.68,101010.37
17735.190596979,6185,100999.33,99177.89,100997.78,103560.98,101026.11,101007.81,101006.8,101018.39
17735.211073281,6186,100991.33,99177.89,100998.81,103555.88,101035.21,101004.86,101006.8,101020.46
17735.23165997,6187,100994.27,99194.04,101003.86,103555.88,101035.21,101016.9,101009.77,101020.46
17735.252376676,6188,100999.33,99176.85,101007.87,103556.97,101027.16,101014.78,101011.66,101010.37
17735.272732336,6189,101005.21,99181.93,100997.78,103555.15,101031.18,100997.89,101000.65,101014.38
17735.29322306,6190,101001.21,99177.89,100996.74,103555.88,101028.21,100998.73,101010.83,101018.39
17735.31382346,6191,100998.27,99175.81,100989.75,103555.88,101032.23,101004.86,101010.83,101024.47
17735.334292972,6192,101003.33,99177.89,101006.84,103552.97,101024.01,101005.92,101022.9,101020.46
17735.358667791,6193,100998.27,99171.77,100997.78,103556.97,101029.26,101012.89,101006.8,101013.47
17735.379072614,6194,101001.21,99178.93,101007.87,103558.06,101035.21,101004.86,101010.6,101016.45
17735.399754728,6195,100990.27,99179.85,100988.72,103548.96,101026.11,101003.8,101016.98,101022.4
17735.420193323,6196,101007.33,99177.89,101003.86,103556.97,101031.18,101009.93,101006.8,101012.43
17735.440969068,6197,101004.4,99177.89,100997.78,103552.97,101035.21,101000.84,101013.79,101020.46
17735.461470839,6198,100997.21,99176.85,100998.81,103560.98,101028.21,101000.84,101004.68,101018.51
17735.482188156,6199,100997.21,99181.93,100999.84,103544.96,101027.16,101002.74,100996.63,101007.39
17735.503074668,6200,101005.21,99181.93,101009.82,103544.96,101033.11,101008.87,101012.73,101030.55
17735.526608245,6201,100999.33,99194.04,100996.74,103542.04,101028.21,101008.87,101008.7,101014.5
17735.547105138,6202,100995.33,99176.85,100992.73,103556.97,101026.11,101008.87,101013.79,101007.39
17735.567746339,6203,100995.33,99192.08,100989.75,103544.96,101028.21,101008.87,101014.85,101020.46
17735.58830742,6204,100991.33,99176.85,101001.79,103552.97,101026.11,101007.81,101004.68,101018.51
17735.608900188,6205,100998.27,99178.81,101006.84,103556.97,101031.18,101008.87,101002.78,100999.37
17735.629401158,6206,100997.21,99179.85,100997.78,103554.06,101022.09,101003.8,101003.62,101019.42
17735.649981016,6207,100994.27,99184.93,100995.83,103544.96,101032.23,101019.02,101016.75,101021.49
17735.670486152,6208,100998.27,99185.97,100998.81,103548.96,101035.21,101012.89,100996.63,101020.46
17735.694620097,6209,100991.33,99179.85,101000.76,103544.96,101020.17,101004.86,101007.64,101012.43
17735.715074476,6210,101007.33,99182.97,101000.76,103544.96,101026.11,101008.87,100995.57,101002.34
17735.735686834,6211,100998.27,99193.0,100997.78,103551.14,101032.23,101008.87,101004.68,101016.45
17735.756266722,6212,100994.27,99181.93,100988.72,103556.97,101025.06,101004.86,101006.8,101017.48
17735.776778849,6213,100997.21,99177.89,100998.81,103552.97,101034.16,101008.87,101004.68,101010.37
17735.797389624,6214,101001.21,99190.0,100998.81,103552.97,101025.24,101003.8,101010.83,101019.42
17735.81789478,6215,101001.21,99183.89,100994.8,103548.96,101023.14,101010.77,101006.8,101003.38
17735.840429716,6216,100991.33,99179.85,101005.8,103556.97,101027.16,101007.81,101004.68,101012.43
17735.862622215,6217,101003.33,99183.89,101002.82,103543.87,101033.11,101008.87,101013.79,101010.37
17735.883124846,6218,101005.21,99179.85,100997.78,103555.88,101035.21,101008.87,101004.68,101012.43
17735.903839209,6219,100998.27,99183.89,100998.81,103552.97,101028.21,101004.86,101010.83,101023.43
17735.924207598,6220,100987.08,99176.85,100989.75,103556.97,101026.11,101008.87,101013.79,101009.46
17735.944844152,6221,100997.21,99184.93,101002.82,103555.88,101030.13,101011.83,101008.7,101006.36
17735.965316228,6222,101002.27,99181.93,101001.79,103547.87,101030.13,100999.79,101005.74,101018.39
17735.98585185,6223,100999.33,99185.97,100992.73,103552.97,101032.06,100998.73,101006.8,101003.38
17736.006364958,6224,101004.14,99185.97,100997.78,103544.96,101028.21,101016.9,101014.85,101016.45
17736.030690231,6225,100999.08,99185.97,100999.84,103556.97,101021.21,101008.87,101000.65,101016.45
17736.051116218,6226,100997.21,99184.93,100998.81,103549.7,101027.16,101015.84,101012.73,101018.39
17736.071704399,6227,100989.2,99185.97,100994.8,103552.97,101027.16,101014.78,101014.85,101018.39
17736.091839926,6228,100993.2,99183.89,100997.78,103551.88,101027.16,100999.79,101002.78,101022.4
17736.112735322,6229,100989.2,99175.81,100998.81,103539.86,101029.08,101020.91,101012.73,101025.5
17736.133866244,6230,100997.21,99184.93,100997.78,103546.78,101028.21,101007.81,101017.81,101015.41
17736.154111206,6231,101001.21,99183.89,101001.79,103551.88,101028.21,101016.9,101010.83,101019.42
17736.174687069,6232,101007.33,99185.97,100998.81,103556.97,101029.08,101008.87,101014.85,101016.45
17736.199068488,6233,101007.33,99185.97,100999.84,103540.95,101026.11,101010.77,101004.68,101010.37
17736.218684339,6234,101006.27,99194.04,100997.78,103543.87,101022.09,101016.9,101012.73,101018.39
17736.239759407,6235,100989.2,99187.92,100997.78,103542.78,101030.13,101008.87,101014.85,101017.48
17736.259740039,6236,101005.21,99181.93,100998.81,103544.96,101029.08,101003.8,101010.83,101017.48
17736.280837621,6237,100997.21,99185.97,100987.68,103556.97,101036.26,101008.87,101009.77,101015.41
17736.301280612,6238,101005.21,99185.97,100997.78,103550.79,101027.16,101006.76,101012.73,101016.45
17736.322289941,6239,101004.4,99179.85,100997.78,103552.97,101034.16,101010.77,101002.55,101024.47
17736.345610285,6240,100989.2,99185.97,101003.86,103555.88,101028.21,101006.76,101004.68,101020.46
17736.366091024,6241,100997.21,99183.89,101006.84,103542.78,101025.06,101015.84,101004.68,101019.42
17736.386660938,6242,101009.21,99197.04,100999.84,103548.96,101026.11,101016.9,100996.63,101003.38
17736.407831009,6243,100997.21,99184.93,101009.82,103547.87,101025.06,101010.77,101014.85,101015.41
17736.427896951,6244,100996.14,99191.96,100996.74,103551.88,101029.08,101005.92,101014.85,101019.42
17736.448825507,6245,100999.33,99179.85,101001.79,103539.86,101025.06,101007.81,101014.85,101014.38
17736.469009988,6246,101005.21,99182.84,100997.78,103552.97,101030.13,101000.84,101004.68,101015.41
17736.490111675,6247,100985.2,99191.96,100996.74,103546.78,101029.08,101016.9,101000.65,101028.48
17736.513759335,6248,100992.14,99181.93,100998.81,103548.96,101014.92,101007.81,101008.7,101018.39
17736.534082946,6249,100992.14,99183.89,100999.84,103540.95,101022.09,101007.81,101004.68,101012.43
17736.554714092,6250,101005.21,99185.97,101002.82,103542.04,101026.11,101011.83,101013.79,101016.45
17736.575230665,6251,100998.27,99190.0,101005.8,103548.96,101034.33,101005.7,101013.79,101027.44
17736.596078139,6252,101005.21,99183.89,101001.79,103540.95,101021.04,101004.86,101006.8,101010.37
17736.616251393,6253,100995.33,99193.0,100990.78,103548.96,101035.21,101017.96,101012.73,101018.39
17736.637152938,6254,101009.21,99184.93,100997.78,103546.78,101029.08,101008.87,101012.73,101020.46
17736.657842974,6255,100993.2,99190.0,101001.79,103548.96,101034.16,101008.87,101008.7,101025.5
17736.681670264,6256,100993.2,99193.0,101005.8,103543.87,101035.21,101014.78,101016.75,101024.47
17736.70210923,6257,100997.21,99190.92,100996.74,103552.97,101027.16,101008.87,101012.73,101015.41
17736.722768819,6258,101005.21,99187.92,101002.82,103547.87,101035.21,101008.87,101008.7,101017.35
17736.743176688,6259,101000.14,99185.97,100997.78,103540.95,101030.13,101004.86,101008.7,101023.43
17736.763794354,6260,101005.21,99191.96,100993.76,103542.78,101027.16,101012.89,101014.85,101016.45
17736.784906588,6261,101007.33,99194.96,101001.79,103539.86,101017.02,101019.86,101005.74,101022.4
17736.807962142,6262,100995.08,99194.04,100996.74,103552.97,101025.06,101008.87,101008.7,101021.49
17736.825604227,6263,101005.21,99190.0,101007.87,103545.7,101026.11,101008.87,101016.75,101009.46
17736.849657189,6264,100999.33,99187.92,101009.82,103539.86,101027.16,101008.87,101003.62,101012.43
17736.870113902,6265,101005.21,99183.89,100998.81,103541.69,101023.14,101005.7,101006.8,101019.42
17736.890780301,6266,101001.21,99182.84,101005.8,103544.96,101027.16,101009.71,101018.88,101015.41
17736.911255942,6267,101009.21,99191.96,101000.76,103540.95,101034.16,101006.76,101004.68,101023.43
17736.931844614,6268,100996.14,99191.96,100997.78,103548.96,101026.11,101007.81,101008.7,101027.44
17736.954161911,6269,100997.21,99191.96,101000.76,103550.79,101034.16,101006.76,101017.81,101019.42
17736.972969369,6270,101001.21,99190.92,100996.74,103537.69,101033.11,101004.86,101002.78,101025.38
17736.993367844,6271,101001.21,99182.84,100996.74,103538.77,101027.16,101016.9,101008.7,101011.4
17737.017639567,6272,100991.33,99191.96,100998.81,103544.61,101027.16,101003.8,101004.68,101011.4
17737.038150701,6273,101005.21,99183.89,100987.68,103534.77,101024.01,101012.89,101004.68,101013.47
17737.058795669,6274,100986.01,99189.88,100996.74,103547.87,101034.16,101004.86,101016.75,101018.39
17737.079248625,6275,101007.33,99190.92,101004.77,103547.87,101029.08,101000.63,101004.68,101018.39
17737.099936979,6276,101005.21,99193.92,101000.76,103548.96,101032.23,101012.89,101012.73,101022.4
17737.120396866,6277,101007.33,99187.92,100997.78,103539.86,101025.06,100992.81,101000.65,101019.42
17737.140934811,6278,101004.14,99188.96,100999.72,103540.95,101033.11,101007.81,101007.64,101017.35
17737.161354778,6279,101005.21,99190.0,100997.78,103534.77,101024.01,101012.89,101012.73,101010.37
17737.185648094,6280,101001.21,99184.93,100998.81,103543.87,101026.11,101000.84,101014.85,101018.39
17737.206109203,6281,101001.21,99191.96,101005.8,103544.96,101037.3,101011.83,101008.7,101013.47
17737.227321909,6282,100989.2,99187.92,100997.78,103548.96,101023.14,101007.81,101014.85,101006.36
17737.247292887,6283,101003.33,99190.92,101002.82,103550.79,101025.06,101018.8,101004.68,101026.41
17737.267925776,6284,100989.2,99196.0,101004.77,103540.95,101023.14,101005.92,101005.74,101022.4
17737.288412334,6285,100997.21,99185.97,100997.78,103547.87,101034.16,101005.7,101004.68,101014.38
17737.309522554,6286,101000.4,99200.03,101008.78,103538.77,101030.13,101009.71,101018.88,101010.37
17737.329572772,6287,101001.21,99200.03,100989.75,103546.78,101025.06,101002.74,101008.7,101018.39
17737.353666155,6288,100988.14,99183.89,100996.74,103547.87,101036.26,101011.83,101017.81,101026.41
17737.374225093,6289,100996.14,99186.88,100999.72,103544.96,101027.16,101012.89,101009.77,101020.46
17737.394869098,6290,101005.21,99196.0,100997.78,103539.86,101025.06,101010.77,101014.85,101032.36
17737.415004776,6291,100999.33,99187.92,100997.78,103547.87,101027.16,100998.73,101008.7,101025.5
17737.436033503,6292,100996.14,99188.96,100996.74,103550.79,101026.11,100998.73,101011.66,101015.41
17737.456384236,6293,101005.21,99181.8,101001.79,103538.77,101030.13,101007.81,101004.91,101017.48
17737.476973568,6294,101004.14,99190.92,100998.81,103551.88,101024.19,100999.79,101008.7,101018.39
17737.500640977,6295,101005.21,99191.96,101001.79,103544.96,101026.11,101011.83,101008.7,101016.45
17737.521673151,6296,101005.21,99193.92,100999.72,103543.87,101020.17,101002.74,101011.66,101016.32
17737.541720974,6297,100988.14,99178.81,100995.71,103544.96,101035.21,101010.99,101004.68,101012.43
17737.56276778,6298,100998.27,99191.96,101004.77,103539.86,101027.16,101012.89,101013.79,101022.4
17737.582903627,6299,101005.21,99200.03,100996.74,103540.95,101022.09,101006.76,101012.73,101011.4
17737.604056623,6300,101000.14,99189.88,101001.79,103530.77,101032.23,101012.89,101004.68,101018.39
17737.623911124,6301,100999.33,99198.99,101000.76,103542.78,101023.14,101004.86,101008.7,101015.41
17737.644895565,6302,101005.21,99200.03,101004.77,103542.78,101019.12,101007.81,101004.68,101015.41
17737.670082853,6303,101006.27,99190.92,100996.74,103540.95,101027.16,101004.86,101006.8,101018.39
17737.689119377,6304,101004.14,99197.95,100987.68,103543.87,101019.12,101016.9,101008.7,101020.46
17737.709739066,6305,101005.21,99186.88,101005.8,103539.86,101027.16,101008.87,101010.83,101022.4
17737.730807715,6306,100997.21,99185.84,101004.77,103544.96,101031.18,101007.81,101005.74,101017.35
17737.750786023,6307,100997.21,99189.88,101004.77,103543.87,101023.14,100999.79,101007.64,101006.48
17737.771991699,6308,100997.21,99189.88,100997.78,103547.87,101028.21,101016.9,101000.65,101011.4
17737.791972872,6309,101002.27,99189.88,101002.82,103537.69,101026.11,101001.68,101001.72,101020.46
17737.812976832,6310,101005.21,99189.88,100989.75,103541.69,101019.99,101012.89,101004.68,101019.42
17737.836655318,6311,100993.2,99198.99,101005.8,103543.87,101025.06,101014.78,101011.66,101020.46
17737.857116357,6312,101005.21,99198.99,101004.77,103539.86,101035.21,101014.78,101005.74,101020.46
17737.877714013,6313,101005.21,99206.03,100988.72,103542.78,101025.06,101001.68,101012.73,101002.34
17737.898206609,6314,100996.14,99196.0,101001.79,103535.86,101025.06,101007.81,101008.7,101018.39
17737.918914382,6315,101005.21,99206.03,101000.76,103543.87,101022.09,101008.65,101020.78,101023.43
17737.939289681,6316,101001.21,99196.0,100996.74,103553.7,101029.08,101005.7,101008.7,101009.33
17737.959911253,6317,101001.21,99198.99,101001.79,103542.78,101018.07,101003.8,101008.7,101018.39
17737.981080393,6318,101005.21,99193.92,100999.72,103540.95,101023.14,101008.87,101019.94,101024.47
17738.004662934,6319,100997.21,99197.95,101003.73,103547.87,101026.11,101009.93,101004.68,101020.46
17738.025114038,6320,100992.14,99198.99,100995.71,103551.88,101018.07,101007.81,101020.78,101020.46
17738.045736511,6321,101001.21,99177.77,101006.84,103540.95,101026.11,101012.89,101015.69,101015.41
17738.066246945,6322,101001.21,99190.92,100995.71,103547.87,101028.21,101007.81,101014.85,101018.39
17738.087131945,6323,101004.14,99190.92,101008.78,103538.77,101034.16,101011.83,101004.68,101025.5
17738.107456568,6324,101001.21,99200.03,101002.82,103552.97,101024.01,101008.87,101012.73,101013.47
17738.127907742,6325,101005.21,99190.92,100995.71,103540.95,101033.11,100999.79,101020.78,101018.39
17738.148339777,6326,101004.14,99197.95,100993.76,103538.77,101025.06,101008.87,101004.68,101011.4
17738.172675066,6327,101009.21,99192.88,101002.82,103555.88,101025.06,101007.81,101014.85,101011.4
17738.193127142,6328,101005.21,99186.88,100997.78,103538.77,101019.12,101016.9,101010.6,101018.39
17738.213768634,6329,100997.21,99208.11,100987.68,103536.6,101031.18,101008.87,101005.74,101018.39
17738.234335603,6330,100991.33,99192.88,100996.74,103538.77,101024.01,101008.87,101007.64,101018.39
17738.254914761,6331,101005.21,99190.92,100995.71,103546.78,101027.16,101011.83,101012.73,101016.45
17738.275393166,6332,101005.21,99194.96,100995.71,103539.86,101027.16,101007.81,101016.75,101010.37
17738.295864841,6333,101001.21,99204.07,100995.71,103540.95,101022.09,101010.77,101009.77,101018.39
17738.316389948,6334,101001.21,99197.95,100996.74,103546.78,101021.04,101000.63,101008.7,101028.48
17738.340738407,6335,101005.21,99193.92,100996.74,103541.69,101040.28,101012.89,101006.58,101010.37
17738.361147658,6336,100999.33,99197.95,100993.76,103547.87,101030.13,101015.84,101004.68,101018.39
17738.381780516,6337,101004.14,99189.88,100997.78,103536.6,101019.99,101009.71,101012.73,101028.48
17738.402235907,6338,101010.27,99200.03,100993.76,103543.87,101026.11,101016.9,101008.7,101010.37
17738.422826572,6339,101006.27,99201.99,100995.71,103533.68,101027.16,101004.64,101029.89,101018.39
17738.443345469,6340,101002.27,99191.96,100987.68,103542.78,101022.09,101006.76,101010.6,101015.41
17738.463921091,6341,101005.21,99191.96,100997.78,103543.87,101030.13,101007.81,101006.8,101015.41
17738.48441483,6342,101004.14,99188.84,101003.73,103539.86,101023.14,101011.83,101012.73,101018.39
17738.508747625,6343,101009.21,99196.0,101001.79,103554.79,101018.07,100999.79,101004.68,101015.41
17738.529266151,6344,101005.21,99189.88,101000.76,103543.52,101018.07,101007.81,101004.68,101008.3
17738.549822054,6345,101006.27,99191.96,101003.73,103550.79,101025.06,101001.68,101012.73,101015.41
17738.571857554,6346,100989.2,99191.96,100993.76,103547.87,101030.13,101007.81,101004.68,101010.37
17738.590857333,6347,101003.08,99208.11,100995.71,103538.77,101030.13,101004.86,101004.68,101019.42
17738.611483622,6348,100997.21,99201.99,100995.71,103538.77,101025.06,101008.87,101012.73,101010.37
17738.631906824,6349,101000.14,99184.8,100988.72,103536.6,101027.16,101008.87,101003.62,101012.43
17738.652399671,6350,101000.14,99198.99,100995.71,103533.68,101031.18,100998.73,101012.73,101026.41
17738.676709081,6351,101006.27,99190.92,101003.73,103546.78,101028.21,101011.83,101014.85,101026.41
17738.696839019,6352,101000.14,99201.99,100997.78,103538.77,101026.11,101002.74,101008.7,101015.41
17738.718135042,6353,101001.21,99200.03,101005.8,103538.77,101027.16,101006.76,101016.75,101028.48
17738.738249166,6354,101002.27,99200.03,101000.76,103542.78,101030.13,101006.76,101011.66,101018.39
17738.758935926,6355,101001.21,99189.88,101006.84,103550.79,101023.14,101007.81,101007.64,101018.39
17738.779337225,6356,101004.14,99187.92,100993.76,103539.86,101017.02,101010.77,101012.73,101011.4
17738.800109124,6357,101005.21,99202.12,100998.81,103548.61,101029.08,101005.7,101019.71,101020.46
17738.823699697,6358,101010.27,99203.03,100987.68,103546.78,101026.11,101007.81,101003.62,101020.46
17738.84473832,6359,101004.14,99196.0,101003.73,103541.69,101021.04,101005.7,101000.65,101024.47
17738.86477063,6360,101000.14,99200.03,100996.74,103551.53,101026.11,101008.87,101009.54,101015.41
17738.885806219,6361,101001.21,99207.07,101013.83,103549.7,101023.14,101007.81,101012.73,101018.39
17738.906330032,6362,100996.14,99200.03,100995.71,103548.61,101025.06,101009.71,101011.89,101010.37
17738.926868759,6363,101006.27,99196.0,100997.78,103550.79,101027.16,101001.68,101018.88,101020.46
17738.947363008,6364,101004.14,99208.11,100998.81,103540.6,101033.28,101008.65,101008.7,101027.44
17738.967932251,6365,100997.21,99188.84,100997.78,103536.6,101022.09,101004.86,101010.83,101015.41
17738.991689927,6366,100991.08,99189.88,100996.74,103544.61,101029.26,101006.76,101012.73,101019.42
17739.01215395,6367,101005.21,99190.92,100995.71,103542.78,101011.94,101008.65,101019.71,101017.35
17739.032805958,6368,101001.21,99198.99,100989.75,103550.79,101026.11,101007.81,101011.66,101018.39
17739.053942739,6369,101001.21,99194.96,100996.74,103539.86,101025.06,101010.77,101008.7,101024.47
17739.073913747,6370,101004.14,99197.95,101000.76,103545.7,101029.08,101006.76,101010.6,101015.41
17739.094869555,6371,101005.21,99196.0,100995.71,103552.62,101021.04,101008.65,101003.62,101014.38
17739.114935937,6372,101000.14,99196.0,100995.71,103556.97,101024.19,101006.76,101011.66,101018.39
17739.13643096,6373,100997.21,99194.96,100995.71,103538.77,101024.19,101009.71,101006.58,101015.41
17739.159709461,6374,101005.21,99198.99,100996.74,103545.7,101028.03,101009.71,101004.68,101012.43
17739.1801639,6375,101005.21,99201.07,100996.74,103554.79,101025.06,101011.83,101020.78,101010.37
17739.20075823,6376,100998.27,99197.95,101008.78,103546.78,101023.14,101008.87,101004.68,101018.39
17739.22125955,6377,101005.21,99189.88,100998.69,103553.7,101025.06,101007.81,101016.75,101016.45
17739.241995085,6378,101006.27,99201.99,100999.72,103549.7,101035.21,101001.9,101014.85,101020.46
17739.262351025,6379,101005.21,99190.92,101000.76,103540.95,101031.18,101010.77,101013.79,101013.34
17739.282940548,6380,101014.27,99194.96,100997.78,103546.78,101034.16,100999.79,101009.77,101022.4
17739.304241798,6381,101004.14,99198.99,101000.76,103544.61,101027.16,101010.77,101003.62,101011.4
17739.327703286,6382,100996.14,99203.03,100996.74,103554.79,101033.11,101004.64,101005.74,101018.39
17739.348196023,6383,101007.33,99201.99,100999.72,103539.86,101022.96,101010.77,100999.59,101018.39
17739.368994623,6384,101001.21,99200.03,101008.78,103552.62,101026.11,101015.84,101016.98,101018.39
17739.389267517,6385,100997.21,99204.07,100995.71,103544.61,101025.06,101008.87,101000.65,101011.4
17739.409841247,6386,100995.08,99203.03,100992.73,103540.6,101031.18,101007.81,101003.62,101010.37
17739.430335606,6387,101004.14,99196.0,100995.71,103544.96,101029.08,101006.76,101010.83,101019.42
17739.451012371,6388,101005.21,99200.03,100979.65,103553.7,101026.11,101015.84,101016.75,101013.34
17739.471374791,6389,101005.21,99200.03,100996.74,103544.61,101025.06,101005.7,101014.85,101010.37
17739.495758053,6390,100998.27,99203.03,100999.72,103543.87,101026.11,101007.81,101007.87,101005.32
17739.51616499,6391,101006.27,99197.95,100995.71,103546.78,101019.12,101006.76,101025.03,101019.42
17739.53681841,6392,101005.21,99207.07,101003.73,103554.79,101024.01,101015.84,101008.7,101019.42
17739.557325419,6393,101001.21,99201.99,100996.74,103552.62,101043.25,101008.87,101007.64,101011.4
17739.577856214,6394,101005.21,99197.95,101009.82,103549.7,101024.01,101010.77,101004.68,101011.4
17739.59834835,6395,101005.21,99189.88,100996.74,103544.61,101030.13,101012.67,101004.68,101010.37
17739.619068391,6396,101005.21,99189.88,100996.74,103546.78,101018.07,101006.76,101012.73,101015.41
17739.639528107,6397,100996.14,99190.92,100999.72,103547.52,101027.16,101006.76,101006.8,101011.4
17739.66373342,6398,100998.27,99198.99,100999.72,103549.7,101025.06,100996.61,101020.78,101015.41
17739.684227429,6399,101004.14,99193.92,100995.71,103546.78,101026.11,101012.89,101003.62,101010.37
17739.704875732,6400,101005.21,99194.96,100997.78,103555.88,101019.99,101006.76,101016.75,101011.4
17739.725273515,6401,101004.14,99197.95,100995.71,103553.7,101032.06,101012.67,101004.68,101028.48
17739.745860575,6402,100988.14,99207.07,100996.74,103550.79,101029.08,101006.76,101016.75,101027.44
17739.766987992,6403,101004.14,99201.99,100993.76,103547.87,101032.06,101016.9,101012.73,101010.37
17739.787014063,6404,101001.21,99197.95,101001.79,103540.6,101026.11,101001.68,101003.62,101014.38
17739.807392537,6405,101000.14,99198.99,101005.8,103554.79,101025.06,101007.81,101011.66,101007.39
17739.831729518,6406,100997.21,99193.92,100997.78,103553.7,101029.08,101005.7,101007.87,101010.37
17739.852199321,6407,101004.14,99197.95,100996.74,103550.79,101026.11,101005.7,101014.85,101026.41
17739.872827593,6408,100987.08,99198.99,100997.78,103552.62,101026.11,101014.78,101000.65,101015.41
17739.893303104,6409,101003.08,99189.88,100995.71,103546.78,101022.09,101006.76,101009.77,101019.42
17739.913917735,6410,101004.14,99189.88,100999.72,103553.7,101034.16,101006.76,101008.7,101027.44
17739.934416331,6411,101000.14,99201.99,100995.71,103548.61,101025.06,101006.76,101014.85,101020.46
17739.954943901,6412,100994.01,99201.99,101006.71,103541.69,101027.16,100999.79,101008.7,101021.37
17739.975401946,6413,100997.21,99197.95,101008.78,103556.62,101033.11,101008.87,100999.59,101010.37
17739.999756273,6414,101001.21,99201.99,100999.72,103557.71,101027.16,101007.81,101003.62,101010.37
17740.020188038,6415,101001.21,99198.99,100997.78,103552.62,101034.16,101002.74,101010.6,101010.37
17740.040783951,6416,101000.14,99197.95,100994.67,103552.62,101024.01,101000.63,101011.66,101022.4
17740.061364061,6417,101003.08,99201.99,100995.71,103555.88,101024.01,101002.74,101000.65,101023.43
17740.08199735,6418,101009.21,99201.99,100995.71,103552.62,101024.01,101009.93,101004.68,101019.42
17740.102595687,6419,101009.21,99206.03,101001.79,103551.53,101029.08,101006.76,101004.68,101016.45
17740.12321124,6420,101005.21,99198.99,101000.76,103554.79,101023.14,101009.71,101014.85,101011.4
17740.146702472,6421,101005.21,99201.99,100999.72,103556.62,101024.01,101007.81,101003.62,101016.32
17740.167750059,6422,100989.2,99212.15,100997.78,103550.79,101029.08,101000.84,101012.73,101024.47
17740.187786586,6423,101000.14,99197.95,101000.76,103552.62,101027.16,101006.76,101014.85,101019.42
17740.208872029,6424,100996.14,99208.11,101001.67,103560.62,101023.14,101002.74,101000.65,101019.42
17740.229373159,6425,101004.14,99193.92,100994.67,103553.7,101025.06,100999.79,101004.68,101014.38
17740.249876362,6426,101004.14,99201.99,100995.71,103548.61,101022.96,101006.76,101004.68,101018.39
17740.270020742,6427,100987.08,99198.99,100998.69,103548.61,101019.99,101015.84,101011.66,101020.46
17740.291365247,6428,101005.21,99196.0,101000.76,103548.61,101025.06,101007.81,101013.79,101010.37
17740.314713764,6429,100996.14,99204.07,101004.77,103552.62,101036.26,101001.68,101006.58,101013.34
17740.335226791,6430,101002.27,99206.03,100995.71,103553.7,101026.11,101004.86,101004.68,101018.39
17740.355800051,6431,100987.08,99197.95,100996.74,103551.88,101029.08,101002.74,101008.7,101014.38
17740.376813325,6432,101005.21,99203.03,101003.73,103554.79,101020.17,101007.81,101015.69,101010.37
17740.396846347,6433,101004.14,99199.91,100998.69,103552.62,101017.02,101002.74,100999.59,101010.37
17740.419189723,6434,101005.21,99201.99,101008.78,103554.79,101027.16,100996.61,101024.8,101023.43
17740.438131584,6435,101005.21,99206.03,100999.72,103552.62,101030.13,101006.76,101008.7,101017.35
17740.45913266,6436,100989.2,99204.07,100991.69,103561.71,101031.01,101004.64,101007.64,101026.41
17740.482784696,6437,100987.08,99206.03,100987.68,103550.79,101018.07,100990.7,101015.69,101009.33
17740.503215309,6438,100996.14,99203.03,101000.76,103565.72,101035.21,101006.76,101012.73,101016.45
17740.523885404,6439,101013.21,99197.95,101000.76,103552.62,101031.18,101002.74,101006.58,101009.33
17740.544336979,6440,101004.14,99197.95,100993.64,103552.62,101037.3,100999.79,101020.78,101023.43
17740.564856476,6441,101001.21,99207.07,100998.69,103554.79,101030.13,100998.73,101008.7,101010.37
17740.585345918,6442,100994.01,99198.99,100994.67,103553.7,101022.96,101016.9,101008.7,101014.38
17740.605956053,6443,101003.08,99216.18,101003.73,103559.53,101014.04,101010.77,101012.73,101002.34
17740.62726901,6444,101005.21,99198.99,100994.67,103544.61,101026.11,101004.86,101009.77,101009.33
17740.650736027,6445,101004.14,99214.1,100995.71,103560.62,101025.06,101016.9,101010.6,101018.39
17740.671210776,6446,100998.01,99197.95,101008.78,103560.62,101029.08,101005.7,101011.66,101019.42
17740.692160294,6447,101008.14,99207.07,101000.76,103562.8,101031.18,101006.76,101018.65,101028.48
17740.712344124,6448,101000.14,99206.03,100991.69,103552.62,101029.08,100997.67,101011.66,101012.43
17740.732969862,6449,101001.21,99206.03,101002.82,103554.79,101030.13,101011.83,101012.73,101002.34
17740.753342568,6450,100995.08,99210.06,100995.71,103554.79,101031.18,100997.67,101020.78,101018.39
17740.77458584,6451,101005.21,99197.95,100995.71,103560.62,101014.92,101005.7,101004.68,101010.37
17740.794715007,6452,101003.08,99191.83,100995.71,103560.62,101025.06,101009.71,101023.74,101021.49
17740.818764544,6453,100997.21,99198.99,100991.69,103542.78,101033.11,101005.7,101013.79,101018.39
17740.839196439,6454,100999.08,99198.99,100999.72,103552.62,101032.23,101002.74,101003.62,101008.3
17740.859828227,6455,101004.14,99204.07,100996.74,103560.62,101026.11,100998.73,101002.55,101015.41
17740.880398601,6456,101000.14,99219.18,101003.73,103553.7,101017.02,101003.8,101012.95,101017.35
17740.902295742,6457,101004.14,99197.95,100995.71,103552.62,101036.26,100997.67,101009.77,101014.38
17740.92155948,6458,101004.14,99203.03,101001.67,103560.62,101025.06,101004.64,101018.88,101010.37
17740.94212635,6459,100997.21,99206.03,101007.75,103554.79,101034.16,101014.78,101005.74,101023.43
17740.962554358,6460,101003.08,99206.03,100995.71,103560.62,101027.16,101001.68,101004.68,101012.31
17740.986774433,6461,101000.14,99201.99,100999.72,103552.62,101030.13,101004.64,101007.64,101016.45
17741.007228602,6462,101006.02,99206.03,101004.77,103561.71,101025.06,101000.63,101013.79,101015.41
17741.027914572,6463,101005.21,99199.91,100995.71,103554.79,101035.21,100998.73,101007.64,101004.41
17741.048410323,6464,101005.21,99198.99,101003.73,103554.79,101035.03,101006.76,101014.85,101012.43
17741.069162182,6465,100997.21,99191.83,100993.64,103569.72,101025.06,101012.67,101020.78,101013.34
17741.089681369,6466,101005.21,99207.07,101003.73,103555.88,101019.99,101008.65,101011.66,101019.42
17741.11001778,6467,101000.14,99193.92,101007.75,103555.53,101021.04,101007.81,101007.64,101022.4
17741.130454422,6468,100997.21,99207.07,101001.67,103556.62,101025.06,101007.81,101008.7,101018.39
17741.154785515,6469,101008.14,99201.99,101007.75,103564.63,101032.23,100997.67,101012.73,101019.42
17741.176463134,6470,101001.21,99201.99,101003.73,103552.62,101019.12,101014.78,101012.73,101011.4
17741.195825461,6471,101011.08,99203.03,101003.73,103560.62,101031.18,101011.83,101011.66,101012.31
17741.216353211,6472,100996.14,99206.03,100994.67,103560.62,101015.97,101018.8,101012.73,101010.37
17741.236975064,6473,100997.21,99208.11,100995.71,103564.63,101026.11,101005.7,101012.73,101012.43
17741.257523725,6474,101003.08,99189.88,100997.65,103552.62,101025.06,101002.74,101007.64,101018.39
17741.277993317,6475,101003.08,99198.99,101003.73,103552.62,101025.06,101005.7,101020.78,101017.35
17741.302150988,6476,101006.27,99206.03,100995.71,103553.7,101026.11,101014.78,101007.64,101022.4
17741.322785739,6477,101004.14,99199.91,100997.78,103572.64,101025.06,101003.58,100996.63,101018.39
17741.343225266,6478,101000.14,99203.95,101001.79,103559.53,101030.13,101012.67,101003.62,101017.35
17741.363819507,6479,100995.08,99206.03,100999.72,103552.62,101030.13,101004.64,101016.75,101018.39
17741.384287967,6480,101005.21,99197.95,101003.73,103551.53,101025.06,101007.81,101007.64,101016.32
17741.405029541,6481,101003.08,99203.95,101003.73,103552.62,101027.16,101004.64,101017.81,101014.38
17741.42543165,6482,101000.14,99204.99,101006.71,103551.53,101026.11,101008.65,101010.6,101006.36
17741.445992491,6483,100997.21,99206.03,100999.72,103539.51,101022.96,101007.81,101007.64,101015.41
17741.469781303,6484,100997.21,99194.96,100995.71,103556.62,101028.03,101005.7,101028.82,101011.4
17741.490791803,6485,101004.14,99198.99,100995.71,103568.63,101026.98,101000.63,101011.66,101020.46
17741.510792436,6486,101003.08,99193.92,100999.72,103552.62,101021.04,101000.63,101002.55,101018.39
17741.531909217,6487,101000.14,99206.03,100999.72,103566.81,101029.08,101012.67,101003.62,101019.42
17741.552383306,6488,101001.21,99201.99,100995.71,103560.62,101026.11,101006.76,101003.62,101019.42
17741.573088654,6489,101005.21,99212.02,100987.68,103568.63,101033.11,101011.83,101010.6,101017.35
17741.593473278,6490,101004.14,99204.99,100995.71,103568.63,101025.06,101012.67,101012.73,101013.34
17741.614072626,6491,101001.21,99199.91,101005.8,103564.63,101034.33,101013.73,101012.73,101016.45
17741.637755729,6492,100997.21,99203.95,100994.67,103560.62,101037.3,101015.62,101013.79,101015.41
17741.658203809,6493,100998.01,99210.06,100993.64,103564.63,101027.16,101007.81,101012.73,101016.32
17741.678813933,6494,100997.21,99206.03,101002.7,103556.62,101020.17,101012.67,101007.64,101027.44
17741.699894009,6495,101001.21,99206.03,100999.72,103562.45,101024.01,101004.64,101004.68,101009.33
17741.72001305,6496,100996.14,99198.99,101003.73,103559.53,101024.01,101000.63,101007.64,101019.42
17741.740974867,6497,101007.08,99189.88,101001.67,103568.63,101024.01,101002.74,101007.64,101011.4
17741.761019536,6498,101005.21,99203.95,100993.64,103568.63,101015.97,101001.68,101010.6,101010.37
17741.782017417,6499,101001.21,99197.95,101003.73,103560.62,101029.08,101004.64,101010.6,101010.37
17741.805770426,6500,101004.14,99197.95,100996.74,103560.62,101028.21,101020.7,101012.73,101010.37
17741.826205185,6501,101005.21,99200.03,101005.8,103560.62,101027.16,101006.76,101008.7,101018.39
17741.846823041,6502,101005.21,99199.91,101005.8,103552.62,101029.08,101005.7,101003.62,101020.46
17741.867327196,6503,100994.01,99197.95,101012.8,103556.62,101034.16,101003.8,101010.6,101021.49
17741.888058814,6504,100997.21,99200.03,101003.73,103542.43,101031.18,100987.53,101006.58,100994.32
17741.908403988,6505,101000.95,99196.91,100999.72,103552.62,101033.11,101000.63,101002.55,101011.4
17741.929124018,6506,100992.14,99210.06,100999.72,103561.71,101033.11,101004.86,101011.66,101006.36
17741.950238156,6507,100999.08,99197.95,100999.72,103552.62,101019.99,101009.71,101000.65,101010.37
17741.973767466,6508,100996.14,99193.92,100996.74,103556.62,101026.11,101004.64,100998.53,101014.38
17741.994256848,6509,100995.08,99197.95,101003.73,103556.62,101033.11,101002.74,101011.66,101014.38
17742.014908154,6510,100992.95,99196.91,100999.72,103556.62,101022.09,101014.78,101010.6,101018.39
17742.035450587,6511,101003.08,99196.0,100995.71,103552.62,101025.06,101002.74,101016.75,101014.38
17742.055958957,6512,100996.14,99197.95,100994.67,103561.71,101021.04,101001.68,101006.58,101010.37
17742.07648155,6513,101005.21,99210.06,101003.73,103552.62,101024.01,101003.58,101005.51,101010.37
17742.097297625,6514,101004.14,99187.8,101004.77,103560.62,101026.11,101009.71,101003.62,101015.41
17742.117462487,6515,101009.21,99204.99,101003.73,103540.6,101027.16,100997.67,101012.73,101014.38
17742.141785728,6516,101001.21,99196.91,100986.65,103560.62,101025.06,100996.61,101011.66,101010.37
17742.162232105,6517,101005.21,99197.95,101003.73,103552.62,101033.11,101015.84,101002.55,101005.45
17742.182830031,6518,101000.14,99197.95,100999.72,103560.62,101034.16,101011.83,101002.55,101015.41
17742.203404652,6519,100996.14,99191.83,100995.71,103561.71,101033.11,100989.64,101014.63,101014.38
17742.224029869,6520,101003.08,99195.87,100996.74,103550.44,101025.06,101004.64,101002.55,101018.39
17742.245169625,6521,100997.21,99192.88,100997.65,103560.62,101035.21,101013.73,101004.68,101018.39
17742.265055904,6522,101005.21,99191.83,100999.72,103568.63,101026.11,101010.55,101014.63,101009.33
17742.285576494,6523,100999.08,99195.87,100996.74,103552.62,101017.02,101009.71,101010.6,101018.39
17742.309842027,6524,100998.01,99197.95,100996.74,103552.62,101015.97,101006.76,101008.48,101014.38
17742.330240702,6525,101004.14,99200.95,100995.71,103551.53,101030.13,101006.76,101002.55,101022.4
17742.350891809,6526,101007.08,99201.99,100995.71,103543.52,101029.08,100998.73,101002.55,101010.37
17742.371423074,6527,100987.08,99203.95,100991.69,103568.63,101026.11,101004.64,101002.55,101017.35
17742.392038176,6528,101001.21,99203.95,100999.72,103552.62,101027.16,101008.65,101010.6,101017.35
17742.412563242,6529,100994.01,99191.83,100996.74,103550.79,101035.21,100996.61,101018.65,101018.39
17742.43293091,6530,101001.21,99196.91,100993.64,103548.61,101030.13,101013.73,101011.66,101002.34
17742.453649519,6531,100990.01,99195.87,100995.71,103559.53,101024.19,100990.7,101010.6,101010.37
17742.477856684,6532,101008.14,99206.03,101007.75,103551.53,101028.21,100997.67,101006.58,101017.35
17742.498293226,6533,101003.08,99191.83,100995.71,103559.53,101026.11,101015.84,101003.62,101018.39
17742.518965755,6534,101009.21,99199.91,101003.73,103544.61,101028.03,101003.8,101008.7,101018.39
17742.539379493,6535,100999.08,99192.88,100995.71,103550.44,101025.06,101010.77,101001.49,101026.41
17742.559879851,6536,100997.21,99210.06,100995.71,103551.53,101022.09,101007.81,101004.68,101012.31
17742.580739543,6537,100995.08,99199.91,100998.69,103544.61,101027.16,101001.68,101010.6,101016.32
17742.601256317,6538,101013.21,99206.03,100993.64,103564.63,101021.04,101010.77,101007.64,101014.38
17742.624829874,6539,101004.14,99196.91,100999.72,103547.52,101036.26,101012.89,101004.68,101016.32
17742.645872112,6540,100996.14,99191.83,101003.73,103552.62,101023.14,100999.57,101002.55,101016.32
17742.666251317,6541,100996.14,99196.91,100999.72,103550.44,101030.13,100998.51,101001.49,101018.39
17742.686979471,6542,101000.14,99186.76,101003.73,103551.53,101029.08,101008.65,101002.55,101009.33
17742.707435682,6543,100998.01,99196.91,101011.76,103555.53,101032.06,101002.74,101006.58,101013.34
17742.727972937,6544,100999.08,99196.91,101003.73,103559.53,101032.06,101009.71,101002.55,101012.31
17742.748413745,6545,101003.08,99196.91,100993.64,103560.62,101026.11,101004.86,101002.33,101010.37
17742.76900445,6546,101003.08,99199.91,101007.75,103552.62,101022.96,101002.52,101007.64,101012.31
17742.792789828,6547,101003.08,99188.84,101007.75,103559.53,101031.18,101012.67,101006.58,101018.39
17742.81382828,6548,101001.21,99195.87,101000.76,103560.62,101015.97,101002.74,101012.73,101016.32
17742.833900541,6549,100994.01,99187.8,100999.72,103548.61,101024.01,101004.64,101018.65,101017.35
17742.854908958,6550,101005.21,99191.83,100995.71,103552.62,101030.13,101006.76,101018.65,101018.39
17742.875396027,6551,100991.08,99200.95,101006.71,103552.62,101022.09,101004.64,101003.62,101010.37
17742.895962776,6552,101003.08,99190.79,100994.67,103553.7,101022.09,101007.81,101003.62,101018.39
17742.916505528,6553,101000.14,99197.95,101000.76,103551.53,101023.14,101007.81,101010.6,101012.31
17742.937055833,6554,101000.95,99199.91,101001.67,103540.6,101025.06,101005.7,101005.51,101022.4
17742.96078196,6555,101009.21,99187.8,100995.71,103556.62,101025.06,100997.67,101010.6,101021.37
17742.981827053,6556,100989.2,99191.83,101008.78,103552.62,101025.06,100996.61,101010.6,101014.38
17743.001899604,6557,101003.08,99199.91,100989.63,103560.62,101025.06,101011.83,101009.54,101018.39
17743.022980792,6558,100990.01,99196.91,100989.63,103560.62,101026.11,101006.76,101008.48,101011.4
17743.0430185,6559,100987.08,99195.87,100999.72,103550.44,101030.13,101008.65,101005.51,101012.31
17743.064124335,6560,101003.08,99196.91,101007.75,103560.62,101018.94,101009.71,101003.39,101019.42
17743.084190336,6561,101000.95,99197.95,101003.73,103548.61,101030.13,101008.65,101008.48,101018.39
17743.105039182,6562,101006.02,99195.87,100998.69,103556.62,101023.14,101005.7,101018.65,101014.38
17743.129046805,6563,100999.08,99195.87,100995.71,103544.61,101018.07,101005.7,101000.43,101008.3
17743.149295093,6564,100992.95,99191.83,101009.69,103558.44,101029.08,101014.78,101009.54,101022.4
17743.169884215,6565,101004.95,99198.87,101011.76,103552.62,101014.92,101012.67,101008.48,101018.39
17743.190360227,6566,100991.08,99191.83,100995.71,103550.44,101032.06,101012.67,101008.48,101012.31
17743.210959265,6567,101003.08,99199.91,100991.69,103555.53,101012.99,101001.68,101003.62,101012.31
17743.232011178,6568,100999.08,99195.87,100997.65,103548.61,101026.11,101004.64,101010.6,101019.42
17743.252016698,6569,101002.02,99187.8,100997.65,103546.43,101027.16,101019.86,101010.6,101005.32
17743.273361133,6570,101004.14,99196.91,101003.73,103559.53,101035.21,101011.61,101000.43,101015.41
17743.296818805,6571,101000.95,99189.75,100998.69,103552.62,101018.07,101004.64,101002.55,101020.33
17743.317383561,6572,101002.02,99194.83,100995.71,103552.62,101025.06,101013.73,101016.75,101018.39
17743.337885923,6573,101004.14,99196.91,101008.78,103562.45,101027.16,101013.73,101006.58,101001.31
17743.358404248,6574,100997.21,99199.91,100995.71,103560.62,101025.06,101012.67,101002.55,101022.4
17743.379074094,6575,100999.08,99195.87,101002.7,103551.53,101021.04,101002.52,101009.54,101014.38
17743.399483885,6576,101002.02,99196.91,100995.71,103547.52,101025.06,101011.61,100992.38,101018.39
17743.420152408,6577,100999.89,99197.95,100995.71,103550.44,101019.99,101006.76,101003.62,101024.34
17743.443206359,6578,100995.08,99206.03,101001.67,103556.62,101025.06,101009.71,101009.54,101014.38
17743.464817528,6579,100999.08,99195.87,100995.71,103556.62,101027.16,101005.7,101009.54,101017.35
17743.485305047,6580,100998.01,99195.87,100997.65,103560.62,101026.11,101001.68,101001.49,101012.31
17743.505918607,6581,101001.21,99197.95,101002.7,103559.53,101021.04,101014.78,101010.6,101014.38
17743.526349801,6582,101004.14,99187.8,100995.71,103559.53,101022.09,101007.81,100992.38,101020.46
17743.547472411,6583,101007.08,99200.95,100997.65,103552.62,101026.11,101013.73,101009.54,101018.39
17743.567876183,6584,101000.95,99195.87,101005.68,103555.53,101022.96,101004.64,101001.49,101014.38
17743.58836906,6585,100994.01,99195.87,101007.75,103550.44,101032.06,100999.57,101010.6,101018.39
17743.608585289,6586,101002.02,99196.91,100991.69,103568.28,101031.01,101004.64,101000.43,101007.39
17743.632973559,6587,100999.08,99203.95,100996.74,103547.52,101032.06,101005.7,101010.6,101013.34
17743.653287635,6588,100998.01,99191.83,100996.74,103552.62,101030.13,101005.48,101018.65,101014.38
17743.673927445,6589,101004.95,99195.87,100993.64,103543.52,101025.06,100996.61,101019.71,101012.31
17743.694444979,6590,100993.2,99195.87,101001.67,103562.45,101028.03,101001.68,101014.63,101016.32
17743.715014432,6591,100995.08,99188.71,101001.67,103557.35,101019.12,101004.64,101002.55,101018.39
17743.735473388,6592,101004.14,99189.88,101003.73,103545.7,101028.03,101000.63,101002.55,101014.38
17743.756034048,6593,100986.01,99207.98,100992.6,103551.53,101021.04,101022.81,101005.51,101017.35
17743.77655638,6594,100999.08,99203.95,100989.63,103562.45,101019.99,101005.7,101009.54,101018.39
17743.80085261,6595,101000.95,99197.83,101002.7,103567.54,101025.06,101004.64,101002.55,101015.41
17743.821347671,6596,101003.08,99203.95,100993.64,103552.62,101028.03,101004.64,101010.6,101017.35
17743.841942702,6597,101000.14,99199.91,101003.73,103551.53,101026.11,101003.58,101002.55,101024.34
17743.864242863,6598,101002.02,99194.83,100993.64,103560.62,101034.16,101009.71,101001.49,101012.31
17743.883164514,6599,100999.08,99203.95,100995.71,103564.63,101026.11,101018.8,101004.45,101017.35
17743.904584183,6600,101002.02,99200.95,101000.76,103547.52,101019.99,101014.78,101002.55,101018.39
17743.924222347,6601,101003.08,99191.83,100993.64,103550.44,101021.04,100999.79,101013.56,101010.37
17743.948248579,6602,100998.01,99196.91,100999.72,103548.61,101034.16,101004.64,101011.66,101018.39
17743.968831593,6603,100998.01,99191.83,101001.67,103556.62,101030.13,101000.63,101017.59,101025.38
17743.988987791,6604,100999.08,99191.83,100995.71,103555.53,101028.21,101004.64,101000.43,101001.31
17744.009968476,6605,101003.08,99200.82,101011.76,103555.53,101019.99,101001.68,101000.43,101018.39
17744.03047882,6606,100999.08,99203.95,101010.73,103559.53,101022.09,101009.71,101022.67,101009.33
17744.051341977,6607,101003.08,99194.83,100991.69,103549.35,101033.11,101009.71,101002.55,101013.34
17744.071546168,6608,101002.02,99203.95,100994.67,103554.44,101025.06,100996.61,101016.52,101015.29
17744.092071013,6609,100998.01,99199.91,100995.71,103566.45,101021.04,101002.74,101011.66,101012.31
17744.115812514,6610,100990.01,99190.79,100997.65,103552.62,101028.03,100998.73,101009.54,101018.39
17744.136911949,6611,100991.89,99187.8,101003.73,103551.53,101029.08,101004.64,101006.58,101017.35
17744.156889957,6612,101004.14,99196.91,100996.62,103560.62,101027.16,101009.71,101012.5,101026.41
17744.178006207,6613,101003.08,99196.91,100999.72,103550.44,101025.06,101005.7,101010.6,101017.35
17744.199290512,6614,100998.01,99201.99,101002.7,103547.52,101025.06,101005.7,101003.62,101018.39
17744.218996399,6615,101003.08,99200.95,100995.71,103548.26,101021.04,101000.63,101013.56,101023.43
17744.239502186,6616,101002.02,99204.99,100994.67,103567.54,101031.01,101004.64,101010.6,101018.39
17744.260170048,6617,101002.02,99185.72,101001.67,103550.44,101018.94,101009.71,101006.58,101017.35
17744.283809544,6618,101000.14,99191.83,100995.71,103552.62,101019.99,101003.58,101006.58,101010.37
17744.304870431,6619,101004.14,99198.87,101000.63,103556.62,101023.14,101005.7,101002.55,101010.37
17744.324941209,6620,100997.21,99196.91,101004.64,103567.54,101028.03,101003.8,101010.6,101017.35
17744.345935706,6621,100999.08,99195.87,101001.67,103559.53,101028.03,101004.64,101008.48,101018.39
17744.365924741,6622,100995.08,99187.8,100993.64,103559.53,101025.06,101001.68,101021.61,101009.33
17744.387009714,6623,101004.14,99187.8,100995.71,103548.61,101025.06,100987.53,101013.56,101013.34
17744.407152481,6624,100998.01,99199.91,101007.75,103560.62,101030.13,101000.63,101008.48,101017.35
17744.428253779,6625,101000.95,99195.87,101001.67,103560.62,101028.03,101003.58,101009.54,101014.38
17744.451824371,6626,101003.08,99194.83,100984.58,103551.53,101021.04,101000.63,101013.56,101018.39
17744.472296057,6627,100996.95,99198.87,100994.67,103550.44,101027.16,101007.6,101014.63,101018.39
17744.492913202,6628,101002.02,99195.87,100993.64,103550.44,101029.08,100997.67,100999.37,101005.32
17744.513428653,6629,101000.14,99203.95,100995.71,103562.45,101017.02,101002.74,101002.55,101018.39
17744.534046269,6630,100996.95,99204.99,100987.68,103550.44,101019.99,101007.81,101007.41,101018.39
17744.556143463,6631,100994.01,99191.83,101002.7,103551.53,101022.96,101009.71,101001.49,101014.38
17744.575206007,6632,100992.95,99203.95,100993.64,103560.62,101019.99,101005.7,101006.58,101010.37
17744.596208945,6633,100998.01,99193.79,100994.67,103563.54,101030.13,101004.64,101017.59,101017.35
17744.619847451,6634,100996.95,99195.87,100985.61,103560.62,101018.07,101001.68,101008.48,101018.39
17744.640354189,6635,100998.01,99195.87,100996.62,103556.62,101026.11,101001.68,101010.6,101021.37
17744.660905305,6636,101004.14,99202.91,100995.71,103549.35,101024.01,101013.73,101008.48,101020.33
17744.681401316,6637,101000.14,99195.87,100993.64,103556.26,101025.06,101012.67,101011.66,101013.34
17744.702002768,6638,101002.02,99199.91,100994.67,103571.55,101029.08,100995.55,101010.6,101018.39
17744.722454933,6639,101003.08,99195.87,101002.7,103559.53,101030.13,101002.74,101008.48,101018.39
17744.743138419,6640,101007.08,99199.91,101005.68,103542.43,101019.99,101014.78,101013.56,101012.31
17744.763517805,6641,101009.21,99197.83,100993.64,103549.35,101025.06,101008.65,101012.5,101015.41
17744.787970432,6642,100990.01,99199.91,100992.6,103560.62,101017.02,100996.61,101010.6,101015.41
17744.808316607,6643,101004.14,99195.87,100994.67,103557.35,101025.06,101005.7,101010.6,101017.35
17744.832014252,6644,101011.08,99186.76,100993.64,103546.43,101029.08,101011.61,101008.48,101015.41
17744.849435923,6645,101005.21,99210.98,100995.71,103564.63,101032.06,100995.55,100998.53,101022.27
17744.870008461,6646,100988.14,99201.86,100996.74,103566.45,101026.11,101012.67,101004.45,101018.39
17744.890922446,6647,101001.21,99194.83,101005.68,103562.45,101026.11,101001.68,101012.5,101009.33
17744.911162891,6648,101003.08,99199.91,100993.64,103551.53,101028.03,101000.63,101003.62,101025.38
17744.931585882,6649,101000.14,99195.87,101001.67,103550.44,101025.06,101002.52,101010.6,101018.39
17744.955876414,6650,101008.14,99199.91,100991.57,103558.44,101018.94,101003.58,101011.66,101018.39
17744.976400799,6651,100992.95,99196.79,100993.64,103566.45,101029.08,101004.64,101005.51,101012.43
17744.997019997,6652,100994.01,99187.8,100985.61,103559.53,101021.04,101004.64,101018.65,101013.34
17745.017517341,6653,100994.01,99195.87,100994.67,103550.44,101034.16,101006.76,101002.55,101017.35
17745.037988956,6654,101003.08,99203.95,100993.64,103554.44,101030.13,101016.9,101002.55,101012.31
17745.058481713,6655,100996.95,99195.87,100993.64,103566.45,101021.04,101005.7,101009.54,101013.34
17745.079135614,6656,101006.02,99190.79,100993.64,103558.44,101033.11,101006.76,101006.58,101016.32
17745.103250831,6657,101003.08,99195.87,100993.64,103567.54,101022.96,101000.63,101005.51,101009.33
17745.123871541,6658,101003.08,99199.91,101003.73,103562.45,101019.99,101004.64,101017.59,101009.33
17745.14433226,6659,101000.95,99187.8,100997.65,103567.54,101034.16,101003.58,101010.6,101014.38
17745.16499267,6660,100995.08,99204.86,100993.64,103563.54,101037.13,101002.52,100996.4,101014.38
17745.185507691,6661,100994.01,99201.86,101003.73,103555.53,101022.96,101001.68,101018.65,101016.32
17745.206116103,6662,100994.01,99201.86,100998.69,103559.53,101035.21,101004.64,101009.54,101019.42
17745.226553937,6663,100990.01,99203.95,100993.64,103555.53,101031.01,101006.76,101000.43,101008.3
17745.247239266,6664,101002.02,99202.91,100997.65,103566.45,101024.01,101004.64,100999.37,101010.37
17745.2708839,6665,101000.95,99207.98,100998.69,103558.44,101029.08,101007.6,101010.6,101025.5
17745.291871676,6666,100996.14,99198.87,100993.64,103554.44,101024.01,100999.57,101017.59,101012.31
17745.312075476,6667,100996.95,99201.86,101002.7,103565.36,101032.06,101004.64,101008.48,101017.35
17745.333236163,6668,100987.89,99201.86,100996.62,103559.53,101014.92,100997.67,101012.5,101019.42
17745.353577031,6669,101009.21,99192.88,101000.63,103555.53,101034.16,101007.81,101010.6,101016.32
17745.374066142,6670,100996.14,99203.95,100997.65,103558.44,101024.01,101001.68,101024.57,101016.32
17745.394627974,6671,101001.21,99202.91,100998.69,103548.26,101022.96,100995.55,101005.51,101025.38
17745.416135406,6672,100994.01,99199.91,100993.64,103568.63,101014.92,101003.58,101008.48,101012.31
17745.438866068,6673,101002.02,99195.87,100994.67,103563.54,101018.07,101000.63,101005.51,101011.28
17745.459906123,6674,101000.95,99198.87,100997.65,103560.62,101028.03,101012.67,101005.51,101013.34
17745.480048179,6675,101005.21,99189.75,100994.67,103557.35,101026.11,101005.7,101016.52,101018.39
17745.501008644,6676,101004.14,99201.86,101010.73,103559.53,101032.06,101011.83,101010.6,101016.32
17745.521518196,6677,101002.02,99185.72,100995.71,103570.46,101019.12,101004.64,101021.61,101008.3
17745.542097885,6678,101004.14,99210.98,101001.67,103545.7,101033.11,101010.77,101004.45,101018.39
17745.562808562,6679,100992.95,99220.09,100997.65,103550.44,101024.01,100996.61,101008.48,101018.39
17745.583379226,6680,101003.08,99189.75,100998.69,103556.62,101026.11,101008.65,101000.43,101010.37
17745.606858882,6681,101003.08,99209.94,100988.59,103559.53,101031.01,101008.65,101009.54,101018.39
17745.627922212,6682,101004.14,99218.01,101001.67,103558.44,101030.13,101006.54,101003.39,101016.32
17745.647969064,6683,100999.08,99203.95,101002.7,103565.36,101018.07,101005.7,101002.55,101009.33
17745.669067137,6684,101006.02,99197.83,101003.73,103562.45,101023.14,101005.7,101007.41,101008.3
17745.689012246,6685,101006.02,99201.86,100994.67,103563.54,101026.11,100995.55,100993.44,101004.29
17745.710215647,6686,101002.02,99201.86,100994.67,103562.45,101018.94,101013.73,101008.48,101013.34
17745.730134256,6687,100992.95,99194.83,101000.63,103560.27,101026.11,101006.76,101007.41,101018.39
17745.751138828,6688,101003.08,99201.86,100995.71,103556.26,101014.92,101011.61,101008.48,101010.37
17745.774888381,6689,101002.02,99205.9,101003.73,103559.53,101027.16,101004.64,101012.5,101017.35
17745.795322259,6690,101011.08,99233.12,101011.76,103574.46,101022.96,101006.76,101004.45,101012.31
17745.816039485,6691,101000.14,99242.23,100993.64,103574.46,101029.08,100996.61,101008.48,101020.46
17745.836417379,6692,101008.14,99230.12,100985.61,103566.45,101022.96,101005.7,100999.37,101020.33
17745.857079542,6693,100997.21,99235.2,101003.73,103568.63,101031.01,101009.71,101016.52,101014.38
17745.878104284,6694,101006.02,99241.19,100991.57,103562.45,101026.11,101003.58,101014.63,101016.32
17745.898167851,6695,101006.02,99235.2,100994.67,103568.63,101022.96,101013.73,101004.45,101005.32
17745.919219514,6696,100992.14,99236.24,100993.64,103570.46,101033.11,101013.73,101008.48,101013.34
17745.942869276,6697,101000.14,99238.2,100997.65,103567.54,101024.01,101004.64,101007.41,101015.29
17745.963371398,6698,100997.21,99234.16,100992.6,103572.64,101025.06,100997.67,101008.48,101012.31
17745.984059841,6699,100999.08,99225.05,100994.67,103568.63,101022.96,100999.57,101004.45,101010.37
17746.004425456,6700,101000.95,99235.2,101005.68,103560.27,101025.06,101000.63,101008.48,101008.3
17746.025274702,6701,100994.01,99235.2,100993.64,103567.54,101025.06,101009.71,101008.48,101017.35
17746.045514807,6702,101002.02,99238.2,101001.67,103570.46,101030.13,101011.61,101004.45,101016.32
17746.066172574,6703,100994.01,99274.53,100993.64,103588.66,101024.01,101003.58,101008.48,101017.35
17746.087485321,6704,101003.08,99276.61,100989.63,103582.47,101021.04,101003.58,101009.54,100997.3
17746.110896843,6705,101002.02,99277.53,101005.68,103574.46,101022.96,101008.65,101003.39,101018.39
17746.131332894,6706,100992.95,99275.57,100999.72,103574.46,101025.06,101005.7,101000.43,101012.31
17746.151959053,6707,100996.95,99278.57,100985.61,103583.56,101022.96,101010.55,100999.37,101001.31
17746.173190758,6708,101002.02,99268.54,100985.61,103574.46,101024.01,101005.7,101008.48,101018.39
17746.193064078,6709,101002.02,99271.53,101004.64,103579.56,101021.04,101011.61,101004.45,101013.34
17746.213530896,6710,100994.01,99269.45,101004.64,103583.56,101026.98,101003.58,101008.48,101016.32
17746.234062932,6711,100983.89,99280.65,101001.67,103574.46,101024.01,101004.64,101008.48,101005.32
17746.254634098,6712,101004.14,99267.5,100992.6,103591.57,101022.96,100998.51,101016.52,101002.34
17746.27888498,6713,101007.08,99276.61,100993.64,103581.38,101028.03,101011.61,101001.49,101024.34
17746.299408463,6714,100996.95,99275.57,100997.65,103580.29,101017.02,101005.7,101000.43,101004.29
17746.320009153,6715,100995.08,99261.38,101000.63,103582.47,101022.96,101004.64,101009.54,101014.38
17746.3404489,6716,101000.14,99313.86,100996.62,103594.49,101028.03,101004.64,101017.59,101016.32
17746.361091684,6717,101002.02,99310.86,100993.64,103598.49,101026.98,100994.5,101014.63,101015.41
17746.381771144,6718,101003.08,99317.9,100995.71,103585.39,101032.06,101003.58,101005.51,101015.29
17746.402126132,6719,101003.08,99324.02,100993.64,103591.57,101029.08,101002.52,101016.52,101022.27
17746.426284685,6720,101000.95,99314.9,100993.64,103590.48,101026.98,101008.65,101004.45,101023.31
17746.446924083,6721,100996.14,99305.79,100996.62,103587.57,101026.98,101008.65,100996.4,101012.31
17746.467347125,6722,101011.08,99316.85,100996.62,103594.49,101035.03,101002.52,101006.58,101013.34
17746.488034446,6723,101000.95,99327.01,100993.64,103586.48,101028.03,101004.64,101004.45,101020.33
17746.508470227,6724,100999.89,99318.94,101003.61,103583.56,101025.06,101000.63,101010.6,101012.43
17746.529244641,6725,101002.02,99327.01,100983.54,103586.48,101022.96,100996.61,101001.49,101010.24
17746.550687034,6726,101003.08,99318.94,100999.6,103593.4,101024.01,101004.64,101008.48,101016.32
17746.570171215,6727,101000.95,99311.91,100991.57,103590.48,101017.02,101003.58,101008.48,101011.28
17746.594329447,6728,100990.01,99314.9,100993.64,103598.49,101033.11,101004.64,101001.49,101010.37
17746.614922356,6729,101004.95,99362.3,100987.56,103601.41,101031.01,101003.58,101008.48,100996.27
17746.635807286,6730,100996.14,99369.47,100995.58,103600.32,101025.06,101004.64,101016.52,101013.34
17746.657251833,6731,101009.21,99381.58,100997.65,103602.5,101025.06,101000.63,101004.45,101009.33
17746.676612427,6732,100992.95,99364.39,101001.67,103601.41,101024.01,101004.64,101003.39,101020.33
17746.697099636,6733,101006.02,99367.38,100999.6,103602.5,101022.96,101003.58,101010.6,101010.37
17746.717711343,6734,101003.08,99366.34,101001.67,103604.32,101025.06,101004.64,101014.63,101000.28
17746.738367427,6735,100995.08,99367.38,100995.58,103611.6,101024.01,101006.54,101009.54,101012.31
17746.761870257,6736,101009.21,99365.43,100997.65,103605.41,101025.06,101004.64,101009.54,101012.31
17746.783058666,6737,101003.08,99372.46,100992.6,103602.5,101025.06,101000.63,101001.49,101009.33
17746.802988502,6738,100995.08,99359.31,100992.6,103598.49,101025.06,101004.64,101017.59,101016.32
17746.824247608,6739,100999.08,99363.35,100993.64,103598.49,101019.99,101011.61,101007.41,101008.3
17746.844771883,6740,100998.01,99363.35,101003.61,103598.49,101026.11,101004.64,101000.43,101008.3
17746.865197238,6741,101004.14,99362.3,101009.69,103603.59,101028.03,100987.53,101004.45,101017.35
17746.885632458,6742,101004.14,99437.06,101000.63,103629.44,101022.09,101000.63,101000.43,101012.31
17746.906250515,6743,101003.08,99445.13,101004.64,103630.53,101031.01,101003.58,101009.54,101015.29
17746.929929291,6744,100999.08,99430.03,100991.57,103627.62,101018.94,101004.64,101001.49,101016.32
17746.950944348,6745,100988.14,99444.09,101005.68,103625.44,101022.96,100994.5,101018.65,101008.3
17746.971091362,6746,101003.08,99434.06,101001.67,103622.52,101026.11,100996.61,101012.5,101000.28
17746.992075713,6747,101008.14,99434.06,101001.67,103614.51,101022.96,100999.57,101008.48,101018.39
17747.012044878,6748,100998.01,99428.98,100993.64,103614.51,101022.96,101014.57,101003.39,101008.3
17747.033034547,6749,101002.02,99427.94,100997.65,103632.71,101025.06,101006.54,101000.43,101024.34
17747.053318327,6750,101003.08,99429.89,100995.58,103622.52,101025.06,101000.63,101008.48,101018.39
17747.074952341,6751,101004.14,99422.86,101003.61,103616.69,101025.93,101004.64,101017.59,101011.28
17747.097896816,6752,100996.14,99429.89,101010.73,103614.51,101038.18,101003.58,101009.54,101014.25
17747.118403435,6753,100992.95,99437.06,100995.71,103631.62,101025.06,100987.53,100998.3,101011.28
17747.138995462,6754,101007.89,99451.12,100992.6,103626.53,101018.94,100999.57,100997.47,101012.31
17747.159570804,6755,100999.08,99526.92,101000.63,103647.64,101014.92,100996.61,101002.55,101012.31
17747.180011793,6756,101000.95,99526.92,101000.63,103654.56,101026.98,101003.58,101007.41,101005.32
17747.201151548,6757,100996.95,99521.84,100992.6,103638.54,101014.92,100998.73,101012.5,101018.39
17747.221129507,6758,101003.08,99504.65,100997.65,103648.73,101033.11,101002.52,101016.52,101013.34
17747.242172115,6759,101000.95,99508.68,100994.67,103628.35,101014.92,101000.63,101005.51,101015.41
17747.265913026,6760,101006.02,99528.87,100992.6,103637.45,101029.08,101010.55,101001.49,101006.23
17747.286361796,6761,100999.08,99507.64,100998.69,103644.37,101024.01,101004.64,101006.35,101016.32
17747.307035377,6762,100996.95,99512.72,100992.6,103644.37,101024.01,100998.51,101014.63,101018.39
17747.327453732,6763,100998.01,99510.77,100999.6,103637.45,101035.03,101006.54,101004.45,101018.39
17747.348233432,6764,100996.14,99494.48,100985.61,103637.45,101035.03,101002.52,101010.6,101015.29
17747.368553388,6765,100998.01,99508.68,101007.75,103636.36,101025.06,101010.55,101011.66,101000.28
17747.389174479,6766,101004.14,99515.71,100996.62,103636.36,101028.03,100998.51,101009.54,101017.35
17747.409581016,6767,101000.95,99517.8,101005.68,103648.38,101032.06,101010.55,101011.66,101016.32
17747.433968264,6768,101000.95,99633.84,100999.72,103686.6,101024.01,101004.64,100999.59,101020.33
17747.454376313,6769,100998.01,99626.81,100989.63,103680.41,101022.96,101002.52,101010.6,101004.29
17747.475101501,6770,100995.08,99621.73,100997.65,103668.4,101015.97,101003.58,101010.6,101010.37
17747.495459415,6771,101000.95,99621.73,101000.63,103666.58,101022.96,101004.42,101010.6,101016.32
17747.516079434,6772,100998.01,99616.64,101009.69,103681.51,101021.04,101011.61,101010.6,101017.35
17747.536541264,6773,100988.95,99609.61,100992.6,103680.77,101033.11,101011.61,101011.66,101016.32
17747.557461458,6774,101005.21,99601.54,100995.58,103670.58,101031.01,101004.64,101010.6,101016.32
17747.57758051,6775,101008.95,99614.7,101001.67,103684.42,101022.96,101006.76,101005.51,101017.35
17747.601938784,6776,101003.08,99604.53,101001.67,103677.5,101014.92,101011.61,100997.47,101012.31
17747.622391681,6777,101004.14,99611.7,101007.62,103686.6,101031.18,101003.58,101010.6,101016.32
17747.642985901,6778,101006.02,99613.65,100996.62,103676.41,101029.08,101007.6,101010.6,101014.38
17747.663541383,6779,101000.95,99613.65,100996.62,103672.4,101032.06,101018.58,101014.63,101016.32
17747.684079128,6780,101003.08,99654.02,100997.65,103678.59,101026.98,101006.54,101010.6,101026.41
17747.705243121,6781,100996.95,99759.0,100997.65,103708.45,101024.01,100993.44,101015.69,101015.29
17747.725145855,6782,100999.08,99745.84,101000.63,103706.63,101022.96,101002.52,101007.64,101009.33
17747.749323176,6783,100995.08,99737.76,101009.69,103702.62,101024.01,101000.63,101023.74,101008.3
17747.769960351,6784,101008.14,99718.62,100993.64,103702.62,101032.06,101004.64,101009.54,101008.3
17747.790391255,6785,101010.02,99727.74,100999.6,103694.61,101019.99,101012.67,101005.51,101013.34
17747.811038015,6786,100999.08,99724.61,100999.6,103701.53,101022.96,100996.61,101010.6,101016.32
17747.831490491,6787,101002.02,99711.59,101001.67,103700.44,101019.99,101012.67,101002.55,101016.32
17747.852100416,6788,100996.95,99718.62,101005.68,103694.61,101022.96,101006.54,101001.49,101023.31
17747.87265761,6789,100994.01,99717.58,100992.6,103702.62,101025.06,101004.64,101018.65,101013.34
17747.893340575,6790,101002.02,99717.58,100996.62,103698.62,101024.01,101004.64,101007.64,101018.39
17747.917003507,6791,101000.95,99726.7,100990.54,103702.62,101026.98,101006.54,101006.58,101012.31
17747.937952394,6792,101002.02,99715.63,100999.6,103694.61,101028.03,101003.58,101002.55,101007.26
17747.958408676,6793,101004.14,99764.98,101001.67,103702.62,101025.06,100996.61,101002.55,101012.31
17747.979093874,6794,101000.95,99903.3,100991.57,103742.67,101022.96,101008.65,101001.49,101014.25
17747.999558789,6795,100995.08,99894.18,100994.55,103750.68,101022.09,101008.65,101007.64,101016.32
17748.020035732,6796,101000.95,99884.16,101001.67,103735.75,101035.21,101000.63,100996.4,101010.37
17748.040577113,6797,100984.95,99884.16,100997.65,103742.67,101018.07,100999.57,101006.58,101011.28
17748.061189561,6798,101002.02,99887.15,101002.58,103742.67,101017.02,101007.6,101018.65,101007.26
17748.084921368,6799,100995.08,99872.05,100995.58,103742.67,101025.06,101000.63,101010.6,101016.32
17748.105969515,6800,101008.95,99872.05,100995.58,103742.67,101025.06,101002.52,101005.51,101000.28
17748.126052041,6801,100995.89,99880.12,100991.57,103734.66,101025.06,101010.55,101012.5,101016.32
17748.147666795,6802,100998.01,99872.05,101000.63,103733.57,101021.04,101003.58,101012.5,101016.32
17748.167540817,6803,101000.95,99869.05,100999.6,103734.66,101025.06,101003.58,101004.45,101018.39
17748.188149409,6804,101007.08,99857.84,100990.54,103728.47,101013.87,100999.57,101010.6,101012.31
17748.208621775,6805,101004.14,99862.92,100995.58,103733.57,101025.06,100999.57,101004.45,101016.32
17748.229166491,6806,100998.01,99897.32,101005.68,103741.58,101029.08,101004.64,101017.59,101004.29
17748.25296603,6807,101000.95,100045.66,100990.54,103782.72,101025.06,100996.61,101005.51,101006.36
17748.27400918,6808,100994.01,100051.64,100999.6,103776.53,101022.96,101003.58,101008.48,101008.3
17748.294082051,6809,100999.89,100039.53,101000.63,103786.73,101024.01,100989.64,101001.49,101016.32
17748.31517061,6810,100995.08,100046.71,100995.58,103764.52,101024.01,101008.65,101006.58,101014.25
17748.33515688,6811,100996.95,100033.55,100992.6,103786.73,101025.06,101006.54,101005.51,101017.35
17748.356182744,6812,101005.21,100040.57,100997.65,103775.8,101024.01,101011.61,101001.49,101011.28
17748.376724626,6813,100994.01,100039.53,101009.69,103766.7,101024.01,101011.61,101002.55,101019.42
17748.397329532,6814,101002.02,100027.41,101004.64,103780.54,101024.01,101008.44,101000.43,101000.28
17748.421236454,6815,100991.08,100026.52,100995.58,103769.61,101032.06,101011.61,101010.6,101011.28
17748.441416798,6816,100991.89,100041.62,100995.58,103770.34,101024.01,101010.55,101014.63,101005.32
17748.462034584,6817,101003.08,100029.51,100993.64,103772.53,101017.02,100998.51,101017.59,101008.3
17748.482488923,6818,100992.95,100037.59,100999.6,103774.71,101015.97,101005.48,101004.45,101008.3
17748.503111477,6819,101000.95,100072.88,100993.64,103780.54,101021.04,101002.52,101010.6,101013.34
17748.524169849,6820,101002.02,100257.56,101009.69,103828.6,101024.01,101003.58,101018.65,101016.32
17748.544226356,6821,100996.95,100239.47,100999.6,103817.67,101032.06,101004.64,101014.63,101011.28
17748.565246181,6822,101010.02,100218.23,100991.57,103819.86,101017.89,101011.61,101010.6,101012.31
17748.588939068,6823,100986.01,100209.11,101001.67,103824.59,101025.06,100994.5,101027.76,101011.28
17748.609448521,6824,101000.95,100206.12,100991.57,103820.59,101021.04,101004.64,101006.58,101001.31
17748.630138025,6825,101002.02,100199.98,101000.63,103819.86,101032.06,100994.5,101002.55,101000.28
17748.650505683,6826,101000.95,100209.11,101009.69,103815.85,101018.07,100995.55,101001.49,101008.3
17748.671082327,6827,100994.82,100207.17,100996.62,103815.85,101025.06,101007.6,101018.65,101008.3
17748.691661916,6828,100999.89,100198.04,100992.6,103814.76,101014.92,100987.53,101006.58,101008.3
17748.712455328,6829,101004.95,100195.06,100992.6,103821.68,101018.94,100993.44,101000.43,101016.32
17748.736344422,6830,101000.95,100196.11,100983.54,103812.58,101018.94,101001.47,101002.55,101015.29
17748.756984622,6831,101004.95,100192.96,100997.65,103804.57,101017.02,101000.63,101018.65,101025.38
17748.777422356,6832,101000.95,100242.46,100991.57,103830.78,101019.99,100983.51,101012.5,101013.34
17748.798053352,6833,101000.95,100463.49,100997.65,103882.85,101036.08,100991.54,101011.66,101016.32
17748.818637427,6834,101002.02,100433.29,100991.57,103870.83,101014.92,101008.65,101004.45,101010.24
17748.839249555,6835,100999.08,100408.01,100988.59,103870.83,101025.06,100998.51,101014.63,101016.32
17748.859583001,6836,101002.02,100416.09,100983.54,103868.65,101019.12,101006.54,101002.55,101013.34
17748.881057713,6837,101000.95,100421.18,100992.6,103868.65,101024.01,101007.6,101010.6,101015.29
17748.904374462,6838,100996.14,100409.06,101001.67,103855.54,101030.13,100998.51,101000.43,101008.3
17748.924984246,6839,101000.95,100409.06,100991.57,103853.72,101029.08,100999.57,101011.66,101006.23
17748.945502432,6840,100994.01,100395.9,101001.67,103856.63,101021.91,101003.58,101009.54,100998.21
17748.966337206,6841,100998.01,100396.95,100997.65,103857.73,101027.16,100998.51,101007.64,101008.3
17748.986647437,6842,100995.08,100405.02,100995.58,103856.63,101022.96,101016.68,101009.54,101013.34
17749.007206535,6843,100998.01,100403.97,100991.57,103870.83,101024.01,101003.58,101005.51,101011.28
17749.027643357,6844,100987.08,100399.05,100996.62,103870.83,101022.09,101006.54,101012.5,101016.32
17749.04825893,6845,101003.08,100457.52,101001.67,103873.75,101022.96,101004.64,101013.56,101016.32
17749.072365002,6846,101000.95,100667.5,101000.63,103934.92,101033.11,101002.52,101012.73,100996.27
17749.093038623,6847,101008.95,100639.23,101000.63,103914.89,101028.03,101004.64,101005.51,101006.23
17749.113500443,6848,100996.95,100623.08,100991.57,103912.7,101022.96,101011.61,101013.56,101008.3
17749.134082736,6849,100995.89,100615.0,100995.58,103918.89,101026.98,101002.52,101008.48,101000.28
17749.15461331,6850,100992.95,100602.89,101009.69,103916.71,101025.06,101007.6,101009.54,101016.32
17749.175139989,6851,100999.89,100606.92,101001.67,103918.89,101022.96,101002.52,101005.51,100998.21
17749.195613998,6852,100996.14,100609.91,100983.54,103908.7,101033.11,101004.64,101017.59,101010.24
17749.216186595,6853,100996.95,100603.94,100993.64,103892.68,101022.96,101003.58,101013.56,101010.37
17749.24039296,6854,100995.89,100592.7,100990.54,103900.69,101022.96,101005.7,101013.56,101007.26
17749.260963594,6855,101004.95,100606.92,100993.64,103902.87,101033.11,101002.52,101010.6,101008.3
17749.281469081,6856,101004.95,100594.81,100999.6,103918.89,101018.94,101003.58,101009.54,101014.25
17749.302176683,6857,101014.02,100592.7,100992.6,103906.88,101022.96,101003.58,101013.56,101008.3
17749.322593866,6858,100996.95,100741.24,100999.6,103932.73,101026.98,101007.6,101017.59,101012.31
17749.343160134,6859,100990.01,100911.72,100992.6,103990.62,101022.96,101006.54,101009.54,101016.32
17749.363639651,6860,101002.02,100853.25,100993.64,103964.77,101022.96,101000.63,101018.65,101002.22
17749.384189875,6861,100996.95,100847.1,101000.63,103963.68,101031.01,101002.52,101005.51,101012.31
17749.407989294,6862,101003.08,100849.22,101001.67,103951.66,101022.96,101002.52,101008.48,101008.3
17749.429108148,6863,101000.95,100844.12,101006.59,103964.77,101032.06,101003.58,101014.63,100998.21
17749.449534374,6864,101004.95,100834.99,100987.56,103952.75,101021.91,100998.51,101008.48,101003.25
17749.470092821,6865,100991.08,100827.97,100991.57,103965.86,101031.01,101006.54,101000.43,101008.3
17749.490193345,6866,101007.08,100836.04,100997.65,103961.86,101025.06,101002.52,101004.45,101006.23
17749.511132377,6867,101004.14,100823.93,101001.67,103956.76,101014.92,101000.63,101010.6,101018.26
17749.53158268,6868,101002.82,100814.8,101003.61,103965.86,101025.06,101009.49,101018.65,101008.3
17749.552254788,6869,101002.02,100815.85,100992.6,103957.85,101018.94,101007.6,101017.59,101012.31
17749.576026615,6870,100994.82,100802.68,101001.67,103957.85,101017.02,101011.61,101012.73,101016.32
17749.597032308,6871,101002.82,100984.4,101003.73,104004.82,101022.96,101001.47,101008.48,101008.3
17749.617114294,6872,100996.95,101170.17,100992.6,104044.87,101022.96,101007.6,101007.64,101006.23
17749.638319539,6873,101002.02,101130.85,100992.6,104039.05,101032.06,101002.52,101010.6,101010.24
17749.658176203,6874,101003.08,101109.59,100983.54,104020.84,101026.98,101004.64,101013.56,101010.24
17749.679106472,6875,100999.89,101108.54,101001.67,104024.85,101022.96,101007.6,101002.33,101008.3
17749.699932754,6876,100996.95,101100.46,100996.62,104019.03,101028.03,101002.52,101013.56,101024.34
17749.720267382,6877,100999.89,101099.6,101007.62,104020.84,101029.08,101004.64,101009.54,101016.32
17749.743961001,6878,100995.08,101101.52,100996.62,104016.84,101019.99,101004.64,101004.45,101012.31
17749.764430012,6879,100996.95,101090.46,101005.68,104012.83,101038.18,101011.61,101006.58,101017.35
17749.785078655,6880,100995.89,101087.48,100991.57,104017.93,101025.06,101011.61,101010.6,101016.32
17749.805549649,6881,100997.76,101089.4,101004.64,104016.84,101022.96,101002.52,101006.58,101015.29
17749.826188577,6882,101000.95,101082.38,100998.56,104012.83,101018.94,101002.52,100997.47,101006.23
17749.847215442,6883,100999.89,101083.44,100988.59,104008.83,101025.06,101003.58,101009.54,101001.31
17749.867499944,6884,100994.01,101242.86,100991.57,104074.0,101017.89,100998.51,101014.63,101014.38
17749.88822998,6885,100996.95,101414.61,101001.67,104094.03,101026.11,100998.51,101009.54,101016.32
17749.911975087,6886,100995.08,101377.2,100997.65,104094.03,101026.11,101007.6,101007.64,101015.29
17749.932480603,6887,100999.08,101368.06,101008.66,104076.91,101025.06,101000.41,101000.43,101011.28
17749.953045719,6888,101000.95,101355.94,100993.64,104084.92,101019.99,100997.67,101010.6,101016.32
17749.973572608,6889,100998.01,101355.94,100996.62,104084.92,101029.08,101003.58,101004.45,101002.22
17749.994106848,6890,101010.02,101355.94,101002.58,104080.92,101022.96,101004.64,101006.58,100994.2
17750.016014225,6891,101008.95,101357.01,100991.57,104074.72,101026.98,101001.47,101012.5,100999.24
17750.035306797,6892,101000.95,101355.94,100999.6,104071.09,101031.01,100996.39,101011.44,100998.21
17750.059377456,6893,100987.08,101340.85,100995.58,104072.91,101026.11,101010.55,101008.48,101013.34
17750.080028162,6894,100991.89,101332.77,100997.65,104068.9,101029.08,101015.62,101018.65,101007.26
17750.100469451,6895,100998.01,101340.85,101005.68,104060.89,101028.03,101009.49,101000.43,101012.31
17750.121312668,6896,101002.02,101333.83,100998.56,104060.89,101025.06,101004.64,101009.54,101008.3
17750.141641027,6897,100996.95,101328.74,100992.6,104084.92,101024.01,101004.64,101002.33,101011.28
17750.162270821,6898,101000.95,101340.85,101007.62,104074.0,101022.96,101006.54,101009.54,101001.31
17750.182873344,6899,101002.02,101331.71,100999.6,104055.07,101013.87,100998.51,101008.48,101000.28
17750.203260952,6900,101002.02,101323.64,100993.64,104064.9,101021.04,101002.52,101012.5,101018.39
17750.227409098,6901,100999.89,101329.8,100987.56,104070.72,101031.01,101002.52,101008.48,100998.21
17750.248061937,6902,101006.02,101448.83,100997.65,104111.15,101026.11,100998.51,101000.43,101007.26
17750.268471469,6903,100998.01,101675.01,100992.6,104169.04,101026.98,101012.67,101024.57,101016.32
17750.289134854,6904,100994.82,101630.58,100991.57,104150.1,101014.92,101002.52,101005.51,101016.32
17750.310192485,6905,101002.02,101640.78,101008.66,104141.0,101025.06,101002.52,101016.52,101024.34
17750.330184225,6906,100999.89,101624.63,100993.64,104145.0,101024.01,100986.47,101008.48,101006.23
17750.350994001,6907,101004.95,101624.63,100999.6,104141.0,101019.99,101002.52,101006.58,101006.23
17750.371254828,6908,101002.02,101610.39,100991.57,104142.09,101029.08,101003.58,101010.6,101012.31
17750.395419138,6909,101006.02,101612.51,100991.57,104141.0,101022.96,101002.52,101016.52,101012.31
17750.416006048,6910,100996.95,101608.47,100995.58,104124.98,101014.92,100995.55,101004.45,100998.21
17750.436674361,6911,100994.01,101603.37,100995.58,104145.0,101022.96,101010.55,101011.44,101004.29
17750.457133356,6912,101003.89,101608.47,101003.61,104124.98,101015.97,101002.52,101001.49,101010.37
17750.477589208,6913,100996.95,101603.37,100993.64,104132.99,101028.03,100999.57,101010.6,101010.24
17750.498189748,6914,101003.89,101600.18,100991.57,104124.98,101020.86,101006.54,101016.52,101014.25
17750.518595283,6915,101000.95,101840.6,101008.66,104178.14,101024.01,101002.52,101012.5,101016.32
17750.539732355,6916,100996.95,101991.12,101003.61,104229.12,101029.08,101003.58,101000.43,101007.26
17750.563424832,6917,101000.95,101954.77,101003.61,104222.2,101022.96,100996.39,101000.43,101015.29
17750.584054796,6918,100998.01,101936.7,100999.6,104215.29,101033.11,101012.67,101008.48,101008.3
17750.604627474,6919,101003.08,101933.5,100995.58,104199.26,101033.11,101003.58,101024.57,101006.23
17750.625203527,6920,100998.01,101907.36,100999.6,104205.08,101018.94,100996.61,101004.45,101018.39
17750.645616053,6921,100998.82,101916.28,100999.6,104205.08,101029.08,101004.64,101015.46,101007.26
17750.666254941,6922,100998.01,101896.08,100997.65,104207.28,101025.06,101007.6,101005.51,101000.28
17750.686673156,6923,101002.02,101905.23,100996.62,104197.07,101017.02,101002.52,101005.51,101008.3
17750.707213464,6924,101000.95,101891.21,100995.58,104201.08,101015.97,101012.67,101009.54,101011.28
17750.731023039,6925,101002.02,101898.22,100997.65,104202.89,101022.96,101004.64,101008.48,101010.24
17750.752088211,6926,100996.95,101879.09,100999.6,104201.08,101020.86,101006.54,101009.54,101016.32
17750.772518875,6927,100992.95,101887.17,100995.58,104199.26,101025.93,101008.44,101008.48,101012.31
17750.793151994,6928,100999.89,102092.1,100998.56,104269.17,101032.06,101004.64,101016.52,101007.26
17750.813232588,6929,101003.89,102284.92,100991.57,104293.2,101026.98,101002.52,101000.43,101007.26
17750.834160644,6930,101000.95,102224.33,100991.57,104279.37,101017.02,100992.38,101003.39,101017.35
17750.854734763,6931,100999.89,102222.43,100997.53,104278.28,101025.06,100994.5,101012.5,101008.3
17750.875581136,6932,101000.95,102217.32,101000.63,104271.36,101020.86,101006.54,101018.65,101004.29
17750.899046769,6933,101002.02,102213.28,100991.57,104273.17,101022.96,100999.57,101012.5,101011.28
17750.920104691,6934,101002.02,102205.2,100993.64,104265.16,101014.92,101003.58,101004.45,101016.32
17750.940161509,6935,100998.01,102209.24,100991.57,104273.17,101025.93,101003.58,101016.52,101010.24
17750.961154813,6936,101004.95,102209.24,100988.59,104269.17,101022.96,101005.48,101009.54,101015.29
17750.981953623,6937,101000.95,102196.05,101004.64,104269.17,101022.96,101010.55,101004.45,101009.33
17751.002328713,6938,101007.89,102210.31,100999.6,104266.26,101018.94,101004.64,101012.5,101016.32
17751.022706255,6939,100994.82,102196.05,100995.58,104265.16,101031.01,101004.64,101004.45,101012.31
17751.04323067,6940,101003.89,102193.08,100992.6,104256.06,101018.94,101007.6,101012.5,101008.3
17751.067013324,6941,101002.02,102333.39,100990.54,104329.25,101028.03,100999.57,101005.51,100996.27
17751.08750535,6942,101004.14,102591.92,100991.57,104376.22,101018.94,100998.51,101008.48,101016.32
17751.110072534,6943,101000.95,102556.64,100994.55,104353.28,101022.96,101015.62,101008.48,101015.29
17751.128623074,6944,100983.89,102536.44,100990.54,104350.38,101024.01,101002.52,101008.48,101011.28
17751.149175461,6945,100994.01,102525.39,100987.56,104349.28,101024.01,101012.67,101000.43,101006.23
17751.170168986,6946,101004.14,102523.25,100999.6,104341.27,101019.99,101014.57,101008.48,101012.31
17751.190312074,6947,100994.01,102515.17,101008.66,104337.26,101015.97,101004.64,101005.51,101008.3
17751.211298898,6948,100995.89,102526.47,100995.58,104333.26,101031.01,100995.55,101001.49,101007.26
17751.235022432,6949,101000.14,102500.08,100995.58,104332.16,101026.98,100986.47,101000.43,101006.23
17751.256158843,6950,101002.02,102489.04,100999.6,104325.24,101024.89,101012.67,101000.43,101007.26
17751.276220087,6951,100994.01,102489.04,100999.6,104327.06,101022.96,101000.41,101004.45,101016.32
17751.296829351,6952,100998.01,102470.73,100999.6,104333.26,101018.94,100995.55,101006.58,101006.23
17751.31736331,6953,100994.01,102485.0,100999.6,104337.26,101018.94,101004.64,101014.63,101011.28
17751.338241731,6954,101003.08,102754.59,100999.6,104383.52,101024.01,101002.52,101001.49,101014.25
17751.358263586,6955,101000.95,102866.63,100996.62,104429.39,101022.96,101003.58,101008.48,101016.32
17751.382413174,6956,101002.02,102836.46,100994.55,104415.17,101018.94,101002.52,101000.43,101014.25
17751.403097421,6957,100991.89,102822.19,100983.54,104410.46,101018.94,101004.64,101008.48,101015.29
17751.42350602,6958,100992.95,102810.07,100995.58,104405.35,101022.96,101002.52,100999.37,101010.24
17751.444176396,6959,101000.95,102803.06,100991.57,104405.35,101017.02,101003.58,101004.45,101016.32
17751.464566778,6960,101000.95,102808.18,101008.66,104405.35,101021.91,101002.52,101007.41,101000.28
17751.485216202,6961,100999.08,102803.06,100995.58,104413.37,101018.94,101000.63,101008.48,101008.3
17751.506228566,6962,101000.95,102781.79,100990.54,104403.16,101014.92,101010.55,101008.48,101006.23
17751.526310701,6963,101000.95,102778.82,100997.65,104393.34,101024.01,101002.52,100999.37,101007.26
17751.550441111,6964,101000.95,102781.79,100996.62,104401.35,101025.06,101000.63,101002.55,101016.32
17751.571028311,6965,100996.95,102773.71,100999.6,104398.05,101029.08,101012.67,101008.48,101011.28
17751.59150255,6966,100996.95,102778.82,101002.58,104403.55,101019.99,101009.49,101003.39,101008.3
17751.613310847,6967,101008.95,103027.15,100999.6,104469.44,101026.98,101010.55,101004.45,101000.28
17751.634507459,6968,101000.95,103210.03,100995.58,104518.61,101029.08,101011.61,101008.48,101008.3
17751.653161024,6969,101000.95,103165.59,100999.6,104499.29,101017.89,100998.51,101010.6,101006.23
17751.673676675,6970,101000.95,103157.51,100999.6,104493.48,101022.96,100995.55,101008.48,101016.32
17751.694277726,6971,101003.08,103141.35,100999.6,104493.48,101013.87,101005.7,101006.35,101008.3
17751.718421616,6972,100991.89,103133.27,100991.57,104493.48,101035.03,100996.61,101020.55,101016.32
17751.739078892,6973,100998.01,103118.18,101003.61,104486.56,101022.96,101007.6,101004.45,101015.29
17751.759493802,6974,101002.02,103117.11,100999.6,104482.56,101020.86,100999.57,101011.44,101016.32
17751.780214373,6975,101004.14,103097.98,100989.5,104493.48,101024.01,100994.5,101012.5,101010.24
17751.800698107,6976,101003.08,103102.83,100995.58,104481.46,101031.01,100987.53,101008.48,101001.19
17751.821331276,6977,101006.02,103103.1,100990.54,104477.45,101028.03,101004.64,101017.59,101016.32
17751.841695278,6978,101000.95,103095.02,100995.58,104477.45,101018.94,101010.55,100999.37,101016.32
17751.862685488,6979,101000.95,103095.02,100991.57,104478.55,101019.99,101006.54,101016.52,101008.3
17751.886438196,6980,101000.95,103343.36,100991.57,104532.43,101015.97,101002.52,101004.45,101008.3
17751.907077164,6981,100992.95,103550.5,101004.64,104599.82,101022.96,101002.52,101008.48,100996.27
17751.927526976,6982,100996.95,103490.97,100997.53,104567.38,101025.06,100996.39,101004.45,101011.28
17751.948141328,6983,101002.02,103481.81,100990.54,104561.57,101022.96,100995.55,101016.52,101008.3
17751.968696279,6984,101000.95,103460.53,100993.52,104555.37,101025.06,100994.5,101012.5,101012.31
17751.989218711,6985,100996.95,103456.49,100983.54,104557.57,101031.01,101002.52,101008.48,101020.33
17752.009703556,6986,100992.95,103441.4,100996.62,104553.56,101024.01,101010.55,101006.35,101022.27
17752.030267841,6987,100995.08,103448.4,100990.54,104561.57,101025.06,101006.54,101008.48,101001.31
17752.054059568,6988,100998.82,103441.4,100999.6,104549.56,101022.96,101003.58,101001.49,101011.28
17752.075074425,6989,100999.89,103432.24,100994.55,104549.56,101022.96,100994.5,101007.41,101010.24
17752.095566942,6990,100998.01,103416.08,101003.61,104545.55,101022.96,101006.54,101025.64,101014.25
17752.116345211,6991,101003.08,103417.16,100991.57,104549.56,101018.94,101003.58,101008.48,101007.26
17752.136389169,6992,101002.02,103416.08,100998.56,104539.35,101031.01,101002.52,101012.5,101016.32
17752.15728795,6993,101004.95,103412.04,100992.6,104549.56,101018.94,101002.52,101001.49,101000.28
17752.177709209,6994,101002.02,103413.12,101001.54,104553.56,101022.96,101010.55,101015.46,101004.29
17752.198572346,6995,100992.95,103408.0,100999.6,104545.55,101015.97,100996.39,101012.5,101016.32
17752.222078953,6996,101000.95,103408.0,100999.6,104533.53,101021.91,100993.44,101008.48,101000.28
17752.243110725,6997,100995.08,103395.88,100992.6,104541.54,101026.98,101005.48,101004.45,101019.3
17752.263113501,6998,101007.08,103760.61,100985.49,104627.47,101018.94,101004.64,101003.39,101009.33
17752.284206276,6999,100999.89,103876.7,100995.58,104646.79,101040.1,101010.55,101005.51,101012.31
17752.304272858,7000,100995.08,103827.13,100991.57,104633.67,101021.04,101006.54,101008.48,101006.23
17752.325193392,7001,101000.95,103812.05,100991.57,104621.66,101010.9,101004.64,101018.65,101016.32
17752.345713831,7002,100995.89,103802.1,100996.62,104621.66,101026.98,100998.51,101011.66,101012.31
17752.366314171,7003,101000.95,103787.81,100999.6,104621.66,101018.94,101002.52,101008.48,101000.28
17752.390112088,7004,100996.95,103786.72,100987.56,104627.47,101022.96,101003.58,101007.41,101017.35
17752.410531443,7005,100995.08,103776.77,100995.58,104613.65,101022.96,101002.52,101009.54,101004.29
17752.431164333,7006,100988.95,103763.56,100999.6,104612.55,101022.96,101002.52,101004.45,101012.31
17752.452197247,7007,100998.01,103764.65,100999.6,104609.64,101022.96,101007.6,101006.35,101007.26
17752.472209056,7008,101000.95,103755.48,100994.55,104605.63,101022.96,100996.61,101008.48,101008.3
17752.493376344,7009,100995.08,103747.4,100995.58,104611.45,101022.96,101004.64,101008.48,101012.31
17752.513680175,7010,100998.01,103759.52,101002.58,104605.63,101026.98,101002.52,101017.59,101018.39
17752.537432182,7011,100998.01,103761.4,100997.53,104601.63,101022.96,101002.52,101008.48,101008.3
17752.558129669,7012,100988.95,103759.52,100989.5,104619.46,101028.03,101004.64,101012.5,101015.29
17752.578584398,7013,100996.95,103787.81,100999.6,104670.83,101022.96,101006.54,101021.61,101008.3
17752.599222766,7014,100998.01,103764.65,100997.53,104696.67,101024.01,101002.52,101004.45,101016.32
17752.619700991,7015,101006.02,103771.64,100995.58,104751.64,101018.94,100995.55,101002.55,101012.31
17752.640348092,7016,100994.01,103799.93,100995.58,104811.73,101017.89,101003.58,101016.52,101017.35
17752.660751323,7017,100997.76,103803.97,100999.6,104878.03,101024.01,100998.51,101021.61,101011.28
17752.681608692,7018,101000.95,103806.14,100998.56,104912.98,101031.01,101018.58,101008.48,101004.29
17752.705439929,7019,100999.89,103840.34,101001.54,104991.3,101022.96,101007.81,101013.56,101009.33
17752.726078636,7020,100995.08,103884.78,101004.64,105030.26,101026.98,101010.55,101015.46,101009.33
17752.746552495,7021,101003.89,103918.2,100995.58,105074.33,101022.96,101002.52,101011.44,101011.28
17752.767153696,7022,100994.01,103953.48,100999.6,105106.37,101022.96,101003.58,101000.43,101012.31
17752.787873907,7023,100996.95,103981.76,100995.58,105142.43,101022.96,100998.51,101012.5,101012.31
17752.808269137,7024,101005.21,104011.14,100995.58,105198.52,101022.96,101011.61,101011.44,101020.33
17752.828648022,7025,100986.01,104067.71,101002.58,105270.63,101021.91,100994.5,101000.43,101008.3
17752.849296434,7026,100996.95,104104.08,101010.6,105322.71,101022.96,101007.6,101016.52,101008.3
17752.873479964,7027,101003.08,104139.36,100999.6,105406.84,101024.01,101003.58,101009.54,101015.29
17752.894135337,7028,100994.01,104187.85,101007.62,105454.92,101021.91,101002.52,101006.58,101004.29
17752.914590638,7029,100995.89,104217.22,100989.5,105505.9,101017.02,101004.64,101008.48,101008.3
17752.93527205,7030,100999.89,104264.63,101002.58,105551.08,101024.01,101006.54,101014.4,101017.35
17752.957215692,7031,100999.89,105344.81,100991.57,105747.4,101028.03,100987.53,101003.39,101007.26
17752.976264835,7032,100992.95,106498.04,100979.53,105975.79,101022.96,100994.5,101004.45,101008.3
17752.996695118,7033,100988.95,106409.81,100987.56,105959.76,101022.96,101002.52,101006.58,100998.21
17753.017311652,7034,100999.89,106366.45,100997.53,105983.8,101022.96,101008.65,100999.37,101008.3
17753.041456233,7035,100996.95,106358.36,100999.6,106028.55,101022.96,101002.52,101008.48,101008.3
17753.06209443,7036,101000.95,106379.68,100995.58,106071.96,101028.03,101005.48,101004.45,101008.3
17753.082539655,7037,100992.95,106404.66,100991.57,106120.04,101031.01,101006.54,101012.5,100998.21
17753.10314972,7038,100998.01,106423.05,100999.6,106160.11,101032.06,101003.58,101012.5,101008.3
17753.123669328,7039,101000.95,106439.22,101004.64,106211.09,101024.01,101003.58,101008.48,101016.32
17753.144221444,7040,101002.02,106475.61,101007.62,106260.29,101018.94,101008.44,100998.3,101011.28
17753.164870758,7041,100998.01,106520.08,100992.6,106290.12,101018.94,101006.54,101006.35,101006.23
17753.185383155,7042,100986.01,106529.27,100991.57,106334.2,101026.98,101002.52,100998.3,101011.28
17753.210076887,7043,101000.95,106560.51,100987.56,106352.46,101022.96,101002.52,101007.41,101008.3
17753.230118962,7044,100994.82,106592.85,100999.6,106382.28,101022.96,101001.47,101015.46,101011.28
17753.250621574,7045,100998.01,106609.03,100991.57,106416.57,101025.06,101014.78,101008.48,101008.3
17753.271310939,7046,100996.95,106617.11,100991.57,106462.43,101031.01,101002.52,101010.37,101009.33
17753.291736234,7047,101002.02,106669.67,100990.54,106509.4,101022.96,101005.48,101015.46,101024.34
17753.312743068,7048,101000.95,106702.02,100991.57,106542.57,101031.01,101006.54,101010.6,101006.23
17753.332887769,7049,100996.95,106746.49,101000.63,106512.75,101018.94,101002.52,101004.45,101002.22
17753.353965861,7050,101011.08,106789.85,100986.52,106560.84,101022.96,100994.5,101008.48,101012.31
17753.377494631,7051,100992.95,106803.1,101007.62,106599.8,101028.91,101003.58,101008.48,101024.34
17753.39814057,7052,101008.14,106852.73,100999.6,106649.0,101018.94,101002.52,101009.54,101010.24
17753.418303217,7053,100987.08,106908.22,100999.6,106669.04,101025.93,100998.51,101004.45,101007.26
17753.439277633,7054,100995.08,106932.48,100992.6,106703.99,101026.98,101006.54,101017.59,101008.3
17753.459747175,7055,101002.02,106972.92,100999.6,106749.84,101019.99,101002.52,101009.54,101006.23
17753.480203347,7056,100998.01,106997.18,100999.6,106799.05,101022.96,101006.54,101009.54,101013.34
17753.500681092,7057,101004.95,107045.7,101003.61,106847.14,101022.96,101002.52,101005.51,101016.32
17753.523041193,7058,100995.08,107090.18,100996.62,106881.45,101024.89,100998.51,101007.41,101020.33
17753.545086238,7059,101010.02,107134.65,101008.66,106933.55,101022.96,101003.58,101009.54,101019.3
17753.566163179,7060,100995.08,107184.29,100989.5,106978.76,101022.96,101006.54,101016.52,101008.3
17753.586269962,7061,100994.01,107244.95,100999.6,107019.47,101019.99,101006.32,101004.45,101015.29
17753.607235254,7062,101002.02,107255.96,100990.54,107057.79,101018.94,101005.48,101008.48,101008.3
17753.627644014,7063,100995.08,107317.74,101006.59,107098.51,101026.11,101006.54,101016.52,101011.28
17753.648588955,7064,101004.14,107351.89,100999.6,107136.83,101020.86,101006.54,101004.45,101010.24
17753.668710391,7065,100996.95,107422.87,100991.57,107174.02,101022.96,101002.52,101008.48,101003.25
17753.689426315,7066,100992.95,107491.62,100994.55,107222.12,101026.98,101000.41,101008.48,101003.25
17753.713100234,7067,101002.02,107525.09,100998.56,107267.96,101028.91,101004.64,101008.48,101015.29
17753.733621324,7068,100999.89,107567.33,100998.56,107320.07,101026.98,101000.41,101004.45,101008.3
17753.754159129,7069,100997.21,107673.6,100995.58,107360.15,101026.98,101001.47,101008.48,100998.21
17753.775245665,7070,100996.95,107716.96,100999.6,107407.12,101026.98,100993.44,101019.49,101012.31
17753.795187538,7071,101003.08,107765.49,100999.6,107440.31,101018.94,101003.58,101004.45,101016.32
17753.816826149,7072,100992.95,107814.02,100989.5,107494.68,101022.96,101008.44,101013.56,101007.26
17753.836413066,7073,100990.01,107878.73,100983.54,107504.44,101014.92,101002.52,101000.43,101004.29
17753.861899757,7074,101003.08,107955.57,100999.6,107540.52,101025.93,101009.49,101016.52,101000.28
17753.881141482,7075,100988.95,107969.49,100993.52,107584.61,101021.91,100998.51,101012.5,101007.26
17753.901534428,7076,101000.95,108016.23,100995.58,107642.98,101026.98,101010.55,101016.52,101008.3
17753.92216954,7077,100998.01,108076.89,100994.55,107687.7,101022.96,101002.52,101007.41,101012.31
17753.942734336,7078,101000.95,108116.21,101003.61,107747.21,101021.91,101001.47,101005.51,101004.29
17753.963196257,7079,100998.01,108161.83,101003.49,107795.31,101026.98,101003.58,101022.67,101009.33
17753.983682173,7080,100992.95,108226.54,100995.58,107838.89,101022.96,101006.54,101008.48,101011.28
17754.004257405,7081,101000.95,108271.03,100990.54,107865.2,101022.96,101002.52,101016.52,101009.33
17754.028487175,7082,100992.95,108318.44,101003.61,107898.4,101024.01,101002.52,101006.35,101007.26
17754.049085752,7083,100996.95,108380.23,100983.54,107941.36,101024.89,100997.45,101003.39,101012.31
17754.069668545,7084,100984.95,108416.63,101007.62,107989.47,101020.86,100993.44,101000.43,101002.22
17754.090203166,7085,100995.89,108492.35,100990.54,108023.8,101029.96,101001.47,101016.52,100998.21
17754.110785408,7086,100992.95,108550.11,100983.54,108082.8,101031.01,101002.52,101009.54,100999.24
17754.13134065,7087,100996.95,108602.69,100995.58,108138.93,101025.06,101003.36,101000.43,101002.22
17754.152090376,7088,100984.95,108653.01,100998.56,108172.13,101031.01,101003.58,101008.48,101008.3
17754.172450392,7089,101000.95,108702.68,100999.6,108213.96,101024.01,100998.51,101000.43,101016.32
17754.196485377,7090,100996.14,108764.49,100991.57,108250.04,101020.86,101002.52,101018.65,101010.24
17754.21722654,7091,100984.95,108817.07,101001.67,108303.89,101026.98,101006.54,101000.43,101007.26
17754.237592135,7092,100992.95,108895.06,100999.6,108366.3,101031.01,101004.42,101007.41,101007.26
17754.258311875,7093,101000.14,108942.47,100996.49,108402.38,101031.01,100997.45,101007.41,101012.31
17754.278675297,7094,101000.95,109004.28,100995.58,108445.35,101026.98,101004.64,101016.52,101000.28
17754.299682282,7095,100997.21,109061.56,100995.58,108470.54,101028.91,100992.38,101004.45,101013.22
17754.321469747,7096,101000.95,109140.69,100995.58,108534.68,101024.89,101008.44,101009.54,101015.29
17754.343221478,7097,101003.08,109241.82,100994.55,108581.66,101022.96,100985.41,101012.5,101000.28
17754.36449725,7098,100984.95,109312.36,100999.6,108638.92,101022.96,101011.61,101013.56,100999.24
17754.385095707,7099,101004.95,109384.55,100999.6,108692.78,101047.1,101002.52,101008.48,101011.28
17754.405693493,7100,100995.89,109471.28,100998.56,108708.22,101028.03,100994.5,101004.45,101000.28
17754.426306342,7101,101002.02,109536.01,100993.52,108755.19,101024.89,100992.38,101006.35,101000.28
17754.446652066,7102,101002.02,109624.38,100997.53,108811.33,101031.01,101002.52,101006.35,101008.3
17754.467226067,7103,101003.08,109697.83,100990.54,108853.7,101031.01,101001.47,101006.35,101012.31
17754.487761999,7104,100996.95,109787.98,100996.62,108905.27,101029.96,100992.38,101006.35,101006.23
17754.508344622,7105,100986.01,109867.76,100999.6,108942.5,101022.96,101007.6,100999.37,101010.24
17754.532520681,7106,100994.01,109998.37,100991.57,108995.76,101022.96,101006.54,100996.4,101009.21
17754.55366286,7107,100996.95,110145.18,100999.6,109051.9,101026.98,101000.41,101014.4,101007.26
17754.574186914,7108,100984.95,110224.96,100999.6,109108.04,101031.01,101002.52,101007.41,101008.3
17754.594306888,7109,100986.01,110331.31,100993.52,109130.95,101020.86,101000.41,101002.33,101003.25
17754.614727646,7110,101004.95,110427.28,100998.56,109187.09,101028.91,100998.51,101014.4,100994.2
17754.635273113,7111,101000.95,110564.86,100991.57,109212.29,101026.98,100986.47,101007.41,101006.23
17754.655683946,7112,100992.95,110660.83,100998.56,109238.07,101029.96,100998.51,101006.35,100998.21
17754.676488474,7113,100992.95,110823.85,100981.48,109291.34,101028.03,101002.52,101006.35,101010.24
17754.700555378,7114,100996.14,110951.05,100995.58,109350.92,101026.98,101002.52,101004.45,101007.26
17754.721183149,7115,100991.89,111074.76,100990.54,109395.6,101018.76,101003.58,101011.44,101006.23
17754.741600272,7116,100995.08,111199.07,101009.69,109452.88,101020.86,100992.38,101012.5,101012.31
17754.762254463,7117,101003.08,111308.34,100991.57,109490.12,101022.96,101001.47,101022.45,101006.23
17754.782730966,7118,101002.02,111422.82,100991.57,109543.97,101028.03,101010.55,101007.41,101004.29
17754.803349824,7119,100984.95,111543.09,100997.53,109580.06,101022.96,101006.54,101008.48,101006.23
17754.824100671,7120,100998.01,111649.48,100994.55,109605.27,101033.11,101002.52,101004.45,101006.23
17754.844446556,7121,100996.95,111741.42,100997.53,109653.39,101028.91,100993.44,101000.43,101000.28
17754.868122899,7122,101002.02,111835.68,101006.59,109677.45,101022.96,101004.42,101003.39,101006.23
17754.889164446,7123,100994.01,111924.73,100995.58,109726.73,101026.98,100997.45,101017.59,101011.28
17754.909181223,7124,100984.95,112036.91,100991.57,109774.85,101021.91,101004.42,100996.4,101014.25
17754.930222319,7125,100990.01,112134.06,100987.56,109827.55,101024.89,100996.39,100994.28,101009.33
17754.950330865,7126,100995.08,112236.42,100997.53,109894.01,101018.94,100992.38,100998.3,101008.3
17754.971576632,7127,100995.08,112343.39,100991.57,109939.84,101026.98,101004.42,101000.43,101008.3
17754.991784177,7128,100987.08,112434.79,100991.57,110007.46,101020.86,101009.49,101007.41,101004.29
17755.012447683,7129,101007.08,112535.99,100992.6,110038.39,101036.08,100998.29,101003.39,101008.3
17755.036110565,7130,100992.95,112627.4,100999.6,110062.46,101021.91,101004.64,101003.39,101006.23
17755.056639186,7131,100992.95,112703.15,100995.58,110102.56,101026.98,101004.42,101016.52,100997.17
17755.077206296,7132,100994.01,112770.81,101000.63,110118.6,101026.98,100999.35,101008.48,100998.21
17755.098428065,7133,100994.01,112849.44,100999.6,110157.56,101031.01,101002.52,101003.39,100996.14
17755.118263789,7134,100998.01,112942.56,101001.67,110222.88,101024.89,101000.41,101004.45,101008.3
17755.139506691,7135,100996.95,113074.47,101000.63,110279.03,101032.06,101004.42,101016.52,100996.27
17755.159747176,7136,100986.01,113176.86,100993.52,110359.25,101026.98,100998.51,101002.33,100995.23
17755.183516389,7137,100995.08,113300.04,100983.54,110423.43,101031.01,101001.47,101008.48,101004.29
17755.204127736,7138,100995.08,113414.59,101000.63,110479.58,101022.96,100993.44,100999.37,101008.3
17755.224641455,7139,100996.95,113526.79,100991.57,110509.97,101028.91,101010.55,100997.47,100994.2
17755.245275946,7140,101000.95,113592.76,101004.64,110503.65,101032.06,101010.55,101006.35,101012.31
17755.265790085,7141,100988.95,113698.04,100999.6,110527.71,101021.91,101001.47,101000.43,101007.26
17755.286342753,7142,100992.95,113770.93,100999.6,110559.8,101031.01,100993.44,101008.48,100999.24
17755.30689496,7143,100992.95,113841.47,100999.6,110585.02,101031.01,101005.48,101003.39,101006.23
17755.327651987,7144,100996.14,113924.82,100991.57,110622.28,101021.91,100996.39,101004.45,101008.3
17755.35150692,7145,100987.08,114070.61,100987.56,110700.19,101021.91,100994.5,101002.33,101000.28
17755.372180511,7146,100992.95,115333.16,100991.57,111562.69,101022.96,101001.47,101015.46,101015.29
17755.392764956,7147,100996.95,116702.62,100999.6,112419.01,101031.01,100992.38,101007.41,101001.31
17755.413412708,7148,100992.95,116583.9,100987.56,112248.81,101022.96,100997.45,101014.63,100998.21
17755.433883612,7149,100988.95,116581.05,101004.64,112235.6,101026.98,101002.52,101003.39,101003.25
17755.454245561,7150,100994.01,116601.31,100997.53,112219.54,101026.98,101000.41,101002.33,101006.23
17755.474824889,7151,100994.82,116628.47,100991.57,112235.1,101022.96,101005.48,101003.39,101007.26
17755.495443447,7152,100979.89,116680.72,100999.6,112220.72,101022.96,101000.41,101002.33,101007.26
17755.519526615,7153,100992.95,116709.51,100996.62,112244.79,101031.01,100998.51,101008.48,101000.28
17755.540233726,7154,100996.14,116792.98,100996.62,112268.87,101020.86,100993.44,101007.41,101004.29
17755.560590317,7155,100996.14,116890.24,100987.56,112300.97,101031.01,100996.39,101008.48,101004.29
17755.5813845,7156,100988.14,116971.29,100984.58,112383.58,101022.96,100986.47,100998.3,101000.28
17755.601734021,7157,100994.01,117076.66,100991.57,112477.54,101026.98,100994.5,101004.45,100995.23
17755.623064275,7158,100994.01,117217.29,100987.56,112532.06,101031.01,101001.47,100999.37,101004.29
17755.646128261,7159,101000.95,117321.04,100991.57,112576.2,101026.98,101006.54,101000.43,101007.26
17755.663431874,7160,100991.08,117398.46,101003.61,112604.78,101031.01,101000.41,101000.43,100999.24
17755.687534231,7161,100988.14,117498.16,100996.62,112660.96,101026.98,101000.41,101000.43,101007.26
17755.708143845,7162,100994.01,117574.36,100991.57,112681.02,101020.86,100998.51,101011.44,101007.26
17755.728613707,7163,100991.08,117614.49,101000.63,112694.24,101031.01,101000.41,101007.41,100992.25
17755.749245245,7164,100983.89,117708.93,101007.62,112728.0,101021.91,101010.55,101007.41,101007.26
17755.76982238,7165,100992.14,117790.0,100992.6,112792.91,101031.01,101009.49,101000.43,101007.26
17755.793211878,7166,101000.95,117862.96,100995.58,112860.44,101031.01,100999.57,101006.35,101005.2
17755.81093083,7167,100992.95,117939.98,101000.63,112927.01,101029.08,101000.41,101003.39,101010.24
17755.831602657,7168,100987.08,118034.43,101005.68,112991.22,101031.01,101001.47,101002.33,101008.3
17755.855531692,7169,101000.95,118114.29,100991.57,113063.46,101032.93,100996.39,101000.2,101016.32
17755.876178723,7170,101016.95,113962.95,101039.73,109916.37,101123.52,101042.66,101056.77,101058.5
17755.896587953,7171,101096.96,108938.43,101111.96,105148.23,101090.29,101076.67,101115.0,101112.58
17755.917322066,7172,101035.89,107946.35,101062.77,104922.79,101067.21,101054.71,101046.59,101037.28
17755.93781944,7173,101032.95,107636.08,101027.69,105182.49,101059.16,101045.62,101044.69,101040.39
17755.958546902,7174,101007.89,107119.6,101019.66,105081.93,101042.02,101030.62,101026.47,101016.32
17755.978781308,7175,101007.08,107095.34,100999.6,105164.26,101028.91,101009.49,101018.42,101016.32
17755.999529232,7176,101000.95,107078.05,101003.61,105171.16,101035.03,101008.44,101016.52,101022.27
17756.023554973,7177,100992.14,107025.48,100991.57,105182.49,101022.96,101002.52,101006.35,101006.23
17756.045164789,7178,100995.08,106925.51,100999.6,105233.47,101022.96,101010.55,101009.54,100998.21
17756.06472811,7179,100992.95,106823.31,100991.57,105217.44,101016.84,100994.5,101006.35,100999.24
17756.085364625,7180,100996.14,106779.95,100998.56,105245.49,101017.89,101001.47,101004.45,100991.22
17756.105795258,7181,100984.95,106718.19,100994.55,105268.42,101026.98,100992.38,101008.48,100995.23
17756.12726276,7182,100995.08,107191.26,100999.6,106037.67,101031.01,101018.58,101008.48,101011.28
17756.146840423,7183,101006.02,106682.91,101015.65,106326.18,101043.07,101042.66,101023.51,101024.34
17756.167870843,7184,101002.02,107009.31,101007.62,106518.53,101022.96,101013.51,101016.52,101012.31
17756.191156555,7185,100987.08,106820.38,100983.54,105846.46,101006.87,101002.52,100991.32,100990.19
17756.21224314,7186,101000.95,106541.4,100991.57,105427.56,101029.96,101002.52,101016.52,101002.22
17756.232346438,7187,100998.01,106805.32,101015.65,105781.24,101013.87,101006.54,101000.43,101007.26
17756.253409378,7188,100996.14,103256.63,100975.52,116968.88,100992.71,100964.28,100960.19,100974.14
17756.27331031,7189,101100.96,104361.62,101111.96,106422.35,101127.54,101126.96,101127.07,101110.51
17756.294301691,7190,101012.95,104950.56,101047.75,107275.98,101058.11,101046.68,101058.66,101039.35
17756.314524249,7191,101018.02,104765.75,101024.71,106450.4,101067.21,101048.58,101043.63,101039.35
17756.338527977,7192,101002.02,103193.87,101032.74,104974.17,101039.05,101009.49,101039.61,101030.3
17756.359190201,7193,101032.95,102826.23,101033.77,105147.13,101040.1,101022.59,101010.37,101020.33
17756.379658942,7194,101030.02,101082.38,101041.8,104395.15,101065.11,101049.63,101056.77,101048.41
17756.400244659,7195,101004.95,100730.0,101016.68,104451.22,101039.05,101032.52,101014.4,101022.27
17756.421856249,7196,101007.08,99716.53,101031.7,104475.26,101045.0,101024.49,101036.65,101040.39
17756.4412408,7197,100991.89,100128.35,101012.67,104464.34,101043.07,101021.54,101033.68,101019.3
17756.462338411,7198,101010.02,100211.21,101019.66,104442.11,101039.05,101024.49,101023.51,101032.36
17756.482447709,7199,101011.08,99144.31,101007.62,104415.17,101039.05,101009.49,101014.4,101027.32
17756.503454534,7200,101002.02,99745.84,101011.64,104415.17,101039.05,101008.44,101012.5,101016.32
17756.527149604,7201,101006.02,99773.05,101000.63,104397.34,101032.93,101010.55,101024.57,101022.27
17756.547762163,7202,100995.08,99314.9,101008.66,104390.04,101036.95,101010.55,101020.55,101010.24
17756.568279838,7203,101012.14,99361.26,100999.6,104391.14,101031.01,101013.51,101020.55,101010.24
17756.588725173,7204,101004.95,99095.87,101001.54,104393.34,101028.03,101016.46,101016.52,101007.26
17756.60928434,7205,101016.14,99378.45,101007.62,104387.14,101022.96,101014.57,101032.62,100999.24
17756.629781314,7206,100998.01,99300.71,100993.52,104373.31,101031.01,101005.48,101016.52,100998.21
17756.650522797,7207,100992.95,99331.05,100991.57,104368.92,101031.01,101009.49,101006.35,101006.23
17756.674539745,7208,100990.01,99095.87,101000.63,104367.11,101021.91,101007.6,101007.41,101016.32
17756.695204873,7209,101000.95,98981.8,100995.58,104375.12,101040.1,101002.52,101011.44,101014.25
17756.715684861,7210,100982.82,99087.79,100992.6,104335.07,101008.8,100986.47,100995.34,100992.25
17756.738164754,7211,100994.01,99160.46,100991.57,104348.18,101000.93,100992.38,101002.33,101001.31
17756.756742824,7212,101004.95,99176.6,100996.62,104345.27,101024.01,101001.47,101016.52,101011.28
17756.777293489,7213,101004.14,99200.82,101007.62,104373.31,101056.19,101036.53,101032.62,101031.33
17756.797816272,7214,101009.21,99179.6,100999.6,104354.0,101028.91,101005.48,101004.45,101010.24
17756.818397563,7215,100988.95,99168.53,100998.56,104357.29,101028.91,101008.44,101006.58,101000.28
17756.842576616,7216,100994.01,99169.57,100995.58,104348.18,101014.92,101005.48,101026.7,101015.29
17756.865894065,7217,101006.02,99248.23,101000.63,104341.27,101014.92,101014.57,101008.48,101009.33
17756.886395716,7218,100996.95,99296.67,101007.62,104202.89,101031.01,101025.55,101026.7,101016.32
17756.906842163,7219,100992.95,99288.6,100988.59,104185.77,100994.81,101006.54,101000.43,100988.24
17756.928053948,7220,101011.08,99293.67,101003.61,104347.08,101021.04,101009.49,101008.48,100999.24
17756.94673883,7221,100998.01,99280.52,100996.62,104089.65,101011.77,101006.54,101009.54,101007.26
17756.965994597,7222,100999.89,99272.45,100991.57,104347.08,101022.96,101013.51,101004.45,100999.24
17756.989776188,7223,101003.08,99287.68,100999.6,104344.17,101028.03,101010.55,101008.48,101008.3
17757.014506626,7224,101003.08,99281.56,100997.65,104351.09,101039.05,101009.49,101014.4,101004.29
17757.036664801,7225,100999.08,99273.49,100996.62,104353.28,101029.08,101010.55,101009.54,101002.22
17757.052024084,7226,101003.89,99288.72,101004.64,104351.09,101039.05,101005.48,101008.48,101012.31
