t_pc,sample_idx,S0,S1,S2,S3,S4,S5,S6,S7
1677.156932749,12342,100532.43,98001.41,100517.92,102960.92,100516.46,100537.94,100534.16,100533.13
1677.180747455,12343,100528.44,97991.39,100516.89,102975.83,100503.37,100537.94,100528.02,100528.1
1677.201300631,12344,100554.52,97971.24,100520.9,103004.9,100512.45,100545.96,100536.06,100525.13
1677.221967823,12345,100536.42,97962.15,100524.91,103002.73,100516.46,100553.98,100554.25,100535.07
1677.242631191,12346,100538.55,97974.24,100524.91,103017.64,100508.43,100543.85,100544.09,100534.17
1677.264290058,12347,100528.44,97971.24,100524.91,103019.81,100496.39,100540.9,100519.98,100521.12
1677.283664084,12348,100544.41,97965.15,100529.94,103027.81,100513.5,100538.79,100545.15,100523.06
1677.304326108,12349,100534.55,97953.06,100507.84,103033.63,100513.5,100537.94,100535.0,100524.1
1677.325067294,12350,100538.55,97974.24,100529.94,103031.8,100503.37,100543.85,100546.21,100523.06
1677.348710975,12351,100530.56,97966.18,100529.94,103018.72,100503.37,100541.95,100530.14,100525.13
1677.369278111,12352,100528.44,97955.12,100520.9,103051.8,100496.39,100536.89,100530.14,100517.12
1677.3898678,12353,100528.44,97944.06,100511.85,103061.62,100499.36,100532.88,100532.04,100515.06
1677.410475426,12354,100513.53,99561.17,100512.88,103122.68,100486.27,100529.93,100507.93,100507.05
1677.431093098,12355,100531.62,98014.53,100526.85,103075.79,100507.39,100552.92,100549.17,100533.13
1677.45165931,12356,100512.47,97991.39,100504.86,103070.7,100497.44,100535.83,100530.14,100501.11
1677.472284623,12357,100546.53,97966.18,100534.87,103082.69,100529.55,100555.87,100556.15,100525.13
1677.49284511,12358,100562.5,98013.5,100534.87,104173.25,100528.5,100566.0,100548.11,100536.1
1677.516633121,12359,100538.55,97989.32,100528.91,103057.62,100521.52,100560.94,100554.25,100529.13
1677.537236608,12360,100512.47,97975.27,100503.83,103066.7,100523.44,100539.84,100532.04,100521.12
1677.557854702,12361,100514.59,97958.12,100501.89,103082.69,100506.52,100537.94,100530.98,100526.16
1677.578577764,12362,100547.59,97965.15,100500.85,103073.61,100516.46,100535.83,100536.06,100530.16
1677.59918411,12363,100538.55,98118.28,100524.91,103127.76,100512.45,100537.94,100546.21,100546.17
1677.619896848,12364,100537.49,97983.33,100517.92,103091.78,100511.4,100536.89,100543.03,100540.11
1677.640510421,12365,100541.48,97972.17,100508.87,103084.87,100503.37,100543.85,100536.06,100531.07
1677.660859633,12366,100528.44,97975.27,100514.94,103099.78,100517.51,100535.83,100536.06,100525.13
1677.684556541,12367,100533.49,97956.06,100510.93,103090.69,100521.52,100534.78,100535.0,100542.17
1677.705094065,12368,100544.41,97963.18,100532.92,103082.69,100530.6,100549.97,100544.09,100537.14
1677.725744668,12369,100530.56,97991.39,100530.98,103081.96,100529.55,100537.94,100535.0,100533.13
1677.746377419,12370,100528.44,97975.27,100522.96,103087.78,100507.39,100535.83,100538.18,100529.13
1677.767034687,12371,100525.51,97960.18,100514.83,103099.78,100503.37,100543.85,100535.0,100536.23
1677.787580931,12372,100530.56,97961.12,100510.82,103090.69,100513.5,100536.89,100544.09,100532.1
1677.808179226,12373,100526.57,97975.27,100514.94,103093.95,100519.43,100535.83,100528.02,100545.14
1677.828779002,12374,100530.56,97965.15,100504.86,103099.78,100521.52,100537.94,100532.04,100545.14
1677.852521629,12375,100532.43,97955.12,100529.94,103107.77,100519.6,100539.84,100532.04,100534.17
1677.873120493,12376,100539.61,97971.24,100512.88,103103.77,100520.48,100544.9,100542.19,100528.1
1677.893702871,12377,100536.42,97968.24,100529.94,103103.77,100528.5,100547.86,100541.97,100536.1
1677.914416158,12378,100533.49,97965.15,100531.89,103097.6,100521.52,100545.96,100542.19,100541.14
1677.9349395,12379,100537.49,97966.18,100528.91,103114.68,100527.63,100548.91,100532.04,100531.19
1677.955459782,12380,100522.58,97962.15,100508.87,103117.94,100503.55,100523.81,100527.18,100531.19
1677.97604724,12381,100514.59,97949.03,100503.83,103098.69,100504.42,100521.91,100528.02,100520.09
1677.996828001,12382,100516.46,97949.03,100504.86,103117.94,100495.35,100539.84,100530.14,100525.13
1678.020437076,12383,100528.44,97965.15,100513.91,103114.68,100517.51,100536.89,100538.18,100529.13
1678.041107504,12384,100522.58,97958.12,100524.91,103123.76,100512.45,100531.82,100530.14,100529.13
1678.06170623,12385,100530.56,97950.06,100529.94,103141.93,100524.49,100543.85,100546.21,100540.11
1678.08236754,12386,100525.51,97951.09,100532.92,103130.67,100521.52,100539.84,100535.0,100533.13
1678.102837209,12387,100536.42,97950.06,100530.86,103132.85,100515.42,100548.07,100535.0,100541.14
1678.123482451,12388,100525.51,97937.97,100511.85,103141.93,100513.5,100541.95,100540.07,100543.2
1678.144083477,12389,100530.56,97943.03,100528.91,103147.75,100524.49,100549.97,100534.16,100545.14
1678.164661571,12390,100532.43,97956.06,100524.91,103151.75,100520.48,100540.9,100537.12,100541.14
1678.188468398,12391,100530.56,97949.03,100528.91,103159.75,100529.55,100536.89,100525.9,100535.2
1678.209024374,12392,100528.44,97928.88,100512.88,103137.58,100500.41,100536.89,100532.04,100519.19
1678.229572709,12393,100530.56,97918.85,100506.81,103149.93,100508.43,100541.95,100536.06,100526.16
1678.250298671,12394,100529.5,97914.82,100528.91,103146.67,100517.51,100541.95,100530.98,100517.12
1678.270770561,12395,100530.56,97918.85,100527.88,103140.85,100517.51,100537.94,100540.3,100521.12
1678.291624268,12396,100520.46,97915.76,100515.86,103151.75,100517.51,100539.0,100534.16,100517.12
1678.312016227,12397,100529.5,97894.67,100528.91,103145.58,100509.48,100541.95,100532.04,100518.03
1678.332660497,12398,100540.42,97902.73,100528.91,103158.66,100521.52,100537.94,100538.18,100526.16
1678.356389425,12399,100535.36,97913.79,100524.91,103147.75,100519.6,100545.96,100542.19,100526.16
1678.376941947,12400,100523.64,97894.67,100528.91,103171.75,100505.47,100537.94,100535.0,100524.1
1678.397588101,12401,100526.57,97884.64,100513.91,103155.75,100504.42,100536.89,100539.24,100525.13
1678.420087475,12402,100538.55,97884.55,100516.89,103119.77,100513.5,100537.94,100540.07,100521.12
1678.439109517,12403,100524.45,97888.58,100510.82,103103.77,100519.6,100544.9,100538.18,100526.16
1678.459495253,12404,100531.62,97876.49,100508.87,103088.87,100517.51,100537.94,100548.33,100525.13
1678.479952208,12405,100529.5,97880.52,100512.88,103103.77,100515.42,100537.94,100534.16,100541.14
1678.503683065,12406,100526.57,97878.55,100529.94,103099.78,100521.52,100535.83,100530.14,100549.15
1678.524343264,12407,100534.55,97872.46,100529.94,103103.77,100518.56,100547.86,100538.18,100534.17
1678.544947238,12408,100522.58,97875.46,100515.86,103099.78,100520.48,100535.83,100531.2,100542.17
1678.565529348,12409,100532.43,97868.43,100511.85,103105.95,100513.5,100535.83,100542.19,100542.17
1678.586104064,12410,100526.57,97865.43,100520.9,103091.78,100508.43,100545.96,100530.14,100525.13
1678.606698746,12411,100528.44,97873.49,100520.9,103095.78,100500.41,100527.82,100528.02,100533.13
1678.627751614,12412,100536.42,97858.4,100529.94,103099.78,100509.48,100544.9,100536.06,100541.14
1678.648418065,12413,100528.44,97878.55,100512.88,103092.87,100505.47,100536.89,100538.18,100531.07
1678.671624989,12414,100533.49,97861.4,100504.86,103093.95,100497.44,100528.87,100528.02,100545.14
1678.692322889,12415,100522.58,97862.43,100510.82,103071.79,100503.55,100529.93,100540.3,100529.13
1678.712925971,12416,100520.46,97867.4,100516.89,103085.96,100509.48,100545.96,100538.18,100546.17
1678.733557862,12417,100536.42,97878.55,100524.91,103091.78,100517.51,100544.9,100544.09,100532.1
1678.754339027,12418,100537.49,97872.46,100519.87,103087.78,100511.4,100541.95,100535.0,100533.13
1678.775116793,12419,100532.43,97872.46,100510.82,103091.78,100501.45,100535.83,100528.02,100534.17
1678.795580307,12420,100525.51,97873.49,100512.88,103093.95,100513.5,100535.83,100540.3,100537.14
1678.816265049,12421,100521.52,97861.4,100512.88,103077.96,100517.51,100536.89,100541.36,100533.13
1678.839635501,12422,100532.69,97864.4,100512.88,103083.78,100513.5,100533.93,100537.12,100544.11
1678.860322176,12423,100528.44,97867.4,100517.92,103083.05,100521.52,100536.89,100542.19,100527.19
1678.880880981,12424,100523.39,97867.49,100524.91,103093.95,100518.56,100547.01,100535.0,100533.13
1678.901432896,12425,100531.62,97864.4,100503.83,103083.78,100517.51,100540.9,100546.21,100533.13
1678.922035831,12426,100528.44,97876.49,100529.94,103089.96,100511.58,100543.85,100540.07,100540.11
1678.942608995,12427,100540.67,97869.46,100512.88,103082.69,100516.46,100529.71,100530.14,100533.13
1678.963247596,12428,100518.59,97865.43,100509.9,103072.87,100529.55,100537.94,100530.98,100527.07
1678.983754323,12429,100526.57,97868.43,100524.91,103068.88,100521.52,100544.9,100540.07,100541.14
1679.007622083,12430,100526.57,97864.4,100524.91,103077.96,100521.52,100548.91,100538.18,100521.12
1679.028244682,12431,100530.56,97868.43,100510.82,103081.96,100521.52,100539.84,100530.14,100523.06
1679.048870579,12432,100530.56,97868.43,100512.88,103070.7,100513.5,100545.96,100536.06,100519.19
1679.069438757,12433,100524.45,97869.46,100513.8,103087.04,100513.5,100541.95,100534.16,100529.13
1679.090020338,12434,100522.58,97860.37,100515.86,103071.79,100529.55,100539.84,100530.14,100531.19
1679.110594878,12435,100530.56,97874.52,100510.82,103069.96,100517.51,100541.95,100542.19,100524.1
1679.131273275,12436,100526.57,97869.46,100512.88,103069.96,100517.51,100537.94,100522.94,100529.13
1679.151840106,12437,100530.56,97882.58,100520.9,103069.96,100505.47,100545.96,100538.18,100525.13
1679.175572957,12438,100530.56,97878.55,100516.89,103069.96,100517.51,100544.9,100536.06,100525.13
1679.1961521,12439,100530.56,97874.52,100510.82,103073.96,100519.6,100536.04,100538.18,100541.14
1679.216755973,12440,100535.36,97874.52,100511.85,103065.96,100512.45,100535.83,100536.06,100532.1
1679.237369178,12441,100526.57,97863.37,100510.82,103068.88,100517.51,100525.71,100540.3,100527.19
1679.257938531,12442,100531.62,97866.46,100516.89,103067.79,100515.59,100549.97,100538.18,100534.17
1679.278614778,12443,100532.43,97860.37,100524.91,103077.96,100511.58,100539.84,100526.12,100533.13
1679.299199212,12444,100528.44,97860.37,100512.88,103069.96,100501.45,100545.96,100538.18,100527.07
1679.319789525,12445,100529.5,97872.46,100512.88,103075.79,100517.51,100551.87,100540.07,100542.17
1679.343486145,12446,100528.44,97862.43,100514.83,103076.87,100512.45,100539.84,100528.02,100527.07
1679.36415985,12447,100534.55,97864.4,100524.91,103077.96,100514.54,100537.94,100528.02,100529.13
1679.384698781,12448,100538.55,97862.43,100524.91,103077.96,100497.44,100531.82,100536.06,100531.07
1679.405305112,12449,100530.56,97869.46,100532.92,103073.96,100514.54,100528.87,100539.24,100539.08
1679.425882279,12450,100542.54,97866.46,100512.88,103084.87,100504.42,100537.94,100548.33,100541.14
1679.446537706,12451,100532.69,97865.43,100526.97,103077.96,100498.49,100536.89,100533.1,100533.13
1679.467152933,12452,100528.44,97869.46,100518.95,103073.96,100507.56,100539.84,100543.03,100540.11
1679.487696061,12453,100531.37,97868.43,100529.94,103081.96,100508.43,100540.9,100536.28,100541.14
1679.511437773,12454,100528.44,97870.49,100522.96,103080.87,100510.53,100536.89,100530.14,100538.17
1679.532094287,12455,100526.57,97876.49,100527.88,103093.95,100503.55,100531.82,100528.02,100525.13
1679.552669964,12456,100535.62,97866.37,100512.88,103083.78,100510.53,100537.73,100539.24,100529.13
1679.573318769,12457,100538.55,97872.46,100515.86,103093.95,100517.51,100537.94,100536.28,100529.13
1679.593898697,12458,100540.67,97877.52,100522.84,103089.96,100523.62,100536.89,100540.07,100528.1
1679.614474048,12459,100530.56,97870.4,100512.88,103093.95,100515.59,100541.95,100530.14,100530.16
1679.63510071,12460,100532.43,97874.52,100509.9,103092.87,100515.59,100545.96,100543.25,100537.14
1679.658870081,12461,100532.69,97864.4,100512.88,103084.87,100511.4,100547.86,100542.19,100534.17
1679.679460978,12462,100535.62,97874.52,100528.91,103079.78,100514.54,100527.82,100529.08,100533.13
1679.700079824,12463,100530.56,97869.46,100525.94,103097.95,100516.64,100545.96,100534.16,100531.07
1679.72067301,12464,100522.58,97873.49,100512.88,103092.87,100523.62,100543.85,100546.21,100531.19
1679.741214252,12465,100529.5,97874.52,100521.93,103101.95,100523.62,100541.95,100539.24,100543.2
1679.76181257,12466,100525.51,97878.55,100521.93,103100.86,100514.54,100536.89,100534.16,100536.23
1679.782430458,12467,100536.42,97870.49,100524.91,103099.04,100525.54,100541.95,100528.02,100528.1
1679.80305062,12468,100521.52,97870.49,100511.85,103105.95,100527.63,100536.89,100539.24,100529.13
1679.82674612,12469,100529.5,97882.58,100516.89,103103.77,100521.52,100545.96,100538.18,100526.16
1679.847369247,12470,100526.57,97886.61,100528.91,103113.95,100512.45,100533.93,100537.12,100524.1
1679.867987386,12471,100530.56,97872.46,100505.89,103093.95,100523.62,100539.84,100535.22,100529.13
1679.888634362,12472,100530.56,97871.52,100504.86,103103.77,100512.45,100541.74,100539.24,100525.13
1679.909241102,12473,100523.64,97877.52,100520.9,103100.86,100515.59,100549.97,100534.16,100528.22
1679.929778067,12474,100530.56,97878.55,100528.91,103091.78,100523.62,100549.97,100547.27,100528.22
1679.950377341,12475,100530.56,97881.55,100520.9,103103.77,100514.54,100535.83,100538.18,100525.13
1679.971036722,12476,100534.55,97876.49,100518.95,103097.95,100515.59,100540.9,100539.24,100529.13
1679.994736105,12477,100525.51,97882.58,100512.88,103096.86,100511.4,100544.9,100528.02,100537.14
1680.015440764,12478,100531.62,97874.43,100510.93,103101.95,100519.6,100540.9,100532.26,100530.16
1680.03592702,12479,100528.44,97880.52,100527.88,103097.95,100517.51,100532.88,100540.3,100529.13
1680.05652645,12480,100533.49,97885.58,100510.82,103101.95,100512.45,100531.82,100539.24,100543.2
1680.07717883,12481,100535.62,97885.58,100512.88,103099.78,100512.45,100537.94,100530.14,100533.13
1680.097716992,12482,100525.51,97880.52,100507.84,103103.77,100510.53,100541.95,100538.18,100543.2
1680.118367771,12483,100531.62,97894.67,100528.91,103103.04,100506.52,100537.94,100530.14,100544.24
1680.138975968,12484,100524.45,97880.61,100510.93,103117.94,100523.62,100555.03,100538.18,100534.17
1680.16266591,12485,100530.56,97878.55,100513.91,103102.69,100504.42,100541.95,100528.02,100526.16
1680.183280205,12486,100528.44,97885.58,100512.88,103117.94,100506.52,100543.85,100542.19,100527.19
1680.203908065,12487,100530.56,97880.52,100512.88,103117.94,100514.54,100537.94,100532.04,100537.14
1680.224470189,12488,100531.62,97876.49,100512.88,103103.04,100505.47,100531.82,100533.1,100533.13
1680.245151467,12489,100536.68,97872.46,100513.91,103111.03,100505.47,100548.91,100539.24,100533.13
1680.265665274,12490,100533.49,97878.55,100513.91,103117.94,100504.42,100540.05,100540.07,100523.19
1680.286272159,12491,100532.43,97878.55,100508.87,103103.77,100512.45,100540.05,100534.16,100543.2
1680.306952586,12492,100530.56,97893.64,100505.89,103125.94,100506.52,100539.0,100534.16,100535.2
1680.330655021,12493,100529.5,97876.49,100512.88,103116.86,100507.56,100541.95,100535.22,100538.17
1680.351252061,12494,100530.56,97878.55,100512.88,103117.94,100516.46,100544.06,100538.18,100529.13
1680.371828821,12495,100526.57,97882.49,100516.89,103117.94,100513.5,100537.94,100540.3,100551.21
1680.392486824,12496,100529.5,97885.58,100509.9,103115.03,100521.52,100535.83,100538.18,100526.16
1680.413058851,12497,100538.55,97883.52,100526.97,103115.77,100505.47,100556.93,100539.24,100537.26
1680.433664392,12498,100526.57,97882.58,100511.85,103117.94,100515.59,100535.83,100534.16,100525.13
1680.454317047,12499,100530.56,97878.55,100514.83,103131.76,100513.5,100535.83,100534.16,100533.13
1680.474916564,12500,100536.42,97890.64,100528.91,103117.94,100521.52,100532.88,100538.18,100541.14
1680.498607187,12501,100530.56,97892.61,100524.91,103121.94,100525.54,100529.93,100547.27,100524.1
1680.519238522,12502,100531.62,97890.64,100523.87,103121.94,100525.54,100547.86,100536.06,100525.13
1680.539806234,12503,100520.46,97902.73,100512.88,103125.94,100505.47,100544.9,100532.04,100525.13
1680.560398105,12504,100535.62,97884.55,100511.85,103135.03,100517.51,100536.89,100526.96,100527.19
1680.581049063,12505,100528.44,97888.58,100510.82,103117.94,100521.52,100544.9,100539.24,100525.13
1680.601654433,12506,100531.62,97897.67,100512.88,103117.94,100517.51,100539.84,100538.18,100521.12
1680.622249616,12507,100527.63,97892.61,100520.9,103141.93,100521.52,100535.83,100535.22,100532.23
1680.642849127,12508,100530.56,97890.64,100512.88,103133.94,100522.57,100536.89,100536.28,100527.19
1680.666576919,12509,100530.56,97892.61,100515.86,103139.02,100521.52,100537.94,100530.14,100524.1
1680.687118003,12510,100520.46,97892.61,100512.88,103133.94,100521.52,100545.96,100544.31,100537.14
1680.707777664,12511,100531.62,97898.7,100513.91,103115.77,100525.54,100541.95,100542.19,100541.14
1680.72844468,12512,100522.58,97891.58,100504.86,103121.94,100513.5,100535.83,100546.21,100531.19
1680.748993512,12513,100530.56,97881.55,100514.83,103145.93,100502.5,100540.9,100538.18,100529.13
1680.769581697,12514,100528.44,97884.55,100508.87,103116.86,100515.59,100536.89,100530.14,100533.13
1680.790172606,12515,100530.56,97893.64,100512.88,103129.94,100507.56,100540.9,100532.26,100543.2
1680.810800881,12516,100526.57,97887.55,100529.94,103133.94,100517.51,100541.95,100534.16,100536.23
1680.834498514,12517,100534.55,97878.55,100524.91,103137.94,100515.59,100540.9,100534.16,100541.14
1680.855158075,12518,100533.49,97893.64,100534.98,103133.94,100514.54,100545.96,100547.27,100542.17
1680.875695344,12519,100546.53,97900.67,100517.92,103137.94,100509.48,100545.96,100546.21,100550.18
1680.896390424,12520,100532.43,97896.64,100523.87,103133.94,100500.41,100544.9,100536.06,100529.13
1680.916924859,12521,100523.64,97886.61,100513.91,103133.94,100514.54,100545.96,100539.01,100526.16
1680.93757421,12522,100530.56,97890.64,100513.91,103144.11,100503.55,100537.94,100535.22,100533.13
1680.958227823,12523,100524.45,97891.58,100520.9,103141.93,100519.6,100545.96,100538.18,100534.17
1680.981871558,12524,100530.56,97893.64,100512.88,103139.76,100507.56,100536.04,100538.18,100547.21
1681.002438584,12525,100524.7,97895.7,100512.88,103139.76,100513.5,100544.9,100530.14,100542.17
1681.023130431,12526,100534.55,97894.67,100524.91,103139.02,100519.6,100544.9,100534.16,100529.13
1681.043702768,12527,100532.69,97903.67,100508.87,103143.02,100513.5,100544.9,100535.0,100551.21
1681.06428255,12528,100538.55,97898.61,100512.88,103133.94,100500.41,100538.79,100530.14,100550.18
1681.084911031,12529,100526.57,97899.73,100509.9,103131.76,100513.5,100531.82,100538.18,100533.13
1681.105519919,12530,100538.55,97894.67,100516.89,103140.11,100519.6,100531.82,100538.18,100538.17
1681.126178001,12531,100530.56,97902.73,100507.84,103145.93,100513.5,100544.9,100538.18,100534.17
1681.149848025,12532,100529.5,97910.79,100514.94,103143.02,100500.41,100543.85,100539.24,100529.13
1681.17041443,12533,100522.58,97893.64,100524.91,103148.84,100510.53,100540.9,100538.18,100536.23
1681.191093817,12534,100543.6,97900.67,100526.85,103149.93,100520.65,100541.95,100536.06,100529.13
1681.211675041,12535,100530.56,97904.7,100514.94,103139.76,100521.52,100545.96,100542.19,100535.2
1681.232250352,12536,100526.57,97896.64,100512.88,103149.93,100513.5,100539.0,100530.14,100533.13
1681.252847789,12537,100522.58,97901.7,100512.88,103140.85,100512.45,100539.84,100530.14,100526.16
1681.273469196,12538,100530.56,97892.61,100520.9,103151.75,100514.54,100536.89,100541.13,100521.12
1681.294069617,12539,100526.57,97902.73,100515.86,103145.93,100513.5,100543.85,100539.24,100528.1
1681.317746841,12540,100531.62,97896.64,100528.91,103151.75,100511.58,100537.94,100535.0,100527.19
1681.338396095,12541,100526.57,97900.67,100520.9,103148.84,100523.62,100537.94,100528.02,100530.16
1681.359038115,12542,100526.57,97900.67,100533.95,103159.75,100514.54,100538.79,100530.14,100524.1
1681.379628112,12543,100531.62,97902.73,100512.88,103149.93,100527.63,100536.89,100531.2,100526.16
1681.400149751,12544,100532.69,97902.73,100503.83,103149.93,100513.5,100540.9,100519.14,100525.13
1681.420749262,12545,100532.69,97909.76,100520.9,103149.93,100527.63,100541.95,100528.02,100528.22
1681.44137346,12546,100530.56,97906.76,100513.91,103147.75,100506.52,100540.9,100542.19,100537.14
1681.461890025,12547,100522.58,97902.73,100524.91,103151.75,100515.59,100533.93,100538.18,100530.16
1681.48573507,12548,100529.5,97922.88,100511.85,103152.84,100518.56,100539.0,100526.12,100530.16
1681.506345817,12549,100529.5,97911.73,100513.91,103157.93,100513.5,100545.96,100550.45,100539.2
1681.52697479,12550,100522.58,97913.79,100507.84,103163.75,100513.5,100528.87,100526.96,100546.17
1681.547488693,12551,100530.56,97906.76,100521.93,103168.1,100513.5,100537.94,100534.16,100533.13
1681.568178062,12552,100538.55,97909.76,100524.91,103163.75,100517.51,100537.94,100535.22,100532.1
1681.588806989,12553,100530.56,97916.79,100512.88,103155.02,100503.55,100543.85,100536.06,100542.17
1681.609404299,12554,100533.49,97903.67,100505.89,103165.92,100521.52,100543.01,100537.34,100525.13
1681.629942123,12555,100524.45,97910.79,100515.86,103149.93,100516.64,100537.94,100531.2,100540.11
1681.653666664,12556,100527.63,97909.76,100516.89,103160.1,100503.55,100533.93,100535.22,100545.14
1681.674209622,12557,100530.56,97910.79,100504.86,103149.93,100503.55,100540.9,100534.16,100535.2
1681.694927435,12558,100535.62,97910.79,100514.94,103163.01,100511.58,100547.01,100538.18,100541.14
1681.715487094,12559,100535.62,97918.85,100512.88,103173.92,100497.44,100548.07,100530.14,100544.24
1681.736139486,12560,100543.6,97915.85,100516.89,103152.84,100506.52,100536.89,100539.24,100530.16
1681.756728458,12561,100530.56,97910.79,100511.85,103171.01,100511.58,100544.9,100538.18,100537.14
1681.777372199,12562,100526.57,97900.67,100505.89,103155.02,100513.5,100540.9,100539.24,100543.2
1681.797935308,12563,100530.56,97912.76,100509.9,103167.01,100512.45,100543.85,100537.12,100539.2
1681.821663478,12564,100540.67,97914.82,100514.94,103167.01,100513.5,100551.87,100530.14,100537.14
1681.84231811,12565,100534.55,97907.7,100512.88,103173.92,100514.54,100540.9,100537.12,100535.2
1681.862882746,12566,100530.56,97918.85,100511.85,103161.93,100515.59,100535.83,100534.16,100525.13
1681.883393312,12567,100539.61,97921.85,100516.89,103175.01,100523.62,100539.0,100540.3,100531.19
1681.903968243,12568,100527.63,97916.79,100512.88,103165.92,100510.53,100537.94,100537.34,100542.17
1681.924638533,12569,100534.55,97914.82,100520.9,103179.01,100510.53,100533.93,100535.22,100531.19
1681.945232012,12570,100524.7,97924.94,100524.91,103169.92,100513.5,100545.96,100530.14,100528.22
1681.965864859,12571,100535.62,97914.82,100529.94,103165.92,100513.5,100539.0,100537.34,100542.17
1681.98959365,12572,100539.61,97927.94,100527.88,103177.92,100518.56,100537.94,100544.09,100534.17
1682.010229101,12573,100526.57,97918.85,100512.88,103191.0,100519.6,100541.95,100532.26,100535.2
1682.030811821,12574,100530.56,97926.91,100509.9,103181.92,100512.45,100537.94,100530.14,100534.17
1682.051401044,12575,100534.55,97920.82,100512.88,103177.92,100513.5,100545.96,100538.18,100527.19
1682.071985363,12576,100526.57,97916.79,100512.88,103177.92,100523.62,100544.9,100536.06,100531.19
1682.09260863,12577,100523.64,97926.91,100515.86,103191.0,100515.59,100541.95,100540.3,100530.16
1682.113234515,12578,100531.62,97920.82,100522.84,103173.92,100521.52,100539.84,100528.02,100538.17
1682.133787133,12579,100529.5,97922.88,100529.94,103184.1,100522.57,100527.82,100529.3,100537.26
1682.157613319,12580,100530.56,97918.85,100538.99,103183.01,100513.5,100545.96,100539.24,100526.16
1682.178193535,12581,100531.62,97918.85,100528.91,103183.01,100506.52,100537.94,100536.28,100535.2
1682.198711598,12582,100532.69,97924.85,100529.94,103180.83,100515.59,100545.96,100530.14,100538.17
1682.21932312,12583,100532.69,97922.88,100507.84,103189.92,100513.5,100539.0,100533.32,100543.2
1682.239953788,12584,100532.69,97924.85,100534.98,103183.01,100515.59,100540.9,100536.06,100535.2
1682.260554707,12585,100531.62,97924.85,100504.86,103181.92,100518.56,100547.01,100543.25,100527.19
1682.28117725,12586,100528.44,97926.91,100528.91,103191.0,100515.59,100545.96,100542.19,100530.16
1682.304879814,12587,100531.62,97925.88,100512.88,103195.0,100514.54,100536.89,100534.16,100532.23
1682.325525269,12588,100539.61,97916.79,100511.85,103204.09,100523.62,100540.9,100530.14,100536.23
1682.346217343,12589,100530.56,97920.82,100502.8,103183.01,100513.5,100539.84,100540.3,100534.17
1682.366672576,12590,100535.62,97932.91,100512.88,103183.01,100506.52,100547.01,100538.18,100527.19
1682.387359609,12591,100526.57,97926.91,100516.89,103191.0,100503.55,100544.9,100532.04,100537.14
1682.40806894,12592,100539.61,97932.91,100510.82,103191.0,100510.53,100536.89,100528.02,100527.07
1682.42850891,12593,100531.62,97931.88,100528.91,103177.92,100519.6,100533.93,100538.18,100544.24
1682.449158387,12594,100522.58,97925.88,100529.94,103195.0,100517.68,100540.9,100538.18,100539.2
1682.472822034,12595,100531.62,97933.94,100517.92,103193.18,100514.54,100541.95,100536.28,100541.14
1682.493455784,12596,100532.69,97924.85,100519.87,103193.91,100515.59,100541.95,100536.06,100531.19
1682.514056328,12597,100532.69,97924.85,100524.91,103189.92,100506.52,100529.93,100540.3,100535.2
1682.534665727,12598,100526.57,97936.94,100528.91,103189.92,100509.48,100533.93,100539.24,100542.17
1682.555231548,12599,100537.49,97932.91,100520.9,103189.92,100512.62,100535.83,100536.28,100539.2
1682.575833842,12600,100522.58,97924.85,100529.94,103196.09,100507.56,100537.94,100538.18,100542.17
1682.596404549,12601,100532.69,97938.91,100512.88,103200.09,100515.59,100549.97,100536.06,100526.16
1682.617028272,12602,100531.62,97940.97,100508.87,103199.0,100504.42,100541.95,100540.3,100537.14
1682.640764668,12603,100527.63,97936.94,100529.94,103199.0,100519.6,100537.94,100536.06,100542.17
1682.661394929,12604,100532.69,97932.91,100513.91,103199.0,100513.5,100547.01,100548.33,100527.19
1682.682026636,12605,100526.57,97932.91,100512.88,103197.91,100515.59,100545.96,100530.14,100534.17
1682.70261298,12606,100531.62,97943.03,100512.88,103199.0,100513.5,100536.89,100543.25,100526.16
1682.723215131,12607,100532.69,97941.06,100516.89,103205.91,100507.56,100540.05,100528.86,100531.19
1682.743838019,12608,100524.45,97939.0,100526.85,103189.92,100523.62,100547.01,100531.2,100540.23
1682.764419198,12609,100521.52,97940.97,100514.94,103197.91,100523.62,100547.01,100542.19,100534.17
1682.78503145,12610,100531.62,97940.97,100517.92,103197.91,100507.56,100545.96,100534.16,100526.16
1682.808748349,12611,100528.44,97933.94,100514.94,103207.0,100514.54,100545.12,100546.21,100526.16
1682.829322556,12612,100525.51,97932.91,100516.89,103199.0,100512.45,100539.0,100539.24,100531.19
1682.85000583,12613,100538.55,97939.0,100523.87,103201.91,100519.6,100540.9,100532.26,100527.19
1682.870619381,12614,100531.62,97936.94,100512.88,103213.91,100519.6,100544.9,100538.18,100533.13
1682.891144864,12615,100526.57,97932.91,100504.86,103207.0,100521.52,100536.89,100539.24,100531.19
1682.911752416,12616,100534.55,97940.03,100512.88,103195.74,100505.64,100544.9,100541.36,100541.14
1682.932449398,12617,100522.58,97940.97,100504.86,103199.0,100526.59,100541.95,100543.25,100533.13
1682.952863382,12618,100524.7,97943.03,100521.93,103212.09,100518.56,100541.95,100528.02,100531.19
1682.976713661,12619,100530.56,97950.06,100519.87,103215.0,100513.5,100531.82,100522.1,100539.2
1682.997339244,12620,100531.62,97945.0,100527.88,103201.91,100517.51,100529.93,100531.2,100527.19
1683.017873246,12621,100534.55,97948.0,100514.94,103213.91,100519.6,100537.94,100539.24,100536.23
1683.038413167,12622,100521.52,97940.97,100528.91,103209.91,100514.54,100533.93,100540.3,100545.14
1683.059111688,12623,100530.56,97931.88,100528.91,103209.18,100517.51,100543.85,100542.19,100533.13
1683.079685222,12624,100535.62,97949.03,100511.85,103212.09,100506.52,100544.06,100530.14,100543.2
1683.100400186,12625,100532.69,97951.09,100514.94,103209.91,100514.54,100535.83,100530.14,100534.17
1683.120988009,12626,100528.44,97940.97,100506.92,103208.09,100513.5,100533.93,100538.18,100536.23
1683.144623102,12627,100532.69,97943.03,100528.91,103204.09,100515.59,100537.94,100538.18,100540.23
1683.165320628,12628,100528.44,97940.97,100510.93,103205.91,100512.62,100535.83,100536.28,100535.2
1683.185817046,12629,100530.56,97946.03,100512.88,103217.17,100507.56,100535.83,100531.2,100551.21
1683.206478061,12630,100524.7,97945.0,100505.89,103209.91,100511.58,100536.89,100534.38,100537.14
1683.227036856,12631,100534.55,97943.03,100533.95,103213.91,100510.53,100535.83,100550.45,100535.2
1683.247619833,12632,100526.57,97949.03,100512.88,103213.91,100507.56,100537.94,100532.26,100526.16
1683.268282436,12633,100531.62,97959.15,100524.91,103205.91,100515.59,100539.0,100542.42,100539.2
1683.289038302,12634,100526.57,97945.0,100508.87,103215.0,100515.59,100534.99,100533.32,100529.13
1683.312594422,12635,100522.58,97942.0,100507.84,103209.91,100505.47,100548.07,100532.04,100542.17
1683.333228898,12636,100532.69,97947.06,100506.92,103213.91,100511.58,100543.85,100532.26,100534.17
1683.353834033,12637,100531.62,97942.0,100505.89,103225.9,100511.75,100549.97,100535.22,100527.19
1683.374488854,12638,100529.5,97954.09,100520.9,103229.9,100515.59,100540.9,100540.3,100537.14
1683.395060568,12639,100530.56,97951.09,100513.91,103220.08,100513.5,100537.94,100531.2,100534.17
1683.415663252,12640,100530.56,97950.06,100521.93,103215.0,100513.5,100537.94,100540.3,100534.17
1683.436289972,12641,100525.51,97953.06,100509.9,103217.9,100504.42,100543.01,100536.28,100526.16
1683.459992344,12642,100531.62,97953.06,100515.86,103218.99,100511.58,100535.83,100535.22,100531.19
1683.480559998,12643,100531.62,97955.12,100518.95,103217.9,100515.59,100533.93,100540.3,100526.16
1683.501191746,12644,100529.5,97957.09,100513.91,103224.08,100527.63,100527.82,100545.37,100537.14
1683.521777001,12645,100536.68,97950.06,100512.88,103230.99,100515.59,100535.83,100536.28,100525.13
1683.542347906,12646,100528.69,97954.09,100530.98,103222.99,100506.52,100541.95,100540.3,100527.19
1683.563011253,12647,100528.44,97943.03,100514.94,103221.9,100518.56,100545.96,100531.2,100525.13
1683.583573031,12648,100526.57,97953.06,100522.96,103217.9,100517.51,100543.85,100532.26,100534.17
1683.604140984,12649,100531.62,97955.12,100513.91,103222.99,100523.62,100536.89,100544.31,100542.17
1683.627861904,12650,100532.69,97958.12,100512.88,103222.99,100515.59,100545.96,100533.32,100541.14
1683.648541138,12651,100539.61,97961.12,100527.88,103226.99,100516.46,100537.94,100535.22,100541.26
1683.669212027,12652,100520.71,97948.0,100512.88,103222.99,100523.62,100537.94,100538.18,100529.13
1683.68974246,12653,100529.5,97951.09,100524.91,103230.99,100519.6,100547.01,100533.32,100522.16
1683.710343346,12654,100530.56,97968.24,100512.88,103230.99,100501.45,100543.01,100541.36,100535.2
1683.731052827,12655,100536.68,97953.06,100528.91,103221.9,100521.52,100548.91,100548.33,100535.2
1683.751557025,12656,100528.44,97962.15,100522.96,103230.99,100519.6,100537.94,100536.28,100535.2
1683.7720367,12657,100539.61,97953.06,100514.94,103213.91,100513.5,100540.05,100532.26,100535.2
1683.795906831,12658,100525.51,97959.15,100512.88,103229.9,100513.5,100547.01,100534.38,100541.14
1683.816461397,12659,100532.43,97949.03,100528.91,103236.08,100521.52,100541.95,100540.3,100535.2
1683.837093254,12660,100521.52,97958.12,100520.9,103232.08,100515.59,100533.93,100540.3,100547.21
1683.85763906,12661,100532.43,97962.15,100521.93,103226.99,100519.6,100541.95,100543.25,100530.16
1683.878198392,12662,100528.44,97949.03,100516.89,103229.17,100524.67,100541.95,100532.26,100534.17
1683.898813404,12663,100528.44,97958.12,100504.86,103228.08,100513.5,100535.83,100531.2,100534.17
1683.919552398,12664,100534.55,97959.15,100520.9,103221.9,100514.54,100537.94,100533.32,100530.16
1683.940120909,12665,100521.52,97956.06,100508.87,103232.08,100514.54,100537.94,100537.12,100538.17
1683.963818438,12666,100527.63,97963.18,100510.93,103217.9,100513.5,100540.9,100539.24,100533.13
1683.98439972,12667,100530.56,97961.12,100513.91,103229.9,100523.62,100537.94,100532.26,100547.21
1684.005037911,12668,100515.65,97968.24,100520.9,103238.25,100513.5,100545.96,100542.42,100542.17
1684.02554148,12669,100525.51,97961.12,100506.92,103232.08,100503.55,100544.9,100539.24,100535.2
1684.046216362,12670,100530.56,97959.15,100530.98,103232.08,100517.51,100541.95,100532.26,100546.17
1684.066763133,12671,100532.69,97958.12,100510.93,103236.08,100526.59,100532.88,100540.3,100538.17
1684.087343344,12672,100526.57,97966.18,100524.91,103236.08,100507.56,100540.9,100544.31,100531.19
1684.107964743,12673,100535.62,97956.06,100505.89,103234.26,100513.5,100543.01,100535.22,100537.14
1684.131787564,12674,100531.62,97973.21,100519.87,103234.99,100506.52,100539.0,100530.14,100527.19
1684.15237168,12675,100523.64,97961.12,100514.94,103234.99,100516.46,100545.96,100537.34,100531.19
1684.172964396,12676,100534.55,97959.15,100516.89,103233.17,100519.6,100541.95,100541.36,100548.24
1684.193574961,12677,100523.64,97967.21,100524.91,103238.99,100522.57,100537.94,100539.24,100528.1
1684.214161159,12678,100529.5,97979.3,100521.93,103237.17,100526.59,100539.0,100541.36,100526.16
1684.23481871,12679,100526.57,97966.18,100520.9,103224.08,100531.65,100532.88,100538.18,100544.24
1684.255335685,12680,100530.56,97969.18,100522.96,103244.07,100522.57,100529.93,100534.16,100527.19
1684.275926324,12681,100525.51,97963.18,100530.98,103233.9,100515.59,100543.01,100544.31,100527.19
1684.29975584,12682,100538.55,97958.12,100516.89,103233.9,100519.6,100541.95,100539.24,100532.23
1684.320337016,12683,100531.62,97962.15,100529.94,103241.9,100503.55,100545.96,100541.36,100531.19
1684.340960248,12684,100524.45,97967.21,100512.88,103245.16,100521.52,100537.94,100538.4,100537.26
1684.36150117,12685,100540.67,97970.21,100512.88,103232.08,100527.63,100537.94,100538.4,100531.19
1684.382135521,12686,100527.63,97967.21,100513.91,103246.98,100517.51,100529.93,100536.28,100526.16
1684.402809643,12687,100529.5,97974.24,100512.88,103250.25,100515.59,100543.01,100540.3,100539.2
1684.423439977,12688,100540.67,97967.21,100528.91,103236.08,100523.62,100540.05,100538.18,100541.14
1684.443903963,12689,100539.61,97970.21,100515.97,103241.16,100497.44,100544.9,100539.24,100527.19
1684.467639593,12690,100516.46,97975.27,100513.91,103237.17,100506.52,100530.98,100545.37,100536.23
1684.488355384,12691,100530.56,97973.3,100521.93,103249.16,100513.5,100541.95,100546.43,100542.17
1684.508894221,12692,100523.64,97963.18,100524.91,103248.07,100508.61,100537.94,100544.31,100530.16
1684.529492232,12693,100530.56,97975.27,100510.93,103250.25,100519.6,100536.89,100536.28,100527.19
1684.550157828,12694,100530.56,97965.15,100522.96,103249.16,100514.54,100545.96,100537.34,100542.17
1684.570731086,12695,100531.62,97968.15,100508.99,103245.16,100521.52,100537.94,100536.28,100534.17
1684.591371366,12696,100523.64,97983.33,100511.85,103245.89,100515.59,100528.87,100538.4,100535.2
1684.611925097,12697,100528.69,97975.27,100514.94,103246.98,100515.59,100529.93,100532.26,100533.13
1684.635699371,12698,100530.56,97970.21,100530.98,103245.89,100507.56,100529.93,100542.42,100527.19
1684.656257827,12699,100514.59,97972.27,100525.94,103248.07,100513.5,100539.84,100542.42,100533.13
1684.676861904,12700,100534.55,97971.14,100534.98,103254.98,100515.59,100537.94,100542.19,100535.2
1684.697436121,12701,100524.7,97970.21,100522.96,103237.17,100519.6,100537.94,100540.3,100530.16
1684.718019486,12702,100520.46,97973.21,100518.95,103242.98,100514.54,100539.84,100540.3,100544.24
1684.738636333,12703,100534.55,97964.12,100512.88,103253.89,100514.54,100537.94,100536.28,100531.19
1684.759249696,12704,100534.55,97974.24,100526.97,103248.07,100526.59,100540.9,100541.36,100534.17
1684.782983247,12705,100531.62,97970.21,100522.96,103250.98,100523.62,100537.94,100538.18,100536.23
1684.803641168,12706,100540.42,97973.21,100514.94,103261.89,100519.6,100537.94,100537.34,100538.17
1684.824198539,12707,100531.62,97971.24,100506.92,103246.98,100505.47,100537.94,100546.43,100531.19
1684.84474136,12708,100530.56,97983.33,100527.88,103254.98,100507.56,100537.94,100546.43,100534.17
1684.865368676,12709,100531.62,97975.27,100517.92,103248.07,100519.6,100547.01,100533.32,100534.17
1684.886049641,12710,100532.69,97975.27,100514.94,103265.16,100505.47,100536.04,100541.36,100535.2
1684.906573447,12711,100536.68,97975.27,100518.95,103257.16,100514.54,100544.9,100535.44,100536.23
1684.927681747,12712,100531.62,97975.27,100532.01,103254.25,100509.48,100529.93,100536.28,100527.19
1684.950978713,12713,100531.62,97965.15,100521.93,103262.98,100513.5,100536.89,100548.33,100531.19
1684.971570858,12714,100531.62,97973.21,100514.94,103254.98,100511.58,100541.95,100537.34,100534.17
1684.992207175,12715,100530.56,97974.24,100513.91,103261.89,100515.59,100533.93,100536.28,100527.19
1685.012759333,12716,100534.55,97973.21,100520.9,103257.16,100515.59,100547.01,100534.38,100529.13
1685.033348216,12717,100532.69,97985.29,100518.95,103257.16,100515.59,100540.9,100540.3,100531.19
1685.053929086,12718,100530.56,97983.33,100516.89,103264.07,100503.55,100548.07,100536.28,100533.26
1685.074557618,12719,100520.46,97985.29,100516.89,103257.16,100516.64,100543.01,100535.22,100530.16
1685.095163084,12720,100530.56,97975.27,100518.95,103261.16,100503.55,100537.94,100537.34,100531.19
1685.118910126,12721,100526.57,97983.33,100515.97,103246.98,100518.56,100543.01,100526.12,100534.17
1685.139506,12722,100534.55,97979.3,100513.91,103261.89,100513.5,100533.93,100538.18,100529.25
1685.160263117,12723,100530.56,97982.3,100508.87,103262.98,100515.59,100540.05,100537.34,100542.17
1685.180687705,12724,100522.58,97985.39,100513.91,103262.98,100522.57,100551.02,100542.42,100542.17
1685.20141176,12725,100527.63,97981.27,100521.93,103262.98,100519.6,100539.84,100541.36,100526.16
1685.222058049,12726,100530.56,97981.27,100524.91,103256.07,100518.56,100541.95,100533.32,100535.2
1685.242777555,12727,100522.58,97989.32,100513.91,103268.07,100519.6,100537.94,100546.21,100541.26
1685.263102414,12728,100531.62,97981.27,100522.96,103258.98,100507.56,100545.96,100537.12,100547.21
1685.2868252,12729,100530.56,97983.33,100530.98,103260.07,100510.53,100545.96,100534.38,100535.2
1685.307431919,12730,100526.57,97973.21,100506.92,103264.07,100512.62,100548.07,100542.42,100543.2
1685.328039876,12731,100538.55,97983.33,100514.94,103253.89,100507.56,100539.84,100536.28,100532.23
1685.348624435,12732,100536.42,97989.32,100516.89,103265.89,100507.56,100543.01,100540.3,100544.24
1685.369295382,12733,100513.53,97980.23,100518.95,103265.16,100518.56,100531.82,100537.34,100536.23
1685.389868034,12734,100534.55,97981.27,100526.97,103256.07,100519.6,100533.93,100524.22,100531.19
1685.410534716,12735,100532.69,97986.33,100518.95,103266.98,100519.6,100533.93,100536.06,100532.23
1685.431103916,12736,100527.63,97995.42,100514.94,103268.07,100507.56,100545.96,100540.3,100543.2
1685.454813403,12737,100522.58,97979.3,100522.96,103257.89,100501.45,100537.94,100548.33,100552.24
1685.4754316,12738,100540.67,97985.29,100516.89,103264.07,100513.5,100541.95,100550.45,100543.2
1685.496032966,12739,100531.62,97974.24,100513.91,103256.07,100515.59,100529.93,100540.3,100535.2
1685.519094838,12740,100526.57,97974.24,100530.98,103268.07,100515.59,100547.01,100536.28,100538.17
1685.537236141,12741,100526.57,97982.3,100523.99,103257.89,100505.47,100552.08,100541.36,100531.19
1685.557794937,12742,100522.58,97984.36,100510.93,103268.07,100510.53,100541.95,100537.34,100529.13
1685.578345609,12743,100531.62,97982.3,100522.96,103265.16,100515.59,100532.88,100526.34,100531.19
1685.598975987,12744,100536.42,97973.21,100512.88,103264.07,100517.51,100537.94,100537.34,100535.2
1685.622753954,12745,100534.55,97990.36,100509.9,103268.07,100510.53,100545.96,100536.28,100540.23
1685.644053654,12746,100530.56,97991.39,100514.94,103269.15,100513.5,100532.88,100531.42,100527.19
1685.664039631,12747,100524.7,97983.33,100509.9,103264.07,100513.5,100541.95,100533.32,100531.19
1685.684602775,12748,100530.56,97983.33,100519.87,103269.15,100522.57,100537.94,100542.42,100535.2
1685.705258178,12749,100528.44,97982.3,100525.94,103261.89,100507.56,100545.96,100542.42,100544.24
1685.725802041,12750,100520.46,97983.33,100529.94,103268.07,100513.5,100536.89,100542.42,100527.19
1685.746400047,12751,100531.62,97991.39,100516.89,103274.97,100515.59,100545.96,100539.24,100529.13
1685.766957411,12752,100526.57,97993.35,100514.94,103265.16,100519.6,100548.07,100534.38,100526.16
1685.790760803,12753,100530.56,97991.39,100516.89,103272.06,100510.53,100541.95,100536.28,100527.19
1685.81137498,12754,100530.56,97991.39,100516.89,103272.06,100515.59,100541.95,100544.31,100534.17
1685.831886369,12755,100531.62,97982.3,100521.93,103264.07,100520.65,100534.99,100545.37,100535.2
1685.852495599,12756,100539.61,97995.42,100515.97,103270.97,100517.51,100537.94,100534.38,100542.17
1685.873078987,12757,100538.55,97983.33,100517.92,103276.06,100515.59,100537.94,100542.42,100534.17
1685.893701409,12758,100530.56,97991.39,100513.91,103282.24,100516.46,100537.94,100532.26,100531.19
1685.914328985,12759,100531.62,97991.39,100512.88,103278.24,100515.59,100540.9,100536.28,100527.19
1685.93495417,12760,100532.69,97993.35,100508.87,103270.24,100517.51,100528.87,100550.45,100536.23
1685.958677887,12761,100531.62,97985.29,100526.97,103270.97,100519.6,100539.0,100537.34,100543.2
1685.97923653,12762,100530.56,97987.36,100511.96,103273.15,100511.58,100548.07,100536.28,100534.17
1685.999987597,12763,100524.7,97993.35,100517.92,103262.98,100515.59,100545.96,100532.26,100547.21
1686.020706643,12764,100538.55,97994.39,100514.94,103281.15,100513.5,100545.96,100541.36,100532.23
1686.041408994,12765,100530.56,97990.36,100526.97,103282.24,100514.54,100543.01,100539.46,100534.17
1686.062040693,12766,100530.56,97985.29,100513.91,103282.24,100516.64,100530.98,100541.36,100535.2
1686.082654531,12767,100520.46,98002.44,100506.92,103265.16,100532.69,100537.94,100534.38,100541.14
1686.106008894,12768,100533.49,97999.45,100514.94,103261.89,100519.6,100536.04,100534.38,100535.2
1686.126649545,12769,100539.61,97998.42,100513.91,103273.15,100513.5,100537.94,100540.3,100543.2
1686.147236536,12770,100531.62,97999.45,100524.91,103281.15,100521.52,100556.09,100535.22,100527.19
1686.167810965,12771,100538.55,97997.38,100528.91,103281.15,100519.6,100537.94,100536.28,100539.2
1686.188396491,12772,100534.55,97993.35,100513.91,103276.06,100528.68,100544.9,100532.26,100535.2
1686.208979615,12773,100531.62,98000.48,100506.92,103273.15,100507.56,100541.95,100544.31,100528.1
1686.229570409,12774,100536.68,97999.45,100513.91,103270.24,100515.59,100528.87,100540.3,100535.2
1686.250760374,12775,100532.69,97991.39,100526.97,103280.06,100515.59,100529.93,100543.48,100534.17
1686.273989028,12776,100531.62,97997.38,100505.89,103270.97,100514.54,100537.94,100541.36,100527.19
1686.294593039,12777,100528.69,98008.54,100530.98,103274.97,100513.5,100537.94,100534.38,100528.22
1686.315212974,12778,100531.62,97998.42,100505.89,103270.97,100514.54,100541.95,100540.3,100525.13
1686.335988114,12779,100531.62,97991.39,100525.94,103277.15,100525.54,100531.82,100544.31,100542.17
1686.356641069,12780,100514.59,97999.45,100522.96,103272.06,100523.62,100530.98,100540.3,100527.19
1686.377036368,12781,100522.58,97995.42,100524.91,103277.15,100519.6,100541.95,100546.43,100527.19
1686.397537135,12782,100525.51,97999.45,100514.94,103272.06,100508.43,100545.96,100518.08,100526.16
1686.418168806,12783,100530.56,97993.45,100513.91,103280.06,100516.64,100541.95,100539.24,100531.19
1686.441962708,12784,100528.44,97993.35,100510.93,103270.97,100515.59,100537.94,100532.26,100543.2
1686.462494902,12785,100519.65,98000.48,100528.91,103277.88,100519.6,100541.95,100546.43,100534.17
1686.483147918,12786,100530.56,97997.38,100529.94,103280.06,100507.56,100539.0,100536.28,100527.19
1686.503744424,12787,100532.69,98000.48,100529.94,103272.06,100511.58,100529.93,100534.38,100536.23
1686.524371867,12788,100535.62,97985.29,100514.94,103285.88,100523.62,100541.95,100538.4,100531.19
1686.544932647,12789,100526.57,98003.48,100508.87,103280.06,100515.59,100545.96,100541.36,100539.2
1686.565518334,12790,100532.69,97999.45,100509.9,103278.97,100515.59,100545.96,100536.28,100533.26
1686.586122102,12791,100522.58,97994.39,100513.91,103296.06,100514.54,100530.98,100532.26,100542.17
1686.609902826,12792,100530.56,97990.36,100530.98,103277.15,100511.58,100543.01,100539.24,100535.2
1686.630473492,12793,100520.46,97997.38,100517.0,103297.15,100515.59,100536.89,100543.25,100531.19
1686.651103263,12794,100524.7,98016.6,100530.98,103285.15,100523.62,100536.89,100542.42,100527.19
1686.671728369,12795,100522.58,98000.48,100506.92,103278.24,100510.53,100541.95,100535.44,100535.2
1686.69233112,12796,100535.62,97999.45,100514.94,103285.15,100519.6,100537.94,100542.42,100534.17
1686.712865381,12797,100520.46,97992.42,100528.0,103278.97,100515.59,100537.94,100536.28,100543.2
1686.733556679,12798,100531.62,97998.42,100514.94,103281.15,100517.51,100529.93,100541.36,100528.22
1686.754094335,12799,100530.56,97999.45,100505.89,103281.15,100519.6,100537.94,100538.4,100539.2
1686.777861328,12800,100529.5,97999.45,100521.93,103297.15,100515.59,100539.0,100534.38,100542.17
1686.798469336,12801,100523.64,98005.44,100530.98,103290.24,100523.62,100547.01,100532.26,100529.13
1686.819072395,12802,100534.55,98004.51,100508.87,103284.06,100524.67,100541.95,100542.42,100519.19
1686.839660775,12803,100532.69,98000.38,100516.89,103296.06,100500.41,100540.9,100542.42,100533.13
1686.860262805,12804,100531.62,97999.45,100526.97,103293.88,100507.56,100541.95,100533.32,100537.26
1686.88091323,12805,100526.57,97995.42,100510.93,103286.97,100513.5,100536.89,100535.22,100522.16
1686.901476675,12806,100535.62,97998.42,100526.97,103293.15,100514.54,100537.94,100532.26,100528.22
1686.922186669,12807,100547.59,97999.45,100504.86,103290.24,100515.59,100541.95,100540.3,100529.25
1686.945883694,12808,100538.55,98004.51,100532.01,103298.96,100517.68,100540.9,100542.42,100541.14
1686.966472599,12809,100534.55,98001.41,100522.96,103297.15,100515.59,100541.95,100534.38,100543.2
1686.987054288,12810,100533.49,98009.57,100504.86,103294.97,100519.6,100545.96,100533.32,100535.2
1687.007631494,12811,100530.56,98014.53,100523.99,103289.15,100503.55,100541.95,100542.42,100549.15
1687.028238677,12812,100531.62,97999.45,100517.92,103293.15,100518.56,100544.06,100551.51,100530.16
1687.048776675,12813,100526.57,97999.45,100512.88,103298.23,100515.59,100536.89,100535.44,100540.11
1687.069421901,12814,100530.56,98004.51,100530.98,103298.23,100519.6,100541.95,100532.26,100528.22
1687.090338894,12815,100531.62,98015.57,100504.86,103297.88,100502.5,100545.96,100536.28,100531.19
1687.113776145,12816,100528.69,98015.57,100522.96,103290.97,100517.68,100536.04,100530.36,100526.16
1687.13444259,12817,100526.57,98007.51,100512.88,103289.15,100507.56,100536.89,100541.36,100547.21
1687.155055555,12818,100530.56,98015.57,100530.98,103294.24,100523.62,100544.9,100532.26,100531.19
1687.175764161,12819,100526.57,98019.6,100526.97,103289.15,100508.61,100540.9,100532.26,100529.25
1687.196119937,12820,100530.56,98015.57,100526.97,103297.15,100515.59,100540.05,100550.45,100527.19
1687.216761166,12821,100531.62,98015.57,100522.96,103302.23,100511.58,100541.95,100540.3,100526.16
1687.237421064,12822,100530.56,98008.54,100513.91,103292.06,100525.71,100547.01,100538.4,100531.19
1687.258386821,12823,100531.62,98018.56,100532.92,103292.06,100523.62,100537.94,100538.4,100527.19
1687.281860329,12824,100530.56,98006.47,100518.95,103296.06,100507.56,100543.01,100537.34,100535.2
1687.30243979,12825,100530.56,98005.44,100512.88,103308.05,100527.63,100537.94,100536.28,100538.17
1687.323069196,12826,100532.43,98005.44,100519.98,103297.15,100517.51,100545.96,100536.28,100531.19
1687.343547364,12827,100518.59,98007.51,100526.97,103302.96,100523.62,100544.9,100533.32,100531.19
1687.364296878,12828,100530.56,98016.6,100530.98,103296.06,100520.65,100533.93,100531.2,100551.21
1687.384753916,12829,100522.58,98013.5,100510.93,103313.14,100515.59,100545.96,100540.52,100543.2
1687.405363193,12830,100538.55,98018.56,100514.94,103288.42,100521.52,100537.94,100538.4,100542.17
1687.429052852,12831,100548.66,98008.54,100506.92,103296.06,100515.59,100545.96,100539.24,100520.22
1687.449677214,12832,100532.69,98019.6,100520.9,103305.14,100509.48,100541.95,100542.42,100530.16
1687.470289415,12833,100526.57,98016.6,100518.95,103294.97,100523.62,100533.93,100523.16,100538.17
1687.490894896,12834,100526.57,98014.53,100514.94,103285.15,100509.48,100537.94,100532.26,100526.16
1687.511527388,12835,100526.57,98023.63,100517.0,103302.23,100515.59,100540.05,100542.42,100525.13
1687.53216819,12836,100521.52,98011.54,100529.94,103309.14,100505.47,100541.95,100532.26,100543.2
1687.552693614,12837,100530.56,98023.63,100511.96,103296.06,100525.71,100537.94,100534.38,100543.2
1687.573312334,12838,100532.69,98015.57,100506.92,103310.23,100513.5,100533.93,100550.45,100533.13
1687.597010283,12839,100531.62,98015.57,100506.92,103297.15,100527.63,100540.05,100540.3,100540.23
1687.617626793,12840,100531.62,98015.57,100532.01,103312.05,100523.62,100537.94,100537.34,100535.2
1687.638243067,12841,100534.55,98011.54,100514.94,103296.06,100499.53,100536.89,100534.16,100527.19
1687.658844273,12842,100523.64,98015.57,100530.98,103294.97,100519.6,100537.94,100533.32,100530.16
1687.679446457,12843,100531.62,98019.6,100514.94,103298.23,100515.59,100541.95,100543.25,100545.27
1687.700268824,12844,100520.46,98015.57,100529.03,103304.05,100519.6,100544.9,100534.38,100535.2
1687.720994663,12845,100532.69,98018.56,100510.93,103304.05,100503.55,100544.9,100546.43,100533.13
1687.741324518,12846,100531.62,98015.57,100526.97,103301.14,100524.67,100540.9,100538.4,100530.16
1687.765000401,12847,100531.62,98014.53,100512.88,103309.14,100505.64,100536.89,100541.36,100531.19
1687.785594215,12848,100529.5,98023.63,100517.92,103302.23,100507.56,100532.88,100543.48,100536.23
1687.806218459,12849,100532.69,98021.56,100506.92,103320.05,100516.46,100536.89,100529.3,100529.13
1687.826812624,12850,100519.65,98024.66,100510.93,103306.96,100516.64,100545.96,100532.26,100527.19
1687.84738264,12851,100539.61,98023.63,100514.94,103308.05,100513.5,100533.93,100534.38,100530.16
1687.867968498,12852,100523.64,98023.63,100514.94,103304.05,100503.55,100537.94,100538.4,100538.17
1687.888584591,12853,100541.48,98021.56,100511.96,103305.14,100507.56,100536.89,100540.3,100525.13
1687.909268309,12854,100528.44,98021.56,100530.98,103301.14,100515.59,100533.93,100534.16,100535.2
1687.932949692,12855,100532.69,98029.72,100526.97,103312.05,100515.59,100537.94,100532.26,100533.13
1687.953522965,12856,100524.7,98017.63,100526.97,103308.05,100517.51,100529.93,100538.18,100527.19
1687.97411271,12857,100532.69,98021.66,100530.98,103307.32,100508.61,100539.0,100539.24,100524.22
1687.994744825,12858,100523.64,98007.51,100506.92,103309.14,100523.62,100537.94,100538.4,100530.16
1688.015460492,12859,100533.49,98015.57,100514.94,103312.05,100507.56,100539.0,100530.36,100535.2
1688.035915859,12860,100530.56,98017.53,100518.95,103310.23,100513.5,100545.96,100538.18,100527.19
1688.056579536,12861,100528.69,98023.63,100528.0,103314.23,100518.56,100537.94,100543.25,100551.21
1688.077169036,12862,100534.55,98024.66,100522.96,103314.23,100515.59,100535.83,100545.37,100531.19
1688.100917714,12863,100526.57,98023.63,100510.93,103310.23,100509.48,100541.95,100532.26,100544.24
1688.121444883,12864,100530.56,98019.6,100512.88,103301.14,100523.62,100529.93,100534.38,100526.16
1688.14204544,12865,100531.62,98023.63,100517.0,103302.23,100515.59,100537.94,100538.4,100529.13
1688.162652937,12866,100521.52,98024.66,100506.92,103305.14,100513.5,100532.04,100541.36,100547.21
1688.183352946,12867,100538.55,98027.66,100529.03,103322.23,100503.55,100537.94,100541.36,100535.2
1688.203971287,12868,100526.57,98023.63,100505.89,103306.23,100505.47,100556.93,100532.26,100531.19
1688.224833098,12869,100539.61,98029.72,100517.92,103312.05,100507.56,100536.89,100541.36,100536.23
1688.245424994,12870,100531.62,98024.66,100513.91,103306.23,100509.66,100548.91,100542.42,100529.13
1688.268886317,12871,100532.69,98020.63,100517.92,103321.14,100525.71,100537.94,100531.2,100533.26
1688.289508232,12872,100530.56,98031.68,100530.98,103308.05,100515.59,100532.88,100532.26,100533.13
1688.310180268,12873,100530.56,98020.63,100533.04,103318.23,100519.6,100527.82,100535.22,100531.19
1688.330838672,12874,100530.56,98024.66,100513.91,103325.14,100515.59,100539.84,100535.22,100530.16
1688.351266171,12875,100528.69,98029.72,100524.91,103310.96,100514.54,100539.0,100538.4,100531.19
1688.372199613,12876,100539.61,98023.63,100530.98,103318.23,100515.59,100534.99,100542.42,100539.2
1688.392832774,12877,100523.64,98024.66,100509.9,103312.05,100519.6,100545.96,100540.3,100530.16
1688.413377336,12878,100526.57,98027.66,100510.93,103322.23,100519.6,100548.07,100523.16,100535.2
1688.436802324,12879,100532.69,98018.56,100507.96,103314.23,100519.6,100537.94,100540.3,100533.26
1688.457446884,12880,100530.56,98023.63,100510.93,103309.14,100523.62,100537.94,100536.28,100535.2
1688.478044,12881,100530.56,98022.59,100528.0,103322.23,100523.62,100536.89,100537.34,100537.26
1688.498661868,12882,100531.62,98027.66,100518.95,103313.14,100516.64,100537.94,100539.24,100544.24
1688.519224469,12883,100524.45,98031.68,100510.93,103314.23,100507.56,100536.89,100539.24,100527.19
1688.539787141,12884,100522.58,98032.72,100511.96,103322.23,100516.64,100549.97,100536.28,100535.2
1688.560405155,12885,100532.69,98032.72,100515.97,103316.05,100524.67,100537.94,100531.2,100531.19
1688.584110407,12886,100531.62,98030.65,100513.91,103313.14,100515.59,100547.01,100540.3,100531.19
1688.604787968,12887,100530.56,98033.75,100506.92,103318.23,100507.56,100547.01,100546.43,100527.19
1688.625415272,12888,100531.62,98031.68,100506.92,103309.14,100508.61,100547.01,100540.3,100543.2
1688.645973539,12889,100529.5,98031.68,100526.97,103322.23,100527.63,100539.0,100532.26,100528.22
1688.666569196,12890,100542.54,98029.62,100515.97,103310.96,100515.59,100541.95,100530.14,100535.2
1688.687187705,12891,100532.69,98027.75,100518.95,103310.96,100516.64,100544.06,100536.28,100531.19
1688.7078363,12892,100530.56,98030.65,100506.92,103314.23,100519.6,100536.89,100525.28,100543.2
1688.728389508,12893,100528.69,98033.65,100517.92,103316.05,100515.59,100534.99,100536.28,100527.19
1688.752168457,12894,100538.55,98016.6,100509.9,103314.23,100515.59,100544.06,100537.34,100527.19
1688.772752311,12895,100528.44,98023.63,100507.96,103320.05,100515.59,100536.89,100542.42,100535.2
1688.793377133,12896,100532.69,98027.66,100510.93,103312.05,100524.67,100545.96,100548.33,100537.26
1688.814035698,12897,100528.44,98021.56,100530.98,103310.96,100519.6,100532.04,100537.34,100521.12
1688.834574904,12898,100540.67,98033.75,100514.94,103312.05,100520.65,100541.95,100541.36,100543.2
1688.855146513,12899,100523.64,98036.75,100522.96,103310.96,100506.52,100535.83,100545.37,100539.2
1688.87574882,12900,100523.64,98036.75,100509.9,103324.05,100511.58,100545.96,100542.19,100535.2
1688.896336037,12901,100532.69,98033.75,100522.96,103324.05,100503.55,100545.96,100545.37,100523.19
1688.920025146,12902,100538.55,98031.68,100506.92,103317.87,100520.65,100537.94,100540.3,100536.23
1688.940672576,12903,100530.56,98024.66,100505.89,103322.23,100523.62,100547.86,100550.45,100525.13
1688.961282818,12904,100535.62,98029.72,100525.94,103317.14,100515.59,100541.95,100532.26,100527.19
1688.981809163,12905,100531.62,98032.72,100510.93,103320.05,100515.59,100541.95,100539.24,100528.22
1689.00247639,12906,100528.69,98023.63,100509.9,103322.23,100511.58,100540.05,100540.3,100543.2
1689.023047724,12907,100531.62,98033.75,100528.0,103316.05,100523.62,100540.05,100531.2,100529.25
1689.043695382,12908,100526.57,98035.71,100504.86,103309.87,100507.56,100537.94,100532.26,100532.23
1689.064405078,12909,100530.56,98033.75,100520.9,103321.14,100505.47,100536.89,100544.31,100531.19
1689.088074104,12910,100546.53,98023.63,100509.9,103320.05,100513.5,100545.96,100537.34,100527.19
1689.108647005,12911,100522.58,98036.75,100525.94,103325.14,100505.47,100536.89,100543.25,100530.16
1689.12924241,12912,100523.64,98032.72,100506.92,103322.23,100516.64,100540.05,100532.26,100527.19
1689.149854534,12913,100522.58,98027.66,100530.98,103320.05,100515.59,100529.93,100540.3,100529.25
1689.170444139,12914,100531.62,98032.72,100530.98,103320.05,100515.59,100536.89,100537.34,100535.2
1689.191087747,12915,100540.67,98039.74,100514.94,103330.22,100520.65,100548.07,100532.26,100534.17
1689.21168005,12916,100536.68,98043.77,100523.99,103320.05,100525.71,100552.08,100530.14,100529.25
1689.232318568,12917,100532.69,98021.56,100511.96,103320.05,100518.56,100541.95,100533.32,100530.16
1689.256099924,12918,100536.68,98031.68,100514.94,103326.96,100515.59,100537.94,100538.18,100527.19
1689.276615231,12919,100540.67,98033.75,100532.01,103324.05,100524.67,100544.06,100536.28,100536.23
1689.297266697,12920,100532.69,98032.72,100538.99,103313.14,100516.64,100541.95,100538.4,100527.19
1689.317806694,12921,100523.64,98039.74,100510.93,103324.05,100523.62,100540.05,100534.38,100526.16
1689.338490774,12922,100522.58,98033.75,100504.86,103322.23,100509.48,100536.04,100528.24,100533.13
1689.358948291,12923,100530.56,98036.75,100517.92,103330.22,100522.57,100534.99,100538.4,100521.12
1689.37958796,12924,100523.64,98030.65,100514.94,103322.23,100519.6,100547.01,100533.32,100537.14
1689.400220818,12925,100531.62,98035.71,100514.94,103321.14,100515.59,100540.05,100541.36,100531.19
1689.423911937,12926,100542.54,98037.68,100526.97,103330.22,100526.59,100545.96,100540.3,100548.24
1689.444527367,12927,100523.64,98036.75,100530.98,103322.23,100515.59,100536.04,100539.24,100543.2
1689.465149599,12928,100522.58,98032.72,100509.9,103330.22,100509.48,100544.9,100542.42,100522.16
1689.485847429,12929,100534.55,98036.75,100520.9,103329.13,100503.55,100543.01,100537.34,100533.26
1689.506524189,12930,100535.62,98036.75,100522.96,103322.23,100517.68,100540.05,100527.18,100543.2
1689.526998709,12931,100531.62,98036.75,100513.91,103330.22,100518.56,100545.96,100531.2,100527.19
1689.547651977,12932,100528.69,98044.81,100520.9,103328.04,100508.61,100545.96,100534.16,100535.2
1689.568025793,12933,100531.62,98036.75,100509.9,103329.13,100515.59,100543.01,100534.16,100531.19
1689.591872135,12934,100541.48,98033.75,100514.94,103321.14,100510.53,100543.01,100540.3,100527.19
1689.612484025,12935,100523.64,98036.75,100522.96,103330.22,100513.67,100543.01,100542.42,100534.17
1689.633048258,12936,100531.62,98036.75,100523.99,103329.13,100515.59,100547.01,100548.33,100541.26
1689.653611825,12937,100535.62,98039.74,100509.9,103328.04,100515.59,100548.07,100540.3,100535.2
1689.674269889,12938,100530.56,98040.78,100512.88,103312.05,100513.67,100544.9,100538.4,100527.19
1689.695049365,12939,100524.7,98041.81,100514.94,103322.23,100514.54,100541.95,100542.42,100529.25
1689.715729379,12940,100540.67,98039.74,100513.91,103321.87,100507.56,100536.04,100546.43,100535.2
1689.736501456,12941,100522.58,98041.81,100514.94,103325.14,100507.56,100533.93,100534.38,100528.22
1689.759844698,12942,100524.7,98032.72,100509.9,103318.23,100500.58,100536.04,100531.2,100537.26
1689.780545598,12943,100523.64,98039.74,100512.88,103325.14,100515.59,100548.07,100531.2,100535.2
1689.801241343,12944,100526.57,98039.74,100530.98,103328.04,100515.59,100530.98,100532.26,100527.19
1689.821892637,12945,100532.69,98039.74,100513.91,103322.23,100523.62,100545.96,100534.38,100528.22
1689.842517031,12946,100531.62,98045.84,100514.94,103329.13,100509.66,100548.07,100534.38,100527.19
1689.863129487,12947,100524.7,98045.84,100525.94,103324.05,100511.58,100533.93,100531.2,100533.13
1689.883837759,12948,100530.56,98039.74,100507.96,103325.14,100507.56,100548.07,100533.32,100532.23
1689.907204512,12949,100527.63,98051.83,100514.94,103329.13,100507.56,100544.06,100546.43,100530.16
1689.927769718,12950,100531.62,98039.74,100517.92,103328.04,100511.58,100537.94,100534.38,100537.26
1689.948376092,12951,100526.57,98039.74,100514.94,103321.14,100516.64,100548.07,100542.42,100541.26
1689.96899843,12952,100535.62,98040.78,100517.0,103322.23,100523.62,100545.96,100538.4,100528.22
1689.989551089,12953,100540.67,98040.78,100530.98,103341.13,100515.59,100544.06,100533.32,100536.23
1690.010128726,12954,100516.46,98037.78,100508.87,103330.22,100523.62,100537.94,100536.28,100527.19
1690.030765774,12955,100528.69,98035.71,100522.96,103326.23,100517.68,100534.99,100533.32,100525.13
1690.051402293,12956,100532.69,98039.74,100519.98,103322.96,100518.73,100537.94,100532.26,100528.22
1690.075139564,12957,100530.56,98045.84,100513.91,103330.95,100517.51,100534.99,100538.4,100540.23
1690.0957242,12958,100528.69,98041.81,100514.94,103328.04,100514.72,100537.94,100537.34,100526.16
1690.116324578,12959,100531.62,98040.78,100526.97,103324.05,100517.51,100545.96,100533.32,100543.2
1690.137030916,12960,100531.62,98043.77,100514.94,103329.13,100515.59,100541.95,100532.26,100536.23
1690.157565783,12961,100531.62,98041.81,100510.93,103318.96,100508.61,100544.06,100538.18,100531.19
1690.178142807,12962,100523.64,98040.78,100522.96,103326.23,100519.6,100537.94,100532.26,100519.19
1690.198697626,12963,100527.63,98049.87,100526.97,103341.13,100499.53,100536.89,100540.3,100536.23
1690.219337035,12964,100524.7,98041.81,100514.94,103330.22,100515.59,100539.0,100536.28,100532.23
1690.243119,12965,100535.62,98047.8,100506.92,103346.22,100520.65,100539.0,100540.3,100536.23
1690.263666907,12966,100539.61,98043.77,100513.0,103326.96,100515.59,100544.06,100550.45,100532.23
1690.284286773,12967,100532.69,98039.74,100510.93,103332.04,100503.55,100539.0,100538.4,100529.13
1690.30493034,12968,100531.62,98044.81,100522.96,103330.22,100516.46,100527.82,100532.26,100534.17
1690.325521912,12969,100532.69,98048.84,100517.0,103328.04,100519.6,100533.93,100544.54,100535.2
1690.3460417,12970,100526.57,98045.84,100523.99,103320.05,100515.59,100537.94,100538.4,100526.16
1690.366774468,12971,100529.75,98051.83,100521.93,103333.13,100517.68,100534.99,100534.16,100527.19
1690.387287825,12972,100531.62,98045.84,100514.94,103328.04,100513.67,100539.84,100534.16,100536.23
1690.411083171,12973,100530.56,98043.77,100514.94,103318.96,100509.48,100540.05,100547.49,100529.25
1690.431641763,12974,100531.62,98041.81,100526.97,103330.22,100511.58,100547.01,100531.42,100547.21
1690.452252352,12975,100526.57,98045.74,100528.0,103329.13,100523.62,100530.98,100550.45,100531.19
1690.47286973,12976,100526.57,98044.81,100505.89,103337.13,100515.59,100537.94,100538.4,100534.17
1690.493540766,12977,100531.62,98051.83,100510.93,103328.04,100515.59,100533.93,100540.3,100536.23
1690.514083712,12978,100524.7,98048.84,100526.97,103324.05,100515.59,100537.94,100534.38,100535.2
1690.534677361,12979,100528.69,98044.81,100510.93,103337.13,100515.59,100547.01,100538.4,100531.19
1690.555248231,12980,100529.5,98045.84,100515.97,103344.04,100517.68,100544.06,100534.38,100526.16
1690.579070461,12981,100528.69,98049.87,100526.97,103334.22,100516.64,100541.95,100534.38,100532.23
1690.599616881,12982,100532.69,98043.77,100514.94,103332.04,100519.6,100548.07,100534.38,100529.25
1690.620183441,12983,100526.57,98049.87,100504.86,103337.13,100519.6,100544.06,100533.32,100528.22
1690.64075645,12984,100522.58,98048.84,100514.94,103333.13,100519.6,100528.87,100550.45,100543.2
1690.661389882,12985,100523.64,98047.8,100526.97,103324.05,100513.5,100545.96,100534.38,100544.24
1690.682036626,12986,100522.58,98047.8,100506.92,103337.13,100523.62,100537.94,100526.34,100529.25
1690.702613634,12987,100530.56,98049.87,100514.94,103337.13,100516.64,100544.9,100539.46,100535.2
1690.723205883,12988,100527.63,98045.84,100523.99,103338.22,100527.63,100541.95,100539.46,100535.2
1690.747012224,12989,100532.69,98047.8,100521.93,103337.13,100524.67,100536.89,100540.3,100528.22
1690.767607773,12990,100535.62,98042.84,100528.0,103328.04,100510.53,100548.07,100533.32,100534.17
1690.788255735,12991,100535.62,98047.8,100512.88,103329.86,100503.55,100545.96,100529.3,100543.2
1690.808772504,12992,100532.69,98057.93,100523.99,103346.22,100514.72,100544.9,100532.26,100535.2
1690.829372419,12993,100527.63,98049.87,100521.93,103328.04,100515.59,100537.94,100540.3,100530.16
1690.849997146,12994,100532.69,98053.9,100514.94,103329.13,100519.6,100537.94,100530.36,100536.23
1690.87056468,12995,100532.69,98055.86,100526.97,103334.95,100508.61,100533.93,100533.32,100525.13
1690.891148863,12996,100536.68,98043.77,100510.93,103330.22,100523.62,100547.01,100542.42,100542.17
1690.914958463,12997,100532.69,98050.9,100514.94,103334.22,100503.55,100539.0,100540.3,100535.2
1690.935523798,12998,100539.61,98045.84,100521.93,103324.05,100511.58,100532.88,100534.38,100528.22
1690.956125825,12999,100531.62,98048.84,100530.98,103334.95,100520.65,100548.07,100538.4,100537.26
1690.976776688,13000,100531.62,98051.83,100506.92,103336.04,100515.59,100539.0,100541.36,100536.23
1690.997317927,13001,100531.62,98045.84,100514.94,103336.04,100524.67,100541.95,100550.45,100539.32
1691.01789659,13002,100531.62,98039.74,100528.0,103333.86,100519.6,100540.05,100540.3,100535.2
1691.038575364,13003,100536.68,98063.92,100514.94,103332.04,100519.6,100544.06,100551.51,100525.13
1691.059177423,13004,100524.7,98048.84,100515.97,103333.13,100503.55,100541.95,100542.42,100544.24
1691.082879439,13005,100522.58,98053.9,100522.96,103334.95,100521.7,100539.0,100538.4,100531.19
1691.103490502,13006,100526.57,98052.87,100540.02,103330.22,100513.5,100540.05,100545.37,100537.26
1691.124050883,13007,100515.65,98049.87,100522.96,103328.04,100523.62,100547.01,100544.54,100539.2
1691.144688249,13008,100520.46,98050.9,100517.92,103334.95,100515.59,100548.07,100543.48,100523.19
1691.16527495,13009,100526.57,98065.99,100515.97,103337.13,100520.65,100540.05,100538.4,100528.22
1691.185921321,13010,100531.62,98060.93,100530.98,103340.04,100518.73,100548.07,100532.26,100541.26
1691.206551477,13011,100522.58,98051.83,100514.94,103342.22,100512.62,100548.07,100546.43,100531.19
1691.230152883,13012,100528.69,98049.87,100514.94,103328.04,100515.59,100537.94,100534.38,100552.24
1691.250808896,13013,100524.7,98065.99,100506.92,103336.04,100515.59,100542.16,100546.43,100534.17
1691.271382905,13014,100521.52,98053.9,100506.92,103338.22,100519.6,100556.09,100542.42,100534.17
1691.29199339,13015,100532.69,98053.9,100514.94,103328.04,100523.62,100541.11,100541.36,100520.22
1691.31259334,13016,100528.69,98053.9,100505.89,103344.04,100513.67,100549.13,100550.45,100535.2
1691.333251418,13017,100526.57,98057.93,100514.94,103330.95,100517.68,100537.94,100532.26,100543.2
1691.353821635,13018,100531.62,98061.96,100515.97,103340.04,100515.59,100541.95,100542.42,100535.2
1691.374491264,13019,100530.56,98053.9,100517.0,103332.04,100519.6,100540.9,100538.4,100535.2
1691.398167295,13020,100531.62,98057.93,100508.87,103344.04,100515.59,100541.95,100546.43,100535.2
1691.418793465,13021,100532.69,98049.87,100515.97,103330.22,100507.56,100541.11,100532.26,100535.2
1691.439368346,13022,100532.69,98065.99,100518.95,103336.04,100521.7,100544.9,100542.42,100528.22
1691.459929999,13023,100526.57,98057.93,100505.89,103342.95,100519.6,100537.94,100545.37,100535.2
1691.480818954,13024,100523.64,98056.9,100518.95,103332.04,100512.62,100553.98,100535.44,100526.16
1691.501179413,13025,100535.62,98057.93,100514.94,103330.95,100504.42,100540.9,100535.44,100533.26
1691.521715176,13026,100530.56,98047.8,100528.0,103345.13,100507.56,100536.04,100534.38,100535.2
1691.542487642,13027,100535.62,98052.87,100533.04,103341.13,100509.66,100537.94,100534.38,100529.13
1691.566173668,13028,100523.64,98060.93,100510.93,103342.22,100516.64,100537.94,100546.43,100529.25
1691.586737644,13029,100528.69,98048.84,100512.88,103332.04,100517.51,100536.04,100534.38,100535.2
1691.607371273,13030,100514.59,98064.96,100526.97,103346.22,100511.58,100544.9,100538.4,100527.19
1691.628013014,13031,100516.72,98060.93,100530.98,103344.04,100520.65,100548.91,100540.3,100535.2
1691.64855167,13032,100532.69,98057.93,100509.9,103325.87,100515.59,100544.06,100541.36,100533.13
1691.669122189,13033,100532.69,98065.99,100526.97,103345.13,100518.73,100534.99,100540.3,100528.22
1691.689834042,13034,100531.62,98057.93,100514.94,103334.95,100507.56,100536.89,100542.42,100536.23
1691.71077726,13035,100530.56,98057.93,100514.94,103329.13,100501.45,100540.05,100542.42,100531.19
1691.734095558,13036,100531.62,98052.87,100522.96,103340.04,100519.6,100539.0,100533.32,100528.22
1691.754791626,13037,100540.67,98063.92,100504.86,103334.22,100524.67,100539.0,100542.42,100537.26
1691.775454831,13038,100520.71,98053.9,100515.97,103346.22,100514.54,100549.13,100542.42,100527.19
1691.796183413,13039,100539.61,98055.86,100515.97,103334.22,100508.61,100555.03,100532.26,100525.13
1691.816861361,13040,100531.62,98060.93,100515.97,103336.04,100519.6,100552.08,100546.43,100529.25
1691.837582445,13041,100532.69,98055.86,100514.94,103336.04,100523.62,100540.05,100542.42,100535.2
1691.858035696,13042,100530.56,98060.93,100514.94,103333.13,100515.59,100545.96,100538.4,100528.22
1691.878724325,13043,100532.69,98060.93,100512.88,103344.04,100519.6,100545.96,100535.44,100527.19
1691.902041569,13044,100523.64,98065.99,100510.93,103334.22,100508.61,100544.9,100536.5,100543.2
1691.922601483,13045,100532.69,98065.99,100509.9,103342.95,100507.56,100552.08,100535.44,100547.21
1691.943229238,13046,100528.69,98057.93,100522.96,103332.04,100516.64,100529.93,100534.38,100528.22
1691.963879628,13047,100527.63,98080.04,100506.92,103341.13,100515.59,100530.98,100534.38,100537.26
1691.984464259,13048,100534.81,98052.87,100522.96,103338.22,100521.7,100544.06,100533.32,100536.23
1692.005053468,13049,100531.62,98049.87,100504.86,103330.95,100515.59,100536.04,100542.42,100535.2
1692.025621668,13050,100528.69,98049.87,100533.04,103345.13,100516.64,100547.01,100542.42,100540.23
1692.046201783,13051,100524.7,98065.99,100533.95,103342.22,100515.59,100537.94,100542.42,100529.25
1692.070073253,13052,100532.69,98080.14,100511.96,103338.22,100520.65,100545.96,100538.4,100531.19
1692.090587017,13053,100539.61,98060.93,100518.95,103348.04,100503.55,100540.05,100543.48,100535.2
1692.111251904,13054,100528.69,98065.99,100526.97,103354.22,100520.65,100537.94,100534.38,100532.23
1692.131818785,13055,100536.68,98065.99,100517.0,103337.13,100519.6,100536.89,100535.44,100528.22
1692.152419199,13056,100536.68,98073.02,100511.96,103341.13,100515.59,100540.05,100534.38,100537.26
1692.173061951,13057,100527.63,98067.95,100519.98,103345.13,100507.56,100539.0,100540.3,100531.19
1692.193593359,13058,100523.64,98061.96,100514.94,103338.95,100519.6,100540.05,100546.43,100526.16
1692.214329115,13059,100528.69,98062.99,100517.92,103342.95,100509.48,100540.05,100530.36,100529.25
1692.237977812,13060,100525.76,98065.99,100506.92,103342.95,100513.67,100539.0,100541.36,100532.23
1692.258530508,13061,100530.56,98065.99,100526.97,103345.13,100505.64,100541.95,100543.48,100533.26
1692.279089546,13062,100524.7,98073.02,100525.94,103346.95,100516.64,100536.04,100534.38,100547.21
1692.299782914,13063,100529.75,98070.02,100514.94,103345.13,100507.56,100543.01,100534.38,100527.19
1692.320443216,13064,100540.67,98071.05,100530.98,103337.13,100509.66,100537.94,100534.38,100537.26
1692.341016008,13065,100532.69,98068.99,100510.93,103334.95,100525.71,100545.96,100538.4,100524.22
1692.361605478,13066,100523.64,98067.95,100514.94,103342.22,100514.54,100537.94,100543.48,100528.22
1692.38526198,13067,100531.62,98074.05,100526.97,103353.13,100523.62,100529.93,100535.44,100527.19
1692.405873323,13068,100532.69,98071.05,100515.97,103336.04,100515.59,100544.06,100533.32,100537.26
1692.42653387,13069,100532.69,98051.83,100514.94,103350.95,100518.56,100540.9,100542.42,100536.23
1692.447126315,13070,100532.69,98070.02,100518.95,103350.95,100517.68,100547.01,100526.34,100535.2
1692.467778471,13071,100533.75,98065.99,100522.96,103345.13,100515.76,100536.04,100534.16,100527.19
1692.488375144,13072,100528.69,98067.02,100515.97,103353.13,100501.63,100547.01,100530.36,100535.2
1692.508912607,13073,100524.7,98071.05,100514.94,103346.22,100506.52,100543.01,100541.36,100548.24
1692.529542269,13074,100536.68,98073.02,100514.94,103345.13,100510.53,100545.96,100542.42,100534.17
1692.553247657,13075,100527.63,98074.05,100530.98,103345.13,100501.45,100548.07,100533.32,100525.25
1692.573874231,13076,100539.61,98065.99,100511.96,103354.22,100513.5,100541.95,100542.42,100545.27
1692.594494248,13077,100528.69,98068.99,100523.99,103354.95,100512.62,100541.95,100544.54,100529.25
1692.615089791,13078,100523.64,98067.02,100526.97,103354.22,100507.56,100534.99,100538.4,100533.26
1692.635668368,13079,100531.62,98070.02,100505.89,103352.04,100509.66,100541.95,100542.42,100544.24
1692.65627158,13080,100528.69,98058.96,100514.94,103352.04,100503.55,100536.89,100529.3,100533.26
1692.676908776,13081,100535.62,98060.93,100517.0,103353.13,100508.61,100537.94,100537.34,100529.25
1692.697505016,13082,100528.69,98065.99,100510.93,103342.22,100515.59,100551.02,100542.42,100529.25
1692.721175914,13083,100532.69,98065.99,100506.92,103353.13,100515.59,100540.05,100540.3,100535.2
1692.74180324,13084,100523.64,98065.99,100514.94,103353.13,100515.59,100545.96,100533.32,100532.23
1692.762422954,13085,100533.75,98064.96,100519.98,103346.22,100517.68,100548.07,100537.34,100536.23
1692.783015791,13086,100531.62,98070.02,100514.94,103346.22,100511.58,100556.09,100535.44,100529.25
1692.803640286,13087,100532.69,98065.99,100519.98,103353.13,100507.56,100529.93,100527.4,100530.16
1692.824247879,13088,100530.56,98073.02,100509.9,103358.22,100511.58,100540.05,100534.38,100544.24
1692.845077646,13089,100531.62,98070.02,100514.94,103345.13,100524.67,100541.11,100543.48,100529.25
1692.865451163,13090,100534.81,98074.05,100506.92,103356.4,100515.59,100537.94,100541.36,100531.19
1692.889208732,13091,100532.69,98071.98,100519.98,103354.22,100504.6,100532.04,100538.4,100533.26
1692.909793024,13092,100528.69,98074.05,100515.97,103352.04,100517.68,100540.05,100542.42,100536.23
1692.930346415,13093,100532.69,98063.92,100514.94,103345.13,100512.62,100545.96,100542.42,100529.25
1692.951030946,13094,100529.75,98074.05,100514.94,103344.04,100528.68,100532.88,100535.44,100533.26
1692.971578007,13095,100531.62,98067.02,100514.94,103354.22,100515.59,100541.95,100534.38,100539.2
1692.992201748,13096,100539.61,98057.93,100506.92,103345.13,100515.59,100549.13,100536.28,100543.2
1693.012774953,13097,100542.54,98060.93,100530.98,103353.13,100523.62,100539.0,100528.24,100532.23
1693.033351085,13098,100535.62,98074.05,100505.89,103352.04,100515.59,100539.0,100546.43,100532.23
1693.057100217,13099,100531.62,98072.08,100506.92,103350.22,100515.59,100544.06,100538.4,100545.27
1693.077686587,13100,100537.74,98074.05,100514.94,103354.22,100512.62,100534.99,100532.26,100535.2
1693.098299026,13101,100532.69,98078.08,100522.96,103345.13,100517.68,100540.05,100537.34,100537.26
1693.118871007,13102,100532.69,98076.01,100505.89,103358.22,100523.62,100540.05,100543.48,100533.26
1693.139471962,13103,100532.69,98075.08,100518.95,103353.13,100510.7,100539.0,100530.14,100536.23
1693.160125971,13104,100531.62,98076.11,100514.94,103349.13,100516.64,100541.95,100542.42,100528.22
1693.180689068,13105,100536.68,98073.02,100521.93,103357.13,100507.56,100541.95,100542.42,100533.26
1693.20136751,13106,100532.69,98065.99,100510.93,103356.04,100516.64,100536.04,100540.52,100545.27
1693.225013327,13107,100532.69,98074.05,100513.91,103345.13,100525.71,100544.06,100542.42,100521.25
1693.245629483,13108,100532.69,98079.11,100521.93,103357.13,100506.52,100548.07,100540.52,100527.19
1693.266288388,13109,100532.69,98070.02,100526.97,103354.22,100510.53,100537.94,100530.36,100537.26
1693.286881925,13110,100532.69,98072.08,100514.94,103344.04,100517.51,100533.93,100534.38,100525.25
1693.307510704,13111,100530.56,98079.11,100521.01,103360.03,100514.54,100540.05,100538.4,100536.23
1693.328070463,13112,100523.64,98087.17,100516.89,103361.12,100521.7,100543.01,100546.43,100537.26
1693.348654894,13113,100531.62,98065.99,100514.94,103349.13,100508.61,100544.06,100542.42,100536.23
1693.369268456,13114,100528.69,98086.14,100506.92,103349.13,100507.56,100533.93,100541.36,100532.23
1693.393070889,13115,100532.69,98082.11,100532.01,103353.13,100507.56,100540.05,100538.4,100535.2
1693.413641272,13116,100540.67,98067.02,100514.94,103356.04,100519.6,100544.9,100536.5,100535.2
1693.43424154,13117,100532.69,98078.08,100529.03,103356.04,100520.65,100536.89,100534.38,100535.2
1693.454827077,13118,100527.63,98074.05,100530.98,103362.21,100519.6,100537.94,100533.32,100528.22
1693.475409536,13119,100524.7,98074.05,100514.94,103361.12,100520.65,100532.04,100534.38,100528.22
1693.496019088,13120,100527.63,98083.14,100506.92,103358.22,100509.66,100534.99,100534.38,100529.25
1693.516664422,13121,100533.75,98074.05,100515.97,103356.4,100509.66,100533.93,100538.4,100528.22
1693.53731243,13122,100524.7,98076.11,100526.97,103360.03,100516.64,100540.9,100538.4,100536.23
1693.561002671,13123,100538.8,98083.14,100514.94,103361.12,100516.64,100535.83,100535.22,100527.19
1693.58163121,13124,100536.68,98068.05,100514.94,103353.13,100507.56,100556.09,100536.5,100529.25
1693.602234177,13125,100524.7,98079.11,100513.91,103353.13,100513.5,100545.96,100538.4,100527.19
1693.62284452,13126,100532.69,98082.11,100526.97,103358.94,100515.59,100548.07,100535.44,100532.23
1693.643414629,13127,100536.68,98074.05,100532.01,103354.22,100512.62,100540.05,100539.46,100535.2
1693.664038514,13128,100524.7,98078.08,100517.92,103358.22,100515.59,100543.01,100542.42,100531.19
1693.684628873,13129,100532.69,98082.11,100517.0,103353.13,100516.64,100547.01,100540.3,100521.12
1693.708343962,13130,100535.62,98081.07,100514.94,103358.22,100519.6,100548.07,100526.34,100528.22
1693.729006321,13131,100528.69,98080.04,100514.94,103352.04,100515.59,100540.05,100537.34,100527.19
1693.749580263,13132,100524.7,98082.11,100514.94,103353.13,100516.64,100533.93,100538.4,100527.19
1693.770162571,13133,100531.62,98065.99,100534.98,103357.13,100511.58,100537.94,100533.32,100529.25
1693.790778378,13134,100522.58,98079.11,100496.85,103361.12,100517.68,100534.99,100542.42,100531.19
1693.811316706,13135,100531.62,98074.05,100509.9,103358.22,100511.58,100537.94,100540.3,100533.26
1693.831990246,13136,100532.69,98074.05,100521.93,103354.22,100511.58,100548.07,100536.28,100531.19
1693.852538868,13137,100540.67,98076.11,100508.99,103345.13,100520.65,100536.04,100536.28,100536.23
1693.87630041,13138,100532.69,98073.02,100513.91,103352.04,100515.59,100532.04,100538.4,100532.23
1693.896963904,13139,100527.63,98073.02,100508.99,103357.13,100511.58,100537.94,100530.36,100527.19
1693.917520262,13140,100527.63,98070.02,100506.92,103352.04,100507.56,100540.05,100534.38,100523.19
1693.938116266,13141,100532.69,98074.05,100506.92,103357.13,100515.59,100540.05,100533.32,100533.26
1693.958711143,13142,100532.69,98070.02,100523.99,103350.95,100511.58,100548.07,100542.42,100533.26
1693.979310955,13143,100522.58,98082.11,100515.97,103352.04,100517.68,100548.07,100538.4,100543.2
1693.999894748,13144,100516.72,98082.11,100526.97,103354.22,100514.54,100528.87,100540.3,100539.2
1694.020634675,13145,100536.68,98074.05,100532.01,103357.13,100515.59,100534.99,100539.46,100535.2
1694.044230795,13146,100527.63,98083.14,100518.95,103358.94,100512.62,100548.07,100533.32,100536.23
1694.064845332,13147,100536.68,98086.14,100524.91,103365.12,100525.71,100537.94,100537.34,100538.29
1694.085489098,13148,100527.63,98086.14,100514.94,103360.03,100524.67,100533.93,100526.34,100529.25
1694.106114115,13149,100532.69,98065.99,100505.89,103361.12,100503.55,100539.0,100533.32,100535.2
1694.126682281,13150,100532.69,98084.17,100510.93,103362.21,100512.62,100541.95,100538.18,100531.19
1694.147304741,13151,100540.67,98086.14,100513.91,103352.04,100498.49,100529.93,100532.26,100543.2
1694.167847593,13152,100538.55,98086.14,100511.96,103348.04,100518.56,100533.93,100532.26,100528.22
1694.188530952,13153,100539.61,98084.17,100506.92,103352.04,100511.58,100534.99,100533.32,100536.23
1694.212196554,13154,100530.56,98082.11,100515.97,103354.22,100506.52,100534.99,100542.42,100533.26
1694.232804992,13155,100533.75,98074.05,100525.94,103357.13,100517.68,100547.01,100544.54,100528.22
1694.253416892,13156,100524.7,98074.05,100505.89,103354.22,100511.58,100540.05,100534.38,100532.23
1694.273995283,13157,100531.62,98086.14,100510.93,103361.12,100504.6,100537.94,100534.38,100528.22
1694.294669663,13158,100532.69,98081.07,100513.91,103361.12,100505.64,100543.01,100534.38,100535.2
1694.315268064,13159,100532.69,98082.11,100519.98,103362.21,100517.68,100537.94,100543.48,100527.19
1694.3358309,13160,100523.64,98071.98,100510.93,103361.12,100507.56,100545.96,100539.24,100517.12
1694.356472948,13161,100528.69,98083.14,100518.95,103362.21,100515.59,100537.94,100540.3,100519.19
1694.380127488,13162,100530.56,98098.23,100514.94,103353.13,100508.61,100540.05,100528.24,100529.25
1694.40073205,13163,100530.56,98073.02,100534.98,103346.95,100512.62,100539.0,100538.4,100537.26
1694.421320364,13164,100531.62,98081.07,100510.93,103357.13,100509.66,100545.96,100534.38,100537.26
1694.441905934,13165,100528.69,98080.04,100529.94,103356.04,100511.58,100543.01,100537.34,100527.19
1694.462528245,13166,100527.63,98077.05,100517.92,103362.94,100514.54,100539.0,100525.28,100527.19
1694.483186083,13167,100528.69,98082.11,100530.98,103364.03,100517.68,100539.0,100539.46,100536.23
1694.503777951,13168,100532.69,98080.04,100510.93,103352.04,100516.64,100537.94,100534.38,100529.25
1694.524363716,13169,100530.56,98073.02,100510.93,103349.86,100501.63,100540.05,100534.38,100536.23
1694.548127951,13170,100527.63,98071.05,100518.95,103357.85,100509.66,100543.01,100531.42,100526.16
1694.568663199,13171,100532.69,98074.05,100514.94,103356.04,100515.59,100537.94,100537.34,100525.25
1694.589305188,13172,100525.51,98081.07,100511.96,103360.03,100515.59,100537.94,100528.24,100539.2
1694.609968366,13173,100539.61,98086.14,100532.01,103368.03,100515.59,100537.94,100534.38,100532.23
1694.630505096,13174,100528.69,98080.04,100513.0,103358.94,100516.64,100537.94,100522.32,100533.26
1694.651144292,13175,100531.62,98081.07,100506.92,103358.94,100508.61,100545.96,100517.24,100538.29
1694.671710251,13176,100527.63,98081.07,100515.97,103360.03,100508.61,100540.05,100541.36,100527.19
1694.69233199,13177,100524.7,98070.02,100518.95,103361.12,100512.62,100544.06,100534.38,100524.22
1694.71607121,13178,100526.57,98081.07,100510.93,103360.03,100505.47,100536.04,100535.22,100529.25
1694.736612111,13179,100519.65,98074.05,100506.92,103369.12,100503.55,100549.97,100538.4,100531.19
1694.757238907,13180,100524.7,98069.92,100506.92,103361.12,100517.68,100540.05,100538.4,100525.25
1694.777920146,13181,100525.51,98071.98,100519.98,103364.03,100515.59,100537.94,100542.42,100537.26
1694.798464407,13182,100528.69,98082.11,100518.95,103368.03,100504.6,100540.05,100540.3,100536.23
1694.819121528,13183,100522.58,98073.02,100510.93,103361.12,100507.56,100532.04,100533.32,100529.25
1694.839690232,13184,100524.45,98082.11,100522.96,103356.04,100503.55,100539.0,100551.51,100536.23
1694.860379127,13185,100531.62,98080.04,100514.94,103360.03,100511.58,100532.04,100534.38,100529.25
1694.884115018,13186,100541.73,98077.05,100513.91,103360.03,100507.56,100533.93,100534.38,100537.26
1694.904640313,13187,100528.69,98086.14,100518.95,103360.03,100513.5,100540.9,100542.42,100537.26
1694.925295286,13188,100522.58,98082.11,100510.93,103358.22,100512.62,100542.16,100529.3,100537.26
1694.945885492,13189,100532.69,98086.14,100514.94,103366.94,100519.6,100539.0,100528.24,100529.25
1694.966649229,13190,100533.75,98082.11,100505.89,103358.94,100506.52,100539.0,100538.4,100536.23
1694.98706377,13191,100532.69,98086.14,100514.94,103364.03,100512.62,100539.0,100529.3,100529.25
1695.007613399,13192,100531.62,98081.07,100518.95,103370.21,100507.56,100537.94,100539.46,100530.16
1695.031357271,13193,100532.69,98087.17,100514.94,103358.94,100513.67,100534.99,100516.18,100518.15
1695.051941408,13194,100536.68,98092.23,100523.99,103369.12,100505.64,100540.05,100532.26,100529.25
1695.072601408,13195,100532.69,98086.14,100513.0,103365.12,100501.63,100537.94,100538.4,100523.19
1695.093186948,13196,100539.61,98082.11,100510.93,103361.12,100519.6,100537.94,100536.28,100527.19
1695.113793295,13197,100532.69,98082.11,100523.99,103360.03,100503.55,100545.96,100536.28,100528.22
1695.134610383,13198,100524.7,98082.11,100505.89,103362.94,100514.54,100537.94,100529.3,100532.23
1695.155044322,13199,100531.62,98082.11,100529.94,103358.94,100524.67,100539.0,100533.32,100529.25
1695.175578563,13200,100525.76,98081.07,100514.94,103360.03,100507.56,100539.0,100532.26,100528.22
1695.199358134,13201,100522.58,98082.11,100506.92,103354.95,100519.6,100549.97,100541.36,100529.25
1695.219953835,13202,100531.62,98090.17,100522.96,103357.13,100515.59,100537.94,100535.44,100532.23
1695.240599794,13203,100531.62,98086.14,100529.03,103352.04,100519.6,100543.01,100535.44,100529.25
1695.261184724,13204,100531.62,98091.2,100514.94,103352.04,100516.64,100543.01,100544.54,100529.25
1695.281753252,13205,100532.69,98090.17,100510.93,103358.94,100512.62,100537.94,100537.34,100529.25
1695.302443201,13206,100528.69,98082.11,100510.93,103352.04,100516.64,100532.04,100533.32,100533.26
1695.323026653,13207,100524.7,98098.23,100513.91,103349.13,100508.61,100544.06,100541.36,100529.13
1695.3435334,13208,100535.62,98086.14,100506.92,103356.04,100515.59,100536.04,100539.46,100528.22
1695.367277921,13209,100534.55,98086.14,100518.95,103353.86,100523.62,100543.01,100533.32,100532.23
1695.387919851,13210,100532.69,98082.11,100530.98,103341.86,100507.56,100537.94,100540.3,100532.23
1695.408555242,13211,100532.69,98082.11,100514.94,103341.86,100516.64,100532.88,100528.24,100529.25
1695.42907222,13212,100536.68,98090.17,100528.0,103333.86,100499.53,100529.93,100534.38,100528.22
1695.449638089,13213,100522.58,98091.2,100514.94,103330.95,100506.52,100543.01,100529.3,100521.25
1695.470289363,13214,100527.63,98078.08,100514.94,103314.96,100505.47,100536.04,100542.42,100527.19
1695.490939207,13215,100523.64,98094.2,100514.94,103310.96,100511.58,100537.94,100536.28,100540.23
1695.511466374,13216,100527.63,98082.11,100506.92,103309.87,100515.59,100537.94,100529.3,100533.26
1695.535230176,13217,100528.69,98090.17,100505.89,103312.05,100503.55,100540.05,100534.38,100527.19
1695.555894244,13218,100531.62,98081.07,100506.92,103326.23,100511.58,100536.89,100531.2,100529.25
1695.576448294,13219,100531.62,98081.07,100514.94,103328.04,100507.56,100541.95,100528.24,100527.19
1695.597006117,13220,100536.68,98090.17,100506.92,103317.87,100515.59,100536.04,100538.4,100527.19
1695.61764244,13221,100533.75,98090.17,100515.97,103324.05,100515.59,100533.93,100534.38,100529.25
1695.638257103,13222,100532.69,98081.07,100526.97,103321.87,100523.62,100540.9,100536.5,100528.22
1695.658902675,13223,100532.69,98090.17,100510.93,103329.13,100515.59,100539.0,100535.44,100529.25
1695.679507867,13224,100526.57,98088.1,100510.93,103321.14,100519.6,100532.04,100540.52,100516.21
1695.703222131,13225,100532.69,98086.14,100507.96,103318.96,100507.56,100541.11,100538.4,100521.25
1695.723830019,13226,100527.63,98092.23,100507.96,103312.05,100511.58,100537.94,100534.38,100530.29
1695.744304957,13227,100532.69,98091.2,100515.97,103325.14,100503.55,100544.06,100534.38,100528.22
1695.764987558,13228,100531.62,98097.19,100518.95,103317.14,100506.52,100532.04,100536.28,100537.26
1695.785647213,13229,100531.62,98091.2,100514.94,103321.14,100515.59,100540.05,100534.38,100536.23
1695.806164523,13230,100525.51,98086.14,100514.94,103324.05,100507.56,100540.05,100538.4,100533.26
1695.826831372,13231,100532.69,98090.17,100513.0,103314.96,100505.47,100533.93,100535.44,100521.25
1695.847453784,13232,100527.63,98090.17,100510.93,103325.14,100504.6,100537.94,100536.28,100528.22
1695.871217477,13233,100532.69,98090.17,100518.95,103320.05,100519.6,100543.01,100534.38,100537.26
1695.891777491,13234,100532.69,98089.13,100505.89,103328.04,100510.53,100543.01,100536.5,100537.26
1695.912339156,13235,100529.75,98094.2,100506.92,103322.23,100515.59,100548.07,100534.38,100533.26
1695.933016117,13236,100532.69,98090.17,100510.93,103320.05,100517.68,100531.82,100538.4,100524.22
1695.953586576,13237,100532.69,98090.17,100508.87,103318.96,100516.64,100544.06,100533.32,100537.26
1695.974178744,13238,100528.69,98090.17,100519.98,103310.96,100509.48,100540.05,100533.32,100527.19
1695.994829777,13239,100534.55,98085.1,100529.03,103310.96,100506.52,100544.06,100532.26,100543.2
1696.015341148,13240,100531.62,98090.17,100507.96,103318.96,100511.58,100539.0,100537.34,100537.26
1696.03906262,13241,100522.58,98089.13,100515.97,103326.96,100514.54,100540.05,100534.38,100529.25
1696.059667124,13242,100527.63,98085.1,100503.95,103317.87,100501.45,100548.07,100525.28,100527.19
1696.080356163,13243,100528.69,98098.23,100506.92,103321.87,100511.58,100540.05,100532.26,100530.16
1696.10094218,13244,100528.69,98098.23,100514.94,103310.96,100507.56,100533.09,100532.26,100524.22
1696.121516778,13245,100532.69,98086.14,100514.94,103320.05,100504.6,100545.96,100531.2,100523.19
1696.142135121,13246,100522.58,98087.07,100508.87,103310.96,100519.6,100537.94,100538.4,100536.23
1696.162792776,13247,100532.69,98097.19,100518.95,103313.14,100507.56,100544.9,100521.26,100527.19
1696.186460406,13248,100539.61,98090.17,100521.01,103320.05,100507.56,100543.01,100538.4,100521.25
1696.207132133,13249,100532.43,98092.23,100514.94,103328.04,100516.64,100530.98,100532.26,100531.19
1696.227692097,13250,100532.69,98094.2,100506.92,103312.05,100515.59,100534.99,100542.42,100533.26
1696.24829571,13251,100527.63,98098.23,100518.95,103314.23,100505.64,100539.0,100538.4,100528.22
1696.268899077,13252,100527.63,98090.17,100517.0,103320.05,100511.58,100540.05,100544.54,100536.23
1696.289438009,13253,100535.62,98090.17,100521.93,103322.96,100499.53,100544.06,100534.38,100528.22
1696.310044573,13254,100528.69,98090.17,100530.98,103329.13,100507.56,100533.93,100532.26,100533.26
1696.330689151,13255,100530.56,98091.2,100522.96,103310.96,100503.55,100540.05,100543.48,100528.22
1696.354391295,13256,100534.55,98090.17,100514.94,103322.96,100507.56,100537.94,100526.34,100531.19
1696.37506014,13257,100532.69,98090.17,100522.96,103325.14,100503.55,100537.94,100533.32,100528.22
1696.395669612,13258,100514.59,98089.13,100514.94,103317.14,100527.63,100532.04,100536.28,100537.26
1696.416306578,13259,100523.64,98090.17,100515.97,103320.05,100499.53,100545.12,100532.26,100529.25
1696.436845394,13260,100532.69,98092.23,100517.92,103309.87,100507.56,100536.04,100538.4,100529.25
1696.457434699,13261,100532.69,98098.23,100514.94,103320.05,100508.61,100543.01,100534.38,100542.3
1696.478004121,13262,100535.62,98090.17,100523.99,103320.05,100507.56,100545.96,100522.32,100537.26
1696.498677446,13263,100529.5,98088.2,100525.02,103320.05,100517.68,100543.01,100542.42,100528.22
1696.522362928,13264,100536.68,98090.17,100517.0,103326.96,100496.39,100544.06,100539.46,100528.22
1696.542956864,13265,100536.68,98090.17,100529.03,103320.05,100505.47,100534.99,100527.18,100529.25
1696.563556099,13266,100532.69,98090.17,100508.99,103313.14,100512.62,100533.93,100534.38,100520.22
1696.584178867,13267,100519.65,98098.23,100529.03,103320.05,100519.6,100530.98,100534.38,100527.19
1696.604794741,13268,100532.69,98096.16,100510.93,103321.14,100497.44,100545.96,100533.32,100540.23
1696.625482482,13269,100528.69,98088.1,100514.94,103321.14,100506.52,100529.93,100534.38,100545.27
1696.645984962,13270,100516.72,98100.29,100505.89,103325.14,100513.5,100537.94,100534.38,100536.23
1696.666629042,13271,100532.69,98086.14,100526.97,103322.23,100515.59,100537.94,100538.4,100544.24
1696.690335135,13272,100531.62,98092.23,100515.97,103320.05,100515.59,100534.99,100530.36,100527.19
1696.710964338,13273,100527.63,98097.19,100517.0,103330.22,100514.54,100548.07,100538.4,100529.25
1696.731579831,13274,100524.7,98098.23,100518.95,103322.96,100508.61,100545.96,100536.28,100529.25
1696.752166056,13275,100524.7,98090.17,100514.94,103325.14,100511.58,100537.94,100533.32,100527.19
1696.772751744,13276,100526.57,98098.23,100503.95,103321.14,100503.55,100536.89,100519.36,100527.19
1696.793313637,13277,100537.74,98090.17,100517.0,103329.13,100515.59,100539.0,100542.42,100520.22
1696.8139173,13278,100530.56,98097.19,100513.0,103324.05,100510.53,100544.06,100529.3,100523.19
1696.83451697,13279,100532.69,98086.14,100506.92,103313.87,100520.65,100541.95,100540.3,100527.19
1696.858314619,13280,100516.72,98091.2,100517.0,103333.13,100516.64,100537.94,100533.32,100532.23
1696.878924636,13281,100528.69,98098.23,100510.02,103326.96,100511.58,100539.0,100533.32,100521.25
1696.89946773,13282,100527.63,98100.29,100518.95,103312.05,100503.55,100544.06,100542.42,100528.22
1696.92013374,13283,100524.7,98097.19,100505.89,103330.22,100502.5,100533.93,100538.4,100537.26
1696.940670088,13284,100517.52,98094.2,100508.99,103324.05,100519.6,100537.94,100540.3,100535.2
1696.961274854,13285,100535.62,98098.23,100523.99,103326.96,100503.55,100529.93,100534.38,100527.19
1696.981896392,13286,100524.7,98100.19,100525.94,103325.87,100515.59,100530.98,100540.3,100533.26
1697.002643962,13287,100529.75,98098.23,100515.97,103329.13,100507.56,100544.06,100527.4,100527.19
1697.026228742,13288,100540.67,98094.2,100510.93,103324.05,100512.62,100532.04,100534.38,100531.19
1697.04689482,13289,100524.7,98090.17,100513.0,103329.13,100499.53,100539.0,100538.4,100529.25
1697.067423511,13290,100530.56,98090.17,100530.98,103329.13,100509.48,100528.03,100533.32,100525.25
1697.088056082,13291,100527.63,98106.29,100510.93,103329.13,100508.61,100543.01,100534.38,100528.22
1697.108694621,13292,100533.75,98090.17,100519.98,103330.22,100500.58,100537.94,100540.3,100537.26
1697.12929263,13293,100523.64,98094.2,100533.04,103324.05,100511.58,100532.04,100534.38,100536.23
1697.149853059,13294,100528.69,98093.16,100507.96,103330.22,100511.58,100536.89,100542.42,100530.29
1697.170375381,13295,100514.59,98098.23,100515.97,103328.04,100515.59,100540.05,100539.46,100529.25
1697.194182669,13296,100531.62,98090.17,100514.94,103322.96,100515.59,100540.05,100538.4,100529.25
1697.214827316,13297,100520.71,98098.23,100513.0,103328.04,100503.55,100533.93,100536.28,100529.25
1697.23534813,13298,100532.69,98089.13,100519.98,103326.96,100510.53,100536.04,100540.3,100537.26
1697.255996216,13299,100539.61,98097.19,100518.95,103317.14,100515.59,100537.94,100540.3,100529.25
1697.276630697,13300,100531.62,98101.22,100536.02,103324.05,100515.59,100547.01,100538.4,100524.22
1697.297225311,13301,100524.7,98090.17,100509.9,103330.95,100517.51,100530.98,100534.38,100532.23
1697.317868622,13302,100530.56,98100.19,100510.93,103326.96,100505.47,100537.94,100542.42,100523.19
1697.338393782,13303,100524.7,98091.2,100514.94,103326.96,100507.56,100539.0,100532.26,100529.25
1697.36217186,13304,100528.69,98097.19,100513.91,103318.96,100499.53,100540.9,100535.44,100537.26
1697.382742232,13305,100527.63,98098.23,100511.96,103326.96,100508.61,100536.89,100545.37,100532.23
1697.403375252,13306,100532.69,98094.2,100514.94,103326.96,100507.56,100541.95,100530.36,100529.25
1697.424015294,13307,100532.69,98098.23,100506.92,103336.04,100515.59,100533.93,100538.4,100528.22
1697.444801964,13308,100526.57,98094.2,100514.94,103325.87,100499.53,100540.05,100525.28,100529.25
1697.465124936,13309,100532.69,98090.17,100515.97,103328.04,100511.58,100537.94,100532.26,100525.25
1697.485693364,13310,100531.62,98098.23,100514.94,103336.04,100511.58,100533.93,100542.42,100528.22
1697.509492681,13311,100532.69,98106.29,100514.94,103326.96,100509.48,100545.96,100533.32,100529.25
1697.53010402,13312,100533.75,98092.13,100514.94,103330.95,100504.6,100534.99,100545.37,100523.19
1697.550720777,13313,100540.67,98096.16,100518.95,103330.22,100516.64,100532.88,100531.2,100520.22
1697.571329798,13314,100526.57,98102.26,100502.92,103328.04,100500.58,100539.0,100534.38,100525.25
1697.59186141,13315,100523.64,98102.26,100518.95,103334.95,100504.42,100543.01,100538.4,100537.26
1697.61247433,13316,100520.71,98097.19,100534.98,103324.05,100514.72,100547.01,100530.36,100523.19
1697.633098004,13317,100531.62,98106.29,100522.96,103334.95,100511.58,100532.88,100529.3,100535.2
1697.653653921,13318,100536.68,98090.17,100510.93,103332.04,100510.53,100533.93,100542.42,100527.19
1697.677462109,13319,100523.64,98102.26,100518.95,103329.86,100507.56,100532.04,100540.3,100536.23
1697.698126763,13320,100532.69,98106.29,100510.93,103326.96,100499.53,100541.95,100532.26,100530.16
1697.718626328,13321,100530.56,98087.07,100511.96,103333.13,100519.6,100539.0,100533.32,100537.26
1697.739316132,13322,100532.69,98098.23,100514.94,103317.87,100515.59,100533.93,100534.38,100528.22
1697.7598736,13323,100531.62,98093.16,100522.96,103325.87,100511.58,100544.06,100531.2,100528.22
1697.780426847,13324,100541.73,98107.32,100504.98,103329.13,100505.64,100533.93,100540.3,100529.25
1697.801028553,13325,100529.5,98098.23,100507.96,103332.04,100515.59,100537.94,100539.46,100525.13
1697.821660903,13326,100528.69,98106.29,100515.97,103326.96,100508.61,100536.89,100540.3,100537.26
1697.845402355,13327,100538.55,98103.29,100518.95,103330.95,100503.55,100537.94,100539.46,100539.32
1697.865980996,13328,100540.67,98101.22,100515.97,103328.04,100507.56,100540.05,100532.26,100528.22
1697.886579204,13329,100533.75,98106.29,100519.98,103326.96,100515.59,100550.18,100528.24,100528.22
1697.907149805,13330,100528.69,98107.32,100506.92,103352.04,100507.56,100541.95,100531.2,100529.25
1697.92786698,13331,100532.69,98106.29,100505.89,103325.87,100499.53,100533.93,100536.28,100532.23
1697.948612973,13332,100536.68,98106.29,100518.95,103332.04,100518.56,100533.93,100532.26,100521.25
1697.969058756,13333,100532.69,98105.25,100506.92,103329.13,100508.61,100539.0,100542.19,100532.23
1697.989699735,13334,100532.69,98106.29,100514.94,103337.13,100499.53,100537.94,100523.38,100529.25
1698.013331287,13335,100532.69,98106.29,100514.94,103332.04,100515.59,100537.94,100534.38,100533.26
1698.033944789,13336,100532.69,98098.23,100513.0,103328.04,100508.61,100537.94,100534.38,100535.2
1698.054577871,13337,100532.69,98108.35,100515.97,103329.86,100498.49,100530.98,100530.36,100528.22
1698.075265358,13338,100528.69,98101.22,100522.96,103322.96,100512.62,100536.04,100528.24,100533.13
1698.095752661,13339,100524.7,98106.29,100515.97,103338.95,100502.5,100537.94,100540.3,100537.26
1698.116335057,13340,100525.76,98098.23,100518.95,103337.13,100502.5,100537.94,100540.3,100529.25
1698.136965643,13341,100532.69,98103.29,100511.96,103336.04,100497.44,100541.95,100534.38,100519.19
1698.157700269,13342,100538.8,98101.22,100525.02,103341.13,100502.5,100537.94,100532.26,100536.23
1698.181315676,13343,100524.7,98107.32,100518.95,103334.95,100507.56,100532.88,100534.38,100537.26
1698.20194056,13344,100516.72,98130.47,100506.92,103336.04,100499.53,100533.93,100539.46,100529.25
1698.222517463,13345,100532.69,98186.89,100513.0,103333.86,100514.54,100543.01,100526.34,100535.2
1698.243103514,13346,100526.82,98100.29,100526.97,103325.87,100507.56,100537.94,100542.42,100529.25
1698.263697579,13347,100533.75,98102.26,100522.96,103326.96,100503.55,100542.16,100538.4,100535.2
1698.284429727,13348,100532.69,98113.31,100519.98,103350.95,100503.55,100541.11,100542.42,100531.19
1698.304938502,13349,100532.69,98106.29,100510.93,103353.13,100501.63,100541.95,100534.38,100519.19
1698.325528917,13350,100532.69,98099.26,100530.98,103328.04,100497.44,100537.94,100533.32,100525.25
1698.349252895,13351,100531.62,98110.32,100510.93,103336.04,100516.64,100540.9,100540.3,100534.17
1698.369930357,13352,100540.67,98106.29,100529.03,103332.04,100503.55,100537.94,100534.38,100535.2
1698.390523475,13353,100524.7,98101.22,100511.96,103344.04,100507.56,100533.93,100532.26,100521.25
1698.411108417,13354,100528.69,98102.26,100514.94,103330.95,100498.49,100537.94,100543.25,100523.19
1698.431706557,13355,100539.61,98105.25,100523.99,103353.13,100501.63,100541.95,100532.26,100534.17
1698.452262156,13356,100532.69,98227.19,100508.99,103357.13,100503.55,100540.05,100524.22,100536.23
1698.472924416,13357,100531.62,98207.04,100515.97,103372.03,100499.53,100525.92,100532.26,100528.22
1698.494747244,13358,100530.56,98224.19,100510.93,103369.12,100499.53,100537.94,100530.36,100529.25
1698.517267077,13359,100530.56,98207.04,100518.95,103378.21,100507.56,100524.02,100542.42,100533.26
1698.537837398,13360,100528.69,98219.13,100514.94,103368.03,100505.47,100540.05,100534.38,100536.23
1698.558429709,13361,100519.65,98219.13,100512.88,103377.12,100511.58,100529.93,100535.44,100529.25
1698.579024154,13362,100524.7,98204.04,100514.94,103358.94,100508.61,100541.95,100535.44,100521.25
1698.599645874,13363,100527.63,98213.13,100506.92,103366.21,100503.55,100548.07,100534.38,100535.2
1698.620272566,13364,100530.56,98175.83,100533.04,103374.94,100516.64,100541.11,100538.4,100535.2
1698.640873883,13365,100528.69,98203.01,100514.94,103358.94,100507.56,100533.93,100524.22,100529.25
1698.661446337,13366,100525.76,98178.83,100514.94,103360.03,100503.55,100537.94,100533.32,100527.19
1698.685146382,13367,100527.63,98207.04,100530.98,103358.94,100499.53,100539.0,100531.2,100527.19
1698.705802715,13368,100532.69,98317.81,100517.92,103412.02,100508.61,100544.06,100543.48,100532.23
1698.726431274,13369,100537.74,98437.79,100533.95,103481.09,100523.62,100544.06,100532.26,100536.23
1698.747011384,13370,100530.56,98456.91,100530.98,103457.09,100508.61,100539.0,100540.3,100533.26
1698.767643256,13371,100535.62,98440.79,100515.97,103457.09,100509.48,100536.04,100542.42,100539.32
1698.788278622,13372,100531.62,98436.76,100525.94,103453.1,100507.56,100544.06,100542.42,100537.26
1698.808910192,13373,100532.69,98425.7,100512.88,103440.01,100515.59,100540.05,100534.38,100535.2
1698.832574904,13374,100532.69,98415.57,100513.91,103440.01,100503.55,100536.04,100546.43,100533.26
1698.85311188,13375,100527.63,98414.64,100510.93,103454.91,100497.44,100540.05,100534.38,100529.25
1698.873759039,13376,100531.62,98424.67,100513.91,103454.91,100505.47,100539.0,100542.42,100537.26
1698.894525105,13377,100531.62,98427.66,100514.94,103449.82,100500.58,100534.99,100536.28,100529.25
1698.915250012,13378,100532.69,98422.6,100514.94,103438.92,100498.49,100529.93,100544.54,100529.25
1698.935821591,13379,100526.57,98418.57,100514.94,103446.92,100503.55,100540.05,100534.38,100529.25
1698.956455932,13380,100540.67,98444.82,100505.89,103452.01,100511.58,100540.05,100528.24,100529.25
1698.977227752,13381,100532.69,98686.64,100515.97,103586.15,100506.52,100541.95,100545.37,100529.25
1699.000429054,13382,100536.68,98863.98,100522.96,103647.95,100515.59,100557.99,100542.42,100533.26
1699.021135712,13383,100531.62,98863.98,100514.94,103627.95,100499.53,100544.06,100542.42,100537.26
1699.04176439,13384,100528.44,98842.79,100521.01,103617.05,100508.61,100540.05,100540.3,100524.22
1699.062492308,13385,100528.69,98831.74,100532.01,103617.05,100503.55,100539.0,100541.36,100529.25
1699.083088483,13386,100527.63,98839.8,100517.92,103611.96,100499.53,100541.11,100528.24,100532.23
1699.103772856,13387,100519.65,98833.69,100523.99,103619.96,100503.55,100545.96,100538.4,100528.22
1699.124517696,13388,100532.69,98846.82,100513.91,103621.05,100499.53,100532.04,100545.37,100529.25
1699.145126298,13389,100516.72,98843.83,100514.94,103614.87,100506.52,100536.04,100532.26,100537.26
1699.168417625,13390,100523.64,98839.8,100519.98,103610.87,100516.64,100533.93,100530.14,100529.25
1699.189079253,13391,100519.65,98821.6,100514.94,103617.05,100507.56,100537.94,100542.42,100528.22
1699.209778868,13392,100522.58,98822.64,100518.95,103601.05,100503.55,100549.13,100534.38,100529.25
1699.230448022,13393,100523.64,98822.64,100507.96,103598.87,100491.51,100532.88,100517.24,100533.26
1699.25101757,13394,100536.68,99190.47,100522.96,103770.82,100505.47,100537.94,100527.18,100534.17
1699.271743714,13395,100541.73,99516.98,100530.98,104025.67,100515.59,100544.06,100547.49,100551.21
1699.292369253,13396,100537.74,99482.64,100534.98,103984.97,100503.55,100544.9,100540.3,100536.23
1699.313046427,13397,100531.62,99473.68,100511.96,103975.87,100515.59,100544.06,100536.28,100537.26
1699.336360003,13398,100528.69,99462.48,100518.95,103967.88,100506.52,100547.01,100535.44,100524.22
1699.357000054,13399,100528.69,99446.36,100505.89,103966.07,100507.56,100532.04,100540.3,100531.32
1699.377700994,13400,100531.62,99440.39,100518.95,103950.78,100498.49,100537.94,100543.48,100520.22
1699.39842074,13401,100532.69,99451.44,100514.94,103954.07,100499.53,100536.04,100543.48,100532.23
1699.419002226,13402,100514.59,99432.32,100510.93,103946.78,100497.44,100541.11,100540.3,100538.29
1699.439461667,13403,100528.69,99436.36,100510.93,103935.88,100493.43,100548.07,100542.42,100520.22
1699.46011709,13404,100526.57,99429.34,100514.94,103935.88,100499.53,100534.99,100534.38,100538.29
1699.480710479,13405,100523.64,99420.23,100506.92,103935.88,100503.55,100532.04,100534.38,100528.22
1699.50442454,13406,100524.7,99446.36,100513.0,103944.98,100497.44,100540.05,100534.38,100525.25
1699.524955521,13407,100536.68,99855.6,100514.94,104192.94,100515.59,100552.08,100542.42,100545.27
1699.545560503,13408,100532.69,100296.97,100518.95,104447.81,100515.59,100537.94,100530.14,100537.26
1699.566188627,13409,100532.69,100258.76,100526.97,104414.01,100497.44,100537.94,100534.38,100529.25
1699.586752099,13410,100527.63,100218.44,100511.96,104368.92,100515.59,100538.15,100539.46,100532.23
1699.607390703,13411,100532.69,100205.29,100530.98,104356.92,100504.6,100544.06,100538.4,100529.25
1699.628008504,13412,100532.69,100189.17,100506.92,104351.82,100504.42,100539.0,100536.5,100533.26
1699.648569431,13413,100528.69,100178.12,100506.92,104343.82,100499.53,100537.94,100534.38,100537.26
1699.672338055,13414,100531.62,100178.12,100514.94,104342.72,100507.56,100540.05,100542.42,100536.23
1699.692944848,13415,100531.62,100170.06,100514.94,104330.72,100504.6,100536.04,100535.44,100524.22
1699.713547479,13416,100530.56,100162.0,100507.96,104317.62,100495.52,100544.06,100534.38,100527.19
1699.734122347,13417,100535.62,100149.9,100513.91,104334.72,100509.48,100530.98,100540.3,100529.25
1699.754727247,13418,100527.63,100153.93,100529.03,104318.72,100503.55,100540.9,100534.38,100533.26
1699.775343442,13419,100536.68,100166.03,100517.0,104344.92,100510.53,100541.95,100537.34,100529.25
1699.795948504,13420,100523.64,100811.13,100513.91,104609.59,100507.56,100537.94,100532.26,100527.19
1699.819685167,13421,100524.7,101270.82,100498.91,104858.69,100490.46,100536.04,100534.38,100528.22
1699.840261466,13422,100531.62,101186.14,100519.98,104768.9,100499.53,100540.05,100526.34,100529.25
1699.860923341,13423,100534.55,101163.0,100507.96,104742.69,100499.53,100532.04,100524.44,100528.22
1699.881440856,13424,100524.7,101145.81,100507.96,104727.79,100503.55,100532.04,100544.31,100527.19
1699.902143539,13425,100519.65,101104.43,100508.99,104707.79,100501.63,100529.93,100534.38,100517.12
1699.922672871,13426,100536.68,101100.39,100499.94,104706.69,100502.5,100540.05,100539.46,100528.22
1699.943276613,13427,100524.7,101093.39,100515.97,104690.69,100503.55,100540.05,100542.42,100533.26
1699.963905352,13428,100534.55,101089.36,100522.96,104686.69,100487.49,100532.04,100543.48,100535.2
1699.98762939,13429,100540.67,101074.29,100510.93,104670.69,100507.56,100540.05,100529.3,100528.22
1700.008751753,13430,100528.69,101057.95,100515.97,104670.69,100499.53,100539.0,100540.52,100534.17
1700.030245305,13431,100522.58,101050.09,100518.95,104656.9,100509.66,100539.0,100541.36,100532.23
1700.049595504,13432,100531.62,101042.88,100514.94,104653.59,100515.59,100529.93,100538.4,100533.26
1700.07097342,13433,100532.69,101039.91,100514.94,104651.8,100498.49,100537.94,100535.44,100527.19
1700.090931265,13434,100524.7,101045.0,100506.92,104688.9,100497.44,100545.96,100542.42,100531.19
1700.115520699,13435,100532.69,101053.07,100514.94,104704.9,100502.5,100540.05,100533.32,100529.25
1700.132236499,13436,100532.69,101153.88,100522.96,104790.69,100502.5,100543.01,100545.37,100531.19
1700.155546606,13437,100524.7,101769.81,100506.92,105168.91,100481.38,100526.97,100534.38,100520.22
1700.179763579,13438,100528.69,101871.7,100507.96,105238.7,100496.57,100541.95,100538.4,100532.23
1700.196782871,13439,100522.58,101894.83,100508.99,105359.82,100498.49,100532.04,100532.26,100526.16
1700.217402355,13440,100528.69,102789.17,100515.97,105934.81,100490.46,100529.93,100530.36,100533.26
1700.237987328,13441,100519.65,102815.52,100507.96,105879.91,100491.51,100534.99,100534.38,100531.19
1700.258616204,13442,100524.7,102767.12,100514.94,105862.79,100500.58,100532.04,100538.4,100527.19
1700.279236618,13443,100531.62,102750.98,100514.94,105842.79,100499.53,100529.93,100533.32,100535.2
1700.299773229,13444,100516.72,102748.83,100511.96,105829.67,100497.44,100529.93,100539.46,100529.25
1700.323560759,13445,100539.61,102749.91,100515.97,105841.68,100509.48,100540.05,100534.38,100527.19
1700.344165103,13446,100525.76,102745.87,100528.0,105840.56,100507.56,100530.98,100542.42,100529.25
1700.364728331,13447,100532.69,102750.98,100514.94,105903.92,100499.53,100532.04,100543.48,100527.19
1700.385324736,13448,100540.67,102749.91,100518.95,105917.69,100507.56,100540.9,100538.4,100541.26
1700.405935212,13449,100530.56,102807.46,100529.94,105977.71,100503.55,100541.95,100538.4,100542.3
1700.42656229,13450,100524.7,102837.57,100513.91,106029.72,100502.5,100548.07,100539.46,100537.26
1700.447137922,13451,100532.69,102880.06,100533.04,106086.85,100505.47,100540.05,100541.36,100527.19
1700.467767545,13452,100532.69,102904.27,100526.97,106110.86,100500.58,100539.0,100541.36,100537.26
1700.49150436,13453,100532.69,102932.51,100521.01,106134.86,100498.49,100541.95,100526.34,100529.25
1700.512309998,13454,100524.7,102972.84,100522.96,106133.75,100503.55,100539.0,100535.44,100526.16
1700.532888821,13455,100532.69,102967.73,100523.99,106149.75,100502.5,100536.89,100534.38,100529.25
1700.553598726,13456,100532.69,103001.08,100532.01,106157.75,100507.56,100537.94,100546.43,100534.29
1700.574225135,13457,100532.69,103016.14,100530.98,106181.76,100503.55,100539.0,100532.26,100528.22
1700.594871295,13458,100532.69,103052.44,100504.98,106222.89,100490.46,100540.05,100537.34,100531.19
1700.615610086,13459,100528.69,103105.97,100521.93,106257.13,100503.55,100537.94,100546.43,100532.23
1700.636190356,13460,100532.69,103152.5,100530.98,106296.03,100499.53,100543.01,100534.38,100541.26
1700.659446966,13461,100533.75,103201.7,100517.92,106337.81,100497.44,100540.05,100543.48,100529.25
1700.680123624,13462,100534.55,103251.19,100518.95,106365.82,100515.59,100551.02,100541.36,100537.26
1700.700809888,13463,100524.7,103289.37,100505.89,106320.04,100511.58,100526.97,100523.38,100525.25
1700.721288514,13464,100525.76,103322.73,100516.89,106317.8,100515.59,100543.01,100536.5,100533.26
1700.741862119,13465,100525.76,103360.12,100510.93,106317.8,100498.49,100536.89,100534.38,100548.24
1700.762545256,13466,100536.68,103387.28,100515.97,106326.92,100503.55,100545.96,100539.46,100535.32
1700.783108372,13467,100532.69,103404.5,100523.99,106322.92,100519.6,100537.94,100534.38,100529.25
1700.803715158,13468,100528.69,103444.84,100513.91,106351.57,100501.45,100545.96,100541.36,100533.26
1700.827473621,13469,100532.69,103489.22,100521.93,106382.94,100502.5,100539.0,100538.4,100529.25
1700.848077174,13470,100536.68,103524.44,100513.91,106429.84,100511.58,100544.9,100522.32,100541.26
1700.868664544,13471,100528.69,103605.13,100509.9,106477.85,100491.51,100541.11,100533.32,100527.19
1700.889289121,13472,100532.69,103656.49,100514.94,106545.88,100506.52,100541.95,100543.48,100529.25
1700.909870829,13473,100532.69,103694.97,100514.94,106573.89,100511.58,100547.01,100534.38,100535.2
1700.930431962,13474,100528.44,103757.36,100519.98,106597.9,100507.39,100534.99,100542.42,100539.2
1700.951064315,13475,100535.62,103806.86,100520.9,106599.02,100499.53,100537.94,100542.42,100531.19
1700.971735271,13476,100537.74,103843.17,100510.02,106607.02,100499.53,100544.06,100530.36,100529.25
1700.995383835,13477,100524.7,103920.91,100532.01,106681.93,100499.53,100537.1,100532.26,100532.23
1701.015940718,13478,100531.62,104849.0,100510.93,107570.37,100489.41,100530.98,100529.3,100525.25
1701.036618299,13479,100516.72,105347.23,100506.92,107901.45,100499.53,100528.03,100530.36,100521.25
1701.057088961,13480,100526.57,105267.61,100515.97,107778.5,100506.52,100534.99,100542.42,100523.19
1701.077751239,13481,100525.76,105309.07,100518.95,107790.51,100502.5,100540.05,100536.28,100532.23
1701.09840315,13482,100523.64,105349.43,100506.92,107840.81,100503.55,100541.11,100538.4,100537.26
1701.118997442,13483,100531.62,105405.93,100526.97,107863.69,100501.45,100553.13,100543.48,100527.19
1701.142710638,13484,100532.69,105461.33,100514.94,107867.69,100498.49,100543.01,100542.42,100529.25
1701.163288659,13485,100524.7,105492.52,100515.97,107874.57,100505.47,100536.04,100538.4,100528.22
1701.183913393,13486,100531.62,105527.01,100515.97,107874.57,100503.55,100533.93,100533.32,100529.25
1701.204537796,13487,100536.68,105559.3,100517.0,107862.56,100505.47,100540.9,100534.38,100536.23
1701.225156271,13488,100501.56,105486.65,100498.91,107850.55,100489.41,100534.99,100512.17,100520.22
1701.245728061,13489,100516.72,105578.38,100514.94,107866.56,100503.55,100532.04,100531.2,100532.35
1701.266262127,13490,100533.75,105598.56,100498.91,107903.72,100491.51,100530.98,100536.28,100528.22
1701.286879376,13491,100528.69,105663.14,100508.99,107934.61,100497.44,100532.04,100542.42,100528.22
1701.310663161,13492,100531.62,105740.93,100506.92,107966.63,100499.53,100533.93,100535.22,100532.23
1701.331291403,13493,100515.65,105795.23,100513.91,107994.65,100499.53,100533.93,100528.24,100520.22
1701.351876686,13494,100531.62,105856.88,100517.0,108026.67,100501.45,100540.05,100536.28,100533.26
1701.372556573,13495,100524.7,105914.5,100514.94,108031.81,100503.55,100537.94,100527.18,100526.16
1701.393096474,13496,100540.67,105979.08,100499.94,108044.41,100497.44,100544.06,100533.32,100528.22
1701.413687901,13497,100526.57,106016.52,100514.94,108056.96,100491.51,100541.11,100539.24,100534.17
1701.434330611,13498,100532.69,106051.74,100506.92,108054.69,100515.59,100534.99,100550.45,100529.25
1701.455118991,13499,100519.65,106728.82,100507.96,108974.3,100498.49,100521.91,100526.12,100531.19
1701.478637204,13500,100492.76,109174.83,100480.93,111907.16,100462.36,100500.81,100492.07,100480.19
1701.499208304,13501,100502.87,110270.74,100480.93,112612.36,100466.37,100495.96,100495.03,100500.2
1701.519808312,13502,100512.72,110095.27,100492.95,112180.79,100490.46,100522.96,100517.24,100521.25
1701.540438767,13503,100516.72,110064.7,100508.99,112083.45,100485.4,100528.03,100516.18,100512.21
1701.561107115,13504,100521.52,110077.96,100507.96,111995.31,100501.45,100532.04,100518.3,100525.25
1701.581604043,13505,100523.64,110103.95,100518.95,111928.86,100499.53,100534.99,100525.28,100525.25
1701.602232796,13506,100528.69,110106.24,100528.0,111872.77,100495.52,100532.04,100529.3,100527.19
1701.62287405,13507,100528.69,110133.38,100510.93,111839.05,100507.56,100532.04,100518.3,100520.22
1701.646606298,13508,100525.76,110148.94,100511.96,111803.0,100501.45,100530.98,100534.38,100524.22
1701.667200503,13509,100528.69,110160.51,100507.96,111750.91,100493.43,100536.04,100532.26,100527.19
1701.687793196,13510,100516.72,110188.79,100506.92,111728.54,100499.53,100529.93,100534.38,100528.22
1701.708462216,13511,100514.59,110227.45,100502.92,111716.52,100494.47,100529.93,100518.3,100528.22
1701.729049569,13512,100524.7,110267.85,100511.96,111698.83,100489.41,100536.04,100536.28,100524.22
1701.749612296,13513,100517.78,110335.39,100506.92,111698.83,100499.53,100539.0,100532.26,100528.22
1701.770243647,13514,100525.76,110391.95,100509.9,111672.46,100492.38,100536.04,100524.22,100529.25
1701.790848745,13515,100524.7,110427.17,100514.94,111655.93,100497.44,100532.04,100534.38,100519.19
1701.814574258,13516,100528.69,110477.95,100508.99,111643.91,100499.53,100532.04,100543.48,100527.19
1701.835219715,13517,100527.63,110524.14,100511.96,111627.89,100503.55,100532.04,100530.36,100529.25
1701.85580958,13518,100524.7,110613.03,100506.92,111626.72,100507.56,100529.93,100539.46,100528.22
1701.87640724,13519,100500.75,112210.5,100483.9,114424.0,100473.36,100490.89,100493.13,100489.22
1701.897359726,13520,100452.84,115012.55,100439.81,117662.07,100425.19,100460.94,100454.01,100461.2
1701.917811482,13521,100476.79,115133.9,100458.82,117267.34,100452.41,100482.88,100470.08,100480.19
1701.93816946,13522,100484.78,114979.0,100482.87,117038.67,100469.34,100499.97,100494.19,100489.22
1701.958737091,13523,100496.75,114962.82,100479.9,116864.96,100475.45,100517.06,100510.27,100505.24
1701.982417022,13524,100500.75,114957.12,100491.92,116799.56,100487.49,100514.95,100516.18,100504.2
1702.003028448,13525,100516.72,115001.61,100494.9,116663.18,100487.49,100521.91,100502.23,100517.25
1702.023629487,13526,100523.64,115036.82,100500.97,116603.02,100472.31,100528.03,100518.3,100516.21
1702.044298761,13527,100517.78,115077.27,100494.9,116502.74,100486.44,100524.02,100522.32,100517.25
1702.064819554,13528,100516.72,115117.72,100503.95,116446.23,100491.51,100525.92,100526.34,100520.22
1702.085474973,13529,100515.65,115135.09,100507.96,116400.89,100490.46,100523.81,100532.48,100511.18
1702.106094015,13530,100524.7,115167.45,100503.95,116340.73,100488.36,100532.04,100525.28,100532.23
1702.126639174,13531,100532.69,115201.46,100517.0,116316.66,100489.41,100532.04,100533.32,100519.19
1702.150436993,13532,100520.71,115262.14,100500.97,116274.13,100487.49,100520.01,100531.2,100523.31
1702.171054249,13533,100524.7,115310.67,100498.91,116228.79,100484.35,100526.97,100526.34,100528.22
1702.191677937,13534,100524.7,115375.39,100499.94,116204.36,100499.53,100532.04,100518.3,100529.25
1702.212288091,13535,100520.71,115415.84,100515.97,116172.27,100499.53,100532.04,100517.24,100528.22
1702.232880848,13536,100514.59,115489.85,100494.9,116147.0,100489.41,100532.04,100531.2,100521.25
1702.253415006,13537,100477.85,115569.56,100474.86,116188.32,100458.35,100478.87,100491.23,100473.21
1702.274004469,13538,100496.75,115586.94,100486.88,116105.68,100473.36,100507.98,100508.15,100504.2
1702.294648124,13539,100504.74,115626.19,100482.87,116084.04,100477.37,100516.0,100515.13,100508.21
1702.318402265,13540,100520.71,115658.55,100498.91,116037.5,100481.38,100516.0,100521.26,100514.15
1702.339035253,13541,100512.72,115719.23,100504.98,116011.85,100483.48,100524.02,100518.3,100521.25
1702.359556373,13542,100516.72,115747.55,100506.92,115965.31,100484.35,100524.02,100518.3,100521.25
1702.380228633,13543,100517.78,115798.5,100502.92,115947.68,100493.43,100521.91,100525.28,100524.22
1702.40081864,13544,100516.72,115832.5,100506.92,115927.63,100485.4,100525.07,100518.3,100521.25
1702.421375356,13545,100487.71,115887.5,100468.9,115918.4,100460.27,100507.98,100502.23,100491.16
1702.441974377,13546,100500.75,115963.16,100482.87,115899.56,100469.34,100516.0,100502.23,100505.24
1702.465750505,13547,100508.73,116065.51,100491.92,115887.53,100469.34,100516.0,100514.29,100511.3
1702.486391368,13548,100512.72,116138.76,100494.9,115849.01,100479.29,100524.02,100514.29,100504.2
1702.506970538,13549,100518.84,116199.45,100498.91,115831.38,100489.41,100524.02,100510.27,100513.24
1702.527539193,13550,100520.71,116254.88,100499.94,115804.52,100482.43,100524.02,100519.36,100523.31
1702.548185052,13551,100516.72,116298.96,100502.92,115755.19,100483.48,100530.98,100517.24,100525.25
1702.568789192,13552,100524.7,116376.26,100499.94,115723.49,100487.49,100532.04,100522.32,100523.31
1702.589391562,13553,100515.65,116428.43,100500.97,115703.44,100497.44,100525.92,100518.3,100512.21
1702.609984951,13554,100503.68,116483.87,100499.94,115687.01,100491.51,100533.93,100513.23,100523.31
1702.633742804,13555,100512.72,116564.79,100496.96,115642.08,100487.49,100528.03,100516.18,100513.24
1702.65436194,13556,100508.73,116638.83,100499.94,115649.71,100472.31,100522.96,100525.28,100512.21
1702.674880294,13557,100500.75,116738.78,100498.91,115638.89,100475.28,100516.0,100512.39,100530.29
1702.695470456,13558,100502.87,116825.38,100496.96,115621.64,100483.48,100529.93,100518.3,100512.21
1702.716093061,13559,100652.46,113013.77,100596.14,115091.14,100551.72,100652.3,100680.11,100669.37
1702.736744901,13560,100599.49,111813.24,100597.18,113619.92,100563.76,100608.2,100606.72,100601.31
1702.757310568,13561,100564.62,111276.89,100547.01,114080.87,100539.67,100572.12,100562.51,100563.34
1702.777887465,13562,100556.64,111154.5,100543.0,114158.23,100522.57,100552.92,100549.39,100557.28
1702.801681888,13563,100536.68,111089.84,100540.02,113959.42,100513.5,100556.09,100548.33,100539.32
1702.822292004,13564,100500.75,111857.69,100491.92,116268.53,100485.4,100524.02,100534.38,100513.24
1702.842886749,13565,100448.85,113824.76,100446.8,118001.88,100421.17,100476.97,100458.87,100457.2
1702.863454381,13566,100455.77,113389.76,100452.87,117690.16,100434.26,100476.97,100470.08,100464.17
1702.884099114,13567,100468.81,113296.77,100459.85,117662.07,100459.39,100489.84,100494.19,100476.18
1702.90464897,13568,100488.77,113271.34,100475.89,117485.54,100454.33,100501.02,100490.17,100481.22
1702.925250127,13569,100477.85,113523.19,100462.83,117646.02,100457.3,100477.82,100486.16,100485.22
1702.945774622,13570,100404.93,116301.8,100379.68,123234.88,100383.13,100401.65,100413.82,100401.16
1702.969587076,13571,100324.03,118948.65,100314.52,123234.88,100307.91,100341.53,100330.28,100330.13
1702.990210768,13572,100391.08,118881.42,100364.68,123234.88,100355.03,100394.69,100393.73,100385.15
1703.010860267,13573,100408.92,119074.16,100410.72,123234.88,100397.09,100423.8,100413.82,100413.17
1703.031405016,13574,100399.88,118792.35,100392.74,123234.88,100367.07,100412.83,100403.67,100393.15
1703.052008203,13575,100412.91,118264.52,100396.75,123234.88,100402.15,100422.75,100429.89,100417.17
1703.072572719,13576,100422.77,118385.95,100434.77,123234.88,100410.18,100443.85,100444.91,100449.19
1703.093242679,13577,100467.75,117120.77,100395.72,123234.88,100364.98,100467.9,100405.78,100388.12
1703.113759784,13578,100500.75,118296.9,100490.89,123793.42,100481.38,100525.07,100514.29,100513.24
1703.137506068,13579,100508.73,116771.15,100490.89,123793.41,100479.46,100520.01,100506.25,100517.25
1703.158223192,13580,100483.72,118207.85,100468.9,123569.67,100465.33,100495.96,100490.17,100485.22
1703.178837138,13581,100500.75,117708.79,100491.92,123798.72,100467.42,100513.89,100510.27,100509.24
1703.199359523,13582,100516.72,117487.41,100482.87,123930.05,100471.26,100505.87,100518.3,100509.24
1703.219932431,13583,100572.61,114811.98,100548.04,121271.89,100559.75,100602.29,100601.64,100573.29
1703.240565665,13584,100724.33,109615.13,100709.42,111302.74,100739.34,100780.58,100766.4,100785.46
1703.261178112,13585,100880.04,104731.62,100867.71,104757.59,100842.66,100891.76,100886.97,100891.62
1703.281769558,13586,100923.96,100159.89,100919.82,102838.06,100894.84,100932.91,100929.29,100930.62
1703.305512818,13587,100894.94,97826.17,100892.79,102336.16,100888.92,100916.88,100915.1,100905.56
1703.326185151,13588,100852.09,98167.67,100851.67,103933.69,100829.56,100862.64,100854.82,100859.59
1703.346774699,13589,100824.14,97411.13,100813.65,103484.72,100798.5,100820.66,100815.69,100822.52
1703.367360893,13590,100772.24,97104.9,100759.47,103013.99,100756.44,100778.46,100773.38,100779.52
1703.387958723,13591,100724.33,97648.86,100725.46,103307.69,100698.14,100741.54,100735.32,100731.48
1703.408630138,13592,100692.38,98401.41,100701.4,103292.79,100694.31,100715.38,100719.24,100701.39
1703.429300717,13593,100683.34,97566.3,100663.26,103250.98,100652.07,100692.38,100686.03,100673.37
1703.449849592,13594,100656.45,97294.28,100647.23,103197.91,100635.84,100676.35,100667.0,100658.39
1703.473510881,13595,100640.48,97210.68,100624.21,103149.93,100605.82,100639.21,100645.84,100632.3
1703.494078261,13596,100621.58,98024.66,100608.17,103193.91,100601.8,100628.24,100626.81,100618.36
1703.51460007,13597,100604.55,97461.46,100595.11,103340.77,100590.81,100617.27,100614.75,100602.34
1703.535337724,13598,100596.56,97221.75,100595.11,103420.02,100568.82,100612.21,100607.78,100593.3
1703.555836523,13599,100589.64,97451.42,100580.11,103425.83,100561.66,100597.02,100584.5,100586.33
1703.57648238,13600,100575.54,97320.43,100568.08,103405.84,100555.73,100587.1,100585.56,100573.29
1703.597104882,13601,100568.62,97291.27,100562.13,103385.84,100566.73,100579.08,100573.51,100577.29
1703.618142598,13602,100568.62,97516.92,100559.04,103353.86,100555.73,100580.14,100574.57,100570.32
1703.641500226,13603,100583.78,97429.29,100556.06,103315.69,100555.73,100576.13,100570.55,100562.31
1703.662169728,13604,100556.64,97472.59,100552.05,103285.88,100545.61,100581.19,100567.59,100552.24
1703.682713924,13605,100559.57,97166.36,100530.98,103199.0,100533.57,100558.2,100557.43,100545.27
1703.703334843,13606,100553.71,97112.96,100538.99,103093.95,100533.57,100564.1,100563.57,100553.27
1703.723787262,13607,100548.66,97460.5,100545.06,103040.89,100547.7,100556.09,100558.49,100553.27
1703.744410912,13608,100532.69,97382.92,100522.96,103013.99,100523.62,100537.94,100543.48,100530.29
1703.765054978,13609,100531.62,97041.46,100513.0,102978.0,100513.5,100540.05,100532.26,100535.32
1703.785703235,13610,100533.75,97736.49,100530.98,102970.01,100512.62,100547.01,100548.33,100544.24
1703.809422154,13611,100528.69,97733.48,100534.98,102946.02,100519.6,100548.07,100547.49,100549.27
1703.830058822,13612,100540.67,97727.48,100532.01,102935.85,100525.54,100555.03,100557.43,100561.28
1703.855566563,13613,100542.79,97726.45,100532.01,102939.11,100533.74,100555.03,100546.43,100549.27
1703.872953757,13614,100533.75,97718.39,100515.97,102950.01,100517.51,100550.18,100534.38,100541.26
1703.892925207,13615,100533.75,97717.37,100514.94,102950.01,100517.51,100540.05,100542.42,100547.33
1703.915276814,13616,100541.73,97733.48,100528.0,102922.03,100505.47,100533.09,100542.42,100553.27
1703.949274576,13617,100532.69,97763.75,100533.04,102926.02,100501.45,100543.01,100536.28,100552.24
1703.959116238,13618,100532.69,97743.6,100513.91,102950.01,100510.53,100536.04,100528.24,100539.32
1703.978115035,13619,100532.69,97751.66,100532.01,102950.01,100519.6,100544.06,100541.36,100534.29
1703.998176758,13620,100523.64,97760.66,100529.03,102963.83,100523.62,100544.06,100542.42,100537.26
1704.019005172,13621,100537.74,97769.75,100515.97,102958.01,100515.59,100537.94,100542.42,100528.22
1704.041538474,13622,100533.75,97775.84,100515.97,102967.09,100507.56,100544.06,100526.34,100520.22
1704.061475016,13623,100524.7,97766.75,100508.99,102974.0,100517.51,100540.05,100537.34,100520.22
1704.08311716,13624,100533.75,97750.63,100507.96,102995.82,100519.6,100540.05,100540.3,100520.22
1704.112092709,13625,100524.7,97762.72,100514.94,103007.08,100505.47,100540.05,100540.3,100516.21
1704.126496515,13626,100516.72,97769.75,100514.94,102997.99,100502.5,100532.04,100534.38,100528.22
1704.147260917,13627,100527.63,97781.84,100519.98,103013.99,100507.56,100534.99,100533.32,100521.25
1704.166441326,13628,100538.8,97767.78,100530.98,102909.29,100519.6,100547.01,100543.48,100533.26
1704.189567106,13629,100536.68,97795.99,100514.94,103023.81,100519.6,100547.01,100540.3,100528.22
