t_pc,sample_idx,S0,S1,S2,S3,S4,S5,S6,S7
623153.066493574,1026,102693.65,102630.75,102692.82,107457.64,102673.54,102687.21,102697.44,102673.67
623153.090286553,1027,102689.64,102628.84,102684.77,107462.79,102672.48,102690.16,102697.44,102697.81
623153.110719759,1028,102701.68,102636.94,102682.67,107459.41,102684.58,102687.21,102701.48,102689.77
623153.131365907,1029,102690.72,102633.96,102684.77,107459.41,102680.54,102699.28,102698.52,102691.7
623153.152421835,1030,102692.58,102633.96,102690.89,107462.31,102675.45,102693.12,102696.37,102689.77
623153.172466903,1031,102680.54,102632.89,102690.72,107457.64,102679.48,102694.19,102691.26,102689.77
623153.193492426,1032,102690.72,102632.89,102672.7,107449.6,102688.61,102695.26,102700.4,102693.79
623153.21349538,1033,102692.58,102628.84,102680.74,107462.79,102683.51,102687.21,102699.33,102685.74
623153.234573772,1034,102689.64,102628.84,102686.86,107463.43,102676.51,102694.19,102701.48,102687.67
623153.258358339,1035,102692.58,102633.96,102684.77,107461.66,102678.42,102693.12,102690.45,102694.84
623153.278760577,1036,102689.64,102632.89,102682.84,107451.38,102680.54,102691.23,102703.63,102681.72
623153.299563743,1037,102685.63,102631.82,102685.82,107461.66,102678.42,102693.12,102697.44,102689.77
623153.319855425,1038,102692.58,102638.01,102681.79,107453.62,102681.61,102687.21,102701.48,102683.65
623153.34046024,1039,102680.54,102635.03,102685.82,107460.54,102690.74,102682.93,102698.52,102688.72
623153.361224567,1040,102690.72,102640.99,102684.77,107459.41,102673.54,102699.28,102696.37,102688.72
623153.381544361,1041,102692.58,102629.92,102690.89,107457.64,102675.45,102695.26,102697.44,102683.65
623153.405706328,1042,102694.73,102632.89,102684.77,107457.64,102680.54,102694.19,102692.6,102683.65
623153.426371886,1043,102692.58,102623.73,102684.77,107457.64,102680.54,102698.21,102703.63,102693.79
623153.446762818,1044,102692.58,102632.89,102692.82,107452.5,102683.51,102695.26,102697.44,102685.74
623153.467400603,1045,102696.59,102647.18,102689.84,107449.13,102676.51,102692.05,102699.33,102689.77
623153.487863334,1046,102694.73,102632.89,102691.94,107464.56,102682.45,102695.26,102705.52,102697.81
623153.508649693,1047,102686.71,102630.75,102681.79,107456.52,102671.42,102694.19,102687.22,102687.67
623153.529085103,1048,102684.55,102631.82,102682.84,107459.41,102674.39,102694.19,102705.52,102689.77
623153.54961847,1049,102677.61,102622.66,102677.77,107461.66,102672.48,102687.21,102696.37,102687.67
623153.573714948,1050,102692.58,102623.73,102689.84,107459.41,102680.54,102695.26,102700.4,102680.67
623153.594349439,1051,102684.55,102624.8,102677.77,107456.52,102681.61,102695.26,102699.33,102687.67
623153.614816636,1052,102696.59,102630.75,102688.79,107459.41,102680.54,102703.31,102697.44,102691.7
623153.635442894,1053,102686.71,102640.99,102692.82,107460.54,102673.54,102701.17,102695.29,102689.77
623153.655954118,1054,102694.73,102624.8,102686.86,107464.56,102682.45,102688.02,102697.44,102700.79
623153.676667918,1055,102690.42,102627.77,102689.84,107459.41,102666.32,102689.09,102701.48,102693.79
623153.696984037,1056,102674.38,102628.84,102684.77,107459.41,102676.51,102703.31,102705.52,102703.93
623153.717568681,1057,102682.4,102632.89,102689.84,107461.66,102684.58,102691.23,102697.44,102690.81
623153.74173781,1058,102688.57,102633.96,102677.77,107461.66,102672.48,102687.21,102693.41,102692.74
623153.762364018,1059,102689.64,102624.8,102689.84,107461.66,102684.58,102691.23,102707.67,102687.67
623153.782795661,1060,102683.48,102631.82,102689.84,107459.41,102664.41,102691.23,102688.3,102686.63
623153.803578856,1061,102688.57,102616.7,102678.81,107459.41,102675.45,102691.23,102704.44,102689.77
623153.824094647,1062,102686.71,102635.03,102687.91,107469.7,102672.48,102689.09,102701.48,102689.77
623153.8446847,1063,102692.58,102642.06,102680.74,107465.68,102677.57,102694.19,102695.29,102689.77
623153.865181152,1064,102686.71,102632.89,102692.82,107457.64,102678.64,102685.07,102697.44,102687.67
623153.885610031,1065,102680.54,102635.87,102692.82,107460.54,102676.51,102702.24,102689.37,102693.79
623153.909379575,1066,102684.55,102632.89,102690.89,107447.36,102672.48,102695.26,102695.56,102689.77
623153.930340278,1067,102680.54,102626.94,102685.82,107459.41,102678.42,102697.14,102702.56,102689.77
623153.950953306,1068,102702.76,102636.94,102684.77,107464.56,102683.51,102703.31,102699.33,102681.72
623153.971515447,1069,102692.58,102639.92,102692.82,107451.38,102676.51,102695.26,102701.48,102693.79
623153.991868562,1070,102692.58,102635.03,102684.77,107459.41,102685.64,102694.19,102697.44,102689.77
623154.012500378,1071,102690.42,102640.99,102690.89,107461.66,102684.58,102694.19,102701.48,102693.79
623154.032927434,1072,102684.55,102636.94,102697.89,107459.41,102684.58,102694.19,102697.44,102694.84
623154.053548374,1073,102676.53,102632.89,102685.82,107453.62,102670.57,102689.09,102701.48,102681.72
623154.077374083,1074,102692.58,102638.01,102686.86,107457.64,102687.55,102684.26,102708.47,102692.91
623154.098366144,1075,102693.65,102625.87,102681.79,107469.7,102672.48,102694.19,102697.44,102693.79
623154.118820743,1076,102685.63,102643.97,102686.86,107461.66,102674.39,102693.12,102693.41,102682.77
623154.139559801,1077,102692.58,102627.77,102691.77,107461.66,102676.51,102694.19,102705.52,102689.77
623154.1609006,1078,102691.5,102635.03,102684.77,107455.4,102672.48,102687.21,102700.4,102690.81
623154.180568418,1079,102696.59,102635.03,102689.84,107459.41,102680.54,102688.02,102698.52,102682.77
623154.200912919,1080,102692.58,102624.8,102694.91,107455.4,102670.35,102697.14,102693.41,102683.65
623154.221606359,1081,102685.63,102635.03,102678.81,107471.47,102675.45,102695.26,102707.67,102683.81
623154.245331355,1082,102693.65,102642.06,102686.86,107461.66,102667.38,102690.16,102703.63,102687.84
623154.26638512,1083,102690.72,102628.84,102673.74,107460.54,102680.54,102694.19,102688.3,102697.81
623154.286382306,1084,102693.65,102640.15,102672.7,107459.41,102684.58,102703.31,102700.4,102694.84
623154.307497153,1085,102687.49,102632.89,102685.82,107453.62,102688.61,102691.23,102694.48,102689.77
623154.327782175,1086,102689.64,102629.92,102684.77,107457.64,102684.58,102694.19,102693.41,102691.86
623154.348597409,1087,102692.58,102632.89,102676.72,107465.68,102670.35,102694.19,102696.37,102697.81
623154.368804913,1088,102693.65,102630.99,102684.77,107459.41,102681.61,102693.12,102700.4,102697.81
623154.389707929,1089,102692.58,102640.99,102685.82,107459.41,102678.42,102690.16,102699.6,102690.81
623154.414077701,1090,102684.55,102625.87,102685.82,107457.64,102672.48,102691.23,102701.48,102691.7
623154.433848154,1091,102697.67,102636.94,102689.84,107461.66,102672.48,102694.19,102697.44,102697.81
623154.454430295,1092,102692.58,102628.84,102688.79,107455.4,102684.58,102685.07,102701.48,102687.67
623154.477143701,1093,102692.58,102629.92,102692.82,107460.54,102680.54,102695.26,102694.48,102681.72
623154.495513565,1094,102692.58,102644.2,102680.74,107459.41,102680.54,102704.38,102697.44,102693.79
623154.516614101,1095,102694.73,102642.06,102685.82,107455.4,102672.48,102687.21,102696.37,102690.81
623154.536622443,1096,102693.65,102633.96,102682.67,107451.38,102672.48,102692.05,102701.48,102689.77
623154.558288324,1097,102680.54,102635.03,102687.75,107455.4,102676.51,102694.19,102697.44,102690.81
623154.581341083,1098,102693.65,102635.87,102684.77,107458.29,102673.54,102695.26,102697.44,102687.67
623154.601893139,1099,102676.53,102642.06,102682.67,107459.41,102680.54,102690.16,102700.4,102693.79
623154.622420928,1100,102678.68,102635.03,102685.82,107461.66,102672.48,102693.12,102694.48,102681.72
623154.642863598,1101,102688.57,102635.03,102680.74,107459.41,102686.49,102693.12,102696.37,102684.7
623154.663539311,1102,102686.41,102632.89,102682.84,107459.41,102668.44,102695.26,102696.37,102689.77
623154.683996082,1103,102696.59,102631.82,102693.86,107460.54,102677.57,102698.21,102701.48,102684.7
623154.704885899,1104,102701.68,102632.89,102680.74,107460.54,102688.61,102685.07,102694.48,102683.65
623154.728735594,1105,102692.58,102635.87,102684.77,107459.41,102677.36,102691.23,102683.19,102685.74
623154.74936107,1106,102687.49,102625.87,102685.82,107456.52,102674.39,102691.23,102701.48,102689.77
623154.769795839,1107,102682.4,102632.89,102692.82,107456.52,102684.58,102698.21,102695.56,102691.86
623154.790692225,1108,102688.57,102638.01,102687.75,107459.41,102687.55,102690.16,102689.37,102685.74
623154.810871757,1109,102682.4,102639.08,102680.74,107459.41,102670.35,102694.19,102693.41,102679.63
623154.831574921,1110,102692.58,102642.06,102684.77,107459.41,102676.51,102691.23,102705.52,102692.74
623154.851990971,1111,102678.39,102627.77,102680.74,107472.59,102677.57,102693.12,102705.52,102685.74
623154.872627665,1112,102694.73,102624.8,102681.79,107457.64,102680.54,102689.09,102693.41,102690.81
623154.896749792,1113,102692.58,102626.7,102674.79,107458.29,102668.23,102695.26,102701.48,102692.74
623154.918062478,1114,102692.58,102632.89,102680.74,107459.41,102674.39,102687.21,102699.6,102683.65
623154.937822165,1115,102684.55,102636.94,102688.79,107466.33,102688.61,102693.12,102693.41,102681.72
623154.958540432,1116,102689.64,102631.82,102678.81,107461.66,102670.35,102691.23,102698.52,102689.77
623154.978885965,1117,102693.65,102626.94,102676.72,107469.7,102664.41,102683.19,102697.44,102685.74
623154.999546966,1118,102694.73,102640.99,102674.63,107459.41,102684.58,102689.09,102699.33,102681.72
623155.020308078,1119,102697.67,102632.89,102677.77,107460.54,102680.54,102690.16,102692.33,102693.79
623155.040630406,1120,102684.55,102635.03,102693.86,107458.29,102674.39,102694.19,102701.48,102688.72
623155.064751952,1121,102694.73,102636.94,102678.81,107465.68,102671.42,102696.33,102701.48,102687.67
623155.085429908,1122,102688.57,102643.13,102680.74,107461.66,102680.54,102695.26,102693.41,102685.74
623155.105917647,1123,102700.6,102633.96,102680.74,107458.29,102679.48,102694.19,102689.37,102689.77
623155.126482321,1124,102689.64,102628.84,102688.79,107459.41,102681.61,102694.19,102707.67,102685.74
623155.146893403,1125,102689.64,102638.01,102683.72,107461.19,102682.67,102686.14,102701.48,102695.88
623155.167554764,1126,102692.58,102630.99,102676.72,107461.19,102671.42,102692.05,102700.4,102681.72
623155.188065137,1127,102686.71,102626.94,102692.82,107459.41,102692.64,102693.12,102703.63,102693.79
623155.208683643,1128,102688.57,102629.92,102682.67,107459.41,102672.48,102691.23,102697.44,102693.79
623155.233045894,1129,102684.55,102636.94,102680.74,107459.41,102679.48,102695.26,102701.48,102689.77
623155.253389924,1130,102693.65,102632.89,102680.74,107459.41,102676.51,102685.07,102699.6,102694.84
623155.273825193,1131,102684.55,102632.89,102680.74,107459.41,102668.44,102702.24,102690.45,102689.77
623155.294485472,1132,102696.59,102642.06,102688.79,107460.54,102670.35,102698.21,102697.44,102689.77
623155.314987062,1133,102676.53,102625.87,102676.72,107459.41,102686.49,102695.26,102705.52,102681.72
623155.335678298,1134,102692.58,102632.89,102688.79,107455.4,102666.32,102688.28,102709.55,102683.65
623155.356264595,1135,102692.58,102625.87,102687.75,107459.41,102679.48,102693.12,102691.52,102679.63
623155.376653384,1136,102693.65,102636.94,102681.79,107455.4,102676.51,102695.26,102696.37,102689.77
623155.400779718,1137,102690.72,102631.82,102682.67,107459.41,102680.54,102695.26,102697.44,102688.72
623155.42137623,1138,102681.62,102642.06,102693.86,107461.66,102676.51,102695.26,102698.52,102679.63
623155.441901586,1139,102690.72,102634.8,102681.79,107459.41,102675.45,102691.23,102696.37,102688.72
623155.463380493,1140,102693.65,102636.94,102684.77,107459.41,102675.45,102692.31,102705.52,102693.79
623155.4829216,1141,102689.64,102633.96,102692.82,107463.43,102674.39,102699.28,102697.44,102680.67
623155.503581799,1142,102685.63,102635.03,102692.82,107459.41,102672.48,102684.26,102705.52,102689.77
623155.524115426,1143,102696.59,102632.89,102680.74,107458.29,102684.58,102692.31,102697.44,102682.77
623155.544488311,1144,102692.58,102640.99,102682.67,107449.6,102671.42,102696.33,102702.56,102681.72
623155.568335292,1145,102693.65,102635.03,102684.77,107459.41,102672.48,102690.16,102692.33,102697.81
623155.590054634,1146,102686.41,102628.84,102692.82,107461.66,102672.48,102688.28,102701.48,102681.72
623155.609392682,1147,102676.53,102633.96,102685.82,107459.41,102673.54,102695.26,102705.52,102693.79
623155.630701303,1148,102701.68,102625.87,102685.82,107456.52,102670.35,102703.31,102693.41,102696.77
623155.650702114,1149,102692.58,102632.89,102680.74,107461.19,102672.48,102691.23,102697.44,102688.72
623155.671527403,1150,102692.58,102633.96,102684.77,107466.33,102680.54,102687.21,102695.29,102697.81
623155.691961961,1151,102691.5,102633.96,102684.77,107448.48,102678.42,102695.26,102697.44,102688.72
623155.712939921,1152,102689.64,102639.08,102684.77,107459.41,102667.38,102698.21,102698.52,102697.81
623155.736400578,1153,102688.57,102643.13,102694.91,107476.61,102676.51,102697.4,102698.52,102689.77
623155.756822256,1154,102682.4,102630.99,102688.79,107459.41,102680.54,102687.21,102705.52,102687.67
623155.777579542,1155,102693.65,102628.84,102688.79,107461.66,102672.48,102691.23,102695.56,102690.81
623155.79852346,1156,102691.5,102643.13,102694.91,107454.27,102684.58,102695.26,102697.44,102696.77
623155.818560397,1157,102693.65,102635.03,102684.77,107459.41,102676.51,102702.24,102689.37,102689.77
623155.839550064,1158,102692.58,102640.99,102688.79,107459.41,102679.48,102682.93,102706.59,102689.77
623155.861175203,1159,102690.42,102629.08,102688.79,107459.41,102672.48,102699.28,102701.48,102688.72
623155.883809229,1160,102693.65,102640.99,102684.77,107455.4,102681.61,102694.19,102702.56,102687.67
623155.904420825,1161,102693.65,102626.94,102679.7,107467.45,102676.51,102687.21,102701.48,102686.63
623155.925092832,1162,102680.54,102630.99,102684.77,107467.45,102686.7,102694.19,102697.44,102691.86
623155.945493148,1163,102680.54,102635.03,102693.86,107455.4,102673.54,102682.11,102705.52,102686.79
623155.965961837,1164,102680.54,102642.06,102685.82,107471.47,102680.54,102686.14,102697.44,102683.81
623155.986548656,1165,102692.58,102633.96,102693.86,107454.27,102673.54,102694.19,102700.4,102689.77
623156.006958957,1166,102684.55,102631.82,102692.82,107466.33,102679.48,102695.26,102696.37,102685.74
623156.027598104,1167,102684.55,102626.94,102684.77,107459.41,102680.54,102687.21,102705.52,102688.72
623156.051762345,1168,102681.62,102628.84,102676.72,107460.54,102680.54,102692.05,102695.56,102689.77
623156.072614004,1169,102683.48,102633.96,102689.84,107461.66,102676.51,102702.24,102699.33,102676.65
623156.092877082,1170,102690.72,102630.99,102680.74,107459.41,102685.64,102691.23,102688.3,102687.67
623156.113474086,1171,102696.59,102635.03,102685.82,107458.29,102676.51,102698.21,102700.4,102681.72
623156.133929375,1172,102693.65,102636.94,102684.77,107459.41,102675.45,102687.21,102693.41,102696.77
623156.154523654,1173,102688.57,102633.96,102672.7,107458.29,102672.48,102679.97,102698.52,102683.65
623156.174921647,1174,102691.5,102633.96,102683.89,107461.19,102682.45,102691.23,102699.6,102679.63
623156.195641687,1175,102689.64,102633.96,102694.91,107458.29,102680.54,102694.19,102698.52,102690.81
623156.219773979,1176,102692.58,102642.06,102685.82,107464.56,102671.42,102685.07,102697.44,102687.67
623156.240386066,1177,102686.41,102643.13,102693.86,107465.2,102681.61,102696.33,102701.48,102680.67
623156.260945943,1178,102692.58,102635.03,102685.82,107467.45,102673.54,102687.21,102697.44,102681.72
623156.281587424,1179,102700.6,102629.92,102684.77,107466.33,102670.35,102694.19,102703.36,102689.77
623156.302079689,1180,102678.39,102633.96,102685.82,107458.29,102672.48,102694.19,102696.37,102687.67
623156.322625245,1181,102692.58,102635.03,102686.86,107459.41,102672.48,102697.14,102700.4,102689.77
623156.342908344,1182,102691.5,102630.99,102677.77,107459.41,102672.48,102694.19,102695.29,102696.77
623156.363617096,1183,102693.65,102645.04,102688.79,107450.25,102672.48,102695.26,102704.44,102681.72
623156.387784211,1184,102692.58,102642.06,102684.77,107462.31,102681.61,102702.24,102703.63,102697.81
623156.409386566,1185,102692.58,102640.99,102681.79,107458.29,102675.45,102695.26,102705.52,102685.74
623156.428942905,1186,102687.49,102628.01,102688.79,107466.33,102671.42,102697.4,102695.56,102693.79
623156.449544245,1187,102685.63,102643.13,102687.75,107467.45,102672.48,102687.21,102691.52,102687.67
623156.47003598,1188,102681.32,102625.87,102688.79,107458.29,102668.44,102691.23,102696.37,102687.84
623156.491162705,1189,102693.65,102632.89,102692.82,107458.29,102684.58,102687.21,102696.37,102689.77
623156.512036006,1190,102690.42,102635.03,102691.77,107467.45,102678.64,102685.07,102698.52,102689.77
623156.531640058,1191,102692.58,102630.99,102691.77,107457.17,102684.58,102703.31,102700.4,102681.72
623156.555801384,1192,102690.42,102635.03,102689.84,107455.4,102676.51,102693.12,102689.37,102675.6
623156.576433741,1193,102678.68,102635.03,102676.72,107466.33,102671.42,102689.09,102692.33,102689.77
623156.59688191,1194,102688.57,102629.92,102686.86,107461.19,102674.6,102698.47,102687.22,102689.77
623156.617535329,1195,102684.55,102635.03,102688.79,107458.29,102671.42,102691.23,102689.37,102689.77
623156.637979771,1196,102690.42,102642.06,102684.77,107463.43,102672.48,102701.17,102695.29,102688.72
623156.658657087,1197,102692.58,102643.13,102676.72,107471.47,102680.54,102697.14,102692.33,102689.77
623156.680419593,1198,102687.49,102635.03,102682.67,107459.41,102679.48,102672.99,102694.48,102687.67
623156.699951486,1199,102694.44,102639.08,102692.82,107467.45,102664.41,102689.09,102705.52,102687.67
623156.723800199,1200,102700.6,102630.99,102683.72,107461.19,102675.45,102694.19,102698.52,102681.72
623156.744443453,1201,102692.58,102632.89,102684.77,107459.41,102685.64,102695.26,102699.6,102691.86
623156.764856057,1202,102692.58,102632.06,102684.77,107458.29,102680.54,102695.26,102690.45,102687.67
623156.785502275,1203,102689.64,102629.92,102685.82,107459.41,102672.48,102695.26,102705.52,102689.77
623156.80616586,1204,102688.57,102628.84,102689.84,107462.31,102678.42,102695.26,102701.48,102687.67
623156.826857026,1205,102680.54,102629.92,102693.86,107462.31,102677.57,102690.16,102697.44,102689.77
623156.847169789,1206,102685.63,102626.94,102693.86,107457.17,102680.54,102699.28,102701.48,102685.74
623156.867643697,1207,102674.38,102642.06,102688.79,107467.45,102680.54,102691.23,102698.52,102696.77
623156.891398959,1208,102692.58,102633.96,102682.67,107467.45,102672.48,102697.14,102705.52,102696.77
623156.912445743,1209,102690.42,102635.03,102688.79,107459.41,102674.6,102705.19,102697.44,102689.77
623156.932518453,1210,102702.76,102640.99,102685.82,107469.7,102669.51,102693.12,102696.37,102686.79
623156.953557997,1211,102693.65,102639.08,102690.89,107453.15,102682.45,102686.14,102705.52,102696.77
623156.973671218,1212,102692.58,102638.01,102694.91,107445.11,102673.54,102687.21,102701.48,102681.72
623156.994526142,1213,102690.42,102636.94,102680.74,107459.41,102680.54,102693.12,102701.48,102689.77
623157.015065568,1214,102697.67,102628.84,102693.86,107457.17,102680.54,102689.35,102705.52,102693.79
623157.035887322,1215,102684.55,102629.92,102684.77,107467.45,102676.51,102685.07,102699.6,102693.79
623157.059403803,1216,102686.41,102632.89,102688.79,107461.19,102680.54,102691.23,102698.52,102685.74
623157.079872583,1217,102688.57,102633.96,102680.74,107465.2,102674.39,102687.21,102697.44,102683.65
623157.100506932,1218,102691.5,102635.03,102693.86,107454.27,102671.42,102695.26,102699.33,102682.77
623157.122180735,1219,102685.63,102635.03,102688.79,107457.17,102673.54,102691.23,102698.52,102686.63
623157.142246535,1220,102692.58,102638.01,102687.75,107458.29,102684.58,102688.28,102697.44,102683.65
623157.162613611,1221,102686.41,102630.99,102688.79,107457.64,102673.54,102703.31,102707.67,102679.63
623157.18267217,1222,102694.44,102635.03,102684.77,107470.35,102672.48,102690.16,102690.45,102689.77
623157.206810752,1223,102686.41,102635.03,102676.72,107469.7,102672.48,102698.21,102697.44,102685.74
623157.227443359,1224,102679.47,102633.96,102684.77,107458.29,102679.48,102688.28,102693.41,102691.7
623157.247912529,1225,102692.58,102633.96,102685.82,107458.29,102670.35,102695.26,102698.52,102684.7
623157.268631538,1226,102695.51,102625.87,102692.82,107453.15,102675.45,102687.21,102700.67,102686.79
623157.289008809,1227,102690.72,102630.99,102682.67,107467.45,102672.48,102696.33,102705.52,102688.72
623157.309600935,1228,102689.64,102644.2,102682.84,107459.41,102680.54,102682.11,102705.52,102689.77
623157.330019439,1229,102684.55,102630.99,102690.89,107459.41,102680.54,102688.28,102697.44,102689.77
623157.350686238,1230,102699.53,102628.84,102685.82,107469.7,102667.38,102691.23,102689.37,102694.84
623157.375102009,1231,102690.42,102630.99,102692.82,107458.29,102678.42,102690.16,102705.52,102691.86
623157.395478159,1232,102682.4,102625.87,102689.84,107467.45,102670.35,102685.07,102700.4,102689.77
623157.415930233,1233,102680.54,102643.13,102694.91,107459.41,102673.54,102693.12,102707.67,102692.74
623157.436606787,1234,102688.57,102643.13,102687.91,107472.59,102680.54,102693.12,102701.48,102684.7
623157.458072655,1235,102692.58,102633.96,102680.74,107458.29,102673.54,102694.19,102697.44,102691.86
623157.477570285,1236,102686.41,102643.13,102680.74,107457.17,102676.51,102697.14,102688.3,102681.72
623157.49810191,1237,102684.55,102635.03,102681.79,107467.45,102674.6,102693.12,102697.44,102683.65
623157.521249583,1238,102684.55,102632.89,102698.94,107451.38,102682.45,102695.26,102697.44,102688.72
623157.542821952,1239,102685.63,102635.03,102688.79,107466.33,102674.39,102692.31,102700.4,102685.58
623157.56344827,1240,102701.68,102639.08,102676.72,107463.43,102679.48,102695.26,102702.56,102701.84
623157.583875357,1241,102690.42,102632.89,102689.84,107466.33,102680.54,102685.07,102701.48,102688.72
623157.604659413,1242,102685.63,102628.84,102686.86,107465.68,102673.54,102681.04,102701.48,102685.74
623157.625026278,1243,102692.58,102635.03,102688.79,107467.45,102670.35,102693.12,102698.52,102688.72
623157.64560882,1244,102676.53,102627.77,102693.86,107458.29,102672.48,102694.19,102697.44,102689.77
623157.666142028,1245,102687.49,102632.89,102684.77,107459.41,102681.61,102692.05,102707.67,102681.72
623157.686657788,1246,102690.42,102635.03,102685.82,107466.33,102675.45,102695.26,102704.71,102677.7
623157.710838183,1247,102700.6,102620.75,102689.84,107472.59,102680.54,102693.12,102696.37,102685.74
623157.731528759,1248,102695.51,102635.03,102685.82,107470.35,102680.54,102685.07,102701.48,102693.79
623157.751853761,1249,102690.42,102639.08,102689.84,107459.41,102675.45,102695.26,102701.48,102687.67
623157.77256676,1250,102683.48,102635.03,102693.86,107457.17,102675.45,102686.14,102699.6,102689.77
623157.793104363,1251,102689.64,102642.06,102686.86,107460.54,102670.35,102686.14,102699.6,102691.86
623157.813583489,1252,102691.5,102644.2,102688.79,107459.41,102672.48,102686.14,102691.52,102685.74
623157.834068533,1253,102675.45,102625.87,102690.89,107466.33,102671.42,102687.21,102699.6,102696.77
623157.854664755,1254,102692.58,102635.03,102680.74,107457.17,102680.54,102691.23,102702.56,102705.86
623157.878840724,1255,102693.65,102643.13,102676.72,107462.31,102680.54,102701.17,102700.67,102693.79
623157.899497038,1256,102690.42,102633.96,102692.82,107454.27,102671.42,102687.21,102699.6,102689.77
623157.919890593,1257,102689.64,102638.01,102694.91,107458.29,102668.44,102694.19,102703.63,102685.74
623157.940592646,1258,102685.63,102633.96,102690.72,107459.41,102684.58,102698.21,102701.48,102691.86
623157.962166016,1259,102686.41,102632.89,102689.84,107450.25,102688.61,102698.21,102702.56,102687.67
623157.981786613,1260,102679.47,102638.01,102693.86,107462.31,102680.54,102693.12,102700.67,102688.72
623158.002143072,1261,102692.58,102630.99,102688.79,107462.31,102678.42,102695.26,102703.63,102689.77
623158.022757082,1262,102690.72,102635.03,102684.77,107460.54,102678.42,102698.21,102697.44,102688.72
623158.046517231,1263,102692.58,102642.06,102685.82,107457.17,102666.32,102689.09,102699.6,102689.77
623158.067467539,1264,102692.58,102635.03,102689.84,107455.4,102680.54,102700.09,102697.44,102689.77
623158.087934616,1265,102708.63,102633.96,102688.79,107457.17,102672.48,102682.93,102702.56,102696.77
623158.108552402,1266,102693.65,102635.03,102686.86,107461.19,102671.42,102695.26,102706.59,102689.77
623158.128979578,1267,102693.65,102628.84,102693.86,107466.33,102684.58,102701.17,102695.56,102689.77
623158.153855005,1268,102694.73,102626.94,102693.86,107447.36,102684.58,102695.26,102693.41,102689.77
623158.170339376,1269,102688.57,102635.03,102684.77,107459.41,102666.32,102695.26,102703.63,102689.77
623158.190927106,1270,102689.64,102635.03,102685.82,107454.27,102680.54,102694.19,102707.67,102692.74
623158.216110479,1271,102692.58,102635.03,102681.79,107467.45,102668.44,102689.09,102699.6,102689.77
623158.235811226,1272,102684.55,102635.03,102688.79,107458.29,102674.39,102695.26,102705.78,102691.7
623158.255566917,1273,102693.65,102643.13,102686.7,107458.29,102674.39,102686.14,102697.44,102698.86
623158.276670296,1274,102700.6,102626.94,102684.77,107459.41,102672.48,102695.26,102703.63,102695.88
623158.297052375,1275,102692.58,102643.13,102676.72,107467.45,102684.58,102691.23,102698.52,102687.67
623158.317629699,1276,102692.58,102626.94,102688.79,107459.41,102685.42,102694.19,102693.41,102689.77
623158.338246192,1277,102679.47,102632.89,102682.84,107454.27,102672.48,102695.26,102699.6,102688.72
623158.358725157,1278,102692.58,102643.13,102677.77,107467.45,102670.35,102702.24,102699.6,102689.77
623158.382423162,1279,102686.41,102635.03,102685.82,107463.43,102674.39,102694.19,102702.56,102694.84
623158.402873534,1280,102692.58,102621.82,102679.7,107457.17,102681.61,102691.23,102700.67,102679.63
623158.423583118,1281,102683.48,102639.08,102694.91,107459.41,102684.58,102703.31,102698.52,102691.86
623158.444567538,1282,102696.59,102626.94,102684.77,107457.17,102669.29,102696.07,102698.52,102684.7
623158.464594369,1283,102688.57,102626.94,102684.77,107459.41,102680.54,102693.12,102698.52,102681.72
623158.485953625,1284,102690.72,102630.99,102693.86,107442.21,102684.58,102695.26,102699.6,102683.65
623158.505661253,1285,102690.42,102635.03,102682.84,107459.41,102684.58,102693.12,102699.6,102689.77
623158.529824433,1286,102694.73,102635.03,102695.96,107457.17,102689.67,102694.19,102701.48,102681.72
623158.5504632,1287,102693.65,102636.11,102681.79,107467.45,102672.48,102695.26,102703.63,102693.79
623158.570955825,1288,102692.58,102635.03,102677.77,107461.66,102680.54,102686.14,102708.74,102688.72
623158.591550706,1289,102690.42,102632.89,102688.79,107457.17,102678.42,102687.21,102697.44,102681.72
623158.612112065,1290,102682.4,102637.18,102692.82,107459.41,102682.67,102691.23,102702.56,102689.77
623158.632547585,1291,102692.58,102636.11,102679.86,107459.41,102676.51,102695.26,102697.44,102689.77
623158.653789083,1292,102678.39,102630.99,102680.74,107471.47,102672.48,102693.12,102703.63,102687.67
623158.674098362,1293,102700.6,102635.03,102680.74,107458.29,102677.57,102695.26,102703.63,102684.7
623158.697849117,1294,102684.55,102636.11,102685.82,107459.41,102678.64,102694.19,102701.48,102689.77
623158.718975321,1295,102694.44,102630.99,102676.72,107458.29,102668.44,102694.19,102699.6,102688.72
623158.739070586,1296,102690.42,102633.13,102684.77,107465.2,102687.55,102687.21,102698.52,102688.72
623158.759615991,1297,102683.48,102630.99,102687.91,107467.45,102678.42,102687.21,102706.59,102693.79
623158.780010799,1298,102688.57,102635.03,102689.84,107466.33,102684.58,102695.26,102698.52,102684.7
623158.800634974,1299,102692.58,102626.94,102692.82,107466.33,102675.45,102694.19,102707.67,102695.88
623158.821230785,1300,102700.6,102622.89,102684.77,107469.22,102670.57,102686.14,102695.56,102688.72
623158.841765014,1301,102690.42,102635.03,102686.86,107457.17,102676.51,102695.26,102690.45,102679.63
623158.865850546,1302,102692.58,102644.2,102693.86,107463.43,102671.42,102695.26,102702.56,102681.72
623158.886478867,1303,102690.42,102635.03,102685.82,107454.27,102671.42,102702.24,102690.45,102697.81
623158.906962839,1304,102690.72,102626.7,102690.89,107467.45,102671.42,102694.19,102705.52,102683.81
623158.927554084,1305,102692.58,102635.03,102676.72,107465.2,102685.64,102701.17,102699.6,102694.84
623158.948032739,1306,102700.6,102626.94,102684.77,107458.29,102688.61,102690.16,102705.52,102689.77
623158.96864126,1307,102686.41,102630.99,102691.94,107450.25,102672.48,102697.14,102707.67,102689.77
623158.989115568,1308,102686.41,102630.99,102685.82,107458.29,102676.51,102686.14,102697.44,102688.72
623159.009699201,1309,102690.42,102639.08,102689.84,107453.15,102670.35,102693.12,102701.48,102680.67
623159.033850262,1310,102685.34,102635.03,102681.79,107467.45,102671.42,102686.95,102711.7,102687.84
623159.05450342,1311,102691.5,102633.96,102682.84,107449.13,102676.51,102687.21,102698.52,102680.67
623159.074897347,1312,102696.59,102625.87,102676.72,107458.29,102682.67,102697.14,102707.67,102681.72
623159.095578658,1313,102685.34,102635.03,102678.81,107459.41,102682.45,102703.31,102698.52,102693.79
623159.116079226,1314,102690.42,102635.03,102691.77,107465.2,102670.35,102703.31,102697.44,102690.81
623159.136637831,1315,102678.39,102635.03,102674.63,107457.17,102680.54,102695.26,102694.48,102689.77
623159.15711912,1316,102688.27,102633.96,102685.82,107466.33,102668.44,102687.21,102706.59,102687.67
623159.177778448,1317,102696.59,102645.27,102689.84,107457.17,102679.48,102698.21,102699.6,102690.81
623159.201867355,1318,102683.48,102643.13,102684.77,107459.41,102679.48,102693.12,102701.48,102692.74
623159.22258482,1319,102675.45,102632.06,102692.82,107467.45,102682.45,102687.21,102697.44,102689.77
623159.243060631,1320,102690.42,102635.03,102686.86,107465.2,102670.35,102686.14,102701.48,102683.65
623159.263778908,1321,102690.42,102628.84,102677.77,107459.41,102670.35,102695.26,102695.56,102690.81
623159.284043058,1322,102688.57,102629.92,102684.77,107471.47,102666.32,102690.16,102695.56,102688.72
623159.304741905,1323,102689.64,102635.03,102680.74,107462.31,102679.48,102690.16,102699.6,102683.65
623159.32510827,1324,102692.58,102626.94,102698.94,107462.31,102670.35,102677.02,102697.44,102689.77
623159.345745224,1325,102695.51,102632.89,102688.79,107465.2,102676.51,102693.38,102698.52,102680.67
623159.369887401,1326,102691.5,102626.94,102694.91,107453.15,102676.51,102685.07,102707.67,102686.79
623159.391146006,1327,102692.58,102639.08,102684.77,107455.4,102680.54,102694.19,102701.48,102693.79
623159.410953175,1328,102689.64,102622.89,102694.91,107471.47,102672.48,102690.16,102703.63,102689.77
623159.431766105,1329,102694.44,102626.94,102686.86,107458.29,102676.51,102695.26,102707.67,102693.79
623159.452248135,1330,102700.6,102639.08,102691.94,107458.29,102670.35,102687.21,102689.37,102684.7
623159.472900462,1331,102698.45,102639.08,102692.82,107457.17,102688.61,102687.21,102707.67,102689.77
623159.493362141,1332,102692.58,102636.11,102685.82,107457.17,102676.51,102685.07,102697.44,102689.77
623159.513722196,1333,102674.38,102643.13,102682.84,107466.33,102670.35,102691.23,102694.48,102692.74
623159.537463206,1334,102683.48,102626.94,102683.89,107459.41,102676.51,102689.09,102698.52,102684.7
623159.558538684,1335,102692.58,102635.03,102690.89,107455.4,102673.54,102687.21,102702.56,102693.79
623159.578578635,1336,102700.6,102635.03,102682.84,107457.17,102674.39,102695.26,102701.75,102693.79
623159.599616756,1337,102690.42,102624.8,102686.86,107457.17,102671.42,102689.09,102707.67,102697.81
623159.619723297,1338,102686.41,102626.94,102690.89,107465.2,102680.54,102695.26,102697.44,102693.79
623159.64069013,1339,102686.41,102640.15,102695.96,107465.2,102684.58,102687.21,102689.37,102689.77
623159.660793707,1340,102690.42,102647.18,102685.82,107459.41,102676.51,102694.19,102696.37,102692.74
623159.684845248,1341,102698.45,102635.03,102676.72,107458.29,102682.45,102711.36,102692.33,102689.77
623159.706319569,1342,102692.58,102635.03,102693.86,107465.2,102680.54,102694.19,102696.37,102680.67
623159.726493743,1343,102692.58,102633.96,102684.77,107457.17,102670.35,102687.21,102696.37,102684.7
623159.74657149,1344,102690.42,102633.13,102685.82,107454.27,102669.29,102694.19,102700.4,102689.77
623159.767624985,1345,102676.53,102636.11,102685.82,107461.19,102674.39,102683.19,102701.48,102685.74
623159.787684135,1346,102692.58,102640.15,102690.89,107467.45,102676.51,102705.45,102687.22,102681.72
623159.808733533,1347,102693.65,102636.11,102682.84,107467.45,102685.64,102695.26,102700.4,102687.67
623159.829268412,1348,102683.48,102633.13,102685.82,107461.19,102672.48,102697.14,102687.22,102683.65
623159.854025169,1349,102690.42,102633.13,102684.77,107469.22,102671.42,102686.14,102700.4,102685.74
623159.873474096,1350,102690.42,102635.03,102692.82,107465.2,102670.35,102691.23,102699.33,102689.77
623159.893921113,1351,102696.59,102635.03,102685.82,107466.33,102678.42,102689.09,102695.29,102696.77
623159.914577987,1352,102692.58,102626.94,102689.84,107463.43,102685.64,102694.19,102702.56,102689.77
623159.934998283,1353,102691.5,102629.92,102694.91,107458.29,102680.54,102687.21,102701.48,102693.79
623159.955611211,1354,102688.57,102629.08,102687.75,107467.45,102676.51,102693.12,102698.52,102696.77
623159.976938269,1355,102690.42,102633.13,102684.77,107469.22,102672.48,102695.26,102693.41,102689.77
623159.997005771,1356,102698.45,102639.08,102690.89,107457.17,102670.35,102695.26,102696.37,102687.67
623160.020916118,1357,102690.42,102630.99,102676.72,107455.4,102668.44,102699.28,102689.37,102693.79
623160.041573173,1358,102694.44,102629.08,102681.79,107467.45,102672.48,102686.14,102696.37,102684.7
623160.062041531,1359,102687.49,102639.08,102688.79,107471.47,102674.39,102693.12,102701.48,102699.74
623160.082724315,1360,102684.55,102636.11,102680.74,107470.35,102678.64,102702.24,102704.44,102687.67
623160.103045481,1361,102690.42,102635.03,102687.75,107461.19,102681.61,102699.28,102705.52,102679.63
623160.123773623,1362,102692.58,102630.99,102680.74,107459.41,102675.45,102690.16,102697.44,102685.74
623160.14445178,1363,102696.59,102626.94,102694.75,107459.41,102682.45,102686.14,102697.44,102689.77
623160.164945337,1364,102700.6,102626.94,102693.86,107465.2,102687.55,102677.02,102695.29,102685.74
623160.188884898,1365,102688.57,102629.08,102682.84,107463.43,102673.54,102687.21,102701.48,102688.72
623160.209493168,1366,102694.44,102643.13,102688.79,107471.47,102674.6,102695.26,102701.48,102697.81
623160.229995348,1367,102686.41,102626.94,102693.86,107470.35,102675.45,102687.21,102707.67,102681.72
623160.251140051,1368,102691.5,102636.11,102685.82,107459.41,102676.51,102689.09,102697.44,102689.77
623160.271066189,1369,102683.48,102639.08,102685.82,107458.29,102690.74,102685.07,102697.44,102685.74
623160.29174722,1370,102690.42,102628.01,102693.86,107458.29,102670.35,102695.26,102701.48,102691.7
623160.312167887,1371,102694.44,102633.96,102693.86,107463.43,102676.51,102696.33,102696.37,102687.67
623160.332658119,1372,102684.55,102635.03,102688.79,107467.45,102670.35,102693.12,102689.37,102696.77
623160.356893147,1373,102686.41,102628.01,102690.89,107467.45,102670.35,102701.17,102692.33,102693.79
623160.377539535,1374,102692.58,102645.27,102677.77,107467.45,102676.51,102699.28,102697.44,102697.81
623160.39802478,1375,102686.41,102635.03,102683.72,107459.41,102668.44,102694.19,102695.29,102683.65
623160.418647172,1376,102692.58,102635.03,102688.79,107459.41,102671.42,102693.12,102705.52,102689.77
623160.43922113,1377,102690.42,102636.11,102689.84,107465.2,102680.54,102682.93,102702.56,102695.72
623160.459911115,1378,102686.41,102635.03,102684.77,107462.31,102679.48,102687.21,102699.33,102692.74
623160.480269808,1379,102680.54,102633.96,102691.77,107461.66,102668.44,102694.19,102688.3,102687.67
623160.500967944,1380,102688.57,102637.18,102688.79,107467.45,102681.61,102694.19,102700.4,102693.79
623160.52495667,1381,102698.45,102637.18,102682.67,107467.45,102681.61,102699.28,102697.44,102680.67
623160.54549869,1382,102688.57,102635.03,102680.74,107460.54,102682.45,102693.12,102706.59,102688.72
623160.566160131,1383,102685.63,102630.99,102688.79,107465.2,102672.48,102697.14,102704.44,102680.67
623160.586837446,1384,102686.41,102638.25,102680.74,107458.29,102675.45,102691.23,102701.48,102693.79
623160.607301849,1385,102685.34,102636.11,102680.74,107470.35,102679.48,102701.17,102703.63,102690.81
623160.627842738,1386,102690.42,102637.18,102689.84,107458.29,102671.42,102687.21,102696.37,102693.79
623160.648099957,1387,102684.55,102626.94,102692.82,107459.41,102680.54,102693.12,102705.52,102687.67
623160.668784564,1388,102686.41,102636.11,102676.72,107459.41,102670.35,102694.19,102696.37,102688.72
623160.692907272,1389,102700.6,102629.92,102692.82,107471.47,102684.58,102691.23,102707.67,102689.77
623160.713567481,1390,102691.5,102637.18,102685.82,107457.17,102674.6,102695.26,102697.44,102695.88
623160.734057893,1391,102682.4,102635.03,102688.79,107459.41,102672.48,102694.19,102701.48,102693.79
623160.754623709,1392,102678.39,102644.2,102692.82,107466.33,102674.39,102693.12,102701.48,102691.7
623160.77507345,1393,102691.5,102635.03,102692.82,107470.35,102680.54,102699.28,102702.56,102687.84
623160.79582697,1394,102692.58,102630.99,102686.86,107461.19,102670.57,102687.21,102699.33,102689.77
623160.816177872,1395,102688.27,102633.13,102682.84,107459.41,102678.42,102696.33,102701.48,102704.98
623160.837515706,1396,102686.41,102630.99,102688.79,107465.2,102680.54,102694.19,102691.26,102690.81
623160.860524118,1397,102693.65,102630.99,102676.72,107466.33,102676.51,102694.19,102709.55,102681.72
623160.881519635,1398,102678.39,102637.18,102688.79,107470.35,102673.54,102694.19,102694.48,102681.72
623160.901775612,1399,102693.65,102635.03,102696.84,107466.33,102680.54,102692.05,102697.44,102691.86
623160.922664067,1400,102686.41,102643.13,102680.74,107466.33,102670.35,102688.02,102693.41,102686.79
623160.943013406,1401,102692.58,102626.94,102688.79,107459.41,102668.44,102691.23,102707.67,102697.81
623160.963691803,1402,102690.42,102636.11,102684.77,107465.2,102686.49,102697.14,102699.6,102693.79
623160.985251663,1403,102690.42,102635.03,102691.77,107459.41,102680.54,102687.21,102703.63,102693.79
623161.007887792,1404,102697.37,102625.03,102684.77,107459.41,102680.54,102693.38,102697.44,102696.77
623161.028513629,1405,102682.4,102641.22,102675.67,107459.41,102677.57,102691.23,102697.44,102689.77
623161.049528876,1406,102690.42,102636.11,102692.82,107455.4,102672.48,102694.19,102692.33,102687.84
623161.070396619,1407,102692.58,102633.13,102689.84,107459.41,102669.51,102699.28,102707.67,102680.67
623161.090678776,1408,102690.42,102623.96,102680.74,107457.17,102689.67,102684.26,102697.44,102680.67
623161.110757405,1409,102688.57,102626.94,102676.72,107454.27,102678.64,102698.21,102701.48,102685.74
623161.131866944,1410,102686.41,102630.99,102692.82,107465.2,102680.54,102688.02,102697.44,102691.7
623161.152324917,1411,102692.58,102637.18,102685.82,107469.22,102673.54,102703.31,102696.37,102688.72
623161.176011926,1412,102706.47,102635.03,102684.77,107457.17,102683.51,102696.33,102694.22,102687.67
623161.196514447,1413,102686.41,102644.2,102689.84,107466.33,102676.51,102693.12,102693.41,102681.72
623161.216974554,1414,102686.41,102632.06,102684.77,107462.31,102686.49,102686.14,102690.45,102685.74
623161.237706892,1415,102692.58,102626.94,102685.82,107462.31,102672.48,102695.26,102706.59,102675.6
623161.258060077,1416,102690.42,102633.13,102684.77,107471.47,102670.35,102695.26,102694.48,102693.79
623161.278699995,1417,102686.41,102626.94,102694.91,107465.2,102672.48,102687.21,102697.44,102680.67
623161.299774772,1418,102686.41,102640.15,102689.84,107461.19,102678.42,102695.26,102697.44,102690.81
623161.319767471,1419,102692.58,102632.89,102676.72,107457.17,102685.64,102699.28,102689.37,102688.72
623161.343920605,1420,102689.35,102632.06,102688.79,107467.45,102671.42,102699.28,102696.37,102688.72
623161.364532792,1421,102683.48,102636.11,102677.77,107459.41,102678.42,102699.28,102696.37,102692.74
623161.384989723,1422,102698.45,102635.03,102684.77,107462.31,102668.44,102695.26,102701.48,102690.81
623161.405656542,1423,102694.44,102635.03,102680.74,107467.45,102678.42,102689.09,102695.29,102692.74
623161.426147565,1424,102690.42,102632.06,102692.82,107457.17,102672.48,102691.23,102699.33,102685.74
623161.446724248,1425,102686.41,102633.96,102678.81,107466.33,102679.48,102689.35,102701.48,102685.74
623161.467155151,1426,102688.57,102636.11,102687.75,107457.17,102679.48,102695.26,102697.44,102685.74
623161.48777584,1427,102692.58,102645.27,102676.72,107458.29,102676.51,102692.05,102694.48,102689.77
623161.511944538,1428,102684.55,102635.03,102686.7,107457.17,102673.32,102693.12,102707.67,102685.74
623161.532568943,1429,102693.36,102645.27,102684.77,107457.17,102671.42,102686.14,102700.4,102689.77
623161.553010762,1430,102698.45,102637.18,102685.82,107465.2,102680.54,102691.23,102700.4,102698.86
623161.573642909,1431,102690.42,102633.13,102688.79,107474.37,102675.45,102698.21,102703.36,102685.74
623161.59411323,1432,102690.42,102630.99,102684.77,107475.49,102680.54,102695.26,102695.29,102690.81
623161.614694991,1433,102678.39,102629.08,102688.79,107457.17,102670.35,102695.26,102714.66,102685.74
623161.635134336,1434,102691.5,102644.2,102685.82,107465.2,102686.49,102685.07,102697.44,102690.81
623161.655768185,1435,102683.48,102635.03,102690.72,107464.08,102673.54,102693.12,102704.44,102690.81
623161.679943423,1436,102678.39,102635.03,102684.77,107469.22,102683.51,102694.19,102701.48,102687.67
623161.7005493,1437,102690.42,102635.03,102689.68,107457.17,102670.35,102686.14,102704.44,102687.67
623161.721039412,1438,102684.55,102633.13,102694.91,107466.33,102668.44,102690.16,102697.44,102689.77
623161.741630396,1439,102693.65,102630.99,102684.77,107467.45,102678.42,102695.26,102695.29,102685.74
623161.76210223,1440,102690.42,102636.11,102680.74,107466.33,102672.48,102692.31,102698.52,102688.72
623161.782912036,1441,102690.42,102640.15,102676.72,107466.33,102676.51,102693.12,102697.44,102688.72
623161.80357541,1442,102684.55,102632.06,102684.77,107464.08,102688.61,102690.16,102702.29,102685.74
623161.824105191,1443,102691.5,102635.03,102684.77,107462.31,102678.42,102691.23,102696.37,102685.74
623161.847952072,1444,102690.42,102635.03,102692.82,107457.17,102676.51,102692.31,102700.4,102692.74
623161.868542636,1445,102689.64,102638.25,102690.72,107458.29,102680.54,102691.23,102699.33,102690.81
623161.888987159,1446,102686.41,102639.08,102684.77,107475.49,102680.54,102684.0,102702.56,102695.88
623161.911179817,1447,102684.55,102635.03,102675.67,107465.2,102674.39,102694.19,102690.45,102688.72
623161.93014399,1448,102692.58,102641.22,102684.77,107477.26,102668.44,102695.26,102699.6,102685.74
623161.950715605,1449,102691.5,102639.08,102690.89,107459.41,102672.48,102687.21,102698.52,102689.77
623161.97129366,1450,102690.42,102626.94,102687.75,107466.33,102674.39,102695.26,102694.48,102689.77
623161.991824343,1451,102688.57,102637.18,102684.77,107457.17,102679.48,102695.26,102701.48,102679.63
623162.015943526,1452,102692.58,102637.18,102677.77,107471.47,102671.42,102695.26,102697.44,102689.77
623162.036656055,1453,102686.41,102629.08,102688.79,107474.37,102680.54,102697.14,102707.4,102679.63
623162.057081418,1454,102688.57,102635.03,102680.74,107475.49,102676.51,102699.28,102693.41,102693.79
623162.077645452,1455,102697.37,102626.94,102684.77,107457.17,102677.57,102688.28,102700.4,102691.7
623162.098157176,1456,102698.45,102628.01,102686.7,107463.43,102680.54,102697.4,102712.51,102689.77
623162.118722232,1457,102678.39,102630.15,102692.82,107457.17,102680.54,102683.19,102701.48,102689.77
623162.139578257,1458,102690.42,102635.03,102684.77,107461.19,102680.54,102694.19,102697.44,102695.88
623162.160135381,1459,102690.42,102632.06,102679.7,107463.43,102687.55,102694.19,102697.44,102697.81
623162.183600524,1460,102691.5,102641.22,102685.82,107473.24,102670.35,102695.26,102704.44,102690.81
623162.204557772,1461,102690.42,102633.13,102689.84,107461.19,102681.61,102689.35,102693.41,102691.86
623162.225062066,1462,102690.42,102629.08,102693.86,107470.35,102688.61,102691.23,102696.37,102680.67
623162.246547974,1463,102686.41,102643.13,102692.82,107467.45,102672.48,102698.21,102696.37,102679.63
623162.26681593,1464,102692.58,102643.13,102688.79,107458.29,102674.6,102691.23,102701.48,102683.65
623162.287813319,1465,102690.42,102637.18,102691.77,107462.31,102671.42,102695.26,102706.59,102681.72
623162.307217688,1466,102686.41,102626.94,102688.79,107476.61,102670.35,102701.17,102697.44,102690.81
623162.331087384,1467,102680.54,102644.2,102692.82,107459.41,102670.35,102694.19,102701.48,102689.77
623162.351567701,1468,102698.45,102639.32,102689.84,107466.33,102680.54,102695.26,102693.41,102688.72
623162.372580744,1469,102689.35,102629.08,102684.77,107475.49,102671.42,102687.21,102700.4,102688.72
623162.392607915,1470,102698.45,102635.03,102675.67,107467.45,102680.54,102693.12,102708.47,102683.65
623162.413690413,1471,102686.41,102633.13,102692.82,107471.47,102676.51,102692.05,102695.29,102688.72
623162.433696182,1472,102690.42,102633.13,102691.77,107465.2,102677.57,102695.26,102704.44,102687.67
623162.454742946,1473,102690.42,102626.94,102688.79,107464.08,102672.48,102702.24,102702.56,102689.77
623162.475464328,1474,102692.58,102637.18,102692.82,107461.19,102681.61,102681.04,102693.41,102681.72
623162.498945215,1475,102686.41,102637.18,102685.82,107465.2,102672.48,102690.16,102695.29,102676.65
623162.51954337,1476,102691.5,102637.18,102686.86,107456.04,102679.48,102686.14,102695.29,102691.7
623162.53999921,1477,102686.41,102626.94,102688.79,107475.49,102672.48,102695.26,102697.44,102685.74
623162.560648203,1478,102691.5,102637.18,102685.82,107457.17,102673.54,102694.19,102695.29,102695.72
623162.581064383,1479,102690.42,102637.18,102684.77,107465.2,102671.42,102691.23,102701.48,102693.79
623162.601724672,1480,102690.42,102629.08,102680.74,107469.22,102674.6,102695.26,102690.45,102679.63
623162.622755011,1481,102698.45,102637.18,102698.94,107457.17,102676.51,102689.09,102688.3,102693.79
623162.642794261,1482,102692.58,102636.11,102684.77,107457.17,102678.64,102687.21,102697.44,102687.67
623162.667005954,1483,102682.4,102637.18,102688.79,107474.37,102682.67,102695.26,102687.22,102681.72
623162.688093339,1484,102698.45,102630.99,102685.82,107457.17,102680.54,102694.19,102698.52,102691.7
623162.708032437,1485,102698.45,102639.08,102680.74,107470.35,102677.36,102695.26,102697.44,102680.67
623162.728667158,1486,102691.5,102630.99,102676.72,107465.2,102672.48,102695.26,102697.44,102689.77
623162.749105792,1487,102686.41,102629.08,102680.74,107465.2,102682.67,102695.26,102697.44,102693.79
623162.769671017,1488,102682.4,102645.27,102680.74,107470.35,102672.48,102696.33,102696.37,102681.72
623162.790281502,1489,102690.42,102632.06,102686.7,107475.49,102673.54,102696.33,102699.33,102693.79
623162.813084312,1490,102684.55,102636.11,102692.82,107465.2,102672.48,102703.31,102693.41,102681.72
623162.834957998,1491,102704.61,102636.11,102687.75,107473.24,102672.48,102690.16,102699.33,102689.77
623162.855554921,1492,102689.35,102633.13,102678.81,107465.2,102671.42,102695.26,102701.48,102693.79
623162.87605643,1493,102696.59,102630.99,102684.77,107465.2,102685.64,102696.33,102705.52,102688.72
623162.896725663,1494,102686.41,102632.06,102692.82,107466.33,102679.48,102691.23,102705.52,102701.84
623162.917122624,1495,102690.42,102635.03,102680.74,107467.45,102684.58,102695.26,102701.48,102689.77
623162.937753349,1496,102690.42,102636.11,102692.82,107461.19,102680.54,102697.14,102696.37,102687.67
623162.95819646,1497,102687.49,102635.03,102688.79,107462.31,102680.54,102695.26,102696.37,102690.81
623162.978858672,1498,102689.35,102626.94,102688.79,107465.2,102684.58,102699.28,102705.52,102696.77
623163.002960979,1499,102690.42,102635.03,102688.79,107467.45,102670.35,102707.33,102705.52,102689.77
623163.023584553,1500,102698.45,102637.18,102694.91,107457.17,102682.45,102696.07,102705.52,102692.74
623163.044074394,1501,102682.4,102630.99,102686.86,107457.17,102676.51,102695.26,102704.44,102689.77
623163.064773202,1502,102692.58,102630.15,102693.86,107469.22,102680.54,102687.21,102688.3,102688.72
623163.085224064,1503,102688.57,102637.18,102685.82,107466.33,102677.57,102695.26,102696.37,102689.77
623163.105763341,1504,102690.42,102633.13,102686.86,107461.19,102690.74,102695.26,102706.59,102689.77
623163.126411682,1505,102690.42,102633.13,102688.79,107468.1,102671.42,102694.19,102693.41,102689.77
623163.146962415,1506,102687.49,102634.2,102684.77,107466.33,102676.51,102687.21,102697.44,102687.67
623163.170966133,1507,102690.42,102629.08,102690.72,107473.24,102690.74,102694.19,102697.44,102681.72
623163.191599051,1508,102683.48,102633.13,102680.74,107474.37,102679.48,102689.09,102704.44,102693.79
623163.212056073,1509,102695.51,102632.06,102688.79,107466.33,102684.58,102692.31,102697.44,102688.72
623163.232725386,1510,102694.44,102637.18,102687.75,107458.29,102674.6,102687.21,102700.4,102690.81
623163.253115336,1511,102690.42,102629.08,102684.77,107470.35,102670.35,102703.31,102693.41,102686.63
623163.273760052,1512,102691.5,102629.08,102694.91,107465.2,102672.48,102694.19,102705.52,102689.77
623163.29414825,1513,102682.4,102639.08,102684.77,107465.2,102673.54,102687.21,102705.52,102705.86
623163.314869721,1514,102694.44,102637.18,102685.82,107465.2,102680.54,102694.19,102697.44,102685.74
623163.338637142,1515,102690.42,102636.11,102674.63,107469.22,102672.48,102698.21,102704.44,102692.74
623163.359592167,1516,102690.42,102635.27,102684.77,107461.19,102676.51,102695.26,102704.44,102689.77
623163.380044792,1517,102687.49,102628.01,102689.84,107469.22,102680.54,102694.19,102701.48,102689.77
623163.400666283,1518,102694.44,102630.99,102693.86,107469.22,102686.49,102694.19,102696.37,102689.77
623163.421210687,1519,102690.42,102629.08,102696.84,107467.45,102682.45,102689.09,102704.44,102692.74
623163.441777825,1520,102696.59,102635.03,102676.72,107466.33,102674.6,102687.21,102709.55,102689.77
623163.46223021,1521,102698.45,102635.03,102692.82,107473.24,102674.39,102694.19,102700.4,102681.72
623163.486520211,1522,102686.41,102637.18,102674.63,107470.35,102672.48,102694.19,102704.44,102694.84
623163.506633102,1523,102702.46,102644.2,102684.77,107466.33,102679.48,102703.31,102697.44,102702.88
623163.527696041,1524,102691.5,102637.18,102689.84,107465.2,102689.67,102687.21,102692.33,102690.81
623163.548192533,1525,102686.41,102633.13,102692.82,107461.19,102684.58,102691.23,102697.44,102695.88
623163.568852001,1526,102698.45,102633.13,102692.82,107461.19,102678.64,102695.26,102695.29,102684.7
623163.589117903,1527,102700.6,102629.08,102688.79,107470.35,102676.51,102684.0,102706.59,102687.67
623163.609980509,1528,102688.57,102635.03,102680.74,107465.2,102680.54,102694.19,102701.48,102697.81
623163.630581678,1529,102686.41,102632.06,102686.86,107472.12,102680.54,102695.26,102701.21,102681.72
623163.653982464,1530,102690.42,102633.13,102678.81,107469.22,102670.35,102687.21,102706.59,102691.7
623163.674568612,1531,102694.44,102637.18,102676.72,107468.1,102672.48,102689.09,102702.56,102687.67
623163.695667645,1532,102686.41,102635.03,102682.84,107473.24,102676.51,102697.14,102701.48,102697.81
623163.715757992,1533,102689.35,102628.01,102688.79,107465.2,102673.54,102699.28,102709.55,102686.63
623163.736883144,1534,102690.42,102637.18,102682.67,107469.22,102672.48,102694.19,102695.29,102676.65
623163.756897246,1535,102690.42,102633.13,102688.79,107467.45,102676.51,102699.28,102695.29,102689.77
623163.777787583,1536,102686.41,102637.18,102687.75,107464.08,102677.57,102694.19,102703.36,102687.67
623163.7983141,1537,102699.53,102637.18,102684.77,107472.12,102672.48,102690.16,102703.36,102689.77
623163.821970683,1538,102702.46,102637.18,102686.86,107456.04,102674.6,102696.07,102697.44,102690.81
623163.84264939,1539,102697.37,102630.15,102692.82,107458.29,102674.6,102701.17,102693.41,102685.74
623163.86307211,1540,102689.35,102641.22,102680.74,107475.49,102677.57,102703.31,102701.48,102689.77
623163.884901679,1541,102690.42,102623.96,102677.77,107465.2,102676.51,102687.21,102705.52,102683.65
623163.904165816,1542,102691.5,102629.08,102674.63,107468.1,102681.61,102696.33,102695.29,102689.77
623163.92494166,1543,102702.46,102632.06,102686.86,107473.24,102676.51,102697.14,102704.44,102690.81
623163.945739357,1544,102687.49,102625.03,102688.79,107467.45,102672.48,102690.16,102701.48,102697.81
623163.965786178,1545,102698.45,102637.18,102683.72,107470.35,102674.6,102701.17,102697.44,102697.81
623163.990007446,1546,102681.32,102626.94,102686.86,107465.2,102676.51,102697.14,102712.51,102688.72
623164.010666403,1547,102690.42,102629.08,102692.82,107456.04,102676.51,102688.28,102696.37,102695.72
623164.031184317,1548,102694.44,102628.01,102691.77,107465.2,102676.51,102695.26,102697.44,102688.72
623164.051758926,1549,102689.35,102626.94,102677.77,107469.22,102668.44,102695.26,102700.4,102693.79
623164.072305514,1550,102692.58,102629.08,102688.79,107465.2,102678.42,102685.07,102696.37,102695.72
623164.092813062,1551,102681.32,102643.13,102683.72,107468.1,102674.39,102691.23,102699.33,102696.77
623164.113328943,1552,102700.6,102637.18,102684.77,107464.08,102685.64,102693.12,102705.52,102681.72
623164.135213404,1553,102690.42,102645.27,102680.74,107471.47,102663.35,102695.26,102695.29,102684.7
623164.157988213,1554,102690.42,102645.27,102688.79,107454.92,102680.54,102703.31,102698.52,102688.72
623164.178595232,1555,102690.42,102645.27,102692.82,107469.22,102680.54,102695.26,102698.25,102685.74
623164.199067296,1556,102690.42,102637.18,102676.72,107473.24,102673.54,102701.17,102699.33,102692.74
623164.219720996,1557,102692.58,102649.32,102689.84,107465.2,102664.41,102695.26,102704.44,102696.77
623164.240148242,1558,102688.27,102629.08,102676.72,107465.2,102674.39,102690.16,102706.59,102689.77
623164.260931377,1559,102689.35,102642.29,102694.91,107473.24,102670.35,102701.17,102695.29,102687.67
623164.282154358,1560,102690.42,102629.08,102689.84,107457.17,102683.51,102695.26,102700.4,102697.81
623164.302601866,1561,102691.5,102645.27,102683.89,107473.24,102674.39,102693.12,102696.37,102700.79
623164.325983512,1562,102690.42,102633.13,102670.77,107469.22,102680.54,102695.26,102695.29,102689.77
623164.346621087,1563,102698.45,102644.2,102685.82,107465.2,102669.29,102701.17,102700.4,102695.72
623164.367074073,1564,102686.41,102634.2,102685.82,107472.12,102680.54,102695.26,102696.37,102691.7
623164.38772653,1565,102685.34,102626.94,102684.77,107464.08,102673.54,102688.02,102692.33,102685.74
623164.408194919,1566,102701.38,102639.08,102688.79,107466.33,102672.48,102694.19,102682.11,102689.77
623164.428820817,1567,102689.35,102636.11,102688.79,107468.1,102673.54,102687.21,102713.59,102691.7
623164.449243436,1568,102689.35,102638.25,102689.84,107473.24,102674.39,102699.28,102696.37,102689.77
623164.471079975,1569,102692.28,102637.18,102688.79,107473.24,102672.48,102693.12,102697.44,102696.77
623164.494013554,1570,102686.41,102641.22,102680.74,107457.17,102681.61,102691.23,102696.37,102687.67
623164.514612941,1571,102686.41,102635.03,102692.82,107469.22,102677.57,102697.4,102700.4,102689.77
623164.536405344,1572,102690.42,102645.27,102680.74,107465.2,102683.51,102698.21,102698.52,102695.72
623164.557038732,1573,102690.42,102635.03,102692.82,107466.33,102670.35,102679.97,102697.44,102697.81
623164.576175927,1574,102678.39,102626.94,102682.67,107461.19,102681.61,102688.28,102697.44,102687.67
623164.596904169,1575,102690.42,102633.13,102684.77,107469.22,102683.51,102695.26,102696.37,102693.79
623164.617248881,1576,102694.44,102635.03,102683.72,107468.1,102672.48,102699.28,102693.41,102694.84
623164.637791442,1577,102678.39,102628.01,102693.86,107465.2,102688.61,102695.26,102700.4,102692.74
623164.662008293,1578,102674.38,102630.15,102684.77,107462.96,102673.54,102679.16,102707.67,102685.74
623164.682643234,1579,102689.35,102637.18,102696.84,107465.2,102678.42,102700.36,102705.52,102687.67
623164.703094287,1580,102697.37,102637.18,102684.77,107466.33,102665.47,102693.12,102699.33,102690.65
623164.723796259,1581,102698.45,102637.18,102683.72,107461.19,102670.35,102691.23,102693.41,102691.86
623164.744238789,1582,102694.44,102634.2,102688.79,107465.2,102678.42,102691.23,102709.55,102697.81
623164.764771585,1583,102688.57,102638.25,102684.77,107465.2,102679.48,102687.21,102696.37,102688.72
623164.785164159,1584,102689.35,102632.06,102689.84,107464.08,102689.67,102695.26,102697.44,102693.79
623164.809560652,1585,102678.39,102644.2,102680.74,107462.96,102684.58,102687.21,102705.52,102699.91
623164.829701225,1586,102688.27,102639.08,102684.77,107465.2,102679.48,102686.14,102701.48,102701.84
623164.850718234,1587,102689.35,102633.13,102692.82,107464.08,102671.42,102686.14,102692.33,102685.74
623164.87086721,1588,102690.42,102637.18,102686.7,107466.98,102687.55,102688.02,102700.4,102680.67
623164.891772239,1589,102690.42,102630.15,102686.86,107469.22,102686.7,102705.45,102697.44,102689.77
623164.912238755,1590,102698.45,102641.22,102688.79,107472.12,102680.54,102691.23,102705.52,102681.72
623164.932819234,1591,102681.32,102628.01,102692.82,107469.22,102676.51,102685.07,102691.26,102687.67
623164.953337048,1592,102682.4,102637.18,102692.82,107475.01,102680.54,102699.28,102689.37,102687.67
623164.976989494,1593,102705.4,102633.13,102692.82,107465.2,102688.61,102695.26,102704.44,102685.74
623164.997611215,1594,102690.42,102636.11,102682.67,107456.04,102678.64,102695.26,102687.22,102681.72
623165.018660253,1595,102696.3,102635.03,102685.82,107465.2,102670.35,102695.26,102693.41,102683.65
623165.038722437,1596,102685.34,102643.13,102684.77,107465.2,102676.51,102695.26,102705.52,102691.7
623165.05979477,1597,102687.2,102633.13,102676.72,107464.08,102674.6,102681.04,102701.48,102687.67
623165.0797683,1598,102690.42,102629.08,102684.77,107465.2,102684.58,102703.31,102693.41,102687.67
623165.100815375,1599,102689.35,102630.99,102692.82,107473.24,102672.48,102693.12,102688.3,102691.7
623165.120911731,1600,102708.63,102637.18,102686.86,107477.26,102676.51,102689.09,102696.37,102692.74
623165.14500864,1601,102690.42,102641.22,102692.82,107465.2,102675.45,102696.33,102701.48,102684.7
623165.165662489,1602,102682.4,102637.18,102680.74,107457.17,102673.54,102693.12,102704.44,102691.7
623165.186114384,1603,102689.35,102645.27,102689.84,107466.98,102675.45,102701.17,102698.52,102681.72
623165.206781082,1604,102688.27,102637.18,102697.89,107466.98,102668.44,102695.26,102694.22,102681.72
623165.227829589,1605,102686.41,102637.18,102693.86,107470.99,102675.45,102694.19,102697.44,102693.79
623165.247747235,1606,102690.42,102625.03,102693.86,107462.96,102680.54,102690.16,102702.56,102689.77
623165.269295338,1607,102679.47,102634.2,102686.7,107468.1,102667.38,102701.17,102700.4,102688.72
623165.28904574,1608,102689.35,102635.03,102688.79,107469.22,102686.7,102699.28,102704.44,102689.77
623165.313006273,1609,102702.46,102638.25,102684.77,107464.08,102680.54,102698.21,102696.37,102693.63
623165.333630317,1610,102685.34,102633.13,102692.82,107468.1,102668.44,102695.26,102699.6,102685.74
623165.354080258,1611,102698.45,102635.03,102680.74,107457.17,102685.64,102690.16,102703.36,102697.81
623165.374747739,1612,102689.35,102629.08,102697.89,107464.08,102688.61,102693.12,102704.44,102692.74
623165.395217489,1613,102688.27,102633.13,102676.72,107465.2,102680.54,102696.33,102700.4,102696.77
623165.41587831,1614,102690.42,102637.18,102684.77,107465.2,102672.48,102690.97,102697.44,102693.79
623165.437188192,1615,102689.35,102635.03,102684.77,107468.1,102673.54,102686.14,102696.37,102683.65
623165.45807218,1616,102694.44,102641.22,102682.67,107465.2,102680.54,102697.14,102697.44,102697.81
623165.481021533,1617,102686.41,102633.13,102685.82,107456.69,102670.35,102697.4,102692.33,102687.67
623165.50167408,1618,102698.45,102629.08,102681.79,107465.2,102677.57,102693.12,102696.37,102683.65
623165.522099023,1619,102683.18,102637.18,102677.77,107465.2,102670.35,102699.28,102695.29,102693.79
623165.542747194,1620,102693.36,102644.2,102676.72,107464.08,102670.35,102692.31,102693.41,102690.81
623165.563156614,1621,102690.42,102628.01,102685.82,107462.96,102681.61,102693.12,102688.3,102688.72
623165.583941472,1622,102686.12,102634.2,102684.77,107469.22,102672.48,102698.21,102697.44,102681.72
623165.604436131,1623,102681.32,102638.25,102692.82,107465.2,102688.61,102701.43,102706.59,102693.79
623165.625072514,1624,102689.35,102634.2,102676.72,107470.99,102685.64,102699.28,102695.29,102686.63
623165.649057443,1625,102684.26,102638.25,102682.67,107465.2,102672.48,102695.26,102695.29,102692.74
623165.669681788,1626,102698.45,102630.99,102693.86,107473.24,102680.54,102687.21,102701.48,102693.79
623165.690138219,1627,102690.42,102629.08,102683.72,107473.24,102676.51,102686.14,102700.4,102687.67
623165.710778548,1628,102690.42,102638.25,102688.79,107470.35,102678.42,102703.31,102709.55,102692.74
623165.73118296,1629,102699.53,102633.13,102680.74,107465.2,102675.45,102691.23,102697.44,102689.77
623165.751802418,1630,102700.6,102638.25,102684.77,107469.22,102674.39,102699.28,102687.22,102689.77
623165.772287232,1631,102698.45,102635.03,102684.77,107469.22,102680.54,102694.19,102696.37,102687.67
623165.793018889,1632,102689.35,102629.08,102682.67,107464.08,102682.45,102695.26,102699.6,102688.72
623165.817076098,1633,102692.58,102633.13,102681.79,107469.22,102677.36,102695.26,102704.44,102681.72
623165.837662776,1634,102699.53,102638.25,102695.79,107470.99,102671.42,102693.12,102683.19,102688.72
623165.858117304,1635,102689.35,102637.18,102696.84,107469.22,102672.48,102695.26,102680.23,102692.74
623165.878809672,1636,102700.6,102634.2,102684.77,107464.08,102686.49,102689.09,102694.22,102688.72
623165.899179852,1637,102692.58,102637.18,102693.86,107465.2,102680.54,102703.31,102695.29,102688.72
623165.919896026,1638,102691.5,102630.15,102688.79,107473.24,102662.29,102694.19,102696.37,102683.65
623165.940350935,1639,102689.35,102647.41,102687.75,107473.24,102676.51,102695.26,102690.45,102686.79
623165.960931694,1640,102698.45,102645.27,102688.79,107473.24,102676.51,102685.07,102705.52,102694.67
623165.985044797,1641,102690.42,102633.13,102685.82,107464.08,102684.58,102693.12,102696.37,102687.67
623166.005665777,1642,102690.42,102637.18,102688.79,107473.24,102680.54,102694.19,102696.37,102687.67
623166.027169552,1643,102678.39,102638.25,102684.77,107469.22,102664.41,102703.31,102703.36,102680.67
623166.046815607,1644,102684.26,102643.37,102679.7,107469.22,102672.48,102695.26,102693.41,102698.86
623166.067176965,1645,102698.45,102633.13,102688.79,107472.12,102673.54,102695.26,102705.52,102688.72
623166.087858826,1646,102687.49,102634.2,102693.86,107468.1,102672.48,102685.07,102700.4,102697.81
623166.108308467,1647,102690.42,102645.27,102685.82,107454.92,102679.48,102698.21,102700.4,102689.77
623166.132592679,1648,102681.32,102634.2,102683.72,107454.92,102666.54,102698.21,102693.41,102689.77
623166.152681494,1649,102688.27,102634.2,102684.77,107469.22,102676.51,102687.21,102700.4,102693.79
623166.173787157,1650,102698.45,102620.98,102684.77,107473.24,102674.39,102691.23,102704.44,102698.86
623166.194163156,1651,102686.41,102636.11,102684.77,107461.19,102680.54,102696.33,102699.33,102693.79
623166.214761552,1652,102690.42,102643.37,102696.84,107464.08,102672.48,102695.26,102700.4,102696.77
623166.235220457,1653,102686.41,102633.13,102680.74,107468.1,102677.57,102695.26,102704.44,102692.74
623166.255793084,1654,102690.42,102635.27,102688.79,107472.12,102670.35,102689.09,102697.44,102689.77
623166.276315174,1655,102690.42,102633.13,102687.75,107470.99,102679.48,102691.23,102698.52,102688.72
623166.300626868,1656,102692.28,102638.25,102688.79,107465.2,102680.54,102691.23,102689.37,102687.84
623166.320649422,1657,102691.5,102636.11,102685.82,107464.08,102672.48,102687.21,102697.44,102692.74
623166.341702576,1658,102694.44,102633.13,102687.75,107465.2,102676.51,102695.26,102688.3,102688.72
623166.361735586,1659,102694.44,102635.27,102680.74,107474.37,102682.67,102695.26,102695.29,102692.74
623166.382817103,1660,102689.35,102636.11,102684.77,107464.08,102676.51,102697.14,102695.29,102688.72
623166.402867429,1661,102686.41,102638.25,102676.72,107465.2,102668.44,102690.16,102696.37,102689.77
623166.423865069,1662,102690.42,102638.25,102688.79,107466.33,102679.48,102687.21,102700.4,102697.81
623166.444435182,1663,102689.35,102633.13,102677.77,107454.92,102672.48,102697.14,102695.29,102693.79
623166.46904007,1664,102686.41,102639.32,102686.7,107473.24,102678.42,102699.28,102701.48,102689.77
623166.488661417,1665,102682.4,102639.32,102684.77,107473.24,102682.67,102695.26,102697.44,102690.81
623166.509100461,1666,102688.27,102628.01,102676.72,107470.99,102680.54,102695.26,102705.52,102688.72
623166.529738487,1667,102689.35,102630.15,102683.72,107472.12,102681.61,102698.21,102705.52,102689.77
623166.550762787,1668,102692.28,102637.18,102688.79,107465.2,102681.61,102696.33,102701.48,102691.7
623166.57090998,1669,102693.36,102639.32,102685.82,107468.1,102676.51,102698.21,102696.37,102691.86
623166.591897374,1670,102694.44,102645.27,102691.77,107456.04,102690.74,102696.33,102697.44,102691.7
623166.611905697,1671,102698.45,102637.18,102685.82,107469.22,102674.39,102694.19,102703.36,102691.7
623166.636056488,1672,102689.35,102642.29,102684.77,107465.2,102670.35,102689.09,102692.33,102695.72
623166.656670878,1673,102699.53,102626.94,102680.74,107465.2,102688.61,102695.26,102697.44,102687.67
623166.677122741,1674,102698.45,102633.13,102681.79,107460.06,102676.51,102693.12,102699.33,102692.74
623166.697770482,1675,102691.5,102638.25,102688.79,107473.24,102680.54,102689.09,102699.33,102693.79
623166.718378622,1676,102690.42,102634.2,102686.7,107466.98,102676.51,102694.19,102698.52,102687.67
623166.738825429,1677,102680.25,102645.27,102677.77,107472.12,102671.42,102693.12,102704.44,102687.67
623166.760170614,1678,102685.34,102637.18,102685.82,107476.14,102674.39,102694.19,102704.44,102691.7
623166.780026967,1679,102697.37,102631.22,102687.75,107473.24,102672.48,102695.26,102701.48,102679.63
623166.804069925,1680,102690.42,102638.25,102684.77,107464.08,102680.54,102693.12,102705.52,102696.77
623166.824658926,1681,102688.27,102629.08,102684.77,107465.2,102683.51,102703.31,102700.4,102704.81
623166.845139554,1682,102694.44,102639.32,102692.82,107465.2,102674.6,102695.26,102701.48,102688.72
623166.865828115,1683,102689.35,102649.32,102685.82,107466.98,102685.64,102703.31,102695.29,102694.84
623166.886212678,1684,102684.26,102637.18,102694.91,107469.22,102672.48,102693.12,102697.44,102679.63
623166.907442278,1685,102697.37,102639.32,102680.74,107468.1,102680.54,102695.26,102698.25,102693.79
623166.927881353,1686,102696.3,102647.41,102689.84,107457.17,102673.54,102694.19,102705.52,102703.77
623166.948035627,1687,102683.18,102644.2,102682.84,107473.24,102675.45,102697.14,102695.29,102691.7
623166.974101144,1688,102689.35,102637.18,102684.77,107473.24,102670.35,102691.23,102707.4,102688.72
623166.992747246,1689,102688.27,102630.15,102688.79,107469.22,102680.54,102686.14,102698.52,102687.67
623167.013143496,1690,102690.42,102641.22,102680.74,107465.85,102676.51,102703.31,102688.3,102697.81
623167.033829294,1691,102692.28,102639.32,102685.82,107468.75,102672.48,102699.28,102704.44,102682.6
623167.054175348,1692,102689.35,102642.29,102692.82,107466.98,102682.67,102697.14,102696.37,102689.77
623167.074889399,1693,102690.42,102637.18,102693.86,107473.24,102683.51,102685.07,102696.37,102683.65
623167.095295984,1694,102690.42,102629.08,102686.86,107470.99,102672.48,102692.05,102693.41,102692.74
623167.115868801,1695,102689.35,102637.18,102686.86,107468.1,102672.48,102697.14,102705.52,102687.67
623167.140093043,1696,102688.27,102629.08,102688.79,107473.24,102684.58,102697.4,102695.29,102684.7
623167.160704388,1697,102706.47,102637.18,102682.84,107470.99,102685.64,102696.33,102697.44,102688.72
623167.181193899,1698,102698.45,102637.18,102684.77,107472.12,102672.48,102695.26,102705.52,102688.72
623167.201796591,1699,102688.27,102640.15,102685.82,107470.99,102676.51,102689.09,102695.29,102692.74
623167.222322487,1700,102699.53,102642.29,102692.82,107470.99,102681.61,102686.14,102703.36,102697.81
623167.242864177,1701,102689.35,102632.06,102685.82,107472.12,102670.35,102699.28,102696.37,102694.84
623167.265047791,1702,102690.42,102637.18,102697.89,107472.12,102672.48,102695.26,102703.36,102689.77
623167.28393661,1703,102690.42,102630.15,102692.82,107473.24,102676.51,102695.26,102692.33,102689.77
623167.308148813,1704,102688.27,102634.2,102698.94,107472.12,102680.54,102694.19,102695.29,102687.67
623167.328753679,1705,102690.42,102636.11,102674.63,107456.04,102678.42,102683.19,102692.33,102697.81
623167.349224181,1706,102680.25,102633.13,102692.82,107464.08,102672.48,102698.21,102696.37,102696.77
623167.369852462,1707,102686.41,102638.25,102698.94,107472.12,102676.51,102696.07,102699.33,102689.77
623167.390306699,1708,102696.3,102635.27,102684.77,107462.96,102679.48,102693.12,102688.3,102691.7
623167.410900669,1709,102689.35,102638.25,102692.82,107462.96,102679.48,102695.26,102705.52,102695.72
623167.431285,1710,102678.39,102638.25,102689.84,107469.22,102676.51,102691.23,102701.48,102688.72
623167.455629684,1711,102690.42,102638.25,102686.86,107462.96,102672.48,102699.28,102694.22,102686.63
623167.475744799,1712,102696.3,102641.22,102685.82,107466.98,102670.35,102693.12,102697.18,102689.77
623167.496767196,1713,102697.37,102646.34,102685.82,107473.24,102680.54,102698.21,102700.4,102692.74
623167.517240442,1714,102686.41,102638.25,102683.72,107472.12,102680.54,102701.17,102695.29,102692.74
623167.53782745,1715,102694.44,102633.13,102676.72,107473.24,102672.48,102686.14,102694.48,102679.63
623167.558393588,1716,102689.35,102637.18,102683.72,107472.12,102671.42,102684.0,102704.44,102692.74
623167.579805875,1717,102689.35,102629.08,102688.79,107474.37,102677.57,102689.09,102695.29,102684.7
623167.599349935,1718,102690.42,102629.08,102679.7,107464.73,102690.74,102695.26,102701.48,102687.67
623167.623664924,1719,102690.42,102630.15,102696.84,107473.24,102681.61,102702.24,102702.56,102690.81
623167.643673768,1720,102685.34,102629.08,102684.77,107472.12,102682.67,102694.19,102717.62,102691.7
623167.664731909,1721,102690.42,102639.32,102688.79,107465.2,102680.54,102695.26,102704.44,102699.74
623167.68486493,1722,102682.11,102638.25,102684.77,107464.08,102680.54,102686.14,102709.55,102687.67
623167.705934649,1723,102685.34,102629.08,102686.86,107465.2,102676.51,102691.23,102696.37,102693.79
623167.726375647,1724,102695.51,102636.11,102692.82,107462.96,102672.48,102689.09,102714.66,102689.77
623167.746931318,1725,102688.27,102631.22,102692.82,107473.24,102680.54,102687.21,102707.4,102687.67
623167.767372175,1726,102689.35,102638.25,102692.82,107470.99,102672.48,102695.26,102703.36,102696.77
623167.791060095,1727,102697.37,102630.15,102691.77,107464.08,102674.39,102687.21,102706.59,102684.7
623167.811702428,1728,102696.3,102629.08,102696.84,107472.12,102672.48,102694.19,102692.33,102689.77
623167.832189044,1729,102698.45,102629.08,102688.79,107481.28,102679.48,102695.26,102699.33,102696.77
623167.852980852,1730,102694.44,102630.15,102684.77,107464.08,102674.6,102696.33,102705.52,102690.65
623167.873967696,1731,102689.35,102625.03,102690.72,107466.33,102679.48,102692.05,102693.41,102692.74
623167.893907826,1732,102689.35,102641.22,102691.77,107473.24,102672.48,102693.12,102701.48,102687.67
623167.915005196,1733,102689.35,102634.2,102684.77,107473.24,102687.55,102685.07,102709.55,102689.77
623167.935057836,1734,102692.28,102635.27,102684.77,107458.94,102673.54,102695.26,102699.33,102688.72
623167.959079251,1735,102696.3,102634.2,102690.72,107462.96,102686.7,102686.14,102703.36,102687.67
623167.980603137,1736,102699.53,102634.2,102688.79,107468.1,102680.54,102687.21,102701.48,102695.72
623168.000679042,1737,102697.37,102641.22,102684.77,107462.96,102673.54,102695.26,102697.44,102683.65
623168.022051629,1738,102698.45,102630.15,102688.79,107465.85,102684.58,102695.26,102703.36,102687.67
623168.041321955,1739,102685.34,102635.03,102676.72,107472.12,102670.35,102691.23,102697.44,102688.72
623168.062099342,1740,102687.2,102637.18,102692.82,107469.22,102676.51,102695.26,102696.37,102685.58
623168.082544736,1741,102684.26,102633.13,102684.77,107470.99,102673.54,102693.12,102696.37,102684.7
623168.103114138,1742,102675.16,102634.2,102691.77,107472.12,102676.51,102697.4,102695.29,102688.72
623168.12708798,1743,102690.42,102638.25,102679.7,107464.08,102670.35,102686.14,102704.44,102688.72
623168.14778775,1744,102685.34,102645.27,102684.77,107470.99,102688.61,102697.14,102689.37,102683.65
623168.168207455,1745,102686.41,102637.18,102689.84,107469.87,102684.58,102698.21,102698.52,102678.58
623168.188797648,1746,102694.44,102639.32,102686.86,107480.16,102679.48,102694.19,102695.29,102687.67
623168.209290344,1747,102694.44,102638.25,102684.77,107466.98,102679.48,102690.16,102689.11,102687.67
623168.22986902,1748,102685.34,102646.34,102682.67,107470.99,102681.61,102695.26,102699.33,102679.63
623168.250395336,1749,102688.27,102630.15,102684.77,107470.99,102672.48,102687.21,102705.52,102688.72
623168.270973351,1750,102688.27,102635.27,102688.79,107465.85,102680.54,102693.12,102699.33,102697.81
623168.295121678,1751,102686.41,102643.37,102689.84,107464.08,102687.55,102699.28,102703.36,102696.77
623168.315794967,1752,102690.42,102629.08,102674.63,107464.08,102680.54,102697.14,102695.29,102694.67
623168.336202254,1753,102690.42,102635.27,102686.7,107466.98,102672.48,102686.14,102701.48,102689.77
623168.356868562,1754,102689.35,102633.13,102688.79,107472.12,102684.58,102699.28,102705.52,102679.63
623168.377231431,1755,102690.42,102638.25,102687.75,107465.2,102679.48,102687.21,102703.36,102689.77
623168.39788475,1756,102697.37,102633.13,102684.77,107470.99,102680.54,102698.21,102697.44,102687.67
623168.418362814,1757,102690.42,102635.27,102702.96,107468.1,102672.48,102697.4,102704.44,102689.77
623168.438943392,1758,102680.25,102637.18,102676.72,107466.98,102674.6,102687.21,102693.41,102695.72
623168.463120973,1759,102690.42,102646.34,102684.77,107468.75,102688.61,102695.26,102691.26,102685.74
623168.483823377,1760,102690.42,102637.18,102683.72,107469.22,102676.51,102702.24,102695.29,102689.77
623168.504260007,1761,102689.35,102639.32,102685.82,107470.99,102676.51,102686.14,102703.36,102687.67
623168.524948159,1762,102690.42,102634.2,102688.79,107464.73,102677.57,102685.07,102702.29,102683.65
623168.545293111,1763,102693.36,102631.22,102688.79,107472.12,102680.54,102690.16,102697.44,102687.67
623168.565890055,1764,102688.27,102638.25,102688.79,107466.98,102668.44,102702.24,102705.52,102696.77
623168.586332464,1765,102693.36,102640.39,102682.67,107475.01,102677.57,102693.12,102699.33,102696.77
623168.610688676,1766,102685.34,102635.27,102683.72,107469.22,102670.35,102695.26,102695.56,102688.72
623168.631232078,1767,102690.13,102638.25,102689.84,107468.1,102672.48,102693.12,102703.36,102684.7
623168.652111669,1768,102689.35,102632.06,102690.89,107473.24,102672.48,102698.21,102704.44,102691.7
623168.672181445,1769,102689.35,102646.34,102682.67,107476.14,102670.35,102685.07,102699.33,102693.79
623168.692992803,1770,102701.38,102634.2,102686.7,107464.73,102678.42,102695.26,102695.29,102689.6
623168.713438618,1771,102689.35,102634.2,102692.82,107466.98,102672.48,102699.28,102705.52,102686.63
623168.734115502,1772,102688.27,102639.32,102687.75,107464.08,102671.42,102688.02,102697.44,102687.67
623168.754302846,1773,102690.42,102631.22,102684.77,107475.01,102673.32,102690.16,102707.4,102703.77
623168.778645998,1774,102681.32,102639.32,102687.75,107470.99,102673.54,102702.24,102704.44,102692.74
623168.798810396,1775,102686.12,102637.18,102686.7,107466.98,102671.42,102686.14,102698.52,102691.7
623168.819830831,1776,102678.39,102633.13,102680.74,107460.71,102689.67,102701.17,102695.29,102688.72
623168.840253841,1777,102689.35,102636.11,102690.72,107470.99,102682.67,102700.36,102696.37,102691.7
623168.860916644,1778,102697.37,102629.08,102688.79,107464.73,102672.48,102686.14,102699.33,102692.74
623168.881374878,1779,102688.27,102639.32,102684.77,107472.12,102676.51,102687.21,102700.4,102695.72
623168.902009178,1780,102688.27,102636.11,102676.72,107468.1,102681.39,102699.28,102696.37,102689.77
623168.922456675,1781,102683.18,102632.06,102687.75,107466.98,102680.54,102687.21,102700.4,102687.67
623168.946659394,1782,102688.27,102646.34,102684.77,107466.98,102673.54,102696.33,102705.52,102687.67
623168.96677541,1783,102706.47,102635.27,102688.79,107466.98,102666.32,102686.14,102696.37,102687.67
623168.987840372,1784,102697.37,102635.27,102684.77,107470.99,102681.61,102695.26,102705.52,102680.67
623169.007893392,1785,102688.27,102633.13,102680.74,107462.96,102680.54,102696.33,102703.36,102689.77
623169.028798742,1786,102688.27,102639.32,102689.84,107463.6,102684.58,102689.09,102699.33,102689.77
623169.049210426,1787,102686.12,102634.2,102684.77,107468.1,102676.51,102695.26,102696.37,102691.7
623169.070034953,1788,102697.37,102639.32,102691.77,107472.12,102673.54,102695.26,102703.36,102695.72
623169.090227946,1789,102695.22,102638.25,102684.77,107475.01,102684.58,102696.33,102705.52,102687.67
623169.11411696,1790,102690.42,102634.2,102685.82,107462.96,102672.48,102692.31,102700.4,102687.67
623169.134766593,1791,102690.42,102635.27,102684.77,107468.75,102672.48,102683.19,102708.47,102693.63
623169.157711449,1792,102690.42,102638.25,102690.89,107468.1,102689.67,102685.07,102699.33,102687.67
623169.175904736,1793,102688.27,102640.39,102684.77,107470.99,102672.48,102695.26,102697.44,102689.77
623169.196889556,1794,102687.2,102633.13,102686.7,107465.85,102688.61,102695.26,102699.33,102693.63
623169.21701114,1795,102689.35,102639.32,102680.74,107462.96,102682.67,102708.4,102689.37,102684.7
623169.237936341,1796,102689.35,102639.32,102689.68,107470.99,102674.39,102695.26,102699.33,102682.6
623169.258017263,1797,102706.47,102642.29,102688.79,107466.98,102672.48,102707.33,102697.44,102689.6
623169.282121373,1798,102696.3,102637.18,102675.67,107466.98,102679.48,102692.05,102705.52,102697.81
623169.302724206,1799,102695.22,102645.27,102692.82,107475.01,102689.67,102711.36,102692.33,102691.7
623169.323176049,1800,102689.35,102639.32,102696.84,107468.75,102682.67,102703.31,102697.44,102687.67
623169.343919875,1801,102693.36,102637.18,102688.79,107462.96,102675.45,102694.19,102698.52,102691.7
623169.364291868,1802,102693.36,102630.15,102688.79,107468.75,102680.54,102694.19,102692.33,102687.67
623169.385156397,1803,102690.42,102633.13,102684.77,107479.03,102684.58,102687.21,102700.4,102696.77
623169.405347506,1804,102690.42,102638.25,102682.67,107465.2,102673.54,102686.14,102699.33,102689.77
623169.426062068,1805,102687.2,102638.25,102686.7,107462.96,102674.6,102689.09,102696.37,102692.74
623169.450143363,1806,102689.35,102632.06,102691.77,107468.1,102687.55,102692.05,102701.48,102697.81
623169.470817523,1807,102702.46,102631.22,102680.74,107470.99,102678.42,102695.26,102700.4,102696.77
623169.491265181,1808,102687.2,102631.22,102696.84,107465.85,102686.49,102695.26,102701.48,102688.72
623169.511858749,1809,102685.34,102639.32,102684.77,107475.01,102680.54,102693.12,102705.52,102696.77
623169.532291665,1810,102690.42,102634.2,102683.72,107475.01,102684.58,102691.23,102705.52,102689.77
623169.552927757,1811,102690.42,102631.22,102688.79,107470.99,102676.51,102687.21,102704.44,102685.74
623169.57339869,1812,102690.42,102635.27,102686.7,107475.01,102683.51,102695.26,102691.26,102691.7
623169.594038088,1813,102689.35,102642.29,102681.79,107462.96,102680.54,102696.33,102701.48,102687.67
623169.618153154,1814,102688.27,102632.29,102680.74,107470.99,102668.44,102696.33,102700.4,102687.67
623169.638788976,1815,102692.28,102638.25,102690.72,107464.08,102680.54,102695.26,102701.48,102693.79
623169.659212077,1816,102706.47,102646.34,102690.72,107479.03,102676.51,102692.31,102704.44,102691.7
623169.679912657,1817,102683.18,102645.27,102688.79,107472.12,102679.48,102689.09,102691.26,102691.7
623169.700269067,1818,102685.34,102634.2,102678.65,107464.08,102680.54,102694.19,102703.36,102693.79
623169.720901814,1819,102700.31,102637.18,102676.72,107470.99,102680.54,102694.19,102700.4,102691.7
623169.741338465,1820,102684.26,102645.27,102684.77,107479.03,102683.51,102693.12,102691.52,102687.67
623169.76195587,1821,102698.45,102646.34,102682.67,107470.99,102671.42,102698.21,102695.29,102697.81
623169.786145138,1822,102687.2,102627.17,102680.74,107465.85,102678.42,102684.0,102701.48,102687.67
623169.806769774,1823,102684.26,102638.25,102681.79,107473.89,102670.35,102701.43,102687.22,102687.67
623169.827193585,1824,102688.27,102631.22,102684.77,107464.08,102678.64,102695.26,102695.29,102683.65
623169.847847776,1825,102698.45,102629.08,102691.77,107475.01,102671.42,102698.21,102700.4,102695.72
623169.868340281,1826,102686.41,102640.39,102676.72,107462.96,102677.57,102692.31,102692.33,102692.74
623169.888973359,1827,102705.4,102637.18,102684.77,107473.24,102675.45,102691.23,102699.33,102689.77
623169.909385913,1828,102705.4,102645.51,102692.82,107462.96,102676.51,102685.07,102697.44,102695.72
623169.933695775,1829,102690.42,102633.13,102693.86,107470.99,102676.51,102698.21,102704.44,102677.53
623169.954191375,1830,102689.35,102635.27,102687.75,107470.99,102672.48,102690.16,102704.44,102691.7
623169.974967029,1831,102692.28,102635.27,102688.79,107461.83,102680.54,102691.23,102704.44,102695.72
623169.995268525,1832,102693.36,102637.18,102696.84,107454.92,102674.6,102704.38,102694.22,102688.72
623170.015876796,1833,102680.25,102647.41,102690.72,107462.96,102682.67,102695.26,102695.29,102692.74
623170.036331494,1834,102685.34,102639.32,102682.67,107464.08,102670.35,102687.21,102703.36,102681.72
623170.05702242,1835,102693.36,102639.32,102683.72,107466.98,102673.54,102699.28,102699.33,102679.63
623170.077621487,1836,102674.08,102639.32,102696.84,107468.75,102677.57,102695.26,102696.37,102688.72
623170.101732106,1837,102696.3,102639.32,102692.82,107470.99,102668.44,102699.28,102702.29,102687.67
623170.122156078,1838,102686.12,102637.18,102684.77,107460.71,102681.61,102683.19,102701.21,102687.67
623170.142794474,1839,102686.12,102643.37,102684.77,107453.8,102680.54,102695.26,102699.33,102679.63
623170.163242963,1840,102688.27,102626.1,102684.77,107470.99,102689.67,102687.21,102704.44,102693.79
623170.18393437,1841,102689.35,102634.2,102682.67,107464.73,102686.49,102699.28,102700.4,102688.72
623170.204361316,1842,102704.32,102635.27,102691.77,107460.71,102680.54,102693.12,102703.36,102695.72
623170.22500463,1843,102698.45,102631.22,102676.72,107462.96,102680.54,102697.14,102699.33,102689.77
623170.245791851,1844,102692.28,102633.13,102682.67,107470.99,102664.41,102695.26,102695.29,102683.65
623170.269711321,1845,102696.3,102647.41,102680.74,107468.75,102667.38,102702.24,102695.29,102679.63
623170.289755108,1846,102685.34,102642.29,102692.82,107468.75,102684.58,102694.19,102696.37,102687.67
623170.310803264,1847,102680.25,102643.37,102686.7,107464.08,102676.51,102695.26,102695.29,102691.7
623170.330864617,1848,102690.42,102638.25,102682.67,107470.99,102684.58,102691.23,102703.36,102688.72
623170.351897891,1849,102688.27,102635.27,102684.77,107472.12,102677.57,102691.23,102705.52,102683.65
623170.372415204,1850,102698.45,102630.15,102680.74,107469.87,102676.51,102685.07,102699.33,102681.72
623170.393249977,1851,102698.45,102623.12,102676.72,107464.73,102674.6,102694.19,102704.44,102695.72
623170.413389488,1852,102698.45,102639.32,102692.82,107470.99,102673.54,102695.26,102695.29,102700.79
623170.437156999,1853,102685.34,102647.41,102688.79,107475.01,102688.61,102694.19,102699.33,102697.81
623170.457749576,1854,102689.35,102637.18,102681.79,107468.75,102678.42,102690.16,102703.36,102683.65
623170.478223082,1855,102685.34,102642.29,102689.84,107466.98,102689.67,102695.26,102693.14,102691.7
623170.498906106,1856,102697.37,102647.41,102692.82,107476.78,102681.61,102691.23,102691.26,102689.6
623170.519918538,1857,102682.11,102631.22,102684.77,107479.03,102680.54,102699.28,102697.44,102679.63
623170.539924087,1858,102693.36,102635.27,102680.74,107470.52,102685.64,102688.28,102697.44,102687.67
623170.560960405,1859,102695.22,102638.25,102680.74,107472.77,102682.67,102694.19,102697.44,102690.81
623170.580990942,1860,102683.18,102632.29,102686.7,107472.12,102684.58,102699.28,102700.4,102688.72
623170.605172469,1861,102688.27,102631.22,102686.7,107468.1,102686.49,102686.14,102696.37,102694.67
623170.625772407,1862,102684.26,102631.22,102684.77,107470.99,102676.51,102693.12,102695.29,102692.74
623170.646215468,1863,102688.27,102627.17,102690.89,107472.12,102681.61,102693.12,102705.52,102693.79
623170.666872452,1864,102689.35,102628.24,102690.89,107472.12,102680.54,102685.07,102713.59,102681.72
623170.687322553,1865,102690.42,102635.27,102693.86,107453.8,102676.51,102699.28,102704.44,102688.72
623170.707947319,1866,102690.42,102643.37,102692.82,107468.75,102675.45,102691.23,102692.33,102682.6
623170.728398722,1867,102686.12,102638.25,102684.77,107466.98,102670.35,102698.21,102704.44,102693.79
623170.74904533,1868,102687.2,102637.18,102680.74,107464.73,102670.35,102698.21,102703.36,102691.7
623170.773157523,1869,102697.37,102641.22,102688.79,107460.71,102684.58,102685.07,102696.37,102683.65
623170.794241163,1870,102693.36,102634.2,102692.82,107468.75,102672.48,102691.23,102700.4,102689.77
623170.814277528,1871,102693.36,102639.32,102689.84,107475.01,102680.54,102696.33,102700.4,102696.77
623170.834950627,1872,102702.46,102637.18,102688.79,107468.75,102677.57,102693.12,102698.52,102695.72
623170.855334157,1873,102690.42,102639.32,102674.63,107464.73,102669.51,102695.26,102703.36,102688.72
623170.875951031,1874,102690.42,102639.32,102684.77,107472.77,102677.57,102694.19,102697.44,102688.72
623170.896394632,1875,102688.27,102637.18,102685.82,107468.75,102675.45,102690.16,102696.37,102693.79
623170.917147622,1876,102684.26,102643.37,102689.84,107468.75,102673.54,102697.14,102703.36,102695.72
623170.941179643,1877,102689.35,102631.22,102679.7,107461.83,102680.54,102693.12,102696.37,102688.72
623170.961835525,1878,102691.21,102627.17,102681.79,107464.73,102672.48,102687.21,102701.48,102696.77
623170.982271986,1879,102678.39,102639.32,102684.77,107472.77,102671.42,102691.23,102696.37,102691.7
623171.002910362,1880,102692.28,102638.25,102692.82,107464.73,102676.51,102712.43,102700.4,102687.67
623171.023396107,1881,102688.27,102640.39,102683.72,107464.73,102670.35,102703.31,102698.25,102695.72
623171.043969725,1882,102689.35,102635.27,102679.7,107464.73,102681.61,102693.12,102687.22,102693.79
623171.064415801,1883,102690.42,102646.34,102688.79,107470.99,102681.61,102695.26,102700.4,102679.63
623171.085033516,1884,102692.28,102638.25,102676.72,107469.87,102682.67,102691.23,102699.33,102691.7
623171.109180641,1885,102693.36,102631.22,102692.82,107468.75,102684.58,102690.16,102704.44,102690.65
623171.129892007,1886,102697.37,102630.15,102675.67,107468.75,102682.67,102694.19,102700.4,102691.7
623171.150264281,1887,102684.26,102627.17,102687.75,107473.24,102673.54,102694.19,102697.44,102692.74
623171.171065283,1888,102683.18,102627.17,102686.7,107472.77,102680.54,102696.33,102703.36,102691.7
623171.192508277,1889,102687.2,102635.27,102680.74,107466.98,102679.48,102693.12,102699.33,102683.65
623171.212237246,1890,102689.35,102633.36,102680.74,107472.12,102673.54,102695.26,102699.33,102695.72
623171.232390579,1891,102688.27,102638.25,102688.79,107475.01,102676.51,102699.28,102710.63,102681.56
623171.256731407,1892,102687.2,102637.18,102676.72,107469.87,102681.61,102695.26,102695.29,102698.7
623171.278091936,1893,102687.2,102633.13,102677.77,107470.99,102680.54,102695.26,102687.22,102683.65
623171.297873055,1894,102689.35,102643.37,102680.74,107468.75,102680.54,102695.26,102709.55,102694.67
623171.31837174,1895,102697.37,102633.13,102680.74,107468.75,102670.35,102696.33,102705.52,102688.72
623171.339022815,1896,102695.22,102630.15,102692.82,107468.75,102674.6,102687.21,102703.36,102689.77
623171.35941567,1897,102697.37,102643.37,102684.77,107468.75,102671.42,102692.31,102703.36,102695.72
623171.380072163,1898,102684.26,102629.08,102684.77,107475.01,102673.54,102685.07,102699.33,102695.72
623171.400437106,1899,102687.2,102631.22,102684.77,107469.87,102678.64,102691.23,102696.37,102688.72
623171.424745735,1900,102697.37,102642.29,102696.84,107470.52,102681.61,102702.24,102697.44,102695.72
623171.444849442,1901,102698.45,102643.37,102678.65,107476.78,102676.51,102694.19,102703.36,102688.72
623171.465828013,1902,102693.36,102634.2,102677.77,107464.73,102675.45,102689.09,102691.26,102697.81
623171.485932582,1903,102684.26,102638.25,102687.75,107465.85,102687.55,102697.14,102703.36,102691.7
623171.506979035,1904,102683.18,102635.27,102688.79,107470.99,102682.67,102698.21,102704.44,102683.65
623171.52733258,1905,102688.27,102639.32,102684.77,107473.89,102671.42,102690.16,102696.37,102686.63
623171.547998138,1906,102696.3,102631.22,102679.7,107462.96,102674.6,102689.09,102695.29,102686.63
623171.568450563,1907,102686.12,102635.27,102684.77,107469.87,102672.48,102694.19,102697.18,102691.7
623171.592757049,1908,102691.21,102634.2,102693.86,107458.94,102676.51,102687.21,102696.37,102679.63
623171.612774495,1909,102689.35,102645.51,102684.77,107468.75,102676.51,102695.26,102700.4,102679.63
623171.633838075,1910,102700.31,102639.32,102688.79,107464.73,102680.54,102693.38,102701.48,102686.63
623171.653898146,1911,102697.37,102639.32,102676.72,107479.03,102673.54,102697.14,102693.41,102685.58
623171.674934294,1912,102687.2,102633.13,102692.82,107476.14,102679.48,102693.12,102699.33,102691.7
623171.695309522,1913,102687.2,102630.15,102684.77,107468.75,102689.67,102692.05,102696.37,102680.67
623171.715978014,1914,102689.35,102635.27,102682.84,107475.01,102672.48,102694.19,102705.52,102686.63
623171.736467495,1915,102689.35,102639.32,102692.82,107479.03,102672.48,102689.09,102705.52,102687.67
623171.760171299,1916,102696.3,102635.27,102680.74,107476.78,102679.48,102693.12,102703.36,102691.7
623171.78079325,1917,102688.27,102640.39,102686.7,107473.89,102684.58,102693.12,102696.37,102693.79
623171.801246336,1918,102700.31,102637.18,102692.82,107468.75,102680.54,102687.21,102691.26,102687.67
623171.821852293,1919,102681.32,102631.22,102685.82,107470.99,102672.48,102703.31,102696.37,102699.74
623171.843131849,1920,102684.26,102630.15,102676.72,107468.75,102684.58,102702.24,102700.4,102691.7
623171.86313234,1921,102694.44,102641.22,102689.84,107464.73,102670.35,102695.26,102695.29,102683.65
623171.884242631,1922,102697.37,102634.2,102688.79,107469.87,102668.44,102695.26,102700.4,102687.67
623171.904075938,1923,102687.2,102631.22,102684.77,107475.66,102678.64,102702.24,102708.47,102687.67
623171.928179337,1924,102689.35,102639.32,102692.82,107468.75,102676.51,102683.19,102705.52,102692.74
623171.948812416,1925,102689.35,102639.32,102689.84,107470.99,102687.55,102687.21,102697.44,102689.77
623171.96932387,1926,102694.14,102642.29,102684.77,107464.73,102671.42,102686.14,102689.37,102693.63
623171.989988355,1927,102689.35,102631.22,102686.86,107464.73,102679.48,102700.36,102699.33,102680.67
623172.010371085,1928,102688.27,102647.41,102688.79,107468.75,102680.54,102695.26,102712.51,102686.63
623172.031109252,1929,102688.27,102630.15,102676.72,107464.73,102665.26,102695.26,102691.26,102695.72
623172.051436147,1930,102689.35,102639.32,102687.75,107469.87,102677.57,102693.12,102693.41,102683.65
623172.072107763,1931,102688.27,102631.22,102687.75,107472.12,102672.48,102698.21,102692.33,102683.65
623172.096220116,1932,102688.27,102635.27,102682.67,107464.73,102670.35,102698.21,102709.55,102700.79
623172.11690371,1933,102690.42,102638.25,102688.79,107470.99,102680.54,102691.23,102702.29,102691.7
623172.137317146,1934,102689.35,102634.2,102680.74,107468.75,102684.58,102689.35,102689.37,102695.72
623172.15792131,1935,102700.31,102647.41,102684.77,107456.69,102680.54,102687.21,102695.29,102679.63
623172.178464583,1936,102692.28,102634.2,102690.72,107461.83,102670.35,102685.07,102701.48,102698.7
623172.199062808,1937,102688.27,102631.22,102696.84,107475.01,102672.48,102687.21,102705.52,102687.67
623172.219446429,1938,102689.35,102635.27,102681.79,107464.73,102680.54,102691.23,102697.44,102687.67
623172.240083853,1939,102689.35,102630.15,102680.74,107470.99,102668.44,102698.21,102704.44,102686.63
623172.264245661,1940,102698.45,102635.27,102688.79,107472.77,102685.64,102687.21,102694.22,102682.6
623172.284808693,1941,102687.2,102631.22,102689.84,107473.89,102675.45,102695.26,102701.48,102688.72
623172.305389842,1942,102697.37,102635.27,102692.82,107461.83,102680.54,102697.14,102695.29,102692.74
623172.325965113,1943,102689.35,102639.32,102688.79,107479.03,102678.42,102698.21,102695.29,102687.67
623172.346429005,1944,102697.37,102635.27,102680.74,107468.75,102679.48,102695.26,102689.37,102685.58
623172.367294014,1945,102687.2,102639.32,102683.72,107472.77,102674.39,102696.33,102703.36,102699.74
623172.387339744,1946,102703.24,102638.25,102683.72,107470.99,102671.42,102696.33,102693.41,102683.65
623172.411748004,1947,102699.23,102647.41,102692.82,107467.62,102676.51,102695.26,102704.44,102693.63
623172.432262893,1948,102687.2,102640.39,102688.79,107466.98,102673.54,102706.26,102702.29,102681.56
623172.452847899,1949,102700.31,102650.63,102692.82,107479.03,102681.61,102695.26,102699.33,102687.67
623172.473284159,1950,102686.12,102639.32,102692.82,107472.77,102675.45,102691.23,102696.37,102700.79
623172.494310652,1951,102679.17,102643.37,102691.77,107468.75,102676.51,102695.26,102699.33,102679.63
623172.514363162,1952,102689.35,102636.34,102686.7,107469.87,102672.48,102701.43,102711.43,102695.72
623172.535126217,1953,102691.21,102635.27,102692.82,107470.99,102672.48,102698.21,102695.29,102688.72
623172.555453021,1954,102682.11,102640.39,102690.72,107468.75,102673.54,102695.26,102700.4,102691.7
623172.579763073,1955,102698.45,102635.27,102682.67,107470.99,102672.48,102688.28,102696.37,102695.72
623172.600224471,1956,102689.35,102639.32,102684.77,107472.77,102672.48,102700.36,102705.52,102691.7
623172.620858231,1957,102696.3,102643.37,102686.7,107469.22,102679.48,102695.26,102704.44,102688.72
623172.643158531,1958,102696.3,102635.27,102675.67,107468.75,102681.61,102695.26,102704.44,102687.67
623172.661965146,1959,102674.08,102639.32,102684.77,107476.78,102670.35,102694.19,102698.25,102683.65
623172.684184143,1960,102688.27,102635.27,102692.82,107464.73,102673.54,102693.12,102694.22,102679.63
623172.703169819,1961,102690.13,102631.22,102690.72,107464.73,102672.48,102694.19,102695.29,102691.7
623172.723630606,1962,102688.27,102644.44,102674.63,107475.01,102682.67,102687.21,102696.37,102686.63
623172.74775671,1963,102693.07,102643.37,102686.86,107470.99,102680.54,102695.26,102703.36,102697.81
623172.768244088,1964,102688.27,102643.37,102680.74,107458.94,102676.51,102697.14,102702.29,102686.63
623172.788888493,1965,102696.3,102639.32,102685.82,107457.81,102676.51,102690.16,102699.33,102695.72
623172.809294898,1966,102692.28,102631.22,102683.72,107470.99,102686.7,102694.19,102692.33,102697.81
623172.830061538,1967,102686.12,102641.46,102688.79,107470.99,102684.58,102694.19,102701.21,102679.63
623172.850536717,1968,102695.22,102637.18,102684.77,107470.99,102676.51,102699.28,102696.37,102691.7
623172.871049924,1969,102690.13,102632.29,102692.82,107466.98,102676.51,102699.28,102704.44,102696.77
623172.891436469,1970,102690.13,102623.12,102694.91,107472.77,102672.48,102702.24,102703.36,102687.67
623172.915824088,1971,102692.28,102631.22,102687.75,107468.75,102678.42,102701.43,102695.29,102687.67
623172.935833062,1972,102690.42,102639.32,102692.82,107479.03,102678.42,102703.31,102699.33,102683.65
623172.956899435,1973,102684.26,102639.32,102688.79,107472.77,102680.54,102690.16,102696.37,102696.77
623172.976918405,1974,102700.31,102630.15,102676.72,107476.78,102676.51,102685.07,102705.52,102696.77
623172.997963626,1975,102705.4,102634.2,102688.79,107466.5,102678.42,102692.05,102699.33,102688.72
623173.018059402,1976,102687.2,102647.41,102704.89,107468.75,102683.51,102692.31,102697.44,102695.72
623173.039282162,1977,102695.22,102630.15,102684.77,107468.75,102682.45,102692.31,102697.44,102687.67
623173.059322463,1978,102687.2,102630.15,102688.79,107473.89,102676.51,102691.23,102697.44,102695.72
623173.083229745,1979,102680.25,102639.32,102684.77,107468.75,102670.35,102694.19,102703.36,102689.6
623173.103901802,1980,102691.21,102636.34,102676.72,107473.89,102672.48,102688.28,102696.37,102686.63
623173.124273505,1981,102689.35,102634.2,102679.7,107468.75,102680.54,102695.26,102701.48,102681.56
623173.144940945,1982,102689.35,102639.32,102684.77,107466.98,102681.61,102693.12,102696.37,102688.72
623173.166062903,1983,102691.21,102639.32,102684.77,107468.75,102680.54,102695.26,102711.43,102695.72
623173.186088191,1984,102686.12,102635.27,102680.74,107462.48,102686.49,102686.14,102703.36,102679.63
623173.207213004,1985,102697.37,102635.27,102683.72,107470.99,102676.51,102685.07,102695.29,102695.72
623173.227839051,1986,102697.37,102633.36,102686.86,107465.85,102664.41,102689.09,102695.29,102695.72
623173.251232826,1987,102687.2,102639.32,102688.79,107470.99,102676.51,102693.12,102701.48,102696.77
623173.271834717,1988,102704.32,102635.27,102693.86,107470.99,102673.54,102687.21,102705.52,102691.7
623173.292366662,1989,102689.35,102635.27,102685.82,107470.99,102668.44,102685.07,102695.29,102687.67
623173.31296643,1990,102696.3,102631.22,102684.77,107468.75,102680.54,102683.19,102693.41,102687.67
623173.333404383,1991,102689.35,102646.34,102680.74,107462.96,102680.54,102687.21,102698.52,102696.77
623173.354004992,1992,102696.3,102639.32,102686.7,107470.52,102684.58,102697.14,102700.4,102693.79
623173.37504746,1993,102696.3,102630.15,102696.84,107468.75,102676.51,102695.26,102698.25,102688.72
623173.395218759,1994,102695.22,102631.22,102688.79,107468.75,102678.64,102693.12,102688.3,102703.77
623173.41924432,1995,102695.22,102636.34,102686.86,107462.48,102672.48,102697.14,102699.33,102689.77
623173.439899031,1996,102688.27,102635.27,102676.72,107470.52,102674.6,102686.14,102700.4,102686.63
623173.460326448,1997,102698.15,102632.29,102684.77,107468.75,102683.51,102697.14,102704.44,102688.72
623173.481016783,1998,102697.37,102647.41,102680.74,107464.73,102674.39,102697.14,102696.37,102694.67
623173.502934294,1999,102687.2,102631.22,102687.75,107476.78,102668.44,102691.23,102703.36,102687.67
623173.522075525,2000,102686.12,102631.22,102677.6,107479.03,102672.48,102686.14,102703.36,102691.7
623173.542443061,2001,102686.12,102630.15,102675.67,107470.99,102676.51,102695.26,102703.36,102687.67
623173.563123131,2002,102695.22,102632.29,102688.79,107470.52,102674.6,102695.26,102700.4,102691.7
623173.587245018,2003,102700.31,102639.32,102692.82,107467.62,102672.48,102687.21,102694.22,102690.65
623173.607841861,2004,102687.2,102641.46,102684.77,107468.75,102681.61,102689.09,102697.44,102694.67
623173.628349349,2005,102686.12,102636.34,102686.7,107468.75,102684.58,102693.12,102700.4,102691.7
623173.648953223,2006,102686.12,102635.27,102687.75,107467.62,102672.48,102691.23,102695.29,102691.7
623173.669335001,2007,102700.31,102641.46,102691.77,107466.5,102672.48,102685.07,102703.36,102685.58
623173.690059938,2008,102686.12,102641.46,102691.77,107465.85,102680.54,102691.23,102707.4,102690.65
623173.71234138,2009,102686.12,102635.27,102686.7,107476.78,102680.54,102699.28,102709.55,102686.63
623173.734778868,2010,102695.22,102647.41,102689.84,107479.03,102672.48,102694.19,102701.48,102684.7
623173.755335631,2011,102691.21,102636.34,102695.79,107470.99,102680.54,102701.17,102707.4,102686.63
623173.775906695,2012,102693.36,102639.32,102676.72,107464.73,102674.39,102687.21,102709.55,102688.72
623173.796276996,2013,102687.2,102634.2,102688.79,107487.07,102680.54,102691.23,102703.36,102687.67
623173.816967711,2014,102697.37,102636.34,102679.7,107468.75,102681.61,102690.16,102691.26,102683.65
623173.837424643,2015,102702.46,102641.46,102692.82,107464.73,102673.54,102692.05,102696.37,102686.63
623173.85810366,2016,102687.2,102647.41,102688.79,107473.89,102673.54,102694.19,102701.48,102695.72
623173.878590207,2017,102686.12,102639.32,102685.65,107468.75,102683.51,102690.16,102700.4,102687.67
623173.902789,2018,102688.27,102644.44,102692.82,107468.75,102672.48,102699.28,102703.36,102695.72
623173.923279462,2019,102693.36,102641.46,102697.89,107468.75,102686.49,102690.16,102696.37,102691.7
623173.943903176,2020,102675.16,102648.49,102692.82,107468.75,102681.61,102694.19,102703.36,102695.72
623173.964329181,2021,102687.2,102639.32,102686.7,107472.77,102676.51,102686.14,102705.52,102687.67
623173.98519422,2022,102687.2,102637.41,102684.77,107479.03,102676.51,102695.26,102695.29,102688.72
623174.005641708,2023,102699.23,102632.29,102684.77,107463.6,102682.67,102695.26,102691.26,102686.63
623174.026167824,2024,102690.13,102632.29,102683.72,107468.75,102674.6,102700.36,102703.36,102690.65
623174.047208579,2025,102683.18,102627.17,102682.67,107468.75,102677.57,102695.26,102697.44,102696.77
623174.070792011,2026,102696.3,102637.41,102675.67,107460.71,102674.39,102695.26,102695.29,102695.72
623174.090946725,2027,102687.2,102635.27,102688.79,107476.78,102681.61,102697.14,102696.37,102683.65
623174.111902562,2028,102697.37,102637.18,102693.86,107469.87,102672.48,102695.26,102695.29,102695.72
623174.132033069,2029,102688.27,102637.18,102684.77,107472.77,102672.48,102699.28,102695.29,102677.53
623174.154157264,2030,102686.12,102634.2,102692.82,107472.77,102680.54,102695.26,102703.36,102687.67
623174.173366287,2031,102686.12,102639.32,102687.75,107475.01,102678.64,102699.28,102701.48,102696.77
623174.194053277,2032,102698.45,102639.32,102692.82,107464.73,102682.67,102696.33,102694.22,102686.63
623174.214500995,2033,102688.27,102639.32,102673.58,107463.6,102672.48,102691.23,102703.36,102687.67
623174.238823685,2034,102686.12,102637.41,102684.77,107468.75,102664.41,102698.21,102705.52,102683.65
623174.258873922,2035,102689.35,102643.37,102680.74,107468.75,102680.54,102691.23,102696.37,102687.67
623174.280020717,2036,102688.27,102639.32,102687.75,107468.75,102681.61,102691.23,102705.52,102693.63
623174.299997242,2037,102679.17,102635.27,102683.72,107468.75,102676.51,102687.21,102696.37,102690.65
623174.321061923,2038,102687.2,102639.32,102692.82,107465.85,102682.67,102695.26,102707.4,102678.58
623174.341426655,2039,102686.12,102635.27,102691.77,107466.5,102674.39,102693.12,102701.48,102688.72
623174.362007364,2040,102689.35,102635.27,102682.67,107466.5,102672.48,102695.26,102700.4,102696.77
623174.382719441,2041,102688.27,102637.41,102691.77,107468.75,102680.54,102697.14,102695.29,102683.65
623174.406302353,2042,102687.2,102632.29,102687.75,107465.37,102677.57,102694.19,102699.33,102690.65
623174.427028782,2043,102687.2,102631.22,102691.77,107475.66,102680.54,102697.4,102692.33,102681.72
623174.448007053,2044,102680.25,102632.29,102680.74,107472.77,102676.51,102685.07,102695.29,102690.65
623174.46800526,2045,102695.22,102635.27,102688.79,107462.96,102677.57,102690.16,102695.29,102678.58
623174.488994537,2046,102686.12,102639.32,102678.65,107464.73,102677.57,102694.19,102703.36,102688.72
623174.508966956,2047,102692.28,102643.37,102687.75,107471.64,102680.54,102693.12,102695.29,102695.72
623174.530191699,2048,102687.2,102632.29,102682.67,107480.8,102662.29,102695.26,102696.37,102690.65
623174.55009961,2049,102701.38,102639.32,102692.82,107467.62,102682.67,102689.09,102691.26,102685.58
623174.574297322,2050,102694.14,102641.46,102692.82,107467.62,102673.54,102695.26,102695.29,102697.81
623174.59489091,2051,102691.21,102640.39,102690.72,107467.62,102677.57,102702.24,102685.07,102687.67
623174.615396035,2052,102687.2,102641.46,102684.77,107466.5,102670.35,102702.24,102704.44,102685.58
623174.636163967,2053,102688.27,102639.32,102684.77,107466.98,102672.48,102694.19,102699.33,102695.72
623174.656446815,2054,102703.24,102631.22,102683.72,107476.78,102671.42,102695.26,102689.37,102699.74
623174.677138322,2055,102678.1,102642.29,102688.79,107475.66,102672.48,102691.23,102699.33,102695.72
623174.699071056,2056,102690.42,102640.39,102696.84,107472.77,102684.58,102693.12,102703.36,102692.74
623174.71924514,2057,102695.22,102641.46,102684.77,107468.75,102686.7,102694.19,102704.44,102696.77
623174.742352051,2058,102686.12,102633.36,102686.7,107468.75,102670.57,102682.11,102683.19,102687.67
623174.762938679,2059,102683.97,102631.22,102688.79,107468.75,102682.45,102685.07,102691.26,102687.67
623174.783333296,2060,102686.12,102641.46,102690.72,107472.77,102681.61,102698.21,102695.29,102695.72
623174.803971261,2061,102686.12,102640.39,102683.72,107465.37,102672.48,102685.07,102694.22,102695.72
623174.824730931,2062,102687.2,102631.22,102688.79,107475.01,102674.6,102693.12,102703.36,102691.7
623174.845232701,2063,102699.23,102639.32,102692.82,107464.73,102673.54,102699.28,102702.29,102691.7
623174.865788702,2064,102689.35,102641.46,102675.67,107475.01,102677.57,102691.23,102702.29,102696.77
623174.88615729,2065,102694.14,102639.32,102691.77,107476.78,102684.58,102686.14,102700.4,102689.6
623174.910309162,2066,102686.12,102630.15,102679.7,107470.99,102679.48,102685.07,102688.3,102691.7
623174.930963713,2067,102687.2,102648.49,102686.7,107476.78,102672.48,102687.21,102709.55,102692.74
623174.951360173,2068,102679.17,102631.22,102682.67,107472.77,102685.64,102690.16,102696.37,102689.77
623174.972014593,2069,102696.3,102640.39,102690.72,107467.62,102677.57,102691.23,102703.36,102689.6
623174.992462281,2070,102690.13,102642.53,102676.72,107468.75,102676.51,102695.26,102704.44,102680.67
623175.01320836,2071,102687.2,102632.29,102687.75,107467.62,102673.54,102699.28,102699.33,102687.67
623175.033502806,2072,102695.22,102640.39,102682.67,107464.73,102676.51,102695.26,102706.59,102693.63
623175.057817274,2073,102686.12,102631.22,102692.82,107470.52,102673.54,102695.26,102699.33,102687.67
623175.07829702,2074,102690.13,102637.41,102696.84,107472.77,102671.42,102703.31,102707.4,102688.72
623175.09891757,2075,102686.12,102628.24,102684.77,107459.59,102681.61,102687.21,102695.29,102694.67
623175.121062996,2076,102694.14,102631.22,102685.82,107468.75,102676.51,102695.26,102703.36,102690.65
623175.140052898,2077,102682.11,102632.29,102684.77,107468.75,102680.54,102691.23,102701.48,102686.63
623175.162376704,2078,102687.2,102637.41,102686.7,107469.87,102688.61,102692.31,102695.29,102689.6
623175.181150529,2079,102698.15,102632.29,102688.79,107460.71,102674.39,102695.26,102696.37,102689.6
623175.201609934,2080,102695.22,102631.22,102689.84,107470.99,102686.7,102685.07,102695.29,102691.7
623175.22582388,2081,102682.11,102624.19,102691.77,107468.75,102676.51,102694.19,102701.48,102690.65
623175.24635197,2082,102683.18,102627.17,102692.82,107465.85,102675.45,102686.14,102696.37,102695.72
623175.266891056,2083,102681.03,102639.32,102693.86,107472.77,102681.61,102691.23,102697.44,102694.67
623175.287543303,2084,102694.14,102641.46,102688.79,107475.66,102672.48,102686.14,102692.33,102695.72
623175.308292907,2085,102686.12,102635.27,102692.82,107468.75,102685.64,102694.19,102702.29,102687.67
623175.328655566,2086,102687.2,102639.32,102680.74,107458.46,102674.39,102691.23,102695.29,102694.67
623175.349416268,2087,102696.3,102632.29,102684.77,107480.8,102676.51,102687.21,102695.29,102687.67
623175.370256669,2088,102694.14,102639.32,102692.82,107463.6,102676.51,102687.21,102700.4,102688.72
623175.393830657,2089,102695.22,102642.53,102680.74,107472.77,102681.61,102691.23,102699.33,102687.67
623175.413973894,2090,102686.12,102644.44,102693.86,107483.7,102685.64,102705.19,102688.3,102691.7
623175.434998164,2091,102687.2,102631.22,102692.82,107468.75,102673.54,102695.26,102694.22,102690.65
623175.455426352,2092,102696.3,102631.22,102690.72,107467.62,102684.58,102687.21,102683.19,102699.74
623175.476080272,2093,102694.14,102636.34,102684.77,107468.75,102666.32,102686.14,102702.29,102685.58
623175.496626438,2094,102686.12,102632.29,102690.72,107462.48,102670.35,102693.12,102700.4,102685.58
623175.517222441,2095,102687.2,102639.32,102699.82,107470.52,102676.51,102694.19,102699.33,102684.53
623175.537579681,2096,102689.35,102636.34,102687.75,107468.75,102672.48,102687.21,102697.44,102686.63
623175.561892747,2097,102696.3,102628.24,102688.79,107473.89,102672.48,102686.14,102695.29,102690.65
623175.58190726,2098,102696.3,102633.36,102688.79,107464.73,102671.42,102689.35,102697.44,102689.6
623175.602912861,2099,102694.14,102643.37,102691.77,107474.54,102679.48,102693.12,102705.52,102691.7
623175.623341941,2100,102688.27,102631.22,102678.65,107477.91,102679.48,102691.23,102709.55,102695.72
623175.64431912,2101,102686.12,102639.32,102684.77,107472.77,102684.58,102695.26,102695.29,102685.74
623175.664428575,2102,102699.23,102640.39,102681.79,107476.78,102680.54,102691.23,102700.4,102686.63
623175.68509884,2103,102683.18,102635.27,102692.82,107472.77,102673.32,102701.17,102699.33,102683.65
623175.705610935,2104,102693.07,102640.39,102680.74,107468.75,102673.54,102694.19,102705.52,102685.58
623175.729261518,2105,102696.3,102631.22,102688.79,107476.78,102684.58,102698.21,102705.52,102701.67
623175.749930331,2106,102687.98,102642.29,102700.87,107476.78,102680.54,102694.19,102697.44,102685.58
623175.771052779,2107,102679.95,102641.46,102682.67,107468.75,102678.42,102699.28,102698.52,102693.63
623175.791091989,2108,102686.12,102637.41,102678.65,107466.5,102684.58,102685.07,102693.41,102691.7
623175.812114386,2109,102699.23,102632.29,102689.84,107467.62,102680.54,102695.26,102699.6,102687.67
623175.83210995,2110,102678.1,102641.46,102678.65,107472.77,102680.54,102695.26,102696.37,102694.67
623175.853129953,2111,102695.22,102647.41,102688.79,107472.77,102678.42,102696.33,102701.48,102687.67
623175.873628087,2112,102695.22,102639.32,102691.77,107468.75,102688.61,102701.17,102692.33,102686.63
623175.897300254,2113,102690.13,102629.31,102692.82,107468.75,102671.42,102686.14,102697.44,102677.53
623175.917957368,2114,102686.12,102640.39,102682.67,107469.87,102678.42,102685.07,102706.59,102687.67
623175.938344905,2115,102687.2,102631.22,102676.72,107459.59,102684.58,102698.21,102699.6,102695.72
623175.958999626,2116,102686.12,102639.32,102682.67,107464.73,102676.51,102702.24,102705.52,102686.63
623175.979429717,2117,102683.18,102635.27,102682.67,107476.78,102672.48,102697.14,102699.6,102686.63
623176.000091779,2118,102690.13,102631.22,102690.72,107474.54,102672.48,102695.26,102700.4,102693.63
623176.021119444,2119,102686.12,102632.29,102693.86,107466.5,102672.48,102691.23,102697.44,102682.6
623176.041138232,2120,102686.12,102635.27,102682.67,107472.77,102684.58,102695.26,102700.4,102689.6
623176.065304356,2121,102695.22,102641.46,102692.82,107468.75,102684.58,102697.4,102699.33,102687.67
623176.085980269,2122,102683.97,102631.22,102686.7,107472.77,102684.58,102695.26,102699.33,102685.58
623176.106425814,2123,102687.2,102645.51,102690.72,107468.75,102672.48,102695.26,102711.7,102695.72
623176.127141356,2124,102695.22,102641.46,102682.67,107470.52,102672.48,102691.23,102706.59,102689.77
623176.147455953,2125,102686.12,102647.41,102684.77,107472.77,102680.54,102685.07,102699.33,102695.72
623176.168924936,2126,102698.15,102632.29,102684.77,107466.5,102673.54,102686.14,102709.55,102694.67
623176.189187833,2127,102686.12,102635.27,102683.72,107468.75,102684.58,102687.21,102701.48,102695.72
623176.209059159,2128,102684.26,102637.41,102680.74,107472.77,102673.54,102699.28,102688.3,102687.67
623176.233350602,2129,102685.04,102631.22,102682.67,107474.54,102676.51,102691.23,102706.59,102691.7
623176.253975658,2130,102686.12,102634.2,102690.72,107466.5,102685.64,102691.23,102701.48,102685.58
623176.274431318,2131,102689.35,102640.39,102687.75,107472.77,102672.48,102689.35,102697.44,102685.58
623176.295150516,2132,102694.14,102636.34,102684.77,107475.66,102680.54,102693.12,102696.37,102691.7
623176.315626828,2133,102686.12,102635.27,102679.7,107470.52,102673.54,102695.26,102704.44,102694.67
623176.336307678,2134,102687.2,102637.41,102684.77,107468.75,102680.54,102687.21,102703.36,102684.7
623176.35671181,2135,102691.21,102633.36,102686.7,107468.75,102688.61,102695.26,102705.52,102677.53
623176.381929274,2136,102683.97,102639.32,102678.65,107465.37,102662.29,102699.28,102702.56,102687.67
623176.401331109,2137,102683.97,102640.39,102688.79,107467.62,102688.61,102705.19,102705.52,102693.63
623176.422003507,2138,102685.04,102637.41,102684.77,107466.5,102673.54,102690.16,102698.52,102677.53
623176.442386667,2139,102686.12,102641.46,102688.79,107476.78,102670.35,102695.26,102697.44,102694.67
623176.463033405,2140,102686.12,102635.27,102686.7,107470.52,102679.48,102688.02,102696.37,102687.67
623176.483529827,2141,102685.04,102637.41,102683.72,107470.52,102694.55,102687.21,102702.56,102691.7
623176.504186981,2142,102683.97,102637.18,102693.86,107475.66,102680.54,102692.31,102696.37,102695.72
623176.524620959,2143,102686.12,102643.37,102685.82,107466.5,102675.45,102695.26,102697.44,102687.67
623176.548866533,2144,102695.22,102637.18,102666.58,107467.62,102681.61,102694.19,102703.36,102685.58
623176.569320309,2145,102694.14,102643.37,102690.72,107472.77,102672.48,102687.21,102696.37,102685.58
623176.589979357,2146,102686.12,102641.46,102683.72,107469.39,102674.6,102699.28,102696.37,102686.63
623176.610444531,2147,102686.12,102640.39,102692.82,107466.5,102678.42,102695.26,102695.29,102687.67
623176.633288143,2148,102694.14,102636.34,102692.82,107475.66,102676.51,102705.45,102702.56,102689.6
623176.651598868,2149,102689.35,102632.29,102690.72,107474.54,102680.54,102691.23,102704.44,102685.58
623176.672150533,2150,102683.18,102640.39,102686.7,107471.64,102676.51,102695.26,102699.33,102687.67
623176.692743851,2151,102686.12,102632.29,102692.82,107474.54,102672.48,102691.23,102693.41,102683.65
623176.716884536,2152,102687.2,102637.41,102692.82,107466.5,102680.54,102696.33,102697.44,102691.7
623176.737328898,2153,102678.1,102636.34,102692.82,107478.55,102680.54,102711.36,102703.36,102687.67
623176.758020035,2154,102686.12,102637.41,102688.79,107463.6,102677.57,102691.23,102699.33,102694.67
623176.778498929,2155,102690.13,102632.29,102684.77,107470.52,102672.48,102689.09,102700.4,102693.63
623176.799448997,2156,102687.2,102632.29,102684.77,107466.5,102682.67,102706.26,102697.44,102687.67
623176.819513144,2157,102683.18,102636.34,102686.7,107466.5,102672.48,102687.21,102697.44,102696.77
623176.840125812,2158,102686.12,102639.32,102686.7,107477.91,102678.42,102695.26,102702.56,102701.67
623176.860564896,2159,102686.12,102635.27,102689.84,107467.62,102673.54,102701.17,102696.37,102690.65
623176.884888198,2160,102683.18,102640.39,102685.82,107472.77,102680.54,102686.14,102698.25,102695.72
623176.904923622,2161,102691.99,102631.22,102680.74,107472.77,102672.48,102695.26,102700.4,102691.7
623176.926023737,2162,102686.12,102623.12,102685.82,107471.64,102678.42,102691.23,102698.52,102686.63
623176.946427327,2163,102686.12,102631.22,102670.6,107461.36,102674.6,102694.19,102700.4,102689.6
623176.967176561,2164,102687.2,102641.46,102686.7,107468.75,102687.55,102704.38,102694.48,102685.58
623176.987514373,2165,102698.15,102633.36,102686.7,107472.77,102682.67,102691.23,102691.26,102693.63
623177.008214322,2166,102686.12,102637.41,102684.77,107466.5,102670.35,102689.09,102695.29,102681.56
623177.028628839,2167,102686.12,102643.37,102694.75,107466.5,102672.48,102703.31,102696.37,102698.7
623177.052320736,2168,102686.12,102635.27,102692.82,107473.89,102673.32,102703.31,102689.37,102687.67
623177.073029949,2169,102690.13,102641.46,102687.75,107466.5,102684.58,102695.26,102701.48,102695.72
623177.093978855,2170,102682.11,102635.27,102692.82,107474.54,102671.42,102695.26,102696.37,102687.67
623177.114194131,2171,102690.13,102633.36,102682.67,107470.52,102672.48,102696.33,102717.62,102693.63
623177.135217339,2172,102696.3,102643.37,102686.7,107466.5,102680.54,102685.07,102705.52,102686.63
623177.155238091,2173,102686.12,102637.41,102683.72,107470.52,102677.57,102689.09,102701.48,102689.77
623177.177261553,2174,102691.99,102633.36,102682.67,107473.41,102673.54,102694.19,102700.4,102686.63
623177.196537067,2175,102682.11,102641.46,102690.72,107467.62,102663.35,102695.26,102706.59,102691.7
623177.222067174,2176,102686.12,102641.46,102692.82,107466.5,102683.51,102697.14,102688.3,102695.72
623177.241147463,2177,102694.14,102640.39,102683.72,107468.75,102672.48,102689.09,102695.29,102701.67
623177.261551324,2178,102686.12,102637.41,102682.67,107472.77,102680.54,102695.26,102701.48,102694.67
623177.282031962,2179,102695.22,102639.32,102684.77,107482.57,102672.48,102688.28,102701.48,102689.6
623177.302541533,2180,102686.12,102640.39,102687.75,107467.62,102675.45,102694.19,102701.48,102685.58
623177.323204927,2181,102698.15,102635.5,102687.75,107474.54,102681.61,102694.19,102697.44,102686.63
623177.344114153,2182,102700.31,102641.46,102692.82,107472.77,102671.42,102699.28,102703.36,102687.67
623177.364243238,2183,102688.27,102639.32,102687.75,107474.54,102672.48,102691.23,102697.44,102690.65
623177.388334799,2184,102675.16,102640.39,102688.79,107475.66,102673.54,102695.26,102700.4,102685.58
623177.408967167,2185,102695.22,102644.44,102688.79,107476.78,102680.54,102695.26,102696.37,102689.6
623177.429419681,2186,102678.1,102633.36,102691.77,107473.41,102677.57,102694.19,102688.3,102685.58
623177.45005963,2187,102683.97,102631.22,102684.77,107480.8,102671.42,102695.26,102695.29,102695.72
623177.470558715,2188,102698.15,102627.17,102691.77,107472.77,102673.54,102699.28,102705.52,102689.6
623177.491117321,2189,102687.2,102636.34,102679.7,107472.29,102676.51,102691.23,102703.36,102695.72
623177.511564838,2190,102686.12,102628.24,102678.65,107466.5,102672.48,102692.31,102695.56,102693.63
623177.535902742,2191,102703.24,102636.34,102682.67,107468.75,102676.51,102687.21,102696.37,102691.7
623177.556380184,2192,102691.21,102632.29,102678.65,107472.77,102680.54,102693.12,102704.44,102690.65
623177.576976437,2193,102688.27,102635.27,102692.82,107474.54,102681.61,102690.16,102709.55,102685.58
623177.597488872,2194,102694.44,102631.22,102686.7,107473.41,102681.61,102690.16,102697.44,102694.67
623177.61818775,2195,102686.12,102637.41,102695.79,107468.27,102675.45,102689.09,102702.56,102686.63
623177.638540945,2196,102696.0,102642.53,102684.77,107472.77,102679.48,102693.38,102708.47,102685.58
623177.659235135,2197,102685.04,102636.34,102689.84,107474.54,102680.54,102689.09,102697.44,102685.58
623177.679570813,2198,102687.2,102637.41,102682.67,107470.52,102688.61,102689.09,102697.44,102681.56
623177.703901626,2199,102695.22,102642.53,102688.79,107474.54,102682.45,102696.33,102699.33,102694.67
623177.724418849,2200,102695.22,102633.36,102692.82,107466.5,102673.54,102691.23,102688.3,102689.6
623177.745022893,2201,102687.2,102638.48,102678.65,107466.5,102674.39,102695.26,102689.37,102697.65
623177.765460325,2202,102689.35,102649.56,102684.77,107470.52,102674.6,102686.14,102705.52,102698.7
623177.786149148,2203,102699.23,102631.22,102692.82,107466.5,102675.45,102690.16,102696.37,102689.6
623177.80660608,2204,102687.2,102629.31,102691.77,107479.68,102670.35,102695.26,102705.52,102685.58
623177.82717473,2205,102682.89,102629.31,102688.79,107479.68,102678.64,102691.23,102706.59,102690.65
623177.847553474,2206,102683.97,102639.32,102684.77,107468.75,102668.44,102693.12,102701.48,102690.65
623177.871897536,2207,102693.07,102623.12,102687.75,107478.55,102680.54,102695.26,102705.52,102690.65
623177.892368009,2208,102696.0,102633.36,102682.67,107466.5,102682.67,102695.26,102703.36,102685.58
623177.912973425,2209,102686.12,102641.46,102687.75,107472.77,102670.35,102693.12,102708.47,102695.72
623177.93352512,2210,102682.89,102626.33,102692.82,107468.75,102676.51,102695.26,102698.25,102681.56
623177.954160972,2211,102695.22,102633.36,102674.63,107466.5,102682.67,102693.38,102697.44,102685.58
623177.974584874,2212,102691.99,102629.31,102691.77,107472.77,102686.7,102696.33,102696.37,102703.77
623177.995360007,2213,102691.21,102636.34,102692.82,107467.62,102679.48,102693.12,102701.48,102693.63
623178.015780273,2214,102691.99,102631.22,102688.79,107470.52,102684.58,102684.26,102695.29,102687.67
623178.039903802,2215,102702.17,102631.22,102678.65,107476.78,102684.58,102695.26,102700.4,102693.63
623178.060410039,2216,102685.04,102632.29,102676.72,107466.5,102688.61,102699.28,102698.52,102685.58
623178.080964648,2217,102682.11,102631.22,102684.77,107466.5,102672.48,102690.16,102697.44,102694.67
623178.10160058,2218,102702.17,102632.29,102680.74,107470.52,102672.48,102700.36,102697.44,102703.77
623178.122156692,2219,102694.14,102638.48,102679.7,107469.39,102674.6,102699.28,102692.33,102689.6
623178.142661927,2220,102690.13,102636.34,102684.77,107467.62,102682.67,102699.28,102693.41,102691.7
623178.163207132,2221,102694.14,102640.39,102681.63,107462.48,102681.61,102695.26,102695.56,102686.63
623178.183593637,2222,102682.11,102633.36,102685.82,107472.29,102674.6,102699.28,102695.29,102689.77
623178.207980615,2223,102698.15,102634.43,102684.77,107478.55,102665.47,102698.21,102693.41,102694.67
623178.228577558,2224,102683.18,102633.36,102688.79,107466.5,102672.48,102703.31,102695.29,102687.67
623178.249053198,2225,102686.12,102639.55,102683.72,107466.5,102684.58,102695.26,102712.51,102687.67
623178.269528297,2226,102694.14,102638.48,102690.72,107474.54,102673.54,102695.26,102697.44,102695.72
623178.290287236,2227,102691.99,102629.31,102688.79,107474.54,102673.54,102695.26,102704.44,102694.67
623178.310685539,2228,102686.12,102629.31,102674.63,107470.52,102688.61,102688.02,102696.37,102695.72
623178.331302813,2229,102687.98,102640.39,102692.82,107478.55,102672.48,102691.23,102695.29,102694.67
623178.351815258,2230,102687.98,102635.27,102682.67,107471.64,102673.54,102691.23,102696.37,102693.63
623178.375346201,2231,102694.14,102645.51,102692.82,107474.54,102672.48,102695.26,102700.4,102695.72
623178.396094083,2232,102687.2,102635.27,102680.74,107470.52,102678.64,102696.33,102702.29,102686.63
623178.417038652,2233,102698.15,102641.46,102688.79,107470.52,102688.61,102690.16,102695.29,102686.63
623178.437352157,2234,102685.04,102628.24,102688.79,107469.39,102673.54,102695.26,102705.52,102691.7
623178.458172949,2235,102678.1,102631.22,102691.77,107470.52,102681.61,102685.07,102701.48,102685.58
623178.478349787,2236,102694.14,102640.39,102686.7,107466.5,102680.54,102693.12,102703.36,102683.49
623178.499533659,2237,102693.07,102641.46,102685.65,107471.64,102672.48,102695.26,102694.22,102685.58
623178.519627401,2238,102690.13,102636.34,102682.67,107473.41,102690.74,102691.23,102695.29,102686.63
623178.543387971,2239,102687.2,102637.41,102683.72,107472.77,102672.48,102692.31,102700.4,102693.63
623178.564025806,2240,102694.14,102633.36,102692.82,107474.54,102670.57,102694.19,102699.33,102697.65
623178.58443168,2241,102694.14,102636.34,102690.72,107474.54,102676.51,102695.26,102703.36,102684.53
623178.60514478,2242,102700.31,102638.48,102674.63,107470.52,102672.48,102695.26,102696.37,102701.84
623178.625524244,2243,102694.14,102640.39,102691.77,107465.37,102676.51,102681.3,102699.33,102689.6
623178.646137943,2244,102699.23,102641.46,102695.79,107477.43,102676.51,102686.14,102698.52,102693.63
623178.667242494,2245,102687.2,102641.46,102680.74,107466.5,102687.55,102692.31,102697.44,102694.67
623178.689123731,2246,102694.14,102636.34,102690.72,107469.39,102673.54,102690.16,102701.48,102689.6
623178.711383861,2247,102695.22,102639.32,102693.86,107474.54,102676.51,102695.26,102699.33,102685.58
623178.732013233,2248,102696.3,102632.29,102687.75,107468.75,102678.42,102701.17,102697.44,102683.65
623178.75246024,2249,102685.04,102636.34,102696.84,107466.5,102680.54,102685.07,102699.33,102695.72
623178.77323321,2250,102694.14,102637.41,102693.86,107475.66,102684.58,102691.23,102700.4,102689.6
623178.793621818,2251,102690.13,102623.12,102680.74,107466.5,102667.38,102686.14,102705.52,102692.74
623178.814222046,2252,102686.12,102643.37,102687.75,107462.48,102685.64,102691.23,102703.36,102685.58
623178.834633159,2253,102687.2,102638.48,102682.67,107476.78,102672.48,102693.12,102712.51,102695.72
623178.858913315,2254,102697.08,102633.36,102682.67,107467.62,102672.48,102695.26,102699.33,102685.58
623178.879367352,2255,102687.2,102631.22,102692.82,107468.75,102673.54,102691.23,102695.29,102686.63
623178.900017005,2256,102690.13,102635.27,102690.72,107464.25,102678.42,102693.12,102701.48,102696.77
623178.920478243,2257,102686.12,102645.51,102685.82,107470.52,102675.45,102697.14,102696.37,102685.58
623178.941097391,2258,102685.04,102633.36,102683.72,107474.54,102683.51,102697.14,102695.29,102687.67
623178.961614193,2259,102696.0,102640.39,102691.77,107475.66,102666.32,102695.26,102691.26,102685.58
623178.98222005,2260,102686.12,102642.53,102680.74,107474.54,102672.48,102695.26,102704.44,102691.7
623179.002725034,2261,102687.2,102641.46,102688.79,107470.52,102681.61,102698.21,102698.25,102687.67
623179.026936266,2262,102686.12,102631.22,102683.72,107474.54,102684.58,102683.19,102708.47,102681.56
623179.047413478,2263,102690.13,102633.36,102686.7,107464.25,102672.48,102695.26,102705.52,102693.63
623179.068008579,2264,102696.3,102641.46,102688.79,107470.52,102676.51,102691.23,102694.22,102689.6
623179.088494374,2265,102683.97,102641.46,102678.65,107470.52,102674.39,102696.33,102694.22,102681.56
623179.109129245,2266,102698.15,102635.27,102684.77,107470.52,102675.45,102697.4,102706.59,102695.72
623179.129566897,2267,102690.13,102639.32,102682.67,107466.5,102672.48,102695.26,102700.4,102686.63
623179.150137471,2268,102694.14,102635.27,102692.82,107473.41,102682.45,102689.09,102701.48,102692.58
623179.170753563,2269,102688.27,102640.39,102695.79,107468.75,102675.45,102699.28,102701.48,102685.58
623179.194960359,2270,102681.81,102639.32,102689.68,107476.78,102677.57,102693.12,102695.29,102692.58
623179.215417521,2271,102686.12,102622.28,102682.67,107470.52,102671.42,102688.28,102705.52,102694.67
623179.236027103,2272,102689.84,102645.51,102686.7,107474.54,102689.67,102695.26,102701.48,102685.58
623179.256514541,2273,102694.14,102640.39,102682.67,107466.5,102680.54,102695.26,102701.48,102688.56
623179.277146497,2274,102690.13,102639.55,102678.65,107474.54,102677.57,102689.09,102699.33,102690.65
623179.297589608,2275,102687.2,102639.32,102675.67,107478.55,102671.42,102695.26,102703.36,102691.53
623179.318174814,2276,102688.27,102648.49,102679.7,107473.41,102663.35,102695.26,102705.52,102685.58
623179.338645977,2277,102686.12,102645.51,102692.82,107477.43,102681.61,102702.24,102698.52,102693.63
623179.362934936,2278,102686.12,102632.29,102686.7,107480.33,102677.57,102695.26,102704.44,102685.58
623179.383102611,2279,102698.15,102632.29,102688.79,107470.52,102673.54,102687.21,102704.44,102701.67
623179.404048181,2280,102685.83,102636.34,102687.75,107472.29,102671.42,102686.14,102697.44,102689.6
623179.424554017,2281,102686.12,102641.46,102677.6,107465.37,102672.48,102691.23,102705.52,102691.7
623179.445161016,2282,102694.14,102623.12,102682.67,107468.27,102676.51,102687.21,102705.52,102685.58
623179.465572368,2283,102693.07,102640.39,102692.82,107472.29,102673.54,102688.28,102696.37,102689.6
623179.486178586,2284,102686.12,102633.36,102688.79,107475.66,102677.57,102702.24,102693.41,102693.63
623179.506782039,2285,102694.14,102640.39,102691.77,107473.41,102676.51,102687.21,102705.52,102689.6
623179.530982134,2286,102694.14,102627.17,102690.72,107466.5,102682.67,102689.09,102702.56,102685.58
623179.550978178,2287,102686.12,102641.46,102688.79,107465.37,102676.51,102686.14,102701.48,102687.67
623179.572034747,2288,102694.14,102642.53,102692.82,107466.5,102671.42,102690.16,102695.29,102696.77
623179.592501934,2289,102693.07,102649.56,102692.82,107470.52,102679.48,102695.26,102696.37,102686.63
623179.61311977,2290,102686.12,102639.55,102688.79,107466.5,102672.48,102686.14,102703.36,102685.58
623179.635274991,2291,102687.98,102631.22,102692.82,107474.54,102678.64,102687.21,102709.55,102685.58
623179.654278834,2292,102698.15,102637.41,102693.86,107479.68,102680.54,102694.19,102705.52,102693.63
623179.6747453,2293,102686.12,102637.41,102690.72,107468.27,102671.42,102682.11,102703.36,102692.58
623179.698407391,2294,102686.12,102635.27,102684.77,107471.64,102678.64,102696.33,102709.55,102690.65
623179.719007559,2295,102703.24,102636.34,102690.72,107473.41,102671.42,102699.28,102701.48,102683.49
623179.740094514,2296,102694.14,102633.36,102687.75,107484.82,102672.48,102700.36,102696.37,102685.58
623179.760100483,2297,102694.14,102632.29,102688.79,107474.54,102675.45,102702.24,102699.33,102692.58
623179.781102369,2298,102687.2,102633.36,102694.75,107465.37,102674.39,102686.14,102688.3,102687.67
623179.801192406,2299,102685.04,102631.22,102692.82,107469.39,102681.61,102691.23,102696.37,102683.65
623179.822244118,2300,102682.89,102644.44,102692.82,107479.68,102685.64,102696.33,102700.4,102694.67
623179.842868352,2301,102702.17,102623.12,102684.77,107466.5,102672.48,102698.47,102699.33,102689.6
623179.866399615,2302,102694.14,102631.22,102678.65,107483.7,102672.48,102695.26,102699.33,102693.63
623179.887043139,2303,102681.81,102640.39,102683.72,107468.27,102672.48,102699.28,102689.37,102691.7
623179.907562075,2304,102693.07,102641.46,102691.77,107479.2,102684.58,102684.0,102696.37,102693.63
623179.928160089,2305,102697.08,102631.22,102698.77,107481.45,102673.54,102699.28,102697.44,102693.63
623179.949136838,2306,102690.13,102639.32,102686.7,107474.54,102676.51,102695.26,102708.47,102691.7
623179.96917821,2307,102683.97,102644.44,102692.82,107467.62,102683.51,102693.12,102701.48,102686.63
623179.990245436,2308,102686.12,102633.36,102680.74,107466.5,102676.51,102687.21,102708.47,102691.7
623180.010266828,2309,102682.89,102637.41,102674.63,107468.27,102676.51,102691.23,102698.52,102685.58
623180.034393482,2310,102683.97,102640.39,102691.77,107473.41,102672.48,102695.26,102699.33,102686.63
623180.055107493,2311,102694.14,102639.32,102687.75,107466.5,102677.57,102706.26,102697.44,102686.63
623180.075917298,2312,102691.99,102635.27,102684.77,107473.41,102680.54,102685.07,102696.37,102691.7
623180.096171022,2313,102683.97,102639.32,102694.75,107470.52,102681.61,102686.14,102703.36,102685.58
623180.116596256,2314,102691.99,102630.15,102686.7,107479.68,102680.54,102695.26,102706.59,102686.63
623180.137503118,2315,102685.04,102636.34,102683.72,107480.33,102680.54,102685.07,102705.52,102686.63
623180.157651203,2316,102690.13,102627.17,102688.79,107478.55,102684.58,102694.19,102698.52,102693.63
623180.181960173,2317,102686.12,102631.22,102682.67,107474.54,102680.54,102686.14,102695.29,102694.67
623180.202430004,2318,102694.14,102633.36,102698.77,107474.54,102677.57,102683.19,102706.59,102687.67
623180.222990532,2319,102687.98,102640.39,102692.82,107470.52,102679.48,102700.36,102696.37,102685.58
623180.243492933,2320,102686.12,102641.46,102678.65,107474.54,102672.48,102687.21,102697.44,102695.72
623180.264283909,2321,102696.0,102631.22,102690.72,107473.41,102671.42,102691.23,102704.44,102701.67
623180.284587209,2322,102686.12,102636.34,102682.67,107478.55,102676.51,102687.21,102701.48,102691.7
623180.305198073,2323,102686.12,102636.34,102691.77,107467.15,102672.48,102692.31,102700.4,102683.65
623180.325661365,2324,102678.1,102625.26,102686.7,107470.52,102680.54,102680.23,102705.52,102686.63
623180.349976514,2325,102698.15,102641.46,102686.7,107481.45,102676.51,102693.12,102700.4,102685.58
623180.370428508,2326,102683.97,102639.32,102676.72,107469.39,102677.57,102695.26,102701.48,102689.6
623180.391113925,2327,102682.89,102642.53,102683.72,107464.25,102674.6,102686.14,102705.52,102697.65
623180.411505448,2328,102683.97,102635.5,102690.72,107470.52,102677.57,102691.23,102697.44,102685.58
623180.432143153,2329,102685.83,102641.46,102681.63,107464.25,102671.42,102693.12,102697.44,102690.65
623180.453120542,2330,102694.14,102634.43,102683.72,107482.57,102677.57,102687.21,102703.63,102686.63
623180.473205761,2331,102683.97,102632.29,102686.7,107481.45,102685.64,102691.23,102705.52,102688.56
623180.493644295,2332,102694.14,102642.53,102692.82,107465.37,102677.57,102689.09,102691.26,102685.58
623180.517966214,2333,102699.23,102641.46,102692.82,107475.66,102672.48,102685.07,102701.48,102685.58
623180.538430136,2334,102686.12,102633.36,102684.77,107470.52,102680.54,102686.14,102692.33,102685.58
623180.559098368,2335,102693.07,102633.36,102687.75,107468.27,102678.64,102689.35,102701.48,102682.6
623180.579544243,2336,102694.14,102636.34,102683.72,107472.29,102680.54,102686.14,102704.44,102683.65
623180.600135768,2337,102687.98,102636.34,102674.63,107469.39,102684.58,102695.26,102696.37,102682.6
623180.620739492,2338,102694.14,102636.34,102684.77,107464.25,102672.48,102697.4,102703.36,102696.6
623180.641204946,2339,102686.12,102633.36,102674.63,107474.54,102672.48,102690.16,102705.52,102692.58
623180.661608217,2340,102686.12,102642.53,102692.82,107481.45,102682.67,102693.12,102697.44,102687.67
623180.685991869,2341,102687.98,102637.41,102683.72,107484.34,102680.54,102688.28,102705.52,102694.67
623180.706513899,2342,102685.04,102629.31,102683.72,107465.37,102673.54,102693.12,102696.37,102690.65
623180.727164203,2343,102702.17,102631.45,102684.77,107468.27,102672.48,102696.07,102701.48,102691.7
623180.747520653,2344,102690.91,102638.48,102687.75,107473.41,102679.48,102684.0,102699.33,102685.58
623180.768195895,2345,102685.04,102641.46,102692.82,107474.54,102673.54,102695.26,102703.36,102687.67
623180.788597203,2346,102679.95,102633.36,102685.65,107466.5,102671.42,102698.21,102698.52,102694.67
623180.809277732,2347,102694.14,102633.36,102682.67,107475.66,102668.44,102699.28,102705.52,102686.63
623180.83002293,2348,102681.81,102641.46,102680.74,107480.33,102677.57,102690.16,102701.48,102685.58
623180.854036403,2349,102690.13,102628.24,102690.72,107482.57,102680.54,102693.12,102697.44,102694.67
623180.874116214,2350,102686.12,102641.46,102686.7,107474.54,102680.54,102694.19,102700.4,102693.63
623180.895061444,2351,102704.32,102631.22,102695.79,107475.66,102673.54,102700.36,102701.48,102693.79
623180.915469412,2352,102681.03,102631.22,102688.79,107473.41,102673.54,102689.09,102696.37,102692.58
623180.936193888,2353,102698.15,102630.15,102690.72,107465.37,102673.54,102691.23,102697.44,102693.63
623180.956403025,2354,102686.12,102627.17,102690.72,107473.41,102684.58,102693.12,102699.33,102690.65
623180.977268485,2355,102686.12,102635.27,102700.87,107471.64,102672.48,102692.31,102700.4,102687.67
623180.99764223,2356,102687.2,102637.41,102690.72,107464.25,102671.42,102695.26,102705.52,102686.63
623181.021415439,2357,102687.98,102634.2,102686.7,107477.43,102672.48,102691.23,102701.48,102690.65
623181.042059575,2358,102682.11,102639.32,102680.74,107462.48,102672.48,102690.16,102703.63,102681.56
623181.063084696,2359,102690.91,102631.22,102688.79,107473.41,102680.54,102697.14,102698.52,102693.63
623181.083217848,2360,102694.14,102632.29,102679.7,107466.5,102668.44,102699.28,102704.44,102687.51
623181.104287967,2361,102690.13,102625.26,102696.84,107466.5,102672.48,102697.14,102691.26,102695.72
623181.124244982,2362,102694.14,102631.45,102682.67,107482.57,102681.61,102695.26,102705.52,102695.72
623181.145497367,2363,102691.99,102630.38,102692.82,107472.29,102665.26,102685.07,102697.44,102695.72
623181.165959927,2364,102686.12,102637.41,102690.72,107464.25,102677.57,102699.28,102699.33,102695.72
623181.189428505,2365,102693.07,102640.39,102691.77,107476.31,102674.6,102697.4,102703.63,102693.63
623181.210045019,2366,102683.97,102630.38,102683.72,107485.47,102668.44,102690.16,102696.37,102685.58
623181.230527719,2367,102683.97,102631.22,102689.68,107473.41,102684.58,102687.21,102705.52,102685.58
623181.251223522,2368,102694.14,102638.48,102682.67,107473.41,102680.54,102698.21,102696.37,102690.65
623181.272226019,2369,102690.13,102637.41,102696.84,107466.5,102680.54,102694.19,102695.29,102686.63
623181.292249035,2370,102696.3,102632.29,102682.67,107474.54,102670.57,102705.45,102693.41,102690.65
623181.313232773,2371,102697.08,102637.41,102678.65,107469.39,102677.57,102691.23,102709.55,102683.49
623181.336983579,2372,102686.12,102635.27,102686.7,107480.33,102672.48,102694.19,102709.55,102685.58
623181.358061039,2373,102683.97,102641.46,102682.67,107472.29,102672.48,102695.26,102700.4,102685.58
623181.378365099,2374,102679.95,102641.46,102692.82,107473.41,102668.44,102685.07,102697.44,102685.58
623181.398581978,2375,102701.09,102628.24,102686.7,107480.33,102680.54,102693.38,102705.52,102686.63
623181.419203859,2376,102697.08,102637.41,102684.77,107472.29,102672.48,102691.23,102705.52,102693.63
623181.439663565,2377,102691.99,102628.24,102689.68,107472.29,102676.51,102695.26,102687.22,102685.58
623181.460927537,2378,102694.14,102634.43,102684.77,107464.25,102668.44,102691.23,102695.29,102689.6
623181.480726213,2379,102685.04,102632.29,102686.7,107472.29,102680.54,102695.26,102694.22,102685.58
623181.504997466,2380,102691.99,102633.36,102688.79,107474.54,102676.51,102685.07,102703.36,102702.72
623181.525461448,2381,102683.97,102642.53,102684.77,107466.02,102670.35,102694.19,102700.4,102686.63
623181.546078242,2382,102678.88,102633.36,102682.67,107482.57,102682.67,102682.11,102703.36,102688.56
623181.566514512,2383,102683.97,102635.27,102686.7,107481.45,102680.54,102694.19,102688.3,102688.56
623181.58714748,2384,102685.04,102639.55,102681.63,107468.27,102666.54,102699.28,102703.36,102686.63
623181.607617191,2385,102686.12,102630.15,102686.7,107472.29,102672.48,102694.19,102691.26,102680.51
623181.628197719,2386,102700.01,102637.41,102682.67,107465.37,102671.42,102694.19,102707.4,102685.58
623181.648664155,2387,102694.14,102640.39,102688.79,107481.45,102677.57,102695.26,102695.29,102685.58
623181.673003141,2388,102690.13,102637.41,102683.72,107474.54,102681.61,102691.23,102695.29,102705.69
623181.693491019,2389,102686.12,102645.51,102686.7,107480.33,102670.35,102695.26,102699.33,102691.7
623181.714202015,2390,102683.97,102637.41,102684.77,107472.29,102674.6,102695.26,102696.37,102690.65
623181.734599827,2391,102674.87,102632.29,102686.7,107468.27,102673.54,102695.26,102700.4,102677.53
623181.755184972,2392,102694.14,102633.36,102684.77,107481.45,102674.6,102693.12,102701.48,102687.67
623181.775608564,2393,102694.14,102637.41,102691.77,107472.29,102677.57,102687.21,102701.48,102690.65
623181.796206989,2394,102698.15,102637.41,102686.7,107468.27,102688.61,102695.26,102704.44,102695.72
623181.816740537,2395,102683.97,102638.48,102691.77,107476.31,102683.51,102690.16,102705.52,102695.72
623181.841019402,2396,102686.12,102636.34,102684.77,107482.1,102686.7,102691.23,102701.48,102685.58
623181.861499368,2397,102702.17,102633.36,102690.72,107480.33,102676.51,102699.28,102705.52,102698.7
623181.882073076,2398,102685.04,102642.53,102695.79,107470.52,102672.48,102693.12,102698.52,102685.58
623181.902641196,2399,102678.1,102627.4,102686.7,107464.25,102684.58,102685.07,102709.55,102685.58
623181.923127422,2400,102686.12,102641.46,102680.74,107476.31,102680.54,102695.26,102691.52,102693.63
623181.943616082,2401,102686.12,102641.46,102692.82,107480.33,102683.51,102691.23,102705.52,102698.7
623181.964240426,2402,102686.12,102631.45,102682.67,107473.41,102681.61,102694.19,102697.44,102697.65
623181.984782036,2403,102686.12,102633.36,102689.68,107468.27,102673.54,102695.26,102701.48,102685.58
623182.009037815,2404,102694.14,102628.24,102682.67,107476.31,102672.48,102694.19,102709.55,102689.6
623182.029588088,2405,102694.14,102633.36,102690.72,107472.29,102681.61,102695.26,102713.59,102693.63
623182.050117489,2406,102690.13,102635.27,102682.67,107480.33,102676.51,102687.21,102695.29,102689.6
623182.070635293,2407,102691.99,102644.44,102686.7,107473.41,102686.7,102693.12,102700.4,102691.7
623182.091205065,2408,102702.17,102637.41,102682.67,107464.25,102676.51,102685.07,102705.52,102681.56
623182.111932216,2409,102689.84,102633.36,102692.82,107472.29,102672.48,102696.33,102698.25,102685.58
623182.132223807,2410,102694.93,102641.46,102692.82,107473.41,102673.54,102697.14,102704.44,102689.6
623182.152809985,2411,102686.12,102650.63,102684.77,107472.29,102671.42,102679.16,102696.37,102685.58
623182.177027676,2412,102690.13,102634.43,102683.72,107471.16,102677.57,102699.28,102700.4,102681.56
623182.1971425,2413,102678.88,102646.58,102689.68,107468.27,102672.48,102691.23,102701.48,102685.58
623182.218194993,2414,102686.12,102640.39,102683.72,107478.55,102672.48,102693.12,102700.4,102693.63
623182.238738976,2415,102670.85,102633.36,102682.67,107468.27,102674.6,102689.09,102706.59,102685.58
623182.259179994,2416,102694.14,102633.36,102675.67,107472.29,102678.42,102691.23,102703.36,102689.6
623182.279655113,2417,102694.14,102643.6,102688.63,107469.39,102680.54,102703.31,102699.33,102688.56
623182.300242362,2418,102681.81,102634.43,102677.6,107470.52,102674.6,102688.28,102696.37,102685.58
623182.320758272,2419,102685.83,102632.29,102682.67,107473.41,102680.54,102695.26,102706.59,102685.58
623182.345037527,2420,102694.14,102633.36,102682.67,107468.27,102680.54,102691.23,102703.36,102689.6
623182.36507875,2421,102690.13,102637.41,102686.7,107472.29,102681.61,102695.26,102706.32,102688.56
623182.386141288,2422,102702.17,102649.56,102690.72,107472.29,102676.51,102693.12,102698.25,102686.63
623182.40617523,2423,102682.89,102625.26,102686.7,107472.29,102684.58,102696.33,102700.4,102689.6
623182.427230647,2424,102677.8,102634.43,102682.67,107465.37,102688.61,102687.21,102713.59,102683.49
623182.447849403,2425,102695.22,102649.56,102688.79,107476.31,102676.51,102687.21,102704.44,102691.53
623182.468248477,2426,102691.21,102633.36,102681.63,107464.25,102673.54,102689.35,102699.33,102685.58
623182.488359595,2427,102687.2,102635.27,102691.77,107480.33,102680.54,102699.28,102703.36,102693.63
623182.512459779,2428,102691.99,102649.56,102688.79,107469.39,102673.54,102695.26,102703.36,102685.58
623182.533149423,2429,102690.13,102641.46,102686.7,107485.47,102677.57,102688.28,102701.48,102695.72
623182.55353698,2430,102691.99,102630.38,102682.67,107471.16,102670.57,102696.33,102697.44,102693.63
623182.574177319,2431,102682.89,102632.29,102692.82,107473.41,102681.61,102695.26,102712.51,102693.63
623182.595216311,2432,102694.14,102637.41,102690.72,107468.92,102668.44,102697.4,102704.44,102685.58
623182.615230553,2433,102686.12,102642.53,102683.72,107476.31,102673.54,102690.16,102697.44,102676.49
623182.636253201,2434,102683.97,102637.41,102685.65,107468.27,102677.57,102699.28,102703.36,102685.58
623182.660035273,2435,102694.14,102633.36,102687.75,107471.16,102680.54,102695.26,102691.26,102688.56
623182.680478744,2436,102694.14,102641.46,102690.72,107476.31,102680.54,102694.19,102702.29,102689.6
623182.701081196,2437,102689.35,102640.39,102683.72,107464.25,102672.48,102694.19,102703.36,102693.63
623182.721554753,2438,102686.12,102637.41,102682.67,107463.13,102677.57,102696.33,102707.4,102685.58
623182.742196163,2439,102691.99,102632.29,102690.72,107472.29,102680.54,102699.28,102701.48,102685.58
623182.76265642,2440,102694.14,102631.22,102687.75,107472.29,102673.54,102686.14,102704.44,102693.63
623182.783225862,2441,102683.97,102633.36,102684.77,107472.29,102676.51,102699.28,102699.33,102693.63
623182.803673079,2442,102685.04,102640.39,102678.65,107469.39,102680.54,102695.26,102698.25,102688.56
623182.828038785,2443,102678.1,102637.41,102679.7,107468.27,102684.58,102694.19,102691.26,102692.58
623182.848506412,2444,102702.17,102650.63,102678.65,107464.25,102681.61,102690.16,102695.29,102694.67
623182.869122725,2445,102694.14,102641.46,102679.7,107468.27,102679.48,102689.09,102704.44,102689.6
623182.889563893,2446,102694.14,102641.46,102682.67,107472.29,102672.48,102695.26,102704.44,102685.58
623182.910355381,2447,102686.12,102631.22,102691.77,107467.15,102673.54,102691.23,102709.55,102685.58
623182.930623367,2448,102690.13,102637.41,102692.82,107472.29,102672.48,102689.09,102695.29,102693.63
623182.951362675,2449,102685.04,102637.41,102674.63,107468.27,102672.48,102687.21,102704.44,102687.67
623182.971658824,2450,102683.97,102641.46,102690.72,107467.15,102677.57,102678.09,102696.37,102681.56
623182.996026372,2451,102691.99,102639.55,102684.77,107472.29,102658.25,102682.11,102699.33,102692.58
623183.016485848,2452,102681.81,102645.51,102679.7,107468.27,102672.48,102691.23,102695.29,102689.6
623183.037132396,2453,102695.22,102634.2,102680.74,107472.29,102672.48,102693.12,102700.4,102681.56
623183.05758449,2454,102698.15,102640.39,102682.67,107464.25,102672.48,102689.09,102699.33,102692.58
623183.078247924,2455,102700.01,102632.29,102680.74,107472.29,102672.48,102683.19,102693.41,102684.53
623183.098640349,2456,102682.89,102633.36,102683.72,107472.29,102680.54,102683.19,102696.37,102693.63
623183.119321239,2457,102697.08,102641.46,102690.72,107453.97,102681.61,102686.14,102697.44,102684.53
623183.139754645,2458,102685.83,102646.58,102684.77,107471.16,102676.51,102690.16,102699.33,102685.58
623183.164060961,2459,102693.07,102636.34,102684.77,107464.25,102680.54,102695.26,102703.36,102697.65
623183.184516791,2460,102683.97,102633.36,102690.72,107472.29,102676.51,102696.33,102705.52,102685.58
623183.205135036,2461,102690.91,102639.32,102683.72,107470.04,102676.51,102686.14,102696.37,102685.58
623183.225644437,2462,102683.97,102644.44,102682.67,107477.43,102672.48,102687.21,102704.44,102693.63
623183.246335082,2463,102698.15,102647.41,102681.63,107479.2,102672.48,102703.31,102703.36,102690.65
623183.266707947,2464,102696.0,102637.41,102678.65,107475.18,102681.61,102699.28,102692.33,102684.53
623183.287429689,2465,102685.83,102633.36,102692.82,107468.92,102672.48,102695.26,102708.47,102683.49
623183.307774491,2466,102689.84,102649.56,102690.72,107480.33,102681.61,102686.14,102704.44,102676.49
623183.332083871,2467,102681.81,102641.46,102675.67,107479.2,102681.61,102694.19,102701.48,102684.53
623183.352526662,2468,102691.21,102623.12,102686.7,107472.29,102682.67,102695.26,102697.44,102676.49
623183.373189124,2469,102683.97,102637.41,102682.67,107471.16,102680.54,102694.19,102688.3,102692.58
623183.393646216,2470,102691.99,102640.39,102682.67,107479.2,102664.41,102686.14,102695.29,102684.53
623183.414276821,2471,102683.97,102631.22,102682.67,107478.08,102672.48,102701.17,102699.33,102683.49
623183.434792932,2472,102683.97,102636.34,102690.72,107480.33,102673.54,102685.07,102704.44,102684.53
623183.457321548,2473,102689.05,102641.46,102678.65,107472.29,102674.6,102686.14,102697.44,102677.53
623183.475721807,2474,102682.89,102636.34,102682.67,107476.31,102672.48,102687.21,102696.37,102676.49
623183.50007226,2475,102691.99,102647.41,102691.77,107480.33,102679.48,102687.21,102699.33,102687.67
623183.520575291,2476,102693.85,102641.46,102682.67,107480.33,102671.42,102681.04,102697.18,102687.51
623183.541143331,2477,102682.89,102649.56,102680.74,107472.29,102676.51,102688.28,102707.4,102686.63
623183.5616183,2478,102685.83,102641.46,102688.79,107476.31,102680.54,102695.26,102692.33,102684.53
623183.582299521,2479,102681.81,102632.29,102674.63,107464.25,102680.54,102695.26,102695.29,102691.53
623183.602700979,2480,102691.99,102641.46,102682.67,107480.33,102682.67,102694.19,102704.44,102683.65
623183.623278533,2481,102681.81,102632.29,102678.65,107471.16,102663.13,102691.23,102703.36,102684.53
623183.643723516,2482,102694.14,102644.44,102682.67,107471.16,102674.6,102688.28,102687.22,102671.42
623183.668082923,2483,102689.84,102635.27,102690.72,107471.16,102672.48,102702.24,102700.4,102681.56
623183.688102943,2484,102697.86,102641.46,102684.6,107467.15,102672.48,102697.4,102704.44,102675.44
623183.709179692,2485,102686.9,102636.34,102686.7,107479.2,102672.48,102695.26,102691.26,102683.49
623183.729234516,2486,102681.81,102641.46,102683.72,107476.31,102665.47,102687.21,102701.21,102680.51
623183.75028818,2487,102693.85,102632.29,102686.7,107471.16,102673.54,102694.19,102703.36,102683.49
623183.770339979,2488,102681.81,102647.41,102686.7,107475.18,102671.42,102685.07,102697.44,102685.58
623183.791263586,2489,102691.99,102640.39,102690.72,107469.39,102672.48,102690.16,102704.44,102676.49
623183.812108014,2490,102696.0,102641.46,102690.72,107467.15,102666.32,102693.12,102696.37,102691.53
623183.835493176,2491,102686.12,102636.34,102690.72,107472.29,102684.58,102687.21,102695.29,102685.58
623183.856173606,2492,102675.94,102640.39,102686.7,107472.29,102676.51,102685.07,102692.33,102687.51
623183.876618379,2493,102691.99,102648.49,102691.77,107470.04,102673.54,102690.16,102695.29,102676.49
623183.89725337,2494,102681.81,102639.32,102672.53,107479.2,102670.35,102687.21,102695.29,102683.49
623183.919264323,2495,102683.97,102637.41,102691.77,107475.18,102677.57,102683.19,102704.44,102683.49
623183.938326905,2496,102686.12,102641.46,102678.65,107462.0,102671.42,102704.38,102696.37,102688.56
623183.959370745,2497,102683.97,102636.34,102674.63,107479.2,102672.48,102694.19,102704.44,102684.53
623183.983048509,2498,102687.98,102637.41,102690.72,107464.9,102672.48,102693.12,102701.48,102683.49
623184.003543859,2499,102691.99,102640.39,102688.79,107471.16,102670.35,102686.14,102699.33,102681.56
623184.024161424,2500,102681.81,102639.32,102676.72,107468.92,102672.48,102691.23,102700.4,102684.53
623184.04464105,2501,102686.12,102633.36,102686.7,107470.52,102671.42,102679.97,102703.36,102685.58
623184.065251113,2502,102683.97,102641.46,102682.67,107471.16,102672.48,102695.26,102691.26,102691.53
623184.085627973,2503,102690.91,102648.49,102690.72,107468.92,102677.57,102689.09,102699.33,102680.51
623184.106309876,2504,102673.79,102633.36,102687.75,107472.29,102680.54,102690.16,102700.4,102688.56
623184.126770352,2505,102691.99,102636.34,102691.77,107468.27,102672.48,102702.24,102689.11,102679.46
623184.1510516,2506,102687.98,102637.41,102683.72,107480.33,102672.48,102685.07,102698.25,102683.49
623184.171530395,2507,102700.01,102639.32,102682.67,107468.27,102671.42,102687.21,102696.37,102687.51
623184.192140048,2508,102685.83,102645.51,102676.72,107476.95,102672.48,102692.05,102703.36,102683.49
623184.212646644,2509,102691.99,102646.58,102678.65,107478.08,102670.57,102691.23,102695.29,102684.53
623184.233354426,2510,102691.99,102631.22,102695.79,107468.92,102668.44,102695.26,102702.29,102691.53
623184.253642361,2511,102686.12,102633.36,102684.77,107471.16,102676.51,102690.16,102695.29,102691.53
623184.274276812,2512,102696.0,102641.46,102676.72,107475.18,102672.48,102686.14,102695.29,102683.49
623184.294674914,2513,102691.99,102641.46,102683.72,107463.77,102677.57,102694.19,102688.3,102685.58
623184.321097622,2514,102682.11,102628.24,102682.67,107467.15,102676.51,102687.21,102711.43,102688.56
623184.339527216,2515,102690.13,102624.19,102681.63,107476.95,102677.57,102691.23,102691.26,102687.51
623184.360207987,2516,102691.99,102629.31,102692.82,107478.08,102664.41,102690.16,102706.59,102684.53
623184.38062629,2517,102686.12,102637.41,102682.67,107462.0,102672.48,102686.14,102703.36,102677.53
623184.401273359,2518,102682.89,102637.41,102686.7,107471.16,102680.54,102699.28,102689.37,102677.53
623184.421701828,2519,102683.97,102649.56,102690.72,107463.13,102672.48,102686.14,102697.44,102684.53
623184.442451352,2520,102686.12,102631.22,102694.75,107476.95,102676.51,102695.26,102703.36,102684.53
623184.462787932,2521,102685.83,102641.46,102678.65,107468.92,102672.48,102695.26,102699.33,102674.39
623184.487080326,2522,102690.91,102632.29,102688.79,107467.15,102675.45,102687.21,102689.37,102675.44
623184.507580012,2523,102691.99,102641.46,102674.63,107479.2,102676.51,102695.26,102699.33,102677.53
623184.528161392,2524,102683.97,102639.32,102694.75,107480.33,102674.39,102695.26,102687.22,102681.39
623184.548705376,2525,102677.8,102641.46,102682.67,107468.92,102670.35,102698.21,102691.26,102688.56
623184.569498326,2526,102682.89,102633.36,102682.67,107471.16,102672.48,102689.09,102703.36,102671.42
623184.589720472,2527,102687.98,102641.46,102690.72,107468.92,102670.35,102686.14,102703.36,102690.49
623184.610310305,2528,102681.81,102641.46,102682.67,107472.93,102669.51,102692.05,102698.25,102682.44
623184.63074989,2529,102686.12,102633.36,102696.84,107471.16,102672.48,102691.23,102703.36,102685.58
623184.6550792,2530,102694.14,102632.29,102691.77,107462.0,102672.48,102691.23,102704.44,102683.49
623184.675566038,2531,102683.97,102633.36,102690.72,107466.02,102672.48,102692.31,102694.22,102683.49
623184.696264865,2532,102675.94,102635.27,102675.67,107478.08,102674.6,102696.33,102703.36,102691.53
623184.716688807,2533,102685.04,102641.46,102686.7,107484.34,102666.32,102692.31,102690.99,102675.44
623184.73730514,2534,102691.99,102629.31,102698.77,107471.16,102676.51,102694.19,102699.33,102683.49
623184.757708179,2535,102696.0,102633.36,102690.72,107480.33,102672.48,102683.19,102690.18,102675.44
623184.778287526,2536,102698.94,102637.41,102680.74,107476.95,102676.51,102679.16,102702.29,102684.53
623184.79872582,2537,102690.13,102637.41,102689.68,107467.79,102666.54,102686.14,102694.22,102675.44
623184.823096022,2538,102682.89,102640.39,102685.65,107472.29,102689.67,102693.12,102695.02,102679.46
623184.843589249,2539,102671.93,102640.39,102682.67,107467.15,102677.57,102694.19,102705.25,102680.51
623184.864213584,2540,102693.85,102635.27,102686.7,107475.18,102676.51,102686.14,102691.26,102685.58
623184.884691537,2541,102694.14,102633.36,102678.65,107468.92,102668.44,102697.14,102703.36,102676.49
623184.905284845,2542,102679.95,102629.31,102670.6,107487.24,102663.35,102695.26,102689.11,102693.46
623184.925855929,2543,102691.99,102637.41,102690.72,107463.13,102684.58,102696.07,102693.14,102673.35
623184.946390629,2544,102674.87,102652.53,102694.75,107498.17,102680.54,102689.35,102703.36,102666.35
623184.966815311,2545,102693.85,102641.46,102682.67,107476.95,102680.54,102687.21,102703.36,102685.58
623184.991102058,2546,102693.07,102636.34,102690.72,107472.93,102678.42,102691.23,102695.29,102665.3
623185.011204603,2547,102690.91,102639.32,102693.7,107467.79,102680.54,102687.21,102696.37,102688.56
623185.032223515,2548,102683.97,102637.41,102693.7,107470.04,102673.54,102687.21,102699.06,102675.44
623185.052262744,2549,102689.84,102649.56,102685.65,107471.81,102676.51,102684.0,102686.15,102689.44
623185.073268947,2550,102681.81,102631.22,102681.63,107466.02,102676.51,102689.09,102689.11,102683.49
623185.093784017,2551,102681.81,102641.46,102690.72,107468.92,102674.39,102699.28,102689.11,102684.53
623185.114401841,2552,102694.14,102641.46,102682.67,107470.04,102672.48,102695.26,102702.29,102680.35
623185.138111294,2553,102691.99,102650.63,102686.7,107482.1,102679.48,102686.14,102705.52,102682.44
623185.158588957,2554,102686.12,102641.46,102692.82,107467.79,102679.48,102689.09,102697.18,102673.35
623185.179241224,2555,102686.12,102641.46,102676.56,107468.92,102684.58,102691.23,102703.36,102676.49
623185.199610133,2556,102681.81,102640.39,102690.72,107474.06,102672.48,102690.16,102704.17,102679.46
623185.22030221,2557,102689.84,102633.36,102691.77,107475.83,102676.51,102685.07,102695.29,102684.53
623185.241254511,2558,102681.81,102641.46,102690.72,107470.04,102680.54,102689.09,102701.21,102684.53
623185.261530469,2559,102678.88,102632.29,102690.72,107478.08,102669.29,102686.14,102702.29,102680.51
623185.282794933,2560,102693.85,102633.36,102681.63,107470.04,102668.44,102695.26,102699.33,102680.51
623185.306082106,2561,102691.99,102633.36,102682.67,107479.85,102685.64,102695.26,102695.29,102675.44
623185.326550906,2562,102682.11,102625.26,102686.7,107476.95,102685.64,102690.16,102703.36,102680.51
623185.347178576,2563,102686.12,102636.34,102679.7,107478.08,102672.48,102687.21,102693.14,102683.49
623185.367630109,2564,102690.91,102633.36,102679.7,107467.15,102674.39,102689.09,102695.29,102683.49
623185.388298651,2565,102694.14,102637.41,102688.79,107475.18,102672.48,102695.26,102697.18,102679.46
623185.409169028,2566,102686.9,102641.46,102687.75,107476.95,102676.51,102679.16,102695.29,102689.44
623185.429375541,2567,102682.89,102633.36,102680.58,107462.0,102673.54,102687.21,102703.36,102678.42
623185.449787685,2568,102685.83,102651.46,102674.63,107476.95,102672.48,102687.21,102693.14,102677.37
623185.474090626,2569,102694.14,102635.27,102682.67,107476.95,102676.51,102687.21,102698.25,102684.53
623185.494535909,2570,102693.85,102639.32,102676.72,107467.79,102676.51,102686.14,102686.15,102675.44
623185.515159463,2571,102686.12,102639.32,102684.6,107464.9,102672.48,102688.28,102707.4,102683.49
623185.535620711,2572,102679.95,102632.29,102689.68,107478.08,102672.48,102692.31,102701.21,102683.49
623185.556305658,2573,102691.99,102636.34,102686.7,107475.83,102670.35,102703.31,102701.21,102676.49
623185.576728648,2574,102682.89,102641.46,102689.68,107476.95,102680.54,102694.19,102698.25,102682.44
623185.597317199,2575,102686.12,102640.39,102694.75,107468.92,102668.44,102687.21,102697.18,102687.51
623185.617817346,2576,102686.9,102633.36,102673.58,107479.2,102668.44,102695.26,102706.32,102682.44
623185.642324195,2577,102681.81,102636.34,102689.68,107482.1,102676.51,102687.21,102701.21,102683.49
623185.662540653,2578,102696.0,102641.46,102680.58,107467.79,102681.61,102686.14,102693.14,102673.35
623185.683228193,2579,102677.8,102640.39,102677.6,107460.88,102679.48,102685.07,102693.14,102674.39
623185.703736893,2580,102681.81,102633.36,102690.72,107470.04,102678.64,102695.0,102693.14,102673.35
623185.724384093,2581,102689.84,102640.39,102678.65,107480.33,102664.41,102695.26,102693.14,102675.44
623185.74468626,2582,102691.99,102649.56,102689.68,107502.19,102671.42,102685.07,102708.21,102675.44
623185.765309283,2583,102694.14,102633.36,102689.68,107488.36,102665.47,102699.28,102686.15,102673.35
623185.7857564,2584,102680.74,102633.36,102685.65,107478.08,102670.57,102691.23,102697.18,102672.3
623185.810143417,2585,102681.81,102641.46,102684.77,107475.83,102665.47,102690.16,102698.25,102683.49
623185.830628953,2586,102693.85,102633.36,102677.6,107478.08,102670.35,102691.23,102718.43,102674.39
623185.851180898,2587,102694.14,102643.6,102686.7,107476.95,102682.45,102689.09,102709.28,102679.46
623185.871632181,2588,102673.79,102643.6,102686.7,107475.83,102680.54,102679.97,102697.18,102670.37
623185.892333562,2589,102683.97,102638.48,102696.84,107486.11,102673.54,102686.14,102697.18,102675.44
623185.913194385,2590,102691.99,102639.32,102688.79,107475.83,102668.44,102695.26,102706.32,102685.58
623185.933439005,2591,102681.81,102637.41,102674.63,107495.28,102684.58,102689.09,102695.29,102692.58
623185.953798339,2592,102686.12,102644.44,102684.6,107486.11,102670.35,102691.23,102690.99,102667.4
623185.978137064,2593,102700.01,102641.46,102686.7,107479.2,102672.48,102695.26,102711.43,102684.53
623185.99861006,2594,102687.98,102641.46,102690.72,107471.81,102672.48,102693.12,102694.22,102683.49
623186.019179812,2595,102697.86,102634.43,102690.72,107478.08,102682.67,102689.09,102685.07,102673.35
623186.039726389,2596,102692.77,102628.24,102681.63,107467.79,102670.35,102695.26,102699.33,102677.37
623186.060293488,2597,102686.9,102637.41,102682.67,107476.95,102677.57,102698.21,102702.29,102672.46
623186.080774876,2598,102681.81,102637.41,102673.58,107459.76,102672.48,102694.19,102686.15,102679.46
623186.101350818,2599,102689.84,102640.39,102688.79,107470.04,102671.42,102695.26,102701.21,102675.44
623186.121803984,2600,102689.84,102640.39,102690.72,107460.88,102680.54,102695.26,102698.25,102681.39
623186.146175188,2601,102689.84,102641.46,102673.58,107470.04,102680.54,102685.07,102693.14,102674.39
623186.166234548,2602,102681.81,102641.46,102682.67,107484.99,102674.39,102685.07,102699.33,102676.49
623186.187239309,2603,102681.81,102632.29,102690.72,107476.95,102675.45,102685.07,102697.18,102679.46
623186.207306861,2604,102690.91,102641.46,102681.63,107476.95,102680.54,102695.26,102702.29,102675.44
623186.228338943,2605,102693.85,102641.46,102681.63,107484.99,102678.42,102683.19,102698.25,102683.49
623186.248778478,2606,102681.81,102636.34,102677.6,107480.97,102680.54,102682.11,102697.18,102682.44
623186.269404906,2607,102686.9,102633.36,102693.7,107467.79,102681.61,102682.11,102693.14,102675.44
623186.290080859,2608,102683.97,102633.36,102691.77,107470.04,102668.44,102694.19,102703.36,102687.51
623186.314136866,2609,102690.91,102641.46,102695.79,107466.02,102672.48,102689.09,102693.14,102681.39
623186.334167483,2610,102694.14,102636.34,102690.72,107456.86,102681.61,102690.16,102693.14,102673.35
623186.355200806,2611,102693.07,102637.41,102688.79,107478.08,102673.54,102686.14,102694.22,102683.49
623186.375281058,2612,102681.81,102641.46,102690.72,107475.83,102672.48,102693.12,102699.33,102678.42
623186.396304727,2613,102685.83,102648.49,102684.6,107484.99,102671.42,102695.26,102693.14,102682.44
623186.416457819,2614,102683.97,102643.37,102681.63,107471.81,102672.48,102683.19,102695.02,102681.39
623186.437454087,2615,102694.93,102635.27,102685.65,107483.87,102678.42,102683.19,102693.14,102673.35
623186.461102697,2616,102689.84,102641.46,102686.7,107491.9,102672.48,102678.09,102694.22,102675.44
623186.481577576,2617,102681.81,102636.34,102691.77,107475.83,102666.32,102690.16,102693.14,102675.44
623186.502176633,2618,102689.84,102636.34,102694.75,107466.02,102674.39,102679.97,102701.21,102681.39
623186.522649238,2619,102683.97,102641.46,102682.67,107459.76,102676.51,102686.14,102701.21,102681.39
623186.543311871,2620,102691.99,102641.46,102683.72,107460.88,102668.44,102694.19,102710.36,102682.44
623186.564772381,2621,102687.98,102641.46,102674.63,107475.83,102680.54,102691.23,102701.21,102673.35
623186.584618598,2622,102702.95,102645.51,102690.72,107475.83,102672.48,102693.12,102700.14,102681.39
623186.605677351,2623,102690.91,102639.55,102692.82,107486.11,102674.6,102686.14,102697.18,102685.58
623186.629129464,2624,102694.14,102633.36,102676.56,107487.88,102683.51,102691.23,102685.07,102681.39
623186.649619245,2625,102687.98,102638.48,102681.63,107497.05,102672.48,102693.38,102693.14,102685.58
623186.670201446,2626,102693.85,102641.46,102684.77,107468.92,102670.35,102694.19,102698.25,102683.49
623186.690689595,2627,102691.99,102633.36,102686.7,107463.77,102678.42,102693.12,102708.21,102675.44
623186.71130767,2628,102681.81,102641.46,102678.65,107475.83,102667.38,102694.19,102702.29,102678.42
623186.731771773,2629,102694.14,102641.46,102691.77,107475.83,102667.38,102697.14,102695.02,102691.53
623186.752396749,2630,102690.13,102631.22,102684.6,107480.97,102672.48,102685.07,102701.21,102683.49
623186.773400007,2631,102691.99,102641.46,102678.65,107475.83,102672.48,102677.02,102693.14,102683.49
623186.7971298,2632,102693.07,102650.63,102682.67,107495.92,102676.51,102683.19,102697.98,102683.49
623186.817586302,2633,102681.81,102640.39,102684.77,107507.98,102671.42,102692.05,102701.21,102683.49
623186.83827255,2634,102685.83,102639.32,102678.65,107490.13,102674.39,102690.16,102696.1,102686.46
623186.85870842,2635,102694.14,102639.32,102692.82,107493.03,102678.42,102685.07,102701.21,102682.44
623186.879490403,2636,102686.12,102639.55,102682.67,107487.88,102681.61,102693.12,102689.11,102681.39
623186.89973908,2637,102690.91,102635.27,102686.7,107495.92,102678.42,102688.02,102689.11,102675.44
623186.920395523,2638,102689.84,102632.29,102692.82,107479.85,102676.51,102686.14,102701.21,102687.51
623186.940800937,2639,102698.15,102632.29,102680.58,107478.72,102666.32,102687.21,102693.14,102681.39
623186.965143768,2640,102686.9,102639.32,102689.68,107478.08,102682.45,102693.12,102696.1,102682.44
623186.985606238,2641,102685.83,102640.39,102697.72,107463.77,102672.48,102690.16,102685.07,102683.49
623187.006243943,2642,102690.91,102637.41,102690.72,107463.77,102672.48,102693.38,102690.99,102674.39
623187.026700364,2643,102682.89,102631.22,102686.7,107501.06,102680.54,102691.23,102695.29,102683.49
623187.047353522,2644,102694.93,102641.46,102697.72,107491.9,102680.54,102695.26,102701.21,102687.51
623187.06776155,2645,102687.68,102653.6,102679.7,107491.9,102679.48,102694.19,102693.14,102682.44
623187.088600279,2646,102689.84,102635.27,102686.7,107479.85,102666.32,102694.19,102693.14,102674.39
623187.109134107,2647,102683.97,102641.46,102682.67,107483.87,102676.51,102694.19,102698.25,102677.37
623187.133152828,2648,102694.93,102649.56,102678.65,107476.95,102676.51,102690.16,102698.25,102673.35
623187.153594516,2649,102690.91,102641.46,102683.72,107475.83,102677.57,102695.26,102701.21,102681.39
623187.174234435,2650,102693.07,102641.46,102688.63,107460.88,102671.42,102694.19,102695.29,102677.37
623187.194696063,2651,102689.84,102633.36,102676.56,107475.83,102665.26,102685.07,102703.36,102679.46
623187.216171285,2652,102683.97,102644.44,102690.72,107475.83,102675.45,102687.21,102699.33,102679.46
623187.235745612,2653,102681.81,102631.22,102682.67,107483.87,102676.51,102683.19,102695.29,102681.39
623187.25635913,2654,102697.86,102639.32,102694.75,107493.03,102676.51,102690.16,102695.29,102683.49
623187.276821961,2655,102689.84,102649.56,102676.56,107495.92,102670.35,102694.19,102700.4,102684.37
623187.301160996,2656,102690.91,102633.36,102681.63,107480.97,102672.48,102682.11,102705.52,102673.35
623187.321619921,2657,102697.86,102649.56,102686.7,107478.08,102673.54,102686.14,102700.4,102683.49
623187.342243434,2658,102681.81,102649.56,102676.56,107467.79,102675.45,102685.07,102690.18,102673.35
623187.362715779,2659,102691.99,102641.46,102694.75,107475.83,102672.48,102691.23,102695.29,102681.39
623187.383415959,2660,102682.89,102635.27,102686.7,107467.79,102678.42,102693.12,102703.36,102682.44
623187.403811237,2661,102694.14,102639.32,102682.67,107489.01,102681.61,102684.0,102707.4,102674.39
623187.424424205,2662,102689.84,102637.41,102687.75,107478.72,102685.64,102695.26,102694.22,102673.35
623187.444861246,2663,102686.12,102640.39,102682.67,107483.87,102678.42,102686.14,102687.22,102679.46
623187.469188153,2664,102681.81,102639.32,102682.67,107495.92,102671.42,102687.21,102697.18,102677.37
623187.489632916,2665,102689.84,102636.34,102682.67,107482.74,102673.54,102694.19,102704.44,102678.42
623187.510246736,2666,102693.85,102631.22,102680.58,107463.77,102667.38,102686.95,102695.29,102677.37
623187.530693021,2667,102680.74,102648.49,102682.67,107483.87,102682.45,102686.14,102697.18,102681.39
623187.551484309,2668,102690.91,102640.39,102686.7,107480.97,102682.45,102693.12,102702.29,102674.39
623187.571839606,2669,102689.84,102640.39,102685.65,107475.83,102680.54,102693.12,102699.33,102683.49
623187.592566406,2670,102702.17,102640.39,102679.7,107468.92,102667.38,102685.07,102694.22,102679.46
623187.612833831,2671,102689.84,102637.41,102695.79,107483.22,102673.32,102689.09,102695.29,102681.39
623187.637186777,2672,102689.84,102641.46,102691.77,107487.88,102676.51,102699.28,102689.11,102683.49
623187.657218135,2673,102694.93,102638.48,102690.72,107487.88,102666.32,102693.12,102703.36,102682.44
623187.678291269,2674,102694.14,102645.51,102678.65,107487.88,102672.48,102694.19,102697.18,102679.46
623187.698413324,2675,102686.12,102641.46,102682.67,107475.83,102673.54,102695.26,102699.33,102675.44
623187.719508521,2676,102683.97,102635.27,102690.72,107493.03,102677.57,102692.05,102703.36,102683.49
623187.739924952,2677,102681.81,102647.41,102686.7,107497.05,102683.51,102696.33,102703.36,102685.42
623187.76040615,2678,102697.86,102645.51,102681.63,107470.69,102684.58,102690.16,102703.36,102681.39
623187.784136955,2679,102689.84,102636.34,102682.67,107467.79,102668.44,102699.28,102695.29,102674.39
623187.804612795,2680,102689.84,102641.46,102683.72,107463.77,102676.51,102695.26,102698.25,102673.35
623187.825234155,2681,102693.85,102637.41,102690.72,107475.83,102672.48,102687.21,102701.21,102685.58
623187.845723376,2682,102689.84,102632.29,102676.72,107491.9,102682.67,102689.09,102691.26,102681.39
623187.8664002,2683,102692.77,102632.29,102679.7,107475.83,102676.51,102694.19,102697.18,102683.49
623187.887433374,2684,102682.89,102644.44,102688.63,107480.97,102670.35,102695.26,102695.29,102683.49
623187.907420955,2685,102693.85,102633.36,102694.75,107478.72,102678.42,102693.12,102691.26,102682.44
623187.928688864,2686,102673.79,102639.32,102682.67,107484.99,102672.48,102688.02,102703.36,102683.49
623187.952174959,2687,102693.85,102645.51,102683.72,107467.79,102666.32,102697.14,102700.4,102681.39
623187.972672581,2688,102674.87,102637.41,102692.82,107471.81,102670.35,102677.02,102698.25,102677.37
623187.993251388,2689,102685.83,102644.44,102690.72,107479.85,102684.58,102695.26,102702.29,102675.44
623188.013675049,2690,102679.66,102637.41,102690.72,107486.11,102672.48,102690.16,102699.33,102681.39
623188.034344111,2691,102673.79,102631.22,102686.7,107467.79,102675.45,102685.07,102701.21,102681.39
623188.054876487,2692,102682.89,102640.39,102690.72,107469.56,102670.57,102685.07,102703.36,102673.35
623188.076183585,2693,102681.81,102641.46,102678.65,107491.9,102674.39,102693.12,102703.36,102673.35
623188.095886796,2694,102683.97,102650.63,102678.65,107494.8,102664.41,102698.21,102698.25,102680.35
623188.120163076,2695,102696.0,102636.34,102682.67,107483.87,102672.48,102696.07,102702.29,102681.39
623188.14060776,2696,102689.84,102641.46,102685.65,107483.87,102671.42,102695.26,102706.32,102674.39
623188.161250592,2697,102690.91,102649.56,102690.72,107471.81,102666.32,102695.26,102693.14,102681.39
623188.181694374,2698,102698.15,102631.22,102682.67,107482.74,102680.54,102688.28,102699.06,102675.28
623188.20242504,2699,102685.83,102627.17,102680.74,107475.83,102673.54,102687.21,102702.29,102682.44
623188.22276845,2700,102696.78,102649.56,102688.79,107465.54,102684.58,102694.19,102698.25,102685.42
623188.243395108,2701,102689.84,102633.36,102677.6,107475.83,102677.57,102703.31,102703.36,102679.46
623188.264170061,2702,102686.9,102644.44,102679.7,107479.85,102671.42,102689.09,102697.18,102679.46
623188.288171646,2703,102685.83,102635.27,102692.82,107495.92,102671.42,102693.12,102697.18,102681.39
623188.308620194,2704,102697.86,102641.46,102688.63,107483.87,102667.38,102702.24,102693.14,102681.39
623188.329255406,2705,102689.84,102639.32,102686.7,107475.83,102689.67,102681.04,102702.29,102679.46
623188.349728281,2706,102691.99,102639.32,102686.7,107486.76,102673.54,102697.14,102699.33,102686.46
623188.370358025,2707,102693.85,102633.36,102685.65,107484.99,102679.48,102701.17,102693.14,102682.44
623188.390808536,2708,102691.99,102628.24,102686.7,107467.79,102680.54,102687.21,102703.36,102681.39
623188.411437158,2709,102686.12,102642.53,102675.67,107475.83,102678.42,102686.14,102699.33,102682.44
623188.431851495,2710,102689.84,102633.36,102683.72,107473.58,102662.29,102694.19,102695.29,102673.35
623188.458082783,2711,102681.81,102641.46,102679.7,107479.85,102677.57,102688.02,102695.29,102691.53
623188.476762456,2712,102687.98,102641.46,102694.75,107483.87,102676.51,102685.07,102695.29,102681.39
623188.497299829,2713,102680.74,102632.29,102691.77,107491.9,102668.44,102695.26,102698.25,102680.35
623188.517702389,2714,102686.9,102637.41,102692.82,107491.9,102674.39,102703.31,102694.22,102691.53
623188.53854948,2715,102689.84,102631.22,102691.77,107491.9,102675.45,102698.21,102693.14,102689.44
623188.55881358,2716,102689.84,102640.39,102687.75,107483.87,102680.54,102685.07,102697.18,102683.49
623188.579455442,2717,102688.76,102636.34,102682.67,107475.83,102670.35,102686.14,102693.14,102658.3
623188.599871051,2718,102685.83,102637.41,102678.65,107467.79,102680.54,102685.07,102695.29,102681.39
623188.624259821,2719,102687.98,102641.46,102690.72,107491.9,102680.54,102686.14,102695.02,102685.42
623188.644649942,2720,102694.93,102633.36,102680.74,107487.88,102680.54,102689.09,102693.14,102682.44
623188.665305283,2721,102673.79,102632.29,102693.7,107467.79,102670.35,102681.04,102690.18,102680.35
623188.68569968,2722,102693.85,102642.53,102682.67,107471.81,102670.35,102685.07,102702.29,102682.44
623188.708140223,2723,102679.66,102640.39,102682.67,107484.99,102672.48,102692.05,102699.33,102675.44
623188.726821188,2724,102677.8,102649.56,102680.58,107501.06,102667.38,102687.21,102700.4,102675.44
623188.747606496,2725,102687.98,102640.39,102681.63,107491.9,102679.48,102690.16,102703.36,102690.49
623188.767921854,2726,102691.99,102643.6,102684.77,107475.83,102672.48,102689.09,102702.29,102681.39
623188.792239517,2727,102690.13,102640.39,102686.7,107475.83,102680.54,102689.09,102699.33,102674.39
623188.812743549,2728,102691.99,102641.46,102681.63,107475.83,102670.35,102686.14,102709.28,102683.49
623188.833303938,2729,102681.81,102635.27,102683.72,107485.64,102680.54,102685.07,102703.36,102681.39
623188.853726467,2730,102689.84,102640.39,102691.77,107471.81,102673.32,102686.14,102694.22,102677.37
623188.874410062,2731,102682.89,102631.22,102684.6,107478.08,102676.51,102689.09,102695.29,102690.49
623188.894863177,2732,102681.81,102641.46,102677.6,107491.9,102683.51,102689.09,102694.22,102673.35
623188.915370765,2733,102696.0,102639.32,102688.79,107491.9,102664.41,102699.28,102691.26,102677.37
623188.935766004,2734,102683.97,102631.22,102690.72,107473.58,102676.51,102695.26,102703.36,102687.51
623188.960210659,2735,102696.0,102639.32,102681.63,107487.88,102684.58,102695.26,102706.32,102683.49
623188.980267625,2736,102690.91,102633.36,102690.72,107477.6,102674.39,102693.12,102694.22,102683.49
623189.001319447,2737,102680.74,102634.43,102682.67,107473.58,102680.54,102695.26,102702.29,102681.39
623189.022333301,2738,102687.98,102636.34,102689.68,107483.87,102671.42,102693.12,102703.36,102679.46
623189.042362996,2739,102680.74,102644.44,102680.58,107479.85,102684.58,102686.14,102705.52,102687.51
623189.06247752,2740,102682.89,102635.27,102680.58,107465.54,102672.48,102691.23,102696.37,102687.51
623189.083464744,2741,102681.81,102635.27,102681.63,107485.64,102668.44,102694.19,102694.22,102689.44
623189.107192745,2742,102684.75,102639.32,102674.63,107491.9,102668.44,102701.17,102699.33,102685.42
623189.127621183,2743,102691.99,102648.49,102680.58,107474.7,102674.39,102694.19,102704.44,102681.39
623189.148251087,2744,102689.84,102632.29,102677.6,107476.95,102680.54,102682.11,102699.33,102681.39
623189.169316689,2745,102685.83,102636.34,102680.58,107482.74,102671.42,102686.14,102705.25,102681.39
623189.189349609,2746,102689.84,102641.46,102686.7,107483.87,102672.48,102693.12,102698.25,102689.44
623189.210425587,2747,102683.97,102633.36,102688.63,107466.67,102666.32,102693.12,102705.52,102685.42
623189.230398536,2748,102682.89,102640.39,102680.58,107467.79,102668.44,102687.21,102700.14,102686.46
623189.251463728,2749,102685.83,102635.27,102688.63,107469.56,102664.41,102685.07,102701.21,102682.44
623189.275188114,2750,102694.14,102635.27,102684.6,107479.85,102671.42,102693.12,102698.25,102679.3
623189.295730395,2751,102693.85,102640.39,102690.72,107482.74,102672.48,102693.12,102689.11,102689.44
623189.316349832,2752,102673.79,102636.34,102690.72,107475.83,102676.51,102695.26,102706.32,102674.39
623189.336763378,2753,102684.75,102633.36,102689.68,107479.85,102684.58,102689.09,102710.36,102687.51
623189.357414613,2754,102681.81,102636.34,102690.72,107483.87,102672.48,102685.07,102701.21,102681.39
623189.377784043,2755,102689.84,102633.36,102694.75,107489.65,102672.48,102685.07,102707.4,102681.39
623189.398413896,2756,102681.81,102641.46,102682.67,107476.95,102670.35,102687.21,102701.21,102685.42
623189.419431135,2757,102685.83,102640.39,102698.77,107467.79,102668.44,102704.38,102714.39,102675.44
623189.444051066,2758,102689.84,102641.46,102681.63,107483.87,102687.55,102695.26,102704.44,102675.44
623189.463715989,2759,102693.85,102632.29,102690.72,107478.72,102679.48,102685.07,102701.21,102672.3
623189.484303158,2760,102688.76,102636.34,102692.65,107471.81,102676.51,102694.19,102695.29,102685.42
623189.504752628,2761,102685.04,102636.34,102676.56,107477.6,102671.42,102693.12,102699.33,102681.39
623189.525459468,2762,102679.95,102631.22,102677.6,107475.83,102680.54,102694.19,102701.21,102682.44
623189.545759922,2763,102689.84,102632.29,102681.63,107491.9,102670.35,102688.02,102693.14,102685.42
623189.566466321,2764,102679.66,102640.39,102688.63,107489.65,102671.42,102682.11,102690.99,102686.46
623189.586905626,2765,102681.81,102636.34,102681.63,107481.62,102674.39,102692.05,102691.26,102682.44
623189.611230851,2766,102694.93,102653.6,102677.6,107472.46,102675.45,102699.28,102693.14,102683.49
623189.63167318,2767,102693.85,102635.27,102684.77,107482.74,102676.51,102689.09,102702.29,102689.44
623189.652308862,2768,102681.81,102631.22,102686.7,107489.65,102679.48,102696.33,102705.25,102681.39
623189.672815169,2769,102689.84,102633.36,102691.77,107473.58,102676.51,102695.26,102701.21,102682.44
623189.693408797,2770,102681.81,102637.41,102681.63,107467.79,102672.48,102685.07,102711.43,102683.49
623189.713821231,2771,102689.84,102634.43,102685.65,107485.64,102676.51,102689.09,102692.07,102684.37
623189.734469342,2772,102693.85,102639.32,102678.65,107493.67,102676.51,102694.19,102701.21,102673.35
623189.754870138,2773,102679.66,102641.46,102690.72,107473.58,102668.44,102687.21,102702.29,102682.44
623189.779210386,2774,102685.83,102633.36,102689.68,107474.7,102676.51,102691.23,102693.14,102682.44
623189.799670252,2775,102681.81,102640.39,102683.72,107465.54,102672.48,102685.07,102698.25,102679.3
623189.820341488,2776,102691.99,102634.43,102674.63,107481.62,102671.42,102689.09,102694.22,102676.32
623189.84090477,2777,102681.81,102637.41,102682.67,107473.58,102682.67,102686.14,102689.11,102689.44
623189.861606622,2778,102691.7,102632.29,102677.6,107471.81,102662.29,102685.07,102685.07,102676.32
623189.881904814,2779,102691.7,102641.46,102689.68,107483.87,102676.51,102693.12,102701.21,102673.35
623189.902759027,2780,102690.91,102644.44,102682.67,107482.74,102672.48,102682.11,102693.14,102681.39
623189.923233044,2781,102690.91,102641.46,102680.58,107491.9,102677.57,102686.14,102703.36,102684.53
623189.947250763,2782,102683.97,102640.39,102686.7,107471.81,102667.38,102687.21,102701.21,102681.39
623189.96769172,2783,102680.74,102635.27,102682.67,107463.77,102670.35,102687.21,102699.33,102680.35
623189.988353953,2784,102681.81,102648.49,102684.6,107483.87,102676.51,102685.07,102707.4,102690.49
623190.009015534,2785,102687.68,102642.53,102685.65,107479.85,102672.48,102690.16,102699.33,102686.46
623190.029569913,2786,102679.95,102633.36,102682.67,107475.83,102674.39,102688.28,102689.11,102673.35
623190.050005542,2787,102681.81,102637.41,102681.63,107479.85,102671.42,102695.26,102699.33,102676.32
623190.070665481,2788,102689.84,102631.22,102674.63,107480.97,102676.51,102690.16,102695.02,102681.39
623190.091244327,2789,102683.97,102641.46,102684.77,107487.88,102676.51,102689.09,102702.29,102689.44
623190.115222806,2790,102700.01,102644.44,102690.72,107483.87,102680.54,102684.0,102693.14,102681.39
623190.135705107,2791,102698.94,102633.36,102674.63,107471.81,102674.39,102679.16,102695.29,102684.37
623190.156310272,2792,102689.84,102625.26,102689.68,107482.74,102682.45,102689.09,102701.21,102681.39
623190.176799854,2793,102687.68,102632.29,102696.68,107479.85,102663.35,102685.07,102699.33,102676.32
623190.197429426,2794,102681.81,102639.32,102686.7,107485.64,102675.45,102685.07,102695.29,102684.37
623190.218080511,2795,102697.86,102632.29,102689.68,107464.42,102676.51,102691.23,102695.29,102681.39
623190.238501329,2796,102693.85,102637.41,102690.72,107466.67,102670.35,102690.16,102703.36,102683.49
623190.262205764,2797,102689.84,102640.39,102681.63,107488.53,102665.26,102686.14,102699.33,102679.3
623190.283233439,2798,102687.68,102641.46,102681.63,107488.53,102675.45,102691.23,102701.21,102672.3
623190.303327131,2799,102686.12,102644.44,102673.58,107475.83,102668.44,102692.31,102697.18,102681.39
623190.324308997,2800,102689.84,102631.22,102685.65,107473.58,102674.39,102696.07,102694.22,102691.53
623190.34446309,2801,102697.86,102637.41,102680.58,107488.53,102672.48,102689.09,102702.29,102677.37
623190.365380959,2802,102697.86,102637.41,102681.63,107478.72,102674.39,102687.21,102703.36,102681.39
623190.385934266,2803,102697.86,102631.22,102685.65,107477.6,102678.42,102694.19,102697.18,102690.49
623190.406742469,2804,102700.01,102648.49,102683.72,107477.6,102671.42,102685.07,102701.21,102676.32
623190.430215845,2805,102697.86,102636.34,102688.63,107483.87,102671.42,102693.12,102685.07,102681.39
623190.450700248,2806,102691.99,102639.32,102690.72,107476.47,102667.38,102689.09,102698.25,102681.39
623190.47128305,2807,102693.85,102644.44,102676.56,107477.6,102672.48,102685.07,102693.14,102686.46
623190.492392769,2808,102681.81,102647.41,102680.58,107473.58,102676.51,102695.26,102697.18,102681.39
623190.512522055,2809,102685.83,102647.41,102681.63,107467.79,102680.54,102695.26,102697.18,102680.35
623190.533433705,2810,102698.94,102632.29,102678.65,107482.74,102680.54,102687.21,102699.33,102683.49
623190.555222041,2811,102689.84,102635.27,102681.63,107478.72,102672.48,102686.14,102698.25,102674.39
623190.575253879,2812,102691.99,102650.63,102686.7,107461.53,102671.42,102687.21,102703.36,102673.35
623190.598215971,2813,102698.94,102623.12,102688.63,107474.7,102672.48,102694.19,102707.4,102681.39
623190.618706423,2814,102692.77,102644.44,102686.7,107476.47,102671.42,102699.28,102701.21,102683.49
623190.639295856,2815,102692.77,102641.46,102682.67,107473.58,102668.44,102693.12,102698.25,102679.3
623190.659733628,2816,102697.86,102647.41,102684.6,107471.81,102674.39,102681.04,102699.33,102679.3
623190.680623074,2817,102681.81,102628.24,102680.58,107483.87,102680.54,102698.21,102697.18,102675.44
623190.70108253,2818,102688.76,102647.41,102681.63,107475.83,102671.42,102691.23,102695.29,102689.44
623190.721885445,2819,102693.85,102631.22,102696.84,107480.49,102662.29,102691.23,102695.02,102678.42
623190.743148986,2820,102689.84,102641.46,102682.67,107488.53,102672.48,102685.07,102698.25,102673.35
623190.766252342,2821,102695.71,102642.53,102686.7,107473.58,102672.48,102694.19,102698.25,102673.35
623190.786723676,2822,102688.76,102637.41,102686.7,107459.76,102670.35,102697.14,102690.99,102682.44
623190.807378236,2823,102689.84,102640.39,102683.72,107491.9,102676.51,102694.19,102709.28,102676.32
623190.827775207,2824,102691.99,102640.39,102687.75,107481.62,102671.42,102691.23,102693.14,102679.3
623190.84874165,2825,102685.83,102639.32,102682.67,107467.79,102674.39,102693.12,102706.32,102689.44
623190.86896002,2826,102689.84,102640.39,102686.7,107474.7,102678.42,102679.16,102695.29,102685.42
623190.889540569,2827,102677.8,102640.39,102686.7,107485.64,102677.57,102687.21,102711.43,102686.46
623190.910033134,2828,102682.89,102645.51,102689.68,107474.7,102677.57,102694.19,102686.15,102685.42
623190.9343131,2829,102689.84,102636.34,102676.56,107476.47,102677.57,102683.19,102692.07,102681.39
623190.954694337,2830,102682.89,102641.46,102683.72,107464.42,102673.32,102687.21,102704.44,102677.37
623190.975323139,2831,102690.91,102641.46,102691.77,107475.83,102678.42,102698.21,102701.21,102681.39
623190.995909747,2832,102683.97,102632.29,102689.68,107485.64,102670.57,102695.26,102693.14,102676.32
623191.016435813,2833,102680.74,102641.46,102682.67,107494.8,102676.51,102686.14,102693.14,102677.37
623191.036930331,2834,102685.83,102637.41,102690.72,107467.79,102670.35,102694.19,102695.29,102681.39
623191.057465571,2835,102689.84,102640.39,102690.72,107469.56,102680.54,102686.95,102705.52,102687.51
623191.077985619,2836,102680.74,102641.46,102690.72,107481.62,102666.32,102687.21,102706.32,102672.3
623191.102316511,2837,102689.84,102637.41,102682.67,107491.9,102684.58,102694.19,102698.25,102681.39
623191.122745491,2838,102689.84,102638.48,102690.72,107464.42,102670.35,102694.19,102701.21,102680.35
623191.143329294,2839,102679.66,102643.37,102686.7,107473.58,102666.32,102686.14,102695.29,102673.35
623191.163826257,2840,102683.97,102642.53,102675.67,107489.65,102673.32,102686.14,102698.25,102674.39
623191.184560518,2841,102681.81,102639.32,102674.63,107491.9,102676.51,102699.28,102702.29,102679.3
623191.205517846,2842,102681.81,102639.32,102687.75,107472.46,102676.51,102682.11,102706.32,102688.39
623191.225793113,2843,102689.84,102639.32,102692.82,107473.58,102678.42,102694.19,102701.21,102677.37
623191.245846554,2844,102696.0,102639.32,102690.72,107478.72,102676.51,102696.33,102701.21,102678.42
623191.270314555,2845,102683.97,102639.32,102674.63,107477.6,102668.23,102685.07,102703.36,102685.42
623191.29085365,2846,102689.84,102639.32,102676.56,107475.35,102672.48,102684.0,102692.07,102680.35
623191.311457014,2847,102685.83,102633.36,102690.72,107469.56,102670.35,102693.12,102704.17,102681.39
623191.331770869,2848,102689.84,102637.41,102690.72,107473.58,102681.61,102689.09,102701.21,102665.3
623191.352468334,2849,102683.67,102639.32,102692.82,107483.87,102670.35,102694.19,102694.22,102690.49
623191.37287488,2850,102688.76,102639.32,102688.79,107477.6,102672.48,102690.16,102705.25,102673.35
623191.393526606,2851,102682.89,102632.29,102680.58,107485.64,102678.42,102687.21,102706.32,102685.42
623191.415176262,2852,102681.81,102636.34,102690.72,107481.62,102671.42,102695.26,102692.07,102677.37
623191.438309933,2853,102688.76,102637.41,102674.63,107476.47,102667.38,102692.31,102703.36,102681.39
623191.458753175,2854,102687.68,102632.29,102690.72,107477.6,102667.38,102685.07,102694.22,102685.42
623191.479350468,2855,102688.76,102640.39,102685.65,107479.85,102684.58,102690.16,102701.21,102676.32
623191.499789443,2856,102691.99,102639.32,102678.65,107477.6,102676.29,102692.05,102706.32,102690.49
623191.520485356,2857,102680.74,102635.27,102686.7,107481.62,102674.39,102685.07,102705.25,102680.35
623191.540912222,2858,102696.78,102633.36,102682.67,107475.83,102672.48,102697.14,102689.91,102681.39
623191.561481794,2859,102685.83,102648.49,102692.82,107496.57,102670.35,102686.14,102702.29,102686.46
623191.585240782,2860,102689.84,102636.34,102692.82,107483.87,102670.35,102687.21,102710.36,102682.44
623191.606314807,2861,102691.7,102650.63,102686.7,107490.78,102668.23,102685.07,102698.25,102675.44
623191.626299824,2862,102693.85,102649.56,102682.67,107481.62,102680.54,102695.26,102702.29,102673.35
623191.647364436,2863,102685.83,102640.39,102691.77,107484.51,102670.35,102693.12,102698.25,102675.28
623191.668375756,2864,102687.68,102639.32,102689.68,107491.9,102678.42,102697.14,102694.22,102674.39
623191.688439332,2865,102691.7,102639.32,102686.7,107493.67,102670.35,102687.21,102697.18,102684.37
623191.708974573,2866,102690.91,102639.32,102688.63,107476.47,102673.54,102697.14,102701.21,102685.42
623191.729502391,2867,102696.78,102637.41,102679.7,107478.72,102672.48,102682.11,102694.22,102670.37
623191.753254739,2868,102700.01,102631.22,102685.65,107479.85,102674.39,102694.19,102703.36,102683.49
623191.773733303,2869,102685.83,102639.32,102687.75,107485.64,102677.36,102691.23,102694.22,102685.42
623191.794346091,2870,102690.91,102643.37,102680.58,107489.65,102670.35,102697.14,102693.14,102675.28
623191.815378623,2871,102691.7,102632.29,102690.72,107477.6,102674.39,102694.19,102709.28,102676.32
623191.835465485,2872,102681.81,102636.34,102698.77,107485.64,102673.54,102697.4,102711.43,102679.3
623191.856494242,2873,102689.84,102633.36,102692.82,107504.6,102678.42,102695.26,102701.21,102676.32
623191.876480321,2874,102682.89,102634.2,102694.75,107507.98,102679.48,102689.09,102696.1,102681.39
623191.897528066,2875,102693.85,102647.41,102686.7,107502.83,102675.45,102687.21,102702.29,102673.35
623191.922041916,2876,102681.81,102647.41,102682.67,107487.41,102670.35,102685.07,102707.4,102681.39
623191.94174686,2877,102689.84,102648.49,102680.58,107494.8,102680.54,102693.12,102694.22,102689.44
623191.96234832,2878,102697.86,102643.37,102690.72,107497.69,102670.35,102693.12,102701.21,102688.39
623191.982846614,2879,102697.86,102636.34,102688.63,107489.65,102671.42,102694.19,102698.25,102685.42
623192.003475075,2880,102690.91,102644.44,102678.65,107492.55,102677.57,102694.19,102697.18,102676.32
623192.023880559,2881,102690.91,102641.46,102689.68,107496.57,102674.39,102697.14,102701.21,102685.42
623192.044545936,2882,102689.84,102637.41,102690.72,107494.8,102670.35,102693.12,102706.32,102681.39
623192.065515303,2883,102689.84,102643.37,102686.7,107493.67,102675.45,102693.12,102700.14,102685.42
623192.089266258,2884,102685.83,102649.56,102690.72,107506.85,102678.42,102691.23,102706.32,102679.3
623192.109721107,2885,102684.75,102641.46,102692.65,107504.6,102678.42,102694.19,102700.14,102681.39
623192.130412663,2886,102689.84,102640.39,102688.63,107504.6,102688.61,102699.28,102697.18,102689.44
623192.150836986,2887,102696.78,102641.46,102681.63,107512.64,102682.45,102694.19,102694.22,102681.39
623192.171466438,2888,102680.74,102645.51,102677.6,107495.44,102670.35,102690.16,102699.33,102685.42
623192.191917561,2889,102693.85,102635.27,102694.75,107512.64,102670.35,102684.0,102697.18,102681.39
623192.212624481,2890,102681.81,102643.37,102682.67,107504.6,102676.51,102688.02,102694.22,102689.44
623192.233103196,2891,102689.84,102639.32,102685.65,107505.73,102684.58,102685.07,102702.29,102687.35
623192.257278854,2892,102694.93,102641.46,102674.63,107512.64,102671.42,102688.28,102709.28,102680.35
623192.27776575,2893,102681.81,102641.46,102689.68,107501.71,102688.61,102695.26,102701.21,102680.35
623192.298476906,2894,102690.91,102640.39,102680.58,107516.66,102671.42,102685.07,102693.14,102673.35
623192.3189945,2895,102690.91,102639.32,102688.63,107505.73,102680.54,102690.16,102695.29,102677.37
623192.339542389,2896,102697.86,102647.41,102678.65,107504.6,102676.51,102699.28,102698.25,102681.39
623192.359887031,2897,102689.84,102636.34,102682.67,107505.73,102662.29,102689.09,102704.44,102681.39
623192.380555943,2898,102693.85,102649.56,102690.72,107533.86,102671.42,102693.12,102693.14,102675.28
623192.400967025,2899,102689.84,102644.44,102689.68,107529.84,102673.32,102694.19,102703.36,102686.46
623192.425291008,2900,102689.84,102640.39,102685.65,107532.73,102662.29,102693.12,102706.32,102681.39
623192.445751304,2901,102681.81,102648.49,102684.6,107517.78,102672.48,102689.09,102697.18,102677.37
623192.466379435,2902,102681.81,102648.49,102681.63,107532.09,102672.48,102699.28,102697.18,102679.3
623192.486801644,2903,102685.83,102637.41,102689.68,107525.82,102672.48,102690.16,102685.07,102678.25
623192.507647945,2904,102675.65,102656.58,102689.68,107513.76,102678.42,102691.23,102701.21,102680.35
623192.527938034,2905,102689.84,102656.58,102683.56,107521.8,102667.38,102690.16,102704.17,102684.37
623192.548754299,2906,102681.81,102637.41,102689.68,107524.7,102672.48,102694.19,102689.11,102680.35
623192.569022375,2907,102689.84,102640.39,102686.7,107519.55,102670.35,102694.19,102707.4,102685.42
623192.593301179,2908,102687.68,102640.39,102673.58,107525.82,102668.23,102690.16,102701.21,102681.39
623192.61381705,2909,102680.74,102641.46,102684.6,107519.55,102670.35,102681.04,102697.18,102680.35
623192.634434224,2910,102689.84,102645.51,102674.63,107523.57,102672.48,102686.14,102699.06,102676.32
623192.654957506,2911,102696.0,102648.49,102688.63,107553.95,102684.58,102695.26,102711.43,102684.37
623192.675443732,2912,102681.81,102635.27,102686.7,107545.91,102676.51,102705.45,102697.18,102688.39
623192.695923007,2913,102681.81,102650.63,102690.72,107535.63,102680.54,102691.23,102693.14,102684.37
623192.716579922,2914,102693.85,102651.46,102689.68,107540.77,102680.54,102693.12,102697.18,102682.44
623192.737328284,2915,102691.7,102645.51,102681.63,107547.68,102668.44,102694.19,102693.14,102687.35
623192.761326484,2916,102697.86,102641.46,102689.68,107536.11,102662.29,102693.12,102693.14,102677.37
623192.781728612,2917,102689.84,102650.63,102685.65,107537.87,102675.45,102687.21,102709.28,102681.39
623192.802419488,2918,102693.85,102639.32,102690.72,107537.87,102676.51,102686.14,102702.29,102681.39
623192.822964102,2919,102692.77,102647.41,102686.7,107539.0,102672.48,102689.09,102708.21,102681.39
623192.8450909,2920,102697.86,102649.56,102689.68,107537.87,102682.45,102685.07,102686.95,102695.39
623192.864224179,2921,102689.84,102641.46,102686.7,107537.87,102678.42,102691.23,102697.18,102681.39
623192.884864228,2922,102679.66,102635.27,102682.67,107533.86,102679.48,102694.19,102695.02,102686.46
623192.908269881,2923,102696.78,102647.41,102686.7,107536.75,102670.35,102692.31,102702.29,102685.42
623192.929347511,2924,102683.67,102648.49,102690.72,107570.02,102670.35,102686.14,102701.21,102681.39
623192.94950531,2925,102685.83,102641.46,102690.72,107548.81,102676.51,102679.16,102693.14,102689.44
623192.970393354,2926,102684.75,102647.41,102688.63,107567.77,102678.42,102691.23,102701.21,102685.42
623192.990503561,2927,102693.85,102643.37,102684.6,107553.95,102672.48,102691.23,102690.99,102671.25
623193.01147441,2928,102690.91,102637.41,102694.75,107557.97,102674.39,102686.14,102693.14,102689.44
623193.031587351,2929,102692.77,102648.49,102689.68,107568.9,102678.64,102697.14,102702.29,102681.39
623193.052617941,2930,102681.81,102645.51,102693.7,107552.82,102680.54,102686.14,102699.06,102681.39
623193.076275876,2931,102682.89,102640.39,102682.67,107551.7,102676.51,102686.14,102701.21,102681.39
623193.096747219,2932,102685.83,102632.29,102688.63,107567.13,102674.39,102688.02,102705.25,102684.37
623193.117337362,2933,102697.86,102646.34,102684.6,107564.88,102680.54,102686.14,102696.1,102688.39
623193.138451619,2934,102679.66,102639.32,102672.53,107561.99,102666.32,102702.24,102697.18,102679.3
623193.158509276,2935,102670.85,102639.32,102690.72,107553.95,102671.42,102689.09,102697.18,102681.39
623193.179514878,2936,102695.71,102640.39,102673.58,107555.72,102673.32,102695.26,102700.94,102691.53
623193.199519515,2937,102685.83,102649.56,102690.72,107591.88,102680.54,102691.23,102699.06,102684.37
623193.22054094,2938,102681.81,102647.41,102685.65,107593.01,102678.42,102699.28,102697.18,102688.39
623193.244315872,2939,102675.65,102647.41,102679.7,107594.13,102672.48,102689.09,102697.18,102675.28
623193.264740114,2940,102696.0,102649.56,102688.63,107586.1,102670.35,102694.19,102694.22,102680.35
623193.285377058,2941,102689.84,102643.37,102685.65,107593.01,102682.45,102695.26,102690.99,102681.39
623193.305815502,2942,102693.85,102641.46,102682.67,107584.97,102687.55,102686.14,102692.07,102679.3
623193.326470173,2943,102685.83,102633.36,102678.65,107588.99,102670.35,102701.17,102701.21,102685.42
623193.346890749,2944,102693.07,102648.49,102682.67,107590.11,102684.58,102685.07,102697.18,102687.35
623193.367529095,2945,102689.84,102653.6,102684.77,107590.11,102670.35,102682.11,102695.02,102673.35
623193.388506234,2946,102697.86,102648.49,102680.58,107591.88,102685.64,102694.19,102701.21,102681.39
623193.412307706,2947,102693.85,102645.51,102689.68,107584.97,102676.51,102686.14,102694.22,102689.44
623193.432754783,2948,102690.91,102647.41,102680.58,107586.1,102670.35,102692.31,102710.36,102673.35
623193.453432388,2949,102687.68,102648.49,102698.77,107580.95,102673.54,102695.26,102706.32,102680.35
623193.473831162,2950,102695.71,102655.51,102688.63,107622.26,102670.35,102696.33,102699.33,102676.32
623193.49457648,2951,102681.81,102648.49,102692.82,107630.3,102687.55,102687.21,102701.21,102681.39
623193.515012439,2952,102693.85,102651.46,102685.65,107620.01,102673.54,102693.12,102703.36,102682.44
623193.535584656,2953,102690.91,102653.6,102673.58,107618.24,102671.42,102685.07,102709.28,102679.3
623193.556042398,2954,102675.65,102651.46,102689.68,107611.97,102669.29,102693.12,102697.18,102690.49
623193.580300411,2955,102679.66,102646.34,102684.6,107621.14,102673.54,102695.26,102701.21,102672.3
623193.600770102,2956,102693.85,102651.46,102673.58,107618.24,102675.45,102695.26,102699.06,102680.35
623193.621383981,2957,102689.84,102641.46,102690.72,107621.14,102680.54,102693.12,102701.21,102675.28
623193.642011901,2958,102687.68,102647.41,102679.7,107621.14,102672.48,102695.26,102694.22,102671.25
623193.662801897,2959,102689.84,102647.41,102690.72,107615.99,102684.58,102694.19,102701.21,102670.21
623193.682970382,2960,102689.84,102648.49,102680.58,107607.96,102671.42,102692.05,102702.29,102676.32
623193.703553324,2961,102687.68,102646.34,102680.58,107599.92,102674.39,102686.14,102709.28,102679.3
623193.723979369,2962,102683.67,102655.51,102689.68,107624.03,102679.48,102691.23,102697.18,102681.39
623193.748308529,2963,102697.86,102655.51,102688.63,107666.47,102684.58,102694.19,102709.28,102681.39
623193.768768485,2964,102692.77,102655.51,102698.77,107653.28,102672.48,102687.21,102690.99,102676.32
623193.789381323,2965,102689.84,102656.58,102684.6,107649.27,102670.35,102691.23,102697.18,102679.3
623193.809885155,2966,102697.86,102647.41,102687.75,107646.37,102670.35,102693.12,102697.18,102680.35
623193.830550292,2967,102693.85,102657.65,102690.72,107657.3,102673.32,102699.28,102701.21,102680.35
623193.850937498,2968,102693.85,102648.49,102686.7,107653.28,102684.58,102695.26,102701.21,102679.3
623193.871831701,2969,102683.67,102638.25,102684.6,107652.64,102669.29,102692.05,102705.25,102677.37
623193.891921367,2970,102687.68,102649.56,102694.75,107648.14,102671.42,102694.19,102701.21,102681.39
623193.916409819,2971,102697.86,102655.51,102680.58,107649.27,102672.48,102690.16,102698.25,102681.39
623193.936823595,2972,102697.86,102649.56,102691.77,107646.37,102666.32,102689.09,102702.29,102679.3
623193.957392886,2973,102689.84,102648.49,102686.7,107653.28,102669.29,102689.09,102701.21,102677.37
623193.977880935,2974,102681.81,102641.46,102682.67,107645.25,102671.42,102687.21,102710.36,102681.39
623193.99867738,2975,102680.74,102656.58,102690.72,107656.18,102680.54,102685.07,102711.43,102677.37
623194.01902754,2976,102693.85,102657.65,102692.65,107703.76,102679.48,102682.11,102710.36,102682.28
623194.039630282,2977,102694.93,102652.53,102698.77,107693.47,102676.51,102688.02,102702.29,102676.32
623194.063716045,2978,102679.66,102646.34,102694.75,107688.33,102680.54,102699.28,102705.25,102685.42
623194.084389954,2979,102681.81,102648.49,102676.56,107684.31,102670.35,102681.85,102702.29,102680.35
623194.104815599,2980,102691.7,102665.75,102682.67,107684.31,102674.39,102687.21,102697.18,102672.3
623194.12541105,2981,102691.7,102661.7,102686.7,107681.41,102678.42,102693.12,102694.22,102680.35
623194.145870084,2982,102688.76,102646.58,102685.65,107680.29,102679.48,102689.09,102709.28,102673.35
623194.166492597,2983,102691.7,102655.51,102690.72,107686.56,102676.51,102697.14,102693.14,102681.39
623194.18701686,2984,102691.7,102652.53,102690.72,107681.41,102680.54,102687.21,102698.25,102680.35
623194.207580824,2985,102689.84,102656.58,102690.72,107680.29,102672.48,102694.19,102699.06,102679.3
623194.231298298,2986,102689.84,102641.46,102690.72,107682.54,102669.29,102689.09,102698.25,102679.3
623194.252380666,2987,102691.7,102657.65,102677.6,107677.4,102674.39,102694.19,102704.17,102672.3
623194.272373946,2988,102679.66,102663.61,102690.72,107699.74,102679.48,102693.12,102695.02,102682.44
623194.293437476,2989,102689.84,102655.51,102698.77,107730.76,102672.48,102691.23,102703.36,102684.37
623194.313917623,2990,102685.83,102657.65,102690.72,107725.62,102674.39,102695.26,102707.13,102681.39
623194.334536148,2991,102687.68,102656.58,102690.72,107726.74,102686.49,102703.31,102701.21,102678.25
623194.354991367,2992,102691.7,102648.49,102689.68,107720.47,102672.48,102690.16,102699.06,102685.42
623194.375677806,2993,102689.84,102656.58,102678.65,107728.51,102666.32,102699.28,102690.99,102679.3
623194.399344575,2994,102681.81,102655.51,102689.68,107717.58,102678.42,102693.12,102692.07,102687.35
623194.419780064,2995,102676.73,102655.51,102682.67,107712.44,102670.35,102701.17,102699.06,102678.25
623194.44045862,2996,102681.81,102654.44,102690.72,107718.71,102670.57,102695.26,102699.06,102681.39
623194.46183284,2997,102687.68,102655.51,102681.63,107722.73,102676.51,102687.21,102697.18,102673.35
623194.48145636,2998,102689.84,102651.46,102688.63,107717.58,102666.32,102690.16,102708.21,102681.39
623194.502586751,2999,102689.84,102654.44,102688.63,107721.6,102663.35,102687.21,102703.36,102686.3
623194.522611068,3000,102681.81,102651.46,102694.75,107722.73,102668.44,102685.07,102701.21,102683.32
623194.54359007,3001,102697.86,102665.75,102684.6,107730.76,102676.29,102692.05,102699.06,102683.32
623194.567339683,3002,102682.89,102660.63,102685.65,107787.02,102672.48,102696.33,102702.29,102681.39
623194.587770595,3003,102703.73,102656.58,102684.6,107776.73,102670.35,102694.19,102701.21,102679.3
623194.60849992,3004,102693.85,102664.68,102690.72,107760.66,102675.45,102697.14,102695.02,102681.39
623194.629092506,3005,102689.84,102655.51,102681.63,107768.7,102675.45,102691.23,102705.25,102679.3
623194.649687496,3006,102683.67,102652.53,102690.72,107776.73,102672.48,102694.19,102705.25,102681.39
623194.669903103,3007,102687.68,102661.7,102689.68,107773.84,102688.61,102698.21,102701.21,102672.3
623194.690513146,3008,102689.84,102665.75,102690.72,107777.86,102686.49,102690.16,102699.06,102696.44
623194.714165532,3009,102696.78,102661.7,102690.72,107760.66,102678.42,102688.28,102714.39,102680.35
623194.735363846,3010,102689.84,102657.65,102694.75,107769.82,102674.39,102692.05,102697.18,102678.25
623194.75582269,3011,102690.91,102657.65,102685.65,107761.78,102677.36,102709.22,102689.11,102681.39
623194.776492013,3012,102695.71,102664.68,102688.63,107767.57,102678.42,102703.31,102707.13,102688.39
623194.796927322,3013,102689.84,102660.63,102689.68,107761.78,102671.42,102701.43,102701.21,102689.44
623194.817546088,3014,102689.84,102664.68,102690.72,107793.93,102678.42,102695.26,102693.14,102689.44
623194.837970801,3015,102697.86,102671.71,102690.72,107842.16,102680.54,102690.16,102710.36,102677.37
623194.858824113,3016,102683.97,102654.44,102678.65,107824.96,102672.48,102701.17,102699.06,102679.3
623194.879214513,3017,102679.66,102663.61,102690.72,107838.14,102678.42,102682.11,102701.21,102691.37
623194.903351613,3018,102697.86,102651.46,102691.77,107824.96,102672.48,102686.14,102701.21,102681.39
623194.92395777,3019,102689.84,102663.61,102690.72,107827.21,102678.42,102697.14,102703.36,102683.32
623194.944542345,3020,102696.0,102659.56,102692.65,107812.9,102678.42,102691.23,102697.18,102679.3
623194.964940918,3021,102687.68,102665.75,102689.68,107823.83,102672.48,102695.26,102701.21,102681.39
623194.985567417,3022,102689.84,102655.51,102689.68,107805.99,102678.42,102696.33,102695.02,102679.3
623195.006016967,3023,102673.79,102661.7,102688.63,107826.08,102670.35,102690.16,102706.32,102679.3
623195.026783907,3024,102681.81,102659.56,102688.63,107826.08,102674.39,102697.14,102694.22,102682.28
623195.049290731,3025,102695.71,102655.51,102697.72,107820.94,102674.39,102694.19,102699.06,102687.35
623195.071347132,3026,102688.76,102659.56,102692.65,107816.92,102672.48,102683.19,102689.91,102673.35
623195.091798065,3027,102691.7,102672.78,102698.77,107857.1,102680.54,102688.02,102696.1,102688.39
623195.11241639,3028,102696.78,102671.71,102686.7,107895.53,102677.36,102689.09,102699.06,102679.3
623195.133272906,3029,102689.84,102663.61,102682.67,107889.25,102676.51,102693.12,102700.14,102679.3
623195.153495253,3030,102680.74,102664.68,102682.67,107891.51,102670.35,102686.14,102685.07,102680.35
623195.17398884,3031,102691.7,102655.51,102694.75,107882.34,102670.35,102677.02,102695.02,102680.35
623195.194555779,3032,102689.84,102660.63,102693.7,107877.2,102671.42,102686.14,102705.25,102680.35
623195.215017918,3033,102679.66,102673.85,102682.67,107876.07,102678.42,102693.12,102705.25,102680.35
623195.239374019,3034,102694.93,102663.61,102697.72,107879.45,102679.48,102695.26,102699.06,102688.39
623195.259898292,3035,102693.85,102663.61,102688.63,107877.2,102674.39,102694.19,102690.99,102679.3
623195.28042502,3036,102685.83,102655.51,102677.6,107865.14,102674.39,102687.21,102698.25,102681.39
623195.301081934,3037,102691.7,102663.61,102688.63,107877.2,102671.42,102691.23,102704.17,102674.23
623195.321698116,3038,102679.66,102671.71,102690.72,107874.31,102670.35,102690.16,102701.21,102687.35
623195.341961726,3039,102689.84,102664.68,102688.63,107886.36,102680.54,102687.21,102695.02,102679.3
623195.362664269,3040,102681.81,102678.74,102687.75,107930.57,102676.51,102687.21,102702.02,102679.3
623195.386398889,3041,102685.83,102679.81,102681.63,107953.55,102674.39,102694.19,102700.14,102688.39
623195.40737751,3042,102695.71,102672.78,102684.6,107937.48,102670.35,102682.11,102701.21,102683.32
623195.427539786,3043,102693.85,102669.8,102681.63,107942.63,102667.38,102687.21,102699.06,102685.42
623195.448468942,3044,102697.86,102671.71,102687.58,107939.73,102670.35,102689.09,102701.21,102684.37
623195.468945333,3045,102681.81,102672.78,102682.67,107939.73,102680.54,102699.28,102695.02,102685.42
623195.489585893,3046,102680.74,102667.66,102681.63,107933.46,102670.35,102684.0,102699.06,102686.3
623195.510046089,3047,102689.84,102671.71,102676.56,107929.44,102682.45,102691.23,102705.25,102665.3
623195.530670273,3048,102697.86,102663.61,102688.63,107935.72,102675.45,102688.02,102699.06,102681.39
623195.554340266,3049,102690.91,102673.85,102690.72,107918.51,102681.61,102695.26,102707.13,102679.3
623195.575387581,3050,102681.81,102671.71,102686.7,107930.57,102674.39,102691.23,102690.99,102680.35
623195.596159069,3051,102693.85,102673.85,102684.6,107922.53,102677.36,102697.14,102688.84,102683.32
623195.616562149,3052,102697.86,102665.75,102689.68,107929.44,102680.54,102698.21,102693.14,102680.35
623195.636755021,3053,102696.78,102678.74,102692.65,107962.72,102679.48,102695.26,102703.1,102678.25
623195.657594592,3054,102685.83,102688.98,102690.72,107994.87,102682.45,102694.19,102697.98,102673.35
623195.678017942,3055,102687.68,102668.73,102688.63,108001.78,102670.35,102703.31,102695.02,102683.32
623195.69869663,3056,102689.84,102679.81,102681.63,107986.83,102674.39,102696.33,102701.21,102683.32
623195.722360443,3057,102689.84,102671.71,102678.65,107985.7,102665.26,102687.21,102703.1,102680.35
623195.742802933,3058,102689.84,102667.66,102686.7,107986.83,102671.42,102694.19,102699.06,102676.32
623195.763477103,3059,102687.68,102671.71,102688.79,107990.85,102671.42,102695.26,102699.06,102679.3
623195.78451896,3060,102691.7,102668.73,102684.6,107990.85,102670.35,102693.12,102705.25,102681.39
623195.804569807,3061,102693.85,102667.66,102690.72,107987.96,102676.51,102688.02,102699.06,102676.32
623195.825595849,3062,102697.08,102679.81,102690.72,107985.7,102680.54,102684.0,102699.06,102683.32
623195.846557755,3063,102693.85,102663.61,102689.68,107977.66,102675.45,102693.12,102696.91,102680.35
623195.86664673,3064,102679.66,102666.59,102686.7,107981.68,102673.32,102697.14,102693.14,102683.32
623195.890381771,3065,102689.84,102679.81,102690.72,107978.79,102676.51,102691.23,102690.99,102678.25
623195.910840005,3066,102690.91,102698.98,102694.75,108025.89,102680.54,102695.26,102697.18,102680.35
623195.931461545,3067,102693.85,102684.93,102685.65,108072.36,102676.51,102685.07,102699.06,102689.44
623195.951942343,3068,102705.88,102690.05,102685.65,108054.02,102670.35,102691.23,102690.99,102684.37
623195.972567439,3069,102693.85,102675.76,102692.65,108055.15,102672.48,102693.12,102708.21,102680.35
623195.993653353,3070,102681.81,102672.78,102685.65,108055.15,102669.29,102693.12,102695.02,102692.42
623196.013634624,3071,102673.79,102671.71,102688.63,108040.84,102670.35,102685.07,102690.99,102683.32
623196.034640536,3072,102691.99,102670.64,102680.58,108037.95,102680.54,102695.26,102701.21,102680.35
623196.058386735,3073,102697.86,102675.76,102688.63,108050.0,102675.45,102697.14,102699.06,102679.3
623196.078862385,3074,102690.91,102679.81,102690.72,108051.13,102674.39,102703.31,102703.1,102682.44
623196.099523846,3075,102689.84,102670.64,102681.63,108040.21,102677.36,102694.19,102701.21,102683.32
623196.120023932,3076,102681.81,102686.0,102686.7,108051.13,102679.48,102693.12,102692.87,102669.16
623196.140643681,3077,102679.66,102672.78,102696.68,108039.08,102686.49,102690.16,102697.18,102685.42
623196.161009354,3078,102688.76,102667.66,102682.67,108041.97,102670.35,102686.14,102693.14,102675.28
623196.181650715,3079,102688.76,102700.05,102690.72,108116.56,102686.49,102693.12,102693.14,102688.39
623196.202081677,3080,102679.66,102691.95,102689.68,108147.59,102672.48,102699.28,102699.06,102689.44
623196.226375794,3081,102679.66,102680.88,102682.67,108135.53,102676.51,102690.16,102697.98,102687.35
623196.246801859,3082,102680.74,102687.91,102682.67,108132.64,102680.54,102701.17,102704.17,102681.39
623196.267473415,3083,102695.71,102688.98,102690.72,108116.06,102675.45,102694.19,102707.13,102681.39
623196.287985951,3084,102693.85,102671.71,102686.7,108128.62,102676.51,102701.17,102701.21,102671.25
623196.308605599,3085,102691.7,102663.61,102686.7,108108.53,102686.49,102694.19,102703.1,102677.21
623196.329053166,3086,102691.99,102683.86,102691.77,108106.27,102665.47,102692.05,102699.06,102676.32
623196.349677311,3087,102693.85,102677.9,102690.72,108111.42,102682.45,102689.09,102697.18,102684.37
623196.370047781,3088,102687.68,102687.91,102686.7,108104.51,102688.61,102681.04,102690.99,102671.25
623196.394410202,3089,102692.77,102673.85,102683.72,108106.27,102678.42,102684.0,102701.21,102683.32
623196.414881145,3090,102697.86,102670.64,102688.63,108107.4,102675.45,102696.07,102701.21,102679.3
623196.435535024,3091,102695.71,102680.88,102686.7,108102.25,102671.42,102694.19,102695.02,102681.39
623196.455924855,3092,102689.84,102679.81,102690.72,108097.1,102674.39,102682.93,102696.1,102680.35
623196.476585604,3093,102689.84,102682.79,102690.72,108107.4,102688.61,102702.24,102698.25,102687.35
623196.4971575,3094,102691.7,102671.71,102689.68,108098.23,102671.42,102695.26,102699.06,102683.32
623196.517612709,3095,102697.86,102680.88,102689.68,108106.27,102671.42,102690.16,102701.21,102677.21
623196.538237224,3096,102689.84,102670.64,102694.75,108094.21,102680.33,102689.09,102701.21,102677.21
623196.562471711,3097,102697.86,102704.1,102694.75,108146.46,102672.48,102703.31,102699.06,102685.42
623196.58293996,3098,102688.76,102688.98,102690.72,108199.83,102674.39,102693.12,102701.21,102671.25
623196.603490713,3099,102677.8,102684.93,102698.77,108195.81,102671.42,102681.04,102697.18,102680.35
623196.623916558,3100,102683.67,102683.86,102692.65,108179.74,102680.54,102683.19,102697.18,102678.25
623196.644585621,3101,102682.6,102680.88,102684.6,108179.74,102670.35,102692.05,102701.21,102678.25
623196.665039467,3102,102695.71,102679.81,102673.58,108178.61,102679.48,102685.07,102695.02,102687.35
623196.685598974,3103,102689.84,102683.86,102688.63,108179.74,102674.39,102699.28,102693.14,102677.21
623196.710033273,3104,102687.68,102679.81,102689.68,108186.64,102670.35,102698.21,102701.21,102678.25
623196.730485247,3105,102688.76,102679.81,102684.6,108170.57,102674.39,102690.16,102709.28,102679.3
623196.750855027,3106,102685.83,102680.88,102690.72,108178.61,102676.29,102686.14,102706.32,102675.28
623196.771572874,3107,102681.81,102690.05,102685.65,108174.59,102676.51,102691.23,102686.95,102687.35
623196.791964547,3108,102693.85,102679.81,102688.63,108175.72,102679.48,102689.09,102702.02,102679.3
623196.812575451,3109,102687.68,102683.86,102682.67,108170.57,102672.26,102692.05,102703.1,102675.28
623196.833179465,3110,102694.93,102717.32,102692.65,108236.0,102670.35,102684.0,102690.99,102673.35
623196.853763299,3111,102688.76,102698.15,102682.67,108271.04,102681.61,102699.28,102704.17,102684.37
623196.877378058,3112,102681.81,102687.91,102701.75,108257.23,102676.51,102703.31,102699.06,102680.35
623196.898452384,3113,102689.84,102679.81,102693.7,108258.99,102675.45,102691.23,102695.02,102683.32
623196.918524293,3114,102689.84,102681.95,102688.63,108260.12,102684.58,102687.21,102701.21,102676.32
623196.939537546,3115,102684.75,102684.93,102683.56,108242.91,102680.54,102691.23,102701.21,102675.28
623196.959926034,3116,102692.77,102679.81,102686.7,108250.95,102666.32,102687.21,102700.14,102687.35
623196.980631381,3117,102689.84,102684.93,102690.72,108248.06,102680.54,102687.21,102699.06,102681.39
623197.001051878,3118,102690.91,102690.05,102685.65,108244.67,102666.32,102693.12,102702.29,102680.35
623197.0223089,3119,102691.7,102681.95,102690.72,108250.95,102670.35,102690.16,102703.1,102680.35
623197.045413748,3120,102683.67,102671.71,102686.7,108248.06,102682.45,102701.17,102699.06,102679.3
623197.066419911,3121,102688.76,102679.81,102690.72,108250.95,102676.51,102698.21,102702.02,102684.37
623197.086447493,3122,102687.68,102679.81,102692.65,108242.91,102673.32,102687.21,102700.14,102679.3
623197.107562119,3123,102697.86,102719.23,102694.75,108319.27,102687.76,102700.36,102697.18,102675.28
623197.12755574,3124,102681.81,102701.12,102691.77,108339.37,102670.35,102693.12,102707.13,102681.39
623197.148578027,3125,102683.97,102683.86,102695.79,108324.42,102673.32,102703.31,102703.36,102683.32
623197.168651688,3126,102679.66,102684.93,102682.67,108308.35,102674.39,102691.23,102702.29,102679.3
623197.189667295,3127,102693.85,102686.83,102690.72,108312.37,102674.39,102694.19,102697.18,102685.25
623197.2133981,3128,102687.68,102688.98,102690.72,108323.29,102674.39,102689.09,102708.21,102692.42
623197.233837886,3129,102693.85,102686.0,102690.72,108323.29,102668.23,102687.21,102685.07,102679.3
623197.255119485,3130,102697.86,102687.91,102694.75,108311.23,102686.49,102695.26,102701.21,102684.37
623197.275040416,3131,102691.99,102678.74,102683.72,108311.23,102678.42,102697.14,102701.21,102681.23
623197.296190676,3132,102698.94,102690.05,102690.72,108323.29,102679.48,102694.19,102701.21,102679.3
623197.316579455,3133,102689.84,102671.71,102690.72,108311.23,102668.44,102695.26,102699.06,102674.23
623197.336657032,3134,102693.85,102681.95,102688.63,108306.08,102682.45,102705.19,102704.17,102683.32
623197.357704267,3135,102683.97,102688.98,102685.65,108299.18,102680.54,102693.12,102693.95,102679.3
623197.382172448,3136,102697.86,102722.2,102692.65,108387.6,102675.45,102693.12,102705.25,102678.25
623197.401854818,3137,102690.91,102700.05,102690.72,108395.63,102676.51,102701.17,102697.18,102685.25
623197.422541937,3138,102689.84,102687.91,102682.67,108380.69,102681.61,102693.12,102708.21,102677.21
623197.443014222,3139,102689.84,102697.07,102690.72,108372.65,102674.39,102694.19,102699.06,102687.35
623197.464338676,3140,102695.71,102688.98,102680.58,108375.54,102678.42,102695.26,102699.06,102681.39
623197.484131833,3141,102697.86,102696.0,102684.6,108375.54,102671.42,102685.07,102693.14,102680.35
623197.50481664,3142,102689.84,102698.15,102687.75,108363.48,102670.35,102698.21,102697.18,102683.32
623197.52516662,3143,102693.85,102694.93,102690.72,108370.39,102670.35,102696.33,102695.02,102678.25
623197.549488509,3144,102693.85,102693.03,102697.72,108363.48,102672.48,102692.05,102702.29,102686.3
623197.570080765,3145,102679.66,102690.05,102690.72,108371.52,102674.39,102695.26,102697.18,102672.3
623197.590536345,3146,102689.84,102690.88,102692.82,108355.44,102684.58,102697.14,102700.14,102669.16
623197.610941138,3147,102689.84,102682.79,102685.65,108354.31,102683.51,102689.09,102712.24,102675.28
623197.631693606,3148,102687.68,102684.93,102682.67,108357.71,102678.42,102691.23,102709.28,102677.21
623197.652110026,3149,102687.68,102740.54,102692.82,108451.9,102679.48,102695.26,102695.02,102681.23
623197.673402723,3150,102697.86,102700.05,102690.72,108449.02,102667.38,102698.21,102701.21,102678.25
623197.693899134,3151,102695.71,102696.0,102686.7,108439.84,102675.45,102695.26,102690.99,102686.3
623197.717484639,3152,102687.68,102696.0,102689.68,108427.79,102671.42,102685.07,102705.25,102683.32
623197.737902241,3153,102693.85,102702.19,102697.72,108427.79,102672.48,102683.19,102697.18,102667.23
623197.75850952,3154,102689.84,102696.0,102689.68,108420.88,102670.35,102694.19,102699.33,102688.39
623197.779076668,3155,102690.91,102693.03,102690.72,108419.75,102675.45,102699.28,102701.21,102687.35
623197.799635584,3156,102697.86,102691.95,102686.7,108427.79,102671.42,102685.07,102702.29,102673.18
623197.819967597,3157,102694.93,102687.91,102691.77,108419.75,102672.48,102702.24,102703.1,102685.25
623197.841222886,3158,102681.81,102687.91,102686.7,108422.64,102678.42,102693.12,102700.14,102680.35
623197.861170347,3159,102683.67,102686.0,102690.72,108419.75,102686.49,102682.93,102700.14,102671.25
623197.885453257,3160,102689.84,102680.88,102690.72,108418.62,102672.48,102691.23,102697.98,102680.35
623197.905929298,3161,102689.84,102691.95,102683.72,108411.71,102667.38,102695.26,102703.1,102679.3
623197.926522135,3162,102689.84,102752.69,102687.75,108484.06,102670.35,102691.23,102701.21,102683.32
623197.94696784,3163,102697.86,102716.25,102682.67,108489.21,102677.36,102687.21,102705.25,102678.25
623197.967582279,3164,102687.68,102691.95,102682.67,108484.06,102670.35,102695.26,102703.1,102684.37
623197.988035656,3165,102692.77,102703.03,102682.67,108480.04,102675.45,102690.16,102695.02,102675.28
623198.008704307,3166,102687.68,102697.07,102685.65,108484.06,102669.29,102707.33,102701.21,102683.32
623198.033046397,3167,102689.84,102694.1,102694.75,108480.04,102670.35,102694.19,102699.33,102678.25
623198.05345149,3168,102695.71,102696.0,102682.67,108476.02,102678.42,102686.14,102707.13,102687.35
623198.073924417,3169,102697.86,102706.24,102690.72,108482.92,102670.35,102691.23,102706.32,102688.39
623198.094618777,3170,102695.71,102696.0,102685.65,108467.98,102676.51,102691.23,102701.21,102671.25
623198.115068828,3171,102689.84,102688.98,102691.77,108482.3,102678.42,102695.26,102701.21,102678.25
623198.135709829,3172,102705.88,102693.03,102690.72,108467.98,102671.42,102694.19,102700.14,102681.23
623198.156138447,3173,102698.94,102696.0,102687.75,108477.15,102671.42,102702.24,102699.06,102674.23
623198.176712906,3174,102689.84,102696.0,102692.65,108463.96,102677.36,102695.26,102699.06,102673.18
623198.200411713,3175,102693.85,102776.99,102694.75,108550.63,102678.42,102686.14,102701.21,102681.23
623198.221472448,3176,102688.76,102711.13,102691.77,108548.36,102675.45,102703.31,102703.1,102681.23
623198.241579811,3177,102688.76,102715.18,102690.72,108539.19,102671.42,102695.26,102697.18,102679.3
623198.262569428,3178,102690.91,102717.32,102690.72,108528.27,102674.39,102679.16,102700.14,102677.21
623198.283006921,3179,102688.76,102705.17,102692.82,108540.33,102682.45,102694.19,102705.25,102691.37
623198.303638366,3180,102696.78,102694.1,102688.63,108524.25,102687.55,102690.16,102705.25,102667.23
623198.324123911,3181,102687.68,102691.95,102692.82,108523.11,102678.42,102682.11,102704.17,102678.25
623198.344719513,3182,102689.84,102696.0,102692.82,108525.38,102679.48,102682.11,102700.14,102675.28
623198.368416566,3183,102691.7,102707.08,102688.63,108524.25,102666.32,102691.23,102701.21,102682.28
623198.389520577,3184,102693.85,102683.86,102693.7,108516.21,102674.39,102695.26,102701.21,102681.23
623198.409552405,3185,102680.74,102689.81,102694.75,108509.31,102664.2,102694.19,102703.1,102679.3
623198.430658319,3186,102693.85,102696.0,102694.75,108515.08,102682.45,102693.12,102696.1,102679.3
623198.450646732,3187,102697.86,102696.0,102684.6,108512.19,102669.29,102696.33,102701.21,102678.25
623198.471687797,3188,102696.78,102834.75,102685.65,108608.65,102670.35,102694.19,102695.02,102678.25
623198.492118249,3189,102697.86,102771.86,102682.67,108608.65,102678.42,102694.19,102695.02,102679.3
623198.512703704,3190,102691.7,102729.47,102691.77,108596.6,102676.51,102693.38,102692.07,102679.3
623198.536425937,3191,102689.84,102712.2,102692.82,108596.6,102680.54,102693.12,102695.02,102685.25
623198.556896729,3192,102687.68,102719.23,102690.72,108592.58,102679.48,102692.31,102707.13,102695.39
623198.577504208,3193,102693.85,102720.3,102690.72,108584.54,102677.36,102694.19,102701.21,102677.21
623198.598015973,3194,102699.72,102712.2,102690.72,108576.5,102674.39,102687.21,102701.21,102683.32
623198.618632185,3195,102691.7,102705.17,102690.72,108572.48,102675.45,102694.19,102703.1,102679.3
623198.639636445,3196,102693.85,102710.06,102682.67,108572.48,102679.48,102688.28,102696.1,102678.25
623198.6599565,3197,102696.78,102712.2,102690.72,108580.52,102669.29,102689.09,102701.21,102682.28
623198.680688647,3198,102688.76,102707.08,102684.6,108571.35,102688.61,102695.26,102709.28,102672.3
623198.704515999,3199,102697.86,102693.86,102690.72,108567.33,102675.45,102695.26,102697.18,102678.25
623198.724942133,3200,102688.76,102720.3,102690.72,108564.44,102668.23,102697.14,102699.06,102682.28
623198.745532197,3201,102689.84,102955.15,102686.7,108672.96,102674.39,102687.21,102700.94,102675.28
623198.765962277,3202,102689.84,102995.64,102688.63,108672.96,102670.35,102691.23,102693.95,102688.39
623198.787020799,3203,102679.66,102987.55,102690.72,108670.08,102674.39,102703.31,102695.02,102671.25
623198.80708723,3204,102688.76,102979.45,102689.68,108658.02,102671.42,102695.26,102697.18,102679.3
623198.828236719,3205,102688.76,102987.55,102689.68,108644.83,102679.48,102694.19,102699.06,102680.35
623198.848239794,3206,102691.7,102995.64,102690.72,108648.85,102674.39,102690.16,102693.14,102675.28
623198.872486079,3207,102681.81,102990.52,102689.68,108643.69,102666.32,102682.11,102699.06,102679.14
623198.893062021,3208,102689.84,103004.82,102683.72,108638.54,102680.54,102690.16,102700.14,102679.3
623198.913502237,3209,102679.66,102998.62,102675.67,108628.75,102678.42,102690.16,102704.17,102684.37
623198.934107062,3210,102683.67,102991.6,102684.6,108632.77,102674.39,102693.12,102702.29,102679.3
623198.955473931,3211,102695.71,103001.6,102682.67,108632.77,102670.35,102695.26,102697.98,102670.21
623198.975111513,3212,102689.84,102990.52,102686.7,108636.79,102670.35,102694.19,102701.21,102678.25
623198.995720144,3213,102693.85,103001.6,102689.68,108614.42,102678.42,102699.28,102711.43,102687.35
623199.016264528,3214,102681.81,103001.6,102693.7,108624.73,102678.42,102688.28,102697.18,102681.23
623199.040464813,3215,102695.71,103003.74,102674.63,108620.71,102682.45,102694.19,102700.14,102683.32
623199.060891439,3216,102697.86,102997.55,102690.72,108620.71,102674.39,102689.09,102705.25,102678.25
623199.08153977,3217,102689.84,103006.72,102686.7,108612.67,102679.48,102695.26,102703.1,102679.3
623199.102017413,3218,102696.78,103003.74,102681.63,108612.67,102673.32,102691.23,102705.25,102671.25
623199.1226895,3219,102681.81,103315.55,102688.63,108733.25,102674.39,102695.26,102695.02,102677.21
623199.143234815,3220,102683.97,103343.9,102685.65,108733.25,102674.39,102695.26,102703.1,102678.25
623199.163872731,3221,102681.81,103319.6,102688.63,108722.94,102670.35,102691.23,102695.02,102687.35
623199.187873274,3222,102691.7,103318.52,102683.72,108710.89,102670.35,102698.21,102701.21,102683.32
623199.208515556,3223,102681.81,103324.73,102682.67,108706.25,102672.48,102695.26,102706.32,102679.3
623199.229120341,3224,102689.84,103307.45,102686.7,108693.06,102674.39,102682.11,102697.98,102675.28
623199.249545454,3225,102689.84,103301.25,102694.75,108705.12,102665.26,102694.19,102697.18,102678.25
623199.270034645,3226,102695.71,103302.33,102682.67,108699.96,102675.23,102694.19,102700.14,102681.23
623199.290719671,3227,102695.71,103311.5,102678.65,108709.14,102669.29,102687.21,102710.36,102675.28
623199.311198346,3228,102687.68,103311.5,102689.68,108691.92,102676.29,102682.93,102704.17,102679.3
623199.331902512,3229,102688.76,103287.2,102689.68,108685.02,102672.48,102702.24,102701.21,102687.35
623199.355497882,3230,102679.66,103302.33,102684.6,108685.02,102685.42,102695.26,102709.28,102683.32
623199.376496683,3231,102685.83,103317.45,102694.75,108709.14,102676.51,102693.12,102701.21,102686.3
623199.396948477,3232,102697.86,103603.08,102690.72,108826.84,102682.45,102683.19,102704.17,102673.18
623199.41771022,3233,102700.01,103663.83,102682.67,108833.74,102670.35,102700.36,102703.1,102678.25
623199.438260442,3234,102690.91,103641.42,102691.77,108825.7,102673.32,102694.19,102700.14,102686.3
623199.458940021,3235,102689.84,103643.58,102688.63,108817.66,102669.29,102694.19,102693.14,102676.16
623199.479167675,3236,102693.85,103625.22,102686.7,108808.49,102678.42,102697.14,102701.21,102679.3
623199.499813102,3237,102687.68,103619.28,102683.72,108795.29,102670.35,102697.14,102701.21,102675.28
623199.52347292,3238,102689.84,103619.28,102693.7,108805.6,102671.42,102687.21,102701.21,102679.3
623199.545082014,3239,102687.68,103617.12,102686.7,108787.25,102677.36,102687.21,102709.28,102686.3
623199.564928843,3240,102679.66,103618.2,102690.72,108797.57,102670.35,102691.23,102693.14,102683.32
623199.585661081,3241,102683.67,103616.04,102690.72,108789.53,102682.45,102701.17,102699.06,102677.21
623199.606036079,3242,102692.77,103612.26,102684.6,108784.37,102667.38,102693.12,102705.25,102678.25
623199.626768227,3243,102688.76,103627.38,102685.65,108779.21,102671.42,102694.19,102702.29,102676.32
623199.647122263,3244,102681.81,103614.15,102689.68,108801.59,102672.26,102699.28,102696.91,102678.25
623199.667714949,3245,102679.66,103951.38,102695.79,109069.76,102670.35,102690.16,102707.94,102673.18
623199.691470352,3246,102689.84,103982.7,102690.72,109047.92,102674.39,102693.38,102700.14,102688.39
623199.712509003,3247,102696.78,103975.68,102688.63,109038.74,102686.49,102694.19,102693.95,102673.18
623199.732658941,3248,102691.7,103955.43,102689.68,109026.68,102673.54,102693.12,102695.02,102683.32
623199.75364335,3249,102679.66,103951.38,102684.6,109022.66,102674.39,102686.14,102709.28,102678.25
623199.773678463,3250,102693.85,103959.48,102681.63,109019.78,102673.32,102690.16,102697.18,102674.23
623199.794785549,3251,102693.85,103950.3,102686.7,109001.43,102678.42,102703.31,102695.02,102674.23
623199.815178714,3252,102698.15,103949.21,102688.79,108997.41,102680.54,102693.12,102699.06,102678.25
623199.835820184,3253,102681.81,103943.28,102689.68,109002.57,102671.42,102690.16,102699.06,102679.3
623199.859482947,3254,102694.93,103942.2,102689.68,108990.51,102678.42,102695.26,102705.25,102669.16
623199.879999098,3255,102679.66,103943.28,102686.7,108990.51,102670.35,102702.24,102701.21,102687.35
623199.900586907,3256,102683.67,103931.13,102688.63,108988.23,102672.26,102700.36,102709.28,102678.25
623199.921173375,3257,102681.81,103931.13,102684.77,108993.39,102673.32,102690.16,102700.14,102687.35
623199.941668635,3258,102681.81,104229.76,102686.7,109391.35,102686.49,102694.19,102697.18,102679.3
623199.962797222,3259,102689.84,104311.86,102683.72,109384.45,102673.32,102693.12,102695.02,102682.28
623199.982720016,3260,102687.68,104299.7,102688.79,109351.15,102670.35,102693.12,102697.18,102686.3
623200.0037869,3261,102697.86,104279.45,102680.58,109332.19,102670.35,102701.17,102708.21,102679.3
623200.027477224,3262,102685.83,104274.32,102694.75,109318.99,102670.35,102687.21,102697.18,102685.25
623200.047955718,3263,102697.86,104267.3,102688.63,109300.03,102679.48,102691.23,102699.06,102683.32
623200.068665402,3264,102691.7,104259.2,102686.7,109304.05,102678.42,102695.26,102693.14,102682.28
623200.089071376,3265,102696.78,104250.01,102682.67,109286.83,102659.1,102697.14,102705.25,102691.37
623200.109703663,3266,102698.94,104252.18,102690.72,109287.97,102684.58,102689.09,102695.02,102676.16
623200.13017749,3267,102689.84,104243.0,102692.82,109287.97,102670.35,102682.11,102703.1,102681.39
623200.150715655,3268,102690.91,104245.17,102695.79,109275.91,102686.49,102684.0,102705.25,102681.23
623200.171238356,3269,102689.84,104243.0,102689.68,109262.71,102678.42,102687.21,102701.21,102681.23
623200.195509208,3270,102681.81,104241.91,102690.72,109266.73,102672.48,102686.14,102692.87,102684.37
623200.215965949,3271,102693.85,104558.94,102679.7,109753.17,102666.32,102694.19,102701.21,102677.21
623200.236638687,3272,102689.84,104693.7,102688.63,109794.52,102665.26,102695.26,102702.29,102678.25
623200.257012754,3273,102689.84,104644.0,102682.67,109739.96,102676.51,102691.23,102701.21,102679.3
623200.277649718,3274,102689.84,104631.85,102687.75,109730.19,102682.45,102695.26,102701.21,102685.25
623200.298108191,3275,102689.84,104631.85,102682.67,109706.07,102674.39,102687.21,102700.14,102679.3
623200.31872151,3276,102693.85,104623.75,102681.63,109698.03,102679.48,102697.14,102701.21,102681.23
623200.339207195,3277,102681.81,104607.55,102698.77,109689.99,102673.32,102690.16,102695.02,102695.39
623200.363477296,3278,102689.84,104607.55,102698.77,109684.82,102670.35,102685.07,102701.21,102685.25
623200.383928228,3279,102682.6,104597.27,102690.72,109657.82,102678.42,102686.14,102699.06,102678.25
623200.404591752,3280,102693.85,104600.53,102690.72,109652.66,102682.45,102683.19,102701.21,102671.25
623200.425115735,3281,102693.85,104601.62,102686.7,109645.76,102675.45,102687.21,102697.18,102681.39
623200.445724146,3282,102685.83,104592.43,102678.65,109643.47,102674.39,102686.14,102701.21,102678.25
623200.466107045,3283,102697.86,104597.27,102682.67,109645.76,102670.35,102689.09,102703.1,102679.3
623200.486743889,3284,102690.62,104984.27,102681.63,110204.62,102682.45,102690.16,102700.14,102675.28
623200.510898986,3285,102693.85,105032.89,102686.7,110308.01,102662.07,102702.24,102699.06,102679.3
623200.531526997,3286,102698.94,105012.63,102688.63,110244.83,102673.32,102687.21,102697.18,102687.35
623200.551957218,3287,102681.81,104995.33,102690.72,110203.47,102670.35,102691.23,102693.14,102675.28
623200.57263292,3288,102685.83,104980.22,102690.72,110187.39,102678.42,102694.19,102703.1,102687.35
623200.593143974,3289,102693.85,104973.21,102688.63,110183.37,102673.32,102694.19,102714.13,102680.35
623200.613645252,3290,102696.78,104976.17,102686.7,110175.33,102680.54,102694.19,102699.06,102675.28
623200.634108614,3291,102693.07,104972.12,102687.58,110159.24,102668.23,102699.28,102699.06,102679.3
623200.654981535,3292,102693.85,104961.83,102682.67,110148.33,102673.32,102692.31,102702.02,102677.21
623200.678912643,3293,102693.85,104964.02,102690.72,110128.8,102682.45,102689.09,102701.21,102678.25
623200.699532741,3294,102693.85,104972.12,102689.68,110132.25,102670.35,102689.09,102700.14,102679.3
623200.720109214,3295,102685.83,104958.88,102694.75,110124.21,102685.42,102703.31,102705.25,102673.18
623200.740644033,3296,102700.01,104959.97,102680.58,110152.35,102674.39,102694.19,102701.21,102679.3
623200.761120975,3297,102693.85,105340.78,102690.72,110856.04,102670.35,102693.12,102699.06,102687.35
623200.781715695,3298,102681.81,105425.85,102681.63,110883.04,102684.36,102700.36,102706.32,102679.3
623200.802124494,3299,102687.68,105377.24,102692.82,110842.82,102670.35,102684.0,102699.06,102685.25
623200.822682688,3300,102693.85,105375.05,102695.79,110806.63,102666.32,102685.07,102693.95,102679.3
623200.846468357,3301,102689.84,105380.19,102694.75,110767.57,102670.35,102694.19,102695.02,102679.3
623200.8675479,3302,102693.85,105358.08,102690.72,110759.53,102670.35,102685.07,102701.21,102679.3
623200.888040065,3303,102693.85,105347.78,102688.63,110733.09,102679.48,102693.12,102701.21,102680.35
623200.908592711,3304,102689.84,105326.43,102682.67,110723.89,102674.39,102687.21,102699.06,102675.28
623200.929105147,3305,102695.71,105330.48,102680.58,110729.07,102682.45,102681.04,102693.95,102684.37
623200.949736482,3306,102685.83,105340.78,102694.75,110703.79,102686.49,102691.23,102699.06,102672.3
623200.970078991,3307,102693.85,105326.43,102690.72,110691.17,102682.45,102695.26,102701.21,102674.23
623200.990812751,3308,102696.78,105335.63,102685.65,110694.03,102673.32,102689.09,102707.4,102678.25
623201.014556396,3309,102689.84,105337.82,102681.63,110767.57,102672.26,102686.14,102701.21,102679.3
623201.035598382,3310,102681.81,105797.5,102678.65,111538.58,102676.29,102689.09,102700.94,102682.28
623201.055862382,3311,102688.76,105805.6,102676.56,111493.17,102680.33,102701.43,102701.21,102679.3
623201.076796005,3312,102681.81,105790.49,102689.68,111458.14,102674.39,102690.16,102697.98,102679.3
623201.096774903,3313,102689.84,105774.29,102694.75,111439.19,102674.39,102695.26,102701.21,102682.28
623201.11785634,3314,102689.84,105765.08,102690.72,111428.29,102673.32,102686.14,102695.02,102669.16
623201.138140289,3315,102687.68,105762.13,102690.72,111411.04,102678.42,102694.19,102697.18,102680.35
623201.158766307,3316,102680.74,105747.78,102684.6,111386.9,102678.42,102683.19,102690.99,102683.32
623201.182501428,3317,102689.84,105748.88,102682.67,111373.68,102664.2,102688.02,102699.06,102674.23
623201.203019843,3318,102685.83,105747.78,102685.65,111360.45,102678.42,102695.26,102703.1,102682.28
623201.223675776,3319,102693.85,105732.67,102676.56,111353.57,102682.45,102695.26,102698.25,102690.32
623201.244152657,3320,102678.88,105737.82,102693.7,111338.64,102669.29,102697.14,102706.06,102682.28
623201.264809441,3321,102689.84,105725.67,102685.65,111333.46,102670.35,102687.21,102697.98,102678.25
623201.287137193,3322,102679.66,105782.39,102691.77,111539.74,102670.35,102687.21,102709.28,102677.21
623201.305745708,3323,102689.84,106280.77,102684.6,112398.21,102672.48,102686.14,102695.02,102674.23
623201.326795146,3324,102689.84,106244.31,102685.65,112218.36,102670.35,102695.26,102690.99,102669.16
623201.350514995,3325,102680.74,106226.99,102690.72,112170.09,102662.29,102692.31,102691.8,102677.21
623201.370991656,3326,102688.76,106196.42,102674.63,112133.88,102674.39,102685.33,102697.98,102677.21
623201.391558033,3327,102690.62,106183.52,102694.75,112108.58,102671.2,102690.16,102692.87,102679.3
623201.412066302,3328,102673.79,106163.26,102680.58,112090.8,102662.29,102692.31,102695.02,102681.23
623201.43269206,3329,102698.94,106144.85,102680.58,112070.69,102678.42,102691.23,102703.1,102689.44
623201.453113577,3330,102692.77,106145.95,102689.68,112053.43,102673.32,102699.28,102688.84,102674.23
623201.473754036,3331,102687.68,106121.64,102689.68,112044.22,102686.49,102687.21,102699.06,102679.3
623201.494220593,3332,102679.66,106111.33,102693.7,112029.3,102670.35,102687.21,102695.83,102688.39
623201.518570594,3333,102695.71,106114.64,102682.67,112022.42,102678.42,102683.19,102704.17,102678.25
623201.538967135,3334,102689.84,106106.54,102689.68,112001.14,102682.45,102685.07,102697.98,102685.25
623201.559612652,3335,102689.84,106090.33,102685.65,112013.21,102678.42,102694.19,102703.1,102687.35
623201.580658254,3336,102696.0,106098.43,102688.79,112005.16,102676.51,102694.19,102699.06,102687.35
623201.600784125,3337,102697.86,106112.43,102690.72,111990.76,102682.45,102692.05,102697.98,102672.14
623201.621353907,3338,102697.86,106090.33,102684.77,112036.17,102678.42,102687.21,102706.06,102687.35
623201.641980425,3339,102693.85,106073.02,102690.72,112068.35,102679.48,102695.26,102711.17,102670.21
623201.662520282,3340,102701.87,106060.86,102686.7,112102.87,102677.36,102694.19,102707.13,102691.37
623201.686572473,3341,102682.89,106080.02,102690.72,112135.05,102678.42,102703.31,102708.21,102674.23
623201.707030537,3342,102693.85,106074.12,102686.7,112135.05,102678.42,102691.23,102706.06,102674.23
623201.727686379,3343,102697.86,106049.81,102690.72,112182.15,102673.32,102693.12,102701.21,102684.37
623201.748078713,3344,102689.84,106048.71,102677.6,112198.25,102670.35,102695.26,102702.02,102679.3
623201.768946787,3345,102697.86,106060.86,102688.63,112199.41,102670.35,102703.31,102704.98,102678.25
623201.789386652,3346,102691.7,106067.86,102690.72,112205.12,102674.39,102682.93,102703.1,102678.25
623201.809765516,3347,102693.85,106061.97,102692.82,112217.19,102673.32,102694.19,102702.02,102677.21
623201.833920993,3348,102692.77,106074.12,102692.82,112247.69,102666.32,102703.31,102697.98,102679.3
623201.854637638,3349,102691.7,106071.91,102681.63,112285.57,102674.39,102699.28,102703.1,102676.16
623201.874994177,3350,102697.86,106055.71,102688.63,112343.06,102686.49,102695.26,102700.94,102678.25
623201.895652243,3351,102688.76,106056.81,102689.68,112434.42,102669.29,102693.12,102704.98,102687.35
623201.916058338,3352,102680.74,106066.02,102690.72,112491.91,102678.42,102679.97,102703.9,102685.25
623201.936729243,3353,102696.78,106074.12,102690.72,112528.12,102675.45,102690.16,102701.21,102678.25
623201.957214447,3354,102697.86,106086.28,102697.72,112576.39,102678.42,102689.35,102685.88,102677.21
623201.97789012,3355,102693.85,106098.43,102690.72,112600.53,102675.45,102686.14,102699.06,102679.3
623202.001945937,3356,102683.97,106106.54,102680.74,112629.87,102676.29,102691.23,102696.91,102671.25
623202.022580577,3357,102689.84,106106.54,102682.67,112647.64,102677.36,102693.12,102711.97,102679.3
623202.042990408,3358,102679.66,106120.54,102690.72,112697.09,102682.45,102691.23,102695.83,102669.16
623202.063647311,3359,102683.97,106105.43,102694.75,112746.54,102674.39,102693.38,102692.87,102679.3
623202.084185877,3360,102705.88,106141.9,102682.67,112797.67,102689.67,102695.26,102692.87,102678.25
623202.105879259,3361,102689.84,106137.85,102685.65,112870.09,102673.32,102695.26,102696.91,102682.28
623202.126194777,3362,102697.86,106163.26,102686.7,112929.26,102678.42,102688.02,102704.98,102681.23
623202.145837396,3363,102697.86,106178.37,102689.68,112993.14,102677.36,102695.26,102702.02,102685.25
623202.16953459,3364,102691.7,106181.32,102690.72,113066.06,102676.51,102693.12,102700.94,102683.32
623202.190610398,3365,102695.71,106194.58,102686.7,113116.69,102681.39,102696.33,102699.06,102685.25
623202.210732273,3366,102693.85,106228.1,102695.79,113155.75,102676.29,102691.23,102692.87,102685.25
623202.231744294,3367,102693.85,106236.94,102681.63,113201.19,102679.48,102697.4,102700.94,102676.16
623202.251912329,3368,102693.85,106260.51,102686.7,113240.25,102667.17,102687.21,102704.98,102687.35
623202.272756466,3369,102689.84,106258.3,102689.68,113284.51,102666.1,102693.38,102704.98,102682.28
623202.294236105,3370,102689.84,106292.93,102689.68,113325.93,102682.45,102695.26,102692.87,102674.23
623202.313814477,3371,102697.86,106308.03,102681.63,113366.16,102678.42,102695.26,102696.91,102679.3
623202.337526634,3372,102687.68,106332.35,102689.68,113408.07,102677.36,102704.38,102695.83,102685.25
623202.358549782,3373,102690.91,106337.5,102689.68,113498.95,102670.35,102698.21,102696.91,102682.28
623202.378608561,3374,102693.85,106369.92,102694.75,113558.13,102669.29,102695.26,102692.87,102677.21
623202.399709878,3375,102685.83,106398.29,102690.72,113598.37,102682.45,102688.28,102696.91,102687.35
623202.419732793,3376,102697.86,106408.23,102694.75,113658.73,102664.2,102695.26,102695.83,102685.25
623202.440802742,3377,102690.91,106438.81,102690.72,113658.73,102678.42,102691.23,102698.79,102680.35
623202.46126383,3378,102693.85,106455.02,102694.75,113694.95,102670.35,102691.23,102691.8,102684.37
623202.48185228,3379,102690.91,106488.54,102690.72,113693.77,102674.39,102697.4,102703.1,102683.32
623202.505602445,3380,102689.84,106503.65,102689.68,113746.08,102677.36,102699.28,102696.91,102671.25
623202.526017152,3381,102698.15,106530.91,102688.63,113792.71,102682.45,102691.23,102695.02,102682.28
623202.546685584,3382,102700.01,106554.11,102688.63,113831.77,102680.33,102686.14,102700.94,102669.16
623202.567214595,3383,102697.86,106600.9,102675.67,113892.14,102668.23,102683.19,102692.87,102678.25
623202.587664956,3384,102697.86,106641.43,102681.63,113951.32,102674.39,102700.36,102693.95,102677.21
623202.608885673,3385,102690.91,106673.85,102689.68,114015.71,102681.39,102695.26,102688.84,102677.21
623202.628856119,3386,102687.68,106698.16,102694.75,114043.88,102677.36,102695.26,102709.01,102686.3
623202.649882111,3387,102701.87,106745.68,102699.82,114076.07,102670.35,102679.16,102705.25,102675.11
623202.673551934,3388,102693.85,106763.0,102689.68,114109.92,102678.42,102691.23,102695.02,102679.3
623202.693988835,3389,102689.84,106778.1,102680.58,114115.13,102676.29,102688.28,102707.13,102677.21
623202.714704208,3390,102689.84,106787.32,102690.72,114145.68,102676.29,102686.14,102696.91,102679.3
623202.735092856,3391,102689.84,106822.68,102690.72,114158.21,102678.42,102699.28,102703.1,102682.28
623202.755702689,3392,102682.89,107199.58,102678.65,115134.64,102670.35,102688.28,102703.1,102678.25
623202.776147772,3393,102670.85,108869.67,102670.6,118718.93,102659.1,102671.11,102679.69,102681.23
623202.797014554,3394,102682.89,109324.92,102678.65,119081.57,102678.42,102687.21,102700.14,102669.16
623202.818646834,3395,102697.86,109300.59,102681.63,118784.63,102669.29,102695.26,102690.99,102685.25
623202.841647474,3396,102689.84,109265.88,102690.72,118704.05,102654.22,102679.16,102680.77,102678.25
623202.862046859,3397,102673.79,109914.68,102666.58,120841.32,102662.29,102681.04,102680.77,102662.16
623202.882610912,3398,102671.93,111458.25,102657.48,124170.13,102649.13,102671.11,102668.66,102647.12
623202.90309785,3399,102681.81,111537.08,102669.55,123733.11,102666.32,102682.11,102687.76,102652.02
623202.923709906,3400,102689.84,111549.25,102682.67,123547.34,102664.2,102686.14,102688.84,102683.32
623202.944152886,3401,102693.85,111553.3,102682.67,123394.24,102674.39,102685.07,102697.98,102669.16
623202.966240856,3402,102681.81,111534.17,102686.7,123290.64,102678.42,102685.07,102696.91,102679.3
623202.988941402,3403,102689.84,111531.27,102686.7,123232.68,102669.29,102694.19,102688.84,102670.21
623203.009659168,3404,102698.94,111539.39,102685.65,123187.03,102670.35,102686.14,102699.06,102683.32
623203.03002391,3405,102696.0,111557.36,102687.75,123153.27,102674.39,102687.21,102699.06,102673.18
623203.050694665,3406,102689.84,111658.78,102678.65,123357.73,102668.23,102683.19,102692.87,102677.21
623203.071131967,3407,102669.78,113143.83,102648.39,123357.73,102641.06,102656.08,102668.93,102634.0
623203.091732886,3408,102669.78,113893.49,102658.53,123357.73,102653.16,102660.92,102669.74,102651.14
623203.112469701,3409,102693.85,113634.91,102678.65,123357.73,102662.29,102685.07,102693.14,102663.05
623203.13277296,3410,102681.81,113565.91,102679.7,123357.73,102668.44,102691.23,102688.84,102678.25
623203.156971643,3411,102673.79,113500.97,102682.67,123357.73,102663.35,102687.21,102693.14,102669.16
623203.177572873,3412,102688.76,113465.62,102679.7,123357.73,102670.35,102691.23,102702.02,102686.3
623203.198193142,3413,102688.76,113453.44,102687.75,123357.73,102669.29,102683.19,102700.14,102678.25
623203.218752308,3414,102685.83,113422.69,102682.67,123357.73,102672.48,102695.26,102708.21,102673.18
623203.239161067,3415,102694.93,113437.21,102678.65,123357.73,102661.22,102687.21,102693.95,102676.16
623203.259694254,3416,102689.84,113436.04,102691.77,123357.73,102670.35,102685.07,102701.21,102673.18
623203.280592824,3417,102694.14,113437.21,102686.7,123357.73,102670.35,102685.07,102705.25,102686.3
623203.300916804,3418,102689.84,113445.33,102681.63,123357.73,102676.29,102687.21,102703.1,102669.16
623203.324964709,3419,102687.68,113454.62,102690.72,123357.73,102679.48,102687.21,102692.07,102683.32
623203.345566049,3420,102680.74,113460.39,102682.67,123357.73,102678.42,102687.21,102701.21,102677.21
623203.366038303,3421,102689.84,113468.5,102690.72,123357.73,102670.14,102698.21,102696.91,102670.21
623203.386665603,3422,102694.93,113476.62,102686.7,123357.73,102681.39,102695.26,102699.06,102669.16
623203.407288105,3423,102690.91,113485.91,102682.67,123357.73,102664.2,102687.21,102692.87,102671.09
623203.427745056,3424,102689.84,113487.09,102681.63,123357.73,102677.36,102687.21,102707.13,102687.35
623203.448167376,3425,102689.84,113511.97,102691.77,123357.73,102669.29,102691.23,102700.14,102684.21
623203.468836078,3426,102693.85,113531.09,102690.72,123357.73,102669.29,102689.09,102704.17,102689.27
623203.492545771,3427,102691.99,113546.79,102690.72,123357.73,102672.48,102696.33,102704.17,102675.28
623203.513698966,3428,102698.94,113561.85,102688.63,123357.73,102672.48,102695.26,102705.25,102685.25
623203.534042425,3429,102691.99,113590.26,102684.77,123357.73,102660.16,102688.28,102699.06,102681.23
623203.554724858,3430,102689.84,113621.56,102689.68,123357.73,102678.42,102696.33,102695.02,102669.16
623203.575116241,3431,102693.85,113638.96,102682.67,123357.73,102665.26,102692.31,102697.98,102677.21
623203.59580319,3432,102697.86,113659.26,102682.67,123357.73,102682.45,102691.23,102699.06,102679.3
623203.616217317,3433,102686.9,113663.32,102680.58,123357.73,102673.32,102691.23,102690.99,102673.18
623203.63719049,3434,102683.67,113691.73,102685.65,123357.73,102674.39,102696.33,102693.14,102681.23
623203.660565196,3435,102688.76,113716.08,102682.67,123357.73,102666.32,102683.19,102693.14,102678.25
623203.682462847,3436,102691.99,113752.61,102690.72,123357.73,102680.54,102691.23,102693.14,102683.32
623203.701696658,3437,102689.84,113771.2,102682.67,123357.73,102670.35,102696.33,102701.21,102677.21
623203.72284756,3438,102681.81,113796.08,102690.72,123357.73,102674.39,102683.19,102701.21,102679.3
623203.742806327,3439,102689.84,113813.49,102682.67,123357.73,102662.29,102687.21,102690.99,102669.16
623203.76503518,3440,102691.99,113821.61,102690.72,123357.73,102676.29,102691.23,102697.98,102679.3
623203.784219346,3441,102689.84,113847.67,102672.53,123357.73,102669.29,102688.28,102699.06,102673.18
623203.804807015,3442,102697.08,113845.96,102694.75,123357.73,102670.14,102691.23,102689.91,102677.21
623203.828582628,3443,102679.66,113858.14,102690.72,123357.73,102674.39,102691.23,102702.02,102677.21
623203.849056024,3444,102681.81,113868.61,102688.79,123357.73,102674.39,102689.09,102702.02,102679.3
623203.869630394,3445,102690.91,113884.2,102686.7,123357.73,102678.42,102696.33,102697.98,102678.25
623203.890710308,3446,102702.17,113905.67,102690.72,123357.73,102677.36,102685.07,102699.06,102669.16
623203.910723227,3447,102693.85,113928.84,102686.7,123357.73,102677.36,102703.31,102706.06,102689.27
623203.931832616,3448,102690.91,113963.67,102690.72,123357.73,102676.29,102689.09,102707.13,102677.21
623203.95176869,3449,102693.85,113998.5,102687.75,123357.73,102678.42,102686.14,102701.21,102678.25
623203.972917087,3450,102689.84,114013.56,102690.72,123357.73,102670.35,102694.19,102706.06,102685.25
623203.996585498,3451,102693.85,114028.62,102689.68,123357.73,102670.35,102691.23,102695.02,102670.21
623204.017065364,3452,102657.74,114052.97,102648.55,123357.73,102628.96,102657.16,102664.89,102648.16
623204.037691462,3453,102681.81,114061.09,102684.77,123357.73,102661.22,102687.21,102685.07,102674.23
623204.058104427,3454,102662.83,115193.72,102650.48,123357.73,102637.03,102663.06,102657.63,102648.16
623204.078739718,3455,102633.67,116934.67,102628.43,123357.73,102601.79,102633.01,102632.34,102620.89
623204.099268809,3456,102649.72,116789.66,102636.48,123357.73,102628.96,102646.96,102659.78,102627.89
623204.11983133,3457,102665.77,116639.38,102663.6,123357.73,102638.09,102667.09,102683.99,102668.28
623204.140859065,3458,102665.77,116563.41,102676.56,123357.73,102663.35,102678.09,102693.14,102669.16
623204.164710133,3459,102681.81,116532.12,102666.58,123357.73,102660.16,102685.07,102692.87,102669.16
623204.185048575,3460,102677.8,116502.49,102668.67,123357.73,102661.22,102681.3,102681.84,102677.21
623204.207647777,3461,102681.81,116497.23,102674.63,123357.73,102668.23,102681.3,102690.99,102669.16
623204.226059024,3462,102690.91,116476.92,102674.63,123357.73,102661.22,102687.21,102695.02,102671.25
623204.246826495,3463,102671.64,116489.1,102673.58,123357.73,102673.32,102686.14,102697.18,102677.21
623204.268013672,3464,102684.75,116466.39,102688.79,123357.73,102666.32,102686.14,102685.88,102668.11
623204.287778586,3465,102685.83,116470.45,102677.6,123357.73,102662.29,102682.11,102695.02,102674.23
623204.311980374,3466,102675.65,116485.04,102675.67,123357.73,102659.1,102685.07,102690.99,102670.21
623204.332655896,3467,102681.81,116486.7,102684.77,123357.73,102662.29,102679.16,102686.95,102683.32
623204.353052707,3468,102683.97,116525.66,102684.77,123357.73,102664.2,102682.11,102694.22,102662.16
623204.37378204,3469,102688.76,116537.84,102678.65,123357.73,102666.32,102683.19,102693.14,102671.25
623204.39413192,3470,102686.12,116559.8,102687.75,123357.73,102653.16,102687.21,102680.77,102669.16
623204.414717316,3471,102693.07,116594.7,102670.6,123357.73,102661.22,102679.16,102686.95,102671.25
623204.435256883,3472,102681.81,116602.82,102680.74,123357.73,102660.16,102683.19,102684.8,102665.14
623204.456253741,3473,102690.91,116649.91,102674.63,123357.73,102667.17,102679.16,102682.92,102669.16
623204.480014572,3474,102677.8,116675.93,102686.7,123357.73,102655.07,102671.11,102690.99,102671.25
623204.500622802,3475,102685.04,116720.61,102682.67,123357.73,102670.35,102678.09,102690.99,102669.16
623204.521094035,3476,102681.81,116755.96,102677.6,123357.73,102663.35,102685.07,102695.02,102668.11
623204.541787845,3477,102685.04,116812.82,102672.53,123357.73,102668.23,102682.11,102680.77,102670.21
623204.562164876,3478,102689.84,116855.85,102683.72,123357.73,102670.35,102695.26,102699.06,102665.14
623204.582976123,3479,102681.81,116863.97,102684.77,123357.73,102671.2,102686.14,102692.07,102678.25
623204.603423981,3480,102681.81,116907.45,102675.67,123357.73,102666.32,102687.21,102697.98,102671.25
623204.623880272,3481,102683.67,116944.0,102687.75,123357.73,102669.29,102693.12,102689.11,102673.18
623204.647999565,3482,102681.81,116976.5,102674.63,123357.73,102662.29,102687.21,102699.06,102669.16
623204.668625872,3483,102693.85,117002.08,102690.72,123357.73,102669.29,102687.21,102699.06,102673.18
623204.689075623,3484,102677.8,117048.4,102678.65,123357.73,102672.26,102687.21,102690.99,102668.11
623204.710466588,3485,102681.81,117100.77,102679.7,123357.73,102669.29,102683.19,102699.06,102666.19
623204.730298193,3486,102689.84,117128.43,102678.65,123357.73,102670.35,102683.19,102695.02,102673.18
623204.750799302,3487,102686.12,117638.63,102666.58,123357.73,102653.16,102675.14,102669.74,102645.03
623204.771279639,3488,102607.74,120323.58,102610.24,123357.73,102584.6,102615.84,102608.13,102587.66
623204.79225845,3489,102637.68,120556.54,102618.29,123357.73,102611.77,102622.82,102642.56,102619.84
623204.815580787,3490,102657.74,120297.95,102642.43,123357.73,102628.96,102649.11,102658.71,102636.98
623204.836632078,3491,102667.92,120234.15,102660.62,123357.73,102634.9,102666.02,102664.63,102645.03
623204.857143922,3492,102668.7,120193.5,102665.53,123357.73,102642.97,102668.97,102673.77,102645.03
623204.877798603,3493,102674.08,120198.8,102660.62,123357.73,102652.1,102661.99,102679.69,102666.19
623204.898151287,3494,102670.85,120190.67,102670.6,123357.73,102650.19,102683.19,102688.84,102654.12
623204.918784885,3495,102677.8,120217.89,102668.67,123357.73,102657.19,102680.23,102688.03,102661.12
623204.941403448,3496,102682.11,120236.98,102679.7,123357.73,102665.26,102670.04,102692.07,102671.25
623204.959905722,3497,102673.79,120269.5,102674.63,123357.73,102651.03,102681.3,102681.84,102673.35
623204.983609596,3498,102677.02,120308.56,102673.58,123357.73,102662.07,102680.23,102682.92,102665.14
623205.004687497,3499,102677.8,120341.08,102689.68,123357.73,102657.19,102685.33,102690.99,102673.18
623205.024806477,3500,102694.14,120395.51,102674.63,123357.73,102662.29,102678.09,102697.98,102661.12
623205.045804768,3501,102679.95,120438.65,102674.63,123357.73,102663.13,102683.19,102687.76,102679.3
623205.065847062,3502,102683.97,120503.69,102682.67,123357.73,102666.32,102683.19,102689.11,102677.21
623205.086822628,3503,102683.67,120533.73,102672.53,123357.73,102661.22,102688.28,102688.84,102674.23
623205.106878013,3504,102683.97,120576.87,102678.65,123357.73,102652.1,102681.04,102690.99,102669.16
623205.128216728,3505,102688.76,120639.43,102682.67,123357.73,102670.35,102688.28,102692.87,102678.25
623205.151614109,3506,102693.07,120690.7,102691.77,123357.73,102667.17,102695.26,102690.99,102687.35
623205.173140589,3507,102696.0,120737.0,102683.72,123357.73,102666.1,102687.47,102703.1,102674.23
623205.192730568,3508,102687.68,120780.14,102680.74,123357.73,102672.48,102693.38,102682.92,102669.16
623205.213782951,3509,102693.07,120828.93,102675.67,123357.73,102665.26,102689.35,102692.87,102665.14
623205.2338416,3510,102689.84,120869.59,102674.63,123357.73,102671.42,102693.38,102699.06,102679.3
623205.254823065,3511,102685.83,120933.39,102682.67,123357.73,102683.73,102688.28,102693.14,102677.21
623205.27483325,3512,102693.85,120994.38,102687.75,123357.73,102661.22,102683.19,102692.87,102685.25
623205.297148884,3513,102666.06,120720.74,102651.53,123357.73,102645.09,102671.11,102654.67,102634.0
623205.319621856,3514,102810.19,115524.28,102795.35,123357.73,102775.21,102778.7,102802.91,102765.71
623205.340143716,3515,102728.88,115276.6,102734.99,123357.73,102717.69,102727.46,102737.26,102726.53
623205.360865208,3516,102706.18,115528.34,102702.8,123357.73,102694.55,102708.4,102715.2,102703.44
623205.381347398,3517,102693.85,115173.42,102678.65,123357.73,102666.1,102685.07,102703.1,102685.25
623205.401856498,3518,102673.79,115361.87,102677.6,123357.73,102659.1,102687.21,102680.77,102667.23
623205.422308582,3519,102684.75,115300.96,102682.67,123357.73,102674.39,102696.33,102690.99,102683.32
623205.442882991,3520,102673.79,115162.92,102666.58,123357.73,102646.16,102671.11,102680.77,102646.07
623205.463763584,3521,102661.75,115570.14,102672.53,123357.73,102660.16,102680.23,102716.01,102686.3
623205.48921376,3522,102668.7,115309.08,102675.67,123357.73,102661.22,102671.11,102689.91,102645.03
623205.508256653,3523,102669.0,115270.86,102658.53,123357.73,102642.97,102667.09,102672.7,102653.07
623205.528805383,3524,102667.63,115307.4,102662.55,123357.73,102652.1,102678.09,102668.66,102645.03
623205.549190085,3525,102685.83,115415.36,102690.72,123357.73,102686.49,102691.23,102688.84,102678.25
623205.570235017,3526,102713.91,115671.65,102707.87,123357.73,102696.46,102703.31,102715.2,102699.41
623205.590327066,3527,102729.95,116163.01,102726.94,123357.73,102718.75,102723.43,102726.23,102713.41
623205.61106966,3528,102713.91,116310.41,102704.72,123357.73,102688.39,102714.31,102729.19,102698.37
623205.63701803,3529,102689.84,115646.09,102690.72,123357.73,102686.49,102703.31,102730.27,102635.05
623205.655626515,3530,102642.77,115276.6,102661.51,123357.73,102638.09,102672.18,102678.88,102636.98
623205.676139031,3531,102667.92,115147.87,102668.67,123357.73,102656.13,102669.23,102672.7,102654.12
623205.696733861,3532,102680.74,115384.55,102659.58,123357.73,102661.22,102689.35,102693.95,102661.12
623205.717228209,3533,102669.78,115299.28,102662.55,123357.73,102658.25,102667.09,102677.81,102659.19
623205.737971824,3534,102661.75,115252.24,102668.67,123357.73,102658.25,102670.04,102682.92,102655.16
623205.758285068,3535,102677.8,115245.31,102658.53,123357.73,102653.16,102671.11,102680.77,102656.05
623205.77944971,3536,102661.75,115230.26,102676.72,123357.73,102648.91,102671.11,102690.99,102663.21
623205.803030949,3537,102689.84,115283.04,102678.65,123357.73,102674.39,102684.26,102690.99,102669.16
623205.823663606,3538,102677.8,115370.69,102678.65,123357.73,102665.26,102687.21,102708.21,102675.28
623205.84413466,3539,102685.83,115383.36,102686.7,123357.73,102677.36,102697.4,102704.98,102684.21
623205.864728118,3540,102689.84,115412.97,102684.77,123357.73,102678.42,102705.45,102697.98,102683.32
623205.885649772,3541,102729.95,116388.77,102723.96,123357.73,102706.65,102732.55,102739.41,102710.44
623205.905900322,3542,102689.84,117213.3,102690.72,123357.73,102665.26,102699.28,102717.35,102687.35
623205.928137697,3543,102666.06,115348.01,102654.51,123357.73,102646.16,102664.13,102679.96,102643.1
623205.946904651,3544,102650.8,115051.62,102661.67,123357.73,102635.97,102649.11,102666.78,102636.98
623205.971041231,3545,102665.77,115154.8,102672.7,123357.73,102648.06,102671.11,102682.92,102649.21
623205.991667448,3546,102754.03,113287.59,102763.16,123357.73,102733.82,102759.65,102761.47,102741.57
623206.012179453,3547,102906.48,106267.51,102945.3,120700.23,102915.31,102926.81,102942.27,102918.57
623206.032772861,3548,103048.75,101592.66,103077.05,111959.75,103055.41,103089.69,103096.71,103079.49
623206.053211655,3549,103095.04,98689.04,103118.35,106282.08,103086.61,103113.83,103110.69,103106.6
623206.073870573,3550,103068.04,93757.54,103079.16,104742.66,103049.47,103067.68,103070.33,103049.41
623206.094233942,3551,102987.02,91681.34,103017.74,104657.23,102983.87,103019.39,103025.94,102988.01
623206.115247556,3552,102924.68,90781.55,102954.4,106625.34,102919.34,102952.84,102941.19,102923.65
623206.13904363,3553,102882.41,90437.01,102891.93,106507.05,102886.01,102904.54,102919.13,102898.46
623206.159691841,3554,102846.3,90399.7,102877.93,106611.5,102863.94,102873.42,102870.71,102864.35
623206.179870031,3555,102827.32,91473.35,102841.72,106931.8,102820.42,102833.17,102852.41,102815.03
623206.200833459,3556,102802.17,91378.31,102807.42,106937.59,102806.41,102824.05,102820.12,102808.03
623206.223153068,3557,102780.25,91326.94,102797.45,106962.82,102783.28,102795.88,102808.02,102789.84
623206.24189135,3558,102770.07,91692.49,102785.37,106961.04,102766.08,102779.78,102780.85,102763.78
623206.26232757,3559,102758.04,92088.47,102755.11,106986.93,102751.01,102763.68,102776.81,102744.55
623206.28286984,3560,102737.98,92211.64,102741.11,106997.2,102730.85,102753.75,102754.48,102729.5
623206.306626525,3561,102733.97,92435.99,102725.01,107011.03,102714.5,102736.58,102747.49,102724.43
623206.327737255,3562,102725.94,92454.1,102732.01,107012.15,102717.69,102731.48,102736.46,102700.3
623206.347698778,3563,102717.92,92429.85,102725.01,107021.31,102702.62,102727.72,102732.42,102715.51
623206.368849709,3564,102723.01,92553.17,102729.04,107020.19,102720.87,102721.55,102723.27,102699.25
623206.389234872,3565,102712.83,92784.5,102716.96,107024.21,102698.58,102723.43,102725.16,102711.48
623206.409898105,3566,102713.91,92784.5,102718.89,107020.19,102694.55,102712.43,102725.42,102706.41
623206.4302976,3567,102714.98,92978.48,102700.87,107027.1,102698.58,102711.36,102716.28,102701.34
623206.450889526,3568,102701.87,93156.31,102700.87,107035.14,102694.55,102706.52,102718.16,102697.32
623206.474624618,3569,102701.87,93381.66,102708.91,107035.14,102694.55,102708.4,102713.05,102704.32
623206.4951619,3570,102716.06,93484.67,102709.96,107053.45,102694.55,102711.36,102713.05,102689.27
623206.51577615,3571,102697.86,93586.7,102708.91,107053.45,102695.61,102699.28,102710.9,102695.39
623206.536845128,3572,102693.85,93626.13,102694.75,107069.52,102689.46,102711.36,102707.13,102693.3
623206.556794481,3573,102704.03,93731.22,102694.75,107049.43,102686.49,102696.33,102709.01,102685.25
623206.577892252,3574,102686.9,93584.73,102691.77,107053.45,102674.39,102687.21,102713.05,102686.3
623206.598872836,3575,102693.85,93820.15,102698.77,107056.35,102681.39,102691.23,102709.01,102685.25
623206.627264984,3576,102693.85,94369.9,102688.79,107066.63,102686.49,102693.38,102700.94,102689.27
623206.649267815,3577,102681.03,94169.76,102683.72,107061.49,102684.36,102703.31,102706.06,102687.35
623206.663635373,3578,102689.84,94457.84,102695.79,107063.26,102682.45,102695.26,102704.98,102694.34
623206.685962524,3579,102708.04,94256.71,102693.86,107064.38,102686.49,102695.26,102706.06,102689.27
623206.715156515,3580,102694.93,94305.22,102694.75,107068.4,102679.26,102695.26,102703.9,102689.27
623206.725656792,3581,102709.11,94374.93,102698.77,107078.68,102686.49,102696.33,102713.05,102693.3
623206.74792242,3582,102697.86,94443.66,102700.87,107078.68,102695.61,102697.4,102713.05,102681.23
