t_pc,sample_idx,S0,S1,S2,S3,S4,S5,S6,S7
11382.180068096,1742,100541.53,97549.75,100540.92,103685.48,100526.81,100530.08,100542.35,100551.02
11382.181659617,1743,100532.46,97564.9,100531.85,103690.58,100534.87,100535.15,100554.44,100555.04
11382.197346354,1744,100528.45,97557.83,100536.9,103694.59,100539.94,100532.0,100539.37,100559.05
11382.218032861,1745,100537.52,97551.75,100527.83,103695.68,100530.84,100534.1,100558.66,100552.05
11382.238564639,1746,100535.41,97564.9,100532.88,103685.48,100536.95,100546.16,100546.57,100555.04
11382.259172503,1747,100537.52,97568.94,100539.89,103697.86,100530.84,100538.12,100539.37,100548.03
11382.279682164,1748,100529.51,97570.99,100542.89,103695.68,100530.84,100550.18,100545.52,100559.05
11382.303451279,1749,100528.45,97575.03,100532.88,103706.62,100524.87,100533.05,100553.58,100549.99
11382.324085962,1750,100537.52,97574.01,100533.91,103708.8,100538.9,100536.02,100541.48,100540.93
11382.344670582,1751,100532.46,97581.07,100531.85,103705.88,100539.94,100536.02,100541.48,100552.05
11382.36541919,1752,100532.46,97578.05,100532.88,103711.72,100525.77,100529.03,100548.49,100559.05
11382.385805377,1753,100530.34,97578.05,100536.9,103726.68,100537.85,100530.08,100548.49,100559.05
11382.40645789,1754,100534.57,97574.01,100531.85,103722.66,100535.91,100538.12,100540.43,100551.02
11382.427018956,1755,100521.5,97582.09,100532.88,103732.87,100538.9,100542.14,100546.57,100551.02
11382.447691401,1756,100528.45,97590.18,100539.89,103722.66,100531.88,100549.13,100540.43,100548.03
11382.471419858,1757,100531.62,97582.09,100532.88,103731.78,100531.88,100530.08,100534.48,100553.08
11382.491996605,1758,100529.51,97597.24,100531.85,103723.75,100536.95,100541.09,100545.52,100538.97
11382.512583892,1759,100534.57,97584.09,100542.89,103726.68,100549.04,100546.16,100538.32,100547.01
11382.533177227,1760,100532.46,97589.16,100538.96,103730.69,100539.94,100530.08,100540.43,100551.02
11382.553897359,1761,100526.34,97594.22,100530.83,103726.68,100530.84,100532.18,100542.54,100541.96
11382.574483666,1762,100529.51,97593.2,100532.88,103725.93,100540.98,100530.08,100540.43,100551.02
11382.5950809,1763,100530.34,97596.22,100534.94,103723.75,100543.97,100545.11,100541.48,100559.05
11382.615671355,1764,100520.44,97598.27,100538.96,103721.57,100531.88,100538.12,100552.52,100551.02
11382.639407816,1765,100529.51,97597.24,100536.9,103727.76,100542.92,100542.14,100541.48,100552.05
11382.659979218,1766,100537.52,97606.35,100533.91,103727.76,100539.94,100542.14,100540.43,100554.01
11382.680527534,1767,100528.45,97601.29,100539.89,103724.84,100538.9,100537.07,100544.46,100551.02
11382.701120407,1768,100528.45,97602.31,100530.83,103867.04,100540.98,100538.12,100540.43,100563.07
11382.721719617,1769,100542.58,97602.31,100532.88,103904.23,100531.88,100539.17,100555.49,100549.06
11382.742368556,1770,100537.52,97606.35,100536.9,103719.74,100534.87,100537.07,100550.6,100549.06
11382.762983719,1771,100524.44,97608.35,100530.83,103711.72,100535.91,100537.07,100550.6,100549.99
11382.783563517,1772,100519.38,97621.5,100536.9,103711.72,100542.02,100530.08,100549.55,100551.02
11382.8072761,1773,100532.46,97613.42,100527.83,103719.74,100531.88,100530.08,100541.48,100544.02
11382.827862771,1774,100536.46,97616.44,100534.94,103715.73,100532.92,100534.1,100541.48,100551.02
11382.848495038,1775,100536.46,97625.55,100531.85,103716.82,100550.08,100542.14,100540.43,100558.03
11382.869091645,1776,100534.57,97614.44,100540.92,103712.81,100540.98,100538.12,100544.46,100551.02
11382.889674205,1777,100525.5,97626.57,100522.79,103711.72,100539.94,100538.12,100540.43,100545.98
11382.910282208,1778,100538.58,97622.53,100530.83,103723.75,100536.95,100538.12,100541.48,100542.99
11382.930869476,1779,100536.46,97631.64,100538.87,103723.01,100542.92,100530.08,100545.52,100548.03
11382.95154647,1780,100538.58,97620.48,100544.94,103729.94,100549.04,100538.12,100553.58,100551.02
11382.975233745,1781,100528.45,97630.61,100540.92,103729.94,100546.95,100533.05,100548.49,100557.09
11382.995826074,1782,100528.45,97622.53,100536.9,103728.11,100546.95,100532.18,100544.46,100560.08
11383.016543016,1783,100533.51,97627.54,100539.89,103711.72,100534.87,100542.14,100540.43,100562.14
11383.037129158,1784,100528.45,97620.48,100538.87,103718.65,100543.97,100536.02,100541.48,100553.08
11383.057695133,1785,100530.57,97630.61,100534.85,103727.76,100542.92,100539.17,100540.43,100552.05
11383.078225597,1786,100532.46,97638.7,100532.88,103728.85,100535.91,100546.16,100548.49,100553.08
11383.098847104,1787,100528.45,97638.7,100535.87,103721.92,100549.04,100538.12,100548.49,100553.08
11383.12262567,1788,100523.39,97641.72,100543.91,103723.75,100540.98,100546.16,100550.6,100552.05
11383.143211619,1789,100530.57,97638.7,100536.9,103729.94,100535.91,100534.1,100541.48,100545.98
11383.163859707,1790,100536.46,97638.7,100538.87,103725.93,100535.91,100534.96,100543.6,100550.09
11383.184369275,1791,100538.58,97638.7,100536.9,103728.85,100538.9,100530.08,100540.43,100565.13
11383.20503661,1792,100530.57,97638.7,100536.9,103719.0,100530.84,100546.16,100550.6,100561.11
11383.22568142,1793,100535.41,97637.67,100540.92,103729.94,100534.87,100546.16,100555.69,100559.05
11383.246176953,1794,100530.57,97630.61,100530.83,103724.84,100532.92,100548.26,100541.48,100547.01
11383.266864263,1795,100532.46,97643.77,100539.89,103729.94,100540.98,100534.1,100537.45,100551.02
11383.290569147,1796,100529.51,97641.72,100532.88,103729.94,100530.84,100537.07,100548.49,100561.11
11383.311128737,1797,100529.51,97646.78,100531.85,103729.94,100533.82,100539.17,100546.57,100558.12
11383.331813235,1798,100535.63,97648.78,100536.9,103729.94,100535.91,100534.1,100557.61,100552.05
11383.352543076,1799,100536.46,97645.76,100530.83,103729.94,100538.9,100534.1,100543.6,100559.05
11383.373095862,1800,100541.53,97639.72,100532.88,103727.76,100530.84,100537.07,100552.52,100560.08
11383.39371091,1801,100529.51,97646.78,100540.92,103733.96,100538.9,100546.16,100541.48,100554.01
11383.414248695,1802,100533.51,97651.85,100532.88,103729.94,100535.91,100546.16,100537.45,100569.14
11383.434776077,1803,100538.58,97662.96,100523.81,103721.92,100542.92,100551.23,100542.54,100555.04
11383.458529631,1804,100532.46,97654.87,100532.88,103729.94,100540.98,100542.14,100544.46,100565.13
11383.479159468,1805,100529.51,97658.91,100532.88,103737.97,100534.87,100543.19,100541.48,100553.08
11383.499715914,1806,100538.58,97654.87,100542.89,103733.96,100538.9,100542.14,100548.49,100560.08
11383.520388751,1807,100540.69,97660.91,100532.88,103728.85,100542.02,100545.11,100550.6,100559.05
11383.540940002,1808,100528.45,97665.01,100529.8,103733.96,100527.85,100538.12,100538.51,100553.08
11383.561539863,1809,100531.4,97653.85,100533.91,103729.94,100539.94,100539.17,100548.49,100555.04
11383.582102399,1810,100529.51,97657.89,100543.91,103719.74,100538.9,100530.08,100544.46,100553.08
11383.602848732,1811,100538.58,97658.91,100532.88,103737.97,100549.04,100537.25,100548.49,100561.11
11383.626515954,1812,100539.63,97673.09,100540.92,103733.96,100543.97,100541.09,100540.43,100556.07
11383.647119395,1813,100532.46,97658.91,100541.95,103724.84,100538.9,100534.1,100544.65,100551.02
11383.667710211,1814,100537.52,97671.04,100538.87,103737.97,100545.01,100537.07,100544.46,100542.99
11383.688387238,1815,100532.46,97671.04,100535.87,103741.98,100539.94,100536.02,100543.4,100556.07
11383.709076739,1816,100535.41,97669.0,100530.83,103721.92,100538.9,100542.14,100543.4,100557.0
11383.72950702,1817,100528.45,97662.96,100528.86,103732.12,100549.04,100533.05,100544.46,100561.11
11383.750123873,1818,100522.55,97675.09,100539.89,103727.76,100551.12,100527.97,100536.4,100553.08
11383.770738447,1819,100540.47,97671.04,100524.84,103724.1,100540.98,100545.11,100547.43,100559.05
11383.794462423,1820,100537.52,97671.04,100539.89,103733.96,100547.99,100546.16,100556.55,100566.06
11383.815066697,1821,100533.51,97669.0,100538.87,103737.97,100539.94,100555.25,100550.6,100555.04
11383.835654882,1822,100538.58,97671.04,100531.85,103745.99,100543.97,100549.13,100542.54,100549.99
11383.856251152,1823,100528.45,97670.02,100536.9,103737.97,100539.94,100537.07,100540.43,100556.07
11383.87685906,1824,100528.45,97678.11,100538.87,103736.13,100528.9,100536.02,100544.46,100559.05
11383.897433891,1825,100537.52,97688.24,100531.85,103737.97,100538.9,100534.1,100558.66,100552.05
11383.918120072,1826,100524.44,97679.13,100536.9,103727.76,100542.02,100530.08,100535.34,100561.11
11383.938794851,1827,100520.44,97679.13,100544.94,103729.94,100533.97,100542.14,100547.43,100556.07
11383.962374093,1828,100528.45,97671.04,100537.93,103732.87,100547.1,100542.14,100555.49,100545.05
11383.983051632,1829,100532.46,97687.22,100531.85,103737.97,100538.0,100542.14,100547.43,100553.08
11384.003750973,1830,100534.57,97679.13,100532.88,103729.94,100542.02,100534.96,100535.34,100556.07
11384.024269108,1831,100536.46,97684.2,100536.9,103740.15,100532.92,100538.99,100553.58,100560.08
11384.044795897,1832,100532.46,97678.11,100534.85,103740.15,100549.04,100533.05,100548.49,100548.03
11384.06568603,1833,100538.58,97679.13,100532.88,103739.8,100540.98,100538.12,100544.46,100552.05
11384.08645125,1834,100538.58,97678.11,100530.83,103736.13,100545.01,100537.07,100549.55,100560.08
11384.107086717,1835,100538.58,97678.11,100530.83,103736.88,100542.02,100530.08,100557.61,100552.05
11384.130375332,1836,100528.45,97683.17,100535.87,103745.99,100543.97,100537.07,100551.46,100563.07
11384.151077604,1837,100528.45,97686.19,100540.92,103733.96,100550.08,100534.1,100536.4,100555.04
11384.171702056,1838,100532.46,97675.09,100540.92,103737.97,100536.95,100540.04,100552.52,100551.02
11384.19233078,1839,100536.46,97687.22,100546.91,103740.15,100528.9,100532.18,100550.6,100551.02
11384.212997275,1840,100528.45,97679.13,100533.91,103737.97,100530.84,100541.09,100549.55,100555.04
11384.23366679,1841,100537.52,97695.3,100546.91,103740.15,100538.9,100537.07,100548.49,100568.12
11384.254347107,1842,100540.69,97691.26,100531.85,103748.17,100545.01,100529.03,100544.46,100552.05
11384.274977416,1843,100537.52,97695.3,100528.86,103737.97,100540.98,100527.97,100549.55,100562.14
11384.298305246,1844,100521.5,97695.3,100538.87,103744.16,100547.99,100548.26,100544.46,100553.08
11384.318965368,1845,100536.46,97694.28,100535.87,103739.06,100546.95,100533.05,100549.55,100557.09
11384.339659844,1846,100524.44,97703.39,100539.89,103748.17,100545.01,100531.13,100544.46,100557.09
11384.360297547,1847,100537.52,97687.22,100526.81,103741.98,100528.9,100538.12,100542.54,100559.05
11384.380967767,1848,100535.63,97699.35,100530.83,103743.81,100538.9,100538.12,100533.42,100557.09
11384.401664551,1849,100536.46,97697.3,100534.85,103733.96,100531.88,100546.16,100557.61,100555.04
11384.422405193,1850,100527.39,97691.26,100530.83,103737.97,100539.94,100550.18,100544.46,100560.08
11384.445639122,1851,100532.46,97697.3,100539.89,103737.97,100542.02,100543.01,100545.52,100551.02
11384.466320635,1852,100538.58,97691.26,100530.83,103745.99,100549.04,100536.02,100546.57,100555.04
11384.486969815,1853,100532.46,97703.39,100531.85,103737.97,100546.95,100529.03,100540.43,100547.01
11384.507672485,1854,100530.57,97712.5,100528.86,103735.79,100545.01,100534.1,100540.43,100551.02
11384.528272131,1855,100537.52,97704.41,100540.92,103748.17,100546.05,100539.17,100548.49,100553.08
11384.54899537,1856,100537.52,97703.39,100532.88,103736.88,100550.08,100546.16,100548.49,100553.08
11384.569605148,1857,100538.58,97695.3,100532.88,103737.97,100549.04,100534.1,100540.43,100542.99
11384.590364531,1858,100529.51,97706.41,100536.9,103737.97,100545.01,100539.17,100553.58,100553.08
11384.613624709,1859,100536.46,97700.37,100531.85,103740.15,100545.01,100542.14,100540.43,100561.11
11384.634256613,1860,100532.46,97706.41,100531.85,103732.12,100547.1,100545.11,100539.37,100553.08
11384.654914551,1861,100530.57,97702.37,100548.96,103744.9,100550.08,100530.08,100540.43,100567.09
11384.675629364,1862,100541.53,97695.3,100532.88,103745.25,100538.0,100539.17,100550.6,100545.05
11384.696310966,1863,100536.46,97713.53,100540.92,103748.17,100531.88,100530.08,100552.52,100555.04
11384.71694597,1864,100532.46,97705.39,100548.96,103739.8,100538.0,100543.19,100545.52,100552.05
11384.737627803,1865,100528.45,97699.35,100539.89,103744.16,100535.91,100540.22,100548.49,100551.02
11384.758230481,1866,100529.51,97710.45,100534.85,103744.16,100545.01,100530.08,100548.49,100552.05
11384.781555569,1867,100535.41,97701.34,100538.87,103745.99,100549.04,100537.07,100544.46,100559.05
11384.802155694,1868,100528.45,97715.52,100548.96,103747.08,100539.94,100549.13,100550.6,100549.06
11384.822761838,1869,100536.46,97709.43,100532.88,103744.16,100540.98,100539.17,100546.57,100551.02
11384.843606674,1870,100534.35,97705.39,100538.87,103748.17,100540.98,100538.12,100547.43,100552.05
11384.864265426,1871,100535.41,97717.52,100524.84,103740.15,100532.92,100529.03,100550.6,100555.04
11384.884894563,1872,100537.52,97715.52,100539.89,103754.01,100538.0,100529.03,100552.52,100556.07
11384.905778201,1873,100545.53,97713.47,100531.85,103739.06,100538.9,100536.02,100550.6,100559.05
11384.926195545,1874,100537.52,97705.39,100539.89,103745.99,100533.97,100538.12,100548.49,100560.08
11384.949565314,1875,100537.52,97718.54,100539.89,103745.99,100542.02,100544.06,100550.6,100559.05
11384.970235206,1876,100521.5,97721.56,100539.89,103745.99,100546.05,100545.11,100532.37,100554.11
11384.990834864,1877,100530.57,97709.43,100530.83,103748.17,100530.84,100539.17,100545.52,100553.08
11385.011571732,1878,100532.46,97717.52,100531.85,103736.88,100538.9,100544.24,100546.57,100555.04
11385.031959086,1879,100533.51,97713.47,100528.86,103745.99,100532.92,100539.17,100544.46,100557.09
11385.052551511,1880,100529.51,97717.52,100538.87,103744.9,100540.98,100540.22,100540.43,100559.05
11385.07312712,1881,100532.46,97722.58,100534.85,103750.0,100540.98,100545.11,100549.55,100542.99
11385.093789114,1882,100536.46,97726.63,100535.87,103752.92,100552.02,100538.12,100536.4,100560.08
11385.117552362,1883,100533.51,97725.6,100548.96,103737.97,100540.98,100546.16,100549.55,100561.11
11385.138099865,1884,100532.46,97722.58,100528.86,103752.92,100542.02,100546.16,100549.55,100560.08
11385.15872836,1885,100529.51,97725.6,100542.98,103740.15,100536.95,100548.26,100542.54,100553.08
11385.179297255,1886,100538.58,97721.56,100548.96,103745.99,100542.92,100545.11,100544.46,100555.04
11385.19992406,1887,100528.45,97724.58,100543.91,103748.17,100539.94,100543.19,100545.52,100547.01
11385.220578017,1888,100536.46,97725.6,100544.94,103740.15,100539.94,100540.22,100532.37,100549.99
11385.241047914,1889,100533.51,97729.65,100532.88,103750.0,100549.04,100539.17,100539.37,100567.09
11385.261710994,1890,100530.57,97734.71,100530.83,103747.08,100551.12,100547.21,100561.64,100553.08
11385.285505172,1891,100532.46,97716.49,100530.83,103736.88,100538.9,100548.26,100540.43,100555.04
11385.306106362,1892,100536.46,97722.58,100536.9,103750.0,100539.94,100550.18,100548.49,100554.01
11385.32671376,1893,100538.58,97726.63,100544.94,103750.0,100543.07,100538.12,100556.55,100559.05
11385.347317911,1894,100537.52,97725.6,100532.88,103750.0,100547.99,100546.16,100551.66,100547.01
11385.367823928,1895,100534.57,97739.78,100532.88,103741.98,100545.01,100530.08,100549.55,100555.04
11385.388449368,1896,100544.48,97744.85,100530.83,103743.81,100539.04,100533.05,100536.4,100561.11
11385.409072978,1897,100528.45,97742.8,100541.95,103745.99,100543.07,100546.16,100557.61,100556.07
11385.429769291,1898,100529.51,97735.74,100539.89,103745.99,100532.92,100542.14,100545.52,100561.11
11385.453407573,1899,100536.46,97735.74,100530.83,103749.26,100534.87,100544.06,100537.45,100559.05
11385.474020896,1900,100542.58,97743.82,100540.92,103752.18,100545.01,100534.1,100551.46,100563.07
11385.494695718,1901,100534.35,97735.74,100536.9,103766.04,100546.05,100542.14,100537.45,100564.1
11385.515240532,1902,100534.57,97734.71,100538.87,103752.18,100539.94,100547.21,100542.54,100555.04
11385.535846688,1903,100533.74,97740.81,100535.87,103752.92,100540.98,100547.21,100547.43,100559.05
11385.556417923,1904,100537.52,97749.92,100531.85,103750.0,100540.98,100538.12,100550.6,100560.08
11385.577040527,1905,100534.57,97729.65,100534.85,103741.98,100530.84,100542.14,100549.55,100546.07
11385.59809417,1906,100529.51,97735.74,100532.88,103748.91,100549.04,100542.14,100540.43,100553.08
11385.62140228,1907,100542.58,97735.74,100531.85,103750.0,100559.18,100538.12,100546.57,100560.08
11385.642032564,1908,100533.51,97747.87,100540.92,103752.18,100532.92,100530.08,100541.48,100553.08
11385.662730632,1909,100529.51,97734.71,100535.87,103745.99,100547.1,100538.12,100545.52,100560.08
11385.683415631,1910,100535.63,97735.74,100540.92,103748.17,100551.12,100534.1,100545.52,100561.11
11385.704141965,1911,100532.46,97741.78,100536.9,103747.08,100538.9,100538.12,100551.66,100551.02
11385.724783101,1912,100537.52,97741.83,100537.93,103753.27,100547.1,100538.12,100551.66,100553.08
11385.745411016,1913,100534.57,97735.74,100547.93,103737.97,100548.14,100549.31,100542.54,100558.03
11385.768686045,1914,100529.51,97732.66,100528.86,103755.1,100543.07,100534.1,100547.63,100551.02
11385.789388796,1915,100544.48,97741.78,100544.94,103749.26,100532.92,100533.05,100549.55,100542.99
11385.809999767,1916,100527.39,97737.73,100539.89,103748.17,100540.98,100538.12,100550.6,100559.05
11385.830678543,1917,100536.46,97746.84,100540.92,103756.19,100538.0,100535.15,100553.58,100551.02
11385.851289394,1918,100534.57,97743.82,100540.92,103753.27,100533.97,100547.21,100536.4,100557.09
11385.872012819,1919,100536.46,97746.84,100535.87,103749.26,100545.01,100534.1,100550.6,100551.02
11385.892678839,1920,100532.46,97751.91,100535.87,103750.0,100542.02,100535.15,100549.55,100565.13
11385.913301606,1921,100538.58,97745.82,100531.85,103745.99,100540.98,100541.27,100550.6,100555.04
11385.936695358,1922,100517.49,97751.91,100536.9,103745.99,100543.07,100537.07,100549.55,100553.08
11385.957351907,1923,100536.46,97750.89,100541.95,103750.0,100542.02,100540.22,100550.6,100558.03
11385.978046839,1924,100528.45,97751.91,100536.9,103744.16,100539.04,100537.07,100551.66,100561.11
11385.998689717,1925,100535.63,97750.89,100530.83,103748.17,100547.1,100541.09,100541.48,100557.09
11386.01934712,1926,100523.39,97747.87,100543.91,103747.08,100545.01,100539.17,100544.65,100553.08
11386.039987623,1927,100538.58,97741.78,100534.85,103740.15,100531.88,100538.12,100542.54,100552.05
11386.060666774,1928,100529.51,97741.78,100533.91,103748.17,100540.98,100545.11,100542.54,100555.04
11386.081335497,1929,100529.51,97752.94,100532.88,103754.01,100550.08,100538.12,100563.75,100561.11
11386.104659298,1930,100533.51,97751.91,100544.94,103754.01,100549.04,100546.16,100551.66,100549.06
11386.125279733,1931,100525.5,97742.8,100542.89,103754.01,100547.1,100546.16,100542.54,100560.08
11386.14597037,1932,100529.51,97751.91,100536.9,103741.98,100536.95,100546.16,100540.43,100552.05
11386.166660415,1933,100534.57,97764.04,100540.92,103745.99,100539.94,100548.26,100542.54,100552.05
11386.187297365,1934,100522.55,97751.91,100540.92,103767.13,100540.98,100545.11,100542.54,100566.16
11386.207959216,1935,100542.58,97761.02,100540.92,103754.01,100530.84,100533.05,100542.54,100542.99
11386.228650755,1936,100538.58,97760.0,100536.9,103750.0,100549.04,100534.1,100550.6,100552.05
11386.24885498,1937,100533.51,97751.91,100532.88,103752.18,100543.97,100539.17,100548.49,100561.11
11386.272596869,1938,100536.69,97756.98,100532.88,103741.98,100550.08,100537.07,100555.69,100559.05
11386.293244085,1939,100521.5,97751.91,100532.88,103756.19,100531.88,100545.11,100551.66,100563.07
11386.313807939,1940,100544.7,97751.91,100532.88,103748.17,100547.1,100524.14,100554.63,100555.04
11386.334402925,1941,100528.45,97761.02,100538.87,103762.03,100546.05,100554.2,100551.66,100547.01
11386.35508119,1942,100538.58,97760.0,100535.87,103757.28,100538.9,100544.24,100541.48,100561.11
11386.375642334,1943,100536.46,97755.95,100541.95,103748.17,100535.91,100538.12,100542.54,100551.02
11386.396237536,1944,100538.58,97747.87,100543.91,103759.11,100539.94,100546.16,100545.52,100556.07
11386.416807535,1945,100542.58,97750.89,100539.89,103748.17,100535.91,100534.1,100550.6,100557.09
11386.440644574,1946,100536.46,97754.93,100538.87,103745.99,100547.1,100534.1,100551.66,100559.05
11386.461371784,1947,100537.52,97755.95,100535.87,103756.19,100542.02,100538.12,100557.61,100560.08
11386.481751171,1948,100536.46,97761.99,100530.83,103758.02,100538.0,100554.2,100541.48,100557.09
11386.502404123,1949,100532.46,97758.97,100535.87,103747.08,100543.97,100546.16,100550.6,100553.08
11386.522905902,1950,100530.57,97757.95,100532.88,103755.1,100545.01,100531.13,100546.57,100560.08
11386.543506798,1951,100537.52,97757.95,100535.87,103756.19,100545.01,100547.21,100550.6,100552.05
11386.564190723,1952,100541.53,97756.98,100539.89,103757.28,100533.97,100539.17,100542.54,100549.06
11386.584760342,1953,100538.58,97769.11,100540.92,103755.1,100540.98,100547.21,100542.54,100549.06
11386.608501851,1954,100537.52,97768.08,100530.83,103748.17,100542.92,100533.05,100542.54,100551.02
11386.629106923,1955,100537.52,97768.08,100539.89,103745.99,100550.08,100540.22,100542.54,100544.02
11386.649697246,1956,100534.57,97757.95,100532.88,103755.1,100532.92,100540.04,100550.6,100561.11
11386.670269643,1957,100536.46,97768.08,100532.88,103757.28,100539.94,100539.17,100548.68,100555.04
11386.690901112,1958,100529.51,97763.02,100536.9,103752.18,100535.01,100539.17,100559.72,100559.05
11386.711501829,1959,100536.46,97766.03,100532.88,103753.27,100546.05,100540.04,100542.54,100556.07
11386.732119537,1960,100526.34,97772.13,100535.87,103748.17,100540.98,100542.14,100534.48,100561.11
11386.752787267,1961,100530.57,97765.07,100538.87,103758.02,100543.07,100546.16,100549.55,100555.04
11386.776486004,1962,100522.55,97758.97,100540.92,103752.18,100534.87,100537.07,100550.6,100551.02
11386.79709709,1963,100538.58,97768.08,100544.94,103750.0,100538.0,100544.24,100545.52,100561.11
11386.817704982,1964,100529.51,97760.0,100537.93,103748.17,100535.01,100548.26,100551.66,100552.05
11386.838607433,1965,100534.57,97755.95,100532.88,103750.0,100543.97,100542.14,100537.45,100559.05
11386.859174894,1966,100536.46,97768.08,100545.97,103747.08,100540.98,100534.1,100549.55,100553.08
11386.879807304,1967,100522.55,97776.17,100540.92,103754.01,100549.04,100542.14,100546.57,100553.08
11386.900437758,1968,100516.43,97790.29,100538.87,103756.19,100536.95,100538.12,100538.51,100559.05
11386.921209461,1969,100540.69,97769.11,100535.87,103747.08,100536.95,100547.21,100541.48,100547.01
11386.944484876,1970,100526.56,97776.17,100540.92,103748.17,100539.04,100537.07,100553.58,100555.04
11386.965155577,1971,100533.51,97780.21,100536.9,103754.01,100555.01,100539.17,100550.6,100561.11
11386.985853102,1972,100534.35,97776.17,100534.85,103752.18,100542.02,100534.1,100542.54,100557.09
11387.006508382,1973,100533.51,97765.01,100534.85,103758.02,100545.01,100542.14,100540.43,100553.08
11387.027143188,1974,100537.52,97779.19,100536.9,103757.28,100540.98,100540.22,100551.66,100557.09
11387.047823416,1975,100530.57,97771.1,100535.87,103762.03,100545.01,100538.12,100540.43,100551.02
11387.068485827,1976,100537.52,97775.15,100536.9,103756.19,100542.02,100540.22,100545.52,100553.08
11387.091751473,1977,100538.58,97776.17,100536.9,103752.18,100542.02,100539.17,100546.57,100542.99
11387.112418525,1978,100532.46,97775.15,100533.91,103748.17,100538.0,100535.15,100542.54,100552.05
11387.133096418,1979,100532.46,97774.12,100540.92,103741.98,100547.1,100540.22,100550.6,100548.03
11387.153698107,1980,100535.41,97771.1,100531.85,103750.35,100551.12,100544.06,100556.55,100560.08
11387.174496964,1981,100533.51,97784.26,100535.87,103760.2,100542.92,100546.16,100552.52,100554.11
11387.195118526,1982,100533.51,97778.16,100540.92,103762.03,100546.05,100538.12,100550.6,100560.08
11387.215798407,1983,100530.57,97768.08,100540.92,103750.0,100551.12,100538.12,100549.55,100560.08
11387.236439418,1984,100530.57,97775.15,100534.94,103756.19,100538.0,100540.22,100549.55,100552.05
11387.259756158,1985,100534.79,97766.03,100540.92,103751.09,100538.0,100535.15,100544.46,100559.15
11387.280336455,1986,100538.58,97782.21,100532.88,103744.16,100543.07,100536.02,100546.57,100561.11
11387.301033299,1987,100545.53,97776.17,100537.93,103760.2,100536.95,100546.16,100546.57,100559.05
11387.321821085,1988,100529.51,97780.21,100531.85,103752.92,100545.01,100550.18,100541.48,100560.08
11387.342382719,1989,100530.57,97780.21,100534.94,103764.21,100543.07,100532.18,100549.55,100565.03
11387.363066217,1990,100545.53,97775.15,100532.88,103747.08,100531.88,100537.07,100550.6,100563.07
11387.383732568,1991,100524.67,97772.13,100529.89,103768.22,100549.04,100551.23,100540.43,100560.08
11387.404401746,1992,100529.51,97774.12,100542.89,103756.19,100535.01,100538.12,100546.57,100561.11
11387.427705856,1993,100534.57,97776.17,100544.94,103748.17,100539.94,100535.15,100546.57,100549.06
11387.448407015,1994,100536.46,97784.26,100536.9,103749.26,100550.08,100539.17,100550.6,100551.02
11387.469057932,1995,100533.51,97784.26,100544.94,103752.18,100554.11,100537.25,100550.6,100563.07
11387.489677969,1996,100537.52,97791.32,100532.88,103745.25,100549.04,100535.15,100545.52,100560.08
11387.510420775,1997,100540.69,97776.17,100537.93,103762.03,100543.07,100531.13,100542.54,100563.07
11387.531031773,1998,100536.46,97775.15,100532.88,103748.17,100551.12,100538.12,100541.48,100552.05
11387.551720019,1999,100536.46,97780.21,100536.9,103750.0,100548.14,100535.15,100544.46,100556.07
11387.572392245,2000,100540.69,97783.23,100538.96,103760.2,100547.1,100537.25,100550.6,100561.11
11387.595685598,2001,100534.57,97778.16,100544.94,103764.21,100536.95,100549.13,100550.6,100551.02
11387.616381005,2002,100537.52,97792.34,100536.9,103748.17,100550.08,100537.07,100540.43,100561.11
11387.637012535,2003,100533.51,97792.34,100541.95,103737.97,100546.05,100546.16,100544.46,100553.08
11387.657660675,2004,100532.46,97786.25,100541.95,103745.99,100532.92,100546.16,100541.48,100552.05
11387.678311042,2005,100541.53,97779.19,100530.83,103748.17,100546.05,100544.06,100545.52,100553.08
11387.698993787,2006,100536.69,97792.34,100545.97,103750.0,100536.95,100526.06,100550.6,100561.11
11387.7197128,2007,100540.47,97791.32,100535.87,103753.27,100553.07,100535.15,100548.49,100542.99
11387.740318348,2008,100538.58,97792.34,100540.92,103745.99,100534.87,100541.09,100542.54,100559.05
11387.763603867,2009,100531.62,97791.32,100540.92,103748.17,100550.08,100540.22,100558.66,100560.08
11387.784378257,2010,100531.62,97783.23,100532.88,103748.17,100533.97,100538.12,100540.43,100552.05
11387.804953324,2011,100540.69,97787.28,100535.87,103764.21,100540.98,100538.12,100549.55,100556.07
11387.825437414,2012,100537.52,97791.32,100536.9,103751.09,100543.07,100554.2,100557.61,100554.11
11387.84604685,2013,100527.62,97790.29,100542.98,103756.19,100536.95,100533.05,100553.58,100564.1
11387.866628357,2014,100540.47,97791.32,100548.96,103748.17,100539.94,100546.16,100546.57,100544.02
11387.88720664,2015,100530.57,97799.41,100540.92,103760.2,100546.05,100547.21,100546.57,100553.08
11387.907814346,2016,100540.47,97792.34,100532.88,103752.18,100540.98,100542.14,100544.65,100549.06
11387.931597091,2017,100538.58,97808.52,100540.92,103751.09,100543.07,100537.07,100548.68,100552.05
11387.952148242,2018,100534.57,97800.43,100531.85,103752.18,100528.9,100538.12,100554.63,100553.08
11387.972751299,2019,100532.68,97790.29,100535.87,103745.99,100536.95,100534.1,100550.6,100552.05
11387.993462788,2020,100538.58,97800.43,100540.92,103752.18,100535.91,100546.16,100542.54,100561.11
11388.013974576,2021,100536.46,97798.38,100540.92,103752.18,100542.02,100538.12,100538.51,100560.08
11388.03467941,2022,100544.48,97795.36,100540.92,103754.36,100551.12,100530.08,100555.69,100558.12
11388.055189883,2023,100546.59,97802.48,100544.94,103748.91,100545.01,100542.14,100551.66,100556.07
11388.075749059,2024,100533.51,97798.38,100536.9,103744.16,100543.07,100542.14,100546.57,100548.03
11388.099531589,2025,100543.64,97792.34,100540.92,103750.0,100536.95,100539.17,100546.57,100555.04
11388.12015355,2026,100544.48,97782.21,100531.85,103754.01,100538.0,100530.08,100548.68,100548.03
11388.140772235,2027,100530.57,97796.39,100540.92,103764.21,100551.12,100534.1,100542.54,100553.08
11388.161364578,2028,100533.51,97796.39,100547.93,103748.17,100535.91,100538.12,100542.54,100556.07
11388.181925548,2029,100537.52,97800.43,100536.9,103740.15,100535.01,100547.21,100540.43,100548.03
11388.202519782,2030,100534.57,97797.36,100532.88,103757.28,100532.92,100548.26,100544.65,100553.08
11388.223117381,2031,100528.45,97798.38,100540.92,103759.11,100543.07,100541.27,100526.42,100557.09
11388.246899145,2032,100532.68,97796.39,100535.87,103751.09,100551.12,100545.11,100551.66,100555.04
11388.267519268,2033,100528.45,97792.34,100524.84,103748.17,100525.91,100541.09,100542.54,100563.07
11388.288071434,2034,100529.51,97814.55,100540.92,103756.19,100538.0,100537.07,100542.54,100562.14
11388.308720382,2035,100529.51,97807.49,100545.97,103758.37,100546.05,100546.16,100542.54,100564.1
11388.329374984,2036,100530.57,97798.38,100530.83,103754.01,100542.02,100543.19,100542.54,100560.08
11388.349882758,2037,100544.7,97804.47,100532.88,103756.19,100542.02,100547.21,100542.54,100553.08
11388.370490081,2038,100532.46,97812.56,100531.85,103756.19,100547.99,100556.3,100550.6,100557.09
11388.391122582,2039,100536.46,97802.42,100534.94,103752.18,100543.97,100534.1,100542.54,100555.04
11388.414853312,2040,100540.69,97807.49,100543.91,103760.2,100535.01,100546.16,100547.63,100552.05
11388.435442067,2041,100540.47,97796.39,100548.96,103757.28,100538.0,100543.19,100541.48,100549.06
11388.456079044,2042,100529.51,97807.49,100531.85,103744.9,100542.02,100550.18,100540.43,100551.02
11388.476754195,2043,100538.58,97798.38,100542.98,103756.19,100539.94,100538.12,100558.66,100557.09
11388.49728757,2044,100528.45,97816.6,100536.9,103755.1,100545.01,100551.23,100544.46,100564.1
11388.517863603,2045,100541.53,97816.6,100530.83,103752.18,100547.99,100539.17,100539.57,100552.05
11388.538462513,2046,100536.46,97794.34,100538.87,103756.19,100545.01,100548.26,100546.77,100552.05
11388.559090193,2047,100529.51,97802.42,100536.9,103748.17,100540.98,100548.26,100543.6,100553.08
11388.582818412,2048,100537.52,97808.52,100527.83,103756.19,100536.95,100538.12,100542.54,100551.02
11388.603433255,2049,100534.57,97816.6,100540.92,103756.19,100539.04,100542.14,100546.57,100549.06
11388.624024198,2050,100537.52,97806.47,100538.87,103752.18,100542.92,100540.22,100550.6,100563.17
11388.644601557,2051,100532.68,97808.52,100542.89,103760.2,100539.94,100540.04,100553.58,100560.08
11388.665540569,2052,100541.53,97800.43,100539.89,103755.1,100549.04,100539.17,100550.6,100553.08
11388.686170005,2053,100538.58,97808.52,100533.91,103764.21,100539.04,100542.14,100554.63,100552.05
11388.70676111,2054,100534.57,97814.55,100539.89,103764.21,100549.04,100545.11,100550.6,100553.08
11388.727487135,2055,100531.62,97806.47,100544.94,103752.18,100543.07,100536.02,100553.58,100560.08
11388.750763315,2056,100536.46,97802.42,100542.98,103756.19,100543.07,100546.16,100545.52,100553.08
11388.771417939,2057,100542.58,97808.52,100539.89,103750.35,100538.0,100542.14,100558.66,100552.05
11388.792063214,2058,100544.48,97807.49,100538.96,103749.26,100540.98,100546.16,100541.48,100568.12
11388.812686776,2059,100535.63,97819.62,100544.94,103749.26,100549.04,100530.08,100552.71,100561.11
11388.833391739,2060,100534.57,97816.6,100540.92,103749.26,100542.02,100532.18,100542.54,100551.02
11388.854023034,2061,100532.46,97808.52,100534.85,103748.17,100532.92,100527.97,100538.51,100562.14
11388.874779375,2062,100532.46,97810.51,100532.88,103749.26,100550.08,100536.2,100559.72,100545.05
11388.895411521,2063,100540.47,97808.52,100535.87,103757.28,100541.88,100547.21,100544.65,100560.08
11388.918722229,2064,100542.58,97800.43,100527.83,103766.39,100532.92,100540.22,100548.68,100559.05
11388.939352133,2065,100533.51,97808.52,100548.96,103752.18,100543.07,100538.12,100543.6,100553.08
11388.959927943,2066,100533.51,97815.58,100536.9,103758.02,100542.02,100526.06,100539.57,100552.05
11388.980564186,2067,100538.58,97804.47,100524.84,103751.09,100542.02,100532.18,100542.54,100555.04
11389.001071629,2068,100546.59,97815.58,100542.98,103752.18,100545.01,100539.17,100545.52,100549.06
11389.0217837,2069,100533.51,97815.58,100536.9,103762.38,100535.91,100546.16,100541.48,100560.08
11389.042340201,2070,100529.51,97807.49,100532.88,103760.2,100540.98,100542.14,100538.51,100551.02
11389.062946139,2071,100536.46,97818.6,100540.92,103756.19,100542.02,100538.12,100550.6,100554.11
11389.086730928,2072,100529.51,97816.6,100532.88,103752.18,100543.07,100556.3,100542.54,100560.08
11389.107449752,2073,100530.57,97808.52,100548.96,103756.19,100543.07,100536.02,100552.71,100556.07
11389.127935445,2074,100536.46,97815.58,100533.91,103766.39,100545.01,100534.1,100558.66,100558.03
11389.148546836,2075,100541.53,97800.43,100535.87,103753.27,100536.05,100538.12,100548.68,100556.07
11389.169096335,2076,100534.57,97812.56,100541.95,103752.18,100543.07,100539.17,100546.57,100561.11
11389.189750857,2077,100523.61,97806.47,100533.91,103748.17,100551.12,100543.19,100547.63,100560.08
11389.210447629,2078,100538.58,97802.42,100540.92,103749.26,100553.07,100531.13,100538.51,100559.05
11389.2309235,2079,100534.57,97811.54,100539.89,103756.19,100551.12,100529.03,100557.61,100553.08
11389.254642377,2080,100537.52,97808.52,100535.87,103749.26,100550.08,100537.07,100546.57,100553.08
11389.27525036,2081,100532.68,97819.62,100535.87,103752.18,100545.01,100550.18,100560.78,100561.11
11389.295880644,2082,100540.69,97818.6,100547.93,103756.19,100539.94,100542.14,100542.54,100553.08
11389.316499992,2083,100536.46,97818.6,100532.88,103750.35,100535.91,100543.19,100542.54,100553.08
11389.337055895,2084,100538.58,97814.55,100532.88,103745.99,100539.04,100547.21,100559.72,100560.08
11389.357633188,2085,100530.57,97815.58,100541.95,103762.03,100536.95,100551.23,100545.52,100555.04
11389.378178058,2086,100533.51,97818.66,100539.89,103753.27,100551.12,100533.05,100559.72,100555.04
11389.398799973,2087,100544.48,97806.47,100543.91,103748.17,100539.04,100538.12,100553.77,100549.06
11389.422624421,2088,100532.68,97818.66,100531.85,103753.27,100543.07,100536.2,100548.68,100565.13
11389.443136115,2089,100530.57,97823.67,100540.92,103748.17,100536.95,100552.28,100545.52,100556.07
11389.463759369,2090,100540.69,97815.58,100535.87,103752.18,100543.07,100550.18,100552.71,100553.08
11389.484389677,2091,100538.58,97811.54,100540.92,103757.28,100546.05,100534.1,100551.66,100560.08
11389.504954373,2092,100529.51,97820.65,100540.92,103752.18,100538.0,100541.27,100559.72,100561.11
11389.525736265,2093,100536.46,97806.47,100533.91,103752.18,100546.05,100532.18,100546.57,100553.08
11389.546211819,2094,100539.63,97811.54,100540.92,103748.17,100536.95,100539.17,100547.63,100563.17
11389.569960718,2095,100529.51,97815.58,100535.87,103748.17,100539.04,100537.07,100551.66,100551.02
11389.590566122,2096,100539.63,97807.49,100540.92,103744.16,100547.1,100542.14,100552.71,100560.08
11389.611131896,2097,100538.58,97824.69,100532.88,103754.36,100543.07,100539.17,100547.63,100562.14
11389.6316978,2098,100534.57,97824.69,100532.88,103749.26,100536.95,100538.12,100534.48,100557.09
11389.652393416,2099,100522.55,97807.49,100536.9,103761.29,100533.97,100542.14,100550.6,100561.11
11389.672978121,2100,100542.58,97819.62,100539.89,103741.24,100542.02,100534.1,100551.66,100560.08
11389.69357776,2101,100537.52,97814.55,100541.95,103749.26,100550.08,100540.22,100551.66,100565.13
11389.7141762,2102,100529.51,97807.49,100542.98,103758.37,100553.21,100547.21,100546.57,100555.04
11389.737929856,2103,100533.51,97815.58,100540.92,103752.18,100551.12,100530.08,100550.6,100555.04
11389.758500129,2104,100530.57,97816.6,100539.89,103749.26,100546.05,100546.16,100566.72,100561.11
11389.779071025,2105,100538.58,97824.69,100532.88,103764.21,100540.98,100546.16,100542.54,100553.08
11389.799775338,2106,100538.58,97816.6,100531.85,103754.36,100546.05,100542.14,100543.6,100561.11
11389.820464628,2107,100538.58,97815.58,100540.92,103754.01,100546.95,100547.21,100543.6,100557.09
11389.840936003,2108,100536.46,97816.6,100540.92,103748.17,100545.01,100538.12,100548.68,100549.06
11389.861520607,2109,100536.46,97808.52,100530.83,103756.19,100543.07,100540.04,100547.63,100559.05
11389.882114235,2110,100522.55,97812.56,100538.96,103745.99,100543.07,100534.1,100542.54,100562.14
11389.905858531,2111,100540.69,97815.58,100539.89,103748.17,100531.88,100537.07,100546.57,100561.11
11389.926473718,2112,100540.69,97818.6,100531.85,103754.36,100533.97,100552.28,100545.52,100561.11
11389.947158941,2113,100530.57,97810.51,100539.89,103754.36,100536.95,100538.12,100542.54,100564.1
11389.967734893,2114,100528.45,97806.47,100540.92,103744.16,100547.1,100529.03,100553.58,100553.08
11389.988332355,2115,100522.55,97808.52,100542.98,103754.36,100546.05,100549.31,100541.48,100561.11
11390.008901441,2116,100530.57,97812.56,100538.96,103756.19,100549.04,100538.12,100540.62,100547.01
11390.029518818,2117,100538.58,97818.6,100529.89,103758.37,100539.04,100541.27,100541.48,100556.07
11390.050070312,2118,100538.58,97806.47,100542.98,103757.28,100540.98,100550.37,100547.63,100556.07
11390.073858682,2119,100528.45,97815.58,100532.88,103764.21,100545.01,100550.18,100542.54,100556.07
11390.094459524,2120,100530.57,97817.63,100541.95,103749.26,100534.87,100544.06,100547.63,100553.08
11390.115018536,2121,100533.51,97816.6,100536.9,103754.36,100551.12,100538.12,100550.6,100561.11
11390.135602667,2122,100541.53,97820.65,100537.93,103745.25,100553.07,100539.17,100544.65,100561.11
11390.156226233,2123,100525.5,97816.6,100524.84,103758.37,100542.02,100536.02,100547.63,100553.08
11390.176783512,2124,100528.45,97811.54,100527.83,103750.35,100539.04,100540.22,100548.68,100553.08
11390.197417015,2125,100541.53,97824.69,100540.92,103756.19,100539.04,100537.07,100552.71,100560.08
11390.2179695,2126,100542.58,97823.67,100536.9,103752.18,100538.9,100541.09,100542.54,100553.08
11390.241763549,2127,100538.58,97806.47,100534.94,103752.18,100549.04,100544.24,100542.54,100565.13
11390.262372758,2128,100534.57,97809.49,100533.91,103754.36,100538.9,100542.14,100550.6,100561.11
11390.282931456,2129,100526.56,97808.52,100535.87,103750.35,100532.92,100534.1,100550.6,100551.02
11390.303535195,2130,100538.58,97823.67,100544.94,103758.37,100536.05,100532.18,100550.6,100567.18
11390.324137246,2131,100528.45,97816.6,100540.92,103747.08,100545.01,100534.1,100542.54,100563.17
11390.34471222,2132,100528.45,97820.65,100532.88,103762.38,100550.08,100546.16,100552.71,100561.11
11390.365305483,2133,100537.52,97824.69,100532.88,103765.3,100536.95,100539.17,100550.6,100555.04
11390.385950302,2134,100534.57,97820.65,100540.92,103749.26,100535.91,100534.1,100542.54,100551.02
11390.409710627,2135,100532.46,97814.55,100535.87,103748.17,100543.07,100557.36,100559.72,100552.05
11390.43043073,2136,100528.45,97820.65,100540.92,103761.29,100536.05,100534.1,100558.66,100552.05
11390.45094073,2137,100538.58,97811.54,100543.91,103763.12,100540.98,100544.24,100544.46,100552.05
11390.471544281,2138,100537.52,97806.47,100536.9,103764.21,100532.92,100548.26,100543.6,100553.08
11390.492130508,2139,100542.58,97815.58,100529.89,103752.18,100542.02,100539.17,100550.6,100554.11
11390.512728587,2140,100534.57,97816.6,100540.92,103765.3,100542.02,100544.24,100546.57,100566.16
11390.533330801,2141,100534.57,97816.6,100540.92,103754.36,100548.14,100554.2,100550.6,100551.02
11390.553922066,2142,100530.57,97824.69,100540.92,103762.38,100544.11,100549.13,100542.54,100555.04
11390.577684025,2143,100533.51,97818.6,100536.9,103753.27,100539.04,100546.16,100541.48,100561.11
11390.598333891,2144,100529.51,97816.6,100529.89,103752.18,100542.02,100538.12,100534.48,100567.09
11390.61886207,2145,100537.52,97815.58,100532.88,103757.28,100539.94,100532.18,100546.57,100556.07
11390.639460693,2146,100535.63,97814.55,100536.9,103750.35,100543.07,100544.24,100548.68,100553.08
11390.660103143,2147,100533.51,97815.58,100536.9,103754.36,100542.02,100546.16,100546.57,100557.09
11390.680695213,2148,100542.81,97814.55,100548.96,103745.99,100547.1,100540.22,100549.74,100545.05
11390.701264532,2149,100546.81,97815.58,100530.83,103752.18,100542.02,100531.13,100556.74,100560.08
11390.721814511,2150,100531.62,97818.6,100532.88,103748.17,100532.92,100543.19,100539.57,100561.11
11390.745656861,2151,100538.58,97814.55,100541.95,103758.37,100551.12,100530.08,100559.72,100547.01
11390.76621596,2152,100542.81,97816.6,100540.92,103750.35,100547.1,100543.19,100548.68,100561.11
11390.786844569,2153,100542.81,97818.6,100528.86,103749.26,100545.01,100535.15,100544.65,100557.09
11390.807490701,2154,100532.68,97819.62,100538.87,103756.19,100552.17,100530.08,100550.6,100553.08
11390.828108125,2155,100540.69,97810.51,100532.88,103748.17,100555.15,100536.02,100542.54,100562.14
11390.849063543,2156,100529.51,97827.71,100536.9,103749.26,100547.1,100530.08,100552.71,100548.03
11390.869699237,2157,100528.67,97812.56,100524.84,103750.35,100543.07,100530.08,100539.57,100553.08
11390.893032959,2158,100533.51,97820.65,100536.9,103756.19,100543.07,100530.08,100560.78,100561.11
11390.913652234,2159,100534.79,97814.55,100532.88,103762.38,100540.08,100540.04,100550.6,100553.08
11390.934225225,2160,100532.68,97807.49,100528.86,103758.37,100539.04,100531.13,100546.57,100561.11
11390.955006231,2161,100538.8,97824.69,100540.92,103748.17,100540.98,100542.14,100546.57,100552.05
11390.97539689,2162,100540.69,97822.64,100536.9,103754.36,100559.18,100538.12,100542.54,100563.17
11390.996309411,2163,100536.69,97822.64,100537.93,103749.26,100546.05,100534.1,100545.52,100555.13
11391.017055693,2164,100539.63,97823.67,100538.96,103752.18,100536.95,100544.06,100551.66,100557.09
11391.03722639,2165,100531.62,97814.55,100539.89,103751.09,100547.1,100546.16,100550.6,100557.09
11391.060967413,2166,100534.79,97813.53,100535.87,103748.17,100539.04,100538.12,100547.63,100553.08
11391.081561742,2167,100538.58,97810.51,100532.88,103758.37,100543.07,100546.16,100546.57,100545.05
11391.102109687,2168,100530.57,97814.55,100541.95,103758.37,100533.97,100539.17,100548.68,100560.08
11391.122804868,2169,100545.53,97823.67,100532.88,103750.0,100539.04,100540.22,100542.54,100564.1
11391.143380309,2170,100534.79,97825.72,100540.92,103757.28,100546.05,100530.08,100543.6,100557.09
11391.163931127,2171,100539.63,97824.69,100532.88,103749.26,100547.1,100534.1,100552.71,100554.11
11391.184562483,2172,100534.57,97816.6,100534.94,103758.37,100547.1,100538.12,100546.57,100565.13
11391.205129408,2173,100534.57,97827.71,100534.85,103757.28,100546.05,100538.12,100563.75,100562.14
11391.228921732,2174,100530.57,97814.55,100526.9,103758.37,100529.94,100538.12,100552.71,100561.11
11391.249497319,2175,100529.51,97819.62,100528.86,103754.36,100540.98,100541.09,100543.6,100557.09
11391.270101952,2176,100532.68,97822.64,100540.92,103748.17,100547.1,100541.27,100548.68,100561.11
11391.290720134,2177,100540.69,97822.64,100533.91,103752.18,100549.04,100539.17,100546.57,100565.13
11391.311325749,2178,100538.58,97823.67,100541.95,103766.39,100532.92,100530.08,100546.57,100557.09
11391.331887363,2179,100534.57,97816.6,100532.88,103754.36,100540.08,100547.21,100550.6,100561.11
11391.352900678,2180,100535.63,97815.58,100541.95,103753.27,100547.1,100552.1,100560.78,100561.11
11391.373564565,2181,100530.57,97818.6,100543.91,103752.18,100535.01,100539.17,100543.6,100557.09
11391.396885245,2182,100542.58,97822.64,100532.88,103741.24,100542.02,100533.05,100550.6,100559.05
11391.417556167,2183,100543.64,97829.7,100542.98,103752.18,100550.08,100539.17,100551.66,100557.09
11391.438068825,2184,100532.68,97818.6,100536.9,103758.37,100537.1,100548.26,100543.6,100553.08
11391.458705096,2185,100537.52,97822.64,100535.87,103748.17,100551.12,100542.32,100560.78,100552.05
11391.479273706,2186,100539.63,97814.55,100539.89,103756.19,100545.15,100542.14,100546.57,100555.04
11391.499888748,2187,100534.57,97814.55,100531.85,103754.36,100539.94,100548.26,100551.66,100555.04
11391.52044444,2188,100540.69,97834.77,100542.98,103757.28,100540.98,100540.22,100550.6,100555.04
11391.541046142,2189,100534.79,97826.68,100536.9,103753.27,100540.98,100534.1,100554.63,100555.13
11391.564820223,2190,100538.58,97823.67,100528.86,103753.27,100547.1,100551.23,100560.78,100554.11
11391.585410649,2191,100530.57,97819.62,100532.88,103756.19,100539.04,100543.19,100543.6,100553.08
11391.606042045,2192,100525.72,97824.69,100536.9,103758.37,100532.92,100538.12,100548.68,100553.08
11391.626645799,2193,100536.69,97814.55,100542.98,103756.19,100543.07,100530.08,100544.65,100554.11
11391.647293409,2194,100531.62,97822.64,100539.89,103748.17,100547.1,100547.21,100550.6,100560.08
11391.66788949,2195,100546.81,97831.75,100534.94,103740.15,100535.01,100537.07,100543.6,100555.04
11391.68849293,2196,100540.69,97814.55,100541.95,103752.18,100543.07,100552.28,100548.68,100550.09
11391.709136269,2197,100533.51,97833.75,100541.95,103749.26,100547.1,100527.11,100546.77,100561.11
11391.732849827,2198,100541.75,97823.67,100538.87,103746.34,100543.07,100550.18,100550.6,100554.11
11391.753488059,2199,100538.58,97823.67,100536.9,103752.18,100539.04,100536.2,100560.78,100547.1
11391.774001065,2200,100530.57,97823.67,100536.9,103748.17,100542.02,100530.08,100548.68,100549.06
11391.794631444,2201,100536.46,97824.69,100539.89,103754.36,100547.1,100541.09,100552.71,100558.12
11391.815235999,2202,100540.69,97824.69,100533.91,103741.24,100554.11,100542.14,100537.45,100563.17
11391.835808044,2203,100540.69,97832.78,100540.92,103749.26,100543.07,100547.21,100544.65,100549.06
11391.856482189,2204,100538.58,97823.67,100537.93,103756.19,100549.04,100530.08,100551.66,100561.11
11391.877078753,2205,100536.46,97827.71,100542.98,103761.29,100550.08,100539.17,100547.63,100561.11
11391.900760097,2206,100535.63,97823.67,100525.87,103750.0,100536.95,100538.12,100551.66,100564.1
11391.921392971,2207,100530.57,97822.64,100542.98,103756.93,100550.08,100538.12,100556.74,100557.09
11391.942053763,2208,100539.63,97818.6,100539.89,103748.17,100538.0,100534.1,100551.66,100564.1
11391.963465026,2209,100533.74,97830.73,100536.9,103748.17,100538.0,100545.11,100540.62,100553.08
11391.983172434,2210,100530.57,97822.64,100539.89,103761.29,100538.0,100539.17,100542.54,100553.08
11392.003767661,2211,100544.7,97818.6,100539.89,103756.19,100540.98,100536.2,100543.6,100558.12
11392.02432679,2212,100536.69,97822.64,100540.92,103749.26,100547.99,100547.21,100546.57,100553.08
11392.048132014,2213,100542.81,97824.69,100539.89,103753.27,100536.95,100534.1,100539.57,100554.11
11392.068742209,2214,100533.51,97827.71,100536.9,103756.19,100547.99,100542.14,100547.63,100553.08
11392.089509616,2215,100531.62,97828.74,100532.88,103752.18,100532.92,100539.17,100546.57,100546.07
11392.11007629,2216,100530.79,97814.55,100532.88,103754.36,100542.02,100547.21,100535.54,100552.05
11392.130799686,2217,100542.81,97822.64,100534.85,103749.26,100543.07,100542.14,100546.57,100553.08
11392.151380874,2218,100536.69,97826.68,100530.83,103753.27,100555.15,100530.08,100552.71,100552.05
11392.172179381,2219,100534.79,97840.87,100530.83,103748.17,100538.0,100542.14,100544.65,100561.11
11392.192718724,2220,100538.58,97833.75,100532.88,103756.19,100539.94,100538.12,100551.66,100553.08
11392.216057088,2221,100532.68,97832.78,100537.93,103753.27,100551.12,100539.17,100544.65,100560.18
11392.236676099,2222,100544.7,97826.68,100540.92,103761.29,100539.04,100530.08,100541.48,100555.13
11392.257367959,2223,100542.81,97822.64,100534.85,103758.37,100539.04,100536.2,100547.63,100553.08
11392.278065452,2224,100534.79,97822.64,100524.84,103752.18,100539.04,100539.17,100548.68,100557.09
11392.298684235,2225,100538.8,97826.68,100540.92,103754.36,100543.07,100533.05,100546.57,100556.07
11392.319359597,2226,100536.69,97824.69,100549.99,103749.26,100546.05,100534.1,100549.55,100556.07
11392.340094429,2227,100531.62,97823.67,100544.94,103749.26,100542.02,100536.2,100548.68,100558.12
11392.360701945,2228,100534.57,97827.71,100540.92,103757.28,100544.11,100539.17,100551.66,100560.08
11392.384014013,2229,100535.63,97822.64,100531.85,103756.19,100536.95,100539.17,100547.63,100554.11
11392.404656484,2230,100533.74,97837.79,100541.95,103752.18,100545.01,100542.14,100548.68,100548.03
11392.425363834,2231,100539.63,97822.64,100542.98,103748.17,100532.92,100545.11,100547.63,100562.14
11392.446007702,2232,100533.74,97823.67,100532.88,103748.17,100539.04,100550.18,100546.57,100552.05
11392.466634824,2233,100533.51,97828.74,100538.96,103756.19,100532.92,100537.07,100548.68,100559.05
11392.487352085,2234,100537.74,97823.67,100536.9,103757.28,100538.0,100539.17,100543.6,100560.08
11392.507980905,2235,100534.57,97824.69,100540.92,103749.26,100536.95,100542.14,100547.63,100553.08
11392.528661395,2236,100533.74,97828.74,100531.85,103752.18,100547.99,100538.12,100558.66,100561.11
11392.551973807,2237,100545.76,97830.73,100537.93,103758.37,100543.07,100538.12,100543.6,100561.11
11392.572611905,2238,100522.55,97822.64,100532.88,103757.28,100551.12,100548.26,100550.6,100553.08
11392.593346063,2239,100539.63,97830.73,100535.87,103757.28,100546.05,100539.17,100550.6,100545.05
11392.614041612,2240,100533.74,97829.7,100536.9,103750.35,100551.12,100539.17,100544.65,100554.11
11392.634640228,2241,100536.69,97831.75,100528.86,103758.37,100542.02,100550.18,100548.68,100560.08
11392.655304337,2242,100541.75,97826.68,100540.92,103753.27,100540.98,100546.16,100544.65,100547.01
11392.6759555,2243,100524.67,97830.73,100536.9,103758.37,100549.04,100539.17,100546.57,100553.08
11392.696668053,2244,100528.67,97828.74,100536.9,103759.46,100546.05,100549.13,100543.6,100553.08
11392.719982167,2245,100541.53,97822.64,100541.95,103750.35,100538.0,100538.12,100543.6,100561.11
11392.740618331,2246,100534.79,97831.75,100540.92,103752.18,100542.02,100536.02,100557.8,100553.08
11392.761299391,2247,100534.57,97832.78,100536.9,103766.39,100547.1,100546.16,100544.65,100557.09
11392.781933963,2248,100532.46,97830.73,100532.88,103758.37,100546.05,100542.14,100546.57,100553.08
11392.802591447,2249,100532.68,97839.84,100542.98,103750.35,100538.0,100544.24,100547.63,100556.07
11392.823239431,2250,100532.68,97826.68,100536.9,103749.26,100547.1,100535.15,100542.54,100561.11
11392.843950394,2251,100530.57,97824.69,100541.95,103762.38,100547.1,100538.12,100551.66,100553.08
11392.864631365,2252,100544.7,97839.84,100538.96,103749.26,100540.08,100547.21,100559.72,100557.09
11392.887892703,2253,100534.79,97839.84,100532.88,103750.35,100545.15,100546.16,100545.52,100555.13
11392.908487902,2254,100540.69,97832.78,100532.88,103750.35,100540.08,100538.12,100558.66,100561.11
11392.929055327,2255,100530.57,97838.81,100536.9,103758.37,100551.12,100540.22,100543.6,100563.17
11392.949703956,2256,100529.51,97827.71,100523.81,103752.18,100550.08,100538.12,100551.66,100564.1
11392.970315164,2257,100534.79,97824.69,100532.88,103748.17,100539.04,100537.07,100554.63,100561.11
11392.990895298,2258,100540.69,97832.78,100532.88,103753.27,100551.12,100540.22,100548.68,100557.09
11393.011499802,2259,100528.67,97831.75,100543.91,103750.35,100542.02,100538.12,100551.66,100547.01
11393.032165407,2260,100544.7,97831.75,100535.87,103753.27,100544.11,100538.12,100533.42,100559.05
11393.055823293,2261,100541.75,97826.68,100542.98,103766.39,100546.05,100549.13,100549.55,100555.13
11393.076495003,2262,100530.57,97836.82,100534.94,103749.26,100535.01,100538.12,100552.71,100551.02
11393.097056136,2263,100536.69,97830.73,100536.9,103741.24,100549.18,100538.12,100547.63,100562.14
11393.117665034,2264,100539.63,97830.73,100537.93,103756.19,100543.97,100547.21,100550.6,100561.11
11393.13827678,2265,100542.81,97827.71,100544.94,103754.36,100543.07,100548.26,100548.68,100561.11
11393.158919062,2266,100528.67,97831.75,100534.85,103749.26,100542.02,100540.22,100544.65,100553.08
11393.179534278,2267,100531.62,97836.82,100537.93,103762.38,100535.01,100533.05,100557.61,100557.09
11393.200081701,2268,100533.51,97831.75,100536.9,103766.39,100550.08,100542.14,100552.71,100553.08
11393.223825283,2269,100530.57,97831.75,100536.9,103749.26,100543.07,100538.12,100547.63,100553.08
11393.244377529,2270,100537.52,97832.78,100525.87,103749.26,100551.12,100538.12,100534.48,100538.04
11393.265040343,2271,100530.57,97831.75,100538.96,103750.35,100531.88,100528.16,100552.71,100561.11
11393.285581337,2272,100532.46,97839.84,100534.85,103746.34,100550.08,100538.12,100544.46,100558.12
11393.306234805,2273,100526.56,97830.73,100540.92,103750.35,100532.92,100538.12,100560.78,100553.08
11393.326799977,2274,100539.63,97839.84,100542.98,103750.35,100542.02,100538.12,100537.45,100546.07
11393.347379739,2275,100532.68,97838.81,100541.95,103754.36,100538.0,100546.16,100554.63,100555.13
11393.371168275,2276,100533.51,97840.87,100531.85,103758.37,100547.1,100535.15,100542.54,100560.08
11393.39182186,2277,100530.57,97835.8,100533.91,103761.29,100545.01,100530.08,100552.52,100559.05
11393.412430414,2278,100530.57,97838.81,100532.88,103748.17,100535.01,100541.09,100540.43,100550.09
11393.432958377,2279,100532.68,97839.84,100541.95,103754.36,100543.07,100534.1,100550.6,100563.17
11393.453614144,2280,100531.62,97835.8,100535.87,103753.27,100551.12,100534.1,100542.54,100561.11
11393.474280342,2281,100536.69,97838.81,100536.9,103758.37,100544.11,100542.14,100544.46,100553.08
11393.494818473,2282,100532.68,97837.79,100541.95,103757.28,100543.07,100530.08,100542.54,100553.08
11393.515362595,2283,100529.51,97842.86,100539.89,103750.35,100539.04,100530.08,100554.63,100556.07
11393.539146885,2284,100531.62,97839.84,100536.9,103750.35,100542.02,100538.12,100544.46,100559.15
11393.559754868,2285,100538.58,97830.73,100533.91,103750.35,100543.07,100538.12,100544.65,100560.08
11393.580444757,2286,100540.69,97827.71,100530.83,103750.35,100540.98,100531.13,100545.52,100553.08
11393.600972855,2287,100544.7,97838.81,100540.92,103749.26,100540.98,100546.16,100545.52,100553.08
11393.621619074,2288,100533.51,97844.91,100536.9,103753.27,100540.98,100540.22,100541.48,100559.15
11393.642129166,2289,100538.58,97832.78,100536.9,103759.46,100535.01,100534.1,100546.57,100553.08
11393.662710153,2290,100535.63,97834.77,100537.93,103750.35,100543.97,100530.08,100550.6,100554.11
11393.683314014,2291,100540.69,97844.91,100540.92,103749.26,100543.07,100534.1,100551.66,100553.08
11393.707078661,2292,100536.46,97832.72,100530.83,103758.37,100542.02,100548.26,100546.57,100553.08
11393.727651365,2293,100521.5,97832.78,100532.88,103753.27,100549.04,100530.08,100539.57,100560.08
11393.748310239,2294,100523.61,97834.77,100532.88,103758.37,100544.11,100541.09,100546.57,100544.02
11393.768865571,2295,100530.57,97830.73,100534.94,103754.36,100548.14,100538.12,100542.54,100552.05
11393.789450931,2296,100532.68,97834.77,100536.9,103750.35,100539.04,100535.15,100549.55,100561.11
11393.810113455,2297,100533.51,97836.82,100544.94,103754.36,100538.0,100530.08,100547.63,100557.09
11393.830781006,2298,100535.63,97832.78,100534.94,103751.44,100533.97,100530.08,100558.66,100563.17
11393.85132692,2299,100529.51,97857.04,100541.95,103750.35,100535.01,100530.08,100551.66,100549.06
11393.874999364,2300,100536.69,97836.82,100530.92,103746.34,100533.97,100545.11,100538.51,100549.06
11393.895653104,2301,100534.57,97838.81,100524.84,103750.35,100536.05,100526.06,100546.57,100559.15
11393.916210551,2302,100530.57,97835.8,100532.88,103753.27,100542.02,100538.12,100552.71,100546.07
11393.936885652,2303,100544.7,97839.84,100532.88,103754.36,100530.84,100531.13,100552.71,100561.11
11393.9575604,2304,100525.72,97848.95,100539.89,103756.19,100540.08,100547.21,100535.54,100556.07
11393.978100056,2305,100531.62,97835.8,100540.92,103754.36,100543.07,100537.07,100541.48,100555.13
11393.998642946,2306,100538.58,97834.77,100533.91,103750.35,100540.08,100539.17,100550.6,100553.08
11394.019253017,2307,100525.5,97839.84,100536.9,103745.25,100543.07,100535.15,100543.6,100563.17
11394.043040158,2308,100522.55,97840.87,100535.87,103758.37,100547.1,100546.16,100542.54,100561.11
11394.063621427,2309,100538.58,97838.81,100532.88,103765.3,100532.92,100548.26,100542.54,100553.08
11394.08423602,2310,100537.52,97832.78,100532.88,103750.35,100536.95,100532.18,100543.6,100557.09
11394.104832103,2311,100531.62,97848.95,100532.88,103753.27,100540.98,100529.21,100550.6,100555.13
11394.125376468,2312,100530.57,97843.88,100534.94,103758.37,100539.04,100547.21,100543.6,100553.08
11394.146021902,2313,100537.52,97839.84,100528.86,103758.37,100548.14,100546.16,100542.54,100542.99
11394.166589366,2314,100521.5,97838.81,100536.9,103761.29,100533.97,100538.12,100550.6,100556.07
11394.187169835,2315,100527.62,97831.75,100535.87,103750.35,100526.95,100538.12,100544.65,100553.08
11394.210937956,2316,100532.46,97838.81,100527.83,103749.26,100539.04,100544.24,100548.68,100553.08
11394.231542487,2317,100546.59,97843.88,100527.83,103758.37,100535.01,100530.08,100547.63,100558.12
11394.252118373,2318,100532.68,97839.84,100531.85,103742.33,100533.97,100532.18,100542.54,100556.07
11394.272766268,2319,100530.57,97838.81,100534.94,103750.35,100551.12,100537.07,100550.6,100553.08
11394.293297309,2320,100528.45,97839.84,100528.86,103753.27,100529.94,100540.22,100534.48,100549.06
11394.313984946,2321,100538.58,97838.81,100532.88,103750.35,100533.97,100542.32,100554.63,100553.08
11394.334507141,2322,100529.51,97839.84,100532.88,103758.37,100539.04,100536.02,100542.54,100553.08
11394.355150241,2323,100537.52,97848.95,100540.92,103752.18,100535.01,100546.16,100555.69,100557.09
11394.378886736,2324,100530.57,97848.95,100534.94,103750.35,100538.0,100541.09,100551.66,100561.11
11394.399496586,2325,100539.63,97840.87,100539.89,103754.36,100544.11,100526.06,100545.71,100559.05
11394.420112836,2326,100530.57,97840.87,100540.92,103750.35,100546.05,100538.12,100546.57,100553.08
11394.440732312,2327,100530.57,97853.0,100528.86,103750.35,100533.97,100529.03,100543.6,100555.04
11394.461353402,2328,100537.52,97846.9,100534.85,103753.27,100532.92,100530.08,100543.6,100561.11
11394.481945314,2329,100534.79,97838.81,100538.96,103758.37,100536.95,100539.17,100548.68,100545.05
11394.502507886,2330,100532.46,97839.84,100528.86,103749.26,100538.0,100531.13,100547.63,100562.14
11394.5230824,2331,100538.58,97844.91,100538.96,103746.34,100538.0,100530.08,100547.63,100559.15
11394.546849748,2332,100528.45,97840.87,100544.94,103749.26,100535.01,100540.04,100545.52,100552.05
11394.567549932,2333,100530.57,97840.87,100528.86,103750.35,100539.04,100530.08,100537.45,100557.09
11394.58802736,2334,100530.57,97840.87,100540.92,103754.36,100539.04,100546.16,100547.63,100558.12
11394.60872981,2335,100535.63,97845.93,100536.9,103741.24,100530.98,100534.1,100537.65,100553.08
11394.629280639,2336,100536.69,97847.93,100535.87,103754.36,100546.05,100527.97,100543.6,100557.09
11394.649916293,2337,100533.51,97838.81,100532.88,103758.37,100544.11,100543.19,100534.48,100561.11
11394.670475698,2338,100533.51,97840.87,100532.88,103750.35,100539.04,100544.06,100538.51,100557.09
11394.694275778,2339,100530.57,97844.91,100532.88,103757.28,100539.04,100542.14,100544.65,100549.06
11394.714884242,2340,100534.57,97846.9,100539.89,103750.35,100546.05,100538.12,100538.51,100545.05
11394.735412674,2341,100540.69,97847.93,100528.86,103750.35,100532.92,100540.22,100548.68,100556.07
11394.755997461,2342,100529.51,97847.93,100537.93,103750.35,100533.97,100542.14,100534.48,100553.08
11394.776622958,2343,100537.52,97848.95,100532.88,103750.35,100538.0,100537.07,100542.54,100551.12
11394.797210074,2344,100530.57,97840.87,100540.92,103750.35,100547.1,100533.05,100540.62,100557.09
11394.817785416,2345,100522.55,97846.9,100532.88,103749.26,100539.04,100534.1,100537.65,100563.17
11394.83845228,2346,100530.57,97847.93,100527.83,103749.26,100532.92,100538.12,100550.6,100554.11
11394.862158922,2347,100526.56,97848.95,100540.92,103749.26,100539.04,100538.12,100544.65,100552.05
11394.88280871,2348,100532.68,97857.04,100538.96,103758.37,100538.0,100549.31,100542.54,100561.11
11394.903484746,2349,100530.57,97838.81,100538.96,103750.35,100543.07,100530.08,100546.57,100553.08
11394.924025036,2350,100527.62,97836.82,100528.86,103754.36,100547.1,100538.12,100543.6,100553.08
11394.944626008,2351,100546.81,97847.93,100540.92,103751.44,100539.04,100548.26,100552.71,100551.02
11394.96523806,2352,100535.63,97847.93,100534.94,103745.25,100536.95,100531.13,100547.63,100545.05
11394.985769638,2353,100527.62,97848.95,100541.95,103749.26,100549.04,100532.18,100539.57,100549.06
11395.006471353,2354,100532.68,97846.9,100538.96,103750.35,100539.04,100530.08,100548.68,100557.09
11395.03019443,2355,100530.57,97842.86,100531.85,103749.26,100542.02,100546.16,100552.71,100553.08
11395.050822348,2356,100534.57,97848.95,100540.92,103754.36,100539.04,100540.04,100548.68,100551.02
11395.071413453,2357,100528.67,97843.88,100529.89,103750.35,100543.07,100527.97,100536.59,100551.02
11395.092036729,2358,100538.58,97846.9,100532.88,103752.18,100536.05,100537.07,100543.6,100560.08
11395.112587485,2359,100532.68,97842.86,100538.96,103741.24,100538.9,100544.06,100542.54,100552.05
11395.133185452,2360,100539.63,97848.95,100541.95,103746.34,100546.05,100546.16,100544.65,100553.08
11395.153818163,2361,100534.57,97834.77,100532.88,103746.34,100538.0,100530.08,100552.71,100553.08
11395.17435396,2362,100531.62,97853.96,100537.93,103758.37,100539.04,100546.16,100543.6,100545.05
11395.198101481,2363,100544.7,97854.99,100540.92,103753.27,100543.07,100533.05,100544.65,100557.09
11395.218682378,2364,100533.51,97848.95,100540.92,103750.35,100538.0,100539.17,100543.6,100549.06
11395.239329322,2365,100538.58,97847.93,100531.85,103749.26,100544.11,100533.05,100544.65,100562.14
11395.259903044,2366,100530.57,97853.0,100532.88,103749.26,100545.01,100523.95,100539.57,100562.14
11395.280479703,2367,100539.63,97840.87,100531.85,103749.26,100543.07,100536.02,100548.68,100549.06
11395.301136552,2368,100521.5,97854.02,100540.92,103760.2,100545.01,100536.02,100534.48,100553.08
11395.321693466,2369,100524.67,97848.95,100533.91,103754.36,100535.01,100538.12,100551.66,100553.08
11395.342301047,2370,100532.46,97847.93,100527.83,103754.36,100551.12,100534.1,100543.6,100542.99
11395.366100421,2371,100542.58,97847.93,100530.83,103754.36,100544.11,100534.28,100547.63,100556.07
11395.386673755,2372,100530.57,97857.04,100531.85,103750.35,100530.84,100538.12,100538.51,100549.06
11395.407220367,2373,100542.58,97850.94,100532.88,103750.35,100543.07,100534.1,100543.6,100561.11
11395.42784703,2374,100538.58,97856.01,100540.92,103750.35,100539.04,100537.07,100542.54,100556.07
11395.448488065,2375,100534.79,97851.97,100538.96,103757.28,100543.07,100534.1,100548.68,100561.11
11395.469101867,2376,100533.74,97854.99,100527.83,103757.28,100545.01,100534.1,100544.65,100552.05
11395.489714156,2377,100538.58,97851.0,100528.86,103757.28,100544.11,100538.12,100548.68,100556.07
11395.510245414,2378,100523.61,97857.04,100528.86,103757.28,100539.04,100543.19,100558.66,100549.06
11395.534002857,2379,100530.79,97848.95,100534.94,103750.35,100553.21,100546.16,100548.68,100555.04
11395.554672707,2380,100530.57,97857.04,100540.92,103748.17,100542.02,100546.16,100543.6,100561.11
11395.57522592,2381,100522.55,97853.0,100540.92,103753.27,100543.07,100533.05,100548.68,100553.17
11395.595806839,2382,100536.69,97847.93,100528.86,103754.36,100542.02,100538.12,100540.62,100552.05
11395.616362759,2383,100532.68,97846.9,100539.89,103766.39,100538.0,100538.12,100536.59,100553.08
11395.636981961,2384,100534.57,97857.04,100532.88,103742.33,100546.05,100544.24,100550.6,100561.11
11395.657639315,2385,100538.58,97856.01,100531.85,103762.38,100533.97,100542.14,100544.65,100547.1
11395.678216227,2386,100530.57,97853.0,100531.85,103758.37,100542.02,100530.08,100539.57,100549.06
11395.701961148,2387,100526.56,97854.99,100533.91,103748.17,100536.05,100546.16,100550.6,100561.11
11395.722567408,2388,100530.57,97857.04,100534.94,103754.36,100543.07,100534.1,100534.48,100561.11
11395.743144856,2389,100542.81,97850.94,100541.95,103749.26,100546.05,100542.14,100548.68,100553.08
11395.763805145,2390,100539.63,97854.99,100548.96,103754.36,100535.01,100547.21,100544.65,100557.09
11395.784350618,2391,100530.57,97854.99,100540.92,103750.35,100543.07,100526.06,100538.51,100551.02
11395.804988815,2392,100540.69,97853.0,100538.96,103749.26,100538.0,100535.15,100542.54,100553.08
11395.825623247,2393,100530.57,97853.0,100536.9,103753.27,100535.91,100537.07,100542.54,100561.11
11395.849370311,2394,100538.58,97839.84,100540.92,103757.28,100539.04,100532.18,100539.57,100548.03
11395.869977904,2395,100533.51,97850.94,100541.95,103750.35,100551.12,100548.26,100548.68,100561.11
11395.890572138,2396,100532.68,97864.1,100533.91,103749.26,100542.02,100539.17,100541.68,100552.05
11395.911141839,2397,100530.57,97857.04,100540.92,103750.35,100543.07,100539.17,100535.54,100549.06
11395.931772079,2398,100525.5,97856.01,100534.94,103754.36,100542.02,100537.07,100544.65,100551.12
11395.952341635,2399,100539.63,97848.95,100524.84,103762.38,100545.15,100545.11,100543.6,100549.06
11395.972903574,2400,100540.69,97857.04,100534.94,103754.36,100540.08,100534.1,100542.54,100558.12
11395.993540543,2401,100534.57,97840.87,100538.96,103741.24,100543.07,100530.08,100531.51,100549.06
11396.017302158,2402,100538.58,97847.93,100536.9,103750.35,100535.01,100538.12,100538.51,100555.13
11396.037918529,2403,100534.79,97854.99,100532.88,103749.26,100543.07,100531.13,100538.51,100553.08
11396.058544646,2404,100536.69,97857.04,100533.91,103754.36,100535.01,100539.17,100551.66,100553.08
11396.079105945,2405,100527.62,97853.0,100531.85,103753.27,100545.01,100530.08,100554.63,100555.13
11396.099697503,2406,100540.69,97854.02,100532.88,103757.28,100533.97,100534.1,100556.55,100555.13
11396.120297798,2407,100538.58,97854.99,100523.81,103750.35,100535.91,100544.06,100542.54,100545.05
11396.140895104,2408,100526.56,97858.06,100534.94,103758.37,100546.05,100534.1,100541.48,100560.08
11396.161503403,2409,100524.67,97853.0,100538.96,103749.26,100535.01,100534.1,100537.45,100553.08
11396.185315686,2410,100538.58,97844.91,100532.88,103754.36,100538.0,100538.12,100542.54,100548.03
11396.205881957,2411,100530.57,97848.95,100540.92,103748.17,100538.0,100533.05,100544.65,100551.02
11396.226509476,2412,100534.57,97861.08,100536.9,103761.29,100535.01,100532.0,100547.63,100549.06
11396.247096548,2413,100535.63,97857.04,100532.88,103749.26,100538.0,100543.19,100544.65,100560.08
11396.267629203,2414,100529.51,97869.17,100536.9,103750.35,100540.08,100542.14,100542.54,100554.11
11396.288227524,2415,100520.44,97842.86,100533.91,103748.17,100533.97,100527.11,100550.6,100549.06
11396.308869269,2416,100530.57,97854.99,100541.95,103749.26,100533.97,100537.07,100535.54,100555.13
11396.329452286,2417,100522.55,97861.08,100532.88,103750.35,100543.07,100538.12,100552.71,100550.09
11396.353216612,2418,100535.63,97856.01,100532.88,103750.35,100544.11,100538.12,100544.65,100560.08
11396.373773891,2419,100533.51,97863.07,100528.86,103751.44,100543.07,100531.13,100538.51,100553.08
11396.394432675,2420,100540.69,97857.04,100532.88,103742.33,100551.12,100531.13,100542.54,100554.11
11396.415046841,2421,100530.57,97853.0,100540.92,103742.33,100532.92,100539.17,100534.48,100554.11
11396.435638361,2422,100528.45,97848.95,100537.93,103752.18,100542.02,100530.08,100543.6,100553.08
11396.456211505,2423,100530.57,97848.95,100533.91,103750.35,100539.04,100542.14,100535.54,100553.08
11396.47684005,2424,100538.58,97850.94,100533.91,103746.34,100543.07,100548.26,100536.59,100553.08
11396.497385808,2425,100534.57,97847.93,100534.85,103750.35,100539.04,100542.14,100543.6,100558.12
11396.521152563,2426,100525.5,97857.04,100531.85,103749.26,100538.0,100531.13,100542.54,100561.11
11396.541778742,2427,100532.68,97861.08,100534.94,103754.36,100546.05,100532.18,100543.6,100553.08
11396.562371896,2428,100538.58,97856.01,100537.93,103752.53,100532.92,100541.09,100547.63,100555.13
11396.582993895,2429,100522.55,97849.98,100533.91,103750.35,100532.92,100531.13,100538.51,100545.05
11396.603543522,2430,100532.46,97857.04,100536.9,103754.36,100539.94,100539.17,100538.51,100549.06
11396.624194651,2431,100538.58,97861.08,100536.9,103754.36,100545.01,100541.27,100540.62,100557.09
11396.644775783,2432,100536.69,97867.18,100536.9,103762.38,100549.18,100530.08,100540.62,100555.13
11396.665331749,2433,100531.62,97856.01,100532.88,103758.37,100547.1,100539.17,100548.68,100563.17
11396.689100955,2434,100538.58,97854.99,100540.92,103766.39,100536.05,100534.1,100542.54,100549.06
11396.709683051,2435,100534.79,97862.11,100530.83,103750.35,100543.97,100544.06,100536.59,100554.11
11396.730316783,2436,100536.46,97857.04,100536.9,103754.36,100552.17,100542.14,100535.54,100562.14
11396.750899692,2437,100530.57,97854.99,100540.92,103741.24,100536.05,100538.12,100548.68,100554.11
11396.771492726,2438,100532.68,97857.04,100540.92,103758.37,100542.02,100537.07,100543.6,100561.11
11396.792124058,2439,100530.57,97850.94,100532.88,103750.35,100545.15,100540.22,100546.57,100555.13
11396.812763244,2440,100538.58,97857.04,100538.96,103749.26,100543.07,100541.09,100548.68,100556.07
11396.833426972,2441,100534.57,97856.01,100539.89,103742.33,100535.01,100538.12,100543.6,100553.08
11396.857227563,2442,100529.51,97865.13,100548.96,103750.35,100543.97,100550.18,100546.57,100553.08
11396.877808541,2443,100539.63,97863.07,100533.91,103750.35,100542.02,100530.08,100542.54,100562.14
11396.898302278,2444,100529.73,97859.09,100537.93,103751.44,100552.17,100538.12,100538.51,100553.08
11396.918934786,2445,100534.79,97856.01,100537.93,103754.36,100544.11,100535.15,100546.57,100557.09
11396.939572906,2446,100525.72,97856.01,100524.84,103750.35,100543.07,100532.18,100559.72,100553.08
11396.96212726,2447,100534.79,97851.97,100532.88,103754.36,100538.0,100530.08,100547.63,100560.08
11396.980648806,2448,100530.57,97854.02,100532.88,103742.33,100533.97,100527.97,100550.6,100554.11
11397.001307041,2449,100537.52,97860.06,100533.91,103743.42,100540.08,100539.17,100538.51,100557.09
11397.025029601,2450,100532.68,97849.98,100537.93,103750.35,100536.05,100530.08,100539.57,100560.08
11397.045677488,2451,100532.68,97860.06,100536.9,103749.26,100544.11,100544.06,100543.6,100553.08
11397.066255292,2452,100522.55,97853.0,100537.93,103755.45,100549.04,100542.14,100544.65,100558.12
11397.086831037,2453,100532.46,97857.04,100536.9,103750.35,100538.0,100537.07,100543.6,100553.08
11397.107419582,2454,100522.55,97856.01,100536.9,103749.26,100536.05,100557.36,100545.71,100554.11
11397.128014143,2455,100534.79,97848.95,100536.9,103751.44,100536.05,100545.11,100542.54,100551.02
11397.148601879,2456,100530.57,97873.21,100541.95,103741.24,100546.05,100535.15,100538.51,100558.12
11397.172416208,2457,100536.69,97853.0,100536.9,103751.44,100532.92,100530.08,100536.59,100554.11
11397.192998109,2458,100530.57,97850.94,100532.88,103754.36,100542.02,100529.03,100544.65,100554.11
11397.213598472,2459,100523.61,97857.04,100530.83,103754.36,100542.02,100538.12,100552.71,100567.09
11397.234193344,2460,100530.57,97857.04,100529.89,103750.35,100544.11,100548.26,100543.6,100545.05
11397.254804776,2461,100526.56,97848.95,100536.9,103743.42,100536.95,100538.12,100544.65,100561.11
11397.275341518,2462,100534.57,97849.98,100532.88,103749.26,100543.07,100534.1,100535.54,100558.12
11397.295986625,2463,100538.58,97865.13,100533.91,103751.44,100536.95,100537.07,100542.54,100553.08
11397.316630321,2464,100532.68,97857.04,100543.91,103754.36,100542.02,100529.03,100542.54,100548.03
11397.340404818,2465,100534.57,97862.11,100532.88,103749.26,100545.15,100530.08,100542.54,100553.08
11397.361004054,2466,100534.79,97851.97,100529.89,103750.35,100532.92,100539.17,100542.54,100553.08
11397.381588315,2467,100536.69,97857.04,100533.91,103753.27,100540.08,100533.05,100539.57,100553.08
11397.402152394,2468,100531.62,97866.15,100533.91,103748.17,100543.07,100537.07,100544.65,100554.11
11397.422790857,2469,100522.55,97861.08,100536.9,103754.36,100539.04,100527.97,100542.54,100555.13
11397.443328233,2470,100535.63,97857.04,100532.88,103750.35,100533.97,100533.05,100535.54,100557.09
11397.463965319,2471,100533.51,97851.0,100532.88,103750.35,100543.07,100548.26,100550.6,100553.08
11397.484589773,2472,100528.45,97857.04,100532.88,103764.21,100540.98,100538.12,100538.51,100546.07
11397.50834793,2473,100540.69,97859.03,100536.9,103750.35,100548.14,100546.16,100543.6,100553.08
11397.52893409,2474,100533.51,97857.04,100528.86,103750.35,100544.11,100538.12,100546.57,100551.12
11397.549507329,2475,100534.57,97861.08,100531.85,103749.26,100535.01,100539.17,100542.54,100553.08
11397.570073007,2476,100531.62,97856.01,100536.9,103750.35,100548.14,100538.12,100552.71,100557.09
11397.590661144,2477,100538.58,97857.04,100534.85,103746.34,100531.88,100544.06,100551.66,100545.05
11397.611274282,2478,100539.63,97860.06,100538.96,103752.53,100546.2,100547.21,100554.63,100563.17
11397.631913154,2479,100533.51,97865.13,100540.92,103749.26,100544.11,100540.04,100543.6,100546.07
11397.652517269,2480,100529.51,97861.08,100538.96,103750.35,100537.1,100544.24,100544.65,100561.11
11397.676260637,2481,100540.69,97850.94,100524.84,103758.37,100552.17,100535.15,100547.63,100554.11
11397.696908721,2482,100524.67,97857.04,100531.85,103759.46,100543.07,100546.16,100540.62,100554.11
11397.717513563,2483,100530.57,97864.1,100532.88,103742.33,100539.04,100534.1,100543.6,100555.13
11397.738101873,2484,100524.67,97865.13,100536.9,103750.35,100538.0,100537.07,100532.56,100554.11
11397.758680429,2485,100534.57,97857.04,100528.86,103750.35,100552.17,100538.12,100551.66,100553.08
11397.779239164,2486,100534.57,97854.99,100541.95,103754.36,100536.95,100549.31,100544.65,100553.08
11397.799833626,2487,100538.58,97856.01,100534.94,103749.26,100549.18,100537.07,100559.72,100561.11
11397.820474242,2488,100522.55,97861.08,100532.88,103746.34,100533.97,100539.17,100547.63,100558.12
11397.844306663,2489,100536.69,97865.13,100531.85,103742.33,100532.92,100534.1,100542.54,100556.07
11397.86487835,2490,100528.67,97851.97,100542.98,103748.17,100535.01,100530.08,100546.77,100545.05
11397.885404817,2491,100538.58,97850.94,100532.88,103742.33,100536.05,100543.19,100544.65,100553.08
11397.906012301,2492,100532.68,97857.04,100539.89,103750.35,100544.11,100543.19,100543.6,100554.11
11397.926614631,2493,100527.62,97865.13,100533.91,103748.17,100547.1,100540.22,100535.54,100557.09
11397.947411692,2494,100538.58,97856.01,100533.91,103751.44,100544.11,100545.29,100547.63,100549.06
11397.967829397,2495,100535.63,97865.13,100538.96,103753.27,100546.05,100530.08,100543.6,100554.11
11397.988373815,2496,100534.79,97857.04,100536.9,103750.35,100533.97,100539.17,100548.68,100558.12
11398.012178373,2497,100534.79,97865.13,100540.92,103758.37,100550.08,100543.19,100550.6,100548.03
11398.032836391,2498,100531.62,97862.11,100533.91,103750.35,100543.07,100547.21,100535.54,100551.12
11398.053396862,2499,100529.51,97873.21,100528.86,103750.35,100535.91,100538.12,100548.68,100555.13
11398.074044378,2500,100530.57,97865.13,100533.91,103750.35,100544.11,100542.14,100542.54,100561.11
11398.094617507,2501,100534.79,97856.01,100532.88,103750.35,100544.11,100537.25,100552.71,100553.08
11398.115166009,2502,100538.58,97861.08,100526.81,103749.26,100539.04,100538.12,100540.62,100544.02
11398.135816978,2503,100524.67,97861.08,100538.87,103754.36,100544.11,100546.16,100542.54,100545.05
11398.156382543,2504,100537.74,97861.08,100535.87,103758.37,100538.0,100539.17,100542.54,100545.05
11398.180101688,2505,100539.63,97873.21,100535.87,103754.36,100535.01,100542.32,100542.54,100551.12
11398.200716474,2506,100534.57,97856.01,100532.88,103750.35,100540.98,100534.1,100545.71,100563.17
11398.221329868,2507,100532.68,97856.01,100532.88,103763.47,100535.01,100536.2,100543.6,100557.09
11398.241915921,2508,100523.61,97862.11,100532.88,103750.35,100535.01,100548.26,100544.65,100544.02
11398.262644369,2509,100534.57,97860.06,100532.88,103748.17,100556.2,100546.16,100544.65,100546.07
11398.283142608,2510,100540.69,97861.08,100534.94,103750.35,100548.14,100547.21,100536.59,100553.08
11398.303675279,2511,100529.51,97861.08,100532.88,103751.44,100547.1,100533.05,100542.54,100554.11
11398.324293177,2512,100528.67,97857.04,100536.9,103750.35,100535.01,100544.24,100550.6,100541.03
11398.348114672,2513,100522.55,97865.13,100534.85,103742.33,100543.07,100550.18,100546.57,100554.11
11398.368701236,2514,100540.69,97856.01,100540.92,103742.33,100539.04,100542.14,100543.6,100561.11
11398.38927141,2515,100526.56,97858.06,100538.87,103750.35,100535.01,100535.15,100540.62,100557.09
11398.40989883,2516,100530.57,97865.13,100530.83,103751.44,100539.04,100557.36,100548.68,100563.17
11398.430593992,2517,100525.5,97866.15,100533.91,103749.26,100546.05,100546.16,100544.65,100555.13
11398.451119075,2518,100542.81,97856.01,100528.86,103750.35,100533.97,100539.17,100539.57,100555.04
11398.471664065,2519,100530.57,97864.1,100533.91,103757.28,100539.04,100531.13,100548.68,100549.06
11398.495438716,2520,100535.63,97868.14,100532.88,103758.37,100541.12,100537.07,100547.63,100548.03
11398.516108178,2521,100534.57,97865.13,100539.89,103742.33,100548.14,100531.13,100543.6,100554.11
11398.536644865,2522,100540.69,97857.04,100532.88,103750.35,100548.14,100535.15,100547.63,100547.1
11398.557225427,2523,100538.58,97865.13,100532.88,103750.35,100529.94,100532.0,100536.59,100551.12
11398.577846267,2524,100534.57,97861.08,100532.88,103766.39,100538.0,100538.12,100544.65,100549.06
11398.598446008,2525,100528.45,97865.13,100532.88,103750.35,100540.98,100547.21,100560.78,100550.09
11398.619041304,2526,100530.57,97874.24,100532.88,103750.35,100537.1,100531.13,100538.51,100554.11
11398.639703762,2527,100532.68,97857.04,100540.92,103761.29,100542.02,100543.19,100543.6,100551.12
11398.66341202,2528,100534.79,97859.09,100532.88,103752.53,100535.01,100539.17,100549.74,100554.11
11398.684046405,2529,100530.57,97865.13,100533.91,103758.37,100539.04,100540.22,100544.65,100553.08
11398.704676489,2530,100539.63,97864.1,100528.86,103742.33,100533.97,100541.09,100551.66,100562.14
11398.725321706,2531,100540.69,97857.04,100538.96,103749.26,100551.12,100532.18,100539.57,100563.17
11398.745905333,2532,100515.6,97873.21,100533.91,103751.44,100538.0,100545.11,100544.65,100546.07
11398.766466739,2533,100528.67,97866.15,100542.98,103734.3,100546.05,100538.12,100544.65,100557.09
11398.787057662,2534,100529.51,97871.16,100532.88,103742.33,100540.98,100547.21,100544.65,100554.11
11398.807629871,2535,100524.67,97864.1,100528.86,103750.35,100543.07,100543.19,100543.6,100562.14
11398.831389794,2536,100539.63,97868.14,100534.94,103757.28,100544.11,100541.09,100543.6,100553.08
11398.852035685,2537,100531.62,97866.15,100543.91,103752.18,100539.04,100544.24,100550.6,100553.08
11398.872644098,2538,100537.52,97865.13,100532.88,103746.34,100532.92,100532.18,100548.68,100554.11
11398.893201133,2539,100530.57,97873.21,100533.91,103754.36,100545.01,100526.06,100553.77,100545.05
11398.913907044,2540,100526.78,97861.08,100528.86,103759.46,100548.14,100539.17,100548.68,100550.09
11398.93443409,2541,100532.68,97865.13,100538.87,103750.35,100538.0,100534.1,100547.63,100545.05
11398.954968086,2542,100530.57,97877.26,100532.88,103758.37,100552.17,100530.08,100544.65,100554.11
11398.975600403,2543,100540.69,97865.13,100532.88,103758.37,100539.04,100530.08,100543.6,100554.11
11398.999346894,2544,100536.69,97865.13,100532.88,103754.36,100540.98,100540.22,100548.68,100563.17
11399.019985109,2545,100536.69,97853.0,100520.82,103760.2,100543.07,100547.21,100551.66,100556.16
11399.040586178,2546,100534.57,97859.09,100534.94,103751.44,100533.97,100533.23,100543.6,100545.05
11399.061179947,2547,100524.67,97872.19,100534.94,103751.44,100535.01,100533.05,100535.54,100553.17
11399.081681949,2548,100537.52,97866.15,100529.89,103749.26,100532.92,100545.11,100544.65,100545.05
11399.102313456,2549,100539.63,97865.13,100535.87,103750.35,100547.1,100542.14,100544.65,100545.05
11399.122896526,2550,100536.69,97856.01,100528.86,103746.34,100553.21,100546.16,100548.68,100554.11
11399.143498668,2551,100532.68,97877.26,100536.9,103744.16,100539.04,100531.13,100544.65,100561.11
11399.167299713,2552,100529.73,97863.07,100532.88,103755.45,100540.98,100530.08,100543.6,100555.13
11399.187906321,2553,100534.57,97864.1,100531.85,103746.34,100543.07,100537.07,100533.62,100550.09
11399.208577007,2554,100521.5,97874.24,100532.88,103750.35,100539.04,100534.1,100548.68,100554.11
11399.229105366,2555,100530.57,97865.13,100531.85,103750.35,100543.07,100542.14,100553.77,100555.04
11399.249767162,2556,100530.57,97861.08,100542.98,103755.45,100547.1,100534.28,100538.51,100562.14
11399.270333565,2557,100537.52,97865.13,100533.91,103743.42,100539.04,100547.21,100532.56,100537.01
11399.290948612,2558,100534.57,97875.2,100535.87,103754.36,100532.92,100542.14,100544.65,100549.06
11399.311508243,2559,100542.81,97865.13,100533.91,103742.33,100542.02,100531.13,100548.68,100550.09
11399.335239188,2560,100529.51,97865.13,100541.95,103755.45,100530.98,100538.12,100544.65,100554.11
11399.355825877,2561,100535.85,97864.1,100532.88,103758.37,100539.04,100540.04,100548.68,100554.11
11399.376372547,2562,100524.67,97874.24,100532.88,103751.44,100538.0,100536.02,100542.54,100556.07
11399.396969576,2563,100532.68,97865.13,100536.9,103754.36,100543.97,100535.15,100543.6,100552.05
11399.417703113,2564,100532.46,97881.3,100532.88,103750.35,100524.87,100527.11,100550.6,100556.07
11399.4382653,2565,100532.68,97873.21,100532.88,103750.35,100539.04,100546.16,100549.55,100559.15
11399.458906996,2566,100526.56,97872.19,100533.91,103753.27,100538.0,100542.14,100542.54,100557.09
11399.479423893,2567,100534.57,97859.09,100540.92,103757.28,100536.05,100552.47,100546.57,100555.13
11399.503256675,2568,100534.57,97872.19,100532.88,103751.44,100540.08,100529.03,100547.63,100557.09
11399.523825871,2569,100540.69,97873.21,100523.81,103752.53,100543.07,100530.08,100542.54,100558.12
11399.544451241,2570,100533.74,97861.08,100542.98,103753.27,100547.1,100546.16,100550.6,100553.08
11399.565025595,2571,100534.57,97861.08,100534.94,103750.35,100548.14,100540.22,100534.48,100554.11
11399.585586192,2572,100538.58,97872.19,100538.96,103754.36,100535.01,100536.2,100539.57,100551.12
11399.606164966,2573,100536.69,97873.21,100531.85,103750.35,100539.04,100543.19,100543.6,100562.14
11399.626799861,2574,100530.57,97859.03,100540.92,103746.34,100533.97,100548.26,100542.54,100547.01
11399.647355901,2575,100530.57,97854.99,100532.88,103761.29,100545.01,100554.2,100541.48,100552.05
11399.671194541,2576,100529.51,97869.17,100526.9,103750.35,100543.07,100540.22,100546.57,100548.03
11399.691765351,2577,100528.67,97862.11,100528.86,103755.45,100546.05,100548.26,100542.54,100553.08
11399.712333298,2578,100540.69,97865.13,100523.81,103758.37,100545.15,100536.2,100534.48,100549.06
11399.732987277,2579,100532.68,97854.99,100536.9,103754.36,100543.07,100533.05,100541.48,100545.05
11399.753541561,2580,100536.69,97873.21,100529.89,103742.33,100543.07,100546.16,100538.51,100555.13
11399.774121257,2581,100532.46,97869.17,100526.9,103755.45,100536.05,100543.19,100542.54,100553.08
11399.794788407,2582,100528.45,97857.04,100533.91,103741.24,100535.01,100543.19,100539.57,100553.08
11399.818522455,2583,100532.68,97873.21,100534.94,103749.26,100536.05,100546.16,100550.6,100553.08
11399.839096844,2584,100532.68,97869.17,100519.79,103751.44,100544.11,100549.31,100541.48,100556.07
11399.859721949,2585,100539.63,97881.3,100526.9,103742.33,100542.02,100551.23,100542.54,100559.15
11399.880282153,2586,100534.57,97872.19,100542.98,103751.44,100536.05,100533.05,100542.54,100541.03
11399.900934556,2587,100542.58,97866.15,100540.92,103752.53,100540.08,100537.07,100533.42,100555.13
11399.921525791,2588,100533.74,97873.21,100531.85,103750.35,100533.97,100547.21,100542.54,100549.06
11399.942057624,2589,100536.69,97865.13,100537.93,103753.27,100544.11,100529.03,100544.65,100545.05
11399.962684295,2590,100531.62,97873.21,100531.85,103753.27,100543.07,100544.24,100532.56,100553.08
11399.986484897,2591,100524.44,97864.1,100530.92,103750.35,100538.0,100539.17,100546.57,100553.08
11400.007064473,2592,100531.84,97865.13,100532.88,103748.52,100540.08,100533.05,100546.57,100548.03
11400.027707118,2593,100539.63,97856.01,100540.92,103754.36,100535.01,100535.15,100536.4,100549.06
11400.048266247,2594,100536.69,97857.04,100532.88,103750.35,100543.07,100542.14,100538.51,100553.08
11400.068858867,2595,100529.51,97873.21,100527.83,103749.26,100533.97,100542.14,100550.6,100554.11
11400.089445267,2596,100532.68,97865.13,100529.89,103742.33,100539.04,100538.12,100550.6,100545.05
11400.110055253,2597,100539.63,97857.04,100528.86,103742.33,100539.04,100537.07,100542.54,100563.17
11400.130649333,2598,100537.52,97865.13,100529.89,103742.33,100543.07,100542.14,100544.65,100558.12
11400.154379956,2599,100537.52,97848.95,100534.94,103751.44,100540.08,100540.22,100542.54,100546.07
11400.175003764,2600,100542.81,97873.21,100541.95,103759.46,100539.04,100539.17,100543.6,100547.01
11400.19567412,2601,100534.79,97865.13,100532.88,103743.42,100545.01,100537.07,100534.48,100545.05
11400.216257423,2602,100532.68,97865.13,100532.88,103742.33,100539.04,100530.08,100542.54,100550.09
11400.236868807,2603,100538.58,97856.01,100540.92,103742.33,100532.92,100537.07,100543.6,100551.12
11400.257454257,2604,100534.57,97861.08,100541.95,103750.35,100539.04,100534.1,100542.54,100561.11
11400.278057576,2605,100533.74,97859.03,100536.9,103745.25,100545.01,100538.12,100544.65,100554.11
11400.298609122,2606,100536.69,97866.15,100527.83,103742.33,100535.01,100545.29,100542.54,100554.11
11400.322426021,2607,100530.57,97883.35,100533.91,103742.33,100536.05,100527.97,100539.57,100559.15
11400.343062228,2608,100539.63,97866.15,100525.87,103753.27,100538.0,100547.21,100542.54,100555.13
11400.363589351,2609,100530.57,97861.08,100534.94,103751.44,100547.1,100530.08,100542.54,100557.09
11400.384242898,2610,100534.57,97865.13,100531.85,103738.31,100542.02,100538.12,100545.52,100558.12
11400.404757292,2611,100533.74,97863.07,100531.85,103748.17,100543.07,100534.1,100541.48,100551.12
11400.425442868,2612,100538.8,97860.06,100535.87,103754.36,100542.02,100538.12,100541.48,100554.11
11400.445954637,2613,100526.78,97857.04,100528.86,103754.36,100546.05,100550.37,100542.54,100553.08
11400.466561811,2614,100531.62,97859.03,100534.94,103753.27,100544.11,100527.97,100543.6,100547.1
11400.490364006,2615,100523.61,97873.21,100537.93,103754.36,100539.04,100548.26,100538.51,100552.05
11400.510883958,2616,100527.62,97863.07,100532.88,103754.36,100532.92,100533.05,100538.51,100554.11
11400.531539577,2617,100538.58,97865.13,100523.81,103750.35,100537.1,100530.08,100541.48,100554.11
11400.55215125,2618,100523.61,97860.06,100534.94,103756.19,100535.01,100529.03,100542.54,100549.06
11400.572770009,2619,100526.78,97874.24,100532.88,103750.35,100540.08,100530.08,100540.62,100567.18
11400.593363552,2620,100530.57,97874.24,100538.96,103750.35,100533.97,100546.16,100542.54,100554.11
11400.614009393,2621,100522.55,97865.13,100531.85,103758.37,100526.95,100542.14,100542.54,100561.11
11400.634556527,2622,100532.68,97865.13,100540.92,103753.27,100532.92,100538.12,100537.45,100567.18
11400.658273477,2623,100532.68,97857.04,100539.89,103756.19,100533.97,100532.18,100547.63,100554.11
11400.678899765,2624,100530.57,97860.06,100532.88,103758.37,100526.95,100540.22,100553.58,100545.05
11400.699495135,2625,100532.68,97863.07,100532.88,103765.3,100535.01,100540.22,100544.65,100552.05
11400.720035123,2626,100524.67,97873.21,100532.88,103757.28,100535.01,100526.06,100547.63,100553.08
11400.740740344,2627,100534.57,97865.13,100534.94,103754.36,100535.01,100533.05,100546.57,100545.05
11400.761238644,2628,100535.63,97872.19,100530.83,103753.27,100535.01,100534.1,100542.54,100555.13
11400.781909744,2629,100531.62,97856.01,100535.87,103765.3,100528.9,100542.14,100550.6,100562.14
11400.802571683,2630,100530.57,97871.16,100532.88,103766.39,100532.92,100544.24,100545.52,100557.09
11400.826242792,2631,100542.58,97869.17,100532.88,103749.26,100528.9,100540.22,100546.57,100555.13
11400.846894241,2632,100538.58,97881.3,100528.86,103766.39,100532.92,100538.12,100538.51,100549.06
11400.867525999,2633,100533.51,97866.15,100532.88,103753.27,100538.0,100537.07,100545.52,100557.09
11400.88807049,2634,100532.68,97861.08,100523.81,103761.29,100536.95,100539.17,100543.6,100555.13
11400.908736729,2635,100524.67,97865.13,100532.88,103766.39,100538.0,100530.08,100542.54,100545.05
11400.929264419,2636,100539.63,97872.19,100532.88,103764.21,100533.97,100531.13,100548.49,100558.12
11400.94995073,2637,100522.55,97863.07,100532.88,103750.35,100535.01,100529.03,100532.37,100541.03
11400.973638344,2638,100538.58,97865.13,100530.83,103757.28,100524.87,100540.22,100537.45,100546.07
11400.994293681,2639,100546.81,97865.13,100536.9,103766.39,100539.04,100539.17,100538.51,100549.06
11401.014811383,2640,100543.86,97865.13,100531.85,103764.21,100540.08,100538.12,100544.46,100555.13
11401.035430785,2641,100536.69,97867.12,100532.88,103757.28,100535.01,100536.02,100542.54,100555.13
11401.0560537,2642,100531.62,97871.16,100537.93,103748.17,100527.85,100538.12,100542.54,100550.09
11401.076620169,2643,100522.55,97865.13,100531.85,103757.28,100547.1,100530.08,100532.37,100549.06
11401.097270129,2644,100524.67,97854.99,100532.88,103764.21,100535.01,100530.08,100542.54,100546.07
11401.117832745,2645,100540.69,97868.14,100528.86,103753.27,100525.91,100530.08,100550.6,100554.11
11401.14159514,2646,100524.67,97871.16,100533.91,103766.39,100537.1,100535.15,100542.54,100549.06
11401.162229328,2647,100530.57,97865.13,100533.91,103758.37,100533.07,100540.04,100540.43,100550.09
11401.18278843,2648,100540.69,97864.1,100534.94,103758.37,100549.18,100538.12,100546.57,100545.05
11401.203363849,2649,100516.43,97861.08,100523.81,103753.27,100539.04,100539.17,100550.6,100545.05
11401.223992494,2650,100539.63,97860.06,100534.94,103758.37,100528.0,100532.0,100532.37,100550.09
11401.244483745,2651,100530.57,97865.13,100528.86,103754.36,100535.01,100534.1,100541.48,100554.11
11401.265159113,2652,100530.57,97861.08,100539.89,103758.37,100538.0,100540.22,100542.54,100553.08
11401.285785228,2653,100529.51,97872.19,100540.92,103749.26,100535.01,100538.12,100540.43,100549.06
11401.30957727,2654,100522.55,97872.19,100531.85,103754.36,100535.01,100535.15,100545.52,100545.05
11401.330144559,2655,100531.62,97873.21,100530.83,103750.35,100533.97,100538.12,100550.6,100553.08
11401.350788938,2656,100523.61,97876.23,100532.88,103757.28,100536.95,100547.21,100534.48,100545.05
11401.371368183,2657,100537.74,97863.07,100529.89,103757.28,100533.97,100529.03,100532.37,100548.03
11401.39199989,2658,100530.57,97871.22,100536.9,103762.38,100529.94,100534.28,100544.46,100554.11
11401.412598073,2659,100530.57,97865.13,100531.85,103761.29,100533.97,100548.26,100533.42,100551.12
11401.433163381,2660,100538.58,97873.21,100531.85,103750.35,100535.01,100538.12,100552.52,100549.06
11401.453758877,2661,100539.63,97873.21,100530.83,103749.26,100535.01,100529.03,100545.52,100549.06
11401.477559476,2662,100543.64,97881.3,100530.83,103757.28,100529.94,100538.12,100536.4,100558.12
11401.498156094,2663,100540.69,97865.13,100538.87,103755.1,100523.82,100542.14,100550.6,100545.05
11401.518681059,2664,100532.68,97865.13,100524.84,103760.2,100530.98,100531.13,100543.6,100546.07
11401.539244293,2665,100532.68,97873.21,100532.88,103753.27,100532.92,100532.0,100542.54,100555.13
11401.559872297,2666,100534.57,97871.16,100520.82,103761.29,100526.95,100534.1,100541.48,100547.1
11401.580429139,2667,100539.63,97878.28,100533.91,103769.31,100526.95,100534.1,100531.31,100551.02
11401.600995581,2668,100531.62,97863.07,100534.85,103756.19,100535.01,100527.97,100538.51,100554.11
11401.621665957,2669,100532.68,97865.13,100540.92,103765.3,100528.9,100534.1,100548.49,100553.08
11401.645431074,2670,100536.69,97861.08,100526.9,103766.39,100529.94,100537.07,100551.66,100538.97
11401.666069231,2671,100528.67,97873.21,100536.9,103765.3,100530.84,100530.08,100544.46,100545.05
11401.686647499,2672,100535.63,97873.21,100540.92,103757.28,100525.91,100533.05,100532.37,100553.08
11401.707191278,2673,100534.57,97871.16,100528.86,103754.36,100528.9,100526.06,100546.57,100553.08
11401.727856736,2674,100524.67,97872.19,100532.88,103762.38,100536.05,100523.09,100542.54,100554.11
11401.748428205,2675,100538.58,97861.08,100530.92,103756.19,100528.9,100534.1,100542.54,100562.14
11401.769050757,2676,100541.53,97872.19,100532.88,103757.28,100542.02,100527.97,100540.43,100546.07
11401.789623061,2677,100530.57,97865.13,100528.86,103760.2,100536.05,100542.14,100545.52,100555.13
11401.813464979,2678,100538.8,97864.1,100537.93,103766.39,100528.9,100540.22,100542.54,100549.16
11401.834064568,2679,100539.63,97875.2,100532.88,103757.28,100532.92,100530.08,100541.48,100542.06
11401.854666439,2680,100525.5,97869.17,100539.89,103758.37,100528.0,100538.12,100534.48,100550.09
11401.875211273,2681,100534.57,97873.21,100532.88,103762.38,100526.95,100534.96,100534.48,100539.07
11401.895845341,2682,100536.69,97864.1,100531.85,103766.39,100530.98,100531.13,100542.54,100549.06
11401.916358413,2683,100536.69,97869.17,100536.9,103754.36,100535.01,100542.14,100540.43,100553.08
11401.937034264,2684,100533.51,97863.07,100532.88,103756.19,100535.01,100534.1,100550.6,100546.07
11401.957768927,2685,100539.63,97854.99,100527.83,103761.29,100541.12,100540.22,100543.4,100562.14
11401.981386635,2686,100530.57,97871.16,100531.85,103762.03,100535.91,100545.11,100552.71,100545.05
11402.002068173,2687,100540.69,97863.07,100529.89,103764.21,100540.98,100529.03,100544.46,100556.16
11402.022609602,2688,100533.74,97865.13,100532.88,103758.02,100532.92,100538.12,100536.4,100559.15
11402.043198029,2689,100530.57,97871.16,100532.88,103754.36,100526.81,100543.19,100545.52,100546.07
11402.063807922,2690,100538.58,97875.2,100532.88,103764.21,100530.98,100534.1,100540.43,100551.12
11402.084408593,2691,100534.57,97867.12,100540.92,103761.29,100532.92,100526.92,100541.48,100547.1
11402.104963631,2692,100534.57,97863.07,100530.83,103765.3,100530.98,100538.12,100541.48,100553.08
11402.125624191,2693,100531.62,97877.26,100532.88,103749.26,100532.92,100533.05,100543.6,100559.15
11402.149302323,2694,100530.57,97879.25,100538.96,103764.21,100533.97,100526.06,100533.42,100540.1
11402.169902731,2695,100539.63,97863.07,100532.88,103768.22,100539.04,100539.17,100546.57,100547.1
11402.190534459,2696,100532.68,97871.16,100542.89,103765.3,100528.9,100550.18,100550.6,100553.08
11402.211066597,2697,100540.69,97875.2,100541.95,103762.38,100530.84,100545.11,100545.52,100545.05
11402.23170467,2698,100533.74,97865.13,100532.88,103769.31,100538.9,100533.05,100540.43,100545.05
11402.252402941,2699,100532.68,97854.99,100525.87,103760.2,100526.95,100534.1,100542.54,100555.13
11402.273032913,2700,100532.68,97867.12,100532.88,103756.19,100522.92,100533.05,100550.6,100550.09
11402.296681323,2701,100532.68,97881.3,100528.86,103752.18,100531.88,100530.08,100545.52,100549.06
11402.317303193,2702,100526.56,97877.26,100539.89,103759.11,100526.95,100542.14,100548.49,100553.08
11402.337912833,2703,100530.57,97863.07,100539.89,103766.39,100535.91,100537.07,100540.43,100553.08
11402.358521781,2704,100537.52,97866.15,100532.88,103754.36,100527.85,100533.05,100535.54,100546.07
11402.379128106,2705,100536.69,97859.03,100536.9,103760.2,100526.95,100534.1,100536.4,100545.05
11402.399670559,2706,100538.58,97871.16,100536.9,103761.29,100526.95,100530.08,100536.4,100551.12
11402.420309367,2707,100536.69,97875.2,100534.85,103752.18,100528.9,100537.07,100541.48,100554.11
11402.440877352,2708,100523.61,97871.16,100545.97,103764.21,100525.91,100534.1,100541.48,100551.02
11402.464634001,2709,100526.78,97860.06,100533.91,103760.2,100533.97,100540.04,100533.42,100545.05
11402.485207808,2710,100527.62,97879.25,100532.88,103752.18,100533.97,100539.17,100547.43,100549.06
11402.505843934,2711,100534.57,97873.21,100527.83,103756.19,100535.91,100542.14,100554.63,100556.07
11402.526430288,2712,100526.56,97873.21,100522.79,103753.27,100532.92,100532.0,100540.43,100561.11
11402.547089609,2713,100531.62,97875.2,100534.94,103758.37,100532.92,100535.15,100542.54,100546.07
11402.56764813,2714,100535.63,97872.19,100540.92,103764.21,100528.9,100523.95,100541.48,100552.05
11402.588272499,2715,100532.68,97872.19,100534.94,103760.2,100533.97,100533.05,100542.54,100544.02
11402.608862717,2716,100531.62,97865.13,100526.81,103757.28,100520.7,100544.24,100544.46,100546.07
11402.632594228,2717,100530.57,97863.07,100532.88,103765.3,100536.05,100534.1,100540.43,100551.02
11402.653257152,2718,100540.69,97881.3,100530.83,103758.37,100535.91,100534.1,100544.46,100551.12
11402.673921615,2719,100532.68,97878.22,100530.83,103764.21,100533.97,100534.1,100542.54,100546.07
11402.69458753,2720,100524.67,97872.19,100530.83,103753.27,100538.0,100535.15,100541.48,100553.08
11402.715272049,2721,100542.81,97871.16,100530.83,103766.39,100532.92,100534.1,100541.48,100553.08
11402.735915913,2722,100530.57,97864.1,100534.85,103758.37,100531.88,100529.03,100542.54,100545.05
11402.756659803,2723,100533.51,97865.13,100528.86,103769.31,100529.94,100533.05,100536.4,100550.09
11402.777338152,2724,100535.63,97878.28,100534.85,103760.2,100523.82,100533.05,100550.6,100554.11
11402.800540309,2725,100530.57,97863.07,100532.88,103756.19,100524.87,100529.03,100542.54,100545.05
11402.821159649,2726,100534.57,97865.13,100533.91,103749.26,100533.97,100546.16,100541.48,100545.05
11402.841847438,2727,100536.69,97880.27,100526.81,103760.2,100528.9,100546.16,100529.39,100554.11
11402.862620087,2728,100542.58,97865.13,100530.83,103764.21,100533.97,100534.1,100540.43,100545.05
11402.883185737,2729,100522.55,97873.21,100540.92,103766.39,100535.01,100527.97,100546.57,100545.05
11402.903886848,2730,100536.69,97873.21,100527.83,103761.29,100526.95,100532.18,100534.48,100557.09
11402.924579008,2731,100536.69,97873.21,100530.83,103756.19,100526.81,100539.17,100541.48,100555.13
11402.945337723,2732,100532.68,97871.16,100528.86,103766.39,100532.92,100545.11,100542.35,100555.13
11402.968511226,2733,100534.79,97879.25,100538.87,103749.26,100531.88,100538.12,100532.37,100554.11
11402.989192499,2734,100532.68,97872.19,100532.88,103766.39,100515.77,100545.11,100549.55,100555.13
11403.009838665,2735,100542.81,97872.19,100538.87,103765.3,100530.84,100534.1,100540.43,100550.09
11403.030597712,2736,100537.74,97879.25,100538.87,103764.21,100530.98,100544.24,100538.51,100555.13
11403.050963421,2737,100532.68,97873.21,100542.98,103765.3,100523.82,100533.05,100540.43,100553.08
11403.071524117,2738,100530.57,97879.25,100532.88,103752.18,100530.98,100530.08,100537.45,100554.11
11403.092234897,2739,100539.63,97872.19,100534.85,103756.19,100526.95,100539.17,100553.58,100547.1
11403.112744119,2740,100535.63,97873.21,100533.91,103758.37,100535.01,100536.2,100540.43,100547.1
11403.136492693,2741,100527.62,97872.19,100532.88,103764.21,100527.85,100529.03,100544.46,100555.13
11403.157039508,2742,100536.69,97871.16,100530.83,103756.19,100528.9,100534.1,100536.4,100557.09
11403.177640635,2743,100538.58,97879.25,100531.85,103749.26,100525.91,100542.14,100545.52,100537.01
11403.198285105,2744,100524.67,97863.07,100523.81,103761.29,100533.97,100538.12,100546.57,100553.08
11403.218863519,2745,100531.62,97871.16,100542.98,103758.37,100540.98,100539.17,100545.52,100545.05
11403.239484018,2746,100524.67,97877.26,100536.9,103760.2,100529.94,100538.12,100542.54,100554.11
11403.260073869,2747,100532.68,97863.07,100530.83,103765.3,100525.91,100541.09,100550.6,100557.09
11403.280687389,2748,100532.68,97873.21,100530.83,103760.2,100523.82,100527.97,100544.46,100545.05
11403.304398741,2749,100530.57,97877.26,100532.88,103759.11,100528.9,100539.17,100544.46,100546.07
11403.3250042,2750,100536.69,97864.1,100536.9,103762.03,100529.94,100526.06,100540.43,100545.05
11403.345801024,2751,100532.68,97871.16,100521.76,103765.3,100528.9,100529.03,100537.45,100551.02
11403.366277342,2752,100537.74,97881.3,100530.83,103764.21,100526.81,100533.05,100540.43,100546.07
11403.386865592,2753,100536.69,97870.14,100539.89,103761.29,100521.88,100545.11,100548.49,100552.05
11403.407483472,2754,100539.63,97879.25,100539.89,103766.39,100522.78,100534.1,100547.63,100544.02
11403.428065729,2755,100525.5,97872.19,100531.85,103760.2,100520.84,100540.22,100557.61,100562.14
11403.449174836,2756,100541.75,97875.2,100526.81,103752.18,100523.82,100534.1,100538.51,100562.14
11403.472379274,2757,100538.58,97870.14,100536.9,103772.23,100527.85,100537.07,100544.46,100547.01
11403.493023183,2758,100540.69,97871.16,100540.92,103752.18,100535.91,100541.09,100546.57,100561.11
11403.513593716,2759,100536.69,97879.25,100530.83,103765.3,100529.94,100530.08,100537.45,100559.15
11403.534217302,2760,100534.57,97879.25,100536.9,103756.19,100536.95,100531.13,100541.48,100553.08
11403.55484635,2761,100539.63,97879.25,100535.87,103757.28,100532.92,100530.08,100543.6,100549.06
11403.575367087,2762,100532.68,97872.19,100532.88,103766.39,100525.91,100529.03,100544.46,100552.05
11403.596429135,2763,100534.57,97880.27,100536.9,103765.3,100528.9,100534.1,100540.43,100543.08
11403.619711638,2764,100525.72,97862.05,100536.9,103756.19,100532.92,100546.34,100540.43,100549.06
11403.640417972,2765,100538.58,97876.23,100540.92,103748.17,100528.9,100538.12,100544.46,100553.17
11403.660921657,2766,100535.63,97872.19,100533.91,103764.21,100532.92,100546.16,100554.63,100551.12
11403.681505025,2767,100538.8,97871.16,100528.86,103762.03,100536.95,100538.99,100546.57,100553.08
11403.702115294,2768,100545.76,97871.16,100535.87,103765.3,100515.77,100532.0,100540.43,100554.11
11403.722759763,2769,100536.69,97873.21,100539.89,103779.16,100524.87,100530.08,100545.52,100545.05
11403.743364779,2770,100532.68,97872.19,100532.88,103764.21,100523.82,100534.1,100542.54,100550.09
11403.763952893,2771,100540.69,97880.27,100532.88,103765.3,100524.87,100539.17,100548.49,100544.02
11403.787669451,2772,100531.84,97871.16,100534.85,103756.19,100524.87,100520.98,100548.49,100557.09
11403.808240832,2773,100532.68,97881.3,100532.88,103757.28,100522.78,100539.17,100546.57,100545.05
11403.8289025,2774,100536.69,97883.29,100540.92,103764.21,100524.87,100536.02,100540.43,100553.08
11403.84946805,2775,100536.69,97875.2,100531.85,103752.18,100521.88,100529.03,100540.43,100552.05
11403.872089986,2776,100530.57,97871.16,100528.86,103773.32,100523.82,100533.05,100540.43,100547.01
11403.890838422,2777,100538.58,97883.35,100536.9,103762.03,100527.85,100535.15,100544.46,100547.01
11403.911230319,2778,100528.67,97863.07,100538.87,103765.3,100522.78,100529.03,100540.43,100560.08
11403.931918849,2779,100532.68,97879.25,100538.87,103773.32,100528.9,100538.12,100544.46,100544.02
11403.955614251,2780,100535.63,97875.2,100532.88,103763.12,100526.95,100539.17,100544.46,100553.08
11403.97622489,2781,100535.63,97871.16,100533.91,103780.25,100535.01,100534.1,100548.49,100554.11
11403.996839747,2782,100530.57,97871.16,100527.83,103765.3,100524.87,100540.04,100541.48,100549.06
11404.017426903,2783,100532.68,97881.3,100537.93,103764.21,100524.87,100540.04,100536.4,100547.1
11404.03810009,2784,100526.56,97905.56,100540.92,103767.13,100533.97,100543.01,100542.54,100547.1
11404.058722673,2785,100534.57,97881.3,100524.84,103766.04,100524.87,100527.97,100545.52,100554.11
11404.07927808,2786,100532.68,97853.96,100541.86,103765.3,100533.97,100530.08,100543.4,100557.09
11404.099909099,2787,100531.62,97880.27,100535.87,103764.21,100522.92,100522.04,100540.43,100551.12
11404.123689225,2788,100527.62,97863.07,100539.89,103756.19,100533.97,100529.03,100538.51,100546.07
11404.144234836,2789,100538.58,97879.25,100529.8,103781.34,100525.91,100538.12,100557.61,100548.03
11404.164817113,2790,100546.59,97876.23,100538.87,103780.25,100524.87,100533.05,100540.43,100549.06
11404.185432593,2791,100536.69,97878.22,100534.85,103748.17,100515.77,100529.03,100543.4,100554.11
11404.206037037,2792,100530.57,97863.07,100530.83,103754.01,100525.91,100530.08,100535.34,100554.11
11404.226647299,2793,100534.79,97873.15,100522.79,103774.41,100530.84,100533.05,100541.48,100549.06
11404.247237757,2794,100542.81,97875.2,100539.89,103776.24,100532.92,100530.08,100548.49,100549.06
11404.267796854,2795,100534.57,97877.26,100532.88,103760.2,100524.87,100529.03,100548.49,100550.09
11404.291550097,2796,100539.63,97870.14,100534.85,103749.26,100522.78,100536.02,100545.52,100561.11
11404.312193344,2797,100539.86,97875.2,100543.91,103762.38,100529.94,100533.05,100541.48,100562.14
11404.332766526,2798,100533.51,97875.2,100531.85,103764.21,100525.91,100533.05,100556.55,100547.1
11404.353441651,2799,100529.51,97876.23,100534.85,103797.39,100524.87,100533.05,100542.54,100552.05
11404.374016303,2800,100536.69,98023.78,100524.84,103754.01,100532.92,100520.98,100542.54,100555.13
11404.39453855,2801,100535.63,97903.51,100528.86,103781.34,100523.82,100537.07,100548.49,100555.13
11404.415244686,2802,100537.52,97896.45,100535.87,103768.22,100525.91,100533.05,100544.46,100552.05
11404.435882443,2803,100538.58,97968.2,100530.83,103769.31,100525.91,100526.06,100541.48,100563.17
11404.459537846,2804,100534.79,97880.27,100532.88,103780.25,100526.81,100530.08,100535.34,100546.07
11404.480166849,2805,100526.78,97915.64,100536.9,103762.38,100531.88,100537.07,100542.54,100553.08
11404.50078666,2806,100529.51,97895.42,100527.83,103771.14,100530.98,100532.0,100541.48,100557.09
11404.521452457,2807,100534.57,97901.52,100540.92,103768.22,100515.77,100546.16,100536.4,100554.11
11404.541922081,2808,100530.57,97915.64,100528.86,103765.3,100520.7,100532.0,100544.46,100550.09
11404.562521978,2809,100538.58,97919.68,100532.88,103780.25,100535.01,100531.13,100548.49,100554.11
11404.583091287,2810,100540.69,97919.68,100522.79,103772.23,100523.82,100537.07,100537.45,100555.13
11404.603729901,2811,100538.58,97926.74,100530.83,103780.25,100525.91,100532.0,100550.6,100546.07
11404.62753624,2812,100531.62,98077.38,100532.88,103817.44,100523.82,100530.08,100548.49,100553.08
11404.64806516,2813,100538.58,98101.64,100540.92,103816.35,100524.87,100534.1,100545.52,100546.07
11404.668645377,2814,100534.57,98113.77,100532.88,103822.19,100524.87,100529.03,100552.52,100553.08
11404.689265571,2815,100528.45,98065.25,100532.88,103812.34,100522.78,100536.02,100541.48,100555.13
11404.709925981,2816,100532.46,98098.62,100530.83,103804.32,100530.98,100534.1,100536.4,100550.09
11404.730461006,2817,100532.46,98077.38,100534.85,103812.34,100516.81,100542.14,100540.43,100549.06
11404.751097799,2818,100534.57,98090.54,100531.85,103812.34,100526.81,100542.14,100541.48,100554.11
11404.774812664,2819,100540.69,98114.8,100536.9,103817.44,100521.88,100530.08,100544.46,100547.01
11404.795427247,2820,100534.79,98089.51,100531.85,103816.0,100517.85,100538.12,100536.4,100551.12
11404.816044372,2821,100536.69,98101.64,100530.83,103822.19,100514.72,100537.07,100542.54,100548.03
11404.836740718,2822,100540.69,98103.63,100535.87,103814.52,100525.91,100529.03,100542.54,100552.05
11404.857261469,2823,100526.78,98106.71,100534.85,103813.43,100524.87,100534.1,100541.48,100552.05
11404.877908074,2824,100536.69,98154.21,100530.83,103826.55,100528.9,100537.07,100541.48,100546.07
11404.898501846,2825,100540.69,98366.54,100530.83,103919.54,100524.87,100534.1,100541.48,100555.13
11404.919056489,2826,100528.67,98457.48,100537.93,103914.44,100521.88,100529.03,100544.46,100544.02
11404.942746383,2827,100541.75,98421.09,100532.88,103900.58,100526.95,100537.07,100549.55,100547.01
11404.963371959,2828,100539.63,98422.12,100532.88,103917.71,100528.9,100538.12,100530.26,100545.05
11404.983961969,2829,100540.69,98421.09,100531.85,103906.41,100528.0,100529.03,100535.54,100557.09
11405.004601276,2830,100542.81,98431.24,100532.88,103918.45,100522.78,100545.11,100544.46,100546.07
11405.025165346,2831,100536.69,98429.18,100523.81,103916.62,100516.81,100530.08,100540.43,100553.08
11405.045766364,2832,100532.68,98417.05,100530.83,103909.69,100525.91,100544.06,100548.49,100553.08
11405.066325991,2833,100536.69,98408.96,100530.83,103904.59,100518.9,100530.08,100546.57,100557.09
11405.087051179,2834,100537.74,98409.99,100533.91,103900.58,100523.82,100538.12,100548.49,100542.06
11405.110717223,2835,100536.69,98411.02,100532.88,103905.68,100515.77,100526.92,100536.4,100545.05
11405.131330372,2836,100532.68,98408.96,100536.9,103900.58,100516.81,100544.06,100550.6,100540.0
11405.151930584,2837,100540.69,98485.79,100548.96,103932.66,100525.91,100533.05,100556.55,100547.1
11405.172610601,2838,100530.57,98784.01,100540.92,104061.01,100528.9,100538.12,100557.61,100563.17
11405.193143652,2839,100536.69,98846.74,100536.9,104057.0,100525.91,100540.04,100544.46,100551.12
11405.213745589,2840,100526.56,98837.62,100540.92,104050.8,100518.75,100534.1,100541.48,100548.03
11405.23443318,2841,100524.67,98837.62,100535.87,104036.95,100524.87,100536.02,100552.52,100545.05
11405.254932923,2842,100535.63,98819.47,100531.85,104034.76,100520.84,100533.05,100546.57,100549.06
11405.278684719,2843,100531.62,98813.35,100532.88,104034.76,100514.72,100541.09,100554.63,100549.06
11405.299328652,2844,100537.52,98809.31,100540.92,104026.74,100515.77,100533.05,100540.43,100549.06
11405.319864771,2845,100526.56,98801.22,100531.85,104026.0,100532.92,100529.03,100552.52,100553.08
11405.340471095,2846,100530.57,98792.1,100540.92,104020.54,100520.84,100534.1,100544.46,100541.03
11405.361142972,2847,100534.57,98789.09,100535.87,104024.91,100522.78,100529.03,100532.37,100545.05
11405.381764456,2848,100540.69,98799.15,100532.88,104020.9,100508.75,100529.03,100548.49,100554.11
11405.402348115,2849,100538.58,98793.13,100528.86,104028.92,100528.9,100538.12,100533.42,100555.13
11405.422932337,2850,100530.57,98938.72,100540.92,104102.94,100530.84,100537.07,100548.49,100545.05
11405.446684284,2851,100543.64,99326.98,100539.89,104303.5,100532.92,100546.16,100547.43,100557.09
11405.467250456,2852,100523.61,99391.69,100535.87,104290.74,100523.97,100529.03,100544.46,100553.08
11405.487865863,2853,100539.63,99391.69,100531.85,104268.49,100507.71,100535.15,100538.51,100544.02
11405.50842451,2854,100530.57,99371.47,100533.91,104251.35,100512.78,100534.1,100543.6,100547.1
11405.529044246,2855,100524.67,99351.25,100540.92,104235.31,100515.77,100544.06,100545.52,100559.15
11405.549633134,2856,100524.67,99342.12,100528.86,104235.31,100519.8,100546.16,100540.43,100542.99
11405.570297947,2857,100540.69,99343.16,100536.9,104245.52,100523.82,100538.99,100540.43,100552.05
11405.590881893,2858,100538.58,99334.03,100524.84,104238.22,100511.74,100529.03,100548.49,100544.02
11405.614639345,2859,100534.79,99329.99,100534.85,104235.31,100522.78,100536.02,100544.46,100553.08
11405.635206925,2860,100531.62,99334.03,100534.94,104243.33,100515.77,100540.04,100543.4,100545.05
11405.65581422,2861,100526.56,99336.11,100532.88,104227.29,100516.81,100538.12,100548.49,100553.08
11405.676433751,2862,100528.45,99331.03,100542.98,104233.49,100514.72,100540.04,100545.52,100546.07
11405.696993293,2863,100535.63,99472.59,100535.87,104306.41,100531.88,100547.21,100542.35,100546.07
11405.717628019,2864,100538.58,100036.78,100535.87,104564.22,100515.77,100538.12,100549.55,100556.07
11405.738269266,2865,100532.68,100071.23,100539.89,104560.21,100522.78,100546.16,100540.43,100554.11
11405.758862869,2866,100538.58,100030.78,100533.91,104524.11,100507.71,100527.97,100536.4,100554.11
11405.782569022,2867,100540.69,100022.69,100531.85,104530.32,100511.74,100534.1,100540.43,100547.01
11405.80319805,2868,100536.69,100022.69,100531.85,104519.38,100510.7,100535.15,100544.46,100558.12
11405.823829301,2869,100533.51,100010.55,100535.87,104508.07,100514.72,100545.11,100541.48,100549.06
11405.844395535,2870,100530.79,100011.6,100530.83,104500.04,100514.72,100519.93,100544.46,100557.09
11405.864961098,2871,100521.5,99991.37,100531.85,104493.12,100528.9,100533.05,100539.37,100544.02
11405.88573959,2872,100540.69,99998.42,100533.91,104488.01,100512.78,100536.02,100542.54,100542.99
11405.906192414,2873,100532.68,99991.37,100528.86,104484.0,100522.78,100537.07,100548.49,100546.07
11405.92681052,2874,100534.57,99986.28,100532.88,104487.29,100523.82,100534.1,100536.4,100555.13
11405.950522952,2875,100542.81,99968.01,100530.83,104474.16,100517.71,100545.11,100544.46,100542.06
11405.971169201,2876,100532.68,100289.67,100532.88,104596.32,100518.75,100553.15,100544.46,100546.07
11405.991742053,2877,100532.68,101057.28,100539.89,104869.1,100514.72,100538.12,100540.43,100545.05
11406.012388411,2878,100529.51,101140.31,100535.87,104871.3,100523.82,100536.02,100541.48,100555.13
11406.032990216,2879,100531.62,101058.34,100530.83,104831.18,100511.74,100535.15,100528.34,100549.06
11406.053551349,2880,100534.57,101032.13,100532.88,104807.11,100516.81,100527.97,100540.43,100551.12
11406.074163376,2881,100540.69,101027.02,100539.89,104788.86,100512.78,100527.97,100537.45,100537.01
11406.097973682,2882,100538.58,100997.65,100532.88,104776.12,100524.87,100532.0,100540.43,100543.08
11406.118599495,2883,100538.58,100993.6,100532.88,104766.99,100516.81,100535.15,100532.37,100553.08
11406.13921385,2884,100531.62,100979.53,100534.85,104758.97,100511.74,100530.08,100541.48,100546.07
11406.159909665,2885,100536.69,100971.44,100535.87,104753.86,100515.77,100530.08,100536.4,100550.09
11406.180550337,2886,100530.57,100953.14,100532.88,104742.93,100508.75,100534.1,100541.48,100553.08
11406.201187334,2887,100534.57,100946.11,100533.91,104748.75,100510.7,100532.0,100540.43,100556.07
11406.221870686,2888,100527.62,100951.21,100547.93,104738.91,100515.77,100530.08,100548.49,100555.13
11406.24258893,2889,100537.52,100947.16,100532.88,104728.69,100515.77,100550.18,100540.43,100553.08
11406.266091837,2890,100522.55,100924.82,100531.85,104722.48,100526.81,100545.11,100540.43,100555.13
11406.286531049,2891,100537.52,100924.82,100531.85,104724.68,100524.87,100527.97,100530.26,100545.05
11406.307222546,2892,100542.58,100923.77,100532.88,104717.76,100519.8,100541.09,100539.37,100549.06
11406.328068612,2893,100538.58,100913.74,100535.87,104724.68,100514.72,100530.08,100550.6,100554.11
11406.348524012,2894,100532.68,100928.87,100540.92,104744.02,100512.64,100533.05,100544.46,100540.0
11406.369316477,2895,100534.57,100919.72,100536.9,104776.12,100507.71,100546.16,100550.6,100546.07
11406.389915135,2896,100525.5,100924.82,100538.87,104815.13,100515.77,100537.07,100556.55,100558.12
11406.410588761,2897,100537.52,100946.99,100536.9,104861.07,100524.87,100543.01,100548.49,100553.08
11406.433835978,2898,100538.58,100957.19,100532.88,104935.48,100515.77,100546.16,100542.54,100563.17
11406.454937514,2899,100538.58,100979.35,100532.88,104993.46,100520.84,100537.07,100546.57,100550.09
11406.477905245,2900,100540.69,101001.69,100538.87,105038.69,100526.81,100548.08,100540.43,100553.08
11406.495882758,2901,100538.8,101033.0,100530.83,105083.92,100518.75,100546.16,100545.52,100553.08
11406.516598531,2902,100540.69,101046.2,100536.9,105109.8,100515.77,100527.97,100541.48,100555.13
11406.537208073,2903,100539.63,101066.43,100542.89,105144.1,100523.82,100532.0,100540.43,100548.13
11406.557928761,2904,100534.57,101111.99,100536.9,105161.95,100523.82,100537.07,100544.46,100547.1
11406.57854975,2905,100524.67,101119.02,100530.83,105194.05,100520.7,100530.08,100552.52,100545.05
11406.601772216,2906,100540.69,101159.48,100535.87,105256.43,100525.77,100542.14,100558.66,100554.11
11406.622447554,2907,100531.62,101199.94,100532.88,105299.46,100526.81,100538.12,100547.63,100553.08
11406.643091648,2908,100542.81,101248.5,100540.92,105348.71,100514.72,100536.02,100541.48,100550.09
11406.663782224,2909,100532.68,101305.14,100532.88,105414.71,100526.81,100553.15,100552.52,100554.11
11406.68442018,2910,100530.57,101351.77,100535.87,105462.85,100527.85,100537.07,100540.43,100553.08
11406.705097262,2911,100531.62,101396.09,100540.92,105497.16,100514.72,100546.16,100541.48,100553.08
11406.725929561,2912,100543.64,101446.76,100538.87,105528.15,100518.75,100538.12,100554.63,100544.02
11406.746513833,2913,100525.5,101479.13,100530.83,105540.88,100512.64,100529.03,100548.49,100553.08
11406.769764207,2914,100520.44,101537.9,100527.83,105558.04,100522.78,100538.12,100537.45,100545.05
11406.790455724,2915,100537.52,101572.19,100532.88,105593.46,100522.78,100537.07,100547.43,100550.09
11406.811101734,2916,100541.75,101632.89,100535.87,105623.34,100514.72,100538.12,100551.46,100559.15
11406.831720267,2917,100540.69,101673.35,100532.88,105685.32,100516.67,100545.11,100547.43,100562.14
11406.852369307,2918,100544.7,101738.1,100535.87,105724.76,100526.81,100546.16,100539.37,100546.07
11406.873179108,2919,100532.68,101834.15,100534.85,105778.03,100515.77,100546.16,100548.49,100553.08
11406.893761847,2920,100540.69,101894.85,100531.85,105815.93,100504.58,100542.14,100538.32,100553.08
11406.914520888,2921,100537.52,101959.59,100537.93,105842.23,100525.77,100549.13,100548.49,100557.09
11406.937735078,2922,100543.64,102029.45,100540.92,105865.19,100522.78,100530.08,100542.35,100561.11
11406.958384627,2923,100528.67,102069.92,100531.85,105898.4,100518.75,100537.07,100540.43,100548.03
11406.97899736,2924,100531.62,102142.76,100542.98,105920.26,100523.82,100535.15,100543.4,100550.09
11406.999528907,2925,100540.69,102197.28,100532.88,105916.25,100520.7,100537.07,100548.49,100544.02
11407.020135009,2926,100523.61,102229.66,100530.83,105933.41,100514.72,100535.15,100556.55,100551.12
11407.040736837,2927,100526.56,102290.36,100527.83,105960.38,100528.9,100523.95,100551.46,100550.09
11407.061306953,2928,100542.81,102377.48,100539.89,105992.49,100522.78,100531.13,100543.4,100554.11
11407.08197358,2929,100542.81,102482.71,100530.83,105993.6,100526.81,100544.06,100544.46,100553.08
11407.105646616,2930,100540.69,102579.84,100530.83,106012.55,100514.72,100538.12,100538.32,100554.11
11407.126215804,2931,100538.58,102662.69,100526.81,106044.65,100522.78,100539.17,100556.55,100538.04
11407.146893757,2932,100536.46,102748.75,100536.9,106084.78,100522.78,100545.11,100543.4,100553.08
11407.16750645,2933,100523.61,102826.72,100540.92,106099.04,100526.81,100545.11,100557.61,100554.11
11407.188120541,2934,100530.57,103110.05,100536.9,106169.04,100522.78,100530.08,100540.43,100552.15
11407.208730364,2935,100529.51,103809.25,100540.92,106406.92,100526.81,100532.0,100539.37,100547.1
11407.229282165,2936,100523.61,103842.72,100540.92,106375.48,100518.75,100530.08,100538.32,100553.08
11407.253042452,2937,100530.57,104087.5,100526.81,106474.02,100514.72,100532.0,100542.35,100556.16
11407.273612091,2938,100526.56,104847.88,100531.85,106861.53,100510.7,100529.03,100550.6,100541.03
11407.294217475,2939,100535.63,104879.18,100532.88,106788.83,100513.68,100532.0,100544.46,100554.11
11407.314832579,2940,100534.57,104879.18,100530.83,106787.05,100506.67,100541.09,100550.41,100551.12
11407.335433137,2941,100538.58,104915.62,100533.91,106795.08,100515.77,100544.06,100548.49,100553.08
11407.356028156,2942,100548.7,104962.02,100538.87,106779.03,100513.68,100547.21,100546.38,100545.05
11407.376580969,2943,100534.57,104986.32,100534.85,106776.79,100521.74,100547.21,100548.49,100552.05
11407.397302176,2944,100542.81,105029.0,100536.9,106779.03,100514.72,100539.17,100557.61,100551.02
11407.420962738,2945,100534.57,105040.05,100530.83,106760.74,100513.68,100546.16,100537.45,100550.09
11407.44160754,2946,100540.69,105055.16,100538.87,106760.74,100522.78,100546.16,100551.46,100553.08
11407.462195263,2947,100539.63,105084.59,100532.88,106752.71,100526.81,100533.05,100545.52,100553.08
11407.482741918,2948,100539.63,105138.33,100544.94,106753.83,100516.67,100538.12,100552.52,100545.05
11407.503389063,2949,100540.69,105184.73,100543.91,106788.83,100515.77,100538.12,100548.49,100563.17
11407.524014625,2950,100530.57,105224.13,100535.87,106824.95,100522.78,100536.02,100545.52,100553.08
11407.544680336,2951,100532.68,105210.12,100535.87,106869.56,100514.72,100542.14,100548.49,100542.99
11407.565155102,2952,100534.57,105276.01,100526.81,106851.27,100514.72,100539.17,100554.44,100551.12
11407.588922586,2953,100534.57,105331.6,100541.95,106877.12,100515.77,100533.05,100542.35,100554.11
11407.609594111,2954,100538.58,105362.9,100540.92,106891.4,100518.75,100535.15,100548.49,100551.12
11407.630157518,2955,100528.67,105674.72,100532.88,107150.51,100523.82,100531.13,100543.4,100549.06
11407.650803633,2956,100511.59,106624.67,100514.75,107896.0,100503.68,100515.91,100532.37,100541.03
11407.671347729,2957,100537.52,106681.38,100528.86,107800.28,100513.68,100530.08,100535.34,100541.03
11407.691924835,2958,100540.69,106617.29,100536.9,107726.27,100501.6,100523.95,100533.23,100545.05
11407.712541676,2959,100540.69,106622.45,100531.85,107707.96,100514.72,100530.08,100544.46,100545.05
11407.733107644,2960,100538.58,106632.77,100530.83,107694.16,100518.75,100540.22,100538.32,100554.11
11407.756855982,2961,100537.52,106647.86,100532.88,107678.1,100530.84,100533.05,100540.43,100555.13
11407.777523923,2962,100540.69,106686.54,100531.85,107678.1,100514.72,100546.16,100539.37,100545.05
11407.798085339,2963,100543.64,106715.61,100540.92,107686.13,100518.75,100532.0,100534.29,100545.05
11407.818658823,2964,100539.63,106760.56,100542.98,107670.07,100514.72,100527.97,100542.54,100553.08
11407.839215213,2965,100541.75,106766.44,100540.92,107675.85,100522.78,100538.12,100545.32,100555.13
11407.859998962,2966,100526.56,106773.43,100528.86,107662.05,100515.77,100527.97,100540.43,100555.13
11407.88053822,2967,100527.62,106796.63,100537.84,107662.05,100512.64,100539.17,100542.35,100556.07
11407.901128473,2968,100542.58,106816.88,100535.87,107644.86,100526.81,100538.12,100543.4,100551.12
11407.924833975,2969,100544.7,106838.25,100540.92,107655.78,100518.75,100532.0,100554.44,100553.08
11407.945445839,2970,100530.57,106869.54,100532.88,107671.83,100522.78,100537.07,100554.44,100553.08
11407.966099214,2971,100537.52,106910.05,100540.92,107691.9,100514.72,100551.23,100540.43,100549.06
11407.986709977,2972,100542.81,106955.72,100539.89,107709.09,100523.82,100531.13,100547.43,100555.13
11408.007244859,2973,100535.63,106995.12,100540.92,107726.27,100528.75,100530.08,100541.29,100559.15
11408.027872754,2974,100529.51,107230.07,100539.89,107832.4,100521.74,100533.23,100547.43,100554.11
11408.048458958,2975,100530.79,108600.66,100515.77,109138.35,100498.61,100503.85,100533.42,100545.05
11408.069102307,2976,100502.52,109374.72,100516.8,110195.7,100494.58,100497.91,100515.19,100525.99
11408.092845155,2977,100522.55,109236.92,100508.76,109888.16,100510.7,100515.91,100536.4,100546.07
11408.113423406,2978,100528.45,109217.79,100532.88,109819.89,100508.75,100527.11,100539.37,100545.05
11408.13396709,2979,100530.57,109227.68,100527.83,109750.47,100513.68,100529.03,100539.37,100545.05
11408.15456777,2980,100536.69,109246.16,100540.92,109719.49,100521.74,100527.97,100532.37,100551.12
11408.175173149,2981,100536.69,109286.69,100532.88,109685.64,100502.64,100534.1,100544.46,100551.12
11408.195847467,2982,100521.5,109319.11,100534.85,109651.22,100510.7,100527.97,100539.37,100547.1
11408.216481111,2983,100531.62,109355.59,100532.88,109627.12,100506.67,100538.12,100540.43,100538.04
11408.23704333,2984,100538.58,109399.04,100534.94,109617.94,100514.72,100530.08,100540.43,100551.12
11408.260755278,2985,100534.57,109419.3,100532.88,109599.01,100506.67,100530.08,100540.43,100548.03
11408.281391142,2986,100532.68,109450.59,100540.92,109570.9,100507.71,100534.1,100539.37,100549.16
11408.301964667,2987,100529.51,109477.83,100531.85,109555.98,100522.78,100527.97,100538.32,100547.1
11408.322549385,2988,100530.57,109495.18,100526.81,109530.74,100512.64,100532.18,100548.49,100547.1
11408.343121753,2989,100520.44,109515.44,100538.87,109506.65,100514.72,100536.02,100536.4,100554.11
11408.363744507,2990,100530.57,109555.97,100541.95,109497.47,100514.72,100537.07,100541.48,100547.1
11408.385712037,2991,100530.57,109584.35,100535.87,109486.57,100523.82,100532.0,100543.4,100551.12
11408.408116898,2992,100542.58,109600.56,100532.88,109462.47,100514.72,100538.12,100538.32,100553.08
11408.429566063,2993,100539.63,109626.01,100532.88,109464.76,100508.61,100523.95,100547.43,100553.08
11408.44936749,2994,100539.86,109820.57,100532.88,109594.99,100512.64,100544.06,100539.37,100554.11
11408.469918739,2995,100499.57,111619.49,100504.74,111735.98,100481.45,100491.79,100500.13,100505.91
11408.490449175,2996,100480.6,112975.24,100464.54,113556.47,100464.3,100482.88,100484.0,100480.78
11408.511086723,2997,100504.64,112785.77,100494.65,113166.59,100480.41,100495.81,100518.36,100517.96
11408.531697435,2998,100494.51,112706.37,100499.7,112974.84,100481.45,100505.95,100503.96,100516.93
11408.552312074,2999,100506.53,112680.86,100498.67,112862.31,100482.5,100503.85,100515.19,100514.97
11408.576024653,3000,100510.53,112653.64,100516.8,112796.83,100498.61,100512.94,100532.37,100520.95
11408.59668891,3001,100531.62,112651.31,100515.77,112714.79,100492.5,100512.94,100526.23,100542.06
11408.617278637,3002,100528.67,112654.8,100515.77,112672.25,100500.55,100530.08,100532.37,100537.01
11408.637901655,3003,100530.57,112686.09,100523.81,112630.88,100504.58,100513.99,100536.4,100537.01
11408.658559304,3004,100539.63,112714.48,100526.81,112594.22,100498.61,100518.01,100536.2,100539.07
11408.679074873,3005,100524.67,112730.7,100528.86,112527.57,100502.64,100530.08,100540.43,100538.04
11408.699670302,3006,100532.68,112755.04,100530.83,112494.25,100501.6,100522.04,100540.43,100538.04
11408.720299122,3007,100528.67,112764.32,100520.82,112466.12,100505.62,100525.01,100531.31,100539.07
11408.744029715,3008,100522.55,112783.43,100516.8,112428.28,100496.53,100512.94,100524.31,100534.02
11408.764608736,3009,100526.78,112806.05,100516.8,112400.15,100504.58,100516.96,100530.26,100534.02
11408.785210583,3010,100522.55,112819.94,100532.88,112366.83,100504.58,100523.95,100527.28,100531.03
11408.805791468,3011,100518.55,112853.55,100527.83,112337.03,100497.57,100529.03,100530.26,100537.01
11408.82640438,3012,100528.67,112867.44,100528.86,112285.29,100504.58,100526.06,100534.29,100539.07
11408.846909851,3013,100528.67,112905.11,100514.75,112264.69,100505.62,100531.13,100522.19,100534.02
11408.867816708,3014,100530.57,112927.73,100532.88,112248.62,100510.7,100528.16,100538.32,100544.11
11408.888232258,3015,100535.85,112948.56,100532.88,112212.46,100514.72,100515.05,100540.43,100535.98
11408.911962305,3016,100533.74,113088.82,100524.84,112366.83,100496.53,100516.1,100530.26,100531.03
11408.932654294,3017,100491.56,115061.17,100466.51,115261.15,100431.03,100465.75,100473.83,100465.74
11408.953196211,3018,100418.39,117845.56,100402.19,118550.37,100383.73,100413.48,100425.47,100429.51
11408.973867067,3019,100440.54,117554.39,100452.48,118069.0,100419.99,100443.54,100457.71,100452.67
11408.994410769,3020,100465.63,117478.88,100468.56,117787.32,100441.17,100459.62,100478.92,100477.79
11409.014984614,3021,100492.62,117399.3,100468.56,117623.57,100442.21,100481.83,100489.95,100494.89
11409.035576979,3022,100490.5,117374.52,100482.59,117483.97,100464.3,100493.89,100491.87,100498.9
11409.056213105,3023,100504.64,117350.58,100490.63,117379.72,100466.38,100500.88,100496.96,100516.0
11409.079912043,3024,100500.63,117358.27,100495.68,117279.13,100476.38,100488.82,100515.19,100518.99
11409.100533585,3025,100511.59,117330.28,100502.78,117191.84,100482.5,100505.95,100518.16,100513.94
11409.121118533,3026,100515.6,117363.97,100504.74,117111.38,100484.44,100508.92,100514.13,100518.99
11409.141819235,3027,100501.47,117343.67,100517.83,117014.82,100494.58,100519.93,100506.07,100517.96
11409.16240168,3028,100522.55,117366.39,100499.7,116960.93,100497.57,100505.95,100526.23,100518.99
11409.182987105,3029,100512.65,117393.61,100516.8,116913.03,100496.53,100511.02,100531.31,100531.03
11409.203532707,3030,100524.67,117395.24,100516.8,116853.9,100492.5,100516.1,100529.2,100520.95
11409.224133299,3031,100518.77,117424.45,100519.79,116800.39,100492.5,100512.94,100527.28,100531.03
11409.247907279,3032,100528.67,117433.0,100515.77,116744.07,100479.37,100516.1,100526.23,100527.02
11409.268925878,3033,100514.54,117457.36,100511.75,116697.01,100496.53,100519.07,100521.14,100528.98
11409.289072851,3034,100514.54,117474.82,100514.75,116628.63,100490.55,100513.99,100534.29,100528.98
11409.309727576,3035,100525.72,117484.57,100520.82,116581.95,100495.48,100513.99,100526.23,100524.96
11409.330329412,3036,100516.65,117525.18,100516.8,116540.13,100500.55,100522.04,100529.2,100539.07
11409.350881816,3037,100520.66,117576.33,100525.87,116515.99,100496.53,100516.96,100530.26,100525.99
11409.371527628,3038,100522.55,117389.55,100528.86,116417.03,100497.57,100522.04,100533.23,100524.96
11409.392231471,3039,100651.81,113174.0,100696.67,114814.81,100677.8,100690.91,100669.2,100702.72
11409.415890758,3040,100582.65,112791.54,100590.19,115151.38,100556.95,100584.26,100574.59,100578.2
11409.436471411,3041,100556.72,112986.24,100564.01,114931.42,100530.69,100563.29,100566.53,100573.16
11409.457156052,3042,100560.72,112479.24,100566.07,114885.99,100529.8,100563.29,100570.56,100571.2
11409.477718322,3043,100541.75,113217.45,100532.88,116474.17,100504.58,100522.04,100527.09,100520.95
11409.498258407,3044,100410.38,116830.45,100399.2,121998.53,100375.68,100402.46,100403.21,100397.47
11409.518910209,3045,100364.42,118169.23,100372.09,123945.94,100340.46,100365.23,100373.08,100370.38
11409.539511609,3046,100381.28,117698.15,100396.21,123225.86,100377.76,100393.37,100399.18,100393.45
11409.560089984,3047,100406.38,117525.18,100403.22,122954.82,100385.82,100413.48,100417.41,100417.55
11409.583856588,3048,100419.45,117426.09,100424.35,122757.4,100399.85,100426.59,100431.42,100427.54
11409.604449611,3049,100428.52,117395.24,100432.39,122553.2,100391.79,100419.6,100431.42,100435.58
11409.625036127,3050,100436.53,117366.82,100442.48,122440.4,100403.87,100433.58,100457.71,100441.65
11409.645608396,3051,100460.57,117264.88,100446.41,122369.15,100415.96,100460.67,100455.6,100458.74
11409.666250325,3052,100466.47,117202.77,100468.56,122336.92,100433.11,100462.78,100468.75,100456.69
11409.686835482,3053,100476.59,117147.57,100464.54,122248.29,100442.21,100465.75,100478.73,100464.72
11409.707412308,3054,100474.48,117143.51,100484.64,122149.08,100454.16,100460.67,100485.73,100490.87
11409.731200407,3055,100490.5,117071.63,100474.64,122138.26,100454.3,100481.83,100488.9,100492.83
11409.75178709,3056,100479.54,117025.33,100492.68,122036.29,100459.23,100497.91,100496.96,100489.84
11409.772366706,3057,100500.63,117005.46,100489.69,121954.22,100467.28,100490.92,100493.98,100502.92
11409.792977002,3058,100489.45,116683.09,100496.7,121445.45,100468.33,100507.0,100512.02,100504.88
11409.813545091,3059,100590.88,113249.9,100608.23,115975.8,100581.12,100619.59,100620.84,100623.41
11409.834197216,3060,100803.22,107748.64,100799.23,107932.75,100770.46,100803.5,100826.38,100794.07
11409.8547901,3061,100903.15,103467.06,100902.72,104624.39,100884.31,100907.19,100917.17,100916.63
11409.875428437,3062,100959.24,100725.53,100967.05,102973.85,100953.84,100973.44,100973.6,100978.84
11409.899099993,3063,100934.38,99502.86,100917.77,102878.7,100901.47,100922.22,100934.35,100928.68
11409.919773755,3064,100877.23,98757.68,100886.64,104064.66,100845.07,100876.93,100894.05,100900.56
11409.940288795,3065,100829.15,98507.99,100830.36,103743.81,100810.75,100835.66,100840.59,100847.32
11409.960887243,3066,100797.1,99154.0,100812.32,103866.31,100784.48,100791.43,100786.08,100808.18
11409.981509414,3067,100718.03,99086.29,100731.82,103440.1,100741.37,100741.27,100742.8,100741.85
11410.002172623,3068,100624.82,100376.57,100629.36,103340.93,100621.41,100611.55,100626.98,100626.4
11410.022774184,3069,100612.8,98213.83,100603.18,103262.57,100609.32,100612.6,100621.89,100615.38
11410.043325927,3070,100636.84,98233.02,100596.17,102854.64,100599.32,100619.59,100635.04,100609.31
11410.067094625,3071,100582.65,98298.75,100572.05,103262.57,100560.98,100575.36,100584.57,100583.15
11410.087723388,3072,100602.68,98370.5,100628.33,103278.61,100589.18,100632.7,100638.01,100629.39
11410.108345364,3073,100560.72,98331.1,100548.96,103263.65,100544.87,100564.35,100554.44,100553.08
11410.128950129,3074,100576.75,98370.5,100585.14,103254.55,100557.99,100582.35,100586.68,100569.14
11410.149468032,3075,100604.79,98342.2,100584.11,102985.88,100594.25,100610.49,100609.8,100595.2
11410.17008284,3076,100542.58,98330.07,100544.94,103244.36,100546.95,100556.3,100557.41,100546.07
11410.190636022,3077,100539.63,98356.39,100548.96,103262.57,100549.94,100546.16,100562.5,100551.12
11410.211203625,3078,100566.84,98354.33,100558.96,103274.6,100564.11,100568.37,100562.5,100562.14
11410.237203106,3079,100551.88,98342.2,100548.96,103278.61,100540.84,100556.3,100561.44,100570.17
11410.262167608,3080,100550.6,98366.46,100565.04,103277.52,100551.88,100551.23,100570.56,100575.22
11410.276522925,3081,100548.7,98295.73,100540.92,103279.69,100524.72,100547.21,100546.38,100571.2
11410.301599446,3082,100558.83,98356.39,100538.87,103282.62,100528.75,100549.13,100554.44,100559.15
11410.317960894,3083,100545.76,98354.33,100547.93,103284.79,100542.92,100556.3,100554.44,100557.09
11410.349915272,3084,100555.66,98346.24,100547.93,103293.56,100555.01,100547.21,100562.5,100568.21
11410.363980934,3085,100541.53,98338.15,100544.94,103294.65,100555.01,100534.1,100561.44,100554.11
11410.387719742,3086,100546.59,98346.24,100540.92,103298.66,100546.95,100549.31,100557.41,100559.15
11410.403610361,3087,100545.76,98355.36,100547.93,103289.55,100538.9,100541.27,100547.43,100558.12
11410.423912621,3088,100542.81,98360.43,100532.88,103308.85,100538.9,100554.2,100554.44,100569.14
11410.444616717,3089,100547.87,98372.56,100544.94,103304.84,100525.77,100538.12,100560.38,100560.18
11410.465114874,3090,100538.58,98370.5,100540.92,103304.84,100537.85,100546.16,100558.47,100563.17
11410.486345062,3091,100550.6,98370.5,100546.91,103302.67,100538.9,100541.27,100560.38,100569.14
11410.50648213,3092,100522.55,98375.58,100530.83,103304.51,100526.81,100530.08,100538.32,100545.05
11410.529730932,3093,100539.63,98353.3,100537.93,103310.69,100536.81,100538.12,100542.35,100512.91
11410.554016365,3094,100537.52,98354.33,100542.98,103322.72,100546.95,100545.11,100553.38,100514.88
11410.57442016,3095,100530.57,98366.46,100536.9,103303.0,100538.9,100527.11,100546.38,100512.91
11410.593134587,3096,100536.46,98361.39,100531.85,103437.93,100530.84,100547.21,100543.4,100535.05
11410.612157313,3097,100538.58,98386.68,100534.94,103308.85,100516.67,100535.15,100534.29,100515.9
11410.633811894,3098,100540.69,98384.62,100532.88,103302.67,100504.58,100538.12,100550.41,100531.97
11410.654646007,3099,100542.58,98387.71,100548.96,103118.21,100519.65,100550.18,100549.35,100537.01
11410.674067598,3100,100538.58,98410.94,100552.98,103314.7,100524.87,100550.18,100556.35,100531.97
11410.699770232,3101,100538.58,98377.56,100527.83,103119.29,100536.81,100550.18,100546.38,100514.88
