t_pc,sample_idx,S0,S1,S2,S3,S4,S5,S6,S7
624005.729034955,3107,102689.64,99004.26,102674.65,107532.9,102676.54,102692.14,102696.36,102687.73
624005.745352871,3108,102702.46,98984.96,102662.57,107534.66,102649.36,102673.07,102686.4,102686.69
624005.769092752,3109,102725.75,99048.79,102709.83,107554.75,102705.84,102713.34,102712.5,102711.87
624005.789174151,3110,102649.52,99046.72,102678.67,107555.88,102667.62,102669.05,102680.21,102662.55
624005.810137182,3111,102700.6,99073.09,102714.91,107567.93,102684.82,102701.26,102703.62,102682.66
624005.830263338,3112,102729.76,99119.6,102686.72,107222.39,102728.98,102759.78,102762.01,102732.86
624005.85127241,3113,102668.51,99107.45,102687.77,107570.83,102682.69,102701.26,102699.59,102664.48
624005.871805351,3114,102685.63,99133.82,102685.68,107574.84,102670.59,102697.23,102697.43,102678.64
624005.892255667,3115,102702.76,99162.16,102686.72,107566.81,102677.6,102696.16,102707.66,102682.66
624005.912696379,3116,102688.57,99180.33,102686.72,107570.18,102682.69,102695.35,102711.69,102681.62
624005.937063358,3117,102710.78,99208.67,102690.75,107558.77,102682.69,102689.18,102705.51,102680.57
624005.957139729,3118,102700.6,99214.79,102694.78,107561.02,102681.63,102688.11,102710.62,102669.55
624005.978202601,3119,102686.41,99277.5,102690.75,107555.88,102681.63,102694.28,102702.55,102677.6
624005.998278421,3120,102700.6,99879.9,102690.75,107567.93,102696.71,102690.25,102696.36,102686.69
624006.0195771,3121,102693.65,99278.54,102695.82,107538.68,102681.63,102689.18,102698.51,102689.66
624006.039721894,3122,102694.73,99289.65,102682.7,107558.77,102680.78,102691.07,102699.59,102688.78
624006.060301035,3123,102696.59,99301.79,102683.75,107555.88,102673.56,102697.23,102698.51,102689.66
624006.080725583,3124,102702.76,99340.31,102690.75,107557.0,102677.6,102697.23,102708.73,102696.82
624006.104525404,3125,102692.58,99338.23,102694.78,107546.72,102676.54,102701.26,102698.51,102694.9
624006.125141581,3126,102690.72,99358.48,102684.79,107557.0,102682.69,102701.26,102706.58,102702.78
624006.145617547,3127,102676.53,99358.48,102682.7,107548.97,102670.59,102681.13,102700.66,102688.78
624006.166249637,3128,102686.71,99381.73,102677.63,107544.95,102666.56,102681.13,102697.43,102683.71
624006.187247121,3129,102693.65,99392.95,102679.72,107570.83,102677.6,102691.32,102704.7,102679.69
624006.207391715,3130,102685.63,99411.22,102682.7,107601.2,102678.66,102698.3,102707.66,102692.8
624006.228338382,3131,102701.68,99431.36,102706.85,107539.81,102690.76,102696.16,102709.54,102690.71
624006.248501804,3132,102692.58,99446.62,102703.88,107542.7,102685.67,102705.29,102712.5,102691.76
624006.272550062,3133,102690.72,99463.86,102694.78,107557.0,102679.72,102696.16,102704.7,102692.8
624006.293194021,3134,102681.62,99459.7,102679.72,107548.97,102682.69,102689.18,102698.51,102694.73
624006.31356702,3135,102701.68,99482.03,102682.7,107555.88,102671.44,102692.14,102701.74,102686.69
624006.334256157,3136,102702.76,99499.26,102693.89,107544.95,102673.56,102697.23,102694.47,102683.71
624006.356212191,3137,102709.7,100127.83,102680.77,107570.18,102682.69,102704.22,102714.66,102699.8
624006.375214467,3138,102702.76,99527.61,102692.84,107534.66,102680.57,102698.3,102710.62,102696.82
624006.395654888,3139,102685.63,99539.75,102694.78,107543.82,102683.76,102704.22,102690.44,102687.73
624006.416251145,3140,102696.59,99539.75,102695.82,107542.7,102690.76,102705.29,102714.66,102694.73
624006.442048238,3141,102688.57,99572.15,102694.78,107544.95,102687.79,102700.19,102710.62,102696.82
624006.461118116,3142,102680.54,99587.3,102698.8,107543.82,102682.69,102699.38,102699.59,102687.73
624006.481583675,3143,102695.81,99592.39,102690.75,107544.95,102675.69,102698.3,102704.7,102677.6
624006.502378673,3144,102692.58,99593.43,102688.82,107546.07,102673.56,102691.07,102700.66,102686.69
624006.522806405,3145,102682.69,99613.68,102690.75,107539.81,102674.62,102688.11,102708.73,102688.78
624006.543479168,3146,102700.6,99619.7,102691.8,107547.84,102689.7,102693.21,102699.59,102698.92
624006.56377484,3147,102689.64,99636.94,102698.8,107544.95,102690.76,102703.4,102708.73,102686.69
624006.588103081,3148,102691.5,99642.95,102687.77,107544.95,102687.79,102697.23,102704.7,102688.78
624006.608529841,3149,102690.42,99654.06,102686.72,107546.07,102677.6,102696.16,102702.55,102678.64
624006.629145958,3150,102688.57,99674.3,102682.7,107554.75,102686.73,102701.26,102713.58,102704.87
624006.649656085,3151,102686.71,99681.48,102686.72,107546.07,102674.62,102702.33,102701.47,102686.69
624006.670374507,3152,102689.64,99696.63,102694.78,107546.07,102682.69,102701.26,102704.43,102688.78
624006.690675767,3153,102690.72,99701.72,102678.67,107542.06,102681.63,102701.26,102700.4,102695.78
624006.711305034,3154,102687.78,99716.88,102697.92,107557.0,102686.73,102702.33,102702.55,102690.71
624006.731738806,3155,102690.72,99745.22,102694.78,107539.81,102685.67,102698.3,102697.43,102700.85
624006.756073586,3156,102694.73,99735.16,102686.72,107558.13,102678.66,102685.15,102696.36,102698.75
624006.776592136,3157,102693.65,99730.99,102691.8,107542.7,102674.62,102690.25,102704.7,102674.62
624006.797219129,3158,102704.61,99765.47,102698.8,107546.07,102674.62,102688.11,102702.55,102688.78
624006.81769209,3159,102690.42,99761.42,102694.78,107526.63,102682.69,102691.32,102707.66,102688.78
624006.838280214,3160,102698.74,99769.52,102690.75,107543.82,102684.82,102698.3,102706.58,102687.73
624006.858646614,3161,102690.72,99771.61,102686.72,107546.07,102674.62,102693.21,102694.47,102687.73
624006.879489503,3162,102690.72,99784.68,102686.72,107538.04,102681.63,102687.29,102695.55,102687.73
624006.89972851,3163,102686.71,99795.9,102683.75,107546.07,102678.66,102689.18,102706.58,102696.82
624006.92406943,3164,102694.73,99790.81,102695.82,107544.95,102667.62,102697.23,102699.59,102686.85
624006.944540878,3165,102696.59,99808.05,102697.92,107542.06,102684.82,102699.38,102708.73,102688.78
624006.965155353,3166,102694.73,99827.25,102699.85,107547.2,102674.62,102699.38,102708.73,102680.74
624006.985708625,3167,102694.73,99836.4,102695.82,107532.9,102682.69,102702.33,102699.59,102692.8
624007.006282407,3168,102685.63,99848.54,102687.77,107540.93,102682.69,102686.22,102702.55,102692.8
624007.026709529,3169,102690.72,99840.45,102688.82,107542.06,102678.66,102689.18,102698.51,102688.78
624007.04821422,3170,102698.74,99859.65,102686.72,107538.04,102688.64,102699.38,102712.77,102696.82
624007.067740198,3171,102686.71,99854.56,102690.91,107538.04,102680.57,102699.38,102712.77,102696.82
624007.092076821,3172,102694.73,99860.57,102682.86,107539.16,102684.82,102707.43,102715.73,102696.82
624007.112532816,3173,102693.65,99871.8,102690.75,107535.14,102683.76,102699.38,102708.73,102679.69
624007.133198127,3174,102694.73,99872.84,102692.84,107538.04,102681.63,102694.28,102698.51,102692.8
624007.153659971,3175,102693.65,99882.9,102696.87,107544.95,102682.69,102699.38,102697.43,102696.82
624007.174293514,3176,102694.44,99896.09,102687.77,107524.86,102684.82,102708.5,102706.58,102684.76
624007.194731171,3177,102692.58,99898.18,102680.77,107528.88,102682.69,102693.21,102697.43,102688.78
624007.215345316,3178,102686.71,99896.09,102679.72,107542.06,102682.69,102699.38,102703.62,102692.8
624007.235764905,3179,102693.65,99920.39,102683.75,107547.2,102682.69,102700.19,102700.66,102687.73
624007.260103942,3180,102692.58,99921.44,102687.77,107521.97,102679.72,102697.23,102702.55,102686.69
624007.280168976,3181,102693.65,99921.44,102696.87,107534.02,102682.69,102707.43,102698.51,102691.76
624007.301177246,3182,102681.62,99937.63,102685.84,107530.0,102684.82,102693.21,102703.62,102681.78
624007.321220817,3183,102693.65,99952.79,102686.72,107546.07,102680.57,102697.23,102706.58,102696.82
624007.342246133,3184,102702.76,99951.74,102694.78,107528.88,102686.73,102697.23,102720.58,102687.57
624007.36286256,3185,102690.72,99953.83,102694.78,107534.02,102677.6,102699.38,102702.55,102692.8
624007.383563626,3186,102681.62,99968.99,102695.82,107532.9,102683.76,102702.33,102715.73,102696.82
624007.404175136,3187,102682.69,99953.83,102686.72,107525.98,102674.62,102697.23,102689.36,102683.71
624007.427603215,3188,102687.78,99957.75,102687.77,107531.13,102665.49,102689.18,102702.55,102686.69
624007.44815157,3189,102678.68,99959.84,102678.67,107531.13,102683.76,102699.38,102707.66,102684.76
624007.468631882,3190,102695.51,99959.84,102682.7,107531.13,102682.69,102708.5,102715.73,102687.73
624007.489406849,3191,102694.73,99976.04,102682.7,107524.86,102677.6,102687.29,102699.59,102695.78
624007.51048856,3192,102693.65,99992.24,102696.87,107523.09,102679.72,102697.23,102703.62,102688.78
624007.530521084,3193,102678.68,99986.23,102695.82,107530.0,102664.43,102685.15,102700.66,102678.64
624007.551383534,3194,102694.73,99997.33,102679.72,107535.14,102666.56,102686.22,102690.44,102687.73
624007.575079118,3195,102699.82,100010.53,102687.77,107520.84,102683.76,102695.35,102708.73,102694.73
624007.595529594,3196,102706.77,100028.68,102696.87,107531.13,102688.64,102705.29,102722.73,102712.91
624007.616168245,3197,102686.71,100021.63,102699.85,107520.84,102675.69,102698.3,102691.51,102686.69
624007.636629819,3198,102678.68,100026.72,102686.72,107527.11,102674.62,102693.21,102706.58,102686.69
624007.65734104,3199,102695.81,100026.72,102690.75,107520.84,102679.72,102697.23,102702.55,102687.73
624007.677719247,3200,102690.72,100033.78,102696.87,107519.07,102675.69,102685.15,102707.66,102697.87
624007.698300581,3201,102677.61,100026.72,102686.72,107534.02,102680.78,102697.23,102690.44,102696.82
624007.718730296,3202,102677.61,100018.62,102678.67,107517.95,102679.72,102680.06,102691.51,102679.69
624007.744035995,3203,102690.72,100023.72,102694.78,107517.95,102689.7,102697.23,102704.43,102688.78
624007.763541202,3204,102694.73,100048.93,102686.72,107525.98,102682.69,102699.38,102704.7,102688.78
624007.784176498,3205,102686.71,100052.98,102695.82,107519.07,102692.89,102696.16,102712.77,102696.82
624007.804723841,3206,102684.55,100044.88,102691.8,107521.97,102692.89,102690.25,102699.59,102688.78
624007.825385537,3207,102688.57,100055.07,102679.72,107519.07,102683.76,102698.3,102692.59,102694.73
624007.845947142,3208,102691.79,100058.08,102690.75,107521.97,102681.63,102693.21,102706.58,102679.69
624007.866505441,3209,102700.6,100059.12,102690.75,107508.79,102687.79,102690.25,102698.51,102696.82
624007.886853082,3210,102681.62,100070.22,102699.85,107523.09,102672.5,102713.34,102702.55,102687.73
624007.911092098,3211,102680.54,100070.22,102683.75,107523.09,102682.69,102697.23,102700.66,102684.76
624007.931582345,3212,102699.82,100069.18,102692.84,107523.09,102683.76,102692.14,102699.59,102688.78
624007.952199483,3213,102695.81,100074.27,102686.72,107513.93,102680.78,102695.35,102705.51,102683.71
624007.972669078,3214,102694.73,100080.41,102690.91,107517.95,102674.62,102697.23,102703.62,102692.8
624007.993331586,3215,102686.71,100083.42,102687.77,107521.97,102679.72,102699.38,102704.7,102687.73
624008.013697374,3216,102682.69,100082.37,102691.8,107520.84,102671.65,102697.23,102712.77,102688.78
624008.034393432,3217,102681.62,100077.28,102697.92,107509.91,102678.66,102699.38,102700.66,102687.73
624008.054866603,3218,102694.73,100106.67,102695.82,107513.93,102684.82,102699.38,102701.74,102703.82
624008.079109154,3219,102684.55,100099.62,102688.82,107521.97,102676.54,102694.28,102712.77,102691.76
624008.099626161,3220,102692.58,100102.62,102690.91,107519.07,102682.69,102690.25,102704.7,102692.8
624008.120188617,3221,102694.73,100103.53,102695.82,107531.13,102679.72,102689.18,102704.7,102692.8
624008.140616459,3222,102693.65,100098.57,102689.87,107516.82,102680.78,102685.15,102702.55,102691.76
624008.161355061,3223,102688.57,100097.53,102687.77,107520.84,102673.56,102692.14,102700.66,102688.78
624008.183333409,3224,102686.71,100119.87,102695.82,107520.84,102688.85,102697.23,102700.66,102692.8
624008.202582098,3225,102685.63,100123.92,102694.78,107519.07,102683.76,102695.35,102717.88,102694.73
624008.223342253,3226,102690.72,100122.87,102690.91,107524.21,102674.62,102693.21,102704.7,102695.78
624008.247113251,3227,102690.72,100126.92,102694.78,107509.91,102673.56,102698.3,102699.59,102692.8
624008.267570547,3228,102682.69,100135.02,102687.77,107524.21,102683.76,102706.36,102701.74,102695.78
624008.288218082,3229,102690.72,100130.97,102694.78,107523.09,102679.72,102694.28,102700.66,102690.87
624008.308675919,3230,102694.73,100129.92,102693.89,107509.91,102670.59,102691.32,102696.63,102693.85
624008.330208433,3231,102688.57,100140.11,102697.92,107523.09,102683.76,102703.4,102700.66,102704.87
624008.34970714,3232,102686.71,100135.93,102694.94,107525.98,102686.73,102699.38,102704.7,102696.82
624008.370568968,3233,102690.72,100138.02,102696.87,107511.04,102682.69,102689.18,102707.66,102700.85
624008.394187836,3234,102685.63,100150.17,102678.67,107527.11,102682.69,102698.3,102709.81,102687.73
624008.415109425,3235,102697.67,100152.26,102700.9,107524.21,102678.66,102707.43,102704.7,102701.89
624008.435661024,3236,102692.58,100164.41,102686.72,107515.05,102680.57,102698.3,102707.66,102704.87
624008.45687114,3237,102689.64,100180.61,102692.84,107519.07,102678.66,102690.25,102704.7,102696.82
624008.477083837,3238,102685.63,100158.27,102696.87,107531.13,102684.82,102685.15,102707.66,102693.85
624008.497387652,3239,102698.74,100180.61,102689.87,107511.04,102676.54,102701.26,102700.66,102692.8
624008.517869866,3240,102692.87,100179.56,102692.84,107531.13,102680.78,102699.38,102701.74,102693.85
624008.539142886,3241,102693.65,100173.42,102688.82,107519.07,102682.69,102702.33,102693.66,102704.87
624008.558884341,3242,102695.81,100175.52,102692.84,107516.18,102681.63,102687.29,102706.58,102691.76
624008.583345913,3243,102694.73,100179.56,102696.87,107507.02,102678.66,102699.38,102707.66,102688.78
624008.603176903,3244,102693.65,100187.66,102694.78,107513.93,102686.73,102697.23,102700.66,102695.78
624008.624290322,3245,102692.58,100188.71,102687.77,107515.05,102682.69,102697.23,102708.73,102693.85
624008.644395506,3246,102694.73,100190.67,102695.82,107509.91,102671.65,102697.23,102693.66,102680.74
624008.665326339,3247,102689.64,100203.86,102690.91,107515.05,102692.89,102695.35,102704.7,102692.8
624008.685810997,3248,102689.64,100198.77,102694.94,107515.05,102682.69,102694.28,102699.59,102688.78
624008.706421326,3249,102694.73,100211.96,102690.91,107513.93,102683.76,102697.23,102699.59,102690.71
624008.727256223,3250,102694.73,100217.06,102686.89,107516.18,102680.78,102693.21,102705.77,102696.82
624008.750565954,3251,102694.73,100213.01,102695.82,107521.32,102683.76,102702.33,102698.51,102692.8
624008.771268662,3252,102698.74,100213.01,102684.79,107511.04,102679.72,102695.35,102700.66,102687.73
624008.792247097,3253,102686.71,100207.91,102691.8,107515.05,102675.69,102702.33,102702.55,102688.78
624008.812245249,3254,102690.72,100213.01,102684.79,107520.2,102683.76,102706.36,102707.66,102688.78
624008.833364097,3255,102696.88,100217.06,102695.82,107515.05,102682.69,102696.16,102704.7,102703.82
624008.85334298,3256,102694.73,100225.16,102680.77,107512.16,102680.57,102694.28,102700.66,102688.78
624008.874467045,3257,102681.62,100220.06,102682.7,107498.98,102683.76,102685.15,102700.66,102688.78
624008.898105402,3258,102682.69,100220.06,102688.82,107501.88,102676.75,102699.38,102716.81,102692.8
624008.918581788,3259,102692.58,100229.21,102692.84,107507.02,102682.69,102691.32,102708.73,102684.76
624008.939272048,3260,102689.64,100245.41,102692.84,107517.3,102675.69,102690.25,102694.47,102697.87
624008.959677196,3261,102686.71,100249.46,102684.79,107511.04,102683.76,102705.29,102699.59,102688.78
624008.980316998,3262,102680.54,100243.31,102683.75,107509.91,102682.69,102695.35,102700.66,102696.82
624009.000775677,3263,102701.68,100249.46,102689.87,107511.04,102665.49,102690.25,102704.7,102700.85
624009.021319004,3264,102694.73,100253.51,102692.84,107521.32,102672.5,102682.2,102700.66,102692.8
624009.04293942,3265,102690.72,100248.41,102689.87,107515.05,102684.82,102691.32,102699.59,102695.78
624009.066128779,3266,102689.64,100253.51,102689.87,107508.14,102682.69,102697.23,102708.73,102696.82
624009.086625755,3267,102688.86,100262.65,102679.72,107511.04,102684.82,102688.11,102709.81,102696.82
624009.10728674,3268,102694.73,100268.66,102681.81,107511.04,102686.73,102697.23,102709.81,102692.8
624009.127688763,3269,102695.81,100273.76,102694.78,107515.05,102672.5,102697.49,102699.59,102696.82
624009.148281956,3270,102694.73,100267.61,102692.84,107513.28,102674.62,102699.38,102710.89,102698.92
624009.16871798,3271,102694.73,100275.71,102695.82,107509.27,102674.62,102699.38,102708.73,102696.82
624009.189348389,3272,102686.71,100275.85,102687.77,107509.27,102684.82,102697.23,102700.66,102696.82
624009.209829242,3273,102686.71,100279.76,102697.92,107507.02,102676.75,102699.38,102700.66,102700.85
624009.23412312,3274,102702.76,100284.86,102687.77,107516.18,102674.62,102698.3,102704.7,102702.94
624009.254613016,3275,102685.63,100271.66,102695.82,107505.89,102683.76,102694.28,102693.4,102692.8
624009.275212769,3276,102690.72,100289.95,102689.87,107509.91,102680.57,102693.21,102704.7,102692.8
624009.29572632,3277,102690.72,100277.81,102695.82,107509.27,102672.5,102703.4,102700.66,102688.78
624009.316401277,3278,102693.65,100296.1,102691.8,107508.14,102683.76,102691.32,102700.66,102696.82
624009.33688268,3279,102702.76,100303.15,102695.82,107505.25,102682.69,102695.35,102710.62,102700.85
624009.357443333,3280,102694.73,100302.1,102690.91,107519.07,102676.75,102703.4,102708.73,102683.71
624009.377827499,3281,102696.59,100305.11,102685.84,107508.14,102692.89,102690.25,102700.66,102696.82
624009.402157653,3282,102693.65,100310.2,102688.82,107511.04,102678.66,102687.04,102699.59,102692.8
624009.422686909,3283,102696.88,100297.91,102688.82,107507.02,102682.69,102691.32,102716.81,102688.78
624009.443194051,3284,102686.71,100318.3,102690.91,107500.11,102684.82,102702.33,102708.73,102687.73
624009.463865211,3285,102680.54,100310.2,102682.86,107498.98,102682.69,102694.28,102696.63,102689.83
624009.484347956,3286,102690.72,100318.3,102689.87,107509.27,102675.69,102695.35,102705.51,102692.8
624009.504788898,3287,102694.73,100326.4,102684.79,107498.98,102680.78,102682.2,102706.58,102706.96
624009.525403113,3288,102686.71,100317.26,102689.87,107503.0,102683.76,102683.27,102690.44,102688.78
624009.545858387,3289,102682.69,100322.21,102695.82,107523.09,102682.69,102699.38,102712.77,102692.8
624009.570179026,3290,102694.73,100334.5,102696.87,107507.02,102677.6,102698.3,102706.58,102680.74
624009.590596713,3291,102702.76,100340.51,102692.84,107498.98,102678.66,102698.3,102700.66,102692.8
624009.611248494,3292,102685.63,100342.6,102698.96,107498.98,102675.69,102699.38,102705.51,102684.76
624009.631756868,3293,102694.73,100334.5,102694.94,107507.02,102683.76,102698.3,102698.51,102688.78
624009.652345403,3294,102711.86,100339.6,102691.8,107511.04,102681.63,102693.21,102711.69,102686.69
624009.672784102,3295,102694.73,100334.5,102688.82,107498.98,102668.68,102699.38,102698.51,102689.83
624009.693360939,3296,102695.81,100340.51,102687.77,107509.27,102681.63,102694.28,102708.73,102697.87
624009.714040673,3297,102698.74,100342.6,102690.91,107507.02,102683.76,102706.36,102703.62,102696.82
624009.738166397,3298,102686.71,100352.66,102692.84,107494.96,102681.63,102697.23,102708.73,102693.68
624009.758637765,3299,102690.72,100357.75,102688.82,107513.28,102666.56,102691.32,102700.66,102697.87
624009.779237748,3300,102677.61,100342.6,102674.65,107494.32,102668.68,102682.2,102685.33,102672.69
624009.79987058,3301,102677.61,100350.7,102686.89,107513.28,102683.76,102697.49,102700.66,102684.76
624009.820453657,3302,102709.7,100373.95,102707.02,107510.39,102693.74,102708.5,102724.88,102701.89
624009.840770261,3303,102696.59,100358.8,102686.89,107488.05,102665.49,102693.21,102693.4,102695.78
624009.861478938,3304,102682.69,100356.71,102686.72,107507.02,102683.76,102691.32,102692.59,102684.76
624009.882462822,3305,102679.76,100365.85,102688.82,107512.16,102684.82,102705.54,102708.73,102688.78
624009.906199278,3306,102694.73,100364.81,102695.82,107493.19,102683.76,102698.3,102712.77,102697.87
624009.926247265,3307,102685.63,100376.96,102695.82,107493.19,102684.82,102696.42,102703.62,102684.76
624009.947346893,3308,102696.88,100360.76,102684.79,107504.12,102678.66,102701.26,102704.7,102688.78
624009.967513831,3309,102690.72,100366.9,102692.84,107500.11,102668.68,102695.35,102700.66,102688.78
624009.988363742,3310,102686.71,100379.05,102702.99,107507.02,102682.69,102702.33,102703.62,102688.78
624010.008816462,3311,102688.57,100397.2,102701.94,107498.98,102674.62,102699.38,102700.66,102697.87
624010.029581464,3312,102674.67,100382.05,102680.77,107490.95,102670.59,102692.39,102696.63,102692.8
624010.049901273,3313,102686.71,100375.0,102680.77,107496.09,102683.76,102680.06,102699.59,102681.62
624010.073602215,3314,102690.72,100392.25,102682.86,107492.07,102676.75,102693.21,102698.51,102688.78
624010.094375299,3315,102695.81,100390.15,102696.87,107498.98,102676.75,102692.39,102710.89,102682.83
624010.115349108,3316,102694.73,100391.2,102688.82,107500.11,102675.69,102697.23,102707.66,102688.78
624010.135344005,3317,102682.69,100391.2,102688.82,107500.11,102684.82,102693.46,102695.55,102681.78
624010.15632883,3318,102695.81,100398.25,102691.8,107508.14,102678.66,102697.23,102717.88,102696.82
624010.176410098,3319,102691.79,100403.35,102692.84,107498.98,102688.85,102707.43,102699.59,102700.85
624010.197765553,3320,102685.63,100399.3,102687.77,107493.19,102683.76,102700.19,102700.66,102680.74
624010.221163006,3321,102686.71,100397.2,102687.77,107493.19,102674.62,102703.4,102705.77,102700.85
624010.241610899,3322,102698.74,100399.3,102696.87,107513.28,102682.69,102694.28,102696.63,102688.78
624010.262239885,3323,102693.65,100407.4,102691.8,107509.27,102684.82,102699.38,102699.59,102692.8
624010.282730162,3324,102694.73,100397.2,102690.91,107493.19,102679.72,102690.25,102698.51,102684.76
624010.30334683,3325,102686.71,100398.25,102679.72,107501.23,102677.6,102699.38,102705.51,102690.87
624010.324022237,3326,102691.79,100406.35,102693.89,107492.07,102683.76,102691.32,102701.74,102697.87
624010.344440915,3327,102699.82,100415.5,102690.75,107494.96,102683.76,102699.38,102708.73,102687.73
624010.365483888,3328,102686.71,100415.5,102680.77,107501.23,102684.82,102699.38,102713.85,102680.74
624010.389164218,3329,102688.86,100402.3,102692.84,107490.95,102684.82,102690.25,102700.66,102684.76
624010.410024475,3330,102691.79,100405.3,102695.82,107503.48,102690.76,102701.26,102704.7,102697.87
624010.430260457,3331,102682.69,100422.55,102692.84,107497.21,102675.69,102692.39,102704.7,102688.78
624010.450705646,3332,102686.71,100411.31,102688.82,107498.98,102676.75,102689.18,102694.74,102697.87
624010.471400291,3333,102689.64,100427.65,102690.75,107500.11,102674.62,102697.23,102704.7,102696.82
624010.491835765,3334,102699.82,100421.5,102694.94,107501.23,102685.88,102692.14,102701.74,102692.8
624010.512374245,3335,102695.81,100422.55,102692.84,107498.98,102675.69,102694.28,102707.66,102696.82
624010.532792673,3336,102694.73,100423.6,102690.91,107498.98,102683.76,102693.21,102700.66,102693.85
624010.557157129,3337,102686.71,100421.5,102684.79,107498.98,102684.82,102705.29,102698.51,102692.8
624010.577633073,3338,102693.65,100435.75,102696.87,107509.27,102676.75,102697.23,102703.62,102696.82
624010.598342341,3339,102694.73,100432.75,102688.82,107492.07,102678.66,102703.4,102692.32,102687.73
624010.619114054,3340,102693.65,100425.55,102689.87,107501.23,102675.69,102691.32,102701.74,102697.87
624010.639336926,3341,102694.73,100438.75,102688.82,107494.32,102682.69,102706.36,102705.51,102688.78
624010.659896658,3342,102691.79,100435.75,102694.78,107490.95,102683.76,102699.38,102688.55,102688.78
624010.680428848,3343,102694.73,100443.85,102696.87,107489.18,102666.56,102689.18,102706.58,102684.76
624010.700821057,3344,102699.82,100445.8,102683.75,107493.19,102676.75,102693.21,102712.77,102692.8
624010.725244091,3345,102694.73,100439.8,102688.82,107502.35,102686.73,102707.43,102700.66,102678.64
624010.745709039,3346,102695.81,100456.0,102689.87,107509.27,102681.63,102691.32,102704.7,102696.82
624010.766264284,3347,102687.78,100442.8,102689.87,107490.3,102674.62,102689.18,102706.58,102685.81
624010.786743895,3348,102683.77,100443.85,102695.82,107489.18,102682.69,102693.21,102706.58,102693.85
624010.807401364,3349,102683.77,100441.75,102681.81,107485.16,102680.78,102694.28,102693.66,102692.8
624010.82783827,3350,102699.82,100446.85,102686.89,107492.07,102682.69,102703.4,102704.7,102689.83
624010.848449139,3351,102686.71,100448.95,102685.84,107500.11,102674.62,102688.11,102704.7,102696.82
624010.868860847,3352,102693.65,100448.95,102686.72,107493.19,102680.78,102693.21,102701.74,102685.81
624010.893176099,3353,102695.81,100451.95,102696.87,107484.03,102683.76,102689.18,102698.51,102693.85
624010.913657883,3354,102682.69,100464.1,102694.78,107501.23,102678.66,102701.26,102692.59,102696.82
624010.934239878,3355,102695.81,100464.1,102696.87,107482.91,102684.82,102699.38,102704.7,102696.82
624010.954737966,3356,102688.86,100454.95,102681.81,107488.05,102679.72,102698.3,102698.51,102697.87
624010.975420544,3357,102694.73,100457.95,102685.84,107511.04,102684.82,102694.28,102708.73,102688.78
624010.995767444,3358,102693.65,100480.3,102690.91,107485.16,102676.75,102691.32,102708.73,102696.82
624011.016446266,3359,102691.79,100457.95,102692.84,107496.09,102684.82,102694.28,102692.59,102693.85
624011.037102113,3360,102686.71,100456.0,102687.77,107481.14,102684.82,102700.45,102703.62,102696.82
624011.061173535,3361,102686.71,100460.05,102694.94,107497.21,102683.76,102703.4,102701.74,102690.71
624011.081660808,3362,102686.71,100467.1,102688.82,107493.19,102678.66,102695.35,102703.62,102689.83
624011.102288182,3363,102689.64,100480.15,102685.84,107493.19,102680.78,102683.27,102706.85,102695.78
624011.122788133,3364,102691.79,100468.15,102686.89,107492.07,102683.76,102699.38,102695.55,102692.8
624011.143578303,3365,102694.73,100467.1,102692.84,107493.19,102684.82,102691.32,102700.66,102690.87
624011.163948599,3366,102682.69,100480.3,102692.84,107482.91,102675.69,102690.25,102708.73,102697.87
624011.185211964,3367,102689.64,100480.3,102690.91,107495.44,102681.63,102695.35,102701.74,102686.85
624011.204985427,3368,102694.73,100481.35,102690.91,107501.23,102681.63,102690.25,102708.73,102702.94
624011.229221649,3369,102684.55,100482.25,102684.79,107486.93,102680.78,102691.32,102708.73,102688.78
624011.249276777,3370,102690.72,100478.2,102680.77,107489.18,102684.82,102696.42,102709.81,102693.85
624011.270310867,3371,102694.73,100476.25,102697.92,107484.03,102683.76,102704.47,102704.7,102693.85
624011.290436302,3372,102690.72,100478.2,102690.91,107493.19,102674.62,102697.23,102700.66,102696.82
624011.311514437,3373,102702.76,100484.35,102686.89,107485.16,102682.69,102697.23,102708.73,102689.83
624011.33235245,3374,102686.71,100489.45,102685.68,107501.23,102681.63,102697.23,102709.81,102691.76
624011.35248759,3375,102690.72,100486.3,102698.96,107485.16,102681.63,102698.3,102708.73,102684.76
624011.372921201,3376,102694.73,100496.5,102688.82,107485.16,102674.62,102691.32,102707.66,102698.92
624011.396674452,3377,102686.71,100496.5,102690.75,107492.07,102680.57,102691.32,102704.7,102689.83
624011.417272472,3378,102687.78,100488.4,102690.91,107493.19,102680.78,102700.45,102691.51,102684.76
624011.438324608,3379,102687.78,100496.5,102692.84,107485.16,102676.75,102699.38,102699.59,102694.9
624011.458340217,3380,102686.71,100503.55,102694.94,107486.28,102680.78,102695.35,102708.73,102690.87
624011.479372844,3381,102690.72,100496.5,102681.81,107489.18,102666.56,102697.23,102701.74,102692.8
624011.503068158,3382,102696.88,100506.55,102688.82,107493.19,102683.76,102700.45,102700.66,102697.87
624011.520472918,3383,102691.79,100508.65,102690.91,107485.16,102676.75,102697.23,102699.59,102689.83
624011.544168863,3384,102694.73,100504.6,102690.91,107501.23,102673.56,102691.32,102701.74,102691.76
624011.564645599,3385,102686.71,100508.65,102684.79,107490.95,102680.78,102691.32,102706.85,102684.76
624011.585246924,3386,102687.78,100503.55,102688.82,107477.12,102679.72,102691.32,102708.73,102694.9
624011.60569026,3387,102682.69,100512.7,102691.8,107501.23,102681.63,102695.35,102706.85,102685.81
624011.626812923,3388,102698.74,100503.55,102689.87,107485.16,102684.82,102699.38,102710.89,102688.78
624011.646826609,3389,102694.73,100506.55,102686.89,107486.28,102672.71,102699.38,102697.7,102690.71
624011.667435585,3390,102690.72,100512.55,102685.84,107481.14,102687.79,102699.38,102708.73,102690.71
624011.688471477,3391,102686.71,100523.8,102690.91,107474.23,102675.69,102691.32,102700.66,102696.82
624011.712214312,3392,102690.72,100520.8,102700.01,107486.28,102676.75,102703.4,102709.81,102696.82
624011.732687183,3393,102686.71,100522.9,102693.89,107487.41,102676.75,102704.47,102704.7,102703.99
624011.753459766,3394,102694.73,100528.9,102685.84,107485.16,102680.78,102692.39,102705.77,102696.82
624011.773802691,3395,102694.73,100520.8,102698.96,107494.32,102683.76,102699.38,102704.7,102694.9
624011.794360249,3396,102686.71,100532.95,102694.94,107485.16,102683.76,102701.26,102699.59,102688.78
624011.814787911,3397,102693.65,100527.85,102689.87,107486.28,102679.72,102699.38,102705.77,102683.88
624011.835462937,3398,102703.83,100517.8,102686.89,107487.41,102676.75,102698.56,102700.66,102688.78
624011.85595685,3399,102694.73,100527.85,102689.87,107486.28,102676.75,102690.25,102705.77,102698.92
624011.880215385,3400,102686.71,100521.7,102698.96,107486.28,102685.67,102695.35,102696.63,102697.87
624011.900654815,3401,102694.73,100528.9,102698.96,107485.16,102682.69,102699.38,102705.77,102685.81
624011.921253696,3402,102690.72,100535.95,102684.79,107486.28,102676.75,102708.5,102708.73,102693.85
624011.941794639,3403,102692.87,100535.95,102693.89,107494.32,102676.75,102691.32,102698.51,102690.87
624011.962428884,3404,102695.81,100545.1,102680.77,107485.16,102675.69,102703.4,102711.96,102689.83
624011.982844137,3405,102674.67,100531.9,102697.92,107483.39,102671.65,102691.32,102710.89,102694.9
624012.003789842,3406,102696.88,100541.05,102690.91,107487.41,102676.75,102689.18,102700.66,102686.85
624012.023970751,3407,102686.71,100553.2,102682.86,107475.35,102674.62,102695.35,102701.74,102684.76
624012.048232251,3408,102690.72,100534.9,102682.86,107490.3,102680.78,102695.35,102710.89,102689.83
624012.068732703,3409,102682.69,100553.2,102682.86,107483.39,102680.78,102696.42,102710.89,102684.76
624012.089318935,3410,102696.88,100545.1,102694.94,107485.16,102678.87,102698.3,102704.7,102682.83
624012.109870224,3411,102683.77,100552.15,102694.94,107491.42,102681.84,102707.43,102695.55,102688.78
624012.130446231,3412,102694.73,100545.1,102682.86,107495.44,102675.69,102695.35,102696.63,102698.92
624012.150828214,3413,102687.78,100547.05,102694.94,107486.28,102682.69,102699.38,102700.66,102690.87
624012.172297571,3414,102684.85,100553.2,102685.84,107475.35,102682.69,102691.32,102701.74,102691.92
624012.193087861,3415,102687.78,100552.15,102698.96,107486.28,102680.78,102696.42,102708.73,102696.82
624012.216280325,3416,102694.73,100553.2,102690.91,107487.41,102675.69,102691.32,102701.74,102689.83
624012.236688327,3417,102679.76,100561.3,102676.74,107486.28,102684.82,102706.36,102700.66,102697.87
624012.257278245,3418,102695.81,100553.2,102690.91,107486.28,102675.69,102699.38,102708.73,102691.76
624012.277924677,3419,102687.78,100567.3,102695.98,107488.53,102688.85,102691.32,102705.77,102700.85
624012.298356005,3420,102691.79,100569.4,102698.96,107485.16,102683.76,102692.39,102700.66,102681.78
624012.318852912,3421,102683.77,100548.1,102690.91,107486.28,102680.78,102704.47,102704.7,102688.78
624012.339439234,3422,102702.76,100569.4,102690.91,107479.37,102676.75,102699.38,102704.7,102695.94
624012.359924853,3423,102695.81,100561.3,102690.91,107487.41,102684.82,102692.39,102704.7,102696.82
624012.384221387,3424,102691.79,100567.3,102682.86,107482.26,102683.76,102691.32,102704.7,102696.82
624012.404719415,3425,102687.78,100565.35,102687.77,107477.12,102684.82,102699.38,102709.81,102696.82
624012.425305166,3426,102682.69,100573.45,102684.79,107478.25,102681.84,102692.14,102710.89,102690.87
624012.445997439,3427,102691.79,100568.35,102690.91,107478.25,102684.82,102699.38,102704.7,102698.92
624012.466613906,3428,102692.87,100569.4,102693.01,107482.91,102680.78,102689.18,102709.81,102697.87
624012.486919964,3429,102686.71,100585.6,102681.81,107484.51,102690.76,102691.32,102705.77,102689.83
624012.507636944,3430,102687.78,100573.45,102682.86,107487.41,102675.69,102699.38,102704.7,102690.87
624012.527970524,3431,102687.78,100584.55,102694.94,107473.1,102676.75,102694.28,102696.63,102686.85
624012.552243641,3432,102696.88,100578.55,102686.89,107485.16,102679.72,102701.26,102700.66,102692.8
624012.572292791,3433,102691.79,100584.55,102697.03,107471.33,102674.62,102699.38,102709.81,102694.9
624012.593333299,3434,102690.72,100585.6,102694.94,107495.44,102680.78,102691.32,102709.81,102701.89
624012.613847653,3435,102686.71,100585.6,102694.94,107485.16,102679.72,102701.52,102697.7,102684.76
624012.634446824,3436,102696.88,100591.6,102690.91,107483.39,102676.75,102693.21,102708.73,102698.92
624012.654868337,3437,102688.86,100593.7,102688.98,107487.41,102684.82,102690.25,102696.63,102690.87
624012.675604175,3438,102682.69,100599.85,102700.01,107478.25,102671.65,102690.25,102709.81,102686.85
624012.699248111,3439,102684.85,100593.7,102690.91,107473.1,102684.82,102691.32,102710.89,102693.85
624012.719683465,3440,102688.86,100575.4,102682.86,107483.39,102683.76,102691.32,102708.73,102689.83
624012.740288555,3441,102682.69,100596.7,102692.84,107484.51,102674.62,102683.27,102700.66,102686.85
624012.761361093,3442,102692.87,100588.6,102690.91,107474.23,102674.62,102699.38,102703.62,102688.78
624012.78145535,3443,102694.73,100602.85,102680.77,107487.41,102679.72,102694.28,102700.66,102695.94
624012.802506395,3444,102691.79,100600.75,102690.91,107479.37,102680.78,102700.45,102696.63,102698.92
624012.823130785,3445,102696.88,100596.7,102693.89,107477.12,102675.69,102692.39,102705.77,102685.81
624012.843522853,3446,102694.73,100609.9,102684.79,107477.12,102675.69,102696.42,102708.73,102698.92
624012.867210054,3447,102696.88,100613.95,102700.01,107486.28,102688.85,102693.46,102708.73,102689.83
624012.88767952,3448,102691.79,100621.0,102688.82,107478.25,102676.75,102693.21,102701.74,102685.81
624012.908337701,3449,102691.79,100609.9,102686.89,107479.37,102684.82,102699.38,102700.66,102696.82
624012.928793435,3450,102696.88,100610.95,102690.91,107475.35,102678.66,102694.28,102702.81,102695.94
624012.949406347,3451,102689.94,100607.8,102698.96,107486.28,102676.75,102702.33,102698.78,102690.87
624012.969886569,3452,102696.88,100609.9,102688.82,107485.16,102678.66,102689.18,102698.51,102689.83
624012.990638692,3453,102688.86,100601.8,102695.98,107470.21,102683.76,102695.35,102710.89,102690.87
624013.011402572,3454,102690.72,100615.0,102694.94,107478.25,102682.69,102691.32,102698.51,102697.87
624013.035217527,3455,102688.86,100618.0,102681.81,107463.3,102683.76,102699.38,102700.66,102685.81
624013.055669345,3456,102682.69,100618.0,102690.91,107471.33,102679.72,102699.38,102704.7,102682.83
624013.076321627,3457,102694.73,100631.2,102694.94,107471.33,102679.72,102700.45,102704.7,102686.85
624013.096830773,3458,102683.77,100619.05,102686.89,107471.33,102676.75,102690.25,102709.81,102686.85
624013.117430605,3459,102692.87,100612.9,102685.84,107478.25,102676.75,102691.32,102698.51,102696.99
624013.137966621,3460,102691.79,100623.1,102690.91,107470.21,102684.82,102693.46,102694.47,102698.92
624013.158578031,3461,102696.88,100626.1,102689.87,107471.33,102684.82,102699.38,102703.62,102698.92
624013.180105126,3462,102688.86,100616.95,102690.91,107474.23,102675.69,102690.25,102698.51,102688.78
624013.203234213,3463,102690.72,100630.15,102690.91,107481.14,102678.66,102680.31,102709.81,102698.92
624013.223704229,3464,102696.88,100628.05,102686.89,107469.08,102675.69,102697.49,102698.51,102693.85
624013.244337282,3465,102684.85,100630.15,102698.96,107474.23,102680.78,102699.38,102709.81,102698.92
624013.264753106,3466,102686.71,100633.15,102694.94,107471.33,102687.79,102699.38,102708.73,102690.87
624013.285383344,3467,102679.76,100635.25,102682.86,107471.33,102686.73,102691.32,102700.66,102701.89
624013.305881744,3468,102678.68,100642.3,102686.89,107472.46,102684.82,102696.42,102709.81,102690.87
624013.326698855,3469,102702.76,100643.35,102694.94,107470.21,102685.88,102691.32,102708.73,102698.92
624013.34693058,3470,102680.83,100633.15,102689.87,107474.23,102682.69,102699.38,102701.74,102698.92
624013.371246032,3471,102686.71,100634.2,102691.96,107472.46,102672.71,102695.35,102702.55,102692.8
624013.391759343,3472,102688.86,100648.45,102687.93,107471.33,102681.63,102703.4,102700.66,102698.92
624013.412292074,3473,102680.83,100642.3,102693.01,107470.21,102688.85,102687.29,102708.73,102684.76
624013.432716331,3474,102695.02,100643.35,102688.82,107480.49,102672.71,102697.23,102704.7,102690.87
624013.453415654,3475,102684.85,100642.3,102694.94,107479.37,102676.75,102689.18,102702.55,102698.92
624013.474025592,3476,102684.85,100646.35,102683.91,107475.35,102684.82,102699.38,102698.51,102686.85
624013.494785937,3477,102688.86,100644.4,102681.81,107470.21,102676.75,102693.46,102708.73,102690.87
624013.515204666,3478,102687.78,100639.3,102686.89,107469.08,102684.82,102690.25,102706.58,102696.82
624013.539291852,3479,102695.81,100647.25,102690.91,107466.19,102682.69,102691.32,102700.66,102690.87
624013.559700516,3480,102686.71,100652.5,102698.96,107471.33,102675.69,102699.38,102708.73,102680.74
624013.580349833,3481,102687.78,100650.4,102690.91,107474.23,102682.69,102695.35,102692.59,102681.78
624013.60078062,3482,102688.86,100651.45,102687.93,107462.17,102675.69,102691.32,102699.59,102685.81
624013.621459422,3483,102680.83,100650.4,102691.8,107478.25,102668.68,102695.35,102700.66,102696.82
624013.64183192,3484,102692.87,100658.5,102705.08,107470.21,102684.82,102707.43,102703.62,102690.87
624013.662475128,3485,102696.88,100650.4,102690.91,107469.08,102675.69,102700.45,102699.59,102690.87
624013.682900808,3486,102692.87,100658.5,102686.0,107479.37,102674.62,102695.35,102701.74,102688.78
624013.707293326,3487,102696.88,100658.5,102694.94,107463.3,102680.78,102689.18,102708.73,102692.8
624013.727730662,3488,102696.88,100658.5,102683.91,107470.21,102680.78,102691.32,102710.89,102686.85
624013.7483801,3489,102684.85,100650.4,102683.91,107467.31,102679.72,102697.49,102692.59,102696.82
624013.768809625,3490,102688.86,100659.55,102682.86,107467.31,102679.72,102694.28,102705.77,102686.85
624013.789512773,3491,102695.81,100658.5,102686.89,107471.33,102684.82,102701.52,102703.62,102704.87
624013.809924552,3492,102700.9,100667.65,102695.98,107467.31,102679.72,102697.23,102710.89,102688.78
624013.830472976,3493,102691.79,100666.6,102682.86,107462.17,102679.72,102700.45,102705.77,102688.78
624013.850924765,3494,102687.0,100665.55,102698.96,107471.33,102677.6,102689.18,102700.66,102696.82
624013.875254578,3495,102696.88,100676.65,102686.89,107463.3,102680.78,102687.29,102695.55,102690.87
624013.895340203,3496,102696.88,100658.5,102694.94,107467.31,102667.62,102691.32,102712.77,102689.83
624013.916338788,3497,102707.06,100674.7,102694.94,107470.21,102675.69,102691.32,102700.66,102701.89
624013.9364617,3498,102688.86,100674.7,102690.91,107463.3,102683.76,102690.25,102705.77,102687.9
624013.957431211,3499,102688.86,100663.6,102697.03,107470.21,102684.82,102700.45,102708.73,102689.83
624013.978999197,3500,102694.73,100673.65,102680.77,107461.05,102672.71,102696.42,102708.73,102697.87
624013.998618968,3501,102689.94,100666.6,102689.87,107463.3,102691.82,102697.23,102698.78,102697.87
624014.022247511,3502,102687.78,100678.75,102698.96,107454.14,102670.59,102691.32,102700.66,102698.92
624014.042716185,3503,102694.73,100670.65,102690.91,107463.3,102679.72,102699.38,102699.59,102706.96
624014.063341165,3504,102690.72,100670.65,102687.93,107459.28,102680.78,102692.14,102700.66,102691.92
624014.084370157,3505,102692.87,100681.75,102701.06,107475.35,102683.76,102700.45,102709.81,102688.78
624014.104406798,3506,102684.85,100675.75,102686.89,107459.28,102684.82,102690.25,102704.7,102693.85
624014.125571194,3507,102692.87,100679.8,102683.91,107467.31,102680.78,102696.42,102696.63,102698.92
624014.145570378,3508,102690.72,100678.75,102690.91,107454.14,102676.75,102685.15,102701.74,102693.85
624014.166605999,3509,102682.69,100678.75,102686.89,107455.26,102680.78,102693.46,102704.7,102702.94
624014.190263426,3510,102691.79,100674.7,102689.87,107464.42,102685.67,102694.28,102698.51,102690.87
624014.210715064,3511,102688.86,100686.85,102693.01,107471.33,102680.78,102699.38,102708.73,102698.92
624014.231406675,3512,102692.87,100674.7,102683.91,107463.3,102680.78,102707.43,102702.81,102695.94
624014.25181637,3513,102683.77,100690.9,102694.94,107460.4,102680.78,102695.35,102702.81,102690.87
624014.272401661,3514,102696.88,100682.8,102698.96,107459.28,102679.72,102691.32,102710.89,102691.92
624014.29288053,3515,102685.92,100682.8,102686.89,107459.28,102687.79,102700.45,102701.74,102698.92
624014.31361064,3516,102684.85,100683.85,102691.96,107459.28,102676.75,102700.45,102706.85,102696.82
624014.336249836,3517,102691.79,100688.95,102686.89,107455.26,102686.94,102699.38,102706.85,102690.87
624014.358246812,3518,102691.79,100681.75,102683.91,107456.38,102681.63,102682.2,102704.7,102688.78
624014.378723819,3519,102692.87,100700.05,102688.98,107463.3,102684.82,102700.45,102698.78,102698.92
624014.399345114,3520,102704.91,100690.9,102694.94,107464.42,102680.78,102691.32,102702.81,102694.9
624014.420050095,3521,102688.86,100682.8,102686.89,107459.28,102684.82,102699.38,102707.66,102688.78
624014.440431738,3522,102689.94,100699.0,102697.03,107447.22,102685.88,102705.54,102702.81,102689.83
624014.461042727,3523,102692.87,100694.95,102691.96,107458.15,102685.88,102691.32,102702.81,102690.87
624014.481716371,3524,102685.92,100696.0,102695.98,107456.38,102681.84,102699.38,102700.66,102698.92
624014.50412561,3525,102692.87,100707.1,102693.01,107458.15,102675.69,102699.38,102708.73,102690.87
624014.527311784,3526,102697.96,100697.06,102701.06,107456.38,102684.82,102695.35,102706.85,102684.76
624014.546787206,3527,102684.85,100707.1,102685.84,107459.28,102684.82,102693.46,102702.81,102695.94
624014.567418115,3528,102683.77,100699.0,102693.01,107463.3,102680.78,102699.38,102702.81,102691.92
624014.587886809,3529,102690.72,100711.15,102683.91,107451.24,102683.76,102690.25,102711.69,102694.9
624014.60852536,3530,102694.73,100700.05,102690.91,107460.4,102685.88,102695.35,102700.66,102699.97
624014.628910318,3531,102687.78,100699.0,102687.93,107455.26,102682.69,102695.35,102706.85,102689.83
624014.649550702,3532,102680.83,100699.0,102682.86,107455.26,102684.82,102696.42,102706.85,102687.9
624014.669990182,3533,102690.72,100699.0,102701.06,107455.26,102680.78,102691.32,102709.81,102699.97
624014.694272133,3534,102690.72,100715.2,102682.86,107457.51,102684.82,102696.42,102693.66,102697.87
624014.714718713,3535,102695.81,100711.15,102698.96,107455.26,102676.75,102691.32,102702.81,102686.85
624014.735382483,3536,102697.96,100714.15,102692.84,107455.26,102676.75,102683.27,102705.77,102690.87
624014.755863535,3537,102680.83,100700.05,102686.89,107455.26,102676.75,102695.35,102700.66,102697.87
624014.776431379,3538,102696.88,100700.95,102698.96,107456.38,102680.78,102692.39,102700.66,102698.92
624014.796909167,3539,102696.88,100715.2,102694.05,107459.28,102680.78,102693.46,102701.74,102698.92
624014.817530582,3540,102680.83,100719.25,102693.01,107455.26,102683.76,102699.38,102698.78,102690.87
624014.837984945,3541,102685.92,100718.2,102690.91,107451.24,102674.62,102687.29,102705.77,102684.92
624014.862287237,3542,102686.71,100707.1,102700.01,107455.26,102686.94,102697.23,102706.85,102684.76
624014.882711443,3543,102691.79,100717.31,102694.94,107457.51,102670.59,102695.35,102709.81,102693.85
624014.903451238,3544,102690.72,100717.31,102686.89,107456.38,102681.63,102696.42,102718.96,102685.81
624014.924311203,3545,102691.79,100707.1,102682.86,107447.22,102684.82,102696.42,102701.74,102690.87
624014.944705636,3546,102700.11,100719.25,102682.86,107447.22,102676.75,102695.35,102706.85,102697.87
624014.964854666,3547,102678.68,100719.25,102701.06,107455.26,102684.82,102695.35,102710.89,102692.8
624014.98551472,3548,102691.79,100719.25,102693.89,107450.12,102676.75,102702.33,102702.81,102697.87
624015.005999579,3549,102680.83,100725.41,102686.89,107455.26,102683.76,102699.38,102709.81,102690.87
624015.0310956,3550,102692.87,100728.41,102690.91,107459.28,102688.85,102688.36,102700.66,102706.96
624015.050776263,3551,102684.85,100715.2,102691.96,107459.28,102686.73,102699.38,102692.59,102682.83
624015.071425901,3552,102687.78,100732.46,102679.88,107456.38,102678.66,102695.35,102698.78,102682.83
624015.091927014,3553,102687.78,100733.51,102692.84,107455.26,102665.71,102691.32,102718.96,102686.85
624015.112488328,3554,102695.02,100732.46,102694.94,107439.19,102684.82,102696.42,102703.89,102689.83
624015.132936101,3555,102688.86,100735.45,102689.87,107447.22,102684.82,102699.38,102704.7,102695.94
624015.154519881,3556,102683.77,100723.3,102683.91,107456.38,102678.66,102700.45,102707.66,102690.87
624015.174037056,3557,102688.86,100732.46,102682.86,107456.38,102673.56,102695.35,102693.66,102690.87
624015.198318266,3558,102699.04,100731.4,102683.91,107447.22,102681.84,102695.35,102710.89,102689.83
624015.21834391,3559,102684.85,100732.46,102690.91,107448.35,102682.69,102693.21,102696.63,102686.85
624015.239416978,3560,102680.83,100735.45,102690.91,107447.22,102684.82,102689.18,102704.7,102693.85
624015.259896929,3561,102688.86,100730.35,102690.91,107455.26,102676.75,102692.39,102709.81,102689.83
624015.280503733,3562,102688.86,100730.35,102704.04,107439.19,102676.75,102700.45,102700.66,102699.97
624015.300846356,3563,102691.79,100730.35,102686.89,107448.35,102680.78,102700.45,102710.89,102706.96
624015.321577627,3564,102688.86,100736.51,102698.96,107441.43,102677.81,102698.3,102718.96,102698.92
624015.345276967,3565,102688.86,100735.45,102701.06,107448.35,102679.72,102693.21,102714.92,102694.9
624015.365718701,3566,102692.87,100737.56,102686.89,107455.26,102681.84,102709.57,102702.81,102690.87
624015.386355168,3567,102692.87,100740.56,102682.86,107439.19,102688.85,102695.35,102694.47,102694.9
624015.407379363,3568,102696.88,100733.51,102691.96,107439.19,102676.75,102692.39,102702.81,102693.85
624015.427475884,3569,102688.86,100747.6,102690.91,107457.51,102683.76,102699.38,102703.62,102687.9
624015.448478335,3570,102691.01,100731.4,102698.96,107448.35,102684.82,102699.38,102702.81,102699.97
624015.468535237,3571,102699.04,100739.5,102689.87,107447.22,102684.82,102704.47,102710.89,102688.78
624015.48952565,3572,102692.87,100739.5,102686.89,107453.49,102680.78,102700.45,102702.81,102697.87
624015.513309298,3573,102679.76,100747.6,102698.96,107452.37,102676.75,102687.29,102706.58,102698.92
624015.533788377,3574,102696.88,100746.55,102689.87,107448.35,102684.82,102691.32,102702.81,102691.92
624015.554376823,3575,102684.85,100761.86,102690.91,107447.22,102684.82,102690.25,102706.85,102685.81
624015.574835782,3576,102687.78,100735.45,102682.86,107447.22,102688.85,102697.23,102697.7,102690.87
624015.595495605,3577,102691.79,100751.66,102687.93,107448.35,102666.56,102692.39,102694.74,102694.9
624015.615966944,3578,102695.81,100749.71,102682.86,107450.12,102679.72,102698.3,102707.92,102698.92
624015.636588629,3579,102696.88,100743.55,102693.01,107437.42,102666.56,102700.45,102703.89,102698.92
624015.657612453,3580,102697.96,100755.71,102686.89,107443.2,102676.75,102699.38,102701.74,102688.95
624015.681286234,3581,102682.69,100751.66,102701.06,107452.37,102670.8,102696.42,102702.81,102689.83
624015.701757352,3582,102687.78,100749.71,102691.96,107444.33,102676.75,102695.35,102710.89,102698.92
624015.722376083,3583,102682.99,100755.71,102691.96,107448.35,102692.04,102699.38,102701.74,102701.01
624015.7428204,3584,102692.87,100775.06,102690.91,107440.31,102678.87,102690.25,102702.81,102692.97
624015.763526463,3585,102683.77,100752.71,102701.06,107441.43,102680.78,102681.13,102693.66,102682.83
624015.783906013,3586,102693.95,100774.01,102687.93,107448.35,102672.71,102691.32,102702.81,102695.94
624015.804555921,3587,102686.71,100753.76,102698.08,107437.42,102684.82,102691.32,102706.85,102698.92
624015.824926757,3588,102688.86,100755.71,102683.91,107448.35,102675.69,102695.35,102706.85,102698.92
624015.849305955,3589,102688.86,100747.6,102695.98,107448.35,102675.69,102699.38,102692.59,102695.94
624015.869894681,3590,102688.86,100762.75,102682.86,107443.2,102684.82,102695.35,102710.89,102694.9
624015.890398298,3591,102689.94,100764.86,102691.96,107439.19,102679.72,102698.3,102706.85,102684.92
624015.910814292,3592,102680.83,100772.96,102684.95,107447.22,102684.82,102690.25,102706.85,102701.01
624015.931517681,3593,102688.86,100771.91,102684.95,107440.31,102676.75,102695.35,102705.77,102680.74
624015.951859934,3594,102697.96,100761.86,102701.06,107443.2,102675.69,102693.46,102700.66,102699.97
624015.972504374,3595,102692.87,100769.96,102684.95,107439.19,102692.89,102693.46,102710.89,102686.85
624015.992924785,3596,102690.72,100767.86,102691.07,107447.22,102676.75,102695.35,102700.66,102695.94
624016.017349512,3597,102684.85,100782.11,102690.91,107448.35,102679.72,102699.38,102710.89,102694.9
624016.037819148,3598,102683.77,100771.91,102680.77,107442.56,102684.82,102691.32,102701.74,102695.94
624016.058423627,3599,102695.81,100780.01,102686.89,107441.43,102684.82,102702.33,102700.66,102690.87
624016.078857539,3600,102694.73,100774.01,102695.98,107440.31,102676.75,102683.27,102700.66,102682.83
624016.099829364,3601,102691.79,100777.01,102701.06,107441.43,102684.82,102695.35,102698.78,102690.87
624016.11994205,3602,102696.88,100772.96,102688.98,107441.43,102676.75,102695.35,102702.81,102703.99
624016.140552398,3603,102693.95,100782.11,102683.91,107429.38,102680.78,102700.45,102694.74,102699.97
624016.160982534,3604,102683.77,100771.91,102688.98,107440.31,102685.88,102705.54,102700.66,102687.9
624016.185362513,3605,102694.73,100777.01,102682.86,107432.27,102684.82,102707.43,102696.63,102696.99
624016.205795994,3606,102684.85,100769.96,102698.96,107442.56,102676.75,102693.21,102702.81,102701.01
624016.226419693,3607,102680.83,100787.21,102690.91,107440.31,102685.88,102693.46,102704.7,102685.81
624016.246863399,3608,102689.94,100785.11,102701.06,107432.27,102676.75,102691.32,102705.77,102686.85
624016.267527419,3609,102684.85,100782.11,102687.93,107441.43,102681.63,102691.32,102700.66,102690.87
624016.287913278,3610,102684.85,100788.11,102698.96,107449.47,102675.69,102696.42,102698.78,102691.92
624016.308561543,3611,102683.77,100781.06,102687.93,107440.31,102684.82,102699.38,102697.7,102686.85
624016.329059302,3612,102699.82,100771.91,102686.0,107441.43,102674.62,102700.45,102709.0,102698.92
624016.353418599,3613,102695.81,100784.06,102686.89,107440.31,102677.81,102696.42,102704.7,102692.97
624016.373802956,3614,102695.81,100790.21,102675.85,107432.27,102688.85,102695.35,102702.81,102688.95
624016.394409609,3615,102688.86,100790.21,102686.0,107441.43,102680.78,102693.46,102704.7,102686.85
624016.414878904,3616,102697.96,100790.21,102690.03,107440.31,102674.62,102693.21,102705.77,102692.97
624016.43544781,3617,102688.86,100789.16,102694.94,107433.4,102677.81,102692.39,102698.78,102697.87
624016.455902573,3618,102691.79,100796.21,102694.94,107433.4,102676.75,102681.13,102706.85,102683.88
624016.47655859,3619,102686.71,100797.26,102682.86,107437.42,102688.85,102696.42,102706.85,102702.94
624016.500290369,3620,102699.04,100798.31,102686.89,107437.42,102673.78,102699.38,102704.96,102689.83
624016.521326582,3621,102696.88,100790.21,102691.96,107432.27,102681.84,102687.29,102706.85,102694.9
624016.541434711,3622,102692.87,100788.11,102694.05,107432.27,102670.59,102697.23,102693.66,102687.9
624016.562598576,3623,102688.86,100799.36,102690.91,107432.27,102688.85,102693.46,102702.81,102696.99
624016.582590429,3624,102679.76,100795.31,102691.96,107437.42,102686.94,102699.38,102702.81,102699.97
624016.605197097,3625,102696.88,100794.26,102686.89,107435.64,102685.88,102694.28,102702.81,102698.92
624016.624091901,3626,102696.88,100798.31,102682.86,107429.38,102676.75,102698.3,102694.74,102682.83
624016.644586775,3627,102688.86,100798.31,102691.96,107441.43,102677.81,102695.6,102710.89,102699.97
624016.668318383,3628,102689.94,100801.31,102693.01,107431.15,102683.76,102692.39,102701.74,102698.92
624016.688785876,3629,102685.92,100802.36,102690.91,107431.63,102680.78,102692.39,102710.89,102699.97
624016.709473661,3630,102693.95,100806.41,102691.96,107433.4,102685.88,102696.42,102709.0,102692.97
624016.730439988,3631,102692.87,100793.21,102691.96,107429.38,102684.82,102691.32,102710.89,102688.95
624016.750496549,3632,102688.86,100803.41,102694.05,107425.36,102682.69,102687.29,102712.77,102688.95
624016.77154528,3633,102697.96,100802.36,102702.1,107436.29,102676.75,102694.28,102699.85,102698.92
624016.792014445,3634,102680.83,100806.41,102690.03,107433.4,102668.68,102700.45,102707.92,102683.88
624016.812584903,3635,102680.83,100800.26,102686.89,107425.36,102680.78,102691.32,102701.74,102701.01
624016.836322942,3636,102685.92,100806.41,102691.96,107429.38,102680.78,102691.32,102711.96,102693.85
624016.856766468,3637,102682.99,100800.26,102701.06,107424.24,102684.82,102690.25,102698.78,102692.97
624016.877419731,3638,102695.02,100797.26,102683.91,107428.26,102676.75,102691.32,102705.77,102690.87
624016.897954225,3639,102692.87,100804.31,102694.05,107425.36,102675.69,102691.32,102706.85,102693.85
624016.918564063,3640,102684.85,100808.36,102682.86,107424.24,102677.81,102691.32,102707.92,102687.9
624016.939619344,3641,102692.87,100813.46,102684.95,107414.43,102676.75,102692.39,102702.81,102685.97
624016.959652549,3642,102696.88,100807.46,102694.94,107420.22,102676.75,102700.45,102706.85,102699.97
624016.98059511,3643,102692.87,100804.31,102686.89,107433.4,102668.68,102699.38,102702.81,102692.97
624017.004315011,3644,102680.83,100806.41,102684.95,107426.48,102676.75,102699.38,102704.96,102696.99
624017.024873131,3645,102684.85,100806.41,102687.93,107427.13,102687.79,102691.32,102709.81,102688.95
624017.04539849,3646,102695.81,100810.46,102691.96,107424.24,102676.75,102704.47,102704.7,102690.87
624017.065908467,3647,102684.85,100802.36,102690.91,107433.4,102672.71,102689.18,102706.85,102691.92
624017.086574049,3648,102693.95,100810.46,102688.98,107431.63,102680.57,102699.38,102702.81,102698.92
624017.106938185,3649,102693.95,100814.51,102688.98,107424.24,102683.76,102699.38,102703.89,102682.83
624017.127607753,3650,102691.01,100820.67,102687.93,107424.24,102682.69,102696.42,102705.77,102690.87
624017.148023176,3651,102696.88,100813.46,102687.93,107426.48,102675.69,102700.45,102710.89,102698.92
624017.172332339,3652,102691.79,100822.61,102686.89,107418.45,102672.71,102691.32,102711.96,102691.92
624017.19280552,3653,102692.87,100829.66,102688.98,107416.2,102677.81,102695.35,102706.85,102682.83
624017.21341038,3654,102684.85,100816.46,102690.03,107427.61,102680.78,102707.43,102704.96,102687.9
624017.233919806,3655,102688.86,100809.41,102686.89,107423.11,102675.69,102700.45,102706.85,102688.95
624017.254595263,3656,102691.79,100813.46,102682.86,107425.36,102685.88,102694.28,102709.0,102699.97
624017.274984286,3657,102699.04,100818.56,102694.94,107425.36,102684.82,102699.38,102704.96,102684.92
624017.295562496,3658,102691.01,100834.76,102693.01,107421.34,102684.82,102689.18,102696.89,102688.95
624017.315974455,3659,102679.76,100834.76,102684.95,107429.38,102671.65,102699.38,102707.92,102690.87
624017.340348234,3660,102680.83,100824.72,102694.05,107421.34,102680.78,102689.18,102699.85,102698.92
624017.360827545,3661,102683.77,100822.61,102687.93,107420.22,102678.66,102693.46,102703.89,102675.83
624017.381439115,3662,102696.88,100829.66,102691.96,107423.59,102676.75,102681.13,102707.92,102684.92
624017.401906066,3663,102680.83,100821.56,102688.98,107418.45,102685.88,102696.42,102717.07,102687.9
624017.422509665,3664,102696.88,100820.51,102697.03,107421.34,102676.75,102686.22,102703.89,102694.9
624017.442966942,3665,102692.87,100822.61,102693.01,107415.08,102677.81,102695.35,102706.85,102695.94
624017.463610731,3666,102697.96,100818.56,102685.84,107420.22,102685.88,102696.42,102706.85,102701.01
624017.48408967,3667,102697.96,100825.61,102688.98,107419.57,102681.84,102703.4,102703.89,102701.01
624017.508355297,3668,102693.95,100830.71,102693.01,107417.32,102672.71,102686.22,102702.81,102682.83
624017.52915419,3669,102687.78,100818.56,102688.98,107412.18,102684.82,102689.18,102694.74,102692.97
624017.549457694,3670,102687.78,100836.87,102688.98,107419.57,102692.89,102700.45,102702.81,102699.97
624017.570035975,3671,102680.83,100839.87,102688.98,107417.32,102684.82,102692.39,102705.77,102691.92
624017.590549316,3672,102688.86,100834.76,102684.95,107417.32,102689.91,102695.35,102701.74,102688.95
624017.611028897,3673,102688.08,100829.66,102693.01,107411.53,102686.94,102704.47,102704.7,102686.85
624017.63156318,3674,102687.78,100831.77,102688.98,107401.25,102667.62,102696.42,102701.74,102691.92
624017.652102922,3675,102691.01,100838.82,102688.98,107411.53,102684.82,102703.4,102705.77,102688.95
624017.676371443,3676,102680.83,100829.66,102687.93,107417.32,102676.75,102691.32,102702.81,102692.97
624017.696852496,3677,102696.88,100840.92,102687.93,107411.53,102685.88,102695.35,102694.74,102688.95
624017.717463865,3678,102682.99,100834.76,102697.03,107410.41,102684.82,102693.46,102692.59,102694.9
624017.737970798,3679,102688.86,100841.81,102690.03,107425.36,102680.78,102692.39,102700.66,102682.83
624017.758503899,3680,102685.92,100838.82,102683.91,107419.57,102685.88,102698.56,102698.78,102692.97
624017.778974216,3681,102701.19,100830.71,102698.08,107418.45,102684.82,102691.32,102700.66,102696.99
624017.799638366,3682,102697.96,100834.76,102697.03,107409.29,102680.78,102699.38,102700.66,102694.9
624017.823341251,3683,102684.85,100839.87,102686.89,107407.52,102680.78,102690.25,102710.89,102690.87
624017.84440186,3684,102682.99,100838.82,102694.94,107396.11,102680.78,102695.35,102701.74,102695.94
624017.864591973,3685,102699.04,100833.71,102691.96,107409.29,102668.68,102684.34,102708.73,102684.92
624017.885470898,3686,102685.92,100836.87,102684.95,107409.29,102684.82,102699.38,102694.74,102703.11
624017.905952501,3687,102687.0,100830.71,102690.91,107418.45,102676.75,102697.49,102697.7,102690.87
624017.926554227,3688,102693.95,100838.82,102693.01,107419.57,102680.78,102695.35,102702.81,102688.95
624017.946949911,3689,102681.91,100857.12,102693.01,107411.53,102684.82,102688.36,102696.63,102701.01
624017.967627421,3690,102685.92,100835.82,102702.1,107416.2,102684.82,102699.38,102705.77,102683.88
624017.991362495,3691,102678.97,100846.92,102694.05,107411.53,102684.82,102696.42,102709.81,102683.88
624018.012383013,3692,102691.01,100846.92,102693.01,107405.27,102684.82,102689.18,102709.81,102688.95
624018.033185482,3693,102687.0,100853.96,102691.96,107403.5,102684.82,102692.39,102708.73,102691.92
624018.053482086,3694,102687.0,100846.92,102694.94,107409.29,102682.69,102691.32,102705.77,102692.97
624018.073581612,3695,102692.87,100855.02,102693.01,107397.23,102685.88,102692.39,102701.74,102678.81
624018.094521379,3696,102687.0,100845.86,102695.1,107400.13,102684.82,102691.32,102700.66,102692.97
624018.114760185,3697,102680.83,100850.97,102686.0,107396.11,102675.69,102695.35,102709.81,102691.92
624018.135584918,3698,102691.01,100852.91,102688.98,107399.48,102685.88,102691.32,102708.73,102688.95
624018.159387704,3699,102691.01,100845.86,102694.05,107403.5,102668.68,102701.52,102704.7,102696.99
624018.179798411,3700,102684.06,100861.01,102687.93,107409.29,102684.82,102700.45,102706.85,102680.9
624018.200448469,3701,102699.04,100850.97,102687.93,107397.23,102680.78,102695.35,102708.73,102701.01
624018.220920468,3702,102695.02,100862.06,102688.98,107397.23,102686.94,102690.25,102693.66,102701.01
624018.241542305,3703,102691.01,100852.91,102691.96,107398.36,102685.88,102700.45,102700.66,102701.01
624018.264095271,3704,102692.09,100855.02,102691.96,107407.52,102678.87,102693.21,102693.66,102684.92
624018.282613435,3705,102689.94,100852.91,102688.98,107405.27,102672.71,102691.32,102702.55,102701.01
624018.303712222,3706,102691.01,100853.96,102688.98,107399.48,102688.85,102691.32,102700.66,102692.97
624018.327373855,3707,102682.99,100853.96,102688.98,107403.5,102680.78,102701.52,102701.74,102695.94
624018.347889861,3708,102679.76,100862.06,102694.05,107411.53,102676.75,102696.42,102690.7,102692.97
624018.372208417,3709,102695.02,100862.06,102694.05,107393.21,102688.85,102697.49,102706.85,102695.94
624018.388927741,3710,102693.16,100859.07,102691.07,107393.21,102695.01,102691.32,102704.7,102688.95
624018.409750271,3711,102692.87,100860.12,102684.95,107393.21,102684.82,102693.46,102702.81,102688.95
624018.429976638,3712,102695.02,100863.12,102682.86,107395.46,102677.81,102691.32,102705.77,102692.97
624018.450639456,3713,102700.9,100856.96,102686.0,107393.21,102692.89,102697.49,102700.66,102690.87
624018.471309425,3714,102701.19,100863.12,102682.86,107397.23,102668.68,102691.32,102699.85,102695.94
624018.495424744,3715,102696.88,100853.07,102698.96,107393.21,102675.69,102699.38,102702.81,102684.92
624018.51586171,3716,102683.77,100867.17,102690.03,107394.34,102686.94,102688.36,102710.89,102691.92
624018.536528354,3717,102689.94,100864.17,102691.96,107391.44,102684.82,102696.42,102708.73,102701.01
624018.556882595,3718,102691.01,100867.17,102691.96,107391.44,102681.84,102690.25,102698.78,102692.97
624018.577723352,3719,102691.01,100868.22,102693.01,107387.42,102684.82,102700.45,102709.81,102684.92
624018.598014627,3720,102684.85,100868.22,102693.01,107393.21,102688.85,102693.46,102702.81,102696.99
624018.618637435,3721,102699.04,100867.17,102688.98,107783.01,102681.84,102701.26,102694.74,102694.9
624018.640195136,3722,102678.68,100872.27,102697.03,107846.18,102684.82,102693.46,102704.7,102701.01
624018.66336839,3723,102699.04,100872.27,102684.95,107842.16,102681.84,102687.29,102697.7,102699.97
624018.683882643,3724,102684.85,100865.22,102697.19,107841.52,102676.75,102693.46,102700.66,102698.04
624018.704448144,3725,102683.77,100868.22,102683.91,107811.14,102677.81,102697.23,102708.73,102691.92
624018.725157452,3726,102696.88,100859.07,102690.03,107797.32,102684.82,102695.35,102709.81,102692.97
624018.745560087,3727,102696.88,100861.01,102687.05,107797.32,102680.78,102683.27,102700.66,102688.95
624018.76601514,3728,102696.88,100872.27,102683.91,107784.13,102681.84,102691.32,102710.89,102688.95
624018.786805972,3729,102683.77,100862.06,102688.98,107776.09,102680.78,102699.38,102710.89,102696.99
624018.807387687,3730,102692.87,100869.11,102693.01,107772.08,102680.78,102695.35,102709.81,102692.97
624018.831452599,3731,102692.87,100866.11,102693.01,107769.18,102676.75,102705.54,102702.81,102702.06
624018.851901003,3732,102693.95,100879.32,102698.08,107757.13,102681.84,102696.42,102705.77,102678.81
624018.872461796,3733,102682.99,100872.27,102682.86,107722.73,102676.75,102687.29,102702.81,102691.92
624018.892873314,3734,102699.04,100866.11,102697.03,107668.72,102678.87,102692.39,102698.78,102684.92
624018.913591956,3735,102682.99,100880.37,102680.93,107635.44,102681.84,102702.59,102701.74,102687.9
624018.933996955,3736,102680.83,100871.22,102697.03,107636.57,102684.82,102687.29,102700.66,102684.92
624018.954639481,3737,102682.99,100871.22,102697.03,107620.49,102673.78,102691.32,102702.81,102696.99
624018.975087985,3738,102687.78,100881.42,102684.95,107612.46,102682.91,102692.39,102701.74,102701.01
624018.999386141,3739,102687.78,100879.32,102693.01,107604.42,102682.91,102711.46,102702.81,102691.92
624019.019848966,3740,102687.0,100871.22,102693.01,107608.44,102695.01,102694.28,102700.66,102692.97
624019.040587488,3741,102699.04,100873.32,102681.97,107596.38,102676.75,102687.29,102710.89,102692.97
624019.060999347,3742,102677.9,100876.32,102687.93,107596.38,102678.87,102687.29,102705.77,102689.99
624019.081604557,3743,102688.86,100870.33,102694.05,107593.49,102675.69,102699.38,102700.66,102691.92
624019.10211174,3744,102695.81,100868.22,102693.01,107588.35,102689.91,102691.32,102709.81,102692.97
624019.122755589,3745,102699.04,100876.32,102686.0,107577.42,102684.82,102700.45,102704.7,102701.01
624019.14637011,3746,102688.86,100879.32,102695.1,107584.33,102684.82,102692.39,102702.81,102703.11
624019.167478792,3747,102696.88,100877.37,102705.08,107580.31,102682.91,102696.42,102702.55,102692.97
624019.187989951,3748,102688.86,100881.42,102691.96,107570.02,102680.78,102692.39,102700.66,102701.01
624019.208518816,3749,102695.02,100873.32,102700.01,107570.02,102668.68,102696.42,102694.74,102686.85
624019.228929393,3750,102679.76,100879.32,102687.93,107572.27,102682.91,102701.52,102705.77,102702.06
624019.249603397,3751,102692.87,100877.37,102688.98,107553.95,102676.75,102699.38,102704.7,102690.87
624019.270111972,3752,102685.92,100879.32,102691.07,107560.22,102677.81,102687.29,102702.81,102687.9
624019.290643641,3753,102696.88,100883.37,102684.95,107553.95,102680.78,102691.32,102702.81,102692.97
624019.3143883,3754,102691.79,100889.53,102688.98,107544.14,102686.94,102708.5,102693.66,102687.9
624019.335438543,3755,102679.76,100884.42,102698.08,107541.89,102677.81,102700.45,102701.74,102708.01
624019.3554924,3756,102684.85,100879.32,102688.98,107548.16,102678.87,102691.32,102706.85,102684.92
624019.376534993,3757,102695.02,100880.37,102693.01,107541.25,102684.82,102699.38,102704.7,102691.92
624019.396546185,3758,102697.96,100883.37,102682.86,107548.16,102677.81,102704.47,102706.85,102691.92
624019.417565432,3759,102687.0,100878.27,102684.95,107540.12,102677.81,102700.45,102697.7,102701.01
624019.438048588,3760,102697.96,100879.32,102690.91,107534.98,102685.88,102693.46,102705.77,102694.9
624019.458677054,3761,102699.04,100889.53,102688.98,107532.09,102684.82,102693.46,102706.85,102684.92
624019.482377645,3762,102696.88,100878.27,102686.0,107532.09,102677.81,102692.39,102706.85,102696.99
624019.502862504,3763,102691.01,100871.22,102691.07,107528.07,102668.68,102701.52,102694.74,102692.97
624019.523446483,3764,102680.83,100887.42,102694.05,107529.84,102686.94,102699.38,102702.81,102687.9
624019.5439631,3765,102684.85,100882.32,102693.01,107532.09,102685.88,102697.49,102699.59,102692.97
624019.564692348,3766,102692.87,100879.32,102684.95,107521.16,102675.69,102696.42,102702.81,102695.94
624019.585631594,3767,102692.87,100879.32,102688.98,107516.01,102680.78,102704.47,102697.7,102698.92
624019.605666642,3768,102676.82,100886.37,102686.0,107524.05,102676.75,102691.32,102694.74,102696.99
624019.626664106,3769,102699.04,100880.37,102694.05,107517.78,102674.84,102700.45,102703.89,102688.95
624019.65040589,3770,102687.0,100895.52,102694.05,107525.17,102672.71,102687.29,102706.85,102701.01
624019.670856297,3771,102693.95,100877.21,102688.98,107513.76,102684.82,102690.51,102702.81,102690.87
624019.691463961,3772,102688.86,100883.37,102683.91,107509.1,102680.78,102690.25,102693.66,102691.92
624019.71200876,3773,102688.86,100892.52,102691.96,107510.23,102680.78,102692.39,102699.59,102683.88
624019.732606189,3774,102692.87,100883.37,102690.03,107507.98,102677.81,102692.39,102702.81,102688.95
624019.753003045,3775,102689.94,100883.37,102688.98,107509.1,102680.78,102687.29,102694.74,102692.97
624019.77369024,3776,102696.88,100887.42,102683.91,107501.06,102688.85,102691.32,102702.81,102686.85
624019.794085703,3777,102696.88,100883.37,102688.98,107499.94,102686.94,102693.46,102702.81,102701.01
624019.818392402,3778,102684.85,100881.42,102683.91,107499.94,102669.74,102700.45,102710.89,102691.92
624019.838858962,3779,102693.95,100904.67,102693.01,107491.9,102684.82,102684.34,102702.81,102695.94
624019.859519327,3780,102697.96,100891.47,102690.03,107495.92,102686.94,102696.42,102706.85,102692.97
624019.87993427,3781,102697.18,100888.47,102697.03,107499.94,102679.72,102694.53,102705.77,102692.97
624019.900619201,3782,102684.85,100899.57,102691.07,107497.05,102676.75,102699.38,102702.81,102699.08
624019.921058901,3783,102695.81,100895.52,102688.98,107487.88,102677.81,102700.45,102694.74,102699.97
624019.94171588,3784,102691.01,100895.52,102695.1,107483.87,102680.78,102701.52,102717.07,102699.97
624019.962073156,3785,102696.88,100879.32,102684.95,107493.03,102675.69,102691.32,102706.85,102701.01
624019.986405353,3786,102692.87,100888.47,102684.95,107497.05,102685.88,102693.46,102689.63,102694.9
624020.006854588,3787,102688.86,100887.42,102695.1,107483.87,102676.75,102699.38,102702.81,102688.95
624020.027459408,3788,102687.0,100891.47,102688.98,107479.85,102680.78,102688.36,102702.81,102696.99
624020.047951468,3789,102674.96,100895.52,102695.1,107475.83,102669.74,102695.35,102704.96,102694.01
624020.06858431,3790,102692.09,100895.52,102686.0,107493.03,102674.62,102703.4,102702.81,102691.92
624020.089053255,3791,102687.0,100895.52,102698.08,107476.95,102677.81,102698.56,102702.81,102696.99
624020.109672236,3792,102689.94,100891.47,102691.07,107483.87,102676.75,102691.32,102702.81,102696.99
624020.130104616,3793,102696.1,100896.57,102693.01,107479.85,102681.84,102699.38,102703.89,102701.01
624020.154419586,3794,102693.95,100890.42,102699.12,107467.79,102676.75,102699.38,102702.81,102691.92
624020.174871756,3795,102695.81,100895.52,102691.07,107476.95,102684.82,102688.36,102706.85,102692.97
624020.19553244,3796,102691.01,100905.56,102683.91,107476.95,102686.94,102697.49,102702.81,102685.97
624020.215996347,3797,102699.04,100902.57,102702.1,107475.83,102677.81,102691.32,102706.85,102691.92
624020.23670218,3798,102684.85,100910.67,102688.98,107471.81,102673.56,102689.43,102709.81,102698.04
624020.25708231,3799,102688.86,100900.62,102695.1,107453.49,102684.82,102695.35,102701.74,102696.99
624020.27771936,3800,102689.94,100900.62,102684.95,107464.9,102684.82,102691.32,102701.74,102689.99
624020.298156376,3801,102693.95,100899.57,102693.01,107471.81,102681.84,102693.46,102696.89,102692.97
624020.322426779,3802,102688.86,100901.68,102684.95,107463.77,102678.87,102687.29,102703.89,102675.83
624020.342956897,3803,102688.86,100895.52,102694.05,107460.88,102682.91,102697.49,102692.59,102691.92
624020.363543499,3804,102691.01,100895.52,102691.07,107463.77,102681.84,102699.38,102700.66,102696.99
624020.384059805,3805,102680.83,100899.57,102699.12,107467.79,102666.56,102688.36,102702.81,102691.92
624020.404640499,3806,102688.86,100894.47,102693.01,107464.9,102685.88,102692.39,102700.66,102698.04
624020.425028021,3807,102682.99,100904.67,102690.03,107451.72,102676.75,102693.46,102706.85,102684.92
624020.446305488,3808,102699.04,100894.47,102679.88,107459.76,102685.88,102700.45,102709.81,102695.94
624020.469407895,3809,102682.99,100895.52,102683.02,107459.76,102677.81,102697.49,102694.74,102692.97
624020.490482796,3810,102699.04,100903.62,102695.1,107455.74,102682.91,102708.5,102707.92,102701.01
624020.510919742,3811,102696.88,100903.62,102697.03,107453.49,102680.78,102692.39,102698.78,102690.87
624020.531564653,3812,102681.91,100907.67,102676.9,107459.76,102685.88,102691.32,102713.04,102699.97
624020.552021359,3813,102699.04,100910.67,102690.03,107451.72,102684.82,102700.45,102702.81,102687.9
624020.572612979,3814,102687.0,100903.62,102691.07,107443.68,102681.84,102697.49,102693.66,102686.85
624020.594220716,3815,102697.96,100905.56,102683.91,107451.72,102681.84,102703.4,102694.74,102695.94
624020.613699634,3816,102692.87,100903.62,102681.97,107446.58,102683.76,102699.38,102703.89,102701.01
624020.637431833,3817,102687.0,100905.73,102695.1,107443.68,102680.78,102684.34,102707.92,102695.06
624020.658428396,3818,102687.0,100920.88,102687.05,107445.93,102670.8,102699.38,102695.82,102684.92
624020.67851374,3819,102692.87,100895.52,102693.01,107443.68,102685.88,102693.46,102709.0,102680.9
624020.699537894,3820,102691.01,100903.62,102691.07,107437.42,102684.82,102689.43,102707.92,102690.87
624020.719614346,3821,102672.81,100899.57,102694.05,107442.56,102684.82,102691.32,102711.96,102696.99
624020.740615675,3822,102691.01,100903.62,102687.05,107440.79,102677.81,102693.46,102702.81,102684.92
624020.761079763,3823,102695.02,100904.67,102697.03,107444.81,102676.75,102687.29,102707.92,102692.97
624020.781732505,3824,102684.85,100903.62,102694.05,107444.81,102679.72,102693.46,102706.85,102690.87
624020.805423232,3825,102676.82,100903.62,102683.02,107444.81,102685.88,102692.39,102701.74,102692.97
624020.825937425,3826,102697.96,100910.67,102697.03,107432.75,102686.94,102700.45,102705.77,102687.9
624020.846497968,3827,102699.04,100910.67,102688.98,107445.93,102673.78,102695.35,102701.74,102692.97
624020.866935456,3828,102699.04,100907.67,102683.02,107429.86,102676.75,102710.64,102710.89,102692.97
624020.887594668,3829,102697.96,100910.67,102686.0,107437.89,102684.82,102693.46,102692.59,102690.87
624020.908742309,3830,102693.95,100910.67,102684.95,107431.63,102684.82,102699.38,102696.63,102676.88
624020.928689845,3831,102697.96,100912.77,102694.05,107439.66,102682.69,102684.34,102706.85,102703.11
624020.949846259,3832,102688.86,100908.72,102694.05,107431.63,102678.87,102693.46,102704.96,102692.97
624020.973443084,3833,102695.02,100910.67,102693.01,107432.75,102673.78,102702.59,102711.96,102691.92
624020.99393258,3834,102691.01,100912.77,102684.95,107432.75,102681.84,102695.35,102696.63,102688.95
624021.014668448,3835,102697.18,100912.77,102694.05,107431.63,102684.82,102692.39,102700.93,102698.04
624021.035542526,3836,102677.9,100903.62,102693.01,107435.0,102685.88,102699.38,102701.74,102699.97
624021.055599407,3837,102689.94,100917.88,102687.05,107423.59,102680.78,102692.39,102700.66,102698.04
624021.076649511,3838,102699.04,100911.72,102688.09,107432.75,102684.82,102693.46,102703.89,102688.95
624021.096739001,3839,102703.05,100916.83,102687.05,107431.63,102678.87,102693.46,102698.78,102688.95
624021.11731612,3840,102684.85,100920.88,102702.1,107435.0,102670.8,102700.45,102700.66,102701.01
624021.141436066,3841,102692.87,100916.83,102690.03,107432.75,102676.75,102691.32,102694.74,102701.01
624021.161930419,3842,102708.92,100911.72,102690.03,107428.73,102681.84,102687.29,102700.66,102702.06
624021.182844276,3843,102691.01,100911.72,102703.15,107416.68,102676.75,102691.32,102710.89,102696.99
624021.203053738,3844,102699.04,100916.83,102697.03,107425.84,102676.75,102694.53,102702.81,102684.92
624021.223558537,3845,102695.02,100915.77,102695.1,107420.69,102682.91,102695.35,102702.81,102694.01
624021.244179131,3846,102695.02,100908.72,102695.1,107425.84,102686.94,102695.35,102707.92,102692.97
624021.264907739,3847,102676.82,100924.93,102691.07,107423.59,102686.94,102693.46,102709.0,102696.99
624021.285122018,3848,102688.86,100913.83,102687.05,107422.94,102684.82,102691.32,102713.85,102694.01
624021.309489008,3849,102691.01,100910.67,102695.1,107419.57,102678.87,102693.46,102701.74,102692.97
624021.329933966,3850,102692.09,100917.88,102687.05,107423.59,102677.81,102698.3,102704.7,102688.95
624021.351131703,3851,102689.94,100920.88,102684.95,107411.53,102677.81,102699.38,102694.74,102688.95
624021.37101393,3852,102684.85,100913.83,102695.1,107419.57,102677.81,102691.32,102706.85,102694.01
624021.39159872,3853,102696.88,100923.87,102690.03,107413.78,102676.75,102693.46,102700.93,102692.97
624021.41210389,3854,102688.08,100919.82,102688.98,107417.8,102685.88,102692.39,102703.89,102701.01
624021.432719536,3855,102701.19,100924.93,102698.08,107414.9,102682.91,102693.46,102702.81,102692.97
624021.453093127,3856,102691.01,100917.88,102687.05,107412.66,102686.94,102697.49,102711.96,102699.08
624021.477499325,3857,102688.86,100917.88,102686.0,107413.78,102678.87,102701.52,102710.89,102698.04
624021.497927789,3858,102699.04,100910.67,102687.05,107414.9,102685.88,102708.5,102704.96,102691.92
624021.518531507,3859,102688.86,100928.98,102686.0,107402.37,102677.81,102691.32,102706.85,102692.97
624021.539026051,3860,102691.01,100933.03,102687.05,107413.78,102678.87,102691.32,102693.66,102696.99
624021.559649619,3861,102687.0,100921.93,102686.0,107408.64,102681.84,102701.52,102689.63,102701.01
624021.580008988,3862,102692.87,100923.87,102683.02,107409.76,102686.94,102693.46,102701.74,102703.11
624021.600744216,3863,102691.01,100918.77,102687.93,107414.9,102670.8,102702.59,102704.7,102688.95
624021.624853365,3864,102685.92,100924.93,102703.15,107403.5,102684.82,102697.49,102710.89,102692.97
624021.645507811,3865,102687.0,100927.92,102695.1,107405.74,102680.78,102688.36,102706.85,102694.01
624021.665911727,3866,102682.99,100927.92,102690.03,107401.73,102676.75,102693.46,102710.89,102690.87
624021.68659167,3867,102684.85,100924.93,102686.0,107397.71,102676.75,102703.4,102698.78,102698.04
624021.706966353,3868,102695.02,100919.82,102691.07,107404.62,102685.88,102697.49,102706.85,102703.99
624021.727692066,3869,102687.0,100927.92,102687.05,107399.48,102682.91,102695.35,102700.66,102684.92
624021.748100739,3870,102691.01,100931.97,102691.07,107406.87,102680.78,102701.52,102706.85,102702.06
624021.768688774,3871,102693.16,100923.87,102699.12,107395.46,102673.78,102692.39,102702.81,102692.97
624021.792460904,3872,102691.01,100927.92,102683.91,107412.66,102689.91,102695.35,102698.78,102694.01
624021.813501293,3873,102691.01,100925.82,102690.91,107401.73,102682.91,102692.39,102702.81,102694.01
624021.834101796,3874,102692.87,100926.87,102695.1,107404.62,102681.84,102692.39,102702.81,102694.01
624021.85460954,3875,102699.04,100922.82,102702.1,107398.83,102672.71,102697.49,102699.85,102684.92
624021.875150483,3876,102700.11,100919.82,102694.05,107397.71,102689.91,102701.52,102702.81,102692.97
624021.895661211,3877,102701.19,100923.87,102703.15,107403.5,102679.93,102697.49,102701.74,102692.97
624021.916285391,3878,102682.99,100919.82,102684.95,107401.73,102681.84,102696.42,102694.74,102689.99
624021.936735587,3879,102691.01,100927.92,102687.93,107400.6,102688.85,102697.49,102698.78,102688.95
624021.960445643,3880,102692.87,100925.98,102684.95,107386.3,102672.71,102691.32,102695.82,102684.92
624021.981488335,3881,102680.83,100927.92,102690.03,107403.5,102680.78,102693.46,102705.77,102701.01
624022.001565517,3882,102696.88,100930.03,102698.96,107399.48,102685.88,102689.43,102702.81,102692.97
624022.023094215,3883,102699.04,100930.92,102686.0,107398.83,102672.71,102691.32,102698.78,102688.95
624022.042629708,3884,102687.0,100944.12,102688.98,107393.69,102673.78,102690.51,102701.74,102696.99
624022.063932994,3885,102693.16,100924.93,102699.12,107390.79,102681.84,102692.39,102710.89,102683.88
624022.083744104,3886,102676.82,100934.08,102686.0,107397.71,102680.78,102697.49,102702.81,102691.92
624022.104738534,3887,102688.86,100931.97,102698.08,107391.44,102677.81,102697.49,102700.66,102692.97
624022.128483342,3888,102692.09,100933.03,102695.1,107398.83,102669.74,102697.49,102702.81,102682.83
624022.148919337,3889,102688.86,100942.18,102691.07,107396.58,102680.78,102695.6,102700.93,102694.01
624022.169511318,3890,102696.88,100924.93,102698.08,107397.71,102682.91,102694.53,102694.74,102696.99
624022.190077169,3891,102687.0,100923.87,102699.12,107395.46,102670.8,102690.25,102702.81,102699.97
624022.210688339,3892,102696.1,100933.03,102699.12,107395.46,102682.91,102693.46,102702.81,102705.04
624022.231719213,3893,102696.88,100930.92,102687.05,107388.55,102678.87,102701.52,102702.81,102688.95
624022.25175317,3894,102691.01,100923.87,102687.05,107396.58,102677.81,102703.4,102699.85,102694.01
624022.273087633,3895,102684.85,100941.13,102691.07,107398.83,102686.94,102695.6,102706.85,102688.95
624022.296470745,3896,102692.87,100936.02,102691.07,107392.57,102684.82,102701.52,102706.04,102689.99
624022.31691288,3897,102682.99,100934.97,102687.05,107396.58,102693.95,102687.55,102692.59,102683.88
624022.337526683,3898,102682.99,100938.13,102687.05,107398.83,102678.87,102699.63,102702.81,102688.95
624022.358050591,3899,102693.16,100944.12,102695.1,107388.55,102668.68,102685.41,102702.81,102692.97
624022.378564133,3900,102699.04,100937.08,102693.01,107391.44,102684.82,102704.47,102705.77,102701.01
624022.39905432,3901,102699.04,100934.08,102688.09,107392.57,102677.81,102691.32,102701.74,102692.97
624022.419682596,3902,102699.04,100933.03,102703.15,107389.67,102679.72,102690.25,102698.78,102698.92
624022.440214355,3903,102680.83,100937.08,102696.15,107392.57,102674.84,102689.43,102701.74,102695.94
624022.464464678,3904,102683.77,100939.02,102695.1,107392.57,102678.87,102693.46,102694.74,102694.01
624022.48503737,3905,102680.83,100936.02,102690.03,107382.76,102682.91,102691.32,102694.74,102689.99
624022.505557783,3906,102684.85,100942.18,102690.03,107388.55,102681.0,102693.46,102702.81,102691.92
624022.526386421,3907,102699.04,100930.92,102690.03,107393.69,102682.91,102692.39,102706.85,102684.92
624022.546705229,3908,102701.19,100937.08,102684.95,107391.92,102685.88,102698.56,102702.81,102684.92
624022.567049485,3909,102680.83,100931.97,102692.12,107389.67,102686.94,102693.46,102693.66,102684.92
624022.587686173,3910,102684.06,100930.03,102690.03,107379.39,102685.88,102702.59,102702.81,102692.97
624022.60822224,3911,102696.1,100933.03,102697.19,107382.76,102685.88,102692.39,102701.74,102702.06
624022.632478702,3912,102678.97,100931.97,102688.09,107390.79,102675.69,102699.38,102702.81,102688.95
624022.652940065,3913,102688.86,100936.02,102683.02,107388.55,102688.0,102689.43,102705.77,102694.9
624022.673623694,3914,102689.15,100930.03,102695.1,107389.67,102681.84,102685.41,102706.85,102695.06
624022.694098358,3915,102699.04,100940.07,102695.1,107380.51,102677.81,102701.52,102702.81,102687.02
624022.714684169,3916,102687.0,100934.97,102695.1,107380.51,102679.93,102691.32,102698.78,102692.97
624022.735073354,3917,102691.01,100936.02,102687.05,107382.76,102680.78,102693.46,102704.96,102685.97
624022.755765776,3918,102682.99,100938.13,102687.05,107384.53,102676.75,102693.46,102699.85,102703.11
624022.77658468,3919,102680.83,100947.29,102691.07,107379.39,102688.0,102699.38,102710.89,102676.88
624022.801490585,3920,102695.02,100944.12,102698.08,107372.47,102685.88,102693.46,102710.89,102684.92
624022.820993859,3921,102692.09,100948.18,102687.05,107380.51,102676.75,102696.42,102710.89,102695.06
624022.84165249,3922,102682.99,100941.13,102678.99,107385.65,102677.81,102702.59,102700.66,102692.97
624022.862060803,3923,102689.94,100946.23,102694.05,107382.76,102684.82,102689.43,102698.78,102695.06
624022.882672364,3924,102691.01,100941.13,102691.07,107392.57,102680.78,102697.49,102705.77,102694.01
624022.903068528,3925,102687.0,100936.02,102687.05,107381.63,102686.94,102693.46,102702.81,102694.01
624022.923753489,3926,102695.02,100945.18,102687.05,107379.39,102678.87,102696.42,102704.96,102694.01
624022.947877762,3927,102685.92,100944.12,102695.1,107375.37,102680.78,102697.49,102694.74,102692.97
624022.968516103,3928,102697.18,100944.12,102695.1,107384.53,102680.78,102693.46,102705.77,102692.97
624022.988979139,3929,102691.01,100936.02,102694.05,107383.41,102686.94,102706.61,102703.89,102687.9
624023.009578491,3930,102685.92,100945.18,102693.01,107388.55,102695.01,102701.52,102694.74,102694.01
624023.030081918,3931,102697.18,100937.08,102697.03,107390.79,102688.0,102693.46,102706.85,102688.95
624023.050669642,3932,102685.14,100946.23,102687.05,107381.63,102678.87,102701.52,102697.7,102692.97
624023.071076182,3933,102699.04,100946.23,102691.07,107380.51,102684.82,102691.32,102703.89,102698.04
624023.091734493,3934,102681.13,100938.13,102684.95,107381.63,102691.82,102701.52,102694.74,102699.97
624023.115475776,3935,102687.0,100946.07,102687.05,107379.39,102684.82,102691.32,102694.74,102695.06
624023.136496606,3936,102696.1,100944.12,102690.03,107378.74,102678.87,102703.4,102701.74,102680.9
624023.156939842,3937,102682.99,100943.23,102695.1,107382.76,102685.88,102695.35,102702.81,102692.97
624023.177645845,3938,102685.14,100944.12,102691.07,107378.74,102681.84,102687.29,102694.74,102696.99
624023.19814143,3939,102692.09,100953.28,102693.17,107389.67,102680.78,102689.43,102702.81,102684.92
624023.218697616,3940,102688.08,100954.33,102691.07,107383.88,102680.78,102701.52,102702.81,102694.01
624023.239179981,3941,102691.01,100944.12,102689.14,107378.74,102680.78,102698.56,102706.85,102685.97
624023.259776539,3942,102699.04,100944.12,102699.12,107385.65,102682.91,102684.34,102690.7,102692.97
624023.283523601,3943,102696.1,100940.07,102695.1,107381.63,102686.94,102693.46,102706.85,102687.9
624023.304522718,3944,102688.86,100949.23,102692.12,107379.39,102686.94,102693.46,102710.89,102696.99
624023.324587451,3945,102695.02,100953.28,102691.07,107376.49,102678.87,102697.49,102694.74,102689.99
624023.345714741,3946,102692.87,100949.23,102689.14,107382.76,102674.84,102689.43,102698.78,102684.92
624023.36567745,3947,102699.04,100944.12,102687.05,107372.47,102676.75,102694.53,102701.74,102692.97
624023.386668214,3948,102707.06,100944.12,102686.0,107380.51,102679.93,102697.49,102702.81,102696.99
624023.406751796,3949,102685.92,100945.18,102687.05,107375.37,102678.87,102693.46,102706.85,102695.06
624023.427732605,3950,102691.01,100960.33,102688.98,107383.88,102673.78,102698.56,102710.89,102695.06
624023.451489702,3951,102691.01,100953.28,102690.03,107381.63,102678.87,102689.43,102698.78,102688.95
624023.473062396,3952,102703.05,100954.33,102687.05,107386.78,102686.94,102700.45,102702.81,102695.06
624023.492540743,3953,102696.1,100946.23,102689.14,107380.51,102679.93,102691.58,102698.78,102688.95
624023.513654513,3954,102689.94,100944.12,102688.09,107379.86,102682.91,102700.45,102702.81,102694.01
624023.533640958,3955,102691.01,100951.17,102699.12,107378.74,102682.91,102692.39,102695.01,102684.92
624023.554698693,3956,102700.11,100961.38,102692.12,107369.58,102682.91,102697.49,102694.74,102695.94
624023.574995337,3957,102699.04,100954.33,102689.14,107369.58,102676.75,102686.48,102704.96,102695.94
624023.595865028,3958,102699.04,100948.18,102688.09,107377.62,102671.86,102701.52,102707.92,102703.11
624023.61954646,3959,102701.19,100944.12,102693.17,107367.33,102680.78,102701.52,102700.93,102695.06
624023.639960813,3960,102689.94,100961.38,102693.17,107380.51,102682.91,102694.53,102702.81,102684.92
624023.660605443,3961,102695.02,100958.38,102687.05,107366.68,102684.82,102703.66,102702.81,102688.95
624023.681059956,3962,102691.01,100952.23,102691.07,107368.46,102682.91,102701.52,102702.81,102694.01
624023.701757536,3963,102682.99,100960.33,102695.1,107376.49,102680.78,102701.52,102700.93,102695.94
624023.722142284,3964,102685.92,100949.23,102687.05,107371.82,102682.91,102702.59,102702.81,102682.83
624023.742728696,3965,102693.95,100962.43,102687.05,107370.7,102685.88,102694.53,102704.96,102692.97
624023.763914605,3966,102701.19,100945.18,102691.07,107367.81,102685.88,102701.52,102704.96,102695.06
624023.787503258,3967,102685.92,100951.17,102683.02,107376.49,102692.89,102694.53,102710.89,102686.85
624023.807953584,3968,102685.92,100953.28,102693.17,107370.7,102670.8,102693.46,102698.78,102688.95
624023.828593798,3969,102701.19,100949.23,102687.05,107374.72,102682.91,102696.42,102704.96,102702.06
624023.850180463,3970,102682.99,100954.33,102692.12,107367.33,102680.78,102693.46,102692.85,102684.92
624023.869688725,3971,102693.95,100947.12,102689.14,107378.74,102678.87,102697.49,102702.81,102684.92
624023.890645217,3972,102700.11,100949.23,102692.12,107363.31,102678.87,102696.42,102698.78,102688.95
624023.911052078,3973,102695.02,100950.28,102688.09,107369.58,102676.75,102690.51,102703.89,102692.97
624023.931180147,3974,102689.94,100954.33,102690.19,107373.6,102685.88,102692.39,102695.82,102694.01
624023.955515629,3975,102691.01,100953.28,102691.07,107377.62,102680.78,102690.51,102699.85,102688.95
624023.975961679,3976,102691.01,100944.12,102691.07,107364.44,102678.87,102687.29,102704.96,102684.92
624023.996680151,3977,102691.01,100961.38,102695.1,107364.44,102670.8,102692.39,102704.96,102692.97
624024.017425984,3978,102685.92,100954.33,102692.12,107365.56,102688.0,102691.32,102698.78,102695.94
624024.03767726,3979,102692.09,100948.18,102678.99,107366.68,102670.8,102693.46,102709.0,102684.92
624024.058172274,3980,102693.16,100960.33,102691.07,107366.68,102693.95,102691.32,102706.04,102699.97
624024.078735261,3981,102682.99,100958.38,102695.1,107367.81,102676.75,102696.42,102694.74,102688.95
624024.099167109,3982,102699.04,100960.33,102686.0,107359.77,102673.78,102698.56,102702.81,102692.97
624024.123532917,3983,102695.02,100962.43,102687.05,107366.68,102685.88,102700.45,102704.96,102694.01
624024.14415279,3984,102682.99,100952.23,102691.07,107364.44,102677.81,102693.46,102696.89,102692.97
624024.164675757,3985,102682.99,100961.38,102691.07,107365.56,102684.82,102693.46,102696.89,102692.97
624024.185038821,3986,102696.88,100961.38,102687.05,107370.7,102674.62,102693.46,102700.93,102694.01
624024.205731565,3987,102689.15,100966.48,102688.09,107366.68,102676.75,102684.34,102698.78,102685.97
624024.226159377,3988,102687.0,100959.27,102687.05,107374.72,102685.88,102691.32,102704.96,102701.01
624024.246811899,3989,102701.19,100963.32,102681.09,107371.82,102686.94,102689.43,102699.85,102688.95
624024.270561525,3990,102680.05,100966.48,102695.1,107371.82,102670.8,102701.52,102700.93,102684.92
624024.291594312,3991,102701.19,100957.33,102688.09,107371.82,102677.81,102705.54,102700.93,102696.99
624024.312021895,3992,102692.09,100965.43,102688.09,107366.68,102677.81,102688.36,102695.82,102703.11
624024.33286784,3993,102700.11,100964.38,102688.09,107365.56,102690.98,102687.55,102700.93,102692.97
624024.353040917,3994,102682.99,100960.33,102689.14,107379.86,102682.91,102695.35,102704.96,102692.97
624024.373790185,3995,102695.02,100957.33,102690.19,107364.44,102682.91,102690.51,102696.89,102688.06
624024.394198989,3996,102689.94,100954.33,102687.05,107358.65,102682.91,102697.49,102703.89,102695.06
624024.414767024,3997,102699.04,100960.33,102688.09,107363.79,102678.87,102697.49,102704.96,102689.99
624024.438504371,3998,102699.04,100970.53,102695.1,107374.72,102670.8,102692.39,102699.85,102701.01
624024.459519212,3999,102695.02,100962.43,102697.19,107357.52,102677.81,102693.46,102692.85,102688.95
624024.479644046,4000,102684.85,100960.33,102697.19,107367.81,102678.87,102688.36,102697.7,102687.02
624024.500659968,4001,102691.01,100960.33,102688.09,107367.81,102680.78,102698.56,102704.96,102689.99
624024.521065627,4002,102696.1,100960.33,102684.07,107364.44,102685.88,102696.42,102700.93,102688.95
624024.541710818,4003,102696.88,100956.28,102688.09,107365.56,102678.87,102703.66,102702.81,102688.95
624024.562198882,4004,102685.92,100969.48,102687.05,107366.68,102673.78,102692.39,102698.78,102700.13
624024.582786005,4005,102694.24,100976.53,102693.17,107358.65,102682.91,102688.36,102704.96,102691.04
624024.606538516,4006,102693.16,100970.53,102688.09,107358.65,102682.91,102689.43,102704.96,102688.95
624024.627637753,4007,102691.01,100966.48,102691.07,107360.42,102681.84,102693.46,102696.89,102684.92
624024.647609667,4008,102696.88,100962.43,102689.14,107367.81,102684.82,102691.32,102704.96,102691.04
624024.669597298,4009,102689.15,100969.48,102689.14,107353.5,102678.87,102694.53,102702.81,102695.06
624024.688805766,4010,102687.0,100958.38,102687.05,107364.44,102682.91,102697.49,102707.92,102688.95
624024.709769159,4011,102701.19,100961.38,102684.07,107352.38,102670.8,102691.32,102704.96,102685.97
624024.731064473,4012,102687.0,100970.53,102689.14,107366.68,102677.81,102698.56,102686.67,102695.06
624024.750832288,4013,102688.86,100961.38,102690.03,107366.68,102686.94,102699.38,102698.78,102707.13
624024.774522764,4014,102681.13,100968.43,102689.14,107354.63,102667.62,102700.45,102696.89,102690.87
624024.794952259,4015,102691.01,100957.33,102695.1,107352.38,102678.87,102694.53,102694.74,102683.88
624024.815667336,4016,102687.0,100960.33,102687.05,107348.36,102686.94,102696.42,102704.96,102684.92
624024.836731341,4017,102695.02,100970.53,102689.14,107367.81,102686.94,102688.36,102703.89,102684.92
624024.856750095,4018,102678.97,100964.38,102687.05,107359.77,102686.94,102693.46,102699.85,102687.02
624024.877795692,4019,102700.11,100960.33,102691.07,107367.81,102686.94,102690.25,102704.96,102694.01
624024.897855918,4020,102701.19,100968.43,102688.09,107355.75,102676.75,102697.49,102698.78,102695.06
624024.91894459,4021,102699.04,100970.53,102687.05,107365.56,102678.87,102692.39,102706.04,102692.97
624024.94253805,4022,102692.09,100969.48,102693.17,107348.36,102670.8,102687.55,102710.89,102694.01
624024.963018612,4023,102685.14,100964.38,102687.05,107352.38,102681.84,102701.52,102703.89,102689.99
624024.983645436,4024,102689.94,100968.43,102687.05,107355.75,102686.94,102701.52,102698.78,102689.99
624025.004737293,4025,102693.16,100966.48,102693.17,107349.49,102677.81,102689.43,102702.81,102685.97
624025.024707433,4026,102689.15,100963.49,102701.22,107354.63,102685.88,102693.46,102696.89,102685.97
624025.045299544,4027,102693.95,100968.43,102687.05,107353.5,102676.75,102693.46,102703.89,102688.95
624025.065788819,4028,102685.92,100977.58,102683.02,107358.65,102685.88,102694.53,102702.81,102688.95
624025.086829298,4029,102688.08,100964.38,102693.17,107347.24,102680.78,102700.45,102704.96,102703.11
624025.110541618,4030,102699.04,100967.37,102689.14,107359.77,102670.8,102688.36,102700.93,102688.95
624025.131005946,4031,102699.04,100973.53,102687.05,107353.5,102680.78,102695.35,102707.11,102680.9
624025.151617546,4032,102701.19,100960.33,102687.05,107359.77,102677.81,102696.42,102696.89,102685.97
624025.172106992,4033,102688.08,100976.53,102689.14,107349.49,102681.84,102693.46,102699.85,102702.06
624025.192719163,4034,102682.99,100970.53,102687.05,107353.5,102676.75,102697.49,102696.89,102688.95
624025.213194848,4035,102687.0,100978.64,102683.02,107359.77,102674.84,102692.39,102696.89,102687.02
624025.233774681,4036,102693.95,100966.32,102701.22,107363.79,102677.81,102701.52,102696.89,102685.97
624025.254274111,4037,102682.99,100969.48,102699.12,107350.61,102676.75,102693.46,102699.85,102687.02
624025.278582823,4038,102687.0,100972.48,102688.09,107341.45,102682.91,102692.39,102703.89,102684.92
624025.298991537,4039,102691.01,100978.64,102697.19,107358.65,102686.94,102685.41,102704.96,102680.9
624025.319648666,4040,102687.0,100970.53,102688.09,107350.61,102672.71,102692.39,102702.81,102698.04
624025.340158292,4041,102693.95,100984.63,102687.05,107350.61,102685.88,102702.59,102694.74,102702.06
624025.36079503,4042,102681.91,100976.53,102695.1,107347.24,102677.81,102697.49,102704.96,102684.92
624025.381224365,4043,102684.85,100969.48,102687.05,107359.77,102682.91,102685.41,102695.82,102695.06
624025.40183851,4044,102691.01,100975.47,102687.05,107350.61,102680.78,102692.39,102700.93,102675.83
624025.42595499,4045,102691.01,100985.68,102695.1,107369.58,102680.78,102693.46,102703.89,102685.97
624025.446611969,4046,102691.01,100963.32,102687.05,107357.52,102678.87,102700.45,102694.74,102694.01
624025.467019301,4047,102682.99,100970.53,102695.1,107355.75,102672.71,102701.52,102704.96,102694.01
624025.48770262,4048,102682.99,100973.53,102687.05,107358.65,102672.93,102689.43,102702.81,102695.06
624025.508143342,4049,102682.99,100972.48,102691.07,107351.26,102674.84,102697.49,102698.78,102701.01
624025.528712008,4050,102691.01,100977.58,102687.05,107352.38,102677.81,102695.6,102713.04,102695.94
624025.54931139,4051,102697.18,100976.53,102687.05,107348.36,102679.93,102692.39,102695.82,102695.06
624025.56976417,4052,102693.16,100975.47,102687.05,107347.71,102682.91,102695.35,102694.74,102695.06
624025.593948884,4053,102693.16,100975.47,102691.07,107356.4,102678.87,102692.39,102695.82,102686.85
624025.614583159,4054,102701.19,100976.53,102686.0,107338.55,102677.81,102698.56,102702.81,102699.08
624025.63506998,4055,102691.01,100977.58,102687.05,107357.52,102668.68,102706.61,102704.96,102696.99
624025.655799019,4056,102684.85,100976.53,102696.15,107351.73,102686.94,102691.58,102693.66,102689.99
624025.676301123,4057,102689.94,100970.37,102687.05,107366.68,102677.81,102701.52,102713.04,102688.95
624025.69673827,4058,102685.14,100966.32,102684.07,107339.2,102681.84,102685.41,102699.85,102696.99
624025.717167024,4059,102691.01,100976.53,102689.14,107351.73,102674.84,102694.53,102692.59,102681.95
624025.73778889,4060,102691.01,100979.52,102689.14,107350.61,102669.74,102697.49,102701.74,102691.04
624025.761533638,4061,102687.0,100976.53,102676.01,107356.87,102678.87,102698.56,102699.85,102696.99
624025.782598274,4062,102699.04,100983.58,102677.95,107357.52,102678.87,102692.39,102695.82,102694.01
624025.802752974,4063,102691.01,100984.63,102688.09,107359.77,102676.96,102691.32,102696.89,102689.99
624025.824020737,4064,102695.02,100982.52,102685.11,107351.73,102677.81,102701.52,102692.85,102684.92
624025.844162316,4065,102687.0,100973.53,102678.99,107344.35,102677.81,102695.6,102695.82,102685.97
624025.864742779,4066,102688.08,100977.58,102693.17,107354.63,102677.81,102690.51,102703.89,102692.97
624025.885178204,4067,102686.22,100989.73,102688.09,107357.52,102676.75,102692.39,102713.04,102684.92
624025.907306508,4068,102691.01,100976.53,102687.05,107349.49,102681.84,102692.39,102698.78,102694.01
624025.929538749,4069,102691.01,100970.53,102691.07,107351.73,102680.78,102694.53,102695.82,102691.04
624025.950593309,4070,102696.1,100980.58,102687.05,107343.7,102678.87,102702.59,102702.81,102703.11
624025.970654548,4071,102699.33,100976.53,102697.19,107349.49,102686.94,102690.51,102703.89,102691.04
624025.991705603,4072,102689.15,100976.53,102688.09,107350.61,102678.87,102690.25,102709.0,102687.02
624026.013177534,4073,102691.01,100977.58,102689.14,107342.57,102670.8,102693.46,102702.81,102692.97
624026.032755571,4074,102684.06,100978.64,102693.17,107351.73,102684.82,102694.53,102702.81,102697.16
624026.052872654,4075,102684.06,100972.48,102689.14,107354.63,102682.91,102695.6,102702.81,102685.97
624026.074104413,4076,102684.06,100968.43,102689.14,107346.59,102682.91,102689.43,102694.74,102702.06
624026.097602037,4077,102692.09,100978.64,102695.1,107355.75,102670.8,102685.41,102699.85,102687.02
624026.1180495,4078,102701.19,100989.73,102696.15,107343.7,102682.91,102692.39,102694.74,102691.04
624026.138694571,4079,102684.06,100988.68,102678.99,107351.73,102679.93,102703.66,102695.82,102694.01
624026.159732496,4080,102689.15,100974.59,102684.07,107351.73,102685.88,102689.43,102703.89,102696.99
624026.179766162,4081,102699.04,100981.63,102697.19,107338.55,102676.75,102701.52,102695.82,102699.08
624026.200784788,4082,102685.92,100979.52,102687.05,107336.31,102686.94,102692.39,102702.81,102703.11
624026.220967821,4083,102689.15,100986.74,102686.16,107342.57,102678.87,102689.43,102696.89,102684.92
624026.241731251,4084,102685.14,100978.47,102689.14,107354.63,102681.84,102693.46,102704.96,102690.16
624026.265546957,4085,102693.16,100982.69,102693.17,107350.61,102682.91,102697.49,102699.85,102692.97
624026.286039838,4086,102692.09,100981.63,102702.27,107343.7,102679.93,102696.42,102703.89,102694.01
624026.306663446,4087,102695.02,100987.63,102693.17,107343.7,102685.88,102692.39,102702.81,102692.09
624026.327218101,4088,102701.19,100988.68,102704.2,107346.59,102693.1,102693.46,102696.89,102703.11
624026.349041193,4089,102687.0,100986.74,102683.02,107342.57,102676.96,102692.39,102700.93,102681.95
624026.368226577,4090,102699.04,100990.79,102687.05,107352.86,102686.94,102689.43,102707.92,102699.08
624026.388707029,4091,102697.18,100986.74,102696.15,107354.63,102674.84,102702.59,102703.89,102691.04
624026.409905908,4092,102691.01,100988.68,102690.19,107353.5,102682.91,102701.52,102714.11,102691.04
624026.433571347,4093,102691.01,100986.74,102691.07,107350.61,102681.84,102705.54,102704.96,102687.02
624026.454087813,4094,102691.01,100981.63,102697.19,107344.35,102685.88,102703.66,102696.89,102692.97
624026.474700495,4095,102689.94,100993.78,102693.17,107351.73,102674.84,102693.46,102690.7,102695.06
624026.495102148,4096,102676.82,100982.69,102689.14,107342.57,102682.91,102695.6,102709.0,102698.04
624026.515826409,4097,102699.04,100982.69,102687.05,107339.68,102674.84,102693.46,102704.96,102687.02
624026.5364115,4098,102695.02,100981.63,102688.09,107343.7,102682.91,102689.43,102706.85,102692.09
624026.556975368,4099,102682.99,100985.68,102697.19,107343.7,102686.94,102697.49,102704.96,102702.06
624026.577468489,4100,102684.06,100989.73,102682.13,107341.45,102680.78,102690.51,102700.93,102686.85
624026.601586021,4101,102692.87,100985.68,102696.15,107336.31,102668.68,102693.46,102702.81,102685.97
624026.622035427,4102,102682.99,100990.62,102689.14,107347.71,102682.91,102691.58,102704.96,102694.01
624026.642674759,4103,102695.02,100985.68,102687.05,107339.68,102689.07,102695.6,102700.93,102699.08
624026.663120519,4104,102687.0,100985.68,102681.09,107351.73,102677.81,102689.43,102696.89,102696.99
624026.68377881,4105,102692.09,100988.68,102691.07,107342.57,102681.84,102697.49,102694.74,102687.02
624026.704194043,4106,102691.01,100985.68,102674.97,107347.71,102674.84,102689.43,102704.96,102687.02
624026.724859606,4107,102691.01,100992.73,102685.11,107352.86,102679.72,102705.54,102693.66,102687.02
624026.748975836,4108,102689.94,100986.74,102693.17,107342.57,102681.0,102693.46,102695.82,102696.11
624026.771017519,4109,102699.04,100993.78,102689.14,107334.54,102670.8,102703.66,102702.81,102681.95
624026.790090563,4110,102682.99,100990.79,102689.14,107346.59,102682.91,102689.43,102695.82,102691.04
624026.810768634,4111,102693.16,100984.63,102687.05,107342.57,102688.0,102691.58,102709.0,102687.02
624026.831136937,4112,102682.99,100990.79,102686.16,107342.57,102674.84,102700.7,102702.0,102688.95
624026.85183613,4113,102685.14,100988.68,102695.1,107343.7,102678.87,102703.66,102690.97,102685.97
624026.872186264,4114,102685.14,100994.84,102688.09,107351.73,102688.0,102698.56,102687.74,102695.06
624026.892837695,4115,102701.19,100984.63,102695.1,107339.68,102673.78,102697.49,102704.96,102687.02
624026.917019425,4116,102677.9,100986.74,102691.07,107341.45,102678.87,102686.48,102704.96,102691.04
624026.937604225,4117,102691.01,100994.84,102691.07,107342.57,102670.8,102686.48,102703.89,102691.04
624026.958068923,4118,102693.16,100996.78,102687.05,107348.84,102680.78,102703.66,102704.96,102691.04
624026.978728506,4119,102691.01,100992.73,102695.1,107343.7,102689.07,102698.56,102696.89,102689.99
624026.9991835,4120,102682.99,100989.73,102688.09,107339.68,102685.88,102689.43,102691.78,102694.01
624027.019829813,4121,102688.08,100994.84,102687.05,107336.78,102685.88,102701.52,102702.81,102699.08
624027.040197023,4122,102682.99,100984.63,102689.14,107343.7,102681.0,102703.66,102696.89,102695.06
624027.060892781,4123,102691.01,100986.74,102687.05,107339.68,102670.8,102694.53,102703.89,102691.04
624027.084996473,4124,102688.08,100989.73,102686.16,107339.68,102695.01,102694.53,102686.67,102696.11
624027.105595745,4125,102700.11,100984.63,102693.17,107337.43,102679.93,102699.63,102702.0,102687.02
624027.126098701,4126,102689.94,100996.78,102696.15,107330.52,102676.75,102689.43,102696.89,102689.99
624027.146712054,4127,102691.01,100990.79,102689.14,107339.68,102677.81,102690.51,102704.96,102685.97
624027.167134618,4128,102685.14,100997.83,102686.0,107351.73,102670.8,102693.46,102699.85,102694.01
624027.18774,4129,102689.15,100993.78,102687.05,107343.7,102679.93,102697.49,102698.78,102702.06
624027.208186521,4130,102693.16,100985.68,102688.09,107335.66,102673.78,102691.58,102711.96,102695.06
624027.229135141,4131,102693.16,100994.84,102693.17,107343.7,102682.91,102694.53,102704.96,102689.11
624027.252573596,4132,102693.16,100992.73,102690.19,107340.8,102678.87,102694.53,102700.93,102705.2
624027.27363055,4133,102689.15,100993.78,102701.22,107334.54,102677.81,102693.46,102703.89,102685.97
624027.29365321,4134,102699.04,100994.84,102689.14,107339.68,102670.8,102695.6,102703.89,102692.09
624027.314723584,4135,102698.25,100993.78,102702.27,107333.41,102679.93,102690.51,102695.82,102682.99
624027.334853897,4136,102697.96,100993.78,102701.22,107339.68,102678.87,102701.52,102692.85,102688.95
624027.355959354,4137,102692.09,100998.89,102688.09,107339.68,102678.87,102703.66,102710.08,102692.09
624027.376091129,4138,102682.99,100985.68,102687.05,107334.54,102683.97,102703.66,102700.93,102688.06
624027.396898516,4139,102685.14,100993.78,102689.14,107343.7,102676.75,102695.6,102695.82,102680.9
624027.42058759,4140,102695.02,100994.84,102688.09,107335.66,102685.88,102693.46,102713.04,102688.95
624027.441007321,4141,102682.99,100992.73,102684.07,107339.68,102669.74,102693.46,102699.04,102687.02
624027.46173043,4142,102692.09,100987.63,102686.0,107335.66,102678.87,102702.59,102698.78,102685.97
624027.4827582,4143,102695.32,101000.83,102696.15,107335.66,102677.81,102687.55,102707.92,102702.06
624027.502740548,4144,102682.99,100992.73,102701.22,107343.7,102678.87,102695.6,102708.19,102691.04
624027.523808018,4145,102682.99,100984.63,102688.09,107330.52,102681.0,102690.51,102699.85,102692.09
624027.544032574,4146,102692.09,100984.63,102684.07,107325.38,102690.98,102691.58,102696.89,102677.93
624027.565193825,4147,102693.16,100993.78,102689.14,107335.66,102677.81,102695.35,102704.96,102692.97
624027.588596457,4148,102695.02,100998.89,102697.19,107337.43,102678.87,102691.58,102692.85,102692.09
624027.609094024,4149,102693.16,100994.84,102691.07,107335.66,102682.91,102689.43,102695.01,102689.99
624027.629681108,4150,102697.18,101001.89,102689.14,107335.66,102678.87,102693.46,102704.96,102687.02
624027.650169993,4151,102687.0,101001.89,102687.05,107334.54,102681.0,102690.51,102702.81,102695.06
624027.670794183,4152,102685.92,101002.94,102687.05,107335.66,102683.97,102695.6,102704.96,102684.92
624027.69124467,4153,102696.88,100988.68,102689.14,107341.45,102682.91,102695.6,102700.93,102692.09
624027.712040689,4154,102682.99,100990.79,102688.09,107331.64,102685.88,102695.6,102713.04,102688.06
624027.732868626,4155,102680.83,100986.74,102689.14,107351.73,102685.03,102694.53,102700.66,102691.04
624027.756645904,4156,102689.15,100990.62,102695.1,107333.41,102681.84,102685.41,102698.78,102695.06
624027.778098296,4157,102682.99,100986.74,102687.05,107330.52,102684.82,102687.29,102700.93,102699.08
624027.797689213,4158,102696.1,100999.78,102689.14,107343.7,102678.87,102689.43,102696.89,102692.97
624027.818177197,4159,102682.99,100992.73,102689.14,107342.57,102675.69,102689.43,102703.89,102689.99
624027.838789829,4160,102689.15,100990.79,102688.09,107339.68,102686.94,102695.6,102697.97,102702.06
624027.859171842,4161,102691.01,100998.89,102695.1,107343.7,102681.84,102693.46,102696.89,102689.99
624027.881120655,4162,102691.01,100991.68,102689.14,107335.66,102683.97,102689.43,102700.93,102697.16
624027.900384257,4163,102684.06,100998.89,102693.17,107335.66,102669.74,102695.6,102696.89,102687.02
624027.924653138,4164,102687.0,100994.84,102681.09,107331.64,102681.0,102697.49,102706.85,102682.99
624027.945061191,4165,102682.99,100997.83,102687.05,107335.66,102682.91,102692.39,102694.74,102678.97
624027.965704028,4166,102691.01,100987.63,102695.1,107338.55,102686.94,102700.45,102702.0,102695.06
624027.986196599,4167,102688.86,100991.68,102693.17,107336.78,102680.78,102687.55,102704.96,102687.02
624028.006791544,4168,102682.99,100996.78,102687.05,107336.78,102677.81,102684.34,102700.93,102696.11
624028.027223083,4169,102681.91,100992.73,102693.17,107341.92,102681.84,102697.49,102696.89,102677.93
624028.04793189,4170,102682.99,100988.68,102697.19,107331.64,102678.87,102685.41,102700.93,102695.06
624028.072019597,4171,102697.18,101004.88,102706.29,107329.39,102678.87,102693.46,102694.74,102688.95
624028.092671328,4172,102691.01,101009.99,102687.05,107328.27,102678.87,102702.59,102703.89,102684.92
624028.113056306,4173,102685.92,100999.78,102680.04,107339.68,102685.88,102690.51,102709.0,102695.06
624028.133738053,4174,102695.02,101004.88,102685.11,107335.66,102678.87,102694.53,102702.0,102692.09
624028.154189141,4175,102692.09,100993.78,102681.09,107335.66,102686.94,102701.52,102699.04,102699.08
624028.175123349,4176,102696.1,101000.83,102691.07,107329.39,102678.87,102693.46,102686.67,102691.04
624028.195194422,4177,102701.19,100998.89,102695.26,107335.66,102681.84,102698.56,102703.89,102687.02
624028.215891612,4178,102688.86,101001.89,102688.09,107327.62,102673.78,102695.6,102709.0,102688.95
624028.240020151,4179,102699.04,101002.94,102691.07,107331.64,102681.0,102687.55,102696.89,102684.92
624028.260634205,4180,102695.02,101002.94,102687.05,107327.62,102681.84,102693.46,102706.85,102700.13
624028.281205826,4181,102691.01,100999.78,102689.14,107327.62,102685.88,102694.53,102700.93,102691.04
624028.3017272,4182,102693.16,101000.83,102690.19,107335.66,102679.93,102693.46,102704.96,102687.9
624028.322157225,4183,102699.04,100996.78,102691.23,107335.66,102673.78,102688.62,102699.04,102699.08
624028.342888276,4184,102699.04,100994.84,102686.16,107332.76,102686.94,102695.6,102696.89,102695.06
624028.363216899,4185,102687.0,101000.83,102697.19,107336.78,102678.87,102701.52,102692.85,102699.08
624028.383883683,4186,102680.83,100997.83,102690.03,107333.41,102686.94,102683.52,102690.97,102703.11
624028.408070911,4187,102695.02,100994.84,102688.09,107334.54,102685.03,102692.39,102694.74,102678.97
624028.428647679,4188,102678.97,100992.73,102687.05,107331.64,102680.78,102689.43,102706.04,102692.09
624028.448773355,4189,102693.16,100991.68,102688.09,107331.64,102678.87,102691.58,102702.0,102687.02
624028.469773543,4190,102700.11,100999.78,102685.11,107327.62,102678.87,102697.49,102713.04,102695.06
624028.4902176,4191,102687.0,101009.99,102685.11,107335.66,102677.81,102690.51,102695.82,102694.01
624028.510795449,4192,102672.81,101000.83,102693.17,107336.78,102678.87,102695.6,102702.0,102695.06
624028.531270383,4193,102684.06,100992.73,102688.09,107331.64,102679.93,102689.43,102703.89,102696.99
624028.551884217,4194,102689.15,100996.78,102688.09,107319.58,102678.87,102688.36,102690.7,102691.04
624028.575605881,4195,102692.09,100992.73,102689.14,107327.62,102677.81,102681.38,102699.85,102691.04
624028.596643235,4196,102682.99,100992.73,102693.17,107332.76,102672.71,102695.6,102693.66,102693.13
624028.616741249,4197,102685.14,101005.94,102688.09,107331.64,102677.81,102691.58,102696.89,102689.11
624028.637803922,4198,102697.18,100995.73,102695.1,107326.5,102678.87,102693.46,102704.96,102696.11
624028.658254429,4199,102684.06,101002.94,102697.19,107334.54,102677.81,102695.6,102706.04,102687.02
624028.679089106,4200,102688.86,100992.73,102693.17,107327.62,102668.68,102699.38,102697.97,102698.04
624028.699740217,4201,102687.0,100998.89,102689.14,107320.71,102678.87,102687.55,102700.93,102692.97
624028.72016826,4202,102682.99,100997.83,102690.19,107321.83,102669.74,102693.46,102706.04,102692.97
624028.743631352,4203,102699.04,101009.99,102683.02,107335.66,102685.88,102686.48,102699.85,102687.02
624028.764118034,4204,102687.0,101006.99,102689.14,107329.87,102692.04,102692.39,102695.82,102703.11
624028.784800722,4205,102693.16,100996.78,102689.14,107327.62,102686.94,102699.63,102696.89,102684.92
624028.805877877,4206,102689.94,101001.89,102695.1,107329.87,102683.97,102695.6,102696.89,102695.06
624028.825862629,4207,102693.16,101001.89,102689.14,107327.62,102675.69,102703.66,102713.04,102689.99
624028.846992564,4208,102693.16,101011.04,102689.14,107334.54,102682.91,102690.51,102696.89,102691.04
624028.867830837,4209,102684.06,101000.83,102688.09,107327.62,102677.81,102692.39,102692.59,102695.06
624028.88784907,4210,102695.02,100989.73,102699.29,107327.62,102682.69,102685.41,102713.04,102687.02
624028.91175303,4211,102687.0,100999.78,102689.14,107328.74,102688.0,102696.67,102700.93,102695.06
624028.932136154,4212,102682.99,101014.04,102688.09,107324.73,102678.87,102691.58,102694.74,102689.99
624028.952785462,4213,102685.92,101003.99,102689.14,107331.64,102681.84,102698.56,102699.85,102693.13
624028.973219274,4214,102687.0,101011.04,102683.02,107322.48,102686.94,102701.52,102696.89,102687.02
624028.995118511,4215,102680.83,101012.98,102685.11,107331.64,102678.87,102693.46,102700.93,102688.95
624029.014309914,4216,102693.16,101001.89,102684.07,107336.78,102679.93,102697.49,102697.97,102687.02
624029.034859812,4217,102682.99,101009.99,102689.14,107331.64,102670.8,102689.43,102702.81,102688.06
624029.05595244,4218,102682.99,101001.89,102697.19,107327.62,102678.87,102686.48,102691.78,102687.02
624029.079685831,4219,102699.04,100998.89,102689.14,107331.64,102680.78,102690.51,102696.89,102688.06
624029.101094747,4220,102688.08,101000.83,102701.22,107330.52,102682.91,102693.46,102701.74,102689.99
624029.120782471,4221,102682.99,101000.83,102680.04,107327.62,102678.87,102694.53,102706.04,102696.11
624029.141178555,4222,102682.99,101008.93,102695.1,107327.62,102681.84,102691.58,102707.92,102696.99
624029.161824127,4223,102684.06,101000.83,102690.19,107320.71,102668.68,102695.6,102704.96,102680.02
624029.182277689,4224,102685.14,101009.99,102686.16,107335.66,102695.01,102698.56,102700.93,102687.02
624029.203032145,4225,102682.99,101002.94,102689.14,107328.74,102679.93,102701.52,102702.81,102692.09
624029.227047323,4226,102687.0,101008.93,102681.09,107327.62,102672.93,102689.43,102704.96,102691.04
624029.247648237,4227,102687.0,101008.93,102693.17,107307.53,102686.94,102689.43,102700.93,102691.04
624029.268105655,4228,102682.99,101002.94,102689.14,107322.48,102679.93,102686.48,102694.74,102692.97
624029.288718327,4229,102682.99,100998.89,102697.19,107319.58,102677.81,102695.6,102694.74,102687.02
624029.309262866,4230,102695.02,101011.04,102692.12,107323.6,102669.74,102694.53,102709.0,102689.11
624029.329841847,4231,102701.19,101009.99,102689.14,107330.52,102673.78,102681.38,102699.85,102691.04
624029.350325634,4232,102677.11,101004.88,102689.14,107319.58,102674.84,102697.49,102687.74,102685.97
624029.370903113,4233,102691.01,101004.88,102681.09,107329.87,102676.75,102694.53,102704.96,102691.04
624029.395036199,4234,102695.02,101017.03,102694.21,107331.64,102681.84,102695.6,102694.74,102695.06
624029.415642101,4235,102695.02,101007.88,102689.14,107319.58,102675.9,102699.63,102692.85,102692.97
624029.436137776,4236,102693.16,101014.04,102688.09,107327.62,102673.78,102693.46,102715.19,102701.18
624029.45675123,4237,102689.94,101002.94,102684.07,107328.74,102669.74,102689.43,102703.89,102689.11
624029.477191421,4238,102701.19,101008.93,102689.14,107319.58,102673.78,102699.63,102696.89,102684.92
624029.497880138,4239,102689.15,101008.93,102699.29,107317.34,102669.74,102693.46,102704.96,102692.97
624029.518288982,4240,102696.1,101004.88,102689.14,107319.58,102682.91,102688.36,102696.89,102699.08
624029.538875515,4241,102692.09,101018.09,102698.24,107320.71,102674.84,102702.59,102696.89,102695.06
624029.563051926,4242,102691.01,101001.89,102695.1,107319.58,102681.0,102695.6,102703.08,102699.08
624029.583697689,4243,102697.96,101009.99,102690.19,107319.58,102676.75,102699.63,102703.08,102692.09
624029.60414502,4244,102684.06,101006.99,102696.15,107327.62,102676.75,102695.6,102706.04,102689.11
624029.624762139,4245,102691.01,101011.04,102678.99,107318.46,102686.94,102695.6,102697.97,102685.97
624029.64520159,4246,102695.02,101009.99,102687.05,107319.58,102677.81,102693.46,102702.0,102694.18
624029.665906051,4247,102691.01,101011.04,102685.11,107319.58,102681.0,102685.41,102696.89,102700.13
624029.686321845,4248,102697.18,101009.99,102693.17,107319.58,102693.95,102690.51,102706.04,102693.13
624029.706927416,4249,102687.0,101000.83,102687.05,107324.73,102668.68,102686.48,102696.89,102693.13
624029.730710834,4250,102682.99,101014.04,102681.09,107315.57,102678.87,102695.6,102700.12,102691.04
624029.751695849,4251,102689.15,101000.83,102686.16,107318.46,102675.9,102693.46,102699.04,102694.01
624029.771780192,4252,102685.92,101006.82,102696.15,107319.58,102682.91,102703.66,102707.92,102685.09
624029.792818267,4253,102695.02,101015.09,102697.19,107320.71,102676.75,102693.46,102702.0,102687.02
624029.813229074,4254,102692.87,101006.99,102697.19,107323.6,102686.94,102691.58,102692.85,102700.13
624029.833884241,4255,102688.08,101007.88,102705.24,107315.57,102672.71,102700.7,102706.04,102677.93
624029.854272834,4256,102690.23,101008.93,102690.19,107316.69,102686.94,102695.6,102707.11,102692.09
624029.87487475,4257,102691.01,101012.98,102691.07,107319.58,102686.94,102695.35,102706.04,102700.13
624029.898649785,4258,102691.01,101022.14,102690.19,107319.58,102670.8,102697.49,102707.11,102695.06
624029.919759759,4259,102689.15,100999.78,102688.09,107319.58,102677.81,102695.6,102700.93,102696.11
624029.939904463,4260,102691.01,101010.87,102686.16,107315.57,102674.84,102695.6,102706.04,102699.08
624029.960831521,4261,102701.19,101012.98,102688.09,107304.63,102686.94,102691.58,102699.04,102687.02
624029.981198001,4262,102681.13,101015.09,102690.19,107319.58,102680.78,102698.56,102693.93,102684.04
624030.001899166,4263,102691.01,101008.93,102689.14,107317.81,102677.81,102697.49,102696.89,102684.04
624030.022339378,4264,102689.15,101012.98,102689.14,107320.71,102682.91,102697.49,102699.04,102695.06
624030.0429521,4265,102687.0,101019.14,102693.17,107318.46,102673.78,102694.53,102694.74,102685.97
624030.066669337,4266,102699.04,101001.89,102680.04,107312.67,102681.84,102703.66,102696.89,102685.97
624030.087099484,4267,102685.92,101012.98,102699.29,107312.67,102690.98,102690.51,102706.04,102687.02
624030.107772246,4268,102693.16,101018.09,102690.19,107302.39,102678.87,102691.58,102704.96,102696.11
624030.128811974,4269,102681.91,101019.14,102678.99,107318.46,102680.78,102689.43,102694.74,102682.99
624030.149145554,4270,102689.15,101001.89,102689.14,107307.53,102673.78,102694.53,102699.04,102681.95
624030.169906831,4271,102689.15,101009.99,102697.19,107319.58,102679.93,102695.6,102700.93,102689.11
624030.189867437,4272,102696.1,101014.04,102690.19,107307.53,102678.87,102693.46,102699.04,102687.02
624030.210951783,4273,102700.11,101014.04,102685.11,107315.57,102686.94,102689.43,102696.89,102687.02
624030.234665625,4274,102691.01,101009.99,102695.1,107319.58,102678.87,102692.65,102691.78,102684.04
624030.255112947,4275,102687.0,101007.88,102683.18,107306.41,102678.87,102695.6,102704.96,102693.13
624030.275729125,4276,102691.01,101001.89,102681.09,107314.44,102678.87,102692.39,102697.97,102687.02
624030.29621828,4277,102700.11,101017.03,102693.17,107315.57,102678.87,102697.74,102696.89,102688.06
624030.316848819,4278,102695.02,101015.09,102697.19,107304.63,102670.8,102689.43,102707.11,102691.04
624030.337864941,4279,102682.99,101025.13,102689.14,107307.53,102685.88,102698.56,102696.89,102688.06
624030.357915804,4280,102684.85,101007.88,102686.16,107303.51,102677.81,102689.43,102707.11,102688.06
624030.378965968,4281,102685.14,101012.98,102690.19,107311.55,102669.74,102689.43,102703.89,102699.08
624030.402703535,4282,102695.02,101008.93,102689.14,107315.57,102680.78,102699.63,102700.93,102694.01
624030.423135544,4283,102685.14,101018.09,102694.21,107319.58,102677.81,102685.41,102695.01,102695.06
624030.443757601,4284,102684.06,101014.04,102680.04,107303.51,102686.94,102691.58,102696.89,102697.16
624030.464239065,4285,102687.0,101019.14,102690.19,107304.63,102678.87,102701.52,102700.93,102688.06
624030.484833058,4286,102685.14,101004.88,102691.23,107303.51,102685.03,102691.58,102700.93,102704.15
624030.505361583,4287,102687.0,101007.88,102689.14,107315.57,102681.0,102694.53,102695.82,102688.06
624030.525881946,4288,102678.97,101012.98,102687.21,107304.63,102680.78,102685.41,102706.04,102687.02
624030.550071457,4289,102699.04,101012.98,102690.19,107303.51,102677.81,102686.48,102696.89,102687.02
624030.570673143,4290,102693.16,101002.77,102686.0,107308.65,102689.07,102694.53,102696.89,102688.06
624030.591133144,4291,102689.15,101011.93,102689.14,107305.76,102682.91,102690.51,102699.04,102688.06
624030.611734169,4292,102682.99,101011.04,102685.11,107296.6,102682.91,102693.46,102706.04,102688.06
624030.6322933,4293,102691.01,101015.09,102689.14,107308.65,102681.0,102700.7,102703.08,102703.11
624030.65289095,4294,102691.01,101026.19,102689.14,107321.83,102678.87,102693.46,102703.08,102689.11
624030.673276999,4295,102685.92,101011.93,102691.23,107299.49,102679.93,102693.46,102706.04,102692.09
624030.694280161,4296,102692.09,101015.09,102687.21,107307.53,102678.87,102695.6,102706.04,102697.16
624030.718141757,4297,102682.99,101012.98,102692.12,107303.51,102683.97,102694.53,102704.96,102699.08
624030.738703782,4298,102677.9,101018.09,102688.09,107321.83,102681.0,102687.55,102706.04,102691.04
624030.759149042,4299,102689.94,101025.13,102689.14,107303.51,102682.91,102693.46,102699.04,102687.02
624030.77977938,4300,102682.2,101026.19,102694.21,107304.63,102679.93,102701.52,102707.11,102688.06
624030.800285141,4301,102687.0,101011.04,102697.19,107303.51,102662.73,102698.56,102703.08,102699.08
624030.82085607,4302,102680.05,101017.03,102687.21,107308.65,102677.81,102698.56,102707.11,102688.06
624030.841254829,4303,102696.88,101018.09,102692.12,107303.51,102678.87,102692.39,102703.08,102689.11
624030.861893721,4304,102689.15,101009.99,102698.24,107304.63,102682.91,102701.52,102700.93,102688.06
624030.886089461,4305,102691.01,101012.98,102685.11,107303.51,102681.84,102693.46,102707.11,102698.04
624030.906788825,4306,102695.02,101011.04,102689.14,107295.47,102678.87,102695.6,102702.0,102703.11
624030.927266883,4307,102691.01,101008.93,102684.07,107303.51,102678.87,102686.48,102699.04,102682.99
624030.947856751,4308,102697.96,101014.04,102684.07,107296.6,102680.78,102696.42,102709.0,102688.06
624030.968503805,4309,102680.83,101015.09,102689.14,107304.63,102670.8,102687.55,102700.93,102687.02
624030.9889532,4310,102682.99,101019.14,102682.13,107295.47,102677.81,102693.46,102703.08,102697.16
624031.009314913,4311,102691.01,101009.99,102699.29,107313.79,102675.9,102691.58,102697.97,102688.06
624031.029918591,4312,102690.23,101018.09,102695.1,107297.72,102682.91,102695.6,102696.89,102701.18
624031.054111408,4313,102692.87,101011.93,102688.09,107303.51,102677.81,102687.55,102696.89,102697.16
624031.07471083,4314,102684.85,101014.04,102687.05,107299.49,102689.07,102689.43,102697.97,102693.13
624031.095175218,4315,102687.0,101026.19,102689.14,107303.51,102683.97,102689.43,102707.11,102696.11
624031.11591364,4316,102685.92,101018.09,102688.09,107295.47,102682.91,102688.62,102709.0,102696.11
624031.136318919,4317,102691.01,101025.13,102693.17,107303.51,102679.93,102691.58,102700.93,102695.06
624031.1568848,4318,102691.01,101033.23,102689.14,107299.49,102674.84,102704.73,102696.89,102695.06
624031.177310019,4319,102684.06,101023.03,102692.12,107299.49,102670.8,102692.39,102690.97,102684.04
624031.198567656,4320,102687.0,101014.92,102688.09,107299.49,102677.81,102698.56,102706.04,102693.13
624031.221681812,4321,102682.99,101010.87,102689.14,107303.51,102682.91,102695.6,102715.19,102687.02
624031.242727669,4322,102685.14,101008.93,102693.17,107295.47,102678.87,102695.6,102700.93,102687.02
624031.262853495,4323,102692.09,101025.13,102697.19,107304.63,102688.0,102695.6,102699.04,102684.04
624031.283813923,4324,102682.99,101017.03,102690.19,107304.63,102678.87,102691.58,102702.0,102682.99
624031.30437731,4325,102701.19,101012.98,102693.17,107303.51,102674.84,102690.51,102699.04,102689.11
624031.324862009,4326,102685.14,101006.82,102687.05,107295.47,102668.68,102687.55,102707.11,102689.11
624031.345347749,4327,102693.16,101025.13,102696.15,107304.63,102679.93,102696.67,102699.04,102682.99
624031.365936385,4328,102684.85,101025.13,102689.14,107291.46,102677.81,102694.53,102695.01,102692.09
624031.389752251,4329,102684.06,101012.98,102689.14,107297.72,102682.91,102700.7,102690.97,102685.97
624031.410789055,4330,102687.0,101003.83,102693.17,107303.51,102679.93,102691.58,102702.0,102697.16
624031.430810533,4331,102695.02,101011.93,102701.22,107301.74,102685.03,102695.6,102695.01,102692.09
624031.451831863,4332,102684.85,101018.09,102693.17,107303.51,102685.88,102685.41,102711.15,102693.13
624031.47198472,4333,102682.99,101025.13,102693.17,107300.61,102681.84,102685.41,102707.11,102687.02
624031.492896625,4334,102687.0,101024.08,102693.17,107293.7,102676.75,102698.56,102707.11,102697.16
624031.513037674,4335,102697.18,101010.87,102689.14,107300.61,102681.84,102699.63,102700.93,102692.09
624031.533985743,4336,102691.01,101029.18,102681.09,107303.51,102689.07,102691.58,102697.97,102687.02
624031.557830513,4337,102695.02,101023.03,102701.22,107300.61,102674.84,102694.53,102699.04,102693.13
624031.578152015,4338,102686.22,101017.03,102689.14,107304.63,102679.93,102693.46,102704.96,102692.09
624031.598765479,4339,102695.02,101014.92,102688.09,107301.74,102689.07,102694.53,102703.08,102692.09
624031.619213973,4340,102681.91,101029.18,102689.14,107295.47,102677.81,102701.52,102702.0,102682.99
624031.639913446,4341,102682.99,101025.13,102689.14,107295.47,102678.87,102694.53,102702.0,102687.02
624031.660902688,4342,102682.99,101028.13,102691.07,107291.46,102678.87,102696.67,102689.89,102688.06
624031.681042805,4343,102695.02,101014.92,102685.11,107296.6,102686.94,102693.46,102706.04,102687.02
624031.702006588,4344,102687.0,101033.23,102685.11,107291.46,102674.84,102693.46,102693.93,102697.16
624031.725730175,4345,102685.14,101008.93,102687.05,107288.56,102685.03,102694.53,102699.04,102692.09
624031.746157687,4346,102688.86,101027.24,102695.1,107296.6,102679.93,102697.74,102707.11,102685.09
624031.766807575,4347,102691.01,101025.13,102695.26,107297.72,102676.75,102693.46,102697.97,102693.13
624031.787231032,4348,102699.04,101011.93,102693.17,107299.49,102681.0,102694.53,102692.04,102687.02
624031.807935232,4349,102695.02,101007.88,102702.27,107303.51,102677.81,102698.56,102702.0,102678.97
624031.828337396,4350,102689.15,101018.09,102689.14,107295.47,102681.0,102682.45,102703.08,102689.11
624031.848932031,4351,102682.99,101024.08,102689.14,107303.51,102674.84,102696.67,102699.04,102687.02
624031.873099319,4352,102688.08,101012.98,102689.14,107296.6,102677.81,102687.55,102702.0,102680.02
624031.893713603,4353,102685.92,101017.03,102689.14,107289.68,102673.78,102702.59,102688.82,102697.16
624031.914190791,4354,102688.08,101025.13,102689.14,107291.46,102690.98,102694.53,102704.96,102692.09
624031.934862081,4355,102684.06,101013.87,102685.11,107291.46,102686.94,102690.51,102695.01,102692.09
624031.955299429,4356,102701.19,101017.03,102697.19,107293.7,102671.86,102699.63,102704.96,102695.06
624031.976131733,4357,102685.14,101025.13,102683.02,107300.61,102682.91,102699.63,102702.0,102703.11
624031.996407506,4358,102691.01,101029.18,102704.2,107303.51,102678.87,102692.65,102693.93,102693.13
624032.016986787,4359,102703.05,101017.03,102689.14,107291.46,102682.91,102691.58,102702.0,102687.02
624032.041121766,4360,102692.09,101029.18,102683.02,107288.56,102686.94,102695.6,102692.85,102689.11
624032.061772907,4361,102695.02,101023.03,102683.02,107295.47,102682.91,102692.65,102693.93,102691.04
624032.082229483,4362,102700.11,101025.13,102690.19,107295.47,102679.93,102711.71,102696.89,102692.09
624032.102910148,4363,102696.1,101017.03,102687.05,107287.44,102679.93,102695.6,102684.78,102705.2
624032.123462088,4364,102701.19,101025.13,102685.11,107288.56,102678.87,102691.58,102709.0,102684.04
624032.143982291,4365,102695.02,101026.19,102689.14,107291.46,102679.93,102699.63,102699.04,102698.2
624032.164374369,4366,102682.99,101025.13,102689.14,107291.46,102677.81,102695.6,102703.08,102700.13
624032.18553513,4367,102691.01,101017.03,102690.19,107287.44,102676.96,102695.6,102703.08,102684.92
624032.20911515,4368,102699.04,101017.03,102688.09,107295.47,102670.8,102691.58,102697.97,102693.13
624032.229750376,4369,102687.0,101026.19,102690.19,107289.21,102678.87,102695.6,102689.89,102690.16
624032.250236987,4370,102676.82,101019.14,102689.14,107299.49,102666.77,102691.58,102703.08,102687.02
624032.270882419,4371,102691.01,101026.19,102689.14,107296.6,102682.91,102687.55,102699.04,102693.13
624032.291329841,4372,102682.99,101017.03,102692.12,107292.58,102678.87,102695.6,102701.19,102690.16
624032.311940841,4373,102691.01,101026.19,102689.14,107295.94,102678.87,102689.43,102702.0,102695.06
624032.332388243,4374,102691.01,101027.24,102689.14,107299.49,102686.94,102691.58,102704.96,102689.11
624032.353122039,4375,102687.0,101027.24,102699.29,107291.46,102683.97,102699.63,102699.04,102701.18
624032.376796231,4376,102691.01,101014.04,102693.17,107297.72,102684.82,102695.6,102700.12,102693.13
624032.397778382,4377,102691.01,101015.98,102693.17,107299.49,102678.87,102692.65,102711.15,102693.13
624032.418254217,4378,102695.02,101029.18,102683.18,107287.44,102686.94,102699.63,102696.89,102689.11
624032.438825908,4379,102687.0,101026.19,102689.14,107288.56,102682.91,102699.63,102693.93,102697.16
624032.459291898,4380,102681.13,101019.14,102692.12,107293.7,102685.03,102691.58,102697.97,102687.02
624032.479918521,4381,102695.02,101017.03,102697.19,107283.42,102678.87,102689.69,102704.96,102688.06
624032.500338161,4382,102691.01,101026.19,102697.19,107287.44,102685.03,102695.6,102688.82,102693.13
624032.521037565,4383,102685.14,101026.19,102689.14,107292.58,102678.87,102691.58,102695.01,102691.04
624032.545058361,4384,102701.19,101027.24,102697.19,107296.6,102670.8,102695.6,102700.93,102693.13
624032.565743683,4385,102695.02,101011.04,102694.21,107288.56,102679.93,102694.53,102706.04,102693.13
624032.585867326,4386,102680.83,101022.14,102690.19,107293.7,102674.84,102694.53,102696.89,102689.99
624032.606903589,4387,102691.01,101042.39,102687.05,107295.47,102670.8,102688.62,102699.04,102696.11
624032.627010836,4388,102691.01,101018.09,102689.14,107291.46,102681.0,102698.56,102707.11,102689.11
624032.647903492,4389,102682.99,101026.19,102689.14,107296.6,102678.87,102679.49,102695.01,102699.08
624032.66838107,4390,102678.97,101033.23,102691.23,107285.66,102674.84,102693.46,102703.08,102685.09
624032.688970927,4391,102687.0,101018.09,102681.09,107288.56,102681.0,102694.53,102707.11,102680.02
624032.712751611,4392,102681.91,101026.19,102685.11,107287.44,102674.84,102695.6,102696.89,102688.06
624032.733791709,4393,102681.91,101034.29,102689.14,107287.44,102681.0,102704.73,102697.97,102694.18
624032.754249677,4394,102695.02,101029.18,102687.05,107287.44,102688.0,102695.6,102688.82,102689.11
624032.774879906,4395,102687.0,101019.14,102688.09,107287.44,102686.94,102691.58,102699.04,102693.13
624032.794910829,4396,102676.82,101022.14,102689.14,107292.58,102686.94,102692.65,102699.04,102692.09
624032.815943786,4397,102697.18,101036.4,102693.17,107276.5,102679.93,102692.65,102699.04,102687.02
624032.836414895,4398,102685.14,101031.29,102685.11,107280.52,102693.1,102702.59,102700.12,102691.04
624032.856973845,4399,102684.06,101027.24,102689.14,107295.47,102669.74,102696.67,102690.97,102680.02
624032.880745485,4400,102687.0,101027.24,102685.11,107287.44,102670.8,102693.72,102699.04,102696.11
624032.901230143,4401,102695.02,101031.29,102684.07,107288.56,102671.86,102695.6,102699.04,102689.11
624032.921850748,4402,102682.99,101025.13,102689.14,107289.68,102683.97,102703.66,102701.19,102695.06
624032.942326142,4403,102691.01,101018.09,102686.16,107279.4,102675.9,102695.6,102700.12,102699.25
624032.962978765,4404,102684.06,101025.13,102684.07,107287.44,102690.13,102689.69,102699.04,102688.06
624032.983941176,4405,102700.11,101034.29,102687.05,107288.56,102678.87,102685.41,102700.12,102688.06
624033.003920691,4406,102687.0,101034.29,102687.21,107291.46,102685.03,102695.6,102697.97,102687.02
624033.025009453,4407,102682.99,101035.34,102691.23,107284.54,102686.94,102691.58,102700.12,102684.04
624033.048793932,4408,102684.85,101034.29,102700.17,107278.28,102672.93,102695.6,102703.08,102685.97
624033.069232631,4409,102692.09,101033.23,102690.19,107291.46,102689.07,102695.6,102697.97,102688.06
624033.089798592,4410,102687.0,101025.13,102695.26,107287.44,102681.0,102691.58,102709.27,102693.13
624033.110309711,4411,102690.23,101021.08,102694.21,107289.68,102670.8,102695.6,102700.12,102688.06
624033.130891817,4412,102682.99,101024.08,102694.21,107287.44,102678.87,102687.55,102704.15,102689.11
624033.151380522,4413,102685.14,101033.23,102683.18,107284.54,102678.87,102691.58,102699.04,102689.11
624033.172046525,4414,102687.0,101029.18,102685.11,107291.46,102681.0,102690.51,102706.3,102692.09
624033.1961396,4415,102695.02,101030.24,102690.19,107285.66,102686.94,102695.6,102697.16,102697.16
624033.217080679,4416,102682.99,101033.23,102685.11,107294.35,102682.91,102703.66,102700.12,102693.13
624033.237195829,4417,102682.99,101026.19,102689.14,107288.56,102678.87,102691.58,102707.11,102693.13
624033.257874751,4418,102689.15,101025.13,102695.26,107286.32,102677.81,102693.46,102701.19,102685.09
624033.278360181,4419,102700.11,101035.34,102697.19,107280.52,102685.03,102700.7,102700.12,102685.97
624033.298978452,4420,102687.0,101024.08,102687.21,107278.28,102679.93,102692.65,102700.12,102689.11
624033.319345783,4421,102687.0,101017.03,102684.07,107284.54,102664.86,102695.6,102701.19,102691.04
624033.340123465,4422,102699.04,101033.23,102688.09,107297.72,102685.03,102693.46,102697.97,102685.09
624033.36415693,4423,102687.0,101019.14,102694.21,107271.36,102678.87,102695.6,102703.08,102693.13
624033.384782522,4424,102685.92,101030.24,102686.16,107285.66,102685.88,102695.6,102701.19,102689.11
624033.405249644,4425,102691.01,101029.18,102695.26,107281.64,102670.8,102695.6,102700.12,102689.11
624033.425845471,4426,102695.02,101024.08,102689.14,107288.56,102685.03,102693.46,102705.23,102691.04
624033.446307114,4427,102682.99,101026.19,102677.95,107291.46,102677.81,102691.58,102700.93,102691.04
624033.467446834,4428,102693.16,101026.19,102684.07,107280.52,102670.8,102687.55,102705.23,102697.16
624033.487481632,4429,102701.19,101042.39,102689.14,107287.44,102671.86,102694.53,102700.12,102696.11
624033.508121576,4430,102692.09,101033.23,102691.07,107287.44,102683.12,102691.58,102695.01,102686.13
624033.532142472,4431,102682.99,101025.13,102692.12,107284.54,102671.86,102698.56,102707.11,102695.06
624033.552771078,4432,102701.19,101033.23,102681.09,107287.44,102681.0,102697.74,102699.04,102688.95
624033.57321129,4433,102691.01,101030.24,102685.11,107287.44,102670.8,102694.53,102699.04,102688.06
624033.593880207,4434,102687.0,101033.23,102689.14,107280.52,102670.8,102695.6,102704.15,102705.2
624033.614455683,4435,102691.01,101015.09,102687.05,107281.64,102682.91,102690.51,102703.08,102697.16
624033.635016196,4436,102682.99,101025.13,102690.19,107285.66,102679.93,102687.55,102699.04,102697.16
624033.655379652,4437,102695.02,101024.08,102689.14,107288.56,102681.0,102691.58,102704.15,102704.15
624033.676109421,4438,102682.99,101028.13,102693.17,107283.42,102681.0,102701.52,102709.27,102689.11
624033.700188075,4439,102682.99,101035.34,102692.12,107288.56,102679.93,102693.46,102700.12,102695.06
624033.720851103,4440,102685.14,101035.34,102697.19,107287.44,102669.74,102699.63,102705.23,102691.04
624033.741299046,4441,102693.16,101026.19,102689.14,107280.52,102677.81,102698.56,102700.12,102690.16
624033.76190628,4442,102682.99,101027.24,102685.11,107288.56,102686.94,102690.51,102692.04,102688.06
624033.782365911,4443,102701.19,101032.18,102689.14,107279.4,102681.0,102691.58,102702.0,102685.09
624033.802985604,4444,102685.14,101033.23,102691.07,107287.44,102678.87,102699.63,102710.34,102689.11
624033.823463422,4445,102690.23,101035.34,102687.05,107283.42,102670.8,102695.6,102703.08,102687.02
624033.844114402,4446,102685.14,101028.13,102689.14,107275.38,102678.87,102687.55,102705.23,102689.11
624033.867744568,4447,102682.99,101026.19,102689.14,107280.52,102671.86,102699.63,102708.19,102688.06
624033.888785167,4448,102684.06,101031.29,102689.14,107284.54,102670.8,102685.41,102699.04,102688.06
624033.909315855,4449,102691.01,101025.13,102689.14,107283.42,102679.93,102697.74,102693.93,102699.08
624033.929899033,4450,102685.92,101027.24,102693.17,107287.44,102681.0,102703.66,102696.08,102689.11
624033.95043594,4451,102684.85,101037.29,102687.05,107275.38,102670.8,102694.53,102699.04,102695.06
624033.970943323,4452,102685.92,101018.09,102673.03,107288.56,102681.0,102691.58,102699.04,102689.11
624033.991401883,4453,102685.14,101042.39,102691.23,107273.61,102678.87,102695.6,102702.0,102688.06
624034.012139944,4454,102693.16,101023.03,102689.14,107276.5,102679.93,102698.56,102707.11,102697.16
624034.03588889,4455,102678.97,101035.34,102693.17,107287.44,102678.87,102698.56,102701.19,102689.11
624034.05744605,4456,102699.04,101030.24,102691.23,107280.52,102682.91,102689.43,102704.15,102691.04
624034.076858427,4457,102682.99,101025.13,102686.16,107292.58,102679.93,102697.49,102701.19,102689.11
624034.097959928,4458,102694.24,101039.39,102690.19,107284.54,102682.91,102690.51,102700.12,102699.08
624034.117975187,4459,102689.94,101045.39,102689.14,107288.56,102681.0,102690.51,102704.15,102691.04
624034.13908416,4460,102684.85,101033.23,102684.07,107289.68,102679.93,102691.58,102707.38,102689.11
624034.159447796,4461,102685.92,101029.18,102681.09,107288.56,102676.96,102699.63,102692.04,102695.06
624034.180072426,4462,102701.19,101033.23,102697.19,107276.5,102683.97,102687.55,102704.15,102693.13
624034.203821542,4463,102695.02,101026.19,102693.17,107284.54,102685.88,102696.67,102700.12,102687.02
624034.224219289,4464,102687.0,101037.29,102687.05,107272.49,102674.84,102693.46,102697.16,102688.06
624034.244863549,4465,102684.85,101040.28,102693.17,107289.68,102690.13,102693.46,102705.23,102693.13
624034.265317711,4466,102691.01,101041.34,102689.14,107288.56,102681.0,102693.46,102709.27,102688.06
624034.286326943,4467,102699.04,101032.18,102689.14,107288.56,102681.0,102685.41,102701.19,102691.04
624034.306968559,4468,102687.0,101026.19,102690.19,107287.44,102672.93,102686.48,102699.04,102701.18
624034.327339025,4469,102681.91,101026.19,102689.14,107287.44,102665.71,102694.53,102709.27,102693.13
624034.351196224,4470,102689.15,101029.18,102689.14,107279.4,102686.94,102703.66,102709.27,102700.13
624034.371902588,4471,102695.02,101042.39,102681.09,107281.64,102679.93,102695.6,102702.0,102697.16
624034.392243229,4472,102695.02,101042.39,102692.12,107276.5,102681.0,102696.67,102697.16,102694.18
624034.412880078,4473,102688.08,101037.29,102685.11,107289.68,102681.0,102703.66,102703.08,102702.22
624034.433335622,4474,102693.16,101045.39,102689.14,107275.38,102678.87,102685.41,102699.04,102687.02
624034.453929706,4475,102693.16,101032.18,102697.19,107287.44,102681.0,102689.43,102707.11,102689.11
624034.474518773,4476,102687.0,101025.13,102691.07,107280.52,102673.78,102691.58,102696.89,102697.16
624034.495324737,4477,102695.02,101037.29,102699.12,107287.44,102674.84,102688.62,102700.12,102691.04
624034.519154004,4478,102701.19,101031.13,102690.19,107289.68,102689.07,102695.6,102709.27,102691.2
624034.53976881,4479,102689.94,101027.24,102693.17,107288.56,102681.0,102689.43,102711.15,102693.13
624034.560282372,4480,102689.94,101028.13,102687.05,107283.42,102686.94,102694.53,102691.78,102698.2
624034.580887012,4481,102687.0,101035.34,102691.23,107289.68,102685.03,102700.7,102700.12,102689.11
624034.602150088,4482,102691.01,101024.08,102691.23,107280.52,102676.75,102687.55,102699.04,102697.16
624034.622052256,4483,102687.0,101037.29,102691.23,107280.52,102681.0,102692.65,102699.04,102688.06
624034.642541501,4484,102682.99,101029.18,102692.12,107271.36,102670.8,102692.39,102699.04,102693.13
624034.663242797,4485,102689.94,101047.5,102689.14,107279.4,102678.87,102693.46,102700.12,102701.18
624034.687167048,4486,102693.95,101035.34,102689.14,107289.68,102681.0,102693.46,102692.04,102697.16
624034.707844768,4487,102682.99,101031.29,102693.17,107281.64,102662.73,102693.46,102710.08,102690.16
624034.728307824,4488,102692.87,101043.44,102690.19,107282.77,102677.81,102695.6,102695.01,102695.23
624034.748927807,4489,102691.01,101029.18,102690.19,107289.68,102677.81,102686.48,102704.15,102697.16
624034.769343191,4490,102687.0,101033.23,102689.14,107281.64,102667.83,102679.49,102707.11,102689.11
624034.7899929,4491,102693.16,101045.39,102685.11,107279.4,102679.93,102691.58,102709.27,102687.02
624034.810483217,4492,102701.19,101042.39,102688.09,107288.56,102682.91,102691.58,102703.08,102688.06
624034.831069509,4493,102696.1,101035.34,102702.27,107277.63,102683.97,102691.58,102701.19,102697.16
624034.855180692,4494,102693.16,101031.29,102689.14,107276.5,102670.8,102692.65,102699.04,102707.29
624034.875824131,4495,102692.09,101043.44,102681.09,107279.4,102677.81,102704.73,102703.08,102689.11
624034.896304924,4496,102680.83,101035.34,102690.19,107281.64,102683.97,102697.74,102711.15,102695.06
624034.916955033,4497,102682.99,101037.29,102690.19,107280.52,102686.94,102694.53,102707.11,102699.08
624034.937355414,4498,102691.01,101041.34,102689.14,107283.42,102678.87,102685.41,102707.11,102694.18
624034.957969919,4499,102684.06,101034.29,102694.21,107281.64,102679.93,102694.53,102699.04,102690.16
624034.978525124,4500,102695.02,101049.44,102694.21,107288.56,102681.0,102691.58,102699.04,102693.13
624034.999007029,4501,102682.99,101034.29,102686.16,107280.52,102669.74,102682.45,102699.04,102696.11
624035.023273977,4502,102688.08,101031.29,102689.14,107279.4,102679.93,102695.6,102709.27,102689.11
624035.043892168,4503,102685.14,101043.44,102687.05,107270.24,102678.87,102695.6,102699.04,102682.99
624035.064288513,4504,102695.02,101035.34,102692.12,107280.52,102682.91,102688.62,102700.12,102689.11
624035.085078132,4505,102681.91,101027.24,102690.19,107280.52,102682.91,102696.67,102699.04,102700.13
624035.105380425,4506,102694.24,101030.24,102687.05,107279.4,102678.87,102707.68,102701.19,102693.13
624035.125972246,4507,102685.92,101034.29,102698.24,107279.4,102671.86,102703.66,102699.04,102696.11
624035.146435372,4508,102693.16,101033.23,102683.02,107275.38,102682.91,102693.46,102700.12,102689.11
624035.167072291,4509,102682.99,101033.23,102688.09,107272.49,102682.91,102696.67,102700.12,102698.2
624035.190783259,4510,102687.0,101035.34,102684.07,107280.52,102678.87,102687.55,102695.01,102684.04
624035.211860814,4511,102699.04,101047.5,102696.15,107275.38,102679.93,102691.58,102695.01,102689.11
624035.231991998,4512,102677.9,101032.18,102680.04,107280.52,102675.9,102708.75,102697.97,102691.04
624035.252896282,4513,102692.09,101039.39,102683.18,107288.56,102686.94,102697.74,102707.11,102693.13
624035.273389223,4514,102697.18,101039.23,102689.14,107279.4,102685.88,102692.65,102703.08,102699.25
624035.294263751,4515,102701.19,101035.34,102689.14,107275.38,102686.94,102691.58,102707.11,102680.02
624035.315688161,4516,102695.02,101035.34,102683.02,107280.52,102678.87,102691.58,102701.19,102689.11
624035.334992745,4517,102693.16,101043.44,102689.14,107271.36,102686.94,102697.49,102709.27,102693.13
624035.358788541,4518,102682.99,101035.34,102691.23,107279.4,102679.93,102694.53,102708.19,102682.99
624035.379831193,4519,102680.83,101043.44,102689.14,107275.38,102678.87,102694.53,102695.01,102691.04
624035.399895947,4520,102695.02,101033.23,102687.21,107284.54,102679.93,102695.6,102707.11,102695.23
624035.420964248,4521,102682.99,101033.23,102694.21,107284.54,102675.69,102690.51,102690.97,102681.07
624035.44098822,4522,102689.94,101043.44,102689.14,107279.4,102688.0,102691.58,102703.08,102695.06
624035.461995279,4523,102697.18,101034.29,102697.19,107273.61,102676.75,102683.52,102697.97,102699.25
624035.482559929,4524,102687.0,101038.34,102697.19,107276.5,102675.9,102687.55,102705.23,102689.11
624035.50333063,4525,102695.02,101043.44,102693.17,107287.44,102686.94,102688.62,102702.0,102692.09
624035.526804168,4526,102681.91,101041.34,102685.11,107289.68,102670.8,102699.63,102705.23,102698.2
624035.547276669,4527,102682.99,101041.34,102682.13,107277.63,102678.87,102687.55,102697.97,102684.04
624035.567899476,4528,102674.96,101043.44,102689.14,107271.36,102674.84,102694.53,102696.08,102697.16
624035.588351055,4529,102684.85,101033.23,102685.11,107273.61,102683.97,102695.6,102700.12,102689.11
624035.608983277,4530,102689.15,101043.44,102699.29,107271.36,102678.87,102700.7,102703.08,102689.11
624035.629982483,4531,102689.15,101038.34,102682.13,107276.5,102679.93,102687.55,102701.19,102685.09
624035.65001647,4532,102691.01,101032.18,102690.19,107267.35,102678.87,102703.66,102699.04,102689.11
624035.674357491,4533,102691.01,101023.19,102694.21,107276.5,102681.84,102695.6,102697.97,102687.18
624035.695071096,4534,102682.99,101033.23,102689.14,107273.61,102672.71,102695.6,102699.04,102688.06
624035.715265185,4535,102687.0,101035.34,102682.13,107271.83,102678.87,102695.6,102699.04,102689.11
624035.735870787,4536,102682.99,101034.29,102691.23,107273.61,102681.0,102694.53,102694.19,102689.11
624035.756377659,4537,102685.92,101044.5,102689.14,107278.75,102678.87,102689.69,102688.01,102701.18
624035.776941207,4538,102689.15,101033.23,102694.21,107271.36,102669.74,102695.6,102699.04,102693.13
624035.797397363,4539,102691.01,101043.44,102682.13,107269.59,102681.84,102694.53,102699.04,102688.06
624035.818040411,4540,102681.13,101041.34,102689.14,107273.61,102676.75,102685.41,102695.01,102693.13
624035.84224191,4541,102684.06,101042.39,102682.13,107265.57,102671.86,102697.74,102693.93,102684.04
624035.862808513,4542,102687.0,101035.34,102699.29,107267.81,102678.87,102696.67,102707.11,102691.04
624035.883293742,4543,102688.08,101034.29,102697.19,107272.49,102678.87,102699.63,102703.08,102689.11
624035.903912444,4544,102689.15,101034.29,102694.21,107273.61,102678.87,102704.73,102699.04,102684.04
624035.924947475,4545,102684.06,101031.29,102689.14,107276.5,102666.77,102699.63,102700.12,102698.2
624035.944965989,4546,102681.91,101038.34,102693.17,107271.83,102670.8,102691.58,102690.97,102696.11
624035.965388063,4547,102685.92,101042.39,102689.14,107271.36,102669.74,102699.63,102711.15,102689.11
624035.986162449,4548,102693.16,101042.39,102687.21,107268.47,102677.81,102696.67,102699.04,102681.07
624036.010220532,4549,102693.16,101017.03,102689.14,107264.45,102674.84,102695.6,102700.12,102690.16
624036.030835768,4550,102688.86,101037.29,102689.14,107271.36,102688.0,102695.6,102706.04,102693.13
624036.051265444,4551,102696.88,101041.34,102689.14,107271.36,102678.87,102694.53,102698.23,102690.16
624036.072133722,4552,102691.01,101043.44,102697.19,107277.63,102677.81,102700.7,102696.08,102689.11
624036.09238617,4553,102681.91,101041.34,102689.14,107272.49,102678.87,102689.43,102699.04,102697.16
624036.112978792,4554,102687.0,101045.39,102685.11,107272.49,102678.87,102695.6,102697.97,102689.11
624036.133402979,4555,102695.02,101050.49,102688.09,107271.83,102678.87,102687.55,102701.19,102689.11
624036.154109634,4556,102691.01,101038.34,102689.14,107273.61,102678.87,102699.63,102709.27,102692.09
624036.179073015,4557,102695.02,101043.44,102687.21,107269.59,102676.96,102696.67,102696.08,102687.02
624036.198906529,4558,102687.0,101042.39,102689.14,107268.47,102686.94,102691.58,102703.08,102692.09
624036.219310396,4559,102692.09,101043.44,102685.11,107273.61,102678.87,102695.6,102707.11,102681.07
624036.239933804,4560,102685.14,101040.28,102689.14,107261.55,102681.0,102688.62,102706.04,102693.13
624036.260387366,4561,102682.99,101040.28,102686.16,107254.64,102678.87,102693.46,102688.82,102701.18
624036.281045206,4562,102685.14,101040.28,102693.17,107257.53,102674.84,102695.6,102707.11,102682.11
624036.301415562,4563,102692.09,101043.44,102683.02,107257.53,102674.84,102694.53,102695.01,102692.09
624036.322054925,4564,102702.27,101049.44,102681.09,107257.53,102683.97,102689.43,102699.04,102689.11
624036.346258898,4565,102685.14,101043.44,102687.21,107255.29,102679.93,102695.6,102699.04,102680.9
624036.366854585,4566,102682.99,101043.44,102694.21,107271.83,102673.78,102697.74,102699.04,102694.18
624036.387801993,4567,102685.14,101051.55,102697.19,107256.41,102676.96,102687.55,102695.01,102699.25
624036.407965436,4568,102697.96,101042.39,102685.11,107257.53,102678.87,102690.25,102693.12,102698.2
624036.428433029,4569,102691.01,101049.44,102682.13,107269.59,102674.84,102693.46,102700.12,102690.16
624036.449100344,4570,102684.06,101047.5,102691.23,107269.59,102686.94,102695.6,102699.04,102689.11
624036.469414294,4571,102691.01,101035.34,102690.19,107266.69,102679.93,102699.63,102701.19,102680.02
624036.490176283,4572,102691.01,101041.34,102694.21,107256.41,102670.8,102703.66,102705.23,102684.04
624036.513818787,4573,102692.87,101043.44,102699.29,107253.52,102672.93,102694.53,102700.12,102693.13
624036.534859807,4574,102682.99,101046.44,102689.14,107273.61,102676.96,102695.6,102699.04,102688.06
624036.554988747,4575,102687.0,101049.44,102681.09,107265.57,102679.93,102689.43,102703.34,102688.06
624036.575997699,4576,102685.14,101050.49,102686.16,107257.53,102679.93,102696.67,102700.12,102697.16
624036.596417239,4577,102685.92,101033.23,102681.09,107269.59,102670.8,102694.53,102705.23,102693.13
624036.617103052,4578,102682.99,101042.39,102690.19,107256.41,102683.97,102689.69,102703.08,102685.09
624036.637462692,4579,102680.83,101043.28,102688.09,107257.53,102677.81,102687.55,102700.12,102691.2
624036.658102785,4580,102693.16,101040.28,102685.11,107252.39,102674.84,102687.55,102703.08,102689.11
624036.681834294,4581,102682.99,101046.44,102689.14,107264.45,102681.0,102692.65,102695.01,102697.16
624036.702864828,4582,102689.94,101039.39,102691.23,107263.33,102681.0,102687.55,102690.97,102694.18
624036.722912025,4583,102688.86,101041.34,102689.14,107265.57,102670.8,102695.6,102701.19,102689.11
624036.743951263,4584,102687.0,101043.44,102691.23,107266.69,102674.84,102695.6,102700.12,102688.06
624036.764172433,4585,102685.14,101047.5,102699.12,107264.45,102682.91,102694.53,102699.04,102677.04
624036.785056676,4586,102688.86,101043.44,102693.17,107266.69,102686.94,102691.58,102697.16,102693.13
624036.805507153,4587,102682.99,101052.6,102691.23,107265.57,102679.93,102695.6,102703.08,102688.06
624036.826125143,4588,102682.99,101042.39,102689.14,107267.81,102682.91,102695.6,102701.19,102687.02
624036.849832205,4589,102680.83,101042.39,102686.16,107257.53,102686.94,102694.53,102703.08,102689.11
624036.870286788,4590,102680.83,101043.44,102687.21,107256.41,102681.0,102699.63,102707.11,102699.25
624036.891035316,4591,102699.04,101043.44,102688.09,107273.61,102674.84,102692.65,102699.04,102690.16
624036.911328114,4592,102680.83,101051.55,102689.14,107265.57,102696.07,102691.58,102700.12,102689.11
624036.932209002,4593,102680.83,101047.5,102690.19,107264.45,102678.87,102700.7,102697.16,102691.2
624036.953097302,4594,102689.15,101038.34,102689.14,107273.61,102681.0,102687.55,102697.16,102691.2
624036.973048834,4595,102696.1,101049.44,102678.11,107255.29,102686.94,102699.63,102701.19,102690.16
624036.997232877,4596,102702.27,101047.5,102689.14,107258.66,102667.83,102691.58,102700.12,102693.13
624037.017834563,4597,102693.16,101042.39,102698.24,107273.61,102682.91,102697.74,102701.19,102689.11
624037.038278009,4598,102685.14,101050.49,102690.19,107265.57,102678.87,102699.63,102701.19,102689.11
624037.058918894,4599,102691.01,101043.44,102685.11,107261.55,102685.88,102695.6,102696.08,102688.06
624037.079400859,4600,102689.15,101046.44,102690.19,107257.53,102678.87,102695.6,102703.08,102692.09
624037.100031268,4601,102687.0,101043.44,102690.19,107265.57,102674.84,102688.62,102708.19,102697.16
624037.12047221,4602,102697.96,101035.34,102689.14,107263.33,102686.94,102695.6,102697.97,102682.11
624037.141097933,4603,102689.15,101047.5,102683.18,107273.61,102681.84,102696.67,102700.12,102696.11
624037.165234544,4604,102702.27,101043.44,102696.15,107258.66,102666.77,102691.58,102699.04,102688.06
624037.185852805,4605,102681.91,101049.44,102698.24,107257.53,102681.84,102694.53,102707.11,102691.2
624037.206300507,4606,102682.99,101047.5,102688.09,107264.45,102679.93,102695.6,102704.15,102694.18
624037.226924356,4607,102682.99,101055.6,102694.21,107267.35,102681.0,102695.6,102700.12,102697.16
624037.24739231,4608,102697.18,101041.34,102690.19,107253.52,102675.9,102695.6,102695.01,102690.16
624037.268059124,4609,102695.02,101041.34,102694.21,107273.61,102678.87,102694.53,102708.19,102689.11
624037.288508029,4610,102687.0,101051.55,102689.14,107253.52,102670.8,102696.67,102695.01,102691.2
624037.309105508,4611,102691.01,101039.39,102702.27,107257.53,102681.0,102691.58,102699.04,102695.23
624037.333240217,4612,102691.01,101042.39,102699.29,107249.5,102678.87,102695.6,102699.04,102695.23
624037.353947171,4613,102689.15,101041.34,102688.09,107251.27,102689.07,102694.53,102701.19,102689.11
624037.37437899,4614,102691.01,101041.34,102697.19,107255.29,102683.97,102699.63,102711.15,102682.99
624037.395008809,4615,102684.06,101055.6,102689.14,107268.47,102679.93,102682.45,102707.11,102691.2
624037.415416992,4616,102689.15,101047.5,102698.24,107260.43,102685.03,102695.6,102699.04,102697.16
624037.436117807,4617,102695.02,101043.44,102691.23,107267.81,102678.87,102690.51,102699.04,102691.2
624037.457133339,4618,102685.14,101043.44,102681.09,107248.38,102676.75,102695.6,102700.12,102690.16
624037.477145963,4619,102697.18,101043.44,102693.17,107256.41,102670.8,102696.67,102690.97,102691.2
624037.501251528,4620,102688.08,101050.49,102698.24,107260.43,102678.87,102695.6,102707.11,102689.11
624037.521943931,4621,102697.18,101041.34,102681.09,107255.29,102677.81,102689.43,102701.19,102689.11
624037.542349109,4622,102681.91,101042.39,102693.17,107252.39,102678.87,102684.59,102707.11,102697.16
624037.562993329,4623,102689.94,101037.29,102688.09,107265.57,102678.87,102697.49,102701.19,102689.11
624037.583518309,4624,102691.01,101044.33,102681.09,107257.53,102674.84,102690.51,102709.27,102690.16
624037.604124862,4625,102693.16,101041.34,102690.19,107255.29,102681.0,102686.48,102705.23,102685.97
624037.624661279,4626,102688.08,101050.49,102687.21,107256.41,102685.03,102691.58,102699.04,102690.16
624037.645233921,4627,102686.22,101043.44,102692.12,107265.57,102682.91,102688.62,102702.0,102693.13
624037.669255488,4628,102687.0,101058.59,102685.11,107253.52,102670.8,102695.6,102699.04,102693.13
624037.689919598,4629,102690.23,101043.44,102693.17,107249.5,102678.87,102703.66,102703.08,102676.0
624037.71035323,4630,102691.01,101051.55,102684.07,107249.5,102685.03,102691.58,102700.12,102692.25
624037.731036058,4631,102695.02,101046.44,102690.19,107248.38,102685.03,102688.62,102700.93,102705.2
624037.751431923,4632,102688.08,101042.39,102686.16,107261.55,102689.07,102686.48,102707.11,102698.2
624037.772734859,4633,102682.99,101043.44,102683.02,107261.55,102679.93,102695.6,102709.27,102690.16
624037.79252693,4634,102684.06,101049.44,102693.17,107257.53,102682.91,102698.56,102704.15,102689.11
624037.815110032,4635,102691.01,101049.44,102681.09,107265.57,102685.03,102689.69,102692.04,102700.13
624037.836880656,4636,102697.18,101058.59,102693.17,107265.57,102679.93,102696.67,102707.11,102682.11
624037.85792478,4637,102697.18,101042.39,102693.17,107261.55,102670.8,102691.58,102699.04,102687.18
624037.878346454,4638,102689.94,101051.55,102697.19,107261.55,102679.93,102681.38,102709.27,102707.29
624037.899005977,4639,102685.14,101046.44,102691.23,107257.53,102670.8,102687.55,102705.23,102689.11
624037.919108017,4640,102691.3,101046.44,102685.11,107265.57,102677.81,102686.48,102699.04,102694.18
624037.940155767,4641,102686.22,101051.55,102694.21,107255.29,102678.87,102691.58,102706.04,102696.27
624037.960563309,4642,102699.04,101058.59,102682.13,107255.29,102671.86,102701.77,102707.38,102685.09
624037.981249312,4643,102693.16,101040.28,102685.11,107269.59,102678.87,102684.59,102704.15,102684.04
624038.004996885,4644,102685.92,101045.39,102690.19,107266.69,102678.87,102699.63,102700.12,102692.09
624038.025930383,4645,102695.02,101051.55,102690.19,107259.78,102681.0,102691.58,102701.19,102699.25
624038.045985933,4646,102687.0,101050.49,102691.23,107257.53,102682.91,102697.74,102695.01,102685.09
624038.067080143,4647,102694.24,101050.49,102687.21,107255.29,102678.87,102683.52,102705.23,102690.16
624038.087340943,4648,102693.16,101049.44,102687.21,107253.52,102670.8,102687.55,102701.19,102704.15
624038.10807555,4649,102686.22,101051.38,102690.19,107256.41,102689.07,102695.6,102701.19,102692.25
624038.128530063,4650,102685.14,101043.44,102693.17,107255.76,102670.8,102695.6,102711.15,102687.02
624038.152263986,4651,102689.15,101045.39,102681.09,107254.64,102678.87,102695.6,102695.01,102698.2
624038.172907976,4652,102681.13,101049.44,102687.05,107263.33,102677.81,102688.62,102690.97,102685.09
624038.193369119,4653,102684.06,101060.7,102698.24,107257.53,102689.07,102691.58,102701.19,102697.16
624038.214019308,4654,102682.99,101055.6,102685.11,107273.61,102689.07,102697.74,102700.12,102690.16
624038.235043041,4655,102684.06,101049.44,102690.19,107259.78,102681.0,102691.58,102701.19,102685.09
624038.255043408,4656,102691.01,101051.55,102685.11,107257.53,102681.0,102695.6,102703.08,102689.11
624038.276068464,4657,102687.0,101055.6,102690.19,107249.5,102682.91,102691.58,102701.19,102703.27
624038.296179848,4658,102691.01,101047.5,102688.09,107249.5,102677.81,102692.65,102700.12,102689.11
624038.320275578,4659,102687.0,101042.39,102685.11,107253.52,102678.87,102688.62,102701.19,102685.09
624038.340892146,4660,102688.08,101047.5,102683.18,107253.52,102670.8,102695.6,102699.04,102690.16
624038.361346879,4661,102684.06,101054.54,102693.17,107257.53,102678.87,102698.56,102704.15,102689.11
624038.381966843,4662,102687.0,101055.6,102683.18,107257.53,102682.91,102696.67,102695.01,102687.18
624038.402447185,4663,102696.1,101047.5,102685.11,107257.53,102666.77,102695.6,102692.04,102693.13
624038.423367793,4664,102685.92,101051.55,102689.14,107263.33,102677.81,102699.63,102708.19,102698.2
624038.445187,4665,102688.08,101050.49,102685.11,107258.66,102679.93,102674.4,102695.01,102688.23
624038.464153943,4666,102681.91,101058.59,102681.09,107253.52,102685.03,102688.62,102700.12,102699.25
624038.488320801,4667,102689.94,101059.65,102687.21,107249.5,102682.91,102695.6,102690.97,102690.16
624038.508883557,4668,102687.0,101051.55,102699.29,107257.53,102685.03,102704.73,102695.01,102695.23
624038.529308025,4669,102684.85,101051.55,102682.13,107265.57,102689.07,102691.58,102711.42,102689.11
624038.550131436,4670,102682.99,101051.55,102697.19,107256.41,102678.87,102692.65,102701.19,102681.07
624038.570552478,4671,102691.01,101050.49,102689.14,107248.38,102689.07,102695.6,102699.04,102689.11
624038.59105199,4672,102685.14,101059.65,102695.26,107257.53,102681.0,102697.74,102699.04,102687.18
624038.611534505,4673,102687.0,101046.44,102686.16,107256.41,102670.8,102698.56,102692.04,102695.23
624038.632174459,4674,102689.15,101050.49,102690.19,107249.5,102678.87,102691.58,102700.12,102688.06
624038.656288626,4675,102691.01,101041.34,102699.29,107256.41,102681.0,102700.7,102700.12,102681.07
624038.676945084,4676,102689.94,101054.54,102687.21,107256.41,102681.0,102695.6,102704.15,102689.11
624038.697387419,4677,102685.14,101049.44,102693.17,107257.53,102674.84,102690.51,102699.04,102686.13
624038.717988224,4678,102688.08,101051.55,102683.02,107247.72,102679.93,102695.6,102709.27,102685.09
624038.738466473,4679,102687.29,101055.6,102687.05,107265.57,102686.09,102687.55,102697.97,102691.2
624038.759077893,4680,102689.15,101051.55,102689.14,107257.53,102689.07,102693.46,102700.12,102688.06
624038.779407337,4681,102691.01,101053.49,102681.09,107264.45,102682.06,102689.69,102692.04,102696.11
624038.800234163,4682,102691.01,101055.6,102689.14,107267.81,102676.96,102683.52,102695.01,102688.06
624038.824299177,4683,102698.25,101043.44,102691.23,107249.5,102682.91,102688.62,102696.08,102685.09
624038.84487318,4684,102691.01,101050.49,102689.14,107247.25,102682.91,102694.53,102686.93,102693.13
624038.865450018,4685,102695.02,101058.59,102681.09,107248.38,102679.93,102697.74,102699.31,102693.13
624038.886036261,4686,102687.0,101051.55,102687.21,107256.41,102678.87,102695.6,102692.04,102678.09
624038.906448079,4687,102682.99,101057.54,102691.23,107263.33,102679.93,102691.58,102703.08,102691.2
624038.927080011,4688,102674.96,101051.55,102689.14,107248.38,102681.0,102687.55,102697.16,102681.07
624038.947563568,4689,102682.99,101045.39,102693.17,107253.52,102672.71,102691.58,102700.12,102689.11
624038.968228439,4690,102682.99,101050.49,102691.23,107248.38,102681.0,102699.63,102703.08,102682.11
624038.991942962,4691,102693.16,101046.44,102689.14,107264.45,102679.93,102679.49,102701.19,102699.25
624039.01292941,4692,102682.99,101049.44,102695.26,107255.76,102679.93,102692.65,102700.12,102691.2
624039.033362581,4693,102689.15,101059.65,102691.23,107256.41,102681.0,102697.74,102697.97,102682.11
624039.054054212,4694,102685.92,101047.5,102691.23,107257.53,102681.0,102702.84,102689.89,102685.09
624039.074465199,4695,102691.01,101040.28,102689.14,107257.53,102676.96,102696.67,102692.04,102691.2
624039.095125353,4696,102689.15,101046.44,102689.14,107257.53,102683.97,102696.67,102711.15,102697.16
624039.115464783,4697,102687.0,101049.44,102689.14,107257.53,102669.74,102700.7,102702.0,102684.04
624039.136113159,4698,102687.0,101050.49,102689.14,107255.29,102679.93,102688.62,102700.12,102694.18
624039.159946872,4699,102691.01,101051.55,102692.28,107256.41,102681.0,102686.48,102701.19,102697.16
624039.180921792,4700,102685.14,101054.54,102691.23,107247.25,102683.12,102695.6,102708.19,102691.2
624039.201384648,4701,102684.85,101051.55,102687.21,107263.33,102693.1,102687.55,102708.19,102689.11
624039.221975518,4702,102687.0,101049.44,102690.19,107248.38,102667.62,102687.55,102685.86,102693.13
624039.242446956,4703,102681.91,101051.55,102683.18,107259.78,102683.97,102700.7,102697.16,102681.07
624039.263297679,4704,102674.96,101048.38,102691.23,107252.39,102681.0,102689.69,102702.27,102689.11
624039.283663558,4705,102685.92,101042.39,102694.21,107258.66,102682.91,102688.62,102705.23,102691.04
624039.304248157,4706,102682.99,101051.55,102695.26,107256.41,102681.0,102691.58,102709.27,102692.09
624039.327924593,4707,102682.99,101055.6,102685.11,107251.74,102686.09,102696.67,102695.01,102685.09
624039.34897689,4708,102678.97,101057.71,102687.21,107247.25,102670.8,102695.6,102709.27,102689.11
624039.368983776,4709,102700.11,101054.54,102699.29,107247.25,102674.84,102696.67,102699.04,102689.11
624039.390071267,4710,102699.04,101055.6,102689.14,107253.52,102673.99,102692.65,102706.04,102687.02
624039.410175761,4711,102684.85,101050.49,102690.19,107249.5,102682.06,102679.49,102695.01,102689.11
624039.431225875,4712,102682.99,101057.54,102693.17,107269.59,102674.84,102687.55,102703.08,102697.16
624039.451706517,4713,102682.99,101051.55,102690.19,107257.53,102671.86,102687.55,102699.04,102688.06
624039.475310273,4714,102695.02,101049.44,102690.19,107257.53,102671.86,102687.55,102700.12,102703.11
624039.495987443,4715,102695.02,101050.49,102698.24,107253.52,102677.81,102691.58,102701.19,102691.2
624039.516376026,4716,102691.01,101054.54,102697.19,107265.57,102681.0,102697.74,102701.19,102693.13
624039.53705566,4717,102680.83,101047.5,102690.19,107266.69,102665.71,102682.45,102707.11,102685.09
624039.558088027,4718,102699.04,101049.44,102694.21,107257.53,102670.8,102703.66,102704.15,102699.25
624039.578452544,4719,102696.1,101053.49,102691.23,107265.57,102675.9,102701.77,102690.97,102690.16
624039.599035281,4720,102692.09,101054.54,102694.21,107248.38,102669.74,102695.6,102695.01,102695.23
624039.619181678,4721,102685.14,101052.6,102686.16,107258.66,102679.93,102695.6,102699.04,102696.27
624039.643291068,4722,102691.01,101055.6,102691.23,107257.53,102665.71,102703.91,102711.42,102697.16
624039.664085575,4723,102693.16,101041.34,102690.19,107253.52,102670.8,102699.63,102701.19,102691.2
624039.684457554,4724,102689.15,101055.6,102689.14,107249.5,102685.03,102697.74,102703.34,102690.16
624039.705020431,4725,102689.15,101046.44,102689.14,107257.53,102678.87,102691.58,102710.34,102689.11
624039.725500423,4726,102685.92,101058.59,102691.23,107253.52,102679.93,102705.8,102692.04,102687.18
624039.746061216,4727,102690.23,101051.55,102689.14,107258.66,102682.91,102692.65,102703.34,102695.23
624039.766911538,4728,102686.22,101059.65,102687.21,107258.66,102686.94,102683.52,102697.97,102685.09
624039.787150996,4729,102691.01,101050.49,102678.11,107258.66,102679.93,102695.6,102700.12,102692.25
624039.811301418,4730,102688.86,101059.65,102698.24,107256.41,102686.94,102691.58,102708.19,102690.16
624039.831996045,4731,102678.97,101057.54,102690.19,107257.53,102672.93,102691.58,102701.19,102682.11
624039.852476086,4732,102687.0,101051.55,102685.11,107259.78,102681.0,102697.74,102710.34,102690.16
624039.873040776,4733,102682.99,101066.69,102685.11,107257.53,102689.07,102692.65,102704.15,102698.2
624039.893467537,4734,102697.18,101051.55,102689.14,107270.71,102686.94,102697.74,102701.19,102691.2
624039.914197006,4735,102693.16,101058.59,102691.23,107257.53,102682.91,102690.51,102701.19,102690.16
624039.934548614,4736,102682.99,101057.54,102687.21,107242.58,102672.93,102687.55,102699.04,102687.18
624039.9562879,4737,102688.08,101050.49,102699.29,107256.41,102678.87,102688.62,102697.16,102678.09
624039.979300071,4738,102686.22,101057.54,102689.14,107257.53,102689.07,102697.74,102697.16,102680.02
624039.999971402,4739,102687.0,101049.44,102691.23,107248.38,102679.93,102696.67,102701.19,102689.11
624040.020427027,4740,102695.02,101053.49,102687.21,107249.5,102685.88,102691.58,102701.19,102690.16
624040.041069434,4741,102693.16,101059.65,102694.21,107256.41,102680.78,102698.81,102700.12,102691.2
624040.061520051,4742,102696.88,101055.6,102686.16,107257.53,102672.93,102695.6,102704.15,102690.16
624040.082187436,4743,102689.15,101060.7,102681.09,107265.57,102668.89,102696.67,102700.12,102697.16
624040.103080673,4744,102678.97,101059.65,102685.11,107252.39,102673.99,102688.62,102700.12,102689.11
624040.123203054,4745,102685.92,101043.44,102685.11,107251.74,102679.93,102700.7,102701.19,102687.18
624040.147305073,4746,102697.18,101054.54,102685.11,107264.45,102683.12,102688.62,102709.27,102685.09
624040.167926168,4747,102676.82,101059.65,102687.21,107256.41,102670.8,102688.62,102701.19,102681.07
624040.189165618,4748,102688.08,101051.55,102687.21,107265.57,102685.03,102689.43,102702.27,102691.2
624040.209079754,4749,102691.01,101055.6,102687.21,107257.53,102678.87,102703.66,102709.27,102689.11
624040.22944315,4750,102689.15,101056.65,102686.16,107256.41,102672.93,102696.67,102693.12,102691.2
624040.250148682,4751,102696.1,101049.44,102689.14,107257.53,102681.0,102687.55,102694.19,102699.25
624040.270555323,4752,102691.01,101050.49,102689.14,107257.53,102672.93,102692.65,102700.12,102681.07
624040.291156918,4753,102682.99,101051.55,102685.11,107265.57,102679.93,102695.6,102704.15,102685.09
624040.315383466,4754,102682.99,101052.6,102692.12,107257.53,102682.06,102687.55,102701.19,102687.02
624040.335932432,4755,102689.15,101063.7,102690.19,107250.62,102686.94,102687.55,102704.15,102690.16
624040.356483341,4756,102697.18,101063.7,102690.19,107259.78,102682.06,102696.67,102697.16,102689.11
624040.377079218,4757,102701.19,101059.65,102682.13,107249.5,102672.93,102695.6,102706.3,102697.16
624040.397483505,4758,102691.01,101050.49,102689.14,107249.5,102678.87,102697.74,102695.01,102693.13
624040.418201306,4759,102701.19,101055.6,102690.19,107245.48,102689.07,102687.55,102705.23,102690.16
624040.438528377,4760,102699.04,101056.65,102687.21,107259.78,102672.93,102687.55,102701.19,102691.2
624040.45918135,4761,102682.99,101055.6,102690.19,107249.5,102671.86,102691.58,102697.16,102689.11
624040.48303217,4762,102689.94,101051.55,102691.23,107259.78,102674.84,102687.55,102707.11,102691.2
624040.504023805,4763,102693.95,101051.55,102685.11,107258.66,102681.0,102695.6,102697.16,102691.2
624040.524418648,4764,102688.86,101055.6,102682.13,107264.45,102679.93,102695.6,102699.04,102685.09
624040.545078952,4765,102701.19,101067.75,102691.23,107248.38,102689.07,102701.77,102689.08,102692.09
624040.565478402,4766,102682.99,101059.65,102683.18,107257.53,102676.96,102691.58,102701.19,102691.2
624040.586089011,4767,102699.04,101059.65,102684.07,107265.57,102670.8,102686.48,102705.23,102695.23
624040.606554952,4768,102693.16,101059.65,102687.21,107249.5,102688.0,102694.53,102696.08,102695.23
624040.627166623,4769,102685.14,101051.55,102690.19,107249.5,102682.06,102688.62,102697.97,102695.23
624040.651003821,4770,102687.0,101051.55,102690.19,107264.45,102679.93,102703.66,102700.12,102695.23
624040.672040545,4771,102689.15,101051.55,102689.14,107248.38,102681.0,102695.6,102701.19,102693.3
624040.692117537,4772,102697.18,101055.6,102690.19,107265.57,102676.96,102689.69,102692.04,102685.09
624040.714068113,4773,102697.96,101059.65,102691.23,107245.48,102678.87,102697.74,102695.01,102681.07
624040.733554021,4774,102691.01,101058.59,102691.23,107251.74,102671.86,102687.55,102709.27,102691.2
624040.755595885,4775,102691.01,101055.6,102693.17,107259.78,102679.08,102701.77,102701.19,102695.23
624040.777376343,4776,102692.09,101058.59,102689.14,107266.69,102670.8,102694.53,102696.08,102691.2
624040.798324924,4777,102681.91,101051.55,102695.26,107250.62,102676.96,102687.55,102698.23,102691.2
624040.818936654,4778,102674.96,101058.59,102690.19,107248.38,102681.0,102696.67,102690.97,102691.2
624040.839431008,4779,102689.15,101066.69,102693.17,107255.76,102674.84,102695.6,102697.16,102694.18
624040.860083581,4780,102693.16,101053.49,102687.21,107256.41,102677.81,102686.48,102711.42,102697.16
624040.881098431,4781,102688.08,101062.64,102686.16,107269.59,102672.93,102687.55,102701.19,102689.11
624040.901142403,4782,102682.99,101061.59,102691.23,107255.76,102670.8,102695.6,102701.19,102681.07
624040.922264636,4783,102701.19,101063.7,102691.23,107257.53,102678.87,102690.76,102701.19,102688.06
624040.942131982,4784,102689.15,101050.49,102686.16,107249.5,102672.93,102705.8,102701.19,102687.02
624040.966332209,4785,102680.83,101049.44,102683.18,107257.53,102670.8,102693.46,102697.16,102686.13
624040.986958993,4786,102682.99,101059.65,102695.26,107247.25,102672.93,102695.6,102697.16,102694.18
624041.007413927,4787,102691.01,101051.55,102689.14,107263.33,102676.96,102701.77,102705.23,102684.04
624041.028112769,4788,102692.09,101058.59,102690.19,107254.64,102673.99,102695.6,102699.04,102698.2
624041.048558108,4789,102680.05,101046.44,102695.26,107257.53,102671.86,102691.58,102692.04,102690.16
624041.069176409,4790,102685.92,101059.65,102690.19,107265.57,102682.91,102689.69,102692.04,102693.13
624041.089493945,4791,102681.91,101054.54,102699.29,107250.62,102672.93,102696.67,102693.12,102689.11
624041.11016129,4792,102677.9,101063.7,102694.21,107249.5,102670.8,102701.77,102693.12,102681.07
624041.134348268,4793,102687.0,101068.8,102683.18,107259.78,102681.0,102695.6,102698.23,102689.11
624041.155037816,4794,102685.14,101056.65,102698.24,107271.83,102667.83,102689.69,102700.12,102689.11
624041.175424958,4795,102688.86,101060.7,102691.23,107250.62,102681.0,102687.55,102692.04,102690.16
624041.196104321,4796,102693.95,101057.54,102692.28,107250.62,102672.93,102688.62,102690.97,102689.11
624041.21654301,4797,102695.02,101057.71,102691.23,107247.25,102679.08,102695.6,102693.12,102682.11
624041.237203635,4798,102702.27,101060.7,102688.09,107257.53,102679.93,102691.58,102703.08,102693.13
624041.257563415,4799,102681.91,101057.54,102693.17,107251.74,102677.81,102695.6,102708.19,102690.16
624041.278484614,4800,102695.02,101059.65,102682.13,107259.78,102672.93,102690.51,102697.16,102689.11
624041.302337727,4801,102695.02,101051.55,102686.16,107258.66,102681.0,102695.6,102696.08,102690.16
624041.323014686,4802,102688.08,101056.48,102685.11,107265.57,102679.93,102700.7,102693.12,102696.11
624041.343438113,4803,102682.99,101058.59,102693.17,107255.76,102681.0,102689.43,102696.08,102698.2
624041.3641601,4804,102699.04,101058.59,102687.21,107259.78,102676.96,102688.62,102705.23,102689.11
624041.384589305,4805,102688.86,101059.65,102685.11,107255.76,102672.93,102691.58,102702.27,102689.11
624041.405154085,4806,102691.01,101063.7,102690.19,107258.66,102681.0,102695.6,102703.34,102691.2
624041.425583811,4807,102687.0,101067.75,102689.14,107257.53,102676.96,102687.55,102701.19,102690.16
624041.446214841,4808,102680.05,101059.65,102690.19,107259.78,102681.0,102691.58,102705.23,102687.02
624041.470361017,4809,102687.0,101051.55,102689.14,107258.66,102672.93,102684.34,102703.34,102695.23
624041.490989303,4810,102687.0,101063.7,102691.23,107259.78,102685.03,102693.72,102709.27,102689.11
624041.5114264,4811,102685.92,101059.65,102685.11,107257.53,102685.03,102695.6,102701.19,102689.11
624041.532181758,4812,102688.08,101058.59,102695.26,107255.76,102674.84,102685.41,102701.19,102690.16
624041.55271496,4813,102687.0,101059.65,102690.19,107259.78,102691.19,102701.77,102701.19,102689.11
624041.573437338,4814,102688.86,101066.69,102690.19,107259.78,102678.87,102692.65,102693.12,102681.07
624041.593616615,4815,102682.99,101057.54,102686.16,107255.76,102688.0,102692.65,102700.12,102693.13
624041.614210689,4816,102682.99,101063.7,102695.26,107249.5,102682.06,102698.81,102697.16,102689.11
624041.638372609,4817,102685.14,101062.64,102689.14,107249.5,102681.0,102696.67,102702.27,102678.97
624041.659086735,4818,102684.06,101059.65,102694.21,107256.41,102676.96,102695.6,102704.15,102692.25
624041.679514888,4819,102685.92,101062.64,102678.11,107253.52,102673.78,102686.48,102701.19,102682.11
624041.70024609,4820,102687.0,101067.75,102689.14,107259.78,102677.81,102696.67,102703.34,102691.2
624041.720505077,4821,102682.99,101057.54,102686.16,107267.81,102670.8,102700.7,102700.12,102685.09
624041.741241447,4822,102687.0,101062.64,102686.16,107245.48,102681.0,102691.58,102703.34,102681.07
624041.761593224,4823,102699.04,101059.65,102683.18,107259.78,102681.0,102693.72,102693.12,102685.09
624041.782231425,4824,102687.0,101059.65,102689.14,107250.62,102691.19,102692.65,102697.16,102685.09
624041.80641647,4825,102691.01,101055.6,102684.07,107257.53,102693.1,102692.65,102702.0,102698.2
624041.827045237,4826,102687.0,101046.44,102701.22,107258.66,102692.04,102695.6,102705.23,102683.16
624041.847145695,4827,102687.0,101057.54,102693.17,107250.62,102681.0,102688.62,102703.34,102694.18
624041.869151454,4828,102682.99,101061.76,102687.21,107259.78,102672.93,102696.67,102693.12,102681.07
624041.888551622,4829,102701.19,101069.86,102685.11,107267.81,102681.0,102696.67,102693.12,102691.2
624041.90918797,4830,102689.94,101070.74,102683.02,107249.5,102683.12,102700.7,102701.19,102695.23
624041.92956696,4831,102685.92,101051.55,102682.13,107249.5,102681.0,102704.73,102697.16,102682.99
624041.953911065,4832,102695.02,101059.65,102687.21,107257.53,102681.0,102691.58,102693.12,102699.25
624041.973968137,4833,102692.09,101063.7,102689.14,107257.53,102672.93,102691.58,102693.12,102691.2
624041.995154607,4834,102687.0,101068.8,102681.09,107255.76,102675.9,102688.62,102689.08,102694.18
624042.015022193,4835,102691.01,101067.75,102691.23,107265.57,102671.86,102695.6,102702.27,102699.25
624042.036191256,4836,102700.11,101055.6,102689.14,107260.9,102681.0,102689.69,102701.19,102706.25
624042.056579699,4837,102697.18,101059.65,102690.19,107267.81,102682.06,102698.81,102696.08,102689.11
624042.077175116,4838,102689.15,101059.65,102690.19,107248.38,102681.0,102693.72,102701.19,102690.16
624042.097613114,4839,102697.18,101063.7,102689.14,107258.66,102670.8,102687.55,102701.19,102691.2
624042.121350882,4840,102682.99,101067.75,102691.23,107241.46,102681.0,102694.79,102693.12,102691.2
624042.141989113,4841,102695.02,101062.64,102690.19,107267.81,102672.93,102687.55,102699.31,102696.11
624042.162508855,4842,102676.04,101063.7,102682.13,107255.76,102668.89,102697.74,102690.97,102687.18
624042.183089589,4843,102700.11,101059.65,102698.24,107251.74,102670.8,102689.69,102703.34,102692.25
624042.204158311,4844,102689.15,101067.75,102689.14,107256.41,102685.03,102695.6,102703.34,102681.07
624042.224163235,4845,102696.1,101063.7,102691.23,107249.5,102669.74,102694.53,102697.16,102691.2
624042.245210564,4846,102689.15,101059.65,102690.19,107245.48,102688.0,102683.52,102701.19,102682.11
624042.265305143,4847,102687.0,101060.7,102689.14,107253.52,102683.12,102704.73,102701.19,102689.11
624042.28939257,4848,102687.0,101059.65,102685.11,107257.53,102678.87,102694.53,102697.16,102691.2
624042.309985353,4849,102695.02,101065.81,102686.16,107267.81,102670.8,102696.67,102701.19,102692.09
624042.330452174,4850,102682.99,101057.54,102691.23,107249.5,102681.0,102693.72,102693.12,102683.16
624042.351060861,4851,102693.16,101067.75,102690.19,107244.36,102672.93,102693.72,102701.19,102691.04
624042.371554623,4852,102691.01,101062.64,102691.23,107252.39,102681.0,102696.67,102686.93,102673.02
624042.392308699,4853,102697.18,101063.7,102682.13,107259.78,102685.03,102697.74,102699.31,102681.07
624042.412598333,4854,102685.14,101067.75,102690.19,107249.5,102686.94,102693.72,102700.12,102689.11
624042.433473242,4855,102689.94,101057.54,102693.17,107257.53,102682.91,102691.58,102693.12,102678.09
624042.457374418,4856,102680.83,101055.6,102685.11,107257.53,102683.12,102684.59,102699.31,102694.18
624042.478020351,4857,102687.0,101067.75,102690.19,107252.39,102672.93,102687.55,102701.19,102690.16
624042.498474283,4858,102684.06,101062.64,102691.23,107257.53,102672.93,102697.74,102695.01,102691.2
624042.5191962,4859,102701.19,101070.74,102689.14,107248.38,102688.0,102688.62,102709.27,102697.16
624042.539528739,4860,102684.06,101059.65,102686.16,107254.64,102672.93,102687.55,102701.19,102690.16
624042.560107901,4861,102684.85,101067.75,102689.14,107255.76,102682.91,102696.67,102704.15,102691.2
624042.580585599,4862,102687.0,101058.59,102695.26,107249.5,102679.93,102696.67,102693.12,102687.18
624042.601399155,4863,102682.99,101070.74,102690.19,107257.53,102679.93,102695.6,102702.27,102694.18
624042.62540559,4864,102682.99,101059.65,102685.11,107254.64,102681.0,102688.62,102695.01,102685.09
624042.646044752,4865,102691.01,101066.69,102683.18,107255.76,102678.87,102689.43,102697.16,102691.2
624042.666517032,4866,102692.09,101065.64,102688.25,107249.5,102676.96,102695.6,102693.12,102699.25
624042.68716639,4867,102691.01,101074.79,102690.19,107257.53,102681.0,102694.53,102692.04,102691.2
624042.707543877,4868,102700.11,101061.59,102686.16,107241.46,102672.93,102691.58,102704.15,102686.13
624042.728153995,4869,102680.83,101075.85,102694.21,107254.64,102681.0,102687.55,102707.38,102687.18
624042.748626916,4870,102693.16,101058.59,102695.26,107249.5,102672.93,102695.6,102697.16,102682.11
624042.769319409,4871,102699.04,101075.85,102686.16,107249.5,102670.8,102695.6,102701.19,102681.07
624042.793417012,4872,102689.15,101064.75,102691.23,107264.45,102682.06,102697.74,102699.04,102703.27
624042.814077767,4873,102699.04,101071.8,102689.14,107245.48,102671.86,102688.62,102699.31,102685.09
624042.834443886,4874,102693.16,101063.7,102694.21,107259.78,102681.0,102687.55,102697.16,102698.2
624042.855121888,4875,102689.15,101066.69,102685.11,107245.48,102681.0,102696.67,102693.12,102683.16
624042.875610653,4876,102680.83,101070.74,102682.13,107251.74,102671.86,102701.77,102701.19,102679.14
624042.896192689,4877,102682.99,101066.69,102689.14,107265.57,102679.93,102688.62,102708.19,102689.11
624042.916678039,4878,102674.96,101065.81,102691.23,107257.53,102674.84,102696.67,102697.16,102681.07
624042.937333065,4879,102691.01,101064.75,102685.11,107257.53,102681.0,102705.8,102701.19,102687.18
624042.96143867,4880,102707.06,101067.75,102690.19,107256.41,102681.0,102691.58,102705.23,102696.27
624042.982034907,4881,102695.02,101067.75,102699.29,107265.57,102681.0,102695.6,102709.27,102703.27
624043.002462239,4882,102689.94,101063.7,102690.19,107249.5,102676.96,102693.72,102696.08,102695.23
624043.026246888,4883,102697.18,101063.7,102689.14,107249.5,102681.0,102695.6,102705.23,102687.18
624043.043700744,4884,102693.95,101070.74,102690.19,107257.53,102673.99,102688.62,102689.08,102687.18
624043.064317552,4885,102679.76,101059.65,102690.19,107258.66,102686.09,102689.69,102697.16,102691.2
624043.084611673,4886,102682.99,101062.64,102685.11,107251.74,102672.93,102691.58,102703.34,102682.11
624043.105342845,4887,102687.0,101053.49,102693.17,107257.53,102673.99,102691.83,102697.16,102684.21
624043.129439686,4888,102699.04,101062.64,102690.19,107253.52,102681.0,102694.79,102709.27,102699.25
624043.150056745,4889,102699.04,101071.8,102689.14,107256.41,102674.84,102696.67,102703.34,102691.2
624043.17045923,4890,102684.85,101065.64,102695.26,107255.76,102688.0,102695.6,102709.27,102691.2
624043.19147411,4891,102699.04,101059.65,102689.14,107261.55,102681.0,102687.55,102706.3,102691.2
624043.211648429,4892,102696.88,101062.64,102690.19,107250.62,102679.08,102695.86,102710.34,102692.25
624043.232221442,4893,102699.04,101059.65,102688.09,107247.72,102688.0,102700.7,102701.19,102686.13
624043.252762907,4894,102687.0,101075.85,102693.17,107266.69,102679.93,102691.58,102712.49,102690.16
624043.276964176,4895,102678.97,101063.7,102690.19,107259.78,102681.0,102700.7,102697.16,102690.16
624043.296978514,4896,102691.01,101059.65,102685.11,107257.53,102682.06,102687.55,102709.27,102696.27
624043.318129901,4897,102684.85,101066.69,102689.14,107257.53,102689.07,102697.74,102699.31,102689.11
624043.338129906,4898,102697.18,101062.64,102689.14,107259.78,102681.0,102681.63,102698.23,102688.23
624043.359211107,4899,102672.81,101059.65,102690.19,107251.74,102681.0,102691.58,102699.31,102691.2
624043.379595324,4900,102701.19,101059.65,102689.14,107268.94,102681.0,102689.69,102697.16,102689.11
624043.400126363,4901,102687.0,101061.59,102694.21,107259.78,102678.87,102696.67,102703.34,102691.2
624043.420598183,4902,102695.02,101067.75,102686.16,107245.48,102691.19,102691.58,102702.27,102690.16
624043.444380508,4903,102692.87,101068.8,102688.09,107257.53,102681.0,102688.62,102709.27,102695.23
624043.46506553,4904,102681.91,101062.64,102673.03,107248.84,102681.0,102701.77,102706.3,102688.06
624043.485518221,4905,102678.97,101054.54,102686.16,107259.78,102681.0,102695.6,102702.27,102689.11
624043.50623468,4906,102682.99,101066.69,102687.21,107257.53,102671.86,102690.51,102701.19,102687.18
624043.528408713,4907,102695.02,101070.74,102690.19,107245.48,102674.84,102696.67,102696.35,102691.2
624043.547202004,4908,102684.06,101067.75,102689.14,107266.69,102681.0,102688.62,102701.19,102695.23
624043.568214502,4909,102695.02,101058.59,102689.14,107251.74,102682.91,102689.69,102709.27,102697.16
624043.588268078,4910,102687.0,101067.75,102689.14,107257.53,102677.81,102689.69,102698.23,102691.2
624043.612426733,4911,102685.14,101051.55,102689.14,107250.62,102678.87,102684.34,102703.34,102686.13
624043.633024293,4912,102695.02,101061.76,102689.14,107248.38,102676.96,102689.69,102699.31,102691.2
624043.653467098,4913,102695.02,101059.65,102689.14,107256.41,102679.93,102691.58,102699.31,102696.11
624043.674205391,4914,102695.02,101056.65,102695.26,107253.52,102683.97,102696.67,102700.12,102686.13
624043.694603749,4915,102689.15,101071.8,102698.24,107256.41,102681.0,102695.6,102697.16,102692.09
624043.71517602,4916,102683.77,101067.75,102689.14,107259.78,102685.03,102696.67,102694.19,102689.11
624043.735604995,4917,102691.01,101083.95,102690.19,107258.66,102674.84,102689.69,102697.16,102691.2
624043.756270187,4918,102695.02,101067.75,102681.09,107257.53,102678.87,102698.81,102699.31,102697.16
624043.780405897,4919,102696.1,101069.69,102691.23,107259.78,102678.87,102684.59,102693.12,102699.25
624043.801073693,4920,102685.92,101071.8,102683.18,107253.52,102670.8,102695.6,102693.12,102695.23
624043.821516288,4921,102688.08,101064.58,102694.21,107259.78,102682.91,102692.65,102692.04,102685.09
624043.842157573,4922,102682.99,101066.69,102693.17,107259.78,102681.0,102688.62,102701.19,102686.13
624043.862557254,4923,102682.99,101067.75,102691.23,107249.5,102678.87,102693.72,102697.16,102689.11
624043.884761553,4924,102684.06,101074.79,102684.07,107243.7,102675.9,102689.69,102693.12,102689.11
624043.903595906,4925,102676.82,101063.53,102691.23,107257.53,102681.0,102691.58,102709.27,102698.2
624043.924220757,4926,102681.91,101074.79,102684.23,107248.38,102682.91,102696.67,102699.31,102685.09
624043.948407985,4927,102689.15,101067.75,102690.19,107257.53,102672.93,102692.65,102701.19,102691.2
624043.969108691,4928,102687.0,101067.75,102690.19,107255.76,102672.93,102695.6,102701.19,102685.09
624043.989499598,4929,102688.08,101073.74,102691.23,107257.53,102683.12,102706.87,102700.12,102692.25
624044.010169456,4930,102682.99,101063.53,102683.18,107257.53,102679.93,102697.74,102699.04,102693.13
624044.030611471,4931,102687.0,101075.85,102691.23,107256.41,102676.96,102695.6,102689.08,102691.2
624044.051206627,4932,102696.1,101077.79,102686.16,107257.53,102679.93,102697.74,102701.19,102695.23
624044.071775442,4933,102692.09,101075.85,102689.14,107259.78,102688.0,102695.6,102703.34,102689.11
624044.093439365,4934,102685.92,101075.85,102691.23,107245.48,102681.0,102691.58,102699.31,102689.11
624044.116428211,4935,102684.85,101065.64,102691.23,107267.81,102678.87,102690.51,102690.97,102679.14
624044.137060984,4936,102697.18,101074.79,102690.19,107255.76,102681.0,102689.43,102702.27,102685.09
624044.158859379,4937,102682.99,101077.79,102691.23,107264.45,102671.86,102696.67,102700.12,102681.07
624044.178153527,4938,102689.94,101069.86,102690.19,107257.53,102673.99,102697.74,102701.19,102691.2
624044.198725228,4939,102682.99,101079.9,102688.09,107249.5,102676.96,102687.55,102703.34,102690.16
624044.219322737,4940,102684.85,101065.64,102682.13,107259.78,102681.0,102696.67,102696.08,102688.06
624044.239796259,4941,102682.99,101065.64,102686.16,107258.66,102672.93,102689.69,102711.42,102678.09
624044.260405356,4942,102691.01,101076.9,102685.11,107251.27,102681.0,102700.7,102701.19,102691.2
624044.284452052,4943,102682.99,101067.75,102694.21,107248.38,102681.0,102693.72,102702.27,102679.14
624044.305115731,4944,102691.01,101065.64,102673.03,107257.53,102674.84,102696.67,102693.12,102682.11
624044.325622894,4945,102691.01,101074.79,102681.09,107257.53,102681.0,102688.62,102700.12,102683.16
624044.346246924,4946,102678.97,101071.8,102683.18,107254.64,102687.15,102679.49,102697.16,102683.16
624044.366731022,4947,102691.01,101077.79,102689.14,107259.78,102676.96,102687.55,102702.27,102681.07
624044.387533501,4948,102685.14,101083.95,102698.24,107250.62,102682.91,102686.48,102701.19,102681.07
624044.40785314,4949,102685.92,101066.69,102691.23,107259.78,102676.96,102693.72,102695.27,102682.11
624044.428612965,4950,102695.02,101071.8,102673.03,107264.45,102670.8,102689.69,102702.27,102677.04
624044.452085753,4951,102682.99,101066.69,102690.19,107250.62,102672.93,102691.83,102699.31,102689.11
624044.473096327,4952,102678.97,101058.59,102691.23,107260.43,102681.0,102688.62,102700.12,102684.04
624044.493298829,4953,102682.99,101063.7,102685.11,107248.38,102672.93,102684.59,102704.42,102682.11
624044.51422148,4954,102692.09,101079.9,102687.21,107255.76,102671.86,102695.6,102707.38,102691.2
624044.53538135,4955,102687.0,101079.9,102686.16,107256.41,102670.8,102683.52,102697.16,102691.2
624044.55532452,4956,102687.0,101075.85,102686.16,107257.53,102671.86,102686.48,102697.16,102689.11
624044.575927107,4957,102697.18,101066.69,102684.07,107249.5,102675.9,102685.66,102693.12,102683.16
624044.599973472,4958,102684.85,101078.85,102694.21,107253.52,102672.93,102689.69,102695.27,102681.07
624044.620034781,4959,102687.0,101068.8,102683.18,107249.5,102678.87,102696.67,102694.19,102685.09
624044.641058144,4960,102678.97,101075.85,102686.16,107259.78,102678.87,102695.6,102701.19,102685.09
624044.661192834,4961,102682.99,101070.74,102681.09,107258.66,102674.84,102696.67,102693.12,102684.21
624044.682253714,4962,102691.01,101067.75,102693.17,107253.52,102670.8,102696.67,102695.27,102682.11
624044.702717642,4963,102691.01,101079.9,102683.02,107249.5,102676.96,102683.52,102697.16,102685.09
624044.723391156,4964,102697.18,101063.7,102686.16,107261.55,102675.9,102687.55,102692.04,102681.07
624044.74535378,4965,102693.16,101070.74,102690.19,107248.38,102672.93,102696.67,102697.16,102686.13
624044.769083336,4966,102700.11,101067.75,102682.13,107255.76,102678.87,102687.55,102693.12,102683.16
624044.788074036,4967,102687.0,101067.75,102699.29,107249.5,102682.91,102687.55,102697.16,102689.11
624044.808560537,4968,102681.91,101075.85,102690.19,107257.53,102676.96,102689.69,102697.16,102673.02
624044.829318569,4969,102699.04,101083.95,102684.07,107265.57,102679.93,102699.63,102697.16,102682.11
624044.850194119,4970,102678.97,101067.75,102688.09,107259.78,102685.03,102689.69,102702.27,102697.16
624044.870315348,4971,102681.91,101083.95,102686.16,107265.57,102678.87,102679.49,102695.27,102685.09
624044.891260744,4972,102681.91,101072.69,102685.11,107245.48,102678.87,102688.62,102697.16,102692.25
624044.91130699,4973,102682.99,101075.85,102683.18,107256.41,102679.93,102692.65,102706.3,102681.07
624044.935453076,4974,102688.86,101075.85,102688.09,107249.5,102664.86,102687.55,102690.16,102683.16
624044.956088893,4975,102691.01,101076.9,102689.14,107249.5,102676.96,102693.72,102694.19,102681.07
624044.976549666,4976,102692.87,101071.8,102691.23,107257.53,102681.0,102688.62,102701.19,102684.21
624044.997180636,4977,102687.0,101061.59,102684.23,107248.38,102671.86,102696.67,102704.42,102681.07
624045.017557071,4978,102687.0,101063.7,102695.26,107257.53,102685.03,102679.49,102703.34,102684.04
624045.038231467,4979,102674.96,101081.84,102691.23,107251.74,102656.79,102684.59,102694.19,102685.09
624045.059577548,4980,102691.01,101074.79,102695.26,107257.53,102678.87,102692.65,102697.16,102683.16
624045.079378453,4981,102682.99,101074.79,102681.09,107248.38,102678.87,102689.69,102694.19,102691.2
624045.103422945,4982,102687.0,101074.79,102691.23,107253.52,102686.94,102703.66,102709.27,102680.02
624045.124065673,4983,102693.16,101075.85,102690.19,107256.41,102676.96,102691.58,102693.12,102683.16
624045.144563872,4984,102684.85,101071.8,102689.14,107250.62,102685.03,102692.65,102703.34,102683.16
624045.165227422,4985,102691.01,101077.79,102689.14,107255.29,102671.86,102688.62,102697.16,102689.11
624045.185701184,4986,102691.01,101074.79,102690.19,107249.5,102669.74,102689.69,102703.34,102681.07
624045.206250931,4987,102676.82,101077.79,102684.07,107261.55,102673.78,102693.72,102693.12,102683.16
624045.226707668,4988,102681.91,101066.69,102689.14,107256.41,102672.93,102689.69,102699.31,102690.16
624045.247371157,4989,102691.01,101083.95,102691.23,107255.29,102678.87,102696.67,102697.16,102671.97
624045.271441759,4990,102682.99,101076.9,102685.11,107255.29,102678.87,102689.69,102707.38,102678.09
624045.292057897,4991,102682.99,101071.8,102687.05,107251.27,102679.93,102687.55,102705.23,102681.07
624045.31253269,4992,102687.0,101075.85,102690.19,107247.25,102666.77,102691.58,102701.19,102681.07
624045.333290502,4993,102692.87,101082.9,102689.14,107250.62,102672.93,102696.67,102703.34,102682.11
624045.353822493,4994,102680.83,101075.85,102689.14,107256.41,102671.86,102689.69,102693.12,102681.07
624045.374381744,4995,102684.06,101070.74,102694.21,107253.52,102674.84,102692.65,102702.27,102683.16
624045.394755996,4996,102689.94,101073.74,102691.23,107257.53,102670.8,102690.51,102699.31,102673.02
624045.415313675,4997,102682.99,101071.8,102689.14,107256.41,102681.0,102693.72,102696.08,102669.0
624045.439471239,4998,102687.0,101078.85,102695.26,107259.78,102670.8,102691.58,102695.27,102685.09
624045.460078072,4999,102685.92,101074.79,102685.11,107252.39,102672.93,102691.58,102705.23,102682.11
624045.480532626,5000,102681.91,101077.96,102686.16,107240.34,102686.94,102689.69,102711.42,102693.3
624045.501174352,5001,102682.99,101066.69,102693.17,107248.38,102679.93,102689.69,102699.04,102682.11
624045.52159887,5002,102687.0,101076.9,102693.17,107257.53,102672.93,102683.52,102693.12,102670.93
624045.542239034,5003,102692.87,101074.79,102693.17,107256.41,102681.0,102690.51,102695.27,102671.09
624045.562899569,5004,102682.99,101075.85,102690.19,107249.5,102672.93,102696.67,102711.42,102681.07
624045.583510508,5005,102682.99,101076.9,102676.01,107264.45,102671.86,102699.63,102700.12,102673.02
624045.607482241,5006,102692.09,101072.69,102683.18,107244.36,102679.93,102692.65,102693.12,102677.04
624045.6280796,5007,102685.92,101074.79,102679.15,107253.52,102677.81,102692.65,102702.27,102683.16
624045.648524278,5008,102682.99,101074.79,102687.21,107265.57,102669.74,102695.6,102701.19,102671.97
624045.669210552,5009,102681.91,101075.85,102685.11,107257.53,102666.77,102691.58,102702.27,102689.11
624045.689663533,5010,102689.94,101067.75,102682.13,107245.48,102681.0,102686.73,102693.12,102681.07
624045.71026645,5011,102695.02,101065.64,102689.14,107241.46,102681.0,102682.45,102697.16,102677.04
624045.730730879,5012,102682.99,101074.79,102687.21,107257.53,102672.93,102689.69,102705.23,102677.04
624045.751325163,5013,102696.88,101075.85,102691.23,107241.46,102681.0,102690.76,102702.27,102683.16
624045.775158136,5014,102695.02,101078.85,102691.23,107257.53,102681.0,102687.55,102697.16,102686.13
624045.796227128,5015,102697.96,101077.79,102691.23,107249.5,102678.87,102687.55,102693.12,102679.14
624045.816797707,5016,102680.83,101074.79,102692.12,107256.41,102681.0,102690.51,102703.34,102687.18
624045.837249346,5017,102678.97,101066.69,102689.14,107256.41,102670.8,102691.58,102697.16,102682.11
624045.857571849,5018,102681.91,101073.74,102690.19,107264.45,102671.86,102689.69,102693.12,102679.14
624045.878306587,5019,102696.1,101083.95,102686.16,107259.78,102670.8,102692.65,102700.12,102674.95
624045.898841962,5020,102688.08,101075.85,102685.11,107253.52,102667.83,102689.69,102693.12,102688.06
624045.923016231,5021,102699.04,101074.79,102690.19,107248.38,102675.9,102683.52,102701.19,102689.11
624045.943086323,5022,102691.01,101069.69,102691.23,107244.36,102676.96,102691.58,102697.16,102678.09
624045.964138129,5023,102692.87,101082.9,102681.09,107247.25,102688.0,102700.7,102692.04,102682.11
624045.984150414,5024,102696.88,101067.75,102682.13,107231.18,102685.03,102680.56,102697.16,102679.14
624046.005248229,5025,102682.99,101074.79,102686.16,107249.5,102676.96,102691.58,102703.34,102689.11
624046.025357781,5026,102699.04,101074.79,102690.19,107249.5,102683.12,102688.62,102693.12,102681.07
624046.046401415,5027,102687.0,101077.79,102689.14,107256.41,102681.0,102689.69,102689.08,102683.16
624046.06676446,5028,102685.14,101065.64,102690.19,107250.62,102675.9,102695.6,102692.04,102674.95
624046.090437791,5029,102695.02,101073.74,102689.14,107248.38,102686.94,102687.55,102701.19,102681.07
624046.111067129,5030,102680.05,101075.85,102690.19,107255.29,102670.8,102694.53,102704.15,102685.09
624046.131536234,5031,102682.99,101073.74,102689.14,107248.38,102677.81,102701.77,102699.31,102683.16
624046.152183909,5032,102689.15,101078.85,102688.25,107248.38,102678.87,102692.65,102705.23,102679.14
624046.173260193,5033,102683.77,101079.9,102687.21,107240.34,102666.77,102692.65,102714.38,102687.02
624046.193238566,5034,102695.02,101071.8,102681.09,107249.5,102672.93,102692.65,102693.12,102679.14
624046.214415903,5035,102682.99,101059.65,102682.13,107247.25,102682.91,102689.69,102700.12,102687.18
624046.234826079,5036,102682.99,101062.64,102693.17,107255.29,102681.0,102695.6,102704.42,102684.04
624046.258445849,5037,102691.01,101071.8,102673.03,107249.5,102681.0,102687.55,102693.12,102677.04
624046.279127365,5038,102691.01,101075.85,102683.18,107281.64,102679.93,102692.65,102705.49,102693.13
624046.299607037,5039,102682.99,101079.9,102685.11,107287.44,102672.93,102696.67,102695.27,102681.07
624046.321132539,5040,102691.01,101083.95,102691.23,107263.33,102678.87,102685.66,102701.19,102685.09
624046.340620831,5041,102689.15,101073.74,102691.23,107271.36,102677.81,102686.48,102703.34,102687.18
624046.361292834,5042,102682.99,101077.79,102697.19,107240.34,102678.87,102684.59,102699.31,102682.11
624046.382301905,5043,102684.85,101083.95,102689.14,107252.39,102670.8,102693.72,102695.27,102689.11
624046.402284946,5044,102695.02,101078.85,102690.19,107256.41,102681.0,102694.79,102707.38,102677.04
624046.426504483,5045,102688.08,101074.79,102695.26,107248.38,102678.87,102687.55,102690.16,102685.09
624046.448060642,5046,102682.99,101073.74,102685.11,107257.53,102670.8,102705.8,102695.27,102677.04
624046.467558438,5047,102691.01,101075.85,102689.14,107256.41,102686.09,102689.69,102699.31,102677.04
624046.488278253,5048,102697.18,101073.74,102687.21,107245.48,102681.0,102681.63,102703.34,102681.07
624046.509055734,5049,102689.15,101082.9,102685.11,107243.23,102681.0,102692.65,102701.19,102681.07
624046.529268131,5050,102684.85,101074.79,102690.19,107257.53,102685.03,102698.81,102698.23,102678.09
624046.549650345,5051,102684.85,101079.9,102686.16,107252.39,102682.91,102689.69,102695.27,102681.07
624046.570380345,5052,102681.91,101081.84,102695.26,107245.48,102677.81,102687.55,102703.34,102680.18
624046.594523567,5053,102697.96,101073.74,102689.14,107243.23,102681.0,102689.69,102695.27,102673.02
624046.615152895,5054,102680.83,101066.69,102689.14,107289.68,102679.93,102693.72,102696.35,102682.11
624046.635588069,5055,102700.11,101075.85,102686.16,107241.46,102672.93,102684.59,102703.34,102669.88
624046.656278438,5056,102682.99,101067.75,102687.21,107256.41,102670.8,102694.53,102695.27,102671.09
624046.676686141,5057,102699.04,101067.75,102690.19,107249.5,102678.87,102688.62,102697.42,102677.04
624046.697287015,5058,102692.09,101074.79,102689.14,107249.5,102678.87,102686.73,102703.34,102673.02
624046.717659295,5059,102692.87,101074.79,102685.11,107253.52,102679.93,102683.52,102693.12,102683.16
624046.738496747,5060,102684.85,101065.64,102683.18,107245.48,102679.93,102696.67,102699.31,102689.11
624046.762476932,5061,102695.02,101082.9,102685.11,107249.5,102672.93,102693.72,102697.16,102670.93
624046.783271029,5062,102689.94,101078.85,102691.23,107251.27,102678.87,102696.67,102714.64,102683.16
624046.80367123,5063,102682.99,101082.9,102689.14,107247.25,102676.96,102687.55,102704.42,102688.06
624046.824302861,5064,102680.83,101061.59,102682.13,107257.53,102676.96,102690.76,102693.12,102674.07
624046.844671013,5065,102689.15,101067.75,102685.11,107249.5,102672.93,102691.58,102701.19,102679.14
624046.865467614,5066,102680.83,101081.84,102689.14,107264.45,102675.9,102692.65,102699.31,102681.07
624046.886303905,5067,102699.04,101071.8,102697.19,107320.71,102670.8,102687.55,102704.42,102691.2
624046.906379014,5068,102682.99,101067.75,102689.14,107234.55,102681.0,102689.69,102699.31,102677.04
624046.930499632,5069,102681.91,101075.85,102683.18,107249.5,102674.84,102691.58,102689.08,102683.16
624046.951161989,5070,102680.83,101078.85,102690.19,107244.36,102686.94,102689.69,102697.16,102683.16
624046.971596692,5071,102691.01,101081.84,102683.18,107243.23,102682.91,102696.67,102708.46,102674.07
624046.992214513,5072,102681.91,101070.74,102692.28,107249.5,102685.03,102693.72,102695.27,102673.02
624047.012666733,5073,102685.92,101073.74,102682.13,107240.34,102686.94,102688.62,102694.19,102681.07
624047.033304162,5074,102682.99,101077.79,102691.23,107254.17,102664.86,102693.72,102699.31,102679.14
624047.053957186,5075,102692.09,101071.63,102689.14,107248.38,102671.86,102689.69,102695.27,102680.02
624047.078055169,5076,102679.76,101074.79,102689.14,107251.74,102671.86,102688.62,102695.27,102681.07
624047.098538446,5077,102689.15,101075.85,102690.19,107251.27,102669.74,102688.62,102693.12,102688.06
624047.119289537,5078,102687.0,101073.74,102695.26,107243.23,102674.84,102689.69,102702.27,102671.97
624047.139336514,5079,102695.02,101077.79,102685.11,107300.61,102690.13,102677.61,102703.34,102683.16
624047.160483585,5080,102691.01,101081.84,102691.23,107256.41,102670.8,102697.74,102694.19,102681.07
624047.180673688,5081,102691.01,101083.95,102691.23,107257.53,102672.93,102696.67,102695.27,102677.04
624047.201321704,5082,102700.11,101062.64,102691.23,107247.25,102672.93,102689.69,102701.19,102683.16
624047.221697979,5083,102682.99,101076.74,102690.19,107247.25,102671.86,102691.58,102704.42,102677.04
624047.246053202,5084,102691.01,101080.79,102694.21,107257.53,102671.86,102690.76,102699.31,102683.16
624047.266136964,5085,102682.99,101073.74,102682.13,107239.22,102685.03,102700.7,102695.27,102681.07
624047.287111944,5086,102682.99,101074.79,102687.21,107250.62,102674.84,102689.69,102689.08,102678.97
624047.307201776,5087,102682.99,101083.95,102689.14,107257.53,102681.0,102697.74,102695.27,102689.11
624047.32821847,5088,102682.99,101078.85,102690.19,107275.38,102681.0,102685.66,102695.27,102681.07
624047.348669958,5089,102682.99,101077.79,102690.19,107281.64,102671.86,102684.59,102693.12,102675.11
624047.369356643,5090,102684.06,101073.74,102690.19,107257.53,102679.93,102683.52,102701.19,102689.11
624047.389732957,5091,102693.16,101085.89,102691.23,107257.53,102667.83,102691.58,102711.42,102683.16
624047.413512319,5092,102697.18,101075.85,102687.21,107255.29,102670.8,102689.69,102702.27,102681.07
624047.434145472,5093,102680.83,101079.9,102691.23,107252.39,102673.78,102687.55,102696.35,102681.07
624047.455131109,5094,102695.02,101081.84,102683.18,107241.46,102679.93,102692.65,102696.35,102687.18
624047.475197535,5095,102691.01,101082.9,102690.19,107236.32,102673.99,102686.48,102698.23,102686.13
624047.496269693,5096,102687.0,101073.74,102689.14,107245.48,102685.03,102688.62,102691.23,102681.07
624047.516260595,5097,102680.83,101079.9,102686.16,107264.45,102673.78,102690.51,102703.34,102681.07
624047.537271349,5098,102691.01,101077.79,102690.19,107263.33,102670.8,102693.72,102703.34,102689.11
624047.557412849,5099,102699.04,101082.9,102690.19,107257.53,102678.87,102689.69,102695.27,102681.07
624047.581491112,5100,102685.14,101078.85,102686.16,107256.41,102671.86,102687.55,102703.34,102689.11
624047.602269295,5101,102682.99,101079.9,102689.14,107258.66,102663.79,102695.6,102700.12,102686.13
624047.622735466,5102,102689.15,101083.95,102685.11,107257.53,102674.84,102689.69,102706.3,102676.0
624047.643234416,5103,102681.91,101083.95,102689.14,107243.23,102672.93,102693.72,102696.35,102683.16
624047.664428618,5104,102693.16,101079.9,102689.14,107241.46,102679.93,102688.62,102705.49,102681.07
624047.684259779,5105,102685.92,101089.94,102698.24,107266.69,102689.07,102697.74,102703.34,102678.97
624047.70544018,5106,102689.15,101078.85,102686.16,107257.53,102678.87,102677.35,102699.31,102680.02
624047.726839322,5107,102676.82,101079.9,102684.07,107236.32,102666.77,102681.63,102693.12,102682.11
624047.749491458,5108,102687.0,101078.85,102682.13,107260.43,102685.03,102696.67,102699.31,102675.11
624047.770264553,5109,102692.09,101083.95,102686.16,107279.87,102671.86,102692.65,102708.46,102691.2
624047.790552485,5110,102687.0,101086.95,102697.19,107256.41,102669.74,102687.55,102707.38,102677.04
624047.811215183,5111,102687.0,101074.79,102691.23,107251.27,102670.8,102689.69,102701.19,102681.07
624047.831713102,5112,102682.99,101073.74,102691.23,107249.5,102666.77,102679.49,102695.27,102678.09
624047.852318493,5113,102697.96,101084.84,102686.16,107251.27,102676.96,102675.47,102707.38,102681.07
624047.874570845,5114,102687.0,101086.06,102688.09,107241.46,102682.06,102688.62,102695.27,102681.07
624047.89357803,5115,102685.14,101081.84,102689.14,107243.23,102676.96,102695.6,102695.27,102674.07
624047.917514559,5116,102700.9,101073.74,102691.23,107243.23,102689.07,102691.58,102695.27,102678.97
624047.938160021,5117,102687.0,101089.94,102675.13,107250.62,102674.84,102693.72,102711.42,102676.0
624047.958727695,5118,102682.99,101080.95,102691.23,107267.35,102679.93,102689.69,102711.42,102685.09
624047.979222339,5119,102691.01,101074.79,102686.16,107271.36,102662.73,102691.58,102695.27,102677.04
624047.999768131,5120,102682.99,101073.74,102691.23,107243.23,102670.8,102687.55,102699.31,102678.09
624048.020345029,5121,102684.06,101070.74,102693.17,107257.53,102670.8,102683.52,102703.34,102680.02
624048.041025344,5122,102685.14,101091.0,102689.14,107256.41,102678.87,102696.67,102703.34,102685.09
624048.061731077,5123,102682.99,101075.68,102696.31,107240.34,102674.84,102693.72,102695.27,102681.07
624048.085543749,5124,102689.15,101075.85,102688.09,107239.22,102676.96,102679.49,102708.46,102682.11
624048.106153687,5125,102689.94,101079.73,102691.23,107240.34,102676.75,102688.62,102691.23,102678.97
624048.126693589,5126,102682.99,101083.95,102686.16,107248.38,102674.84,102682.45,102691.23,102683.16
624048.147956926,5127,102701.19,101088.0,102686.16,107265.57,102676.96,102691.58,102699.31,102691.2
624048.167735687,5128,102689.94,101082.9,102691.23,107256.41,102685.03,102684.59,102695.27,102681.07
624048.188488331,5129,102682.99,101082.9,102684.07,107267.35,102678.87,102687.55,102696.35,102681.07
624048.208765967,5130,102687.0,101083.95,102681.09,107265.57,102676.96,102687.55,102693.12,102677.04
624048.229350196,5131,102684.06,101074.79,102691.23,107257.53,102678.87,102684.59,102703.34,102685.09
624048.25350765,5132,102680.83,101077.79,102685.11,107256.41,102670.8,102688.62,102704.42,102679.14
624048.274159391,5133,102687.0,101083.95,102698.24,107227.16,102681.0,102687.55,102695.27,102676.0
624048.294665773,5134,102688.86,101078.85,102689.14,107257.53,102686.94,102689.69,102702.27,102678.09
624048.315298676,5135,102684.06,101083.95,102685.11,107253.52,102678.87,102693.72,102695.27,102673.02
624048.33582622,5136,102700.11,101082.9,102683.18,107266.22,102678.87,102687.55,102699.31,102681.07
624048.356518923,5137,102691.01,101082.9,102686.16,107273.61,102681.0,102693.72,102691.23,102683.16
624048.376821817,5138,102691.01,101082.9,102693.17,107260.43,102681.0,102688.62,102695.27,102679.14
624048.401075806,5139,102687.0,101073.74,102691.23,107256.41,102681.84,102678.42,102704.42,102673.02
624048.42122635,5140,102687.0,101083.95,102682.13,107265.57,102672.93,102681.63,102686.12,102685.09
624048.442132556,5141,102693.16,101083.95,102683.18,107272.49,102672.93,102688.36,102703.34,102683.16
624048.463111823,5142,102674.96,101082.9,102692.28,107248.38,102682.91,102687.55,102705.49,102685.09
624048.483286153,5143,102691.01,101080.79,102689.14,107256.41,102676.96,102681.63,102691.23,102674.07
624048.504171057,5144,102687.78,101086.95,102690.19,107257.53,102673.99,102685.66,102705.23,102682.11
624048.524417305,5145,102685.14,101083.95,102690.19,107269.59,102678.87,102688.62,102693.12,102679.14
624048.544892099,5146,102691.01,101073.74,102685.11,107249.5,102672.93,102685.66,102693.38,102681.07
624048.569104365,5147,102696.1,101073.74,102683.18,107248.38,102672.93,102685.66,102699.31,102688.06
624048.589125793,5148,102688.86,101088.0,102687.21,107272.49,102681.0,102688.62,102703.34,102690.16
624048.610222768,5149,102696.1,101074.79,102690.19,107257.53,102674.84,102688.62,102701.19,102682.11
624048.63070919,5150,102684.85,101074.79,102689.14,107249.5,102669.74,102696.67,102699.31,102672.14
624048.651336484,5151,102691.01,101075.85,102687.05,107256.41,102679.93,102686.48,102701.19,102681.07
624048.671345694,5152,102689.15,101081.84,102684.07,107245.48,102666.77,102689.69,102704.42,102671.09
624048.692335938,5153,102685.14,101077.79,102688.09,107249.5,102686.94,102686.73,102699.31,102681.07
624048.712832485,5154,102682.99,101077.79,102686.16,107251.27,102674.84,102683.52,102703.34,102677.04
624048.736544935,5155,102691.01,101081.84,102683.18,107248.38,102685.03,102696.67,102697.16,102674.07
624048.757141833,5156,102685.14,101081.84,102690.19,107253.52,102678.87,102695.6,102703.34,102688.06
624048.778205528,5157,102687.0,101074.79,102681.09,107268.47,102678.87,102687.55,102700.38,102691.2
624048.798267668,5158,102689.15,101082.9,102687.21,107265.57,102685.88,102691.58,102703.34,102678.97
624048.819262999,5159,102682.99,101080.79,102689.14,107247.25,102668.68,102687.55,102703.34,102685.09
624048.839309906,5160,102692.09,101078.85,102689.14,107265.57,102678.87,102687.55,102694.19,102681.07
624048.860322052,5161,102695.02,101086.95,102689.14,107269.59,102670.8,102701.77,102697.16,102692.25
624048.880753611,5162,102691.01,101073.74,102689.14,107255.29,102681.0,102686.48,102702.27,102686.13
624048.904603158,5163,102682.99,101068.63,102684.07,107241.46,102674.84,102687.55,102704.42,102681.07
624048.925150011,5164,102691.01,101077.79,102690.19,107245.48,102670.8,102688.62,102696.35,102683.16
624048.945592126,5165,102680.83,101082.9,102675.13,107249.5,102678.87,102685.66,102703.34,102689.11
624048.966509579,5166,102687.0,101074.79,102691.23,107249.5,102682.91,102696.67,102695.27,102689.11
624048.986696237,5167,102686.22,101081.84,102673.03,107265.57,102666.77,102690.76,102704.42,102683.16
624049.007304163,5168,102701.19,101086.95,102693.17,107257.53,102678.87,102687.55,102695.27,102687.18
624049.028361538,5169,102681.91,101072.69,102693.17,107257.53,102677.81,102695.6,102696.35,102682.11
624049.048621326,5170,102684.06,101073.74,102683.18,107271.36,102675.9,102696.67,102701.19,102677.04
624049.072538747,5171,102687.0,101082.9,102689.14,107244.36,102671.86,102694.79,102703.34,102676.16
624049.093187904,5172,102700.11,101078.85,102690.19,107241.46,102669.74,102683.52,102703.34,102675.11
624049.113651511,5173,102688.08,101081.84,102686.16,107257.53,102668.68,102691.58,102695.27,102681.07
624049.134852964,5174,102687.0,101080.79,102689.14,107256.41,102681.0,102691.58,102698.23,102681.07
624049.154766399,5175,102685.92,101079.9,102685.11,107248.38,102670.8,102692.65,102687.2,102682.11
624049.175947521,5176,102682.99,101081.84,102687.21,107249.5,102681.0,102692.65,102704.42,102691.2
624049.195792493,5177,102691.01,101086.95,102682.13,107253.52,102682.91,102689.69,102699.31,102673.02
624049.216630816,5178,102686.22,101074.79,102690.19,107265.57,102678.87,102678.42,102703.34,102686.13
624049.240557371,5179,102685.92,101074.79,102682.13,107247.25,102663.79,102688.62,102698.23,102681.07
624049.261243223,5180,102674.96,101079.9,102689.14,107256.41,102673.78,102677.61,102691.23,102685.09
624049.28173952,5181,102687.0,101083.95,102686.16,107265.57,102677.81,102690.51,102699.31,102685.09
624049.302281716,5182,102687.0,101079.9,102682.13,107244.36,102666.77,102687.55,102703.34,102674.07
624049.32293535,5183,102685.14,101073.74,102689.14,107265.57,102678.87,102691.58,102707.38,102687.02
624049.3435129,5184,102685.14,101081.84,102683.18,107243.23,102677.81,102696.67,102698.23,102675.11
624049.363898679,5185,102682.99,101085.89,102691.23,107241.46,102670.8,102691.58,102704.42,102669.88
624049.384526164,5186,102687.0,101071.8,102683.18,107260.43,102676.96,102697.74,102695.27,102689.11
624049.40856639,5187,102684.06,101083.95,102694.21,107273.61,102686.94,102687.55,102703.34,102688.06
624049.429168617,5188,102687.0,101089.94,102687.21,107265.57,102670.8,102689.69,102703.34,102689.11
624049.44959652,5189,102688.86,101080.79,102699.29,107248.38,102674.84,102686.48,102703.34,102678.97
624049.470262332,5190,102681.91,101077.79,102689.14,107257.53,102678.87,102689.69,102703.34,102685.09
624049.490729345,5191,102695.02,101085.89,102693.17,107257.53,102670.8,102697.74,102691.23,102678.09
624049.511614599,5192,102689.15,101088.0,102691.23,107258.66,102672.93,102687.55,102699.31,102682.99
624049.53205395,5193,102682.99,101076.74,102683.18,107256.41,102679.93,102697.74,102707.38,102681.07
624049.552809769,5194,102682.99,101088.0,102687.21,107251.27,102686.94,102684.59,102699.31,102678.97
624049.576573246,5195,102691.01,101081.84,102689.14,107255.29,102670.8,102679.49,102707.38,102674.95
624049.59717988,5196,102691.01,101075.85,102681.09,107263.33,102675.05,102687.55,102691.23,102689.11
624049.617623706,5197,102682.99,101083.95,102685.11,107257.53,102674.84,102679.49,102699.31,102670.93
624049.638282309,5198,102689.15,101077.79,102683.18,107250.62,102679.93,102695.6,102696.35,102682.11
624049.658940099,5199,102691.01,101082.9,102687.21,107256.41,102675.9,102688.62,102703.34,102680.02
624049.679499741,5200,102682.99,101078.85,102682.13,107267.35,102682.91,102682.45,102696.35,102677.04
624049.699830457,5201,102688.86,101085.89,102686.16,107243.23,102679.93,102687.55,102693.38,102683.16
624049.724169776,5202,102692.09,101074.79,102695.26,107256.41,102671.86,102692.65,102699.31,102682.11
624049.744589226,5203,102699.04,101078.85,102681.09,107247.25,102678.87,102687.55,102694.19,102683.16
624049.765204933,5204,102688.08,101081.84,102686.16,107256.41,102672.93,102689.69,102691.23,102679.14
624049.787121938,5205,102689.94,101073.74,102683.18,107255.29,102678.87,102687.55,102707.38,102674.07
624049.806450819,5206,102680.83,101085.89,102691.23,107245.48,102674.84,102692.65,102693.12,102683.16
624049.826868397,5207,102687.0,101074.79,102697.19,107255.29,102678.87,102695.86,102699.31,102681.07
624049.847517394,5208,102678.97,101095.05,102691.23,107256.41,102672.93,102687.55,102699.31,102691.2
624049.868134954,5209,102687.0,101072.69,102689.14,107272.49,102679.93,102688.62,102693.38,102676.16
624049.892127738,5210,102692.09,101082.9,102681.09,107255.29,102669.74,102684.59,102704.42,102682.11
624049.912197219,5211,102682.99,101082.9,102678.11,107231.18,102670.8,102688.62,102701.19,102690.16
624049.933237248,5212,102687.0,101082.9,102686.16,107241.46,102672.93,102687.55,102701.46,102687.18
624049.95348617,5213,102682.99,101082.9,102686.16,107257.53,102678.87,102685.41,102695.27,102685.09
624049.974317794,5214,102699.04,101086.95,102687.21,107249.5,102671.86,102692.65,102695.27,102680.02
624049.994392232,5215,102684.06,101086.95,102683.18,107244.36,102672.93,102687.55,102703.34,102689.11
624050.015395816,5216,102687.0,101077.79,102689.14,107255.29,102668.68,102687.55,102693.12,102673.02
624050.035835617,5217,102695.02,101082.9,102682.13,107257.53,102685.03,102696.67,102708.46,102691.2
624050.059568548,5218,102687.0,101075.85,102691.23,107273.61,102678.87,102682.7,102715.45,102687.18
624050.080272389,5219,102682.99,101073.74,102683.18,107263.33,102681.0,102688.62,102697.16,102681.07
624050.101187388,5220,102691.01,101075.85,102690.19,107251.27,102683.97,102689.69,102703.34,102691.2
624050.12225626,5221,102688.08,101073.74,102682.13,107256.41,102685.03,102685.41,102703.34,102683.16
624050.142334144,5222,102697.18,101092.05,102697.19,107264.45,102682.06,102687.55,102694.19,102695.23
624050.162371367,5223,102684.06,101080.79,102687.21,107244.36,102679.93,102687.55,102704.42,102681.07
624050.183387088,5224,102682.99,101078.85,102686.16,107241.46,102666.77,102688.62,102703.34,102678.97
624050.20383377,5225,102684.06,101088.0,102690.19,107257.53,102678.87,102691.83,102700.38,102680.02
624050.227562425,5226,102680.05,101081.84,102683.18,107268.47,102670.8,102695.6,102708.46,102673.02
624050.24829582,5227,102682.99,101082.9,102689.14,107257.53,102681.0,102695.6,102707.38,102675.11
624050.26863613,5228,102692.09,101082.9,102674.08,107248.38,102674.84,102687.55,102693.38,102681.07
624050.28927327,5229,102700.11,101081.84,102691.23,107255.29,102672.93,102681.63,102695.27,102690.16
624050.309708844,5230,102687.0,101096.1,102673.03,107263.33,102679.93,102683.52,102697.42,102691.2
624050.330419385,5231,102695.02,101082.9,102690.19,107251.27,102672.93,102687.55,102701.19,102679.14
624050.351406253,5232,102699.04,101082.9,102683.18,107240.34,102666.77,102685.66,102709.53,102678.97
624050.371455314,5233,102680.83,101083.95,102685.11,107244.36,102677.81,102692.65,102699.31,102682.11
624050.395573227,5234,102693.16,101091.0,102683.18,107247.25,102672.93,102691.58,102695.27,102685.09
624050.416242775,5235,102691.01,101072.69,102687.21,107255.29,102672.93,102697.74,102700.38,102682.11
624050.43659909,5236,102682.99,101085.89,102695.26,107243.23,102669.74,102693.72,102708.46,102673.02
624050.457254337,5237,102684.06,101080.79,102682.13,107234.55,102679.93,102687.55,102694.19,102674.07
624050.479165904,5238,102682.99,101082.9,102691.23,107255.29,102671.86,102689.69,102695.27,102689.11
624050.498354182,5239,102695.02,101073.74,102691.23,107265.57,102671.86,102689.69,102699.31,102671.97
624050.518807864,5240,102687.0,101078.85,102691.23,107248.38,102679.93,102693.72,102695.27,102691.2
624050.539406746,5241,102682.99,101092.05,102680.04,107248.38,102681.0,102679.49,102698.23,102689.11
624050.563579392,5242,102674.96,101088.0,102690.19,107244.36,102677.81,102695.6,102695.27,102683.16
624050.584253718,5243,102687.0,101074.79,102684.23,107257.53,102672.71,102691.58,102704.42,102676.0
624050.604636422,5244,102682.99,101083.95,102685.11,107250.62,102689.07,102685.66,102703.34,102685.09
624050.625344449,5245,102689.94,101082.9,102674.08,107252.39,102675.9,102682.45,102698.23,102680.02
624050.645734715,5246,102689.15,101095.05,102689.14,107256.41,102669.74,102696.67,102695.27,102677.04
624050.666412276,5247,102682.99,101082.9,102685.11,107255.29,102678.87,102696.67,102697.42,102673.02
624050.686832387,5248,102685.92,101091.0,102690.19,107267.35,102685.03,102689.69,102703.34,102681.07
624050.707407282,5249,102696.88,101089.94,102682.13,107239.22,102681.0,102695.6,102695.27,102681.07
624050.731582162,5250,102680.83,101077.79,102691.23,107243.23,102670.8,102687.55,102707.38,102683.16
624050.752198841,5251,102693.95,101084.84,102683.18,107255.29,102671.86,102687.55,102699.31,102677.04
624050.772663429,5252,102686.22,101095.05,102690.19,107256.41,102672.93,102692.65,102703.34,102682.11
624050.793308921,5253,102688.08,101073.74,102683.18,107241.46,102671.86,102692.65,102699.31,102685.09
624050.813787511,5254,102685.14,101074.79,102694.21,107245.48,102674.84,102695.6,102703.34,102690.16
624050.8343647,5255,102689.15,101083.95,102689.14,107258.66,102672.93,102703.66,102711.42,102678.09
624050.854825913,5256,102681.13,101081.84,102690.19,107256.41,102670.8,102680.56,102696.35,102679.14
624050.879354898,5257,102681.91,101072.69,102687.21,107257.53,102685.88,102697.74,102695.27,102677.04
624050.899586324,5258,102680.83,101086.95,102685.11,107239.22,102670.8,102679.49,102701.19,102683.16
624050.920203954,5259,102699.04,101081.84,102687.21,107247.25,102674.84,102680.56,102707.38,102674.07
624050.940697667,5260,102687.0,101081.84,102687.21,107248.38,102682.91,102696.67,102699.04,102678.09
624050.961365563,5261,102684.06,101081.84,102682.13,107264.45,102671.86,102685.41,102695.27,102683.16
624050.983176327,5262,102697.18,101081.84,102684.07,107239.22,102670.8,102679.49,102694.19,102682.11
624051.002437967,5263,102682.99,101089.94,102682.13,107239.22,102675.9,102687.55,102695.27,102686.13
624051.023243621,5264,102693.95,101088.0,102681.09,107255.29,102681.0,102689.69,102695.27,102681.07
624051.047161602,5265,102682.99,101083.95,102685.11,107255.29,102669.74,102692.65,102699.31,102675.11
624051.06759276,5266,102693.95,101081.84,102689.14,107247.25,102674.84,102683.52,102691.23,102689.11
624051.088261207,5267,102684.06,101076.74,102694.21,107245.48,102673.78,102691.58,102699.31,102681.07
624051.108714889,5268,102695.02,101089.94,102681.09,107254.17,102677.81,102680.56,102699.31,102689.11
624051.129332929,5269,102691.01,101080.79,102682.13,107251.27,102672.93,102688.62,102691.23,102673.02
624051.149923088,5270,102680.83,101088.0,102682.13,107257.53,102682.06,102688.62,102693.12,102691.2
624051.170406395,5271,102688.08,101069.69,102690.19,107257.53,102681.0,102692.65,102700.38,102681.07
624051.190831714,5272,102685.92,101082.9,102679.15,107248.38,102670.8,102688.62,102702.27,102682.11
624051.215159685,5273,102693.16,101083.95,102682.13,107243.23,102672.93,102688.62,102697.42,102677.04
624051.236080734,5274,102684.85,101092.05,102685.11,107255.29,102672.93,102685.66,102699.31,102683.16
624051.256258599,5275,102691.01,101092.05,102682.13,107249.5,102662.73,102679.49,102703.34,102682.11
624051.276343594,5276,102682.99,101078.85,102681.09,107241.46,102674.84,102696.67,102701.46,102675.11
624051.297327137,5277,102695.02,101083.95,102690.19,107263.33,102674.84,102704.73,102695.27,102686.13
624051.317522578,5278,102685.92,101092.05,102682.13,107256.41,102672.93,102684.59,102695.27,102679.14
624051.338407362,5279,102697.18,101073.74,102682.13,107239.22,102678.87,102687.55,102695.27,102673.02
624051.358843337,5280,102680.83,101085.89,102690.19,107251.27,102678.87,102688.62,102704.42,102678.09
624051.382587185,5281,102688.86,101089.94,102679.15,107245.48,102670.8,102689.69,102697.42,102683.16
624051.403236012,5282,102691.01,101081.84,102683.18,107249.5,102681.0,102692.65,102696.35,102680.18
624051.424324134,5283,102695.02,101085.89,102698.24,107247.25,102678.87,102686.73,102697.42,102689.11
624051.444766389,5284,102687.0,101080.79,102691.23,107244.36,102681.0,102692.65,102696.35,102688.06
624051.465431791,5285,102689.15,101085.89,102681.09,107256.41,102678.87,102685.66,102703.34,102693.13
624051.485368241,5286,102696.1,101083.95,102689.14,107256.41,102686.94,102691.58,102695.27,102673.02
624051.506381019,5287,102685.14,101092.05,102683.18,107263.33,102678.87,102681.63,102695.27,102686.13
624051.526906629,5288,102678.97,101082.9,102707.34,107243.23,102673.99,102688.62,102697.42,102679.14
624051.550598769,5289,102684.06,101081.84,102681.09,107241.46,102670.8,102692.65,102713.57,102681.07
624051.571229599,5290,102688.08,101077.79,102689.14,107256.41,102672.93,102689.69,102700.38,102676.0
624051.591773487,5291,102689.15,101086.95,102695.26,107256.41,102670.8,102688.62,102703.34,102681.07
624051.612358748,5292,102678.97,101082.9,102682.13,107234.08,102689.07,102688.62,102708.46,102686.13
624051.633397425,5293,102682.99,101072.69,102686.16,107243.23,102681.0,102693.72,102708.46,102681.07
624051.653494738,5294,102682.99,101088.0,102685.11,107257.53,102681.0,102696.67,102695.27,102681.07
624051.674441656,5295,102696.1,101085.89,102690.19,107249.5,102678.87,102691.58,102709.53,102677.04
624051.694463775,5296,102689.94,101078.85,102682.13,107239.22,102668.89,102686.73,102702.27,102679.14
624051.718663893,5297,102687.0,101095.05,102683.18,107251.27,102675.9,102680.56,102696.35,102687.18
624051.739383578,5298,102676.82,101075.85,102683.18,107248.38,102678.87,102692.65,102699.31,102691.2
624051.759707163,5299,102682.99,101088.0,102681.09,107247.25,102678.87,102688.62,102693.12,102685.09
624051.780437033,5300,102684.06,101092.05,102683.18,107264.45,102669.74,102688.62,102705.49,102677.04
624051.802046312,5301,102688.86,101078.85,102686.16,107240.34,102679.93,102694.79,102697.42,102676.0
624051.821421904,5302,102682.99,101089.94,102683.18,107237.44,102670.8,102697.74,102703.34,102676.0
624051.841797087,5303,102682.99,101079.9,102683.18,107257.53,102671.86,102691.58,102699.31,102682.11
624051.862481308,5304,102682.99,101083.95,102683.18,107247.25,102679.93,102687.55,102703.34,102673.02
624051.886608115,5305,102687.0,101091.0,102681.09,107251.27,102675.9,102689.69,102695.27,102673.02
624051.907263442,5306,102691.01,101082.9,102674.08,107247.25,102672.93,102689.69,102696.35,102674.95
624051.927748882,5307,102700.11,101089.94,102689.14,107253.52,102679.93,102689.69,102703.34,102674.95
624051.948309666,5308,102700.11,101089.94,102687.21,107249.5,102681.0,102689.69,102695.27,102677.04
624051.969496637,5309,102691.01,101082.9,102683.18,107249.5,102681.0,102691.58,102697.42,102686.13
624051.989559318,5310,102699.04,101092.05,102689.14,107243.23,102681.0,102679.49,102697.42,102681.07
624052.009830284,5311,102685.14,101091.0,102694.21,107247.25,102670.8,102689.69,102707.38,102673.02
624052.030501915,5312,102692.09,101088.89,102682.13,107249.5,102670.8,102683.52,102702.53,102677.04
624052.054624015,5313,102699.04,101085.89,102690.19,107257.53,102672.71,102680.56,102695.27,102683.16
624052.075269547,5314,102690.23,101083.95,102675.13,107237.44,102672.93,102683.52,102704.42,102682.11
624052.095798143,5315,102691.01,101092.05,102686.16,107239.22,102672.93,102689.69,102696.35,102682.11
624052.117447733,5316,102680.83,101095.05,102695.26,107265.57,102672.93,102689.69,102697.42,102689.11
624052.136920622,5317,102685.14,101078.85,102691.23,107244.36,102670.8,102692.65,102705.49,102682.11
624052.157483509,5318,102692.87,101080.79,102693.33,107239.22,102683.97,102687.55,102704.42,102676.0
624052.177774485,5319,102682.99,101082.9,102687.21,107236.32,102677.81,102682.7,102705.49,102683.16
624052.202192523,5320,102682.99,101078.85,102698.24,107255.29,102683.97,102691.58,102704.42,102690.16
624052.222654327,5321,102691.01,101082.9,102690.19,107249.5,102674.84,102689.69,102701.46,102681.07
624052.243401513,5322,102687.0,101093.99,102691.23,107245.48,102668.89,102691.58,102697.42,102686.13
624052.263692309,5323,102674.96,101088.0,102690.19,107234.55,102679.93,102692.65,102695.27,102687.18
624052.284375498,5324,102687.0,101082.9,102691.23,107253.52,102679.93,102688.62,102694.19,102678.97
624052.304801017,5325,102680.83,101085.89,102681.09,107247.25,102675.9,102680.56,102696.35,102678.97
624052.325399779,5326,102682.99,101085.89,102682.13,107257.53,102670.8,102696.67,102699.31,102684.04
624052.345928504,5327,102682.99,101083.95,102687.21,107228.28,102678.87,102689.69,102712.49,102673.02
624052.370201963,5328,102689.94,101080.79,102691.23,107255.29,102679.93,102677.61,102707.38,102689.11
624052.39066513,5329,102682.99,101096.1,102691.23,107265.57,102672.93,102676.54,102701.46,102690.16
624052.411259685,5330,102682.99,101100.15,102683.18,107240.34,102670.8,102688.62,102700.38,102685.09
624052.431743222,5331,102691.01,101086.95,102686.16,107239.22,102676.96,102684.59,102697.42,102681.07
624052.452349164,5332,102685.14,101080.79,102691.23,107257.53,102683.97,102680.56,102699.57,102681.07
624052.472853262,5333,102682.99,101089.94,102681.09,107248.38,102674.84,102691.58,102699.31,102674.07
624052.493374577,5334,102695.02,101088.0,102693.17,107247.25,102678.87,102684.59,102703.34,102678.09
624052.514124848,5335,102699.04,101086.95,102682.13,107239.22,102675.9,102676.54,102704.42,102682.11
624052.538187668,5336,102685.92,101085.89,102691.23,107248.38,102681.0,102689.69,102692.31,102682.11
624052.558302287,5337,102682.99,101084.84,102691.23,107248.38,102674.84,102688.62,102705.49,102691.2
624052.579255875,5338,102692.87,101092.05,102690.19,107249.5,102678.87,102687.55,102691.23,102674.07
624052.599683638,5339,102682.99,101108.25,102682.13,107249.5,102674.84,102687.55,102701.46,102683.16
624052.620389241,5340,102681.91,101112.31,102686.16,107240.34,102677.81,102681.38,102705.49,102681.07
624052.640469438,5341,102699.04,101093.99,102683.18,107255.29,102685.03,102703.91,102710.61,102683.16
624052.661471279,5342,102693.16,101106.14,102681.09,107248.38,102678.87,102685.66,102699.31,102682.99
624052.681829737,5343,102680.05,101098.04,102684.23,107256.41,102681.0,102696.67,102693.38,102674.07
624052.705627126,5344,102687.0,101099.1,102699.29,107249.5,102688.0,102688.62,102704.42,102682.11
624052.726258497,5345,102680.83,101092.05,102682.13,107265.57,102678.87,102692.65,102700.38,102673.02
624052.747296833,5346,102691.01,101108.25,102691.23,107251.74,102678.87,102696.67,102697.42,102673.02
624052.767336799,5347,102689.94,101089.94,102684.07,107255.76,102670.8,102689.69,102699.31,102689.11
624052.790385987,5348,102680.83,101111.25,102691.23,107243.23,102682.06,102692.65,102703.34,102677.04
624052.808402012,5349,102695.02,101107.2,102679.15,107253.52,102671.86,102693.72,102704.42,102681.07
624052.829421651,5350,102687.0,101092.05,102683.18,107248.38,102679.93,102679.49,102693.12,102690.16
624052.849851717,5351,102681.91,101100.15,102689.14,107254.64,102671.86,102687.55,102697.16,102684.21
624052.873626972,5352,102682.99,101118.3,102686.16,107253.52,102668.68,102688.62,102703.34,102677.04
624052.894237461,5353,102693.95,101123.4,102682.13,107272.49,102670.8,102692.65,102706.3,102681.07
624052.914870324,5354,102682.99,101116.36,102693.17,107257.53,102681.0,102689.69,102711.42,102680.02
624052.935339069,5355,102688.86,101118.3,102683.18,107272.49,102676.96,102696.67,102699.31,102682.11
624052.956495925,5356,102687.0,101120.41,102677.06,107265.57,102681.0,102697.74,102698.23,102687.18
624052.976503242,5357,102686.22,101127.45,102686.16,107269.59,102681.84,102687.55,102711.42,102677.04
624052.997563151,5358,102682.99,101116.36,102685.11,107256.41,102671.86,102689.69,102703.34,102691.2
624053.01745298,5359,102697.18,101123.4,102687.21,107261.55,102682.91,102680.56,102699.31,102675.11
624053.041869495,5360,102695.02,101114.25,102689.14,107252.39,102660.61,102689.43,102695.27,102681.07
624053.06234504,5361,102689.15,101122.35,102685.11,107257.53,102672.93,102691.58,102702.27,102675.11
624053.082782758,5362,102682.99,101119.35,102691.23,107273.61,102668.89,102689.69,102685.05,102677.04
624053.103541081,5363,102684.06,101116.36,102692.28,107271.36,102670.8,102683.52,102685.05,102666.9
624053.124054053,5364,102687.0,101122.35,102691.23,107255.29,102689.07,102691.58,102697.16,102684.21
624053.144466793,5365,102682.99,101138.55,102687.21,107281.64,102681.84,102686.48,102697.16,102687.02
624053.164979664,5366,102682.99,101138.55,102676.17,107273.61,102671.86,102683.52,102692.04,102681.07
624053.185542652,5367,102687.0,101130.45,102687.21,107272.49,102685.03,102689.69,102697.16,102673.02
624053.209642127,5368,102687.0,101137.49,102691.23,107272.49,102670.8,102682.45,102703.34,102670.04
624053.230357145,5369,102682.99,101142.6,102692.28,107273.61,102679.93,102683.52,102701.19,102675.11
624053.250770466,5370,102684.06,101126.4,102691.23,107273.61,102678.02,102687.55,102691.23,102678.09
624053.271411251,5371,102695.02,101140.66,102687.21,107272.49,102671.86,102687.55,102693.12,102674.07
624053.291806244,5372,102699.04,101132.56,102697.35,107272.49,102670.8,102692.65,102693.12,102680.18
624053.312456624,5373,102682.99,101122.35,102691.23,107272.49,102675.9,102680.56,102701.19,102680.18
624053.332938268,5374,102685.14,101129.39,102686.16,107271.36,102677.81,102688.62,102689.08,102685.09
624053.353477059,5375,102682.99,101132.56,102688.25,107277.63,102671.86,102695.6,102695.01,102675.11
624053.377691077,5376,102699.04,101130.45,102686.16,107276.5,102679.93,102692.65,102698.23,102673.02
624053.3982774,5377,102699.04,101147.71,102691.23,107280.52,102672.93,102688.62,102693.12,102683.16
624053.418723871,5378,102697.96,101159.86,102683.18,107305.76,102666.77,102694.79,102695.27,102682.11
624053.439367951,5379,102674.96,101159.86,102686.16,107290.8,102671.86,102688.62,102692.04,102678.09
624053.459766901,5380,102682.99,101164.96,102691.23,107280.52,102672.93,102690.76,102697.16,102687.18
624053.480525234,5381,102684.06,101163.91,102691.23,107289.68,102670.8,102697.74,102692.04,102681.07
624053.500906666,5382,102689.15,101164.96,102683.18,107297.72,102674.84,102686.48,102693.12,102690.16
624053.525210852,5383,102699.04,101173.06,102683.18,107293.7,102672.93,102680.56,102707.38,102681.07
624053.545652486,5384,102695.02,101162.85,102683.18,107293.7,102678.87,102693.72,102701.19,102678.97
624053.566304247,5385,102682.99,101156.86,102691.23,107281.64,102689.07,102687.55,102689.08,102673.02
624053.586894305,5386,102696.88,101155.81,102680.04,107288.56,102671.86,102679.49,102699.31,102673.02
624053.607320516,5387,102684.06,101151.76,102683.18,107288.56,102678.87,102696.67,102697.16,102681.07
624053.627827038,5388,102681.91,101163.91,102692.28,107281.64,102670.8,102693.72,102699.31,102683.16
624053.648491298,5389,102689.15,101147.71,102682.13,107280.52,102679.93,102684.59,102693.12,102683.16
624053.668903248,5390,102689.15,101181.17,102682.13,107301.74,102689.07,102688.62,102696.08,102673.02
624053.693240182,5391,102692.09,101197.37,102690.19,107305.76,102674.84,102693.72,102693.12,102691.2
624053.713685772,5392,102689.94,101195.26,102683.18,107304.63,102674.84,102688.62,102693.12,102673.02
624053.734386137,5393,102695.02,101188.21,102684.23,107301.74,102675.05,102688.62,102699.31,102681.07
624053.754775602,5394,102697.18,101193.32,102685.27,107297.72,102670.8,102679.49,102697.16,102671.97
624053.775443648,5395,102685.92,101190.32,102679.15,107304.63,102683.97,102687.55,102700.12,102685.09
624053.795962639,5396,102695.02,101196.31,102683.18,107292.58,102670.8,102683.52,102703.34,102678.97
624053.816655032,5397,102685.14,101194.37,102681.09,107303.51,102676.75,102688.62,102693.12,102677.04
624053.838109037,5398,102695.02,101189.27,102688.25,107303.51,102671.86,102688.62,102702.27,102683.16
624053.861220439,5399,102682.99,101193.32,102687.21,107312.02,102671.86,102676.54,102698.23,102673.02
624053.881394848,5400,102686.22,101187.16,102687.21,107307.53,102670.8,102687.55,102695.27,102667.95
624053.902333434,5401,102687.0,101198.42,102695.26,107295.47,102686.94,102687.55,102698.23,102673.02
624053.922786265,5402,102697.18,101179.05,102683.18,107300.61,102679.93,102687.55,102689.08,102681.07
624053.943491026,5403,102690.23,101213.57,102683.18,107308.65,102674.84,102689.69,102703.34,102677.04
624053.964030058,5404,102682.99,101243.86,102690.19,107336.78,102672.71,102695.6,102697.16,102679.14
624053.984676491,5405,102692.09,101254.08,102687.21,107319.58,102678.87,102685.66,102695.27,102690.16
624054.00509504,5406,102689.15,101222.56,102695.26,107324.07,102672.93,102688.62,102693.12,102677.04
624054.029218131,5407,102682.99,101244.92,102688.25,107319.58,102670.8,102685.66,102701.19,102674.07
624054.049256516,5408,102682.99,101232.77,102691.23,107324.73,102678.87,102689.69,102701.19,102679.14
624054.07033337,5409,102687.0,101240.87,102684.23,107327.62,102681.0,102691.58,102701.19,102680.02
624054.090433147,5410,102682.99,101220.62,102687.21,107336.78,102682.91,102673.58,102690.97,102686.13
624054.111424452,5411,102688.08,101237.88,102683.18,107316.69,102682.91,102688.62,102701.19,102675.11
624054.131777582,5412,102695.02,101233.83,102692.28,107315.57,102678.87,102687.55,102703.34,102685.09
624054.152426079,5413,102689.94,101244.92,102692.28,107332.76,102670.8,102683.52,102697.16,102681.07
624054.172921063,5414,102682.99,101229.77,102683.18,107327.62,102674.84,102687.55,102693.12,102687.18
624054.196683309,5415,102685.14,101237.88,102692.28,107324.73,102678.87,102688.62,102702.27,102682.11
624054.217311345,5416,102693.16,101269.23,102695.26,107339.68,102676.96,102705.8,102697.16,102682.11
624054.237850446,5417,102691.01,101304.63,102691.23,107356.87,102662.73,102683.52,102697.16,102682.11
624054.25849693,5418,102687.0,101293.53,102691.23,107353.98,102679.93,102685.41,102690.16,102683.16
624054.281114374,5419,102687.0,101292.47,102683.18,107355.75,102674.84,102691.58,102697.16,102675.11
624054.30012884,5420,102685.14,101292.47,102683.18,107355.75,102682.91,102680.56,102702.27,102677.04
624054.322304085,5421,102684.06,101293.53,102691.23,107352.86,102681.0,102697.74,102689.08,102670.93
624054.342717707,5422,102699.04,101291.42,102687.21,107348.84,102669.74,102689.69,102703.34,102683.16
624054.364691508,5423,102685.14,101292.47,102693.33,107353.98,102676.96,102683.52,102709.27,102683.16
624054.385306594,5424,102682.99,101276.27,102683.18,107336.78,102672.93,102689.69,102699.31,102681.07
624054.405774047,5425,102687.0,101289.48,102685.27,107343.7,102672.93,102687.55,102701.19,102685.09
624054.426405338,5426,102693.95,101285.43,102692.28,107336.78,102671.01,102681.63,102689.08,102678.09
624054.446830426,5427,102685.14,101276.27,102698.24,107341.92,102672.93,102693.72,102695.27,102677.21
624054.467475117,5428,102699.04,101285.43,102691.23,107340.15,102681.0,102693.72,102697.16,102680.02
624054.4878759,5429,102691.01,101325.94,102683.18,107371.82,102674.84,102693.72,102698.23,102677.04
624054.508550456,5430,102685.14,101374.55,102692.28,107394.16,102674.84,102691.58,102697.16,102674.07
624054.532688239,5431,102682.99,101374.55,102693.33,107393.04,102679.93,102687.55,102712.49,102678.09
624054.55330006,5432,102691.01,101365.39,102699.29,107380.98,102672.93,102688.62,102691.23,102684.21
624054.573801505,5433,102687.0,101357.29,102676.17,107382.11,102681.0,102692.65,102696.08,102682.11
624054.594407998,5434,102684.85,101357.29,102687.21,107383.88,102689.07,102695.6,102687.2,102677.04
624054.614923353,5435,102682.99,101337.03,102693.33,107374.07,102676.96,102699.63,102692.31,102679.14
624054.635506171,5436,102686.22,101357.29,102686.16,107382.11,102679.93,102689.69,102698.23,102681.07
624054.6559514,5437,102677.11,101345.13,102683.18,107386.13,102681.0,102689.69,102701.19,102676.16
624054.680229326,5438,102687.0,101349.18,102681.09,107371.82,102670.8,102693.72,102697.16,102681.07
624054.700722507,5439,102701.19,101340.02,102685.11,107378.09,102668.89,102699.88,102701.19,102685.09
624054.721380889,5440,102684.85,101345.13,102691.23,107385.0,102685.03,102679.49,102699.31,102679.14
624054.743276211,5441,102682.99,101348.13,102695.26,107379.86,102681.0,102696.67,102699.31,102690.16
624054.762396908,5442,102685.92,101408.01,102687.21,107405.1,102672.93,102689.69,102701.19,102681.07
624054.782906735,5443,102685.14,101440.42,102686.16,107429.21,102671.86,102687.55,102706.3,102673.02
624054.803508751,5444,102687.0,101430.2,102683.18,107407.99,102688.0,102693.72,102701.19,102672.14
624054.823965167,5445,102687.0,101428.26,102690.19,107405.1,102678.87,102689.69,102694.19,102685.09
624054.848242392,5446,102682.99,101423.16,102687.21,107412.01,102670.8,102697.74,102701.19,102690.16
624054.868704006,5447,102681.91,101424.21,102684.23,107418.28,102671.86,102694.79,102701.19,102686.13
624054.889360104,5448,102701.19,101420.16,102683.18,107409.11,102683.97,102687.55,102701.19,102681.07
624054.91041804,5449,102682.99,101423.16,102691.23,107409.11,102672.93,102687.55,102695.27,102689.11
624054.93044077,5450,102681.13,101428.08,102690.19,107406.22,102673.78,102692.65,102703.34,102678.09
624054.950908484,5451,102685.14,101419.1,102683.18,107407.99,102671.86,102696.67,102707.38,102673.02
624054.971539374,5452,102681.91,101412.06,102691.23,107418.28,102681.0,102686.48,102692.04,102685.09
624054.991932654,5453,102691.01,101416.11,102682.13,107409.11,102681.0,102683.52,102693.12,102678.09
624055.01627668,5454,102678.97,101423.16,102683.18,107410.24,102672.93,102687.55,102693.12,102678.09
624055.036783362,5455,102682.99,101466.66,102683.18,107442.39,102670.8,102688.62,102696.08,102687.18
624055.057331948,5456,102685.92,101524.43,102688.25,107465.37,102676.75,102685.66,102707.38,102681.07
624055.077795875,5457,102682.99,101513.33,102687.21,107458.46,102683.12,102681.63,102695.27,102678.09
624055.098472735,5458,102688.08,101490.96,102686.16,107454.44,102671.86,102688.62,102706.3,102673.02
624055.118872977,5459,102693.16,101495.01,102700.33,107450.42,102668.89,102687.55,102697.16,102681.07
624055.139472439,5460,102689.15,101496.07,102690.19,107458.46,102683.97,102679.49,102689.08,102673.02
624055.159918049,5461,102687.0,101493.95,102695.26,107461.36,102681.0,102687.55,102707.38,102677.04
624055.184286902,5462,102691.01,101480.93,102692.28,107460.71,102659.76,102688.62,102699.31,102670.04
624055.204873776,5463,102691.01,101486.91,102685.27,107446.41,102678.87,102686.73,102691.23,102681.07
624055.225394579,5464,102693.95,101490.96,102692.28,107450.42,102671.86,102689.69,102701.19,102673.02
624055.245584743,5465,102691.01,101490.96,102684.23,107449.3,102672.93,102691.58,102689.08,102679.14
624055.26653813,5466,102682.99,101486.91,102691.23,107459.59,102671.86,102688.62,102699.31,102676.16
624055.28691711,5467,102688.08,101485.85,102690.19,107444.16,102679.93,102687.55,102703.34,102691.2
624055.307497153,5468,102681.91,101551.73,102690.19,107486.59,102672.93,102688.62,102693.12,102681.07
624055.328013249,5469,102688.08,101599.28,102690.19,107514.72,102669.74,102690.76,102702.27,102691.2
624055.352343193,5470,102682.99,101581.14,102687.21,107497.52,102671.86,102685.66,102703.34,102670.04
624055.372560979,5471,102688.08,101580.08,102681.09,107489.49,102675.9,102688.62,102699.31,102677.04
624055.39345673,5472,102685.14,101559.83,102688.25,107485.47,102685.03,102679.49,102695.27,102670.93
624055.413470767,5473,102684.06,101576.03,102695.26,107496.4,102679.93,102688.62,102703.34,102677.04
624055.43441459,5474,102682.99,101570.05,102695.26,107481.45,102672.93,102692.65,102691.23,102675.11
624055.454879499,5475,102685.14,101567.93,102683.18,107493.51,102686.94,102685.66,102703.34,102683.16
624055.475545833,5476,102700.11,101560.89,102691.23,107494.63,102675.9,102687.55,102699.31,102675.11
624055.495940636,5477,102696.1,101566.0,102691.23,107489.49,102674.84,102681.63,102699.31,102686.13
624055.519781531,5478,102689.94,101553.84,102693.33,107485.47,102672.93,102684.59,102689.35,102673.02
624055.540335334,5479,102697.18,101571.98,102693.33,107481.45,102669.74,102687.55,102700.38,102682.11
624055.56087707,5480,102685.14,101559.83,102699.29,107482.57,102681.0,102696.67,102700.38,102680.02
624055.581446797,5481,102697.96,101657.05,102690.19,107542.85,102679.93,102693.72,102709.27,102673.02
624055.602511573,5482,102682.99,101681.36,102688.25,107557.16,102677.81,102688.62,102696.08,102679.14
624055.623119028,5483,102687.0,101661.1,102677.06,107557.8,102675.05,102687.55,102696.35,102682.11
624055.643615936,5484,102689.94,101657.05,102689.3,107546.87,102682.91,102697.74,102701.46,102678.09
624055.663544954,5485,102685.14,101639.79,102687.21,107538.83,102678.87,102687.55,102689.08,102683.16
624055.68769779,5486,102693.16,101644.9,102692.28,107552.02,102670.8,102688.62,102701.19,102681.07
624055.708399418,5487,102682.99,101643.84,102683.18,107532.57,102674.84,102689.69,102699.31,102679.14
624055.728824847,5488,102684.06,101645.96,102684.23,107529.67,102674.84,102681.63,102706.3,102681.07
624055.749446113,5489,102679.76,101654.06,102689.3,107539.96,102683.97,102684.59,102693.12,102682.11
624055.769836028,5490,102681.13,101657.05,102691.23,107530.8,102674.84,102690.76,102698.23,102677.04
624055.79046798,5491,102682.99,101653.19,102693.33,107529.67,102674.84,102688.62,102695.27,102683.16
624055.811177529,5492,102681.91,101647.02,102692.28,107541.73,102670.8,102697.74,102695.27,102691.2
624055.831919087,5493,102682.99,101640.85,102683.18,107533.69,102674.84,102697.74,102699.31,102683.16
624055.855738168,5494,102682.99,101753.21,102690.19,107603.13,102669.74,102688.62,102703.34,102685.09
624055.8764165,5495,102691.01,101788.81,102683.18,107615.19,102679.93,102691.58,102697.16,102670.93
624055.896808749,5496,102689.94,101755.34,102688.25,107599.12,102676.96,102684.59,102701.19,102679.14
624055.917522715,5497,102682.99,101740.0,102683.18,107595.1,102670.8,102692.65,102699.31,102679.14
624055.937850146,5498,102687.0,101739.13,102675.13,107592.85,102678.02,102686.48,102697.16,102671.09
624055.958517161,5499,102682.99,101738.07,102683.18,107593.97,102672.93,102679.49,102693.12,102679.14
624055.978938835,5500,102687.0,101743.18,102683.18,107595.1,102679.93,102693.72,102693.12,102685.25
624056.003267046,5501,102682.99,101744.24,102687.21,107589.95,102685.03,102689.69,102695.27,102680.18
624056.023736943,5502,102695.02,101740.19,102690.19,107591.08,102666.77,102693.72,102689.08,102683.16
624056.044391078,5503,102685.14,101754.28,102687.21,107595.1,102681.0,102692.65,102694.19,102671.09
624056.064868396,5504,102682.99,101751.29,102684.23,107595.1,102667.83,102685.66,102702.27,102679.14
624056.086165333,5505,102682.99,101726.98,102676.17,107587.06,102681.0,102689.69,102706.3,102678.09
624056.105900569,5506,102687.0,101738.07,102692.28,107595.1,102672.93,102684.59,102699.31,102683.16
624056.126679904,5507,102688.08,101835.3,102692.28,107657.15,102678.87,102696.67,102702.27,102688.23
624056.147238945,5508,102692.87,101883.91,102691.23,107672.58,102675.9,102695.6,102701.19,102679.14
624056.171277018,5509,102682.99,101853.63,102687.21,107659.4,102683.12,102691.58,102689.08,102679.14
624056.19176354,5510,102685.14,101852.56,102683.18,107650.23,102678.02,102693.72,102701.19,102678.09
624056.212527791,5511,102687.0,101838.29,102686.16,107658.27,102676.96,102689.69,102703.34,102674.07
624056.232832759,5512,102682.99,101844.46,102700.33,107657.15,102679.93,102688.62,102699.31,102682.11
624056.253443118,5513,102689.15,101844.46,102683.18,107648.47,102666.77,102692.65,102707.38,102675.11
624056.273886825,5514,102687.0,101840.41,102684.23,107641.07,102683.97,102687.55,102703.34,102685.25
624056.294516763,5515,102691.01,101836.36,102683.18,107651.36,102671.86,102691.58,102701.19,102685.09
624056.315233724,5516,102689.15,101840.41,102685.11,107650.23,102674.84,102690.76,102697.42,102671.97
624056.339331727,5517,102685.14,101843.4,102700.33,107645.57,102668.89,102681.63,102691.23,102678.09
624056.359747953,5518,102689.15,101844.46,102683.18,107650.23,102685.03,102685.66,102693.12,102675.11
624056.380459104,5519,102693.16,101836.36,102683.18,107642.2,102678.87,102683.52,102704.42,102691.2
624056.401080791,5520,102689.15,101966.86,102683.18,107702.48,102676.96,102697.74,102693.12,102679.14
624056.42162543,5521,102688.86,101989.24,102683.18,107729.48,102670.8,102689.69,102703.34,102678.09
624056.442029066,5522,102682.99,101952.78,102683.18,107715.66,102685.03,102697.74,102702.27,102683.16
624056.462529069,5523,102684.06,101948.73,102698.24,107715.66,102672.93,102689.69,102691.23,102678.09
624056.48301524,5524,102681.91,101938.5,102690.19,107705.37,102672.93,102685.66,102697.16,102675.11
624056.50730234,5525,102680.05,101939.57,102687.21,107706.5,102683.97,102688.62,102695.27,102679.14
624056.527513405,5526,102687.0,101950.86,102687.21,107706.5,102670.8,102695.6,102697.16,102679.14
624056.548434624,5527,102685.14,101949.79,102682.13,107706.5,102664.64,102688.62,102693.12,102677.04
624056.56846744,5528,102687.0,101949.79,102687.21,107706.5,102672.93,102683.52,102703.34,102683.16
624056.589649764,5529,102684.06,101948.73,102687.21,107699.59,102671.86,102689.69,102701.19,102673.18
624056.610097397,5530,102682.99,101941.69,102682.13,107707.62,102672.93,102697.74,102704.42,102684.21
624056.630554574,5531,102687.29,101948.73,102691.23,107706.5,102677.81,102689.69,102690.97,102690.16
624056.65105072,5532,102682.99,101935.51,102683.18,107701.35,102670.8,102685.66,102696.08,102682.11
624056.675312551,5533,102690.23,102070.27,102687.21,107771.93,102672.71,102689.69,102694.19,102675.11
624056.695351737,5534,102681.91,102112.91,102687.21,107794.91,102686.94,102691.58,102698.23,102671.09
624056.716420489,5535,102681.91,102088.6,102684.23,107786.88,102672.93,102685.66,102694.19,102682.11
624056.736458713,5536,102688.08,102066.22,102681.09,107777.71,102669.95,102692.65,102698.23,102678.09
624056.757503148,5537,102665.86,102073.26,102683.18,107781.73,102664.86,102687.55,102702.27,102677.04
624056.778204685,5538,102674.96,102078.37,102681.09,107777.71,102671.86,102689.69,102699.31,102691.2
624056.798609023,5539,102684.06,102062.17,102684.23,107777.71,102681.0,102679.49,102698.23,102671.09
624056.819010977,5540,102682.99,102072.19,102692.28,107756.49,102670.8,102697.74,102696.35,102673.02
624056.842747794,5541,102691.01,102064.3,102691.23,107762.76,102678.87,102689.69,102694.19,102691.2
624056.863417843,5542,102685.14,102054.06,102691.23,107778.84,102681.0,102680.56,102695.27,102679.14
624056.88386769,5543,102691.01,102067.28,102691.23,107770.8,102673.99,102688.62,102703.34,102674.07
624056.904600224,5544,102682.99,102056.19,102683.18,107761.64,102678.87,102693.72,102707.38,102674.07
624056.925461502,5545,102688.08,102058.12,102687.21,107753.6,102672.93,102690.76,102689.08,102675.11
624056.94554889,5546,102685.92,102191.81,102678.11,107856.32,102671.86,102689.69,102700.38,102679.14
624056.966630482,5547,102684.06,102212.07,102686.16,107851.18,102682.06,102685.66,102703.34,102669.0
624056.986609737,5548,102692.09,102205.03,102691.23,107846.03,102670.8,102685.66,102697.42,102674.07
624057.010737265,5549,102682.99,102181.58,102683.18,107843.14,102666.77,102684.59,102702.27,102681.07
624057.031375016,5550,102691.01,102193.94,102684.23,107843.14,102666.77,102687.55,102699.31,102676.16
624057.051961198,5551,102685.14,102192.88,102681.09,107835.1,102671.86,102689.69,102695.27,102681.07
624057.072491906,5552,102691.01,102174.54,102692.28,107844.27,102671.86,102698.81,102699.31,102683.16
624057.093013642,5553,102687.0,102180.72,102683.18,107837.99,102670.8,102681.63,102693.12,102679.14
624057.113664252,5554,102690.23,102168.57,102687.21,107829.96,102672.93,102683.52,102695.27,102681.07
624057.133990731,5555,102677.9,102188.83,102675.13,107836.23,102686.94,102696.67,102691.23,102683.16
624057.155666472,5556,102682.99,102177.74,102684.23,107840.25,102671.86,102693.72,102699.31,102673.02
624057.178747407,5557,102682.99,102175.61,102675.13,107831.08,102676.96,102688.62,102690.16,102684.21
624057.200063113,5558,102687.0,102179.66,102682.13,107836.23,102678.87,102693.72,102703.34,102677.04
624057.219846041,5559,102682.99,102341.72,102683.18,107935.58,102676.96,102685.66,102693.12,102691.2
624057.240523932,5560,102688.08,102329.56,102688.25,107940.72,102670.8,102691.83,102700.38,102671.97
624057.260993538,5561,102689.15,102310.37,102683.18,107922.39,102689.07,102688.62,102689.35,102675.11
624057.281659952,5562,102682.99,102303.34,102683.18,107908.57,102671.86,102695.6,102702.27,102675.11
624057.302211251,5563,102693.16,102302.27,102693.33,107912.59,102676.96,102685.66,102701.19,102691.2
624057.326287152,5564,102684.06,102293.1,102695.26,107908.57,102671.86,102681.63,102690.97,102676.0
624057.346749136,5565,102685.14,102294.17,102691.23,107908.57,102671.86,102687.55,102695.27,102673.02
624057.367365084,5566,102687.0,102298.22,102696.31,107905.19,102670.8,102692.65,102702.27,102684.21
624057.38782791,5567,102687.0,102298.22,102691.23,107911.46,102678.87,102689.69,102695.27,102670.04
624057.408641176,5568,102702.27,102283.93,102683.18,107908.57,102670.8,102688.62,102695.27,102674.07
624057.429062399,5569,102685.92,102293.1,102683.18,107900.53,102674.84,102685.66,102695.27,102669.0
624057.44974711,5570,102682.99,102286.06,102691.23,107908.57,102670.8,102689.69,102693.12,102683.16
624057.469953559,5571,102696.1,102291.18,102691.23,107894.26,102671.86,102680.56,102691.23,102681.23
624057.494366829,5572,102691.01,102420.83,102683.18,107970.62,102678.87,102684.59,102703.34,102675.11
624057.514776124,5573,102689.15,102452.18,102688.25,108001.01,102669.74,102683.52,102691.23,102676.0
624057.53539761,5574,102699.33,102418.7,102695.26,108005.03,102683.97,102679.49,102695.27,102674.07
624057.555848838,5575,102681.13,102416.56,102683.18,107998.75,102679.93,102688.62,102693.12,102681.07
624057.576537315,5576,102699.04,102423.82,102683.18,107995.86,102683.97,102697.74,102695.27,102681.07
624057.59695256,5577,102687.0,102416.78,102691.23,107994.73,102685.03,102693.72,102703.34,102683.16
624057.617541797,5578,102691.01,102407.61,102691.23,107987.83,102679.93,102687.55,102699.31,102676.16
624057.638288291,5579,102696.1,102402.49,102683.18,107996.99,102672.93,102689.69,102698.23,102664.98
624057.662446366,5580,102685.14,102394.39,102675.13,107978.66,102679.93,102681.63,102690.16,102677.04
624057.682946658,5581,102684.06,102410.59,102683.18,107979.79,102676.96,102683.52,102696.08,102675.11
624057.70347918,5582,102701.19,102411.66,102687.21,107983.81,102679.93,102687.55,102695.27,102677.04
624057.723895365,5583,102684.06,102401.42,102683.18,107980.92,102670.8,102689.69,102704.42,102673.02
624057.744801682,5584,102682.99,102411.66,102691.23,107975.77,102670.8,102696.67,102703.34,102686.13
624057.765015501,5585,102693.16,102557.52,102683.18,108061.3,102674.84,102692.65,102693.12,102669.0
624057.785597267,5586,102685.14,102581.84,102683.18,108096.34,102671.86,102685.66,102701.19,102673.02
624057.806030038,5587,102689.15,102552.4,102693.33,108075.12,102674.84,102681.63,102690.16,102673.02
624057.830326972,5588,102699.04,102541.32,102699.29,108069.97,102678.87,102681.63,102696.35,102675.11
624057.85080428,5589,102687.0,102538.33,102693.33,108067.08,102679.93,102690.76,102703.34,102672.14
624057.87143473,5590,102699.04,102532.15,102692.28,108060.17,102673.99,102685.66,102695.27,102679.14
624057.89187394,5591,102689.15,102528.09,102683.18,108060.17,102671.86,102689.69,102696.35,102669.0
624057.912500433,5592,102691.01,102529.16,102683.18,108055.02,102670.8,102693.72,102695.27,102679.14
624057.932929138,5593,102682.99,102527.25,102683.18,108055.02,102688.0,102678.42,102696.35,102664.98
624057.953509902,5594,102687.0,102531.08,102692.28,108060.17,102671.86,102689.69,102695.27,102677.04
624057.974364801,5595,102692.09,102517.01,102688.25,108053.26,102681.0,102689.69,102693.12,102678.09
624057.998343594,5596,102687.0,102526.18,102691.23,108061.3,102676.96,102679.49,102695.27,102687.18
624058.018446055,5597,102682.99,102526.18,102676.17,108051.0,102669.95,102688.62,102694.19,102673.02
624058.039468157,5598,102693.16,102673.96,102687.21,108140.55,102682.91,102688.62,102700.38,102680.02
624058.059488714,5599,102682.99,102706.37,102682.13,108155.5,102669.74,102689.69,102693.12,102674.07
624058.080563035,5600,102701.19,102682.06,102687.21,108139.42,102664.86,102696.67,102691.23,102673.02
624058.100697234,5601,102689.94,102669.91,102686.16,108141.68,102681.0,102697.74,102695.27,102676.16
624058.121699155,5602,102677.9,102661.8,102687.21,108143.44,102670.8,102689.69,102700.38,102680.18
624058.142162892,5603,102689.15,102655.84,102692.28,108139.42,102671.86,102689.69,102702.27,102684.21
624058.165783794,5604,102699.04,102655.84,102683.18,108135.4,102681.0,102684.59,102699.31,102679.14
624058.186412641,5605,102678.97,102667.99,102692.28,108132.51,102681.0,102681.63,102694.19,102676.16
624058.206829558,5606,102684.06,102661.8,102691.23,108139.42,102679.93,102683.52,102704.42,102679.14
624058.227430663,5607,102687.29,102662.87,102692.28,108129.63,102681.0,102680.56,102695.27,102679.14
624058.24873371,5608,102678.19,102650.72,102695.26,108121.59,102681.0,102689.69,102697.16,102683.16
624058.268653685,5609,102692.09,102660.73,102675.13,108123.35,102679.93,102689.69,102699.31,102674.07
624058.289809468,5610,102689.15,102661.8,102683.18,108123.35,102678.87,102688.62,102696.35,102688.23
624058.309913732,5611,102685.92,102826.02,102685.27,108227.85,102678.87,102693.72,102707.38,102675.11
624058.333795138,5612,102685.92,102855.22,102691.23,108220.94,102676.96,102684.59,102694.19,102684.21
624058.354424616,5613,102680.05,102824.95,102685.27,108208.88,102670.8,102689.69,102691.23,102677.04
624058.37483967,5614,102687.0,102813.86,102691.23,108199.71,102669.74,102679.49,102699.31,102667.07
624058.395553856,5615,102684.06,102808.74,102687.21,108204.86,102682.06,102689.69,102695.27,102677.21
624058.415925985,5616,102682.99,102805.76,102684.23,108204.86,102678.87,102698.81,102688.27,102679.14
624058.436623416,5617,102687.0,102799.57,102692.28,108201.97,102670.8,102693.72,102703.34,102683.16
624058.456999921,5618,102684.06,102793.6,102691.23,108188.78,102673.78,102684.59,102690.16,102695.23
624058.478024977,5619,102682.99,102801.71,102683.18,108199.71,102673.78,102686.73,102698.23,102671.09
624058.501798691,5620,102688.08,102777.4,102688.25,108193.93,102672.93,102705.8,102695.27,102682.99
624058.522498355,5621,102681.91,102788.48,102691.23,108187.65,102674.84,102697.74,102694.19,102683.16
624058.542893699,5622,102678.97,102789.55,102683.18,108188.78,102670.8,102695.6,102698.23,102677.21
624058.563635537,5623,102677.11,102785.5,102684.23,108196.82,102674.84,102686.48,102695.27,102679.14
624058.584115929,5624,102682.99,103002.17,102678.11,108285.25,102676.96,102685.66,102695.27,102674.95
624058.60457531,5625,102684.06,102971.9,102687.21,108270.3,102675.9,102697.74,102711.42,102677.21
624058.625072628,5626,102684.06,102962.72,102687.21,108269.17,102673.99,102683.52,102693.12,102677.21
624058.649333037,5627,102685.14,102969.75,102687.21,108253.09,102671.86,102689.69,102687.2,102681.07
624058.669818107,5628,102684.06,102957.6,102687.21,108259.38,102672.93,102681.63,102691.23,102678.09
624058.690485282,5629,102689.15,102964.63,102684.23,108249.07,102676.96,102692.65,102705.49,102675.11
624058.710924022,5630,102681.91,102958.67,102687.21,108239.28,102678.87,102693.72,102697.42,102676.16
624058.731536844,5631,102684.06,102949.49,102683.18,108245.05,102672.93,102693.72,102697.42,102679.14
624058.751975874,5632,102675.75,102949.49,102683.18,108243.92,102679.93,102688.62,102696.35,102683.16
624058.772635438,5633,102687.0,102958.67,102692.28,108245.05,102678.87,102690.76,102704.42,102667.07
624058.793607123,5634,102680.83,102945.44,102686.16,108246.19,102678.87,102685.66,102691.23,102670.04
624058.817414207,5635,102682.99,102942.46,102686.16,108238.15,102682.91,102692.65,102696.35,102679.14
624058.837935902,5636,102685.14,102955.69,102691.23,108243.92,102685.03,102681.63,102699.31,102674.07
624058.858455754,5637,102685.14,103183.44,102679.15,108330.59,102674.84,102682.7,102705.49,102679.14
624058.878953824,5638,102697.18,103141.02,102689.3,108329.46,102672.93,102691.83,102696.35,102675.11
624058.899546055,5639,102691.01,103132.91,102687.21,108314.52,102672.93,102687.55,102696.35,102674.07
624058.920026377,5640,102686.22,103126.71,102682.13,108309.36,102675.9,102687.55,102695.27,102679.14
624058.94063876,5641,102681.13,103115.63,102683.18,108301.33,102678.87,102689.69,102691.23,102675.11
624058.961091721,5642,102688.08,103108.6,102691.23,108300.19,102677.81,102683.52,102695.27,102675.11
624058.985353061,5643,102689.15,103107.52,102684.23,108301.33,102681.0,102688.62,102699.31,102681.23
624059.005865282,5644,102693.16,103107.52,102691.23,108302.46,102670.8,102688.62,102697.42,102679.14
624059.026563083,5645,102682.99,103108.6,102673.03,108302.46,102678.87,102692.65,102697.42,102675.11
624059.046886439,5646,102689.94,103084.28,102690.19,108304.21,102670.8,102694.79,102695.27,102675.11
624059.067591771,5647,102686.22,103082.14,102684.23,108301.33,102662.73,102689.69,102707.65,102673.02
624059.088179967,5648,102687.0,103100.49,102675.13,108301.33,102674.84,102699.88,102687.2,102683.16
624059.10881934,5649,102688.08,103103.47,102687.21,108300.19,102672.71,102684.59,102693.38,102677.04
624059.129270668,5650,102685.14,103297.98,102691.23,108397.79,102669.74,102689.69,102705.49,102683.16
624059.153375352,5651,102680.83,103289.88,102691.23,108369.66,102667.83,102681.63,102713.57,102679.14
624059.173567458,5652,102688.08,103278.8,102679.15,108361.62,102672.93,102680.56,102695.27,102675.11
624059.196058572,5653,102682.99,103269.62,102677.22,108365.64,102669.74,102685.66,102695.27,102664.98
624059.21493617,5654,102691.01,103275.57,102683.18,108364.5,102662.73,102697.74,102696.35,102675.11
624059.235649635,5655,102684.06,103267.71,102684.23,108358.73,102666.77,102681.63,102702.53,102673.02
624059.256249168,5656,102687.0,103263.66,102684.23,108366.77,102665.71,102680.56,102693.12,102683.16
624059.276634597,5657,102685.14,103252.33,102684.23,108356.46,102671.86,102675.47,102709.53,102674.07
624059.296983601,5658,102689.15,103253.41,102681.25,108348.43,102670.8,102687.55,102704.42,102677.04
624059.321411984,5659,102685.14,103253.41,102681.09,108349.56,102670.8,102683.77,102691.23,102675.11
624059.341412571,5660,102689.15,103255.56,102683.18,108345.54,102674.84,102689.69,102705.49,102673.02
624059.3624393,5661,102687.0,103233.14,102691.23,108348.94,102670.8,102687.55,102705.49,102673.02
624059.382569223,5662,102685.14,103268.54,102684.23,108364.5,102676.96,102693.72,102696.35,102679.14
624059.403626027,5663,102691.01,103504.66,102679.15,108462.1,102670.8,102681.63,102696.35,102670.04
624059.424066509,5664,102678.97,103451.97,102691.23,108424.79,102668.89,102679.49,102699.31,102682.11
624059.444649006,5665,102682.99,103439.82,102686.16,108420.78,102672.93,102687.55,102696.35,102677.04
624059.464727521,5666,102688.86,103438.74,102691.23,108421.91,102666.77,102685.66,102700.38,102678.09
624059.488831373,5667,102693.16,103417.4,102689.3,108408.72,102674.84,102691.83,102695.27,102683.16
624059.509443695,5668,102687.0,103408.47,102691.23,108412.74,102671.86,102681.63,102704.42,102685.09
624059.529970588,5669,102687.0,103411.45,102683.18,108409.85,102668.68,102684.59,102699.57,102664.98
624059.550515338,5670,102684.06,103405.24,102690.19,108406.96,102671.86,102693.72,102696.35,102683.16
624059.571596099,5671,102689.15,103399.29,102679.15,108396.66,102665.71,102694.79,102701.46,102682.11
624059.591951172,5672,102682.99,103396.32,102687.21,108396.66,102670.8,102697.74,102695.27,102681.07
624059.613177062,5673,102691.01,103395.24,102686.16,108396.66,102670.8,102692.65,102696.35,102677.04
624059.632878206,5674,102691.01,103399.29,102691.23,108388.62,102665.71,102687.55,102695.27,102673.02
624059.656825371,5675,102687.78,103431.71,102686.16,108413.87,102679.93,102689.69,102704.42,102684.21
624059.677446757,5676,102682.99,103634.34,102683.18,108497.15,102666.77,102687.55,102688.27,102679.14
624059.697958467,5677,102688.08,103618.13,102693.33,108485.09,102681.0,102693.72,102701.46,102683.16
624059.718574354,5678,102689.94,103584.63,102688.25,108466.12,102678.87,102689.69,102700.38,102675.11
624059.738982718,5679,102680.05,103585.71,102683.18,108459.22,102678.87,102690.76,102701.46,102679.14
624059.759584224,5680,102684.06,103593.81,102691.23,108464.99,102672.71,102681.63,102697.42,102675.11
624059.780621338,5681,102687.0,103579.5,102683.18,108464.99,102678.87,102692.65,102696.35,102675.11
624059.804355101,5682,102684.06,103576.52,102686.16,108459.22,102669.74,102680.56,102695.27,102683.16
624059.824805258,5683,102688.08,103573.55,102689.14,108460.97,102669.74,102674.65,102713.57,102683.16
624059.845514907,5684,102686.22,103571.39,102682.13,108458.08,102681.0,102687.55,102689.35,102682.11
624059.865910161,5685,102682.99,103559.24,102683.18,108455.2,102682.06,102697.74,102699.31,102683.16
624059.886565518,5686,102687.0,103563.29,102687.21,108458.08,102673.78,102683.52,102688.27,102675.11
624059.908186395,5687,102682.99,103560.31,102687.37,108452.93,102676.75,102688.62,102699.31,102675.11
624059.927671873,5688,102674.96,103585.71,102683.18,108468.39,102672.93,102689.69,102696.35,102678.09
624059.948279949,5689,102677.9,103818.6,102679.15,108579.81,102672.93,102687.8,102695.27,102671.09
624059.972477033,5690,102695.02,103769.97,102682.13,108533.32,102671.86,102696.67,102701.46,102671.09
624059.995108698,5691,102688.08,103753.76,102688.25,108533.32,102678.87,102676.54,102695.27,102678.09
624060.013450817,5692,102687.0,103746.73,102680.2,108533.32,102681.0,102683.77,102699.31,102675.11
624060.035549768,5693,102685.14,103746.73,102691.23,108525.28,102686.94,102694.79,102687.2,102675.11
624060.054649302,5694,102682.99,103735.66,102691.23,108525.28,102683.97,102698.81,102695.27,102681.23
624060.075031185,5695,102685.14,103729.44,102692.28,108527.55,102675.9,102690.76,102704.42,102679.14
624060.095668495,5696,102693.16,103720.26,102691.23,108519.51,102670.8,102689.69,102693.12,102675.11
624060.1162692,5697,102691.01,103721.34,102693.33,108527.55,102670.8,102694.79,102699.31,102677.04
624060.140375406,5698,102682.99,103722.42,102675.13,108526.42,102670.8,102698.81,102695.27,102671.09
624060.16088966,5699,102695.02,103715.39,102692.28,108522.4,102674.84,102689.69,102687.2,102683.16
624060.181512347,5700,102687.0,103707.29,102692.28,108510.34,102663.79,102689.69,102691.23,102679.14
624060.2019396,5701,102682.99,103772.13,102687.21,108526.42,102678.87,102696.67,102688.01,102679.14
624060.222581587,5702,102696.1,103986.93,102687.21,108668.24,102672.93,102684.59,102692.31,102675.11
624060.243038994,5703,102689.15,103956.67,102687.21,108638.97,102678.87,102688.62,102699.31,102683.16
624060.263642142,5704,102693.16,103941.27,102683.18,108630.93,102670.8,102692.65,102697.42,102680.18
624060.284055404,5705,102685.92,103937.22,102689.3,108632.06,102672.93,102685.66,102694.19,102673.02
624060.308397947,5706,102687.0,103930.19,102687.21,108622.89,102670.8,102687.55,102695.27,102669.0
624060.32884574,5707,102685.14,103912.9,102684.23,108624.02,102674.84,102691.58,102691.23,102674.07
624060.349491102,5708,102689.15,103922.09,102692.28,108605.67,102677.81,102680.56,102699.31,102675.11
624060.371109866,5709,102695.02,103906.96,102687.21,108617.73,102669.74,102683.77,102691.23,102676.16
624060.39090967,5710,102701.19,103908.85,102681.25,108615.98,102678.87,102689.69,102705.49,102674.07
624060.413173039,5711,102688.08,103909.93,102689.3,108605.67,102672.93,102691.58,102695.27,102684.21
624060.432141876,5712,102688.08,103888.58,102691.23,108617.73,102670.8,102688.62,102695.27,102674.07
624060.45648523,5713,102688.08,103897.77,102687.21,108617.12,102674.84,102690.76,102695.27,102675.11
624060.476398405,5714,102681.91,103923.98,102683.18,108632.06,102678.87,102680.56,102699.31,102669.16
624060.496929464,5715,102685.14,104175.26,102684.23,108841.09,102679.93,102697.74,102702.27,102666.02
624060.517541616,5716,102695.02,104139.86,102693.33,108786.56,102671.86,102695.86,102685.31,102668.11
624060.537945963,5717,102685.14,104120.68,102685.27,108776.77,102678.87,102678.42,102704.42,102676.16
624060.561155483,5718,102681.13,104110.41,102687.21,108763.58,102678.87,102689.69,102695.27,102675.11
624060.579126821,5719,102685.14,104103.39,102687.21,108753.27,102663.79,102690.76,102695.27,102675.11
624060.599673805,5720,102691.01,104096.36,102685.27,108756.67,102670.8,102680.56,102699.31,102675.11
624060.620062809,5721,102689.15,104086.09,102683.18,108760.69,102671.86,102691.83,102698.23,102678.09
624060.644448598,5722,102689.15,104086.09,102684.23,108750.38,102665.71,102689.69,102696.35,102671.09
624060.664520403,5723,102682.99,104079.07,102671.1,108755.54,102669.74,102689.69,102700.38,102675.11
624060.685520351,5724,102691.01,104092.31,102687.21,108752.65,102682.91,102689.69,102692.31,102679.14
624060.705540367,5725,102681.13,104076.9,102695.26,108751.52,102672.93,102684.59,102703.34,102675.11
624060.726577031,5726,102689.15,104080.15,102687.21,108746.89,102678.87,102689.69,102700.38,102676.16
624060.747249634,5727,102685.14,104108.52,102692.28,108831.92,102673.78,102688.62,102697.42,102674.07
624060.767910941,5728,102687.29,104386.31,102686.16,109134.56,102670.8,102697.74,102703.34,102676.16
624060.788094244,5729,102691.01,104321.17,102691.23,109058.17,102670.8,102681.63,102693.12,102677.04
624060.811846314,5730,102700.11,104315.23,102691.23,109050.13,102661.67,102696.67,102695.27,102683.16
624060.832447459,5731,102685.14,104303.07,102683.18,109043.83,102661.67,102693.72,102695.27,102667.07
624060.853517454,5732,102682.99,104288.74,102683.18,109036.93,102670.8,102679.49,102705.49,102679.14
624060.873570951,5733,102682.99,104285.77,102691.23,109017.97,102671.86,102689.69,102696.35,102677.21
624060.894579181,5734,102685.14,104282.81,102676.17,109013.95,102677.81,102689.69,102695.27,102681.23
624060.914655213,5735,102686.22,104282.81,102691.23,109005.91,102670.8,102689.69,102699.31,102674.07
624060.935992611,5736,102676.04,104282.81,102687.21,109009.93,102677.81,102687.55,102695.27,102667.07
624060.956266612,5737,102691.01,104271.45,102677.22,109001.89,102678.87,102689.69,102696.35,102673.02
624060.979969758,5738,102681.91,104260.37,102691.23,108993.85,102681.0,102676.54,102697.42,102671.09
624061.000508829,5739,102693.95,104260.37,102691.23,108991.57,102669.74,102690.76,102695.27,102676.16
624061.020926267,5740,102689.15,104377.91,102684.23,109224.74,102668.68,102690.76,102701.19,102676.16
624061.041590377,5741,102684.06,104596.79,102683.18,109549.8,102666.77,102697.74,102695.27,102683.16
624061.062014455,5742,102687.0,104554.38,102695.42,109460.2,102677.81,102685.66,102691.23,102684.21
624061.082642791,5743,102680.05,104531.94,102691.23,109446.41,102679.93,102684.59,102698.23,102663.05
624061.103636951,5744,102690.23,104530.06,102684.23,109426.9,102670.8,102685.66,102694.19,102675.11
624061.127398575,5745,102685.14,104508.7,102693.33,109418.26,102669.74,102685.66,102691.23,102677.21
624061.149092804,5746,102689.15,104509.79,102686.16,109395.88,102672.71,102680.56,102701.46,102677.21
624061.168475116,5747,102681.13,104505.74,102683.18,109387.84,102672.93,102689.69,102695.27,102675.11
624061.188982859,5748,102684.06,104509.79,102684.23,109380.94,102678.87,102690.76,102695.27,102676.16
624061.209770417,5749,102678.97,104491.4,102693.33,109375.77,102677.81,102683.52,102703.34,102675.11
624061.229956444,5750,102682.2,104485.47,102695.26,109379.79,102670.8,102690.76,102687.2,102670.04
624061.250685032,5751,102682.99,104485.47,102675.13,109378.65,102670.8,102689.69,102693.12,102675.11
624061.27211477,5752,102688.08,104483.3,102691.23,109366.59,102670.8,102693.72,102695.27,102689.11
624061.295407546,5753,102693.16,104582.75,102693.33,109540.61,102666.77,102689.69,102691.23,102676.16
624061.315878675,5754,102681.13,104810.84,102683.18,110034.02,102673.78,102680.56,102691.23,102675.11
624061.336464206,5755,102689.15,104769.21,102695.26,109946.71,102670.8,102695.86,102707.38,102680.18
624061.357027474,5756,102692.09,104743.8,102701.38,109922.58,102682.06,102688.62,102699.31,102675.11
624061.37757579,5757,102685.14,104743.8,102685.27,109910.52,102670.8,102691.58,102703.34,102676.16
624061.397977083,5758,102672.81,104728.68,102692.28,109882.38,102669.74,102685.66,102693.38,102677.21
624061.418728185,5759,102688.08,104716.52,102684.23,109878.35,102673.78,102693.72,102699.31,102671.09
624061.439149758,5760,102676.04,104712.46,102691.23,109859.98,102683.97,102695.86,102691.23,102679.14
624061.46340556,5761,102687.29,104701.39,102685.27,109854.23,102670.8,102689.69,102701.19,102679.14
624061.48391685,5762,102687.29,104694.07,102685.27,109846.19,102678.87,102695.86,102695.27,102675.11
624061.504525897,5763,102682.99,104678.95,102683.18,109842.17,102674.84,102677.61,102693.12,102681.07
624061.525666889,5764,102681.13,104675.98,102688.25,109847.33,102686.94,102684.59,102696.35,102683.16
624061.545542406,5765,102684.06,104677.07,102693.33,109826.08,102673.78,102690.76,102693.12,102673.02
624061.567287131,5766,102677.11,104889.73,102681.25,110187.97,102679.93,102689.69,102691.23,102664.98
624061.586764537,5767,102686.22,105057.03,102684.23,110666.52,102668.68,102685.66,102693.12,102669.0
624061.607153591,5768,102685.14,105006.51,102685.27,110548.74,102669.74,102687.55,102692.31,102667.07
624061.631414701,5769,102678.97,104985.15,102676.17,110506.81,102678.87,102693.72,102695.27,102671.09
624061.651909986,5770,102685.14,104964.88,102685.27,110496.46,102670.8,102688.62,102701.19,102685.25
624061.672498433,5771,102697.18,104963.79,102677.22,110473.49,102666.77,102685.66,102695.27,102674.07
624061.693038065,5772,102686.22,104955.68,102683.18,110457.4,102660.61,102688.62,102695.27,102683.16
624061.713611538,5773,102685.14,104931.36,102673.03,110432.12,102685.03,102681.63,102702.27,102684.21
624061.734109647,5774,102681.13,104927.31,102685.27,110424.08,102678.87,102685.66,102695.27,102675.11
624061.754952298,5775,102697.18,104923.25,102688.25,110425.23,102670.8,102689.69,102703.34,102672.14
624061.775043482,5776,102678.19,104912.96,102688.25,110420.06,102666.77,102689.69,102690.16,102675.11
624061.799423462,5777,102684.06,104898.93,102683.18,110397.08,102678.87,102685.66,102697.42,102677.21
624061.819584892,5778,102682.2,104891.92,102685.27,110374.67,102670.8,102685.66,102697.16,102679.14
624061.840557359,5779,102678.97,104915.15,102683.18,110376.97,102670.8,102689.69,102698.23,102675.11
624061.86112242,5780,102689.15,104879.44,102685.27,110393.06,102666.77,102687.8,102699.31,102673.02
624061.881676414,5781,102693.16,104866.5,102692.28,110437.29,102681.84,102690.76,102695.27,102676.16
624061.901975632,5782,102685.14,104850.29,102688.25,110481.53,102678.87,102687.55,102699.31,102677.21
624061.922701426,5783,102682.99,104836.25,102689.3,110535.52,102678.87,102693.72,102693.12,102684.21
624061.943200907,5784,102689.15,104844.05,102676.17,110570.0,102672.93,102691.58,102697.42,102683.16
624061.967448487,5785,102685.14,104823.78,102691.23,110584.93,102674.84,102681.63,102701.19,102685.09
624061.987480502,5786,102691.01,104811.62,102684.23,110641.24,102670.8,102696.67,102695.27,102683.16
624062.008534131,5787,102694.24,104812.71,102692.28,110650.43,102678.87,102699.88,102693.12,102675.11
624062.028998039,5788,102689.15,104832.98,102687.21,110654.46,102681.84,102689.69,102697.42,102675.11
624062.049853829,5789,102691.01,104828.93,102691.23,110678.59,102681.84,102689.69,102691.23,102675.11
624062.070117694,5790,102682.99,104832.98,102683.18,110726.85,102674.84,102685.66,102696.35,102677.21
624062.09076524,5791,102685.14,104817.86,102691.23,110775.11,102667.62,102697.74,102705.49,102682.11
624062.111137018,5792,102687.0,104825.97,102689.3,110835.43,102677.81,102694.79,102699.31,102675.11
624062.134877351,5793,102693.16,104804.61,102692.28,110910.69,102677.81,102687.55,102700.38,102675.11
624062.15551429,5794,102689.15,104803.52,102701.38,111003.19,102681.84,102686.73,102698.23,102678.09
624062.177232535,5795,102690.23,104807.57,102699.29,111100.88,102675.9,102689.69,102709.53,102675.11
624062.196679925,5796,102688.08,104816.77,102692.28,111159.51,102672.93,102693.72,102701.19,102679.14
624062.217838914,5797,102687.0,104816.77,102686.16,111196.25,102678.87,102685.41,102704.42,102682.11
624062.237660971,5798,102687.0,104815.68,102683.18,111205.45,102669.74,102690.76,102701.46,102675.11
624062.258640128,5799,102693.16,104813.8,102691.23,111205.45,102670.8,102679.49,102687.2,102673.02
624062.27871031,5800,102684.06,104827.06,102692.28,111197.41,102677.81,102684.59,102698.23,102675.11
624062.302904529,5801,102682.99,104825.97,102680.2,111188.2,102675.9,102689.69,102699.31,102676.16
624062.323511072,5802,102692.09,104835.16,102687.21,111213.5,102670.8,102688.62,102695.27,102676.16
624062.343964745,5803,102681.13,104831.89,102685.27,111272.67,102678.87,102690.76,102700.38,102675.11
624062.364569275,5804,102701.19,104832.98,102692.28,111350.25,102680.78,102690.76,102698.23,102683.16
624062.385191542,5805,102689.15,104838.13,102685.27,111473.25,102674.84,102689.69,102705.49,102680.18
624062.405599676,5806,102682.99,104836.25,102683.18,111561.74,102688.0,102684.59,102704.42,102687.18
624062.426932257,5807,102689.15,104841.09,102691.23,111645.58,102679.93,102689.69,102699.31,102673.02
624062.450434009,5808,102685.14,104855.43,102693.33,111701.9,102678.87,102692.65,102695.27,102683.16
624062.470889734,5809,102690.23,104858.4,102688.25,111764.57,102670.8,102694.79,102699.31,102675.11
624062.491493874,5810,102690.23,104882.72,102688.25,111768.59,102666.77,102680.56,102696.35,102685.09
624062.511931251,5811,102681.13,104892.7,102691.23,111776.63,102669.74,102696.67,102704.42,102676.16
624062.534192287,5812,102688.08,104907.04,102690.19,111784.68,102674.84,102689.69,102697.42,102674.07
624062.553812308,5813,102684.06,104902.99,102687.21,111818.55,102678.87,102691.83,102699.31,102677.21
624062.573727777,5814,102686.22,104930.27,102691.23,111877.2,102675.9,102687.55,102711.42,102683.16
624062.594169831,5815,102697.18,104932.45,102683.18,111953.64,102678.87,102693.72,102687.2,102681.07
624062.618433335,5816,102687.29,104940.56,102691.23,112034.09,102670.8,102691.83,102707.38,102673.02
624062.638957404,5817,102691.01,104963.79,102693.33,112134.67,102673.78,102685.66,102701.19,102675.11
624062.659515113,5818,102684.06,104973.77,102687.21,112196.7,102671.86,102684.59,102695.27,102680.18
624062.67995877,5819,102690.23,105008.38,102686.32,112283.52,102674.84,102698.81,102700.38,102683.16
624062.700623041,5820,102694.24,105002.15,102683.18,112292.74,102682.91,102681.63,102697.42,102675.11
624062.721172418,5821,102693.16,105015.4,102685.27,112342.19,102670.8,102697.74,102698.23,102671.97
624062.741685029,5822,102685.14,105014.62,102684.23,112355.94,102674.84,102689.69,102695.27,102675.11
624062.762207656,5823,102697.18,105045.96,102698.4,112384.1,102670.8,102689.69,102704.42,102671.97
624062.786460874,5824,102687.0,105030.52,102690.35,112412.27,102671.86,102693.72,102695.27,102684.21
624062.806898332,5825,102693.16,105042.68,102692.28,112464.57,102681.0,102688.62,102704.42,102674.07
624062.827540289,5826,102689.15,105078.39,102693.33,112504.8,102672.93,102695.86,102685.31,102675.11
624062.847996194,5827,102696.1,105109.73,102693.33,112603.04,102677.81,102688.62,102700.38,102693.3
624062.868642208,5828,102688.08,105150.27,102685.27,112676.64,102678.87,102689.69,102691.23,102684.21
624062.889122871,5829,102697.18,105158.38,102692.28,112750.24,102678.87,102690.76,102701.46,102675.11
624062.909678968,5830,102685.14,105193.0,102682.13,112754.26,102678.87,102689.69,102713.57,102683.16
624062.930235285,5831,102689.15,105197.82,102687.21,112732.97,102670.8,102685.66,102695.27,102685.25
624062.954467061,5832,102682.99,105208.12,102683.18,112750.24,102668.68,102685.66,102703.34,102664.98
624062.974945841,5833,102685.14,105223.24,102691.39,112741.01,102677.81,102681.63,102695.27,102682.11
624062.995608389,5834,102687.0,105224.33,102687.21,112761.13,102671.86,102689.69,102700.38,102677.21
624063.016003473,5835,102689.15,105255.67,102691.23,112797.34,102678.87,102697.74,102694.19,102666.02
624063.036765081,5836,102689.15,105280.0,102685.27,112822.66,102669.74,102683.77,102705.49,102676.16
624063.057307878,5837,102688.86,105289.97,102693.33,112891.06,102681.0,102685.66,102699.31,102683.16
624063.077828411,5838,102693.16,105335.66,102675.13,112938.17,102676.96,102689.69,102696.35,102675.11
624063.098167931,5839,102697.18,105357.02,102685.27,113011.78,102670.8,102697.74,102700.38,102677.21
624063.122450764,5840,102693.16,105380.25,102693.33,113060.07,102669.74,102689.69,102686.12,102675.11
624063.142557872,5841,102691.3,105385.4,102671.1,113116.4,102678.87,102695.86,102697.42,102682.11
624063.163517579,5842,102696.1,105413.78,102683.18,113100.31,102677.81,102688.62,102696.35,102675.11
624063.184050642,5843,102697.18,105442.16,102686.16,113120.43,102677.81,102698.81,102690.16,102666.02
624063.204728333,5844,102698.25,105450.27,102684.23,113103.15,102669.74,102683.77,102704.42,102683.16
624063.225140933,5845,102682.99,105450.27,102675.13,113124.45,102669.74,102695.86,102700.38,102676.16
624063.245855159,5846,102701.19,105466.49,102684.23,113155.46,102671.86,102688.62,102699.31,102673.02
624063.265986504,5847,102686.22,105481.61,102690.35,113227.9,102672.93,102694.79,102701.46,102684.21
624063.290490982,5848,102681.13,105522.15,102683.18,113272.16,102676.96,102693.72,102707.38,102675.11
624063.310523297,5849,102685.14,105555.68,102688.25,113327.32,102681.84,102686.73,102695.27,102685.25
624063.33153938,5850,102687.0,105798.94,102684.23,113787.27,102671.86,102685.66,102688.27,102676.16
624063.352013062,5851,102682.99,107133.06,102668.12,116757.29,102670.8,102673.58,102680.2,102663.05
624063.372904667,5852,102684.06,107671.37,102669.17,117605.59,102663.79,102682.7,102693.38,102674.07
624063.393149713,5853,102684.06,107538.64,102683.18,117225.72,102666.77,102683.52,102696.35,102683.16
624063.413947937,5854,102695.02,107503.25,102685.27,117126.24,102670.8,102689.69,102705.49,102675.11
624063.434437924,5855,102678.19,107970.41,102675.13,118411.36,102670.8,102676.54,102685.31,102669.16
624063.457899906,5856,102666.94,109585.11,102650.97,122012.64,102637.46,102657.47,102668.09,102652.02
624063.478550886,5857,102674.96,109848.87,102659.02,122046.16,102658.7,102668.48,102688.27,102669.16
624063.499588602,5858,102689.15,109830.85,102677.22,121786.8,102670.8,102687.55,102687.2,102667.07
624063.519599575,5859,102701.19,109875.49,102677.22,121817.55,102672.93,102682.7,102695.27,102676.16
624063.540787477,5860,102676.04,111421.89,102660.07,121817.55,102646.59,102659.61,102652.75,102654.12
624063.56081821,5861,102677.11,111989.09,102660.07,121817.55,102642.56,102666.6,102676.16,102668.11
624063.581882596,5862,102685.14,111833.66,102675.13,121817.55,102658.49,102681.63,102685.31,102664.09
624063.605487323,5863,102674.96,111773.92,102675.13,121817.55,102662.73,102678.42,102696.35,102667.07
624063.625903278,5864,102685.14,111730.42,102687.21,121817.55,102653.6,102690.76,102707.38,102663.05
624063.646608531,5865,102685.14,111683.45,102688.25,121817.55,102662.73,102681.63,102697.42,102676.16
624063.667006029,5866,102685.14,111646.91,102676.17,121817.55,102666.77,102690.76,102688.27,102671.09
624063.687724731,5867,102685.14,111650.97,102684.23,121817.55,102670.8,102688.62,102691.23,102667.07
624063.708082629,5868,102674.96,111642.85,102683.18,121817.55,102679.93,102690.76,102696.35,102667.07
624063.73024148,5869,102681.13,111642.85,102691.23,121817.55,102670.8,102681.63,102698.23,102676.16
624063.749881291,5870,102685.14,111656.19,102686.16,121817.55,102673.78,102688.62,102695.27,102671.09
624063.773442994,5871,102691.01,111670.12,102683.18,121817.55,102674.84,102684.59,102699.31,102671.09
624063.793895564,5872,102695.02,111690.98,102688.25,121817.55,102670.8,102690.76,102695.27,102680.18
624063.814558523,5873,102689.15,111696.79,102689.3,121817.55,102670.8,102690.76,102699.31,102677.21
624063.835051995,5874,102693.16,111702.0,102691.23,121817.55,102669.74,102689.69,102694.19,102676.16
624063.855751179,5875,102690.23,111713.02,102693.33,121817.55,102672.93,102691.83,102701.46,102673.18
624063.876128476,5876,102689.15,111707.81,102683.18,121817.55,102669.74,102689.69,102697.42,102675.11
624063.896878847,5877,102689.15,111718.24,102685.27,121817.55,102656.57,102683.52,102695.27,102668.11
624063.917323936,5878,102678.19,111733.91,102685.27,121817.55,102670.8,102685.66,102695.27,102678.09
624063.941455089,5879,102686.22,111752.46,102693.33,121817.55,102670.8,102689.69,102695.27,102672.14
624063.964076911,5880,102685.14,111719.99,102691.23,121817.55,102665.71,102689.69,102703.34,102667.07
624063.982648436,5881,102685.14,111184.14,102687.21,121817.55,102689.91,102702.84,102720.57,102690.16
624064.003018943,5882,102650.89,110177.58,102660.07,123874.82,102642.56,102659.36,102668.09,102650.98
624064.023639257,5883,102669.09,110153.23,102650.97,123685.19,102636.4,102661.5,102662.98,102648.89
624064.044120922,5884,102661.06,109981.64,102662.0,123763.32,102650.63,102658.54,102672.13,102655.0
624064.064708346,5885,102654.9,110046.57,102660.07,123739.11,102638.52,102656.4,102681.27,102649.05
624064.085154848,5886,102669.09,109990.9,102657.98,123747.18,102648.51,102663.64,102672.94,102655.0
624064.109479744,5887,102666.94,109984.56,102676.17,123591.11,102640.65,102676.79,102679.12,102665.14
624064.129950612,5888,102673.1,110031.48,102669.17,123705.36,102665.71,102679.75,102684.24,102669.16
624064.150576054,5889,102677.11,109999.02,102675.13,123701.33,102665.71,102672.51,102679.12,102667.07
624064.171079913,5890,102686.22,110007.13,102680.2,123652.91,102657.64,102682.7,102686.12,102676.16
624064.191741649,5891,102677.11,110000.8,102675.13,123627.42,102662.73,102674.65,102686.12,102664.09
624064.212112717,5892,102682.99,109990.9,102680.2,123638.05,102669.74,102674.65,102695.27,102668.11
624064.232738709,5893,102674.96,109967.69,102684.23,123603.21,102661.67,102677.61,102689.08,102676.16
624064.253315408,5894,102674.96,109960.71,102684.23,123671.8,102675.69,102689.69,102695.27,102671.09
624064.277566493,5895,102694.24,109819.32,102695.26,123857.4,102664.64,102683.52,102695.27,102680.18
624064.297944751,5896,102701.19,109974.67,102716.44,124067.23,102676.75,102695.86,102704.42,102685.25
624064.318573688,5897,102704.91,110141.05,102689.3,124438.48,102690.98,102705.8,102720.57,102690.16
624064.339057607,5898,102669.09,110136.99,102667.07,123866.75,102654.66,102664.46,102687.2,102677.04
624064.360110245,5899,102676.04,109908.6,102661.11,123775.23,102666.77,102677.61,102681.27,102668.11
624064.380053816,5900,102681.13,109877.27,102675.13,123767.36,102660.61,102689.69,102687.2,102662.0
624064.400735452,5901,102678.97,109973.53,102685.27,123885.65,102669.74,102689.69,102703.34,102670.04
624064.421250437,5902,102701.19,109945.12,102690.19,124161.32,102690.98,102694.79,102702.27,102693.3
624064.445521963,5903,102697.18,109966.55,102696.31,124389.87,102668.68,102701.77,102704.42,102672.14
624064.466087274,5904,102677.11,109970.61,102660.07,123416.14,102646.59,102678.68,102680.2,102667.07
624064.486588168,5905,102677.11,109869.16,102675.13,123660.98,102664.86,102675.47,102699.31,102671.09
624064.507049462,5906,102708.14,109747.42,102696.31,123827.88,102678.87,102695.6,102705.49,102677.21
624064.527674423,5907,102689.15,110119.62,102682.29,124936.17,102664.64,102686.73,102695.27,102668.11
624064.548248077,5908,102628.97,112232.7,102632.93,124936.17,102590.11,102625.25,102636.87,102608.66
624064.568686756,5909,102608.9,112852.78,102614.73,124936.17,102606.25,102623.11,102623.69,102602.71
624064.589443106,5910,102619.87,112667.72,102610.71,124936.17,102601.15,102624.18,102624.5,102605.68
624064.613529342,5911,102642.86,112573.77,102627.86,124936.17,102622.39,102633.31,102654.9,102628.93
624064.633661588,5912,102632.98,112966.49,102622.78,124936.17,102612.19,102633.31,102630.68,102620.89
624064.654634195,5913,102580.82,115188.33,102570.44,124936.17,102551.68,102568.87,102575.25,102553.39
624064.675103081,5914,102579.74,115536.56,102580.59,124936.17,102573.97,102582.02,102582.24,102576.64
624064.69573328,5915,102624.95,115440.24,102610.71,124936.17,102618.35,102627.14,102634.72,102618.8
624064.715791434,5916,102631.12,115025.81,102623.83,124936.17,102593.08,102614.24,102631.76,102586.62
624064.736720155,5917,102607.04,114956.75,102604.74,124936.17,102597.12,102605.12,102628.8,102594.66
624064.75722233,5918,102645.02,114984.0,102645.01,124936.17,102610.28,102635.45,102646.83,102631.91
624064.780964135,5919,102636.99,114912.06,102645.9,124936.17,102621.32,102646.46,102646.83,102626.84
624064.801600163,5920,102658.91,114820.31,102659.02,124936.17,102628.33,102666.6,102662.98,102648.0
624064.822563165,5921,102668.01,114805.25,102657.98,124936.17,102657.64,102677.61,102684.24,102661.12
624064.84261513,5922,102658.13,114643.93,102657.09,124936.17,102623.45,102633.31,102657.05,102626.84
624064.86368881,5923,102689.15,112419.47,102707.34,124936.17,102707.12,102714.92,102739.67,102704.32
624064.883802668,5924,102851.81,107249.56,102869.45,120585.25,102870.42,102887.03,102898.19,102868.2
624064.905156041,5925,102975.12,102286.91,102967.14,112050.19,102957.28,102975.63,102970.85,102968.77
624064.925326325,5926,102956.91,99553.98,102970.11,107793.79,102969.38,102983.68,102985.92,102968.77
624064.948943261,5927,102928.05,95675.25,102934.92,107063.53,102920.96,102935.35,102938.55,102924.52
624064.970092135,5928,102850.73,94234.01,102876.45,107924.65,102851.3,102885.14,102879.08,102857.18
624064.990021714,5929,102826.65,93297.6,102832.32,107691.55,102812.87,102825.54,102840.59,102813.98
624065.010701298,5930,102787.31,92961.92,102806.07,107521.64,102779.74,102794.4,102808.3,102775.68
624065.031060408,5931,102757.36,92940.72,102773.86,107497.52,102759.57,102771.3,102792.15,102755.57
624065.051740612,5932,102751.49,93687.96,102756.7,107643.32,102731.32,102751.17,102759.86,102740.52
624065.07277944,5933,102733.29,93795.09,102736.57,107656.5,102718.16,102738.83,102743.71,102717.43
624065.096489086,5934,102717.24,93973.06,102723.44,107658.27,102711.15,102721.91,102736.71,102719.36
624065.116948357,5935,102718.32,94079.22,102719.42,107675.47,102703.08,102721.91,102727.56,102707.29
624065.137534399,5936,102718.32,94069.16,102716.44,107676.6,102699.05,102710.9,102727.56,102705.2
624065.157983034,5937,102713.23,94125.79,102721.51,107683.51,102701.17,102709.82,102727.56,102707.29
624065.178687024,5938,102701.19,94226.91,102716.44,107683.51,102705.2,102705.8,102713.57,102695.23
624065.199211774,5939,102710.29,94174.33,102703.31,107688.66,102706.05,102696.67,102716.53,102686.13
624065.219746869,5940,102695.02,94398.79,102707.34,107688.66,102685.88,102705.8,102718.41,102694.18
624065.240198218,5941,102701.19,94288.58,102695.26,107695.57,102684.82,102698.81,102709.53,102691.2
624065.264485278,5942,102677.11,94308.8,102693.33,107696.69,102680.78,102699.88,102701.19,102689.27
624065.284949846,5943,102681.91,94271.41,102692.28,107708.75,102686.94,102702.84,102706.3,102687.18
624065.305583311,5944,102695.02,94344.22,102696.31,107691.55,102678.87,102690.76,102704.42,102687.18
624065.326023863,5945,102697.18,94354.29,102700.33,107702.48,102682.91,102691.58,102704.42,102685.25
624065.346822727,5946,102695.02,94485.8,102697.35,107693.8,102686.94,102693.72,102705.49,102687.18
624065.367294607,5947,102690.23,94637.47,102691.23,107690.91,102682.91,102705.8,102707.38,102683.16
624065.38774841,5948,102695.32,94718.38,102693.33,107683.51,102678.87,102689.69,102705.49,102686.13
624065.408172317,5949,102698.25,94786.16,102689.3,107667.44,102682.91,102698.81,102702.27,102683.16
624065.432510514,5950,102685.14,94915.62,102683.18,107675.47,102678.87,102694.79,102708.46,102689.11
624065.45304647,5951,102693.16,94992.49,102689.3,107677.73,102681.0,102689.69,102711.42,102683.16
624065.477885535,5952,102680.05,94632.43,102692.28,107671.45,102678.87,102689.69,102688.27,102671.09
624065.495755419,5953,102676.04,95143.18,102688.25,107675.47,102681.0,102683.77,102696.35,102674.07
624065.516113267,5954,102681.13,94890.35,102675.13,107655.38,102681.0,102693.72,102695.27,102677.21
624065.535935344,5955,102682.2,95016.76,102694.37,107661.65,102674.84,102691.83,102703.34,102693.13
624065.558294458,5956,102682.99,95024.85,102689.3,107651.36,102686.94,102689.69,102701.19,102678.09
624065.581266979,5957,102691.01,95147.22,102683.18,107645.57,102683.97,102694.79,102703.34,102685.25
