t_pc,sample_idx,S0,S1,S2,S3,S4,S5,S6,S7
624065.793464707,5967,102689.15,95664.12,102693.33,107597.35,102681.84,102688.62,102691.23,102677.21
624065.809563534,5968,102686.22,95773.36,102685.27,107591.08,102679.93,102685.66,102707.38,102689.27
624065.830089846,5969,102686.22,95863.39,102691.23,107583.04,102670.8,102689.69,102698.23,102685.25
624065.850606333,5970,102682.99,95971.64,102680.2,107581.27,102670.8,102696.67,102694.19,102683.16
624065.871077472,5971,102685.14,96020.2,102693.33,107573.23,102677.81,102688.62,102696.35,102687.18
624065.89168061,5972,102678.97,96134.51,102696.31,107565.2,102677.81,102699.88,102695.27,102671.09
624065.912096475,5973,102693.16,96296.37,102688.25,107558.28,102672.93,102689.69,102703.34,102688.23
624065.937030664,5974,102682.99,96465.33,102689.3,107550.89,102678.87,102694.79,102689.35,102683.16
624065.956615272,5975,102686.22,96073.81,102685.27,107546.87,102670.8,102697.74,102687.2,102683.16
624065.97903724,5976,102681.13,96075.84,102680.2,107533.05,102672.93,102688.62,102699.31,102679.14
624065.998177927,5977,102694.24,96125.4,102693.33,107539.96,102685.03,102699.88,102700.38,102674.07
624066.018887617,5978,102698.25,96169.92,102698.24,107541.08,102668.68,102690.76,102699.31,102678.09
624066.039661804,5979,102681.13,96200.26,102691.23,107535.94,102671.86,102681.63,102696.35,102676.16
624066.059930326,5980,102686.22,96239.72,102692.28,107525.01,102679.93,102682.7,102682.08,102677.21
624066.080144205,5981,102694.24,96269.06,102685.27,107523.88,102681.84,102690.76,102696.35,102683.16
624066.103970528,5982,102698.25,96313.57,102687.21,107510.7,102678.87,102698.81,102700.38,102691.2
624066.124630733,5983,102686.22,96335.83,102684.23,107502.67,102671.86,102681.63,102687.2,102672.14
624066.145711022,5984,102686.22,96381.36,102675.13,107511.83,102670.8,102691.58,102699.31,102675.11
624066.165799322,5985,102681.13,96425.87,102683.18,107501.54,102666.77,102688.62,102695.27,102669.0
624066.186796046,5986,102689.15,96466.34,102693.33,107499.77,102670.8,102688.87,102703.34,102675.11
624066.206835341,5987,102701.19,96515.91,102691.23,107514.72,102686.94,102690.76,102703.34,102674.07
624066.227740066,5988,102699.33,96531.09,102691.23,107508.93,102679.93,102694.79,102695.27,102675.11
624066.248347351,5989,102692.09,96553.35,102692.28,107510.7,102682.91,102690.76,102699.31,102669.16
624066.271969114,5990,102689.94,96608.99,102693.33,107504.92,102670.8,102700.7,102701.19,102669.0
624066.292582958,5991,102693.16,96648.45,102696.31,107499.77,102670.8,102687.55,102707.38,102673.02
624066.313162301,5992,102689.15,96670.71,102700.33,107507.81,102696.07,102692.65,102702.27,102677.21
624066.334186956,5993,102685.14,96687.91,102704.36,107485.47,102686.94,102690.76,102696.35,102673.02
624066.354250549,5994,102693.16,96717.25,102693.33,107500.9,102670.8,102690.76,102687.2,102676.16
624066.374734316,5995,102685.14,96719.27,102672.15,107499.77,102685.03,102681.63,102697.42,102671.09
624066.395800756,5996,102684.06,96931.75,102691.23,107492.86,102685.03,102689.69,102696.35,102679.14
624066.419537623,5997,102687.0,97826.27,102692.28,107499.77,102681.0,102692.65,102699.31,102692.25
624066.439990544,5998,102687.0,96873.07,102695.26,107487.07,102678.87,102690.76,102696.35,102685.09
624066.460713724,5999,102683.28,96841.71,102679.31,107496.88,102670.8,102672.51,102693.38,102677.21
624066.481178884,6000,102693.16,96855.87,102675.13,107493.98,102671.86,102683.52,102697.42,102675.11
624066.501801411,6001,102690.23,96879.14,102692.28,107500.9,102685.88,102693.72,102705.49,102692.25
624066.522081,6002,102697.18,96933.78,102693.33,107491.73,102681.0,102698.81,102705.49,102687.18
624066.544394495,6003,102686.22,96944.91,102685.27,107502.02,102676.96,102690.76,102707.65,102683.16
624066.563456032,6004,102690.23,96973.24,102683.18,107503.14,102678.87,102689.69,102697.42,102675.11
624066.587520265,6005,102685.14,96992.46,102680.2,107500.9,102676.75,102697.74,102697.42,102691.2
624066.608073227,6006,102684.06,97013.71,102687.21,107500.9,102681.0,102696.67,102705.49,102701.34
624066.628671598,6007,102687.0,97052.15,102692.28,107495.11,102676.96,102693.72,102696.35,102692.25
624066.649266935,6008,102685.14,97067.34,102692.28,107499.13,102678.87,102687.55,102705.49,102693.3
624066.669738704,6009,102685.14,97088.58,102684.23,107504.92,102668.89,102694.79,102695.27,102691.2
624066.690104804,6010,102676.04,97113.88,102700.33,107496.88,102677.81,102704.73,102702.53,102683.16
624066.710775494,6011,102688.08,97132.1,102692.28,107487.07,102683.97,102691.58,102692.31,102688.23
624066.731220794,6012,102682.99,97158.4,102687.21,107503.14,102681.0,102691.58,102700.38,102684.21
624066.755564159,6013,102685.14,97176.6,102684.23,107493.98,102670.8,102693.72,102701.46,102693.3
624066.775991792,6014,102689.15,97210.0,102691.23,107499.13,102667.83,102693.72,102688.27,102687.18
624066.796632337,6015,102697.18,97231.25,102685.27,107488.84,102678.87,102690.76,102705.49,102696.27
624066.817095243,6016,102687.0,97252.51,102692.28,107500.9,102672.93,102697.74,102697.42,102696.27
624066.83769788,6017,102689.15,97257.58,102683.18,107500.9,102674.84,102692.65,102705.49,102692.25
624066.858155799,6018,102686.22,97292.98,102684.23,107508.93,102683.97,102689.69,102705.49,102687.18
624066.878766258,6019,102701.19,97298.02,102685.27,107503.14,102671.86,102694.79,102701.46,102684.21
624066.899227903,6020,102677.11,97321.32,102685.27,107500.9,102674.84,102696.67,102685.31,102692.25
624066.924023261,6021,102690.23,97344.58,102693.33,107496.88,102685.03,102689.69,102705.49,102697.32
624066.94403807,6022,102691.3,97356.73,102695.26,107504.27,102672.93,102689.69,102704.42,102685.25
624066.964646366,6023,102687.29,97371.9,102695.26,107503.14,102674.84,102689.69,102705.49,102685.25
624066.985098986,6024,102703.34,97376.96,102683.18,107495.11,102672.93,102687.8,102705.49,102693.3
624067.005727353,6025,102687.29,97406.32,102692.28,107508.93,102681.84,102684.59,102697.42,102693.3
624067.026169277,6026,102683.28,97408.33,102687.21,107503.14,102679.93,102687.8,102701.46,102690.32
624067.046827238,6027,102683.28,97428.56,102685.11,107500.9,102671.86,102698.81,102702.53,102684.21
624067.067245407,6028,102670.95,97443.73,102675.13,107502.02,102670.8,102691.83,102697.42,102694.34
624067.091551355,6029,102685.14,97464.01,102683.18,107495.75,102686.09,102695.6,102700.38,102691.2
624067.112011758,6030,102693.16,97482.2,102693.33,107496.88,102678.87,102705.8,102705.49,102696.27
624067.132698563,6031,102685.14,97494.35,102685.27,107492.86,102679.93,102681.63,102697.42,102680.18
624067.153161058,6032,102681.13,97510.54,102691.23,107492.86,102687.15,102697.74,102703.34,102685.25
624067.173829565,6033,102681.13,97525.71,102684.23,107500.9,102681.0,102688.62,102693.38,102689.27
624067.194137227,6034,102686.22,97532.78,102687.21,107498.0,102689.07,102689.69,102692.31,102684.21
624067.21477681,6035,102685.14,97542.92,102683.18,107500.9,102682.91,102700.7,102697.42,102687.18
624067.235330133,6036,102691.3,97559.11,102692.28,107498.0,102669.74,102698.81,102699.31,102692.25
624067.259574438,6037,102685.14,97577.3,102692.28,107495.11,102679.93,102680.56,102698.23,102692.25
624067.279660635,6038,102686.22,97582.37,102683.18,107507.16,102680.78,102695.6,102688.27,102693.3
624067.300754265,6039,102691.3,97600.61,102681.25,107495.11,102670.8,102698.81,102701.46,102680.18
624067.322144083,6040,102699.04,97617.82,102693.33,107496.88,102678.87,102690.76,102704.42,102685.25
624067.341790124,6041,102682.99,98520.57,102684.23,107503.14,102670.8,102698.81,102699.31,102688.23
624067.362476658,6042,102685.14,99723.13,102676.17,107503.14,102685.03,102689.69,102695.27,102691.2
624067.382854436,6043,102687.29,99892.17,102689.3,107500.9,102676.96,102697.74,102696.35,102685.25
624067.403389481,6044,102695.32,99929.66,102685.27,107495.11,102672.93,102693.72,102693.38,102691.2
624067.428071968,6045,102690.23,99940.77,102687.21,107503.14,102682.91,102692.65,102697.42,102673.02
624067.447629155,6046,102690.23,99949.91,102687.21,107502.67,102679.93,102689.69,102701.46,102686.3
624067.46869926,6047,102685.14,99947.82,102688.25,107503.14,102670.8,102689.69,102705.49,102693.3
624067.488778736,6048,102685.14,99943.77,102684.23,107503.14,102670.8,102695.86,102705.49,102692.25
624067.509717512,6049,102693.16,99938.68,102678.27,107503.14,102670.8,102689.69,102701.46,102691.2
624067.529847194,6050,102688.37,99943.77,102685.27,107493.98,102678.87,102689.69,102693.38,102691.2
624067.551118183,6051,102687.29,99953.96,102683.18,107505.39,102682.91,102701.77,102693.38,102697.32
624067.571504463,6052,102691.3,99947.82,102689.3,107503.14,102674.84,102694.79,102699.57,102693.3
624067.595030612,6053,102689.15,99942.85,102691.23,107500.9,102682.91,102698.81,102693.38,102685.25
624067.615703606,6054,102677.11,99951.87,102693.33,107507.16,102679.93,102692.65,102694.19,102696.27
624067.63623771,6055,102695.32,99964.02,102687.21,107507.16,102681.0,102693.72,102705.49,102693.3
624067.656730111,6056,102695.32,99949.91,102688.25,107487.07,102678.87,102694.79,102699.57,102685.25
624067.677812534,6057,102687.29,99974.21,102688.25,107510.06,102673.99,102689.69,102707.65,102687.18
624067.697833452,6058,102686.22,99967.15,102693.33,107488.84,102670.8,102689.69,102697.42,102689.27
624067.718824747,6059,102699.33,99962.97,102688.25,107495.11,102674.84,102684.59,102706.57,102693.3
624067.742552981,6060,102684.06,99974.21,102684.23,107503.14,102679.93,102690.76,102705.49,102689.27
624067.763035126,6061,102685.14,99974.21,102685.27,107503.14,102676.96,102688.62,102710.61,102693.3
624067.783620839,6062,102687.29,99993.41,102693.33,107503.14,102672.93,102688.62,102705.49,102685.25
624067.804109844,6063,102677.11,99996.42,102693.33,107495.11,102669.74,102697.74,102697.42,102684.21
624067.824801767,6064,102686.22,100005.56,102685.27,107500.9,102674.84,102689.69,102700.38,102695.23
624067.845202018,6065,102689.15,99997.46,102679.15,107503.14,102695.22,102682.45,102697.42,102693.3
624067.865792007,6066,102684.06,100014.7,102689.3,107491.09,102681.0,102695.86,102697.42,102703.27
624067.886273651,6067,102694.24,100013.66,102676.17,107502.02,102682.91,102689.69,102697.42,102677.21
624067.910582284,6068,102685.14,100020.71,102685.27,107503.14,102670.8,102691.83,102707.65,102683.16
624067.931019681,6069,102685.14,100021.76,102692.28,107504.92,102669.74,102680.56,102697.42,102689.27
624067.951647657,6070,102685.14,100024.76,102694.37,107504.27,102678.87,102697.74,102702.53,102680.18
624067.972120018,6071,102690.23,100051.15,102697.35,107502.02,102689.07,102696.67,102701.46,102689.27
624067.992759821,6072,102691.3,100058.21,102693.33,107495.11,102681.0,102683.52,102705.49,102681.23
624068.013201105,6073,102681.13,100063.3,102694.37,107488.19,102674.84,102689.43,102696.35,102691.2
624068.034823605,6074,102687.29,100069.31,102685.27,107501.37,102670.8,102681.63,102696.35,102693.3
624068.0543335,6075,102693.16,100076.36,102684.23,107495.11,102682.91,102691.83,102700.65,102689.27
624068.078575972,6076,102694.24,100087.6,102685.27,107505.39,102676.96,102689.69,102697.42,102693.3
624068.099148504,6077,102687.29,100088.65,102685.27,107504.27,102670.8,102696.67,102702.53,102692.25
624068.119671311,6078,102687.29,100094.65,102689.3,107485.95,102682.06,102680.56,102707.65,102697.32
624068.140131813,6079,102687.29,100101.71,102689.3,107504.27,102682.91,102697.74,102697.42,102693.3
624068.160804748,6080,102694.24,100123.0,102685.27,107505.39,102681.0,102689.69,102703.61,102696.27
624068.181319492,6081,102685.14,100126.01,102687.21,107507.16,102682.91,102688.62,102697.42,102693.3
624068.202249675,6082,102686.22,100136.2,102681.25,107503.14,102678.87,102689.69,102699.57,102697.32
624068.222444426,6083,102686.22,100140.11,102696.31,107500.25,102682.91,102687.55,102705.49,102684.21
624068.246594839,6084,102686.22,100148.35,102701.38,107496.23,102672.93,102675.72,102703.61,102687.35
624068.267059938,6085,102694.24,100158.4,102689.3,107500.25,102681.0,102687.55,102707.65,102689.27
624068.287707754,6086,102691.3,100157.36,102676.17,107504.27,102681.0,102689.69,102701.46,102687.18
624068.308118742,6087,102695.32,100174.6,102689.3,107504.27,102679.93,102689.69,102703.61,102689.27
624068.3288741,6088,102687.29,100172.65,102694.37,107504.27,102677.81,102696.67,102695.53,102687.18
624068.349341784,6089,102685.14,100175.65,102693.33,107504.27,102671.86,102687.55,102706.57,102693.13
624068.369867806,6090,102687.29,100184.8,102693.33,107504.27,102682.91,102687.55,102702.53,102685.25
624068.390419436,6091,102686.22,100199.95,102686.32,107491.09,102683.97,102686.48,102698.5,102690.32
624068.414615899,6092,102689.15,100209.1,102685.27,107502.02,102679.93,102689.69,102697.42,102684.21
624068.435088389,6093,102686.22,100205.05,102684.23,107499.13,102672.93,102700.7,102695.53,102685.25
624068.455694252,6094,102699.33,100207.0,102685.27,107497.36,102675.9,102687.55,102694.46,102686.3
624068.477292204,6095,102698.25,100220.2,102695.42,107492.86,102669.74,102683.77,102707.65,102692.25
624068.496769961,6096,102685.14,100222.16,102693.33,107500.25,102685.03,102695.86,102699.57,102691.37
624068.517342163,6097,102694.24,100224.25,102688.25,107495.11,102683.12,102697.74,102702.53,102683.16
624068.537932712,6098,102683.28,100241.49,102696.31,107503.14,102681.0,102690.76,102695.53,102698.37
624068.558401798,6099,102679.27,100236.4,102692.28,107495.11,102667.83,102691.58,102706.57,102681.23
624068.582650359,6100,102697.18,100240.45,102693.33,107491.09,102685.03,102680.56,102702.53,102693.3
624068.602643745,6101,102685.14,100253.64,102681.25,107503.14,102678.87,102694.79,102699.57,102681.23
624068.623679818,6102,102685.14,100264.75,102692.28,107500.9,102678.87,102684.59,102698.5,102686.3
624068.643836001,6103,102683.28,100256.65,102686.32,107503.14,102683.12,102687.55,102703.61,102683.16
624068.665020909,6104,102686.22,100255.6,102694.37,107495.11,102682.06,102687.55,102697.42,102685.25
624068.685065432,6105,102687.29,100268.8,102685.27,107504.27,102681.0,102697.74,102695.53,102685.25
624068.706141816,6106,102690.23,100273.89,102689.3,107493.34,102678.02,102694.79,102703.61,102689.27
624068.729570948,6107,102685.14,100280.95,102685.27,107500.25,102670.8,102697.74,102705.49,102680.18
624068.750630297,6108,102687.29,100281.99,102689.3,107503.14,102675.9,102691.83,102695.53,102691.37
624068.77067468,6109,102686.22,100288.0,102673.19,107503.14,102679.93,102690.76,102698.5,102685.25
624068.791702501,6110,102702.27,100298.19,102689.3,107503.14,102673.99,102697.74,102697.42,102690.32
624068.811735927,6111,102687.29,100305.25,102684.23,107489.96,102683.12,102691.83,102697.42,102693.3
624068.832794064,6112,102677.11,100297.15,102689.3,107499.13,102686.09,102686.73,102700.65,102693.3
624068.853275037,6113,102681.13,100306.29,102684.23,107493.34,102672.93,102696.67,102683.42,102685.25
624068.873829963,6114,102681.13,100314.39,102685.27,107500.25,102675.9,102690.76,102705.49,102693.3
624068.897582915,6115,102694.24,100326.54,102688.25,107491.09,102681.0,102690.76,102707.65,102695.39
624068.918064038,6116,102685.14,100326.54,102693.33,107499.13,102670.8,102693.72,102697.42,102689.27
624068.938693386,6117,102699.33,100317.4,102687.21,107503.14,102674.84,102694.79,102699.57,102685.25
624068.95916774,6118,102703.34,100334.64,102689.3,107491.09,102672.93,102685.66,102698.5,102690.32
624068.979781004,6119,102687.29,100330.59,102687.21,107491.09,102682.06,102693.72,102697.42,102694.34
624069.000940213,6120,102690.23,100338.69,102693.33,107503.14,102683.12,102706.87,102697.42,102677.21
624069.02094101,6121,102686.22,100334.64,102697.35,107499.13,102681.0,102693.72,102698.5,102689.27
624069.041858504,6122,102679.27,100341.7,102683.18,107503.14,102678.87,102691.83,102699.57,102694.34
624069.065591215,6123,102680.34,100346.79,102693.33,107491.09,102671.01,102689.69,102703.61,102685.25
624069.086050116,6124,102695.32,100352.8,102685.27,107496.23,102673.99,102692.65,102693.38,102685.25
624069.106674246,6125,102686.22,100354.89,102685.27,107495.11,102682.06,102697.74,102706.57,102685.25
624069.127198505,6126,102690.23,100361.95,102694.37,107496.23,102681.0,102695.86,102706.57,102690.32
624069.147874343,6127,102686.22,100357.9,102689.3,107499.13,102666.77,102696.67,102706.57,102686.3
624069.168327575,6128,102695.32,100352.8,102683.34,107491.09,102672.93,102695.86,102699.57,102681.23
624069.188925215,6129,102683.28,100353.85,102687.37,107495.11,102679.08,102689.69,102699.57,102694.34
624069.209284384,6130,102695.32,100361.95,102688.25,107504.27,102689.07,102698.81,102711.68,102686.3
624069.235062829,6131,102691.3,100362.99,102691.23,107496.23,102682.06,102681.63,102706.57,102685.25
624069.25410743,6132,102685.14,100362.99,102677.22,107507.16,102681.0,102689.69,102695.53,102686.3
624069.274809068,6133,102687.29,100360.9,102686.32,107489.32,102678.02,102694.79,102699.57,102687.35
624069.295196821,6134,102687.29,100366.0,102693.33,107487.07,102671.86,102689.69,102706.57,102690.32
624069.315897216,6135,102695.32,100371.09,102692.28,107483.05,102683.12,102693.72,102703.61,102688.23
624069.33619336,6136,102683.28,100383.24,102689.3,107488.19,102682.06,102689.69,102698.5,102697.32
624069.35713469,6137,102689.15,100375.14,102686.32,107479.03,102682.06,102699.88,102706.57,102685.25
624069.377252474,6138,102689.15,100386.25,102681.25,107487.07,102672.93,102693.72,102699.57,102693.3
624069.401631593,6139,102686.22,100384.29,102689.3,107497.36,102672.93,102702.84,102707.65,102683.32
624069.42206232,6140,102685.14,100396.44,102697.35,107491.09,102671.86,102689.69,102699.57,102693.3
624069.44271951,6141,102683.28,100380.1,102685.27,107492.86,102666.77,102685.66,102698.5,102685.25
624069.463329059,6142,102688.37,100391.34,102685.27,107493.34,102671.86,102693.72,102700.65,102693.3
624069.483904125,6143,102683.28,100396.3,102692.28,107495.11,102682.06,102689.69,102709.53,102686.3
624069.504411017,6144,102685.14,100404.54,102693.33,107488.19,102673.99,102698.81,102702.53,102677.21
624069.5252752,6145,102682.2,100403.49,102687.37,107491.09,102672.93,102685.66,102697.42,102685.25
624069.545335217,6146,102695.32,100407.54,102682.29,107483.05,102676.96,102689.69,102710.61,102695.39
624069.569639623,6147,102691.3,100413.69,102691.23,107497.36,102670.8,102693.72,102695.53,102685.25
624069.590119826,6148,102686.22,100405.45,102687.37,107496.23,102679.08,102689.69,102700.65,102683.32
624069.610755874,6149,102691.3,100411.59,102693.33,107489.32,102685.03,102688.62,102698.5,102694.34
624069.631255065,6150,102691.3,100418.65,102694.37,107492.21,102681.0,102697.74,102704.68,102693.3
624069.651762108,6151,102687.29,100417.6,102683.18,107505.39,102668.89,102690.76,102708.72,102698.37
624069.672494482,6152,102687.29,100418.65,102687.37,107487.07,102683.12,102698.81,102707.65,102687.35
624069.693089318,6153,102685.14,100426.75,102685.27,107500.25,102678.87,102683.77,102694.46,102691.37
624069.713514647,6154,102686.22,100431.84,102684.23,107487.07,102676.96,102689.69,102708.72,102683.16
624069.737682256,6155,102697.18,100433.8,102681.25,107491.09,102673.99,102697.74,102707.65,102695.39
624069.758083429,6156,102681.13,100420.6,102686.32,107493.34,102679.93,102698.81,102699.57,102691.37
624069.78014346,6157,102687.29,100425.7,102679.31,107489.32,102676.96,102683.77,102706.57,102691.37
624069.799223395,6158,102686.22,100433.8,102683.18,107493.34,102672.93,102683.52,102703.61,102682.28
624069.819853755,6159,102683.28,100442.95,102684.23,107488.19,102689.07,102686.73,102698.5,102686.3
624069.840313977,6160,102691.3,100433.8,102677.22,107492.21,102672.93,102690.76,102703.61,102685.25
624069.86086744,6161,102682.2,100444.0,102687.21,107488.19,102666.98,102693.72,102698.5,102685.25
624069.881337628,6162,102691.3,100435.9,102685.27,107492.21,102683.97,102689.69,102699.57,102694.34
624069.90565277,6163,102687.29,100444.0,102689.3,107479.03,102672.93,102693.72,102699.57,102687.35
624069.925763233,6164,102690.23,100445.04,102687.21,107489.32,102678.02,102695.86,102705.49,102689.27
624069.946741469,6165,102677.11,100460.2,102685.27,107497.36,102681.0,102699.88,102696.61,102690.32
624069.967251346,6166,102689.15,100458.1,102687.37,107493.34,102675.05,102688.62,102703.61,102687.35
624069.987854805,6167,102678.19,100460.2,102685.27,107489.32,102673.99,102690.76,102698.5,102693.3
624070.008510803,6168,102689.15,100452.1,102695.42,107481.28,102686.09,102691.83,102695.53,102687.35
624070.029465743,6169,102680.34,100457.19,102685.27,107483.05,102681.0,102690.76,102705.76,102693.3
624070.052610826,6170,102686.22,100469.34,102684.23,107481.28,102673.99,102699.88,102704.68,102689.27
624070.073659929,6171,102699.33,100468.3,102684.23,107489.32,102668.89,102707.94,102707.65,102689.27
624070.093706145,6172,102691.3,100484.5,102696.31,107479.03,102681.0,102683.77,102699.57,102682.28
624070.114754286,6173,102695.32,100467.25,102693.33,107487.07,102676.96,102695.86,102701.46,102685.25
624070.134774533,6174,102683.28,100468.3,102685.27,107481.28,102681.0,102678.68,102703.61,102685.25
624070.155860071,6175,102687.29,100480.45,102684.23,107488.19,102672.93,102691.83,102699.57,102694.34
624070.175865766,6176,102689.44,100480.45,102681.25,107489.32,102683.12,102695.86,102707.65,102695.39
624070.196866065,6177,102694.24,100480.45,102693.33,107489.32,102683.12,102689.69,102699.57,102681.23
624070.220686428,6178,102695.32,100476.4,102687.37,107476.14,102670.8,102685.66,102699.57,102694.34
624070.241084416,6179,102678.19,100488.55,102684.23,107475.01,102681.0,102697.74,102697.42,102691.37
624070.261714215,6180,102686.22,100494.55,102693.33,107481.28,102676.96,102689.69,102701.72,102687.35
624070.282151944,6181,102671.24,100484.5,102693.33,107489.32,102682.06,102699.88,102689.35,102685.25
624070.302788883,6182,102686.22,100488.55,102686.32,107489.32,102673.99,102695.86,102705.49,102683.32
624070.323819258,6183,102678.19,100476.4,102685.27,107489.32,102685.03,102692.65,102701.46,102687.35
624070.343865734,6184,102699.33,100492.6,102685.27,107489.32,102683.12,102698.81,102709.53,102681.23
624070.364960366,6185,102691.3,100508.8,102690.35,107481.28,102683.97,102695.86,102699.57,102685.25
624070.38863548,6186,102679.27,100509.85,102698.4,107473.24,102663.79,102681.63,102686.39,102687.35
624070.409082883,6187,102687.29,100500.7,102678.27,107489.32,102662.73,102705.8,102706.57,102701.51
624070.429696677,6188,102686.22,100493.65,102693.33,107480.16,102670.8,102694.79,102694.46,102696.44
624070.450154846,6189,102688.37,100511.8,102693.33,107477.26,102691.19,102689.69,102703.61,102692.42
624070.470864325,6190,102691.3,100520.95,102685.27,107489.32,102680.15,102699.88,102699.57,102694.34
624070.491250546,6191,102686.22,100507.75,102677.22,107468.1,102667.83,102690.76,102712.76,102692.25
624070.511846744,6192,102695.32,100512.85,102683.18,107488.19,102675.9,102690.76,102699.57,102693.3
624070.532348589,6193,102687.29,100525.0,102685.27,107470.99,102690.13,102698.81,102696.61,102698.37
624070.556629579,6194,102688.37,100526.05,102689.3,107475.01,102682.06,102698.81,102699.57,102681.23
624070.577094749,6195,102687.29,100516.9,102695.42,107489.32,102675.05,102693.72,102695.53,102685.25
624070.597720101,6196,102686.22,100515.85,102685.27,107477.26,102665.92,102699.88,102707.65,102692.25
624070.618156918,6197,102689.44,100534.15,102685.27,107478.38,102675.05,102684.59,102701.72,102679.3
624070.63876927,6198,102687.29,100529.05,102695.42,107481.28,102677.81,102686.73,102701.72,102685.25
624070.659286769,6199,102683.28,100533.1,102685.27,107484.17,102671.86,102699.88,102699.57,102685.25
624070.679851059,6200,102694.24,100532.05,102692.28,107481.28,102681.0,102690.76,102699.57,102693.3
624070.700340355,6201,102691.3,100541.2,102677.22,107477.26,102679.08,102688.62,102693.65,102687.35
624070.724650009,6202,102687.29,100542.25,102682.29,107476.14,102668.89,102693.72,102706.57,102694.34
624070.745086275,6203,102682.2,100533.1,102677.22,107480.16,102672.93,102682.7,102699.57,102683.16
624070.765754091,6204,102687.29,100541.2,102679.31,107478.38,102683.12,102697.74,102699.57,102694.34
624070.786290027,6205,102685.14,100549.3,102684.23,107477.26,102678.87,102681.63,102711.68,102695.39
624070.806868288,6206,102687.29,100558.45,102693.33,107473.24,102673.99,102700.95,102699.57,102694.34
624070.827290072,6207,102681.13,100545.25,102676.17,107474.37,102669.95,102689.69,102695.53,102694.34
624070.849227448,6208,102686.22,100549.3,102693.33,107481.28,102681.0,102693.72,102703.61,102703.44
624070.868336998,6209,102703.34,100552.45,102693.33,107473.24,102674.84,102689.69,102709.8,102694.34
624070.892681204,6210,102694.24,100549.3,102677.22,107473.24,102672.93,102689.69,102702.53,102683.32
624070.913160435,6211,102696.39,100555.3,102693.33,107473.24,102682.06,102689.69,102704.68,102693.3
624070.933779688,6212,102683.28,100557.4,102676.17,107478.38,102670.8,102697.74,102695.53,102685.25
624070.954216094,6213,102679.27,100561.45,102685.27,107475.49,102683.97,102681.63,102697.69,102684.21
624070.974838702,6214,102687.29,100557.4,102686.32,107470.35,102685.03,102702.84,102697.69,102689.27
624070.995330091,6215,102688.37,100556.35,102678.27,107474.37,102681.0,102691.58,102695.53,102693.46
624071.015960801,6216,102693.46,100557.4,102685.27,107475.49,102678.02,102690.76,102699.57,102695.39
624071.036344708,6217,102681.13,100573.6,102687.37,107481.28,102678.02,102692.9,102697.69,102683.32
624071.06095731,6218,102687.29,100570.6,102693.33,107481.28,102671.86,102689.69,102703.61,102677.21
624071.081178461,6219,102686.22,100561.45,102687.37,107473.24,102679.08,102697.74,102706.57,102685.25
624071.102171228,6220,102686.22,100565.5,102685.27,107473.24,102673.99,102696.67,102707.65,102686.3
624071.122254561,6221,102683.28,100565.5,102689.3,107473.24,102681.0,102688.62,102699.57,102685.25
624071.142840172,6222,102679.27,100572.55,102694.37,107474.37,102672.93,102683.77,102700.65,102685.25
624071.16339,6223,102683.28,100584.7,102687.37,107470.35,102682.06,102682.7,102702.53,102685.25
624071.183903213,6224,102696.39,100573.6,102689.3,107482.4,102689.07,102690.76,102698.5,102693.3
624071.204347981,6225,102687.29,100581.7,102689.3,107474.37,102668.89,102689.69,102707.65,102687.35
624071.22912343,6226,102682.2,100572.55,102685.27,107491.57,102674.84,102703.66,102692.57,102690.32
624071.249180773,6227,102688.37,100575.55,102686.32,107481.28,102676.96,102681.63,102704.68,102680.35
624071.26988266,6228,102687.29,100587.7,102694.37,107474.37,102670.8,102690.76,102700.65,102688.39
624071.290257423,6229,102694.53,100594.9,102686.32,107473.24,102667.83,102682.7,102696.61,102690.32
624071.310856876,6230,102687.29,100594.9,102685.27,107473.24,102686.09,102696.93,102704.68,102696.44
624071.331359623,6231,102686.22,100589.8,102683.34,107475.49,102681.0,102695.86,102695.53,102679.3
624071.352019367,6232,102688.37,100606.0,102689.3,107474.37,102681.0,102691.83,102705.76,102695.39
624071.375657535,6233,102692.38,100606.0,102677.22,107473.24,102675.05,102690.76,102695.53,102694.34
624071.396729643,6234,102693.46,100612.15,102685.27,107470.35,102665.92,102686.73,102695.53,102691.37
624071.416808668,6235,102681.13,100607.05,102682.29,107475.49,102681.0,102690.76,102703.61,102688.39
624071.437837621,6236,102687.29,100607.05,102685.27,107474.37,102675.05,102697.74,102707.65,102691.37
624071.457849695,6237,102687.29,100610.05,102683.18,107475.49,102676.96,102689.69,102708.72,102691.37
624071.479024338,6238,102687.29,100609.9,102693.33,107475.49,102679.93,102691.83,102699.57,102686.3
624071.49926653,6239,102687.29,100622.2,102692.28,107475.49,102678.87,102685.66,102699.57,102685.25
624071.519826063,6240,102683.28,100614.1,102677.22,107478.38,102672.93,102691.83,102707.65,102689.27
624071.543643192,6241,102688.37,100614.1,102690.35,107462.31,102675.05,102693.72,102699.57,102693.3
624071.564143715,6242,102687.29,100626.25,102694.37,107473.24,102672.93,102694.79,102703.61,102687.35
624071.584805843,6243,102679.27,100622.2,102687.37,107473.24,102678.87,102700.7,102699.57,102694.34
624071.605251363,6244,102691.3,100625.2,102685.27,107475.49,102672.93,102700.7,102699.57,102690.32
624071.625907642,6245,102695.32,100629.25,102685.27,107474.37,102674.84,102685.66,102699.57,102696.44
624071.64684156,6246,102689.15,100626.25,102701.38,107467.45,102672.93,102699.88,102696.61,102689.27
624071.666971583,6247,102686.22,100635.4,102691.39,107478.38,102672.93,102698.81,102701.72,102696.44
624071.69004022,6248,102678.19,100639.45,102685.27,107465.2,102683.12,102690.76,102699.57,102686.3
624071.71166943,6249,102687.29,100638.4,102687.37,107474.37,102678.02,102694.79,102699.57,102691.37
624071.732110714,6250,102683.28,100648.61,102695.42,107465.2,102676.96,102698.81,102699.57,102692.42
624071.752728805,6251,102687.29,100630.3,102685.27,107465.2,102673.99,102687.8,102694.46,102693.3
624071.773262819,6252,102691.3,100642.45,102685.27,107473.24,102672.93,102690.76,102703.61,102687.35
624071.793939879,6253,102703.34,100638.4,102686.32,107474.37,102679.93,102689.69,102695.53,102686.3
624071.81562289,6254,102686.22,100638.4,102689.3,107469.7,102671.86,102694.79,102700.65,102686.3
624071.835077101,6255,102683.28,100647.55,102687.37,107465.2,102672.93,102683.77,102703.61,102691.37
624071.856384494,6256,102688.37,100642.45,102690.35,107466.33,102681.0,102683.77,102703.61,102684.37
624071.879673294,6257,102683.28,100641.4,102677.22,107473.24,102668.89,102686.73,102695.53,102687.35
624071.900147097,6258,102687.29,100663.76,102678.27,107475.49,102679.93,102693.72,102707.65,102695.39
624071.920752469,6259,102689.15,100664.81,102685.27,107469.22,102671.86,102698.81,102698.5,102687.35
624071.941230548,6260,102686.22,100647.55,102687.37,107475.49,102681.0,102693.72,102699.57,102695.39
624071.96215995,6261,102687.29,100662.7,102689.3,107466.33,102687.15,102691.83,102700.65,102687.35
624071.982249582,6262,102683.28,100666.76,102690.35,107465.2,102676.11,102691.83,102689.35,102693.3
624072.002960573,6263,102694.24,100645.45,102693.33,107474.37,102672.93,102698.81,102706.57,102690.32
624072.023379934,6264,102696.39,100673.8,102686.32,107466.33,102672.93,102690.76,102701.72,102695.39
624072.047681636,6265,102687.29,100662.7,102695.42,107467.45,102671.86,102699.88,102701.72,102687.35
624072.06812309,6266,102696.39,100646.5,102679.31,107466.33,102685.24,102690.76,102707.65,102695.39
624072.08876733,6267,102695.32,100674.86,102689.3,107458.29,102679.08,102698.81,102700.65,102676.16
624072.109253001,6268,102687.29,100670.81,102689.3,107471.47,102675.05,102687.8,102699.57,102679.3
624072.129901608,6269,102683.28,100664.81,102691.39,107457.17,102672.93,102692.9,102704.68,102681.39
624072.150289561,6270,102687.29,100678.91,102693.33,107469.22,102670.8,102693.72,102698.5,102694.34
624072.170901272,6271,102676.33,100662.7,102681.25,107466.33,102681.0,102695.86,102701.72,102695.39
624072.191389266,6272,102692.38,100669.75,102690.35,107467.45,102684.18,102686.73,102692.57,102685.25
624072.215707633,6273,102687.29,100678.91,102693.33,107475.49,102679.08,102698.81,102701.72,102683.16
624072.236141386,6274,102691.3,100672.75,102677.22,107467.45,102683.12,102695.86,102698.5,102685.42
624072.256776082,6275,102687.29,100672.75,102689.3,107455.4,102662.73,102696.67,102697.69,102683.32
624072.277264647,6276,102687.29,100670.81,102682.29,107458.29,102683.12,102694.79,102692.57,102688.39
624072.2979898,6277,102687.29,100676.8,102694.37,107467.45,102679.93,102690.76,102701.72,102700.46
624072.31831008,6278,102686.22,100672.75,102697.35,107459.41,102672.93,102698.0,102691.5,102686.3
624072.339090157,6279,102688.37,100677.86,102695.42,107460.54,102672.93,102682.7,102691.5,102688.39
624072.359424769,6280,102689.44,100684.9,102695.42,107457.17,102668.89,102687.8,102701.46,102678.25
624072.383724978,6281,102692.38,100673.8,102693.33,107467.45,102678.02,102693.97,102695.53,102691.37
624072.40421808,6282,102691.3,100695.11,102687.37,107458.29,102681.0,102689.69,102700.65,102683.32
624072.424851074,6283,102689.15,100687.01,102683.34,107457.17,102685.03,102690.76,102698.5,102696.44
624072.445262122,6284,102683.28,100694.06,102693.33,107457.17,102676.96,102685.66,102705.76,102686.3
624072.466054526,6285,102687.29,100685.96,102683.18,107469.7,102675.05,102699.88,102697.69,102684.37
624072.486549722,6286,102687.29,100695.11,102685.27,107459.41,102672.93,102693.72,102699.57,102679.3
624072.506987159,6287,102680.34,100688.06,102681.25,107474.37,102678.02,102683.77,102690.42,102690.32
624072.53069989,6288,102679.27,100699.16,102693.33,107467.45,102675.05,102691.83,102703.61,102686.3
624072.551748512,6289,102684.36,100705.31,102685.27,107454.27,102675.05,102691.83,102701.72,102687.35
624072.572167092,6290,102701.48,100703.21,102677.22,107465.68,102682.06,102697.74,102699.57,102695.39
624072.592831032,6291,102688.37,100702.16,102685.27,107457.17,102671.86,102691.83,102713.83,102696.44
624072.613466459,6292,102694.24,100699.16,102687.37,107459.41,102675.05,102685.66,102704.68,102685.25
624072.633857617,6293,102687.29,100698.11,102694.37,107471.47,102678.02,102691.83,102704.68,102689.44
624072.654368286,6294,102687.29,100703.21,102687.37,107466.33,102676.11,102691.83,102683.42,102687.35
624072.675261974,6295,102682.5,100715.36,102695.42,107456.52,102681.0,102690.76,102701.72,102683.32
624072.698695522,6296,102692.38,100725.56,102685.27,107459.41,102685.03,102693.72,102684.5,102694.34
624072.719712076,6297,102687.29,100720.46,102685.27,107459.41,102675.05,102691.83,102703.87,102688.39
624072.739748117,6298,102686.22,100707.26,102678.27,107459.41,102670.8,102686.73,102700.65,102687.35
624072.76081755,6299,102683.28,100713.41,102695.42,107454.27,102668.89,102686.73,102695.53,102694.34
624072.781242609,6300,102687.29,100721.51,102687.37,107442.21,102682.06,102683.77,102698.5,102679.3
624072.801968183,6301,102682.2,100711.31,102685.27,107461.66,102673.99,102691.83,102709.8,102692.42
624072.823236748,6302,102696.39,100718.36,102691.39,107459.41,102672.93,102702.84,102699.57,102686.3
624072.843098244,6303,102687.29,100727.51,102693.33,107453.15,102679.08,102688.87,102700.65,102697.48
624072.866708561,6304,102686.22,100729.61,102680.2,107462.31,102673.99,102687.8,102703.61,102698.53
624072.887171948,6305,102687.29,100731.56,102701.38,107455.4,102681.0,102685.66,102699.57,102692.42
624072.907774425,6306,102676.33,100723.46,102685.27,107460.54,102676.96,102694.79,102701.72,102686.3
624072.928214988,6307,102686.22,100723.46,102695.42,107456.52,102672.93,102692.9,102701.72,102696.44
624072.948864717,6308,102691.3,100723.46,102687.37,107447.36,102675.05,102682.7,102695.53,102691.37
624072.969930124,6309,102683.28,100723.46,102689.3,107459.41,102683.12,102699.88,102696.61,102703.44
624072.989911121,6310,102687.29,100727.51,102685.27,107459.41,102679.08,102691.83,102700.65,102691.37
624073.010971862,6311,102703.34,100731.56,102691.39,107461.66,102672.93,102693.72,102688.54,102685.25
624073.034703912,6312,102688.37,100735.61,102690.35,107458.29,102673.99,102689.69,102709.8,102686.3
624073.055140929,6313,102690.52,100735.61,102685.27,107456.52,102678.87,102693.72,102694.46,102696.44
624073.075764178,6314,102680.34,100728.56,102686.32,107459.41,102679.08,102691.83,102703.61,102687.35
624073.096208276,6315,102697.47,100733.66,102683.18,107459.41,102672.93,102691.83,102702.8,102683.32
624073.116910885,6316,102688.37,100747.76,102690.35,107455.4,102681.0,102690.76,102708.72,102689.44
624073.137480973,6317,102679.27,100744.76,102686.32,107461.66,102672.93,102691.83,102697.69,102678.25
624073.158007366,6318,102689.15,100737.71,102679.31,107459.41,102682.06,102691.83,102699.57,102693.3
624073.178404483,6319,102680.34,100752.86,102686.32,107455.4,102675.05,102700.95,102708.72,102683.32
624073.202725914,6320,102687.29,100735.61,102686.32,107459.41,102685.03,102699.88,102699.57,102676.32
624073.223154939,6321,102683.28,100750.76,102673.19,107460.54,102673.99,102689.69,102696.61,102683.32
624073.243873402,6322,102691.3,100754.97,102692.28,107458.29,102672.93,102691.83,102703.61,102693.3
624073.264243518,6323,102690.52,100757.97,102677.22,107461.66,102683.12,102695.86,102696.61,102688.39
624073.284871885,6324,102687.29,100744.76,102677.22,107456.52,102671.01,102690.76,102708.72,102696.44
624073.30542046,6325,102687.29,100756.91,102690.35,107459.41,102672.93,102691.83,102707.65,102687.35
624073.326174397,6326,102689.44,100751.81,102689.3,107454.27,102684.18,102695.86,102693.65,102693.46
624073.346585836,6327,102679.27,100750.92,102685.27,107455.4,102683.12,102695.86,102700.65,102679.3
624073.370713564,6328,102689.44,100755.86,102684.23,107457.64,102683.12,102699.88,102703.61,102687.35
624073.391198303,6329,102691.3,100759.91,102686.16,107459.41,102676.96,102698.81,102692.57,102694.34
624073.412132191,6330,102687.29,100752.71,102691.39,107459.41,102687.15,102689.69,102696.61,102687.35
624073.432445451,6331,102687.29,100760.96,102685.27,107458.29,102675.05,102691.83,102704.68,102689.44
624073.453033327,6332,102688.37,100762.02,102691.39,107451.38,102682.06,102693.72,102699.57,102695.39
624073.473436733,6333,102691.3,100771.17,102678.27,107447.36,102675.05,102688.62,102695.53,102681.23
624073.494103888,6334,102687.29,100760.96,102687.37,107461.66,102673.99,102695.86,102701.72,102689.27
624073.514459372,6335,102687.29,100759.91,102687.37,107455.4,102673.99,102704.98,102717.87,102679.3
624073.538795115,6336,102673.39,100769.06,102685.27,107467.45,102683.12,102686.73,102700.65,102689.44
624073.55916427,6337,102683.28,100793.37,102696.47,107458.29,102672.93,102690.76,102700.65,102687.35
624073.579914811,6338,102688.37,100784.21,102691.39,107453.62,102673.99,102684.84,102698.5,102695.39
624073.60022713,6339,102687.29,100784.21,102685.27,107460.54,102679.08,102699.88,102704.68,102678.25
624073.621037662,6340,102683.28,100778.22,102693.33,107463.43,102683.12,102689.69,102699.57,102680.35
624073.641312073,6341,102683.28,100776.11,102694.37,107457.64,102681.0,102691.83,102709.8,102684.37
624073.662050686,6342,102683.28,100785.27,102689.3,107453.62,102685.03,102683.77,102701.72,102693.46
624073.682473011,6343,102687.29,100784.21,102685.27,107461.66,102689.07,102686.73,102691.5,102694.34
624073.706764587,6344,102692.38,100778.22,102686.32,107461.66,102679.08,102682.7,102707.65,102689.27
624073.727180302,6345,102687.29,100779.11,102689.3,107453.62,102687.15,102703.91,102704.68,102695.39
624073.747837282,6346,102688.37,100776.11,102686.32,107457.64,102689.07,102695.86,102702.53,102687.35
624073.768258495,6347,102684.36,100782.27,102683.18,107448.48,102678.02,102683.77,102696.61,102688.39
624073.788919241,6348,102691.3,100800.42,102689.3,107447.36,102689.07,102697.74,102695.53,102683.32
624073.809376419,6349,102688.37,100794.42,102694.37,107451.38,102682.06,102687.8,102699.57,102687.35
624073.829960879,6350,102699.62,100792.32,102693.33,107453.15,102671.86,102691.83,102702.8,102697.48
624073.853831409,6351,102689.44,100793.37,102685.27,107452.5,102679.08,102691.83,102695.53,102689.44
624073.87478039,6352,102689.44,100780.16,102688.25,107451.38,102685.24,102691.83,102709.8,102687.35
624073.894879576,6353,102688.37,100794.42,102685.27,107455.4,102671.01,102693.72,102701.72,102697.48
624073.915795438,6354,102687.29,100792.32,102678.27,107447.36,102673.14,102694.79,102701.72,102701.51
624073.935970869,6355,102688.37,100794.42,102690.35,107447.36,102682.06,102685.66,102699.57,102679.3
624073.956956156,6356,102684.36,100796.37,102689.3,107451.38,102673.99,102688.87,102705.76,102693.46
624073.977411731,6357,102678.19,100800.42,102685.27,107451.38,102675.05,102689.69,102691.5,102688.39
624073.99798918,6358,102687.29,100802.52,102691.39,107444.46,102675.05,102691.83,102704.68,102688.39
624074.021723544,6359,102687.29,100798.47,102687.37,107460.54,102678.02,102690.76,102709.8,102696.44
624074.04274842,6360,102689.44,100796.37,102677.22,107453.62,102672.93,102682.7,102692.57,102692.42
624074.062867416,6361,102687.29,100800.42,102689.3,107457.64,102683.12,102689.69,102705.76,102694.51
624074.083851631,6362,102687.29,100791.26,102685.27,107456.52,102676.96,102699.88,102707.65,102689.44
624074.105149721,6363,102683.28,100804.47,102687.37,107449.6,102683.12,102689.69,102705.76,102687.35
624074.124950917,6364,102689.44,100800.42,102687.37,107451.38,102672.08,102685.66,102705.76,102684.37
624074.145396587,6365,102689.44,100805.52,102682.29,107447.36,102683.12,102686.73,102693.65,102692.42
624074.166042139,6366,102681.13,100804.47,102687.37,107461.66,102682.06,102696.93,102699.57,102690.32
624074.189710854,6367,102686.22,100803.41,102689.3,107449.6,102681.0,102681.63,102701.72,102695.39
624074.210251538,6368,102687.29,100808.52,102686.32,107452.5,102670.8,102689.69,102692.57,102686.3
624074.230849358,6369,102684.36,100808.52,102695.42,107458.29,102671.01,102695.86,102699.57,102680.35
624074.251881445,6370,102689.44,100818.72,102696.47,107448.48,102673.99,102695.86,102700.65,102687.35
624074.271894742,6371,102687.29,100811.67,102677.22,107445.59,102673.99,102697.74,102695.8,102680.35
624074.292928261,6372,102678.19,100810.62,102687.37,107451.38,102681.0,102694.79,102700.65,102689.44
624074.312937702,6373,102691.3,100812.57,102687.37,107453.62,102683.12,102701.77,102705.76,102694.34
624074.334019343,6374,102679.27,100816.62,102682.29,107447.36,102684.18,102696.93,102709.8,102691.37
624074.357732716,6375,102693.46,100812.57,102687.37,107445.59,102672.93,102691.83,102701.72,102697.48
624074.378217325,6376,102688.37,100810.46,102692.28,107449.6,102683.12,102691.83,102699.57,102695.39
624074.400093188,6377,102696.39,100812.57,102695.42,107452.5,102675.05,102691.83,102702.53,102688.39
624074.419314006,6378,102687.29,100820.67,102684.23,107455.4,102675.05,102691.83,102691.5,102681.39
624074.439960279,6379,102688.37,100829.82,102677.22,107443.34,102688.0,102699.88,102697.69,102696.44
624074.460365869,6380,102681.13,100815.57,102686.32,107437.55,102676.96,102685.66,102699.84,102686.3
624074.481019934,6381,102687.29,100830.87,102686.32,107451.38,102672.93,102699.88,102704.68,102696.44
624074.502003888,6382,102690.52,100821.72,102695.42,107441.57,102681.0,102699.88,102700.65,102687.35
624074.525735478,6383,102687.29,100824.72,102691.39,107443.34,102676.96,102694.79,102700.65,102691.37
624074.546213407,6384,102687.29,100820.67,102686.32,107444.46,102683.12,102689.69,102699.57,102685.42
624074.566853852,6385,102683.28,100829.82,102689.3,107448.48,102683.12,102694.79,102689.61,102688.39
624074.587277389,6386,102691.3,100833.87,102687.37,107457.64,102681.0,102682.7,102695.53,102696.44
624074.608023003,6387,102688.37,100831.77,102689.3,107443.34,102679.08,102690.76,102699.57,102687.35
624074.628478658,6388,102693.46,100834.92,102691.39,107456.52,102684.18,102691.83,102703.61,102687.35
624074.648954154,6389,102701.48,100833.87,102686.32,107445.59,102675.05,102694.79,102683.42,102687.35
624074.669501207,6390,102700.41,100832.82,102686.32,107445.59,102675.05,102687.8,102708.72,102696.44
624074.69377722,6391,102691.3,100834.92,102695.42,107439.32,102673.99,102694.79,102705.76,102684.37
624074.714226716,6392,102687.29,100832.82,102691.39,107442.21,102678.02,102698.81,102695.53,102691.37
624074.73483341,6393,102690.23,100828.77,102687.37,107445.59,102671.01,102693.72,102695.53,102687.35
624074.755308876,6394,102682.5,100837.92,102687.37,107449.6,102678.87,102689.69,102697.69,102687.35
624074.776421654,6395,102679.27,100849.02,102687.37,107437.55,102683.12,102691.83,102709.8,102679.3
624074.796363693,6396,102686.51,100832.82,102687.37,107457.64,102688.22,102694.79,102701.72,102691.37
624074.816992871,6397,102679.27,100836.87,102688.41,107451.38,102684.18,102686.73,102700.65,102688.39
624074.837476899,6398,102695.32,100851.13,102687.37,107444.46,102671.01,102686.73,102697.69,102693.46
624074.861807044,6399,102688.37,100849.02,102693.33,107444.46,102679.08,102691.83,102699.57,102693.46
624074.882249039,6400,102689.44,100850.07,102679.31,107457.64,102676.96,102691.83,102703.61,102694.51
624074.903251471,6401,102695.32,100843.02,102678.27,107449.6,102681.0,102695.86,102708.72,102684.37
624074.923360352,6402,102676.33,100851.13,102687.37,107445.59,102671.01,102686.73,102712.76,102695.39
624074.944059856,6403,102691.6,100840.92,102695.42,107453.62,102669.95,102685.66,102711.95,102685.42
624074.964380528,6404,102688.37,100847.08,102687.37,107445.59,102682.06,102688.62,102703.61,102695.39
624074.985009746,6405,102692.38,100849.02,102687.37,107445.59,102664.86,102687.8,102691.5,102687.35
624075.005416497,6406,102696.39,100840.92,102689.46,107461.66,102676.11,102690.76,102702.8,102685.25
624075.030055449,6407,102691.3,100840.92,102688.41,107446.71,102672.93,102678.68,102699.57,102688.39
624075.050213494,6408,102672.32,100843.02,102694.37,107437.55,102679.08,102691.83,102702.53,102688.39
624075.070913469,6409,102683.28,100851.13,102679.31,107447.36,102683.12,102694.79,102698.5,102700.46
624075.091337877,6410,102689.44,100840.92,102687.37,107445.59,102681.21,102693.72,102701.72,102686.3
624075.113190375,6411,102691.3,100858.17,102676.33,107443.34,102676.96,102689.69,102701.72,102687.35
624075.132426185,6412,102687.29,100859.23,102682.29,107445.59,102684.18,102695.86,102693.65,102687.35
624075.153122545,6413,102687.29,100843.02,102684.39,107445.59,102676.96,102691.83,102691.5,102691.37
624075.176742706,6414,102688.37,100841.97,102687.37,107449.6,102679.08,102686.73,102708.72,102683.32
624075.197780963,6415,102689.44,100850.07,102687.37,107439.32,102672.93,102687.8,102701.72,102703.44
624075.218228025,6416,102687.29,100858.17,102693.33,107446.71,102683.12,102695.86,102701.72,102693.46
624075.238841539,6417,102682.2,100853.07,102679.31,107449.6,102683.12,102689.69,102700.65,102693.46
624075.259434502,6418,102688.37,100863.28,102679.31,107449.6,102676.11,102682.7,102696.61,102695.39
624075.279980824,6419,102689.44,100865.22,102687.37,107445.59,102680.15,102689.69,102701.72,102683.32
624075.300421748,6420,102686.22,100865.22,102695.42,107444.46,102687.15,102700.95,102693.65,102685.42
624075.320999528,6421,102687.29,100859.23,102686.32,107445.59,102676.96,102695.86,102697.69,102687.35
624075.344746511,6422,102684.36,100862.22,102685.27,107445.59,102682.06,102699.88,102705.76,102683.32
624075.36582644,6423,102683.28,100857.12,102679.31,107445.59,102673.99,102682.7,102696.61,102686.3
624075.385817493,6424,102695.32,100869.27,102689.3,107450.73,102681.0,102690.76,102697.69,102687.35
624075.406893867,6425,102687.29,100864.17,102685.27,107449.6,102668.89,102694.79,102708.72,102684.37
624075.426950249,6426,102680.34,100868.38,102687.37,107437.55,102679.08,102683.77,102695.8,102687.35
624075.447963177,6427,102689.44,100875.43,102685.27,107437.55,102676.96,102690.76,102693.65,102695.39
624075.468107742,6428,102693.46,100875.43,102677.22,107441.57,102676.11,102691.83,102705.76,102695.39
624075.489178597,6429,102687.29,100867.33,102685.27,107449.6,102676.11,102689.69,102697.69,102681.39
624075.512766029,6430,102680.34,100867.33,102683.34,107444.46,102671.01,102685.91,102700.65,102688.39
624075.533249326,6431,102699.33,100871.38,102690.35,107445.59,102675.05,102693.97,102689.61,102691.37
624075.554805777,6432,102688.37,100881.42,102686.32,107449.6,102671.01,102690.76,102701.72,102682.28
624075.574932314,6433,102683.57,100873.32,102677.22,107445.59,102678.02,102691.83,102701.72,102691.37
624075.594917368,6434,102696.39,100881.42,102691.39,107445.59,102678.02,102680.82,102698.5,102691.37
624075.616053683,6435,102680.34,100873.32,102687.37,107440.44,102676.96,102695.86,102699.57,102689.44
624075.636231788,6436,102686.51,100873.32,102688.41,107441.57,102676.96,102691.83,102699.57,102685.42
624075.657144285,6437,102684.36,100875.43,102687.37,107446.71,102675.05,102683.77,102703.61,102694.34
624075.680782233,6438,102699.33,100881.42,102694.37,107437.55,102675.05,102685.66,102701.72,102687.35
624075.701234022,6439,102689.44,100881.42,102695.42,107453.62,102675.05,102690.76,102697.69,102683.32
624075.721903391,6440,102685.43,100882.48,102692.44,107449.6,102672.93,102687.8,102701.72,102699.41
624075.742268679,6441,102682.2,100886.53,102689.3,107445.59,102679.08,102683.77,102692.57,102687.35
624075.762931098,6442,102672.32,100881.42,102689.3,107436.42,102683.12,102691.83,102691.5,102681.39
624075.783409287,6443,102690.52,100883.53,102678.27,107438.67,102676.11,102690.76,102705.76,102684.37
624075.804201171,6444,102688.37,100887.58,102695.42,107441.57,102690.13,102683.77,102697.69,102690.32
624075.82503582,6445,102687.29,100877.37,102687.37,107445.59,102673.99,102690.76,102692.57,102689.44
624075.84882757,6446,102689.44,100888.63,102691.39,107441.57,102673.99,102687.8,102704.68,102689.44
624075.869288303,6447,102695.32,100882.48,102685.27,107445.59,102681.21,102696.93,102701.72,102680.35
624075.889840384,6448,102697.47,100893.58,102687.37,107443.34,102675.05,102683.77,102700.65,102689.44
624075.91034889,6449,102692.38,100889.53,102679.31,107441.57,102689.28,102692.9,102699.57,102687.35
624075.931014403,6450,102685.43,100887.58,102679.31,107445.59,102676.96,102697.74,102703.61,102679.3
624075.951441975,6451,102680.34,100899.73,102687.37,107438.67,102675.05,102691.83,102704.68,102682.44
624075.972994039,6452,102700.41,100893.58,102686.32,107437.55,102683.12,102694.79,102700.65,102688.39
624075.992380838,6453,102687.29,100899.73,102685.27,107441.57,102683.12,102690.76,102699.57,102689.44
624076.016806297,6454,102683.28,100889.53,102694.37,107435.3,102676.96,102698.81,102707.65,102689.44
624076.037280721,6455,102692.38,100896.73,102695.42,107439.79,102672.93,102698.0,102693.65,102688.39
624076.057893254,6456,102681.42,100895.68,102686.32,107441.57,102684.18,102691.83,102691.5,102692.42
624076.078306034,6457,102680.34,100894.63,102695.42,107441.57,102680.15,102686.73,102697.69,102696.44
624076.099132069,6458,102685.43,100894.63,102687.37,107445.59,102675.05,102687.8,102691.5,102693.46
624076.120092478,6459,102688.37,100902.73,102687.37,107441.57,102676.96,102698.0,102709.8,102681.39
624076.140008928,6460,102688.37,100901.68,102683.34,107441.57,102675.05,102691.83,102701.72,102681.39
624076.160513708,6461,102688.37,100897.63,102689.3,107447.83,102679.08,102692.9,102687.46,102685.42
624076.184852566,6462,102688.37,100891.63,102681.41,107442.69,102673.99,102685.66,102703.61,102677.21
624076.205259398,6463,102683.57,100901.68,102678.27,107445.59,102679.08,102699.88,102701.72,102689.44
624076.22587209,6464,102691.3,100901.68,102687.37,107438.67,102672.93,102691.83,102693.65,102693.46
624076.246371041,6465,102696.39,100903.78,102687.37,107446.71,102672.93,102691.83,102701.72,102684.37
624076.266980249,6466,102688.37,100902.73,102691.39,107437.55,102681.0,102691.83,102701.72,102689.44
624076.287474563,6467,102682.5,100906.78,102695.42,107445.59,102679.08,102689.69,102709.8,102679.3
624076.30808381,6468,102689.44,100907.83,102686.32,107445.59,102683.12,102691.83,102701.72,102695.39
624076.332188194,6469,102692.38,100907.83,102685.27,107437.55,102675.05,102691.83,102696.61,102679.3
624076.35287554,6470,102694.53,100905.73,102693.33,107435.3,102683.12,102688.87,102695.53,102687.35
624076.373284525,6471,102688.37,100909.78,102688.41,107437.55,102676.11,102700.95,102705.76,102693.3
624076.393891158,6472,102691.6,100921.04,102695.42,107439.32,102672.93,102698.81,102701.72,102689.44
624076.414315537,6473,102691.3,100911.88,102679.31,107437.55,102676.11,102698.0,102699.57,102688.39
624076.434951364,6474,102687.29,100919.98,102687.37,107443.81,102691.19,102691.83,102699.57,102693.46
624076.455420801,6475,102686.51,100915.93,102695.42,107437.55,102676.11,102692.9,102700.65,102681.39
624076.476079653,6476,102687.29,100921.04,102690.35,107437.55,102679.08,102690.76,102705.76,102679.3
624076.499781859,6477,102681.42,100915.93,102691.39,107441.57,102673.99,102698.81,102695.53,102685.42
624076.520805803,6478,102685.43,100924.04,102691.39,107437.55,102668.89,102687.8,102696.61,102686.3
624076.540929867,6479,102691.6,100913.83,102694.37,107437.55,102676.11,102704.98,102690.42,102688.39
624076.561895344,6480,102681.42,100922.98,102691.39,107433.53,102678.02,102687.8,102708.72,102691.37
624076.582413153,6481,102686.51,100924.04,102691.39,107438.67,102671.86,102690.76,102705.76,102679.3
624076.60295563,6482,102689.44,100921.04,102687.37,107445.59,102682.06,102700.95,102700.65,102684.37
624076.623445828,6483,102689.44,100922.98,102693.33,107441.57,102684.18,102691.83,102707.65,102698.53
624076.644033342,6484,102688.37,100925.98,102694.37,107438.67,102673.99,102698.81,102704.68,102696.44
624076.667800175,6485,102688.37,100931.08,102692.44,107426.61,102679.93,102694.79,102700.65,102697.48
624076.688853174,6486,102686.51,100940.24,102687.37,107437.55,102675.05,102687.8,102692.57,102689.44
624076.708888073,6487,102682.5,100922.98,102677.22,107437.55,102673.99,102692.9,102703.61,102685.42
624076.729951898,6488,102693.46,100928.98,102679.31,107437.55,102681.0,102690.76,102696.61,102689.44
624076.750019046,6489,102683.57,100932.14,102687.37,107438.67,102684.18,102687.8,102695.53,102693.46
624076.770946135,6490,102696.39,100921.93,102687.37,107437.55,102675.05,102700.95,102696.61,102680.35
624076.791466177,6491,102693.46,100927.03,102686.32,107438.67,102686.09,102687.8,102696.61,102683.32
624076.812042996,6492,102691.6,100927.03,102690.35,107437.55,102681.21,102690.76,102700.65,102691.37
624076.835799514,6493,102690.52,100934.24,102686.32,107437.55,102675.05,102693.72,102691.5,102700.46
624076.856265074,6494,102686.51,100931.08,102678.27,107429.51,102681.0,102687.8,102701.72,102689.44
624076.876916645,6495,102683.28,100933.19,102696.47,107430.63,102683.12,102693.97,102705.76,102696.44
624076.898080232,6496,102683.28,100935.13,102682.29,107438.67,102675.05,102693.72,102695.53,102688.39
624076.918077083,6497,102677.41,100934.08,102689.3,107437.55,102683.12,102702.02,102700.65,102681.39
624076.939236343,6498,102690.52,100936.19,102691.39,107429.51,102681.0,102694.79,102700.65,102679.3
624076.959246534,6499,102688.37,100930.03,102687.37,107429.51,102684.18,102699.88,102693.65,102689.44
624076.98105133,6500,102679.27,100936.19,102688.41,107421.47,102683.12,102690.76,102697.69,102692.42
624077.003843098,6501,102682.5,100934.08,102679.31,107443.81,102683.12,102684.59,102702.53,102692.42
624077.024266986,6502,102687.58,100939.18,102687.37,107421.47,102686.09,102686.73,102701.72,102693.46
624077.044919068,6503,102694.53,100940.24,102695.42,107429.51,102673.99,102687.8,102701.72,102691.37
624077.065580876,6504,102697.47,100940.24,102686.32,107429.51,102675.05,102683.77,102696.61,102693.46
624077.086104925,6505,102685.43,100935.13,102693.33,107426.61,102681.0,102703.91,102693.65,102691.37
624077.106432676,6506,102681.42,100950.28,102687.37,107438.67,102685.24,102688.62,102703.61,102688.39
624077.127353355,6507,102688.37,100939.18,102697.51,107438.67,102665.92,102687.8,102701.72,102685.42
624077.148109615,6508,102691.3,100940.24,102678.27,107433.53,102683.12,102695.86,102701.72,102679.3
624077.171812161,6509,102681.42,100933.03,102688.41,107437.55,102688.22,102697.74,102701.72,102687.35
624077.192300335,6510,102696.39,100930.03,102695.42,107429.51,102683.12,102700.95,102709.8,102680.35
624077.213190128,6511,102689.44,100940.24,102687.37,107421.47,102679.08,102688.62,102693.65,102689.44
624077.2333859,6512,102696.39,100948.34,102693.33,107437.55,102671.01,102693.97,102700.65,102688.39
624077.254071283,6513,102687.29,100951.34,102686.32,107433.53,102677.17,102691.83,102708.72,102680.35
624077.274466697,6514,102689.44,100946.23,102678.27,107431.76,102691.19,102694.79,102705.76,102702.55
624077.295048012,6515,102679.27,100949.39,102691.39,107439.79,102675.05,102693.97,102701.72,102689.44
624077.315507123,6516,102683.57,100955.39,102695.42,107432.88,102672.93,102691.83,102694.72,102697.48
624077.339809386,6517,102681.42,100952.39,102679.31,107429.51,102676.96,102682.7,102700.65,102681.39
624077.360305883,6518,102682.5,100949.39,102687.37,107435.78,102671.01,102694.79,102704.68,102681.39
624077.380946298,6519,102691.6,100948.34,102691.39,107431.76,102684.18,102702.02,102696.61,102698.53
624077.401395414,6520,102695.32,100951.34,102687.37,107427.74,102673.99,102697.74,102696.61,102697.48
624077.422828958,6521,102687.29,100952.39,102677.22,107427.74,102675.05,102689.69,102709.8,102689.44
624077.442420777,6522,102693.46,100948.34,102695.42,107437.55,102683.12,102698.81,102701.72,102681.39
624077.463012929,6523,102689.44,100965.59,102679.31,107426.61,102681.0,102689.69,102697.69,102685.42
624077.486169298,6524,102689.44,100956.44,102686.32,107437.55,102672.08,102690.76,102701.72,102685.42
624077.50781903,6525,102695.61,100964.54,102678.27,107437.55,102675.05,102687.8,102690.69,102685.42
624077.528335868,6526,102692.38,100960.49,102679.31,107421.47,102692.25,102695.86,102696.61,102688.39
624077.548999147,6527,102688.37,100964.54,102687.37,107431.76,102671.86,102683.77,102701.72,102688.39
624077.56942008,6528,102690.52,100954.33,102682.29,107430.63,102679.08,102693.97,102706.83,102688.39
624077.590126324,6529,102682.5,100964.54,102686.32,107429.51,102684.18,102695.86,102700.65,102689.44
624077.610541068,6530,102695.61,100964.54,102687.37,107429.51,102678.24,102699.88,102704.68,102696.44
624077.63175462,6531,102691.6,100964.54,102682.29,107438.02,102683.12,102687.8,102708.72,102697.48
624077.655202911,6532,102692.38,100971.59,102690.35,107430.63,102675.05,102681.63,102698.76,102689.44
624077.675831918,6533,102691.6,100970.53,102693.33,107421.47,102683.12,102690.76,102693.65,102689.44
624077.696374706,6534,102680.34,100966.48,102687.37,107426.61,102679.08,102691.83,102701.72,102688.39
624077.716986457,6535,102686.51,100976.69,102683.34,107430.63,102676.96,102695.86,102699.57,102699.58
624077.737422503,6536,102687.29,100962.43,102687.37,107421.47,102675.05,102695.86,102691.5,102690.49
624077.758039492,6537,102699.62,100969.65,102681.25,107426.61,102682.06,102683.77,102703.61,102681.39
624077.77847655,6538,102688.37,100969.65,102695.42,107425.49,102679.08,102693.97,102697.69,102680.35
624077.799196655,6539,102702.56,100970.53,102691.39,107429.51,102684.18,102695.86,102701.72,102689.44
624077.823244262,6540,102690.52,100980.74,102679.31,107420.82,102683.12,102687.8,102695.53,102705.53
624077.843870947,6541,102696.39,100976.69,102696.47,107431.76,102673.99,102689.69,102695.53,102688.39
624077.864304869,6542,102680.34,100971.59,102687.37,107421.47,102682.06,102697.74,102701.72,102690.49
624077.884941458,6543,102686.51,100968.59,102680.36,107442.04,102672.93,102690.76,102709.8,102696.44
624077.905771089,6544,102691.3,100968.59,102681.25,107418.58,102683.12,102691.83,102705.76,102685.42
624077.925999421,6545,102690.52,100984.79,102687.37,107433.53,102677.17,102690.76,102692.57,102689.44
624077.946468517,6546,102685.43,100980.74,102685.27,107425.49,102679.08,102699.88,102692.57,102691.37
624077.96699595,6547,102688.37,100988.84,102676.17,107436.9,102687.15,102689.69,102709.8,102680.35
624077.990808703,6548,102690.52,100968.59,102687.37,107427.74,102683.12,102691.83,102706.83,102700.46
624078.011866619,6549,102688.37,100980.74,102679.31,107430.63,102679.08,102695.86,102705.76,102688.39
624078.031945515,6550,102684.36,100980.74,102679.31,107421.47,102684.18,102700.95,102697.69,102680.35
624078.052976991,6551,102692.67,100980.74,102691.39,107422.59,102685.24,102685.91,102710.87,102695.56
624078.073051891,6552,102696.39,100979.69,102677.22,107421.47,102671.01,102685.66,102704.68,102689.44
624078.094082906,6553,102689.44,100968.59,102687.37,107422.59,102676.11,102699.88,102701.72,102690.49
624078.114129183,6554,102691.6,100976.69,102683.34,107429.51,102680.15,102690.76,102701.72,102691.53
624078.135770622,6555,102683.28,100978.64,102679.31,107429.51,102675.05,102681.63,102697.69,102697.48
624078.158814271,6556,102680.34,100983.74,102679.31,107423.72,102668.89,102699.88,102701.72,102693.46
624078.179313442,6557,102693.46,100991.84,102687.37,107430.63,102691.19,102698.81,102697.69,102689.44
624078.199991314,6558,102687.29,100988.84,102687.37,107437.55,102682.06,102694.79,102704.68,102697.48
624078.220979414,6559,102685.43,101002.05,102681.25,107432.88,102683.12,102695.86,102701.72,102693.46
624078.241113724,6560,102685.43,100988.84,102695.42,107430.63,102683.12,102698.0,102692.57,102697.48
624078.262082545,6561,102690.52,100981.8,102677.22,107431.76,102683.12,102692.9,102701.72,102690.49
624078.282099768,6562,102680.34,100992.9,102679.31,107424.84,102666.98,102693.97,102711.95,102689.44
624078.303153898,6563,102689.44,101001.0,102683.34,107430.63,102673.99,102699.88,102697.69,102681.39
624078.326920671,6564,102689.44,100999.05,102691.39,107423.72,102684.18,102683.77,102709.8,102693.46
624078.347270096,6565,102681.42,100994.84,102692.44,107414.56,102688.22,102695.86,102697.69,102687.51
624078.367900415,6566,102690.52,101001.0,102693.49,107422.59,102666.98,102698.81,102711.95,102691.53
624078.388411254,6567,102690.52,100999.94,102687.37,107421.47,102678.02,102691.83,102701.72,102697.48
624078.40935615,6568,102699.62,100992.9,102675.29,107422.59,102672.93,102693.97,102701.72,102681.39
624078.429468636,6569,102680.34,100994.84,102689.46,107424.84,102664.86,102695.86,102704.68,102689.44
624078.450104084,6570,102689.44,101002.94,102690.35,107432.88,102683.12,102691.83,102699.84,102689.44
624078.471143572,6571,102679.27,101001.0,102679.31,107418.58,102683.12,102691.83,102693.65,102691.37
624078.494853879,6572,102685.43,100983.74,102687.37,107429.51,102676.11,102699.88,102701.72,102701.51
624078.515288593,6573,102689.44,100992.9,102688.41,107417.93,102678.02,102699.88,102693.65,102692.42
624078.536005404,6574,102688.37,101002.94,102687.37,107423.72,102680.15,102682.7,102700.65,102693.46
624078.556348919,6575,102690.52,101005.05,102687.37,107413.43,102671.01,102699.88,102700.65,102679.3
624078.577082886,6576,102680.34,101005.05,102691.39,107417.45,102673.99,102691.83,102696.61,102693.46
624078.59748529,6577,102686.51,101002.94,102691.39,107433.53,102675.05,102700.95,102705.76,102693.46
624078.618147198,6578,102684.36,101021.25,102679.31,107416.8,102677.17,102684.84,102701.72,102682.44
624078.638515071,6579,102689.44,100996.95,102678.27,107421.47,102682.06,102691.83,102701.72,102691.53
624078.662847229,6580,102684.36,101005.05,102695.42,107420.82,102675.05,102698.0,102701.72,102691.53
624078.683361733,6581,102691.6,101005.05,102687.37,107421.47,102684.18,102693.72,102709.8,102677.37
624078.704650979,6582,102677.41,101006.1,102687.37,107422.59,102679.08,102691.83,102699.84,102696.44
624078.724478895,6583,102674.18,101006.99,102675.29,107426.61,102681.21,102683.77,102702.8,102682.44
624078.74501982,6584,102688.37,101009.1,102680.36,107421.47,102676.11,102687.8,102700.65,102697.48
624078.765512471,6585,102687.29,101014.2,102695.42,107429.51,102673.99,102687.8,102695.53,102693.46
624078.786046705,6586,102682.5,101011.04,102687.37,107421.47,102683.12,102696.93,102692.57,102690.49
624078.806546007,6587,102684.36,101006.99,102679.31,107427.74,102666.98,102699.88,102705.76,102680.35
624078.830850413,6588,102685.43,101013.15,102693.33,107421.47,102677.17,102689.69,102702.8,102688.39
624078.851325187,6589,102688.37,101017.2,102687.37,107432.88,102673.99,102687.8,102700.65,102686.46
624078.872056389,6590,102691.6,101011.04,102671.26,107416.8,102684.18,102689.69,102704.68,102683.49
624078.89240991,6591,102684.36,101021.25,102689.3,107413.43,102679.08,102699.88,102701.72,102691.53
624078.91325191,6592,102680.34,101002.94,102686.32,107418.58,102675.05,102691.83,102703.87,102681.39
624078.933508084,6593,102680.34,101019.14,102677.22,107416.8,102675.05,102691.83,102698.76,102690.49
624078.954356253,6594,102680.34,101017.2,102687.37,107432.88,102675.05,102687.8,102701.72,102687.35
624078.978277089,6595,102682.5,101020.2,102686.32,107413.43,102671.01,102683.77,102695.53,102689.44
624078.998973999,6596,102687.58,101030.41,102686.32,107423.72,102679.08,102690.76,102705.76,102689.44
624079.019325016,6597,102681.42,101013.15,102688.41,107421.47,102679.08,102683.77,102703.87,102689.44
624079.039973684,6598,102683.28,101002.94,102683.34,107434.0,102677.17,102686.73,102697.69,102689.44
624079.060460306,6599,102677.41,101029.35,102684.39,107426.61,102686.09,102691.83,102701.72,102685.42
624079.081281023,6600,102697.47,101014.2,102678.27,107415.68,102675.05,102692.9,102701.72,102682.44
624079.102306771,6601,102682.5,101029.35,102696.47,107432.88,102676.11,102698.81,102709.8,102688.39
624079.123465179,6602,102681.42,101025.3,102687.37,107418.58,102675.05,102690.76,102697.69,102693.46
624079.146030756,6603,102679.56,101012.09,102685.27,107429.98,102682.06,102687.8,102701.72,102684.37
624079.166896131,6604,102688.37,101040.45,102693.49,107422.59,102677.17,102691.83,102703.87,102683.49
624079.18705691,6605,102682.5,101020.2,102676.17,107430.63,102683.12,102702.02,102693.65,102689.44
624079.207957328,6606,102689.44,101020.2,102695.42,107413.43,102683.12,102702.02,102695.8,102689.44
624079.228406073,6607,102687.29,101033.4,102681.41,107421.47,102685.24,102691.83,102701.72,102683.49
624079.249283376,6608,102693.46,101021.25,102679.31,107413.43,102683.12,102691.83,102698.76,102676.32
624079.269415522,6609,102681.42,101034.46,102683.34,107420.82,102673.99,102700.95,102701.72,102686.46
624079.290023238,6610,102691.6,101024.25,102678.27,107425.97,102675.05,102695.86,102698.76,102686.46
624079.313828569,6611,102691.6,101021.25,102688.41,107420.82,102673.14,102695.86,102703.87,102690.49
624079.334944443,6612,102689.44,101033.4,102686.32,107418.58,102675.05,102695.86,102700.65,102681.39
624079.355582364,6613,102684.36,101022.3,102696.47,107422.59,102688.22,102696.93,102693.65,102698.53
624079.376351363,6614,102697.47,101029.35,102686.32,107422.59,102677.17,102691.83,102700.65,102690.49
624079.397149146,6615,102690.52,101032.35,102691.39,107414.56,102677.17,102692.9,102702.8,102691.53
624079.418336178,6616,102690.52,101033.4,102685.27,107417.93,102685.24,102698.81,102697.69,102689.44
624079.437339587,6617,102691.6,101029.35,102692.44,107413.43,102675.05,102691.83,102709.8,102682.44
624079.458213645,6618,102691.6,101037.45,102687.37,107417.93,102675.05,102694.79,102697.69,102689.44
624079.48184947,6619,102687.58,101027.24,102696.47,107414.56,102683.12,102687.8,102698.76,102693.46
624079.502325426,6620,102676.33,101032.35,102687.37,107420.82,102684.18,102691.83,102701.72,102695.56
624079.523069818,6621,102685.43,101031.29,102691.39,107420.82,102679.08,102690.76,102709.8,102697.48
624079.544062396,6622,102687.58,101021.25,102687.37,107417.93,102679.08,102684.84,102693.65,102683.49
624079.56421983,6623,102683.57,101036.4,102679.31,107416.8,102684.18,102683.77,102702.8,102697.48
624079.585239239,6624,102687.29,101039.39,102696.47,107412.78,102675.05,102690.76,102701.72,102685.42
624079.605092523,6625,102689.44,101037.45,102693.49,107420.17,102685.24,102696.93,102707.65,102689.44
624079.626215918,6626,102680.34,101035.34,102686.32,107415.68,102676.11,102683.77,102696.61,102687.51
624079.649843711,6627,102690.52,101041.5,102683.34,107409.89,102679.08,102695.86,102701.72,102693.46
624079.670330814,6628,102689.44,101036.4,102691.39,107420.82,102676.11,102692.9,102701.72,102689.44
624079.690969646,6629,102685.43,101052.6,102687.37,107414.56,102671.01,102694.79,102689.61,102701.51
624079.711546716,6630,102691.6,101037.45,102683.34,107413.43,102675.05,102692.9,102702.8,102699.58
624079.732079978,6631,102686.51,101041.5,102677.22,107411.66,102683.12,102692.9,102701.72,102685.42
624079.752658069,6632,102684.36,101040.45,102687.37,107418.58,102669.95,102694.79,102690.69,102675.28
624079.774317325,6633,102678.19,101045.55,102687.37,107412.78,102666.98,102681.63,102701.72,102689.44
624079.79438955,6634,102691.6,101055.76,102688.41,107417.45,102683.12,102687.8,102703.87,102681.39
624079.817894768,6635,102684.36,101045.55,102685.27,107407.64,102675.05,102696.93,102693.65,102693.46
624079.838427169,6636,102689.44,101048.55,102688.41,107412.78,102676.11,102683.77,102699.84,102697.48
624079.858958459,6637,102680.34,101051.55,102681.41,107416.8,102676.11,102691.83,102706.83,102697.48
624079.879469198,6638,102691.6,101043.44,102683.34,107414.56,102679.08,102692.9,102697.69,102691.53
624079.90004817,6639,102687.58,101043.44,102679.31,107418.58,102684.18,102692.65,102697.69,102697.48
624079.920478617,6640,102690.52,101045.55,102678.27,107416.8,102684.18,102684.84,102711.95,102697.48
624079.94120383,6641,102683.57,101046.61,102691.39,107407.64,102682.06,102691.83,102707.91,102682.44
624079.961683582,6642,102681.42,101054.71,102679.31,107413.43,102675.05,102693.97,102701.72,102684.37
624079.985893235,6643,102689.44,101056.65,102687.37,107416.8,102676.11,102687.8,102704.68,102691.53
624080.006330933,6644,102680.34,101054.71,102679.31,107415.68,102687.15,102691.83,102686.65,102685.42
624080.026997347,6645,102687.58,101055.76,102679.31,107414.56,102683.12,102702.02,102693.65,102689.44
624080.047474605,6646,102696.39,101052.6,102694.37,107415.68,102684.18,102692.9,102701.72,102689.44
624080.068115391,6647,102687.29,101043.44,102691.39,107414.56,102664.86,102699.88,102705.76,102689.44
624080.088542073,6648,102689.44,101046.61,102691.39,107422.59,102675.05,102690.76,102705.76,102689.44
624080.1091641,6649,102690.52,101046.61,102691.39,107410.54,102685.24,102695.86,102698.76,102689.44
624080.129566284,6650,102689.44,101063.7,102681.25,107424.84,102684.18,102691.83,102701.72,102685.42
624080.153918643,6651,102698.55,101061.76,102688.41,107406.52,102673.99,102695.86,102701.72,102692.58
624080.17438885,6652,102690.52,101047.5,102687.37,107415.68,102679.08,102692.9,102702.8,102689.44
624080.195083417,6653,102688.37,101048.55,102689.46,107416.8,102676.96,102691.83,102693.65,102686.46
624080.21568951,6654,102689.44,101053.65,102687.37,107421.95,102678.02,102687.8,102702.8,102681.39
624080.236099216,6655,102687.29,101051.55,102696.47,107415.68,102671.01,102698.0,102693.65,102701.51
624080.256625849,6656,102683.28,101052.6,102687.37,107406.52,102676.11,102682.7,102702.8,102683.49
624080.277147223,6657,102689.44,101057.71,102679.31,107411.66,102678.02,102699.88,102695.8,102689.44
624080.30208692,6658,102679.27,101057.71,102680.36,107401.38,102681.21,102691.83,102706.83,102698.53
624080.321929809,6659,102683.57,101069.86,102687.37,107415.68,102675.05,102688.87,102702.8,102690.49
624080.342416041,6660,102682.5,101065.81,102683.34,107414.56,102668.89,102699.88,102701.72,102697.48
624080.363054313,6661,102691.6,101058.76,102671.26,107414.56,102676.96,102691.83,102693.65,102689.44
624080.383545391,6662,102691.6,101060.7,102679.31,107414.56,102679.08,102695.86,102697.69,102690.49
624080.40419497,6663,102691.6,101063.87,102687.37,107416.8,102675.05,102691.83,102695.8,102689.44
624080.424552888,6664,102672.32,101067.75,102693.49,107415.68,102676.11,102702.02,102693.65,102685.42
624080.445438754,6665,102698.55,101058.76,102681.41,107415.68,102675.05,102693.97,102701.72,102689.44
624080.469281642,6666,102687.58,101068.8,102689.46,107405.4,102680.15,102692.9,102703.61,102689.44
624080.48998344,6667,102691.6,101065.81,102691.39,107409.41,102669.1,102687.8,102710.87,102693.46
624080.510056146,6668,102689.44,101065.81,102687.37,107411.66,102676.11,102683.77,102693.65,102697.48
624080.530975413,6669,102691.6,101065.81,102677.22,107408.77,102672.93,102692.9,102709.8,102689.44
624080.553354767,6670,102695.61,101059.65,102691.39,107416.8,102680.15,102687.8,102703.87,102689.44
624080.572096811,6671,102689.44,101065.81,102688.41,107408.77,102668.04,102696.93,102701.72,102685.42
624080.59270003,6672,102688.37,101066.86,102679.31,107407.64,102677.17,102695.86,102699.84,102698.53
624080.614758099,6673,102684.36,101080.07,102691.39,107416.8,102681.21,102702.02,102693.65,102682.44
624080.636901387,6674,102687.58,101063.7,102680.36,107414.56,102675.05,102693.97,102697.69,102688.39
624080.657943299,6675,102690.52,101066.86,102679.31,107407.64,102676.11,102692.9,102700.65,102693.46
624080.678011548,6676,102688.37,101066.86,102687.37,107421.47,102675.05,102690.76,102703.87,102689.44
624080.699070226,6677,102686.51,101066.86,102693.49,107406.52,102685.24,102691.83,102691.5,102699.58
624080.719398358,6678,102703.64,101071.97,102697.51,107415.68,102673.14,102689.69,102697.69,102689.44
624080.740177643,6679,102690.52,101068.8,102687.37,107415.68,102676.11,102688.87,102692.57,102688.39
624080.760511505,6680,102691.6,101072.85,102684.39,107410.54,102678.02,102692.9,102702.8,102698.53
624080.78119228,6681,102682.5,101069.86,102687.37,107416.8,102676.11,102699.88,102701.72,102693.46
624080.804945944,6682,102686.51,101079.01,102697.51,107413.91,102680.15,102694.79,102693.65,102688.39
624080.825361158,6683,102688.37,101069.86,102688.41,107410.54,102680.15,102691.83,102707.91,102683.32
624080.845990256,6684,102691.6,101069.86,102687.37,107412.78,102677.17,102689.69,102702.8,102693.46
624080.867177407,6685,102689.44,101075.85,102687.37,107405.87,102685.24,102692.9,102693.65,102697.48
624080.887099506,6686,102686.51,101065.81,102691.39,107409.89,102672.93,102687.8,102693.65,102687.51
624080.908130311,6687,102699.62,101073.91,102687.37,107413.43,102676.11,102691.83,102702.8,102691.53
624080.928148215,6688,102688.37,101076.9,102681.41,107408.77,102684.18,102687.8,102701.72,102690.49
624080.949246622,6689,102696.39,101077.96,102691.55,107415.68,102683.12,102688.87,102705.76,102693.46
624080.972895967,6690,102691.6,101082.01,102695.42,107407.64,102675.05,102698.81,102711.95,102689.44
624080.993386606,6691,102684.36,101079.9,102688.41,107412.78,102668.04,102696.93,102705.76,102690.49
624081.014017056,6692,102689.44,101071.97,102690.35,107411.66,102676.11,102695.86,102699.84,102681.39
624081.03443243,6693,102682.5,101077.96,102680.36,107402.5,102672.93,102695.86,102703.87,102689.44
624081.055097502,6694,102691.6,101077.96,102680.36,107408.77,102676.11,102692.9,102710.87,102691.53
624081.077124725,6695,102680.34,101073.91,102687.37,107411.66,102672.08,102695.86,102698.76,102683.32
624081.096352073,6696,102687.58,101082.01,102687.37,107420.82,102675.05,102692.9,102697.69,102698.53
624081.117190867,6697,102691.6,101077.96,102687.37,107404.75,102676.11,102694.79,102698.76,102690.49
624081.140946283,6698,102689.44,101080.95,102687.37,107407.64,102676.11,102693.97,102703.87,102695.56
624081.161354026,6699,102685.43,101077.96,102688.41,107412.78,102687.15,102699.88,102693.65,102681.39
624081.181972288,6700,102694.53,101076.02,102680.36,107408.77,102680.15,102682.7,102707.91,102687.51
624081.202463176,6701,102690.52,101073.91,102696.47,107407.64,102675.05,102694.79,102701.72,102685.42
624081.223097983,6702,102689.44,101085.01,102680.36,107411.66,102675.05,102695.86,102698.76,102689.44
624081.243584826,6703,102694.53,101080.95,102683.34,107409.89,102679.08,102693.72,102697.69,102697.48
624081.265759731,6704,102689.44,101093.11,102687.37,107397.36,102683.12,102691.83,102701.72,102683.49
624081.284608977,6705,102691.6,101077.96,102684.39,107412.78,102685.24,102691.83,102707.91,102690.49
624081.30891162,6706,102682.5,101077.96,102679.31,107405.4,102672.93,102686.73,102697.69,102689.44
624081.329479826,6707,102695.61,101080.07,102696.47,107409.89,102676.11,102692.9,102705.76,102691.53
624081.350096365,6708,102691.6,101084.12,102691.39,107408.77,102676.11,102692.9,102698.76,102685.42
624081.370592031,6709,102683.57,101084.12,102679.31,107415.68,102681.21,102691.83,102703.87,102689.44
624081.391088578,6710,102683.57,101082.01,102684.39,107409.89,102668.04,102689.69,102705.76,102690.49
624081.411569302,6711,102689.44,101085.01,102691.39,107413.91,102680.15,102683.77,102695.53,102687.51
624081.432175765,6712,102686.51,101090.11,102684.39,107409.89,102669.95,102675.72,102699.84,102695.56
624081.456319458,6713,102680.34,101096.27,102687.37,107408.77,102676.11,102695.86,102693.65,102691.53
624081.476923568,6714,102674.47,101076.9,102687.37,107412.78,102676.11,102695.86,102698.76,102683.49
624081.49748251,6715,102697.47,101092.05,102687.37,107413.91,102685.24,102699.88,102697.69,102691.53
624081.518043785,6716,102689.44,101094.16,102690.35,107409.89,102683.12,102691.83,102701.72,102690.49
624081.538435244,6717,102690.52,101094.16,102681.41,107404.75,102672.93,102696.93,102701.72,102697.48
624081.559109109,6718,102685.43,101095.22,102691.39,107399.6,102675.05,102696.93,102695.8,102695.56
624081.579639127,6719,102697.47,101090.11,102691.39,107399.6,102679.08,102689.94,102698.76,102687.51
624081.600461597,6720,102685.43,101086.06,102689.46,107404.75,102683.12,102697.74,102696.61,102673.35
624081.624341371,6721,102686.51,101098.21,102679.31,107412.78,102677.17,102691.83,102701.72,102690.49
624081.646147178,6722,102691.6,101086.06,102688.41,107400.73,102690.13,102704.98,102701.72,102685.42
624081.66549574,6723,102679.27,101094.16,102688.41,107399.6,102677.17,102695.86,102706.83,102692.58
624081.686188774,6724,102687.58,101077.96,102690.35,107407.64,102676.11,102691.83,102693.65,102685.42
624081.706588555,6725,102685.43,101103.32,102681.41,107404.75,102691.19,102698.0,102685.57,102693.46
624081.727111883,6726,102689.44,101090.11,102689.46,107407.64,102681.21,102690.76,102703.87,102681.39
624081.747575801,6727,102675.55,101103.32,102672.31,107399.6,102675.05,102691.83,102695.8,102691.53
624081.768301184,6728,102689.44,101090.11,102687.37,107396.71,102675.05,102691.83,102697.69,102687.51
624081.79197063,6729,102683.57,101095.22,102690.35,107401.85,102675.05,102692.9,102702.8,102692.58
624081.813021115,6730,102690.52,101092.05,102679.31,107406.52,102680.15,102695.86,102705.76,102682.44
624081.833068733,6731,102689.44,101097.16,102691.39,107404.75,102675.05,102688.87,102703.87,102681.39
624081.854066529,6732,102686.51,101094.16,102687.37,107403.62,102685.24,102691.83,102706.83,102691.53
624081.874497127,6733,102681.42,101097.16,102691.39,107405.4,102681.21,102692.9,102694.72,102689.44
624081.895336763,6734,102681.42,101094.16,102679.31,107409.89,102676.11,102688.87,102698.76,102695.56
624081.915992992,6735,102682.5,101094.16,102687.37,107403.62,102682.06,102688.62,102707.91,102691.53
624081.936452283,6736,102684.36,101093.11,102679.31,107408.77,102683.12,102691.83,102694.72,102693.46
624081.959913023,6737,102686.51,101092.05,102675.29,107399.6,102683.12,102687.8,102698.76,102687.51
624081.98097833,6738,102684.36,101086.06,102689.46,107405.87,102683.12,102699.88,102695.8,102690.49
624082.001110226,6739,102697.47,101094.16,102687.37,107400.73,102676.11,102691.83,102709.8,102687.51
624082.02211389,6740,102675.55,101094.16,102696.47,107409.89,102676.11,102691.83,102692.57,102699.58
624082.042518479,6741,102683.57,101094.16,102687.37,107408.77,102679.08,102695.86,102697.69,102681.39
624082.063131983,6742,102691.6,101101.21,102691.39,107401.85,102677.17,102691.83,102707.91,102692.42
624082.083643593,6743,102694.53,101092.05,102679.31,107412.78,102675.05,102691.83,102702.8,102690.49
624082.104200822,6744,102691.6,101086.06,102688.41,107401.85,102668.04,102698.0,102701.72,102691.53
624082.127972813,6745,102685.43,101089.06,102679.31,107404.75,102685.24,102687.8,102697.69,102689.44
624082.149019182,6746,102690.52,101097.16,102688.41,107405.87,102675.05,102691.83,102689.61,102689.44
624082.169108243,6747,102685.72,101080.95,102696.47,107409.89,102685.24,102699.88,102701.72,102700.63
624082.190233371,6748,102692.67,101092.05,102679.31,107407.64,102684.18,102691.83,102694.72,102697.48
624082.210138163,6749,102697.47,101089.06,102696.47,107408.77,102677.17,102700.95,102699.84,102697.48
624082.231151963,6750,102682.5,101090.11,102695.42,107396.71,102681.21,102682.7,102701.72,102689.44
624082.251188624,6751,102699.62,101088.0,102687.37,107400.73,102668.04,102691.83,102702.8,102691.53
624082.272259761,6752,102690.52,101082.01,102679.31,107409.89,102677.17,102691.83,102703.87,102695.56
624082.295932602,6753,102691.6,101090.11,102688.41,107413.91,102686.31,102699.88,102696.61,102681.39
624082.316398503,6754,102689.44,101086.06,102690.35,107393.81,102669.1,102690.76,102697.69,102681.39
624082.337048733,6755,102682.5,101100.32,102695.42,107405.87,102676.11,102687.8,102694.72,102691.53
624082.357612321,6756,102690.52,101090.11,102679.31,107407.64,102681.21,102687.8,102710.87,102685.42
624082.378169911,6757,102694.53,101094.16,102671.26,107401.85,102675.05,102698.0,102701.72,102690.49
624082.399285054,6758,102689.44,101076.9,102683.34,107399.6,102668.04,102691.83,102702.8,102686.46
624082.41935748,6759,102685.43,101088.0,102695.42,107409.89,102677.17,102683.77,102703.87,102689.44
624082.440222104,6760,102694.53,101094.16,102695.42,107398.48,102673.14,102687.8,102696.87,102695.56
624082.463979282,6761,102665.37,101095.22,102688.41,107399.6,102676.11,102696.93,102710.87,102687.51
624082.484438413,6762,102692.38,101098.21,102678.27,107394.46,102680.15,102691.83,102701.72,102682.44
624082.505183696,6763,102681.42,101094.16,102671.26,107401.85,102675.05,102691.83,102695.53,102694.51
624082.525534033,6764,102683.57,101104.37,102698.56,107403.62,102672.93,102691.83,102698.76,102692.42
624082.546167617,6765,102694.53,101094.16,102686.32,107400.73,102676.11,102683.77,102697.69,102689.44
624082.566523302,6766,102695.61,101093.11,102695.42,107398.48,102676.11,102684.84,102693.65,102687.51
624082.587311911,6767,102689.44,101102.26,102680.36,107408.77,102684.18,102691.83,102699.84,102685.42
624082.607962511,6768,102679.56,101097.16,102679.31,107400.73,102677.17,102687.8,102703.87,102690.49
624082.631991681,6769,102689.44,101098.21,102680.36,107407.64,102676.11,102699.88,102701.72,102681.39
624082.652422919,6770,102690.52,101104.37,102680.36,107398.48,102675.05,102690.76,102710.87,102691.53
624082.673083695,6771,102690.52,101090.11,102692.44,107405.4,102682.06,102691.83,102698.76,102691.53
624082.693502575,6772,102694.53,101091.17,102685.27,107397.83,102679.08,102694.79,102707.91,102683.49
624082.714154197,6773,102691.6,101098.21,102688.41,107391.57,102671.01,102700.95,102699.84,102689.44
624082.735250681,6774,102692.38,101094.16,102687.37,107402.5,102684.18,102683.77,102705.76,102691.53
624082.755292992,6775,102690.52,101109.31,102688.41,107392.69,102677.17,102682.7,102705.76,102682.44
624082.779382433,6776,102691.6,101098.21,102681.41,107395.59,102679.08,102685.66,102697.69,102695.56
624082.799980754,6777,102682.5,101102.26,102683.34,107397.83,102673.99,102685.91,102701.72,102695.56
624082.820467967,6778,102687.58,101098.21,102689.46,107396.71,102671.01,102683.77,102697.69,102689.44
624082.841171488,6779,102691.6,101093.11,102692.44,107391.57,102677.17,102687.8,102702.8,102682.44
624082.861560482,6780,102687.58,101098.21,102682.29,107392.69,102671.01,102691.83,102703.87,102695.56
624082.882160226,6781,102684.36,101095.22,102696.47,107400.73,102672.93,102681.63,102694.72,102686.46
624082.902563202,6782,102686.51,101110.36,102699.45,107399.6,102675.05,102695.86,102696.61,102681.39
624082.923221544,6783,102679.27,101094.16,102681.41,107394.46,102675.05,102696.93,102695.8,102691.53
624082.94804839,6784,102687.58,101100.15,102685.27,107391.57,102680.15,102683.77,102697.69,102680.51
624082.967993093,6785,102675.55,101098.21,102688.41,107399.6,102676.11,102684.84,102695.8,102689.6
624082.988485974,6786,102687.58,101094.16,102689.46,107400.73,102671.01,102686.73,102702.8,102682.44
624083.009063284,6787,102696.39,101094.16,102692.44,107407.64,102691.19,102704.98,102705.76,102692.58
624083.029607333,6788,102682.5,101102.26,102691.39,107396.71,102675.05,102683.77,102702.8,102683.49
624083.050162519,6789,102682.5,101097.16,102679.31,107397.36,102675.05,102683.77,102689.61,102683.49
624083.070556712,6790,102672.32,101092.05,102688.41,107399.6,102666.98,102691.83,102698.76,102682.44
624083.091234102,6791,102691.6,101094.16,102689.46,107409.89,102672.08,102691.83,102701.72,102683.49
624083.115400129,6792,102688.37,101102.26,102680.36,107396.71,102666.98,102700.95,102697.69,102688.56
624083.136144832,6793,102681.42,101109.31,102684.39,107390.44,102666.98,102692.9,102698.76,102689.44
624083.156445853,6794,102690.52,101101.21,102679.31,107396.71,102683.12,102688.87,102688.54,102677.37
624083.177072297,6795,102683.57,101102.26,102675.29,107400.73,102673.14,102695.04,102705.76,102683.49
624083.197567623,6796,102682.5,101111.42,102688.41,107395.59,102672.93,102691.83,102682.61,102683.49
624083.218197712,6797,102693.75,101111.42,102680.36,107399.6,102680.15,102689.69,102698.76,102691.53
624083.238574408,6798,102691.6,101110.36,102679.31,107393.34,102675.05,102690.76,102698.76,102681.39
624083.259281434,6799,102681.42,101112.47,102695.42,107400.73,102676.11,102691.83,102697.69,102683.49
624083.282965732,6800,102686.51,101098.21,102683.34,107398.48,102681.21,102692.9,102711.95,102689.44
624083.304030819,6801,102690.52,101102.26,102683.34,107400.73,102677.17,102691.83,102690.69,102681.39
624083.32407975,6802,102691.6,101110.36,102688.41,107390.44,102669.95,102693.97,102698.76,102688.39
624083.345109493,6803,102687.29,101098.21,102689.3,107391.57,102675.05,102682.7,102699.57,102685.42
624083.36554581,6804,102691.6,101094.16,102689.46,107401.85,102677.17,102684.84,102698.76,102686.46
624083.386181868,6805,102684.36,101110.36,102689.46,107400.73,102676.11,102696.93,102694.72,102688.56
624083.406789844,6806,102682.5,101110.36,102688.41,107400.73,102676.11,102683.77,102695.8,102681.39
624083.427247072,6807,102685.43,101096.1,102680.36,107394.46,102672.08,102683.77,102701.72,102681.39
624083.451088878,6808,102687.29,101100.15,102689.46,107393.34,102670.17,102691.83,102701.72,102698.53
624083.472122948,6809,102691.6,101109.31,102689.46,107385.3,102675.05,102689.94,102695.53,102669.33
624083.492099069,6810,102691.6,101100.15,102692.44,107401.85,102679.08,102687.8,102702.8,102685.42
624083.513184547,6811,102702.56,101112.31,102695.42,107393.81,102676.11,102683.77,102701.72,102681.39
624083.533310574,6812,102684.36,101110.36,102675.29,107390.44,102675.05,102691.83,102692.57,102683.49
624083.554192584,6813,102690.52,101110.36,102696.47,107398.48,102673.14,102684.84,102697.69,102681.39
624083.574405583,6814,102689.44,101112.47,102684.39,107391.57,102662.95,102679.75,102692.57,102679.46
624083.596289939,6815,102680.34,101122.52,102687.37,107392.69,102671.01,102683.77,102697.69,102683.49
624083.619013424,6816,102681.42,101119.52,102681.41,107397.83,102673.99,102691.83,102693.65,102689.44
624083.639473016,6817,102689.44,101100.15,102687.37,107395.59,102685.24,102683.77,102697.69,102682.44
624083.660110776,6818,102698.55,101117.41,102695.42,107400.73,102672.08,102683.77,102697.69,102691.53
624083.680535325,6819,102695.61,101114.42,102689.46,107395.59,102676.11,102679.75,102693.65,102690.49
624083.70220743,6820,102680.34,101102.26,102696.47,107400.73,102686.09,102680.82,102703.87,102683.49
624083.723248391,6821,102690.52,101101.21,102689.46,107383.53,102685.24,102690.76,102699.84,102691.53
624083.742194554,6822,102693.46,101118.47,102692.44,107389.79,102671.01,102684.59,102709.8,102683.49
624083.76322611,6823,102682.5,101116.53,102687.37,107395.59,102676.11,102690.76,102699.84,102671.25
624083.787052112,6824,102674.47,101110.36,102687.37,107394.46,102669.95,102697.74,102694.72,102685.42
624083.807455489,6825,102685.43,101114.42,102689.46,107387.55,102675.05,102691.01,102693.65,102683.49
624083.828160081,6826,102683.57,101100.15,102681.41,107389.32,102689.28,102691.83,102695.8,102678.42
624083.84852523,6827,102681.42,101110.36,102685.27,107385.3,102676.11,102691.83,102702.8,102682.44
624083.869192706,6828,102681.42,101109.31,102679.31,107391.57,102683.12,102696.93,102694.72,102691.53
624083.889920934,6829,102686.51,101118.47,102679.31,107387.55,102671.01,102687.8,102693.65,102685.42
624083.910217999,6830,102689.44,101115.47,102692.44,107382.41,102675.05,102691.83,102702.8,102678.42
624083.930638812,6831,102691.6,101118.47,102679.31,107396.71,102680.15,102692.9,102701.72,102677.37
624083.954975867,6832,102687.58,101118.47,102688.41,107386.42,102668.04,102690.76,102709.8,102684.53
624083.975441478,6833,102691.6,101111.42,102693.49,107392.69,102683.12,102693.97,102701.72,102673.35
624083.996046559,6834,102686.51,101106.31,102679.31,107391.57,102677.17,102686.73,102702.8,102681.39
624084.016557118,6835,102691.6,101109.31,102687.37,107387.55,102676.11,102691.83,102699.84,102677.37
624084.037377184,6836,102690.52,101118.47,102688.41,107395.59,102675.05,102687.8,102693.65,102681.39
624084.057928645,6837,102683.57,101116.36,102692.44,107400.73,102675.05,102681.63,102705.76,102675.44
624084.078448007,6838,102686.51,101126.57,102689.46,107398.48,102675.05,102690.76,102703.87,102692.58
624084.10238003,6839,102682.5,101113.36,102688.41,107385.77,102684.18,102684.84,102697.69,102681.39
624084.122988416,6840,102684.36,101120.41,102691.39,107395.59,102680.15,102691.83,102701.72,102676.49
624084.143431743,6841,102698.55,101118.47,102688.41,107388.67,102669.1,102682.7,102701.72,102683.49
624084.164107041,6842,102694.53,101118.47,102691.39,107381.28,102681.0,102683.77,102694.72,102681.39
624084.184516847,6843,102686.51,101115.47,102688.41,107382.41,102683.12,102681.89,102697.69,102677.53
624084.205468923,6844,102687.58,101126.57,102696.47,107392.69,102675.05,102698.0,102700.65,102679.3
624084.225907303,6845,102690.52,101126.57,102690.35,107377.74,102677.17,102691.83,102701.72,102681.39
624084.246257319,6846,102681.42,101122.52,102682.29,107386.42,102680.15,102695.86,102702.8,102680.51
624084.270392318,6847,102688.37,101118.47,102680.36,107376.61,102676.11,102704.16,102693.65,102682.44
624084.291058732,6848,102691.6,101118.47,102691.39,107383.53,102673.99,102691.83,102697.69,102681.39
624084.311498274,6849,102689.44,101118.47,102691.39,107390.44,102684.18,102688.87,102694.72,102683.49
624084.332211639,6850,102689.44,101120.58,102697.51,107387.55,102673.99,102694.79,102692.57,102683.49
624084.352601715,6851,102686.51,101120.41,102688.41,107392.69,102677.17,102693.97,102693.65,102684.53
624084.373370755,6852,102689.44,101122.52,102695.42,107384.65,102675.05,102692.9,102694.72,102682.44
624084.393626889,6853,102691.6,101118.47,102688.41,107391.57,102675.05,102689.69,102695.8,102683.49
624084.414259412,6854,102688.37,101129.56,102681.41,107383.53,102692.25,102683.77,102705.76,102682.44
624084.438398708,6855,102688.37,101126.57,102680.36,107381.28,102684.18,102691.83,102694.72,102695.56
624084.459019854,6856,102691.6,101122.52,102689.46,107381.28,102676.11,102687.8,102693.65,102684.53
624084.479495049,6857,102691.6,101122.52,102690.51,107386.42,102681.21,102683.77,102697.69,102683.49
624084.500313713,6858,102685.43,101130.62,102688.41,107378.39,102679.08,102691.83,102703.87,102687.51
624084.520576497,6859,102689.44,101118.47,102689.46,107384.65,102664.01,102698.0,102691.5,102683.49
624084.541291074,6860,102682.5,101123.57,102701.54,107384.65,102675.05,102691.83,102694.72,102677.37
624084.561756094,6861,102691.6,101119.52,102692.44,107384.65,102673.14,102693.97,102700.65,102681.39
624084.582255446,6862,102685.43,101126.57,102691.39,107382.41,102676.11,102683.77,102694.72,102670.37
624084.605979084,6863,102688.37,101118.47,102681.41,107393.81,102679.08,102692.9,102702.8,102684.53
624084.627007785,6864,102691.6,101121.46,102679.31,107382.41,102675.05,102687.8,102693.65,102681.39
624084.647156156,6865,102691.6,101128.51,102680.36,107384.65,102676.11,102696.93,102695.8,102682.44
624084.668322968,6866,102693.46,101126.57,102691.39,107384.65,102676.11,102683.77,102692.57,102682.44
624084.688533673,6867,102689.44,101126.57,102690.51,107379.51,102676.11,102691.83,102699.57,102689.44
624084.709300989,6868,102683.57,101122.52,102689.46,107382.41,102664.86,102690.76,102698.76,102683.49
624084.72972025,6869,102689.44,101120.41,102679.31,107385.3,102676.11,102684.84,102697.69,102681.39
624084.750301706,6870,102686.51,101122.52,102680.36,107385.3,102675.05,102683.77,102695.8,102679.46
624084.773989119,6871,102685.43,101124.46,102681.41,107379.51,102676.11,102684.84,102707.91,102673.35
624084.79508357,6872,102682.5,101136.61,102682.45,107377.74,102680.15,102687.8,102699.84,102682.44
624084.815094193,6873,102691.6,101126.57,102693.49,107383.53,102677.17,102685.66,102711.95,102683.49
624084.836261504,6874,102691.6,101130.62,102679.31,107374.37,102683.12,102692.9,102701.72,102684.53
624084.856322654,6875,102681.71,101124.46,102689.46,107374.37,102672.93,102691.83,102693.65,102683.49
624084.877275511,6876,102685.43,101127.62,102699.61,107374.37,102676.11,102689.94,102702.8,102685.42
624084.898300888,6877,102683.57,101125.51,102685.43,107384.65,102675.05,102692.9,102702.8,102678.42
624084.918256848,6878,102690.52,101130.62,102697.51,107392.69,102673.99,102692.9,102701.72,102685.42
624084.942078254,6879,102691.6,101121.46,102688.41,107384.65,102680.15,102687.8,102703.87,102682.44
624084.962513268,6880,102683.57,101134.67,102691.39,107375.49,102673.14,102688.87,102697.69,102672.3
624084.983190338,6881,102699.62,101126.57,102680.36,107383.53,102666.98,102683.77,102698.76,102672.46
624085.003603439,6882,102691.6,101126.57,102681.41,107389.32,102673.14,102692.9,102698.76,102685.58
624085.024443256,6883,102691.6,101120.41,102687.37,107387.55,102673.14,102688.87,102703.87,102683.49
624085.045211254,6884,102687.58,101125.51,102687.37,107365.21,102676.11,102702.02,102702.8,102683.49
624085.065400727,6885,102683.57,101132.56,102689.46,107381.28,102688.22,102683.77,102695.8,102689.44
624085.086647329,6886,102691.6,101124.46,102680.36,107372.59,102680.15,102693.97,102698.76,102683.49
624085.109994397,6887,102684.65,101125.51,102679.31,107385.77,102685.24,102684.84,102703.87,102679.46
624085.130471855,6888,102691.6,101138.72,102687.37,107382.41,102677.17,102690.76,102701.72,102683.49
624085.15111846,6889,102697.76,101130.62,102690.35,107383.53,102673.14,102683.77,102710.87,102688.56
624085.171565562,6890,102699.62,101134.67,102688.41,107373.24,102673.14,102690.76,102697.69,102691.53
624085.192179477,6891,102687.58,101138.72,102683.34,107383.53,102673.99,102691.83,102697.69,102681.39
624085.212641302,6892,102687.58,101126.57,102679.31,107383.53,102676.11,102686.73,102695.8,102683.49
624085.233385744,6893,102684.65,101126.57,102690.51,107375.49,102684.18,102690.76,102694.72,102675.44
624085.257409856,6894,102691.6,101130.62,102691.39,107383.53,102671.01,102683.77,102701.72,102679.46
624085.27804914,6895,102688.37,101130.62,102683.34,107383.53,102676.11,102687.8,102705.76,102683.49
624085.299217193,6896,102693.75,101135.72,102687.37,107374.37,102671.01,102691.83,102703.87,102687.51
624085.319162336,6897,102685.43,101138.72,102691.39,107383.53,102677.17,102695.86,102710.87,102683.49
624085.339731884,6898,102683.57,101135.72,102688.41,107385.77,102677.17,102688.87,102691.76,102677.37
624085.360318738,6899,102691.6,101140.66,102680.36,107373.72,102683.12,102687.8,102708.99,102674.39
624085.380773041,6900,102691.6,101126.57,102687.37,107381.28,102676.11,102685.91,102702.8,102687.51
624085.401623904,6901,102697.76,101130.62,102681.41,107383.53,102673.99,102677.61,102696.61,102681.39
624085.42549122,6902,102678.48,101134.67,102671.26,107376.61,102676.11,102693.97,102693.65,102695.56
624085.446042931,6903,102682.5,101133.61,102686.32,107391.57,102661.03,102688.87,102698.76,102675.44
624085.466515492,6904,102682.5,101128.68,102689.46,107381.28,102676.11,102688.87,102695.8,102682.44
624085.48714529,6905,102685.43,101132.56,102687.37,107384.65,102675.05,102687.8,102690.69,102686.46
624085.507580846,6906,102685.43,101118.47,102695.42,107383.53,102692.25,102690.76,102699.84,102681.39
624085.528225938,6907,102696.69,101132.56,102679.31,107370.35,102679.08,102688.87,102700.91,102679.46
624085.548616254,6908,102686.51,101129.56,102681.41,107372.59,102675.05,102691.83,102699.84,102688.56
624085.569320877,6909,102687.58,101138.72,102678.27,107382.41,102677.17,102684.84,102699.84,102678.42
624085.593413012,6910,102695.61,101144.88,102685.43,107382.41,102681.21,102683.77,102696.87,102682.44
624085.614067728,6911,102690.52,101136.61,102686.32,107364.56,102676.11,102698.0,102701.72,102686.46
624085.634589964,6912,102691.6,101133.61,102697.51,107384.65,102683.12,102683.77,102705.76,102677.37
624085.655216819,6913,102689.74,101134.67,102691.39,107373.24,102676.11,102693.97,102697.69,102681.39
624085.675833658,6914,102691.6,101136.61,102695.42,107368.57,102683.12,102692.9,102705.76,102673.35
624085.696268482,6915,102683.57,101130.62,102689.46,107376.61,102685.24,102687.8,102702.8,102682.44
624085.71781002,6916,102691.6,101134.67,102687.37,107366.33,102677.17,102683.77,102693.65,102683.49
624085.737240035,6917,102695.9,101133.61,102687.37,107373.24,102680.15,102679.75,102698.76,102687.35
624085.76145141,6918,102688.66,101136.61,102679.31,107370.35,102679.08,102688.87,102697.69,102690.49
624085.782058945,6919,102690.52,101137.66,102691.39,107374.37,102679.08,102687.8,102698.76,102679.46
624085.802546549,6920,102691.6,101134.67,102695.42,107369.7,102680.15,102687.8,102699.84,102695.56
624085.823264251,6921,102683.28,101133.61,102684.39,107410.54,102672.08,102684.84,102700.91,102682.44
624085.84369604,6922,102686.51,101129.56,102679.31,107398.48,102675.05,102687.8,102695.8,102685.42
624085.864295213,6923,102694.53,101136.78,102679.31,107383.53,102677.17,102687.8,102705.76,102691.53
624085.884637547,6924,102691.6,101140.66,102695.42,107371.47,102675.05,102690.76,102701.72,102683.49
624085.905985091,6925,102691.6,101144.88,102670.21,107385.77,102686.31,102683.77,102702.8,102683.49
624085.92902818,6926,102698.55,101134.67,102691.39,107382.41,102676.11,102699.88,102707.91,102677.37
624085.950113187,6927,102687.58,101136.61,102689.46,107364.56,102676.11,102689.69,102695.8,102675.44
624085.97051399,6928,102682.5,101140.66,102684.39,107368.57,102669.1,102695.86,102700.91,102673.35
624085.991175456,6929,102683.57,101140.66,102692.44,107384.65,102671.01,102687.8,102698.76,102681.39
624086.011594367,6930,102689.44,101142.77,102684.39,107373.24,102672.08,102680.56,102695.8,102674.39
624086.032249153,6931,102686.51,101142.77,102696.47,107379.51,102677.17,102687.8,102703.87,102681.39
624086.052634262,6932,102683.57,101142.77,102688.41,107400.73,102675.05,102689.94,102698.76,102681.39
624086.073324873,6933,102691.6,101147.88,102692.44,107391.57,102676.11,102687.8,102701.72,102683.49
624086.097026918,6934,102682.5,101133.61,102679.31,107368.57,102679.08,102684.84,102702.8,102684.53
624086.118058665,6935,102694.53,101137.66,102687.37,107382.41,102671.01,102688.87,102707.91,102679.46
624086.138121126,6936,102691.6,101142.77,102686.32,107382.41,102684.18,102680.82,102700.65,102687.51
624086.159182618,6937,102681.42,101141.71,102687.37,107371.47,102675.05,102685.91,102698.76,102679.46
624086.179203816,6938,102685.72,101134.67,102695.42,107371.47,102675.05,102687.8,102694.72,102681.39
624086.200402796,6939,102689.44,101149.82,102683.34,107367.45,102677.17,102691.83,102693.65,102681.39
624086.220311564,6940,102681.42,101139.77,102681.41,107375.49,102666.98,102682.7,102701.72,102677.37
624086.241298443,6941,102686.51,101150.87,102687.37,107367.45,102675.05,102676.79,102705.76,102679.46
624086.265023343,6942,102691.6,101143.83,102688.41,107387.55,102681.0,102691.83,102704.95,102681.39
624086.285498037,6943,102693.46,101144.88,102695.42,107381.28,102675.05,102683.77,102703.87,102673.35
624086.306194066,6944,102690.52,101135.72,102675.29,107388.67,102677.17,102687.8,102707.91,102687.51
624086.326652025,6945,102691.6,101135.72,102688.41,107373.24,102677.17,102677.61,102698.76,102677.37
624086.347267813,6946,102690.52,101142.77,102687.37,107359.41,102668.04,102700.95,102701.72,102676.49
624086.368305629,6947,102690.52,101134.67,102683.34,107375.49,102672.08,102686.73,102703.87,102673.35
624086.388359207,6948,102691.6,101134.67,102688.41,107366.33,102677.17,102686.73,102697.69,102689.44
624086.409552888,6949,102679.56,101145.77,102680.36,107369.7,102668.04,102692.9,102699.84,102681.39
624086.433056253,6950,102690.52,101142.77,102679.31,107369.7,102681.21,102690.76,102703.87,102693.46
624086.453557758,6951,102683.57,101142.77,102680.36,107375.49,102676.11,102683.77,102698.76,102678.42
624086.474132273,6952,102681.42,101135.72,102687.37,107366.33,102675.05,102693.97,102697.69,102682.44
624086.494531864,6953,102690.52,101143.83,102691.39,107383.53,102676.11,102683.77,102701.72,102686.46
624086.51547693,6954,102675.55,101142.77,102688.41,107367.45,102671.01,102699.88,102691.76,102681.39
624086.536163765,6955,102686.51,101150.87,102681.41,107368.57,102673.14,102699.88,102698.76,102673.35
624086.556576235,6956,102691.6,101146.82,102679.31,107374.37,102664.01,102695.86,102701.72,102689.44
624086.580438693,6957,102683.57,101144.88,102689.46,107370.35,102673.14,102691.83,102698.76,102685.42
624086.601049052,6958,102691.6,101150.87,102680.36,107368.57,102679.08,102695.86,102698.76,102674.39
624086.621580352,6959,102686.51,101146.82,102688.41,107356.52,102676.11,102690.76,102693.65,102677.37
624086.64222896,6960,102683.57,101141.71,102689.46,107367.45,102684.18,102683.77,102701.72,102677.37
624086.662546757,6961,102687.58,101138.72,102696.47,107364.56,102676.11,102683.77,102697.69,102681.39
624086.683283548,6962,102681.42,101142.77,102679.31,107371.47,102677.17,102692.9,102695.8,102690.49
624086.703718452,6963,102694.53,101134.67,102689.46,107382.41,102668.04,102678.68,102692.57,102661.28
624086.724409153,6964,102680.34,101140.66,102688.41,107372.59,102677.17,102688.87,102701.72,102681.39
624086.748565785,6965,102689.44,101142.77,102689.46,107366.33,102676.11,102693.97,102705.76,102679.46
624086.770438183,6966,102694.53,101150.87,102680.36,107359.41,102673.99,102691.83,102699.84,102680.35
624086.789544108,6967,102690.52,101142.77,102689.46,107368.57,102666.98,102691.83,102701.72,102690.49
624086.81018259,6968,102690.52,101149.82,102681.41,107358.29,102676.11,102677.86,102695.8,102683.49
624086.832026485,6969,102683.57,101142.77,102687.37,107350.25,102673.99,102692.9,102693.65,102674.39
624086.8546307,6970,102686.51,101142.77,102692.44,107358.29,102685.24,102682.7,102693.65,102681.39
624086.871812955,6971,102690.52,101148.76,102695.42,107365.21,102681.21,102687.8,102704.95,102689.44
624086.892346739,6972,102689.44,101150.87,102687.37,107363.43,102675.05,102688.87,102703.87,102680.35
624086.916468459,6973,102689.44,101146.82,102688.41,107364.56,102675.05,102687.8,102697.69,102685.42
624086.937068542,6974,102689.44,101149.82,102687.37,107368.57,102684.18,102687.8,102699.84,102683.49
624086.957521744,6975,102681.42,101146.82,102687.37,107379.51,102684.18,102693.97,102689.61,102681.39
624086.978128679,6976,102693.46,101142.77,102687.37,107368.57,102677.17,102681.63,102698.76,102685.42
624086.998611255,6977,102701.48,101158.97,102675.29,107359.41,102682.06,102685.91,102699.84,102677.37
624087.019204899,6978,102691.6,101154.92,102687.37,107352.5,102684.18,102692.9,102702.8,102671.42
624087.039871624,6979,102687.58,101153.87,102686.48,107366.33,102672.93,102691.83,102705.76,102686.46
624087.0612994,6980,102687.58,101152.81,102689.46,107366.33,102684.18,102687.8,102699.84,102683.49
624087.084467437,6981,102691.6,101163.02,102689.46,107363.43,102675.05,102692.9,102695.8,102681.39
624087.105122284,6982,102688.37,101152.81,102684.39,107374.37,102685.24,102687.8,102711.95,102681.39
624087.125544419,6983,102690.52,101157.92,102689.46,107366.33,102676.11,102687.8,102703.87,102686.46
624087.146251645,6984,102682.5,101148.76,102681.41,107367.45,102671.01,102682.7,102703.87,102683.49
624087.166645367,6985,102685.43,101157.92,102687.37,107352.5,102685.24,102691.83,102705.76,102681.39
624087.187328597,6986,102687.58,101144.71,102677.38,107357.17,102681.21,102693.97,102701.72,102681.39
624087.207726335,6987,102695.61,101146.82,102688.41,107358.94,102680.15,102693.97,102705.76,102682.44
624087.228448894,6988,102691.6,101154.92,102688.41,107362.31,102679.08,102687.8,102698.76,102681.39
624087.252067483,6989,102686.51,101150.87,102681.41,107367.45,102672.08,102695.86,102695.8,102684.53
624087.27311933,6990,102682.5,101145.77,102691.39,107359.41,102675.05,102691.83,102701.72,102677.37
624087.293183694,6991,102690.52,101158.97,102688.41,107371.47,102676.11,102683.77,102711.95,102681.39
624087.314203302,6992,102685.43,101160.91,102691.39,107350.25,102673.99,102682.7,102707.91,102683.49
624087.33464058,6993,102689.44,101152.81,102687.37,107369.7,102676.11,102692.9,102696.87,102682.44
624087.355347726,6994,102691.6,101151.93,102690.51,107358.29,102673.99,102687.8,102703.87,102685.42
624087.375790342,6995,102689.44,101146.82,102687.37,107358.29,102662.95,102699.88,102695.8,102698.53
624087.396554925,6996,102682.5,101152.81,102680.36,107362.31,102675.05,102691.83,102701.72,102687.51
624087.420104499,6997,102689.44,101152.81,102685.43,107367.45,102680.15,102687.8,102699.84,102681.39
624087.441125019,6998,102685.43,101157.92,102695.42,107352.5,102675.05,102690.76,102707.91,102673.35
624087.461225237,6999,102690.52,101150.87,102681.41,107360.54,102683.12,102685.91,102702.8,102687.51
624087.482216302,7000,102691.6,101151.76,102684.39,107358.29,102675.05,102683.77,102695.8,102679.46
624087.502283731,7001,102682.5,101158.97,102685.43,107367.45,102681.0,102692.9,102691.76,102680.35
624087.523381898,7002,102682.5,101153.87,102678.27,107367.45,102680.15,102690.76,102695.8,102689.44
624087.543795239,7003,102691.6,101146.82,102673.35,107367.45,102677.17,102696.93,102696.87,102673.35
624087.564402775,7004,102682.5,101158.97,102688.41,107350.25,102673.99,102683.77,102703.87,102679.46
624087.58808506,7005,102682.5,101154.92,102695.58,107368.57,102671.01,102695.86,102697.69,102679.46
624087.608564622,7006,102689.44,101154.92,102691.39,107369.7,102683.12,102691.83,102701.99,102674.39
624087.629144705,7007,102691.6,101157.92,102689.46,107368.57,102677.17,102693.97,102703.87,102679.46
624087.649775676,7008,102687.58,101158.97,102687.37,107356.52,102684.18,102683.77,102708.99,102690.49
624087.670402541,7009,102683.57,101146.82,102689.46,107365.68,102678.02,102688.87,102697.69,102683.49
624087.691219262,7010,102691.6,101153.87,102691.39,107376.61,102676.11,102683.77,102703.87,102686.46
624087.711314433,7011,102687.58,101150.87,102693.49,107355.39,102679.08,102691.83,102706.02,102687.51
624087.732278688,7012,102695.61,101155.98,102687.37,107368.57,102679.08,102691.83,102688.54,102683.49
624087.756081114,7013,102691.6,101158.97,102686.32,107369.7,102672.08,102684.84,102703.87,102683.49
624087.776601478,7014,102691.6,101166.02,102693.49,107358.29,102679.08,102691.83,102702.8,102677.37
624087.797177506,7015,102679.27,101158.97,102688.41,107359.41,102679.08,102687.8,102687.73,102677.37
624087.821115798,7016,102683.57,101156.86,102671.26,107365.68,102671.01,102685.91,102695.8,102677.37
624087.838190531,7017,102683.57,101152.81,102681.41,107354.27,102684.18,102692.9,102706.83,102674.39
624087.85874807,7018,102695.61,101158.97,102688.41,107352.5,102675.05,102684.84,102693.65,102691.53
624087.879463769,7019,102691.6,101158.97,102689.46,107360.54,102673.99,102687.8,102695.8,102683.49
624087.903470705,7020,102690.52,101158.97,102687.37,107359.41,102676.11,102679.75,102707.91,102684.53
624087.92409724,7021,102699.62,101149.82,102687.37,107356.52,102666.98,102691.83,102695.8,102676.49
624087.944676412,7022,102699.62,101161.97,102687.37,107369.7,102671.01,102703.91,102707.91,102691.53
624087.965266851,7023,102689.44,101153.87,102695.42,107365.21,102666.98,102687.8,102690.69,102687.51
624087.985708215,7024,102693.46,101157.92,102679.31,107358.29,102672.08,102683.77,102694.72,102673.35
624088.006312265,7025,102689.44,101156.86,102679.31,107358.29,102673.99,102699.88,102711.95,102684.37
624088.026682792,7026,102698.55,101163.02,102687.37,107363.43,102665.92,102695.86,102704.95,102691.53
624088.047387724,7027,102683.57,101150.87,102679.31,107358.29,102666.98,102688.87,102699.84,102679.46
624088.071488533,7028,102689.44,101164.96,102687.37,107352.5,102680.15,102691.83,102695.8,102684.37
624088.092152884,7029,102687.29,101158.97,102687.37,107354.27,102686.31,102693.97,102702.8,102682.44
624088.112574578,7030,102702.56,101164.96,102687.37,107349.13,102689.28,102693.97,102698.76,102679.46
624088.133326281,7031,102681.42,101164.96,102687.37,107357.17,102672.08,102693.97,102698.76,102683.32
624088.153701045,7032,102682.5,101152.81,102687.37,107356.52,102676.11,102688.87,102695.8,102681.39
624088.174221528,7033,102691.6,101156.86,102687.37,107357.64,102675.05,102691.83,102699.84,102683.49
624088.194679868,7034,102687.58,101163.02,102681.41,107353.15,102676.11,102695.86,102697.69,102683.49
624088.215360053,7035,102690.52,101161.97,102683.34,107367.45,102677.17,102683.77,102703.87,102677.37
624088.239482574,7036,102689.44,101163.02,102687.37,107359.41,102675.05,102698.0,102707.91,102683.49
624088.26012332,7037,102697.47,101160.91,102688.41,107345.11,102680.15,102691.83,102708.99,102679.46
624088.280593697,7038,102687.58,101157.92,102687.37,107355.39,102668.89,102692.9,102698.76,102673.35
624088.301167822,7039,102685.72,101156.86,102687.37,107360.54,102684.18,102693.97,102697.69,102678.42
624088.321645111,7040,102684.65,101160.91,102691.39,107361.66,102678.24,102684.84,102706.02,102686.46
624088.34232793,7041,102689.44,101171.13,102683.34,107354.27,102683.12,102686.73,102693.65,102675.44
624088.362725878,7042,102690.52,101156.86,102688.41,107354.27,102688.22,102685.91,102699.84,102682.44
624088.383389368,7043,102685.43,101167.07,102688.41,107360.54,102666.98,102685.91,102702.8,102685.42
624088.407147989,7044,102691.6,101149.82,102675.29,107364.56,102675.05,102696.93,102695.8,102682.44
624088.428117792,7045,102685.43,101158.97,102689.46,107351.38,102687.15,102691.83,102696.87,102681.39
624088.448547268,7046,102690.52,101160.91,102680.36,107350.25,102676.11,102698.0,102701.72,102691.53
624088.469214053,7047,102691.6,101160.91,102693.49,107343.34,102677.17,102687.8,102699.84,102679.46
624088.489715998,7048,102695.61,101174.12,102688.41,107368.57,102675.05,102687.8,102693.91,102691.53
624088.510433219,7049,102686.51,101161.97,102687.37,107344.46,102682.06,102687.8,102702.8,102673.35
624088.530786791,7050,102686.51,101163.02,102683.34,107350.25,102676.11,102691.83,102703.87,102682.44
624088.551351651,7051,102679.56,101163.02,102685.43,107355.39,102675.05,102692.9,102695.8,102685.42
624088.575131204,7052,102683.57,101157.92,102678.27,107360.54,102677.17,102693.97,102699.84,102684.53
624088.596111212,7053,102689.44,101157.92,102695.58,107354.27,102668.89,102695.86,102702.8,102685.58
624088.616570584,7054,102686.51,101170.07,102671.26,107351.38,102675.05,102691.83,102695.8,102675.44
624088.637440836,7055,102688.37,101154.92,102687.37,107351.38,102678.02,102675.72,102694.72,102679.46
624088.657785905,7056,102690.52,101169.01,102680.36,107351.38,102675.05,102688.87,102706.83,102683.49
624088.678469775,7057,102691.6,101163.02,102696.47,107350.25,102673.99,102684.84,102696.87,102677.37
624088.698865079,7058,102691.6,101167.07,102685.43,107345.11,102673.14,102683.77,102699.84,102681.39
624088.719357861,7059,102678.48,101161.97,102687.37,107342.22,102676.11,102692.9,102702.8,102683.49
624088.743129342,7060,102695.61,101157.92,102698.56,107354.27,102672.08,102683.77,102698.76,102676.49
624088.76414245,7061,102695.61,101164.96,102681.41,107367.45,102679.08,102688.87,102696.87,102682.44
624088.784236489,7062,102687.58,101156.86,102689.46,107351.38,102676.11,102691.83,102703.87,102689.44
624088.805262958,7063,102690.52,101167.07,102689.46,107345.58,102669.1,102691.83,102703.87,102673.35
624088.825263715,7064,102689.44,101167.07,102679.31,107342.22,102677.17,102685.66,102703.87,102681.39
624088.846291556,7065,102683.57,101167.07,102695.42,107363.43,102675.05,102688.87,102706.83,102683.49
624088.866397413,7066,102682.5,101156.86,102687.37,107351.38,102675.05,102688.87,102695.8,102684.53
624088.887470122,7067,102691.6,101159.86,102687.37,107349.13,102675.05,102687.8,102696.87,102686.46
624088.911151575,7068,102676.62,101166.02,102689.46,107350.25,102673.99,102680.82,102704.95,102681.39
624088.932073526,7069,102695.61,101173.06,102683.34,107347.36,102676.96,102691.83,102699.84,102681.39
624088.952297972,7070,102691.6,101164.96,102679.31,107343.34,102679.08,102687.8,102698.76,102681.39
624088.973017707,7071,102691.6,101166.02,102689.46,107351.38,102683.12,102691.83,102702.8,102681.39
624088.996157362,7072,102694.53,101167.07,102687.37,107343.34,102675.05,102682.7,102703.87,102683.49
624089.014308052,7073,102683.57,101169.01,102683.34,107353.62,102671.01,102683.77,102702.8,102681.39
624089.034340768,7074,102686.51,101172.18,102688.41,107350.25,102684.18,102688.87,102689.61,102683.49
624089.055427708,7075,102691.6,101167.07,102681.41,107339.32,102675.05,102692.9,102696.87,102681.39
624089.079153249,7076,102694.53,101164.96,102690.51,107337.54,102680.15,102686.73,102703.87,102679.3
624089.099618279,7077,102691.6,101168.13,102683.34,107344.46,102676.11,102685.91,102694.72,102681.39
624089.120227987,7078,102685.43,101171.13,102691.39,107343.34,102675.05,102691.83,102694.72,102682.44
624089.140662931,7079,102691.3,101166.02,102689.46,107352.5,102677.17,102700.95,102686.65,102681.39
624089.161386993,7080,102690.52,101163.02,102693.49,107321.0,102675.05,102691.83,102692.84,102678.42
624089.18183042,7081,102694.53,101175.18,102697.51,107348.48,102675.05,102681.63,102703.87,102683.49
624089.202405807,7082,102687.58,101167.07,102686.48,107346.23,102675.05,102691.58,102695.8,102682.44
624089.226497902,7083,102688.37,101156.86,102689.46,107342.22,102675.05,102687.8,102702.8,102682.44
624089.247108792,7084,102685.43,101169.01,102687.37,107340.44,102675.05,102690.76,102694.72,102683.49
624089.26756567,7085,102691.6,101173.06,102688.41,107335.3,102680.15,102684.84,102698.76,102674.39
624089.288210081,7086,102697.76,101166.02,102689.46,107337.07,102677.17,102691.83,102695.8,102674.39
624089.308631144,7087,102688.37,101163.02,102689.46,107352.5,102685.24,102693.97,102708.99,102682.44
624089.329289156,7088,102683.57,101174.12,102672.31,107335.3,102675.05,102687.8,102690.69,102682.44
624089.349780766,7089,102680.34,101170.07,102679.31,107356.52,102673.99,102682.7,102702.8,102673.35
624089.371309714,7090,102687.58,101166.02,102679.31,107768.24,102675.05,102688.87,102699.84,102679.46
624089.39452943,7091,102691.6,101175.18,102688.41,107837.7,102677.17,102685.91,102686.65,102669.33
624089.415128252,7092,102690.52,101164.96,102689.46,107818.73,102679.08,102693.72,102688.8,102673.35
624089.435574493,7093,102686.51,101170.07,102679.31,107808.44,102677.17,102692.9,102697.69,102677.37
624089.456263532,7094,102682.5,101183.28,102680.36,107808.44,102675.05,102695.86,102693.65,102686.46
624089.476770816,7095,102676.33,101167.07,102692.44,107800.4,102676.11,102679.75,102710.87,102691.53
624089.497508408,7096,102677.41,101164.96,102693.49,107784.32,102681.21,102699.88,102687.73,102681.39
624089.517819805,7097,102690.52,101160.91,102692.44,107786.58,102671.01,102693.97,102704.95,102689.44
624089.538444296,7098,102691.6,101163.91,102693.49,107759.08,102673.99,102696.93,102703.87,102677.37
624089.562531103,7099,102682.5,101167.07,102690.51,107760.21,102676.11,102693.97,102710.87,102688.56
624089.584107814,7100,102694.53,101167.07,102689.46,107767.12,102675.05,102694.79,102710.87,102694.67
624089.603593984,7101,102695.61,101173.06,102692.44,107751.04,102675.05,102682.7,102696.87,102686.46
624089.624243853,7102,102684.65,101166.02,102691.55,107733.2,102675.05,102691.83,102701.72,102674.39
624089.644837527,7103,102695.61,101175.18,102688.41,107736.09,102683.12,102693.97,102703.87,102673.35
624089.665359764,7104,102691.6,101166.02,102695.58,107744.13,102677.17,102689.94,102699.84,102682.44
624089.685759515,7105,102695.61,101179.23,102688.41,107720.01,102679.08,102682.7,102703.87,102680.51
624089.706411818,7106,102683.57,101164.96,102688.41,107705.06,102681.21,102690.76,102693.65,102678.42
624089.730565956,7107,102689.44,101169.01,102687.37,107706.19,102677.17,102679.75,102695.8,102678.42
624089.751182255,7108,102683.57,101175.18,102688.41,107703.94,102684.18,102687.8,102706.02,102678.42
624089.771610189,7109,102683.57,101167.07,102689.46,107695.9,102675.05,102683.77,102703.87,102679.46
624089.792353389,7110,102675.55,101175.18,102691.39,107690.11,102668.04,102695.86,102691.76,102687.51
624089.812704677,7111,102684.36,101171.13,102689.46,107682.07,102683.12,102684.84,102699.84,102677.37
624089.83329095,7112,102691.6,101171.13,102681.41,107686.73,102684.18,102681.89,102697.69,102677.37
624089.853751613,7113,102687.58,101173.06,102694.53,107690.11,102676.11,102681.63,102695.8,102678.42
624089.874562356,7114,102689.44,101173.06,102690.51,107680.95,102672.08,102690.76,102706.02,102681.39
624089.898103838,7115,102685.43,101178.17,102690.51,107665.99,102675.05,102675.72,102698.76,102674.39
624089.919225091,7116,102687.58,101173.06,102689.46,107678.05,102673.99,102699.88,102699.84,102685.42
624089.939680486,7117,102687.58,101171.13,102679.31,107667.76,102666.98,102684.84,102703.87,102683.49
624089.960350846,7118,102678.48,101175.18,102690.51,107655.7,102677.17,102696.93,102691.76,102674.39
624089.980548531,7119,102686.51,101174.12,102686.48,107644.77,102675.05,102688.87,102703.87,102690.49
624090.001332053,7120,102689.44,101169.01,102681.41,107657.96,102673.14,102692.9,102695.8,102685.42
624090.021836062,7121,102679.27,101175.18,102688.41,107625.8,102676.11,102687.8,102693.65,102680.35
624090.042678863,7122,102682.5,101182.22,102688.41,107601.69,102675.05,102687.8,102703.87,102682.44
624090.066155507,7123,102683.57,101175.18,102685.43,107591.4,102677.17,102689.94,102703.87,102679.46
624090.087220895,7124,102687.58,101179.23,102689.46,107575.32,102677.17,102684.84,102703.87,102679.46
624090.107249745,7125,102699.62,101169.01,102690.51,107561.49,102676.11,102687.8,102699.84,102677.37
624090.128301132,7126,102682.5,101173.06,102701.54,107551.21,102684.18,102689.94,102706.02,102687.51
624090.148340147,7127,102687.58,101173.06,102689.46,107504.1,102673.14,102691.83,102698.76,102682.44
624090.169460298,7128,102684.65,101178.17,102680.36,107504.1,102679.08,102689.69,102700.91,102676.49
624090.190089506,7129,102683.57,101173.06,102689.46,107529.34,102683.12,102693.97,102706.02,102672.46
624090.210395815,7130,102683.57,101169.01,102689.46,107511.01,102681.21,102686.99,102696.87,102689.6
624090.234146184,7131,102694.53,101185.22,102675.29,107511.01,102676.11,102691.83,102699.84,102681.39
624090.254614969,7132,102685.43,101173.06,102689.46,107501.21,102676.11,102680.82,102704.95,102685.42
624090.275265039,7133,102691.6,101174.12,102688.41,107504.1,102666.98,102683.77,102687.73,102685.42
624090.296298929,7134,102698.55,101181.17,102690.51,107490.92,102677.17,102693.97,102703.87,102688.56
624090.316615354,7135,102691.6,101169.01,102691.39,107500.08,102672.93,102692.9,102699.84,102683.49
624090.337404274,7136,102690.52,101177.12,102676.33,107478.86,102679.08,102687.8,102695.8,102681.39
624090.357428006,7137,102691.6,101172.01,102696.47,107482.88,102675.05,102691.83,102701.72,102683.49
624090.381548824,7138,102685.43,101179.23,102682.45,107498.31,102685.24,102686.99,102703.87,102681.56
624090.402224833,7139,102690.52,101183.28,102684.39,107493.81,102683.12,102685.91,102699.84,102683.49
624090.422624064,7140,102687.58,101167.07,102675.29,107477.09,102675.05,102682.7,102703.87,102681.39
624090.44332469,7141,102699.62,101174.12,102693.49,107470.18,102675.05,102692.9,102699.84,102678.42
624090.463785413,7142,102691.6,101178.17,102673.35,107482.88,102664.86,102689.94,102695.8,102682.44
624090.484323523,7143,102691.6,101174.12,102697.51,107498.31,102675.05,102693.97,102703.87,102679.46
624090.504741512,7144,102674.47,101171.13,102685.43,107473.07,102681.21,102689.94,102691.76,102684.53
624090.52537732,7145,102674.47,101187.33,102689.46,107481.11,102685.24,102692.9,102701.72,102687.51
624090.549549827,7146,102690.52,101174.12,102689.46,107481.11,102684.18,102676.79,102707.91,102687.51
624090.570176611,7147,102689.44,101175.18,102689.46,107478.21,102671.01,102684.84,102696.87,102691.53
624090.590624184,7148,102687.58,101176.06,102688.41,107474.84,102673.99,102695.86,102694.72,102683.49
624090.611378632,7149,102686.51,101173.06,102687.37,107469.05,102676.11,102690.76,102703.87,102679.46
624090.631712323,7150,102690.52,101173.06,102681.41,107471.95,102676.11,102687.8,102703.87,102677.37
624090.652324055,7151,102687.58,101173.06,102691.39,107471.95,102672.08,102696.93,102695.8,102691.53
624090.672751678,7152,102691.6,101177.12,102694.53,107486.25,102673.14,102684.84,102708.99,102684.53
624090.693366094,7153,102691.6,101187.33,102684.39,107458.12,102673.99,102680.82,102707.91,102687.51
624090.718066749,7154,102672.32,101183.28,102691.39,107463.91,102681.21,102699.88,102694.72,102673.35
624090.738203633,7155,102685.72,101174.12,102685.43,107473.07,102676.11,102693.97,102700.91,102675.44
624090.758626168,7156,102686.51,101179.23,102694.53,107471.95,102672.93,102683.77,102696.87,102682.44
624090.779268096,7157,102687.58,101188.21,102689.46,107462.79,102685.24,102699.88,102703.87,102680.51
624090.79971601,7158,102687.58,101173.06,102676.33,107455.87,102675.05,102696.93,102703.87,102691.53
624090.82042591,7159,102691.6,101169.01,102689.46,107466.16,102684.18,102683.77,102703.87,102677.37
624090.840717057,7160,102683.57,101177.12,102689.46,107465.68,102685.24,102691.83,102695.8,102683.49
624090.861523563,7161,102695.61,101178.17,102685.43,107458.12,102665.92,102691.83,102706.83,102689.44
624090.885552563,7162,102691.6,101183.28,102691.55,107465.03,102679.08,102695.86,102694.72,102683.49
624090.906184815,7163,102696.69,101179.23,102688.41,107462.79,102677.17,102688.87,102699.84,102691.53
624090.926649775,7164,102690.52,101173.06,102689.46,107470.82,102676.11,102682.7,102695.8,102681.39
624090.947284051,7165,102690.52,101183.28,102682.45,107465.03,102683.12,102683.77,102702.8,102683.49
624090.967759797,7166,102691.6,101173.06,102693.49,107442.69,102666.98,102695.86,102699.84,102687.51
624090.988371098,7167,102687.58,101177.12,102685.43,107442.69,102680.15,102683.77,102703.87,102682.44
624091.008751389,7168,102696.39,101173.06,102681.41,107462.79,102679.08,102690.76,102699.84,102684.53
624091.029512837,7169,102686.51,101186.27,102680.36,107462.14,102684.18,102693.72,102691.76,102679.46
624091.05359033,7170,102691.6,101183.28,102689.46,107444.94,102671.01,102696.93,102695.8,102678.42
624091.074266359,7171,102686.51,101164.96,102679.31,107456.99,102671.01,102687.8,102702.8,102684.53
624091.094770618,7172,102687.58,101185.22,102689.46,107466.16,102685.24,102684.84,102699.84,102681.39
624091.11531599,7173,102687.58,101180.11,102688.41,107466.16,102678.24,102687.8,102695.8,102684.53
624091.136486536,7174,102687.58,101169.01,102689.46,107442.04,102682.06,102683.77,102707.91,102675.44
624091.157219622,7175,102683.57,101169.01,102688.41,107443.81,102679.08,102688.87,102699.84,102684.53
624091.176790028,7176,102685.72,101167.07,102688.41,107446.06,102677.17,102691.83,102702.8,102692.58
624091.197420288,7177,102685.43,101181.17,102688.41,107452.98,102679.08,102685.91,102703.87,102687.51
624091.221609801,7178,102687.29,101190.32,102682.45,107447.83,102677.17,102685.91,102689.61,102673.35
624091.242631312,7179,102683.57,101198.42,102690.51,107438.67,102675.05,102691.83,102695.8,102683.49
624091.262733223,7180,102690.52,101182.22,102681.41,107454.1,102677.17,102685.91,102697.95,102687.51
624091.283422311,7181,102694.53,101173.06,102688.41,107439.79,102685.24,102695.86,102701.72,102691.53
624091.303837576,7182,102687.58,101188.21,102683.34,107442.69,102669.1,102692.9,102697.69,102683.49
624091.324413463,7183,102680.34,101176.06,102694.53,107442.04,102681.21,102687.8,102690.69,102675.44
624091.34478379,7184,102687.58,101173.06,102684.39,107440.92,102681.0,102691.83,102700.91,102678.42
624091.365442302,7185,102674.47,101177.12,102681.41,107440.92,102681.21,102683.77,102695.8,102682.44
624091.38915914,7186,102689.44,101181.17,102693.49,107442.04,102675.05,102692.9,102696.87,102681.56
624091.410226851,7187,102687.58,101177.12,102687.37,107450.08,102675.05,102691.83,102686.65,102675.44
624091.430228861,7188,102681.42,101191.38,102681.41,107442.04,102676.11,102695.86,102695.8,102683.49
624091.451349652,7189,102687.58,101199.48,102680.36,107430.63,102679.08,102690.76,102696.87,102675.44
624091.471761542,7190,102689.44,101182.22,102689.46,107440.92,102679.08,102687.8,102707.91,102701.67
624091.492465443,7191,102687.58,101206.53,102690.51,107443.81,102676.11,102691.83,102694.72,102685.58
624091.513175243,7192,102689.44,101206.53,102689.46,107458.12,102675.05,102684.84,102691.76,102687.51
624091.533522364,7193,102690.52,101199.48,102695.58,107440.92,102676.11,102691.83,102701.99,102674.39
624091.557193403,7194,102687.58,101197.37,102690.51,107447.83,102677.17,102691.83,102705.76,102684.53
624091.577681607,7195,102689.44,101198.42,102690.51,107446.06,102679.08,102683.77,102695.8,102678.42
624091.598243043,7196,102684.36,101199.48,102695.58,107443.81,102675.05,102693.97,102695.8,102684.53
624091.619321481,7197,102696.69,101197.37,102701.54,107434.0,102671.01,102693.97,102703.87,102670.37
624091.640061216,7198,102687.58,101207.58,102692.44,107431.76,102673.99,102680.82,102706.02,102683.49
624091.660445824,7199,102686.51,101211.63,102690.51,107442.04,102671.01,102691.83,102699.84,102675.44
624091.680393752,7200,102690.52,101199.48,102683.34,107435.78,102677.17,102688.87,102705.76,102687.35
624091.704571937,7201,102694.53,101211.63,102682.45,107444.94,102675.05,102691.83,102704.95,102684.53
624091.725212412,7202,102691.6,101204.41,102693.49,107421.95,102665.07,102684.84,102695.8,102675.44
624091.745666215,7203,102691.6,101199.48,102677.38,107439.79,102677.17,102698.0,102703.87,102674.39
624091.766265838,7204,102688.66,101217.62,102688.41,107446.06,102685.24,102687.8,102704.95,102679.46
624091.78669899,7205,102689.44,101222.73,102685.43,107454.1,102676.11,102682.7,102702.8,102686.46
624091.807423332,7206,102687.58,101229.77,102689.46,107442.04,102666.98,102683.77,102703.87,102682.44
624091.828024307,7207,102691.6,101222.73,102686.48,107439.79,102676.11,102698.0,102696.87,102679.46
624091.848370568,7208,102695.61,101226.78,102681.41,107440.92,102675.05,102693.97,102698.76,102679.46
624091.872589955,7209,102702.56,101227.84,102682.45,107442.04,102677.17,102688.87,102695.8,102683.49
624091.893205262,7210,102690.52,101229.77,102693.49,107439.79,102679.08,102691.83,102703.87,102681.39
624091.913671173,7211,102690.52,101217.62,102689.46,107442.04,102676.11,102691.83,102711.95,102687.51
624091.934436077,7212,102691.6,101221.67,102687.37,107431.76,102679.08,102693.97,102699.84,102691.53
624091.954880155,7213,102687.58,101223.79,102680.36,107434.0,102675.05,102689.69,102698.76,102681.39
624091.975498536,7214,102683.57,101221.67,102689.46,107434.0,102676.11,102685.91,102695.8,102679.46
624091.996049697,7215,102691.6,101221.67,102684.39,107434.0,102685.24,102679.75,102695.8,102687.51
624092.016402036,7216,102688.37,101226.78,102693.49,107438.67,102662.95,102692.9,102706.83,102679.46
624092.040584368,7217,102687.58,101259.19,102681.41,107456.99,102677.17,102691.83,102699.84,102679.46
624092.061230481,7218,102678.48,101254.08,102679.31,107450.08,102679.08,102688.87,102711.95,102689.44
624092.081722302,7219,102683.57,101258.13,102693.49,107448.96,102671.01,102686.73,102699.84,102685.42
624092.102502298,7220,102675.55,101256.19,102688.41,107450.08,102671.01,102692.9,102687.73,102673.35
624092.123194531,7221,102686.51,101245.98,102689.46,107443.81,102673.14,102691.83,102687.73,102689.6
624092.143369082,7222,102691.6,101250.03,102690.51,107439.79,102679.08,102692.9,102703.87,102674.39
624092.164110359,7223,102683.57,101250.03,102690.51,107448.96,102668.04,102696.11,102702.8,102687.51
624092.184883915,7224,102691.6,101245.1,102692.44,107442.04,102677.17,102688.87,102696.87,102682.44
624092.208925274,7225,102691.6,101245.98,102681.41,107448.96,102684.18,102683.77,102699.84,102682.44
624092.229211974,7226,102686.51,101254.08,102689.46,107446.06,102672.08,102702.02,102704.95,102673.35
624092.249683744,7227,102686.51,101256.19,102687.37,107439.79,102683.12,102688.87,102695.8,102683.49
624092.270370129,7228,102693.46,101253.02,102694.53,107446.06,102677.17,102693.97,102696.87,102678.42
624092.290719484,7229,102691.6,101258.13,102683.5,107442.04,102676.11,102694.79,102697.95,102673.35
624092.31613472,7230,102690.52,101293.53,102689.46,107462.14,102671.01,102684.84,102703.87,102689.44
624092.331853892,7231,102691.6,101286.49,102688.41,107438.67,102668.04,102696.93,102692.84,102673.35
624092.352407106,7232,102687.58,101295.64,102688.41,107458.12,102683.12,102687.8,102693.65,102686.46
624092.376666914,7233,102684.36,101286.49,102687.37,107450.08,102671.01,102691.83,102699.84,102690.49
624092.397274229,7234,102690.52,101278.38,102689.46,107454.1,102662.95,102683.77,102695.8,102683.49
624092.417742244,7235,102687.58,101288.6,102689.46,107450.08,102679.08,102700.95,102695.8,102682.44
624092.438349469,7236,102688.66,101283.49,102681.41,107446.06,102685.24,102689.94,102693.65,102683.49
624092.458724763,7237,102694.53,101294.59,102680.36,107442.04,102676.11,102683.77,102696.87,102682.44
624092.4805764,7238,102691.6,101286.49,102697.51,107443.81,102685.24,102686.73,102695.8,102689.6
624092.501228642,7239,102683.57,101290.71,102689.46,107442.04,102676.11,102691.83,102704.95,102683.49
624092.520483482,7240,102689.74,101284.55,102697.51,107450.08,102679.08,102691.83,102690.69,102687.51
624092.54427309,7241,102691.6,101278.38,102689.46,107448.96,102684.18,102692.9,102691.76,102690.49
624092.565233799,7242,102686.51,101294.59,102698.56,107447.83,102680.15,102689.69,102695.8,102679.46
624092.585360728,7243,102695.61,101322.94,102680.36,107466.16,102684.18,102691.83,102695.8,102683.49
624092.606324141,7244,102689.44,101331.04,102689.46,107465.03,102675.05,102684.84,102703.87,102679.46
624092.626832456,7245,102683.57,101318.89,102680.36,107466.16,102681.21,102695.04,102699.84,102681.39
624092.647408855,7246,102683.57,101318.89,102696.47,107456.99,102668.89,102689.94,102695.8,102685.58
624092.667889458,7247,102675.55,101317.83,102689.46,107447.83,102672.08,102684.84,102699.84,102673.35
624092.688420969,7248,102690.52,101319.95,102699.61,107454.1,102684.18,102698.0,102693.65,102683.49
624092.712290858,7249,102693.75,101318.89,102690.35,107465.03,102671.01,102689.69,102686.65,102683.49
624092.733225608,7250,102693.75,101318.89,102686.48,107461.01,102676.11,102691.83,102703.87,102671.42
624092.753285956,7251,102694.53,101318.89,102682.45,107452.98,102668.04,102693.97,102699.84,102688.56
624092.774420909,7252,102683.57,101319.95,102680.36,107450.08,102684.18,102687.8,102699.84,102679.46
624092.794774029,7253,102683.57,101326.99,102692.44,107446.71,102672.08,102692.9,102702.8,102682.44
624092.815437529,7254,102691.6,101314.84,102680.36,107452.98,102671.01,102696.93,102683.69,102675.44
624092.835828276,7255,102690.52,101328.05,102690.51,107448.96,102680.15,102684.84,102696.87,102683.49
624092.856515032,7256,102683.57,101387.76,102677.38,107479.99,102672.08,102689.69,102695.8,102682.44
624092.880213341,7257,102687.29,101378.6,102687.53,107478.21,102675.05,102702.02,102707.1,102679.46
624092.900701376,7258,102689.44,101369.62,102698.56,107484.0,102675.05,102684.84,102700.65,102683.49
624092.921320369,7259,102682.5,101372.61,102689.46,107477.09,102676.11,102684.84,102701.99,102679.46
624092.942364614,7260,102683.57,101375.6,102689.46,107477.09,102677.17,102684.84,102690.69,102681.39
624092.967923137,7261,102686.51,101371.55,102690.51,107474.19,102677.17,102691.83,102688.8,102685.42
624092.983553225,7262,102693.75,101367.5,102689.46,107471.95,102665.07,102683.77,102703.87,102674.39
624093.003448183,7263,102688.37,101369.62,102693.49,107466.16,102687.15,102683.77,102695.8,102678.42
624093.027644185,7264,102690.52,101360.46,102683.5,107477.09,102676.11,102693.97,102696.87,102670.37
624093.04824457,7265,102682.5,101373.67,102688.41,107482.23,102682.06,102692.9,102701.72,102682.44
624093.068741468,7266,102693.75,101372.61,102690.51,107481.11,102675.05,102690.76,102695.8,102691.53
624093.089380711,7267,102683.57,101368.56,102697.51,107478.21,102677.17,102685.91,102710.87,102678.42
624093.109810528,7268,102692.67,101388.81,102679.31,107474.19,102675.05,102696.93,102695.8,102672.46
624093.130421818,7269,102687.58,101440.42,102681.41,107514.39,102681.21,102684.84,102695.8,102683.49
624093.150813447,7270,102683.57,101431.26,102689.46,107497.19,102684.18,102699.07,102700.91,102678.42
624093.173155896,7271,102693.46,101430.38,102681.41,107506.35,102677.17,102691.83,102702.8,102673.35
624093.19565307,7272,102690.52,101434.43,102688.41,107509.24,102675.05,102683.77,102703.87,102680.51
624093.216254826,7273,102687.58,101434.43,102682.45,107494.29,102675.05,102684.84,102697.69,102679.46
624093.236765485,7274,102693.46,101422.28,102687.37,107492.04,102679.3,102690.76,102693.65,102684.53
624093.2573992,7275,102693.46,101426.33,102695.42,107497.19,102681.21,102691.83,102698.76,102687.51
624093.277957441,7276,102691.6,101416.11,102689.46,107498.96,102675.05,102699.88,102693.65,102674.39
624093.298404463,7277,102687.58,101432.32,102691.55,107497.19,102672.08,102682.7,102693.65,102684.53
624093.319318272,7278,102689.44,101420.16,102690.51,107489.15,102683.12,102691.83,102696.87,102679.46
624093.339747908,7279,102688.37,101426.33,102680.36,107482.23,102672.93,102681.63,102691.76,102673.35
624093.363618027,7280,102683.57,101424.21,102689.46,107490.27,102677.17,102685.91,102694.72,102673.35
624093.384331133,7281,102683.57,101434.43,102692.44,107497.19,102675.05,102685.91,102695.8,102675.44
624093.404689671,7282,102687.58,101500.12,102689.46,107547.67,102676.11,102691.83,102711.95,102679.46
624093.425342706,7283,102693.75,101499.25,102689.46,107530.46,102673.14,102684.84,102695.8,102677.37
624093.445840916,7284,102687.58,101472.82,102681.41,107521.3,102675.05,102675.72,102704.95,102681.39
624093.466356762,7285,102675.55,101476.88,102683.5,107524.2,102672.93,102683.77,102695.8,102675.44
624093.486954663,7286,102691.6,101483.92,102689.46,107528.21,102675.05,102693.97,102711.95,102678.42
624093.508285422,7287,102691.6,101478.99,102688.41,107522.43,102677.17,102687.8,102695.8,102683.49
624093.531636757,7288,102673.39,101483.04,102688.41,107522.43,102681.21,102691.83,102703.87,102692.58
624093.552317463,7289,102691.6,101489.03,102688.41,107530.46,102683.12,102683.77,102698.76,102677.37
624093.572682722,7290,102691.6,101481.98,102689.46,107524.2,102676.11,102685.91,102702.8,102677.37
624093.593444431,7291,102690.52,101480.93,102696.47,107513.26,102676.11,102700.95,102695.8,102675.44
624093.61380331,7292,102695.61,101468.77,102689.46,107520.18,102675.05,102689.94,102707.91,102674.39
624093.634464937,7293,102678.48,101487.09,102680.36,107529.34,102679.08,102686.73,102703.87,102683.49
624093.656038643,7294,102690.52,101505.23,102691.39,107537.38,102677.17,102680.82,102695.8,102678.42
624093.675948724,7295,102691.6,101578.15,102691.55,107571.3,102680.15,102693.97,102711.95,102683.49
624093.699677109,7296,102690.52,101564.06,102694.53,107564.39,102683.12,102685.91,102698.76,102678.42
624093.720246427,7297,102691.6,101547.86,102693.49,107569.53,102693.31,102698.0,102699.84,102675.44
624093.740695573,7298,102689.44,101553.84,102681.41,107560.37,102681.0,102680.82,102695.8,102679.46
624093.761379143,7299,102680.34,101553.84,102689.46,107551.21,102676.11,102698.0,102701.99,102675.44
624093.782160962,7300,102693.75,101558.95,102685.43,107546.54,102662.95,102687.8,102696.87,102683.49
624093.802434141,7301,102682.5,101555.96,102690.51,107554.1,102680.15,102692.9,102699.84,102676.49
624093.822850758,7302,102699.62,101549.79,102685.43,107552.33,102683.12,102696.93,102694.72,102673.35
624093.843503902,7303,102681.42,101545.74,102683.34,107552.33,102684.18,102688.87,102695.8,102676.49
624093.867673415,7304,102674.47,101553.84,102694.53,107550.56,102675.05,102691.83,102698.76,102682.44
624093.8885253,7305,102687.58,101550.85,102680.36,107548.31,102671.01,102683.77,102695.8,102675.44
624093.908510894,7306,102690.52,101545.74,102689.46,107549.44,102684.18,102702.02,102703.87,102675.44
624093.92947553,7307,102691.6,101589.24,102678.43,107576.45,102678.24,102685.91,102697.95,102679.46
624093.949977856,7308,102689.44,101653.19,102679.31,107610.85,102677.17,102691.83,102699.84,102681.56
624093.970582327,7309,102690.52,101626.76,102692.44,107609.72,102675.05,102692.9,102696.87,102691.53
624093.99109598,7310,102689.44,101620.78,102689.46,107601.69,102683.12,102693.97,102710.06,102682.44
624094.01143559,7311,102694.53,101618.66,102689.46,107608.6,102679.08,102680.82,102703.87,102680.35
624094.035225068,7312,102686.51,101626.76,102690.51,107602.81,102676.11,102689.94,102679.65,102682.44
624094.0563264,7313,102683.57,101621.84,102681.41,107593.65,102682.06,102696.93,102690.69,102683.49
624094.076308129,7314,102683.57,101614.61,102682.45,107590.75,102662.95,102685.91,102699.84,102677.37
624094.09744178,7315,102686.51,101614.61,102693.49,107589.63,102675.05,102689.94,102694.72,102676.49
624094.118359795,7316,102682.5,101611.62,102684.39,107600.56,102676.11,102692.9,102695.8,102685.58
624094.138495647,7317,102683.57,101615.67,102689.46,107593.65,102675.05,102693.97,102697.95,102679.46
624094.159464438,7318,102687.58,101611.62,102683.5,107593.65,102671.01,102685.66,102699.84,102678.42
624094.182663503,7319,102680.34,101617.6,102694.53,107593.65,102679.08,102684.84,102694.72,102675.44
624094.203262576,7320,102692.67,101663.22,102681.41,107628.69,102671.01,102693.97,102708.99,102685.42
624094.223704751,7321,102691.6,101713.96,102691.55,107655.06,102677.17,102692.9,102704.95,102681.39
624094.244377605,7322,102687.58,101707.78,102697.51,107633.84,102671.01,102687.8,102700.91,102673.35
624094.265466769,7323,102690.52,101700.74,102681.41,107655.06,102672.08,102685.91,102695.8,102678.42
624094.285452874,7324,102687.58,101696.69,102688.41,107632.71,102675.9,102691.83,102699.84,102681.39
624094.306482398,7325,102685.43,101691.58,102690.51,107641.88,102675.05,102683.77,102703.87,102676.49
624094.326509415,7326,102691.6,101695.63,102694.53,107647.02,102676.11,102684.84,102699.84,102692.58
624094.350646388,7327,102682.5,101688.59,102697.51,107628.69,102680.15,102685.91,102704.95,102687.51
624094.371243538,7328,102691.6,101695.63,102672.31,107630.95,102682.06,102689.94,102702.8,102669.33
624094.391703911,7329,102684.36,101693.7,102681.41,107633.84,102679.08,102684.84,102694.72,102682.44
624094.41240005,7330,102692.67,101691.58,102698.56,107632.71,102673.14,102686.99,102706.02,102687.51
624094.432935326,7331,102690.52,101691.58,102696.47,107625.8,102677.17,102696.93,102700.91,102683.49
624094.453513447,7332,102688.37,101691.58,102673.35,107631.59,102675.05,102685.91,102703.87,102677.53
624094.473971356,7333,102672.32,101752.35,102680.36,107663.1,102683.12,102689.94,102707.91,102683.49
624094.494601876,7334,102686.51,101822.28,102693.49,107701.04,102675.05,102691.83,102703.87,102683.49
624094.51865326,7335,102683.57,101785.82,102681.41,107697.02,102675.05,102696.93,102707.91,102673.35
624094.53929056,7336,102683.57,101788.81,102681.41,107695.26,102675.05,102689.94,102704.95,102672.46
624094.559761008,7337,102687.58,101782.83,102682.45,107682.07,102676.11,102689.94,102701.99,102689.6
624094.580406101,7338,102690.52,101772.6,102679.31,107683.2,102677.17,102692.08,102689.88,102676.49
624094.60084411,7339,102695.61,101776.65,102686.48,107674.03,102675.05,102693.97,102702.8,102673.35
624094.621442681,7340,102682.5,101773.66,102685.43,107687.22,102677.17,102689.94,102695.8,102677.53
624094.64189382,7341,102680.64,101776.65,102687.53,107679.82,102675.05,102688.87,102699.84,102673.35
624094.662499643,7342,102681.42,101773.66,102693.49,107695.26,102668.04,102683.77,102707.91,102671.42
624094.686633401,7343,102689.44,101767.49,102688.41,107672.91,102676.96,102684.84,102699.84,102675.44
624094.7076401,7344,102683.57,101770.67,102688.41,107683.2,102666.98,102684.84,102715.98,102684.53
624094.727758296,7345,102681.42,101780.7,102697.51,107674.03,102676.11,102687.8,102691.76,102675.44
624094.748413152,7346,102682.5,101829.32,102687.37,107709.08,102671.01,102681.89,102695.8,102671.42
624094.768865203,7347,102690.52,101893.08,102694.53,107747.51,102689.28,102695.86,102703.87,102675.44
624094.789639801,7348,102695.61,101894.14,102681.41,107747.51,102668.04,102692.9,102690.69,102683.49
624094.810161046,7349,102689.44,101887.1,102688.41,107747.51,102665.92,102685.91,102696.87,102683.49
624094.830704304,7350,102686.51,101872.82,102685.43,107736.09,102675.05,102695.86,102693.65,102683.49
624094.854677649,7351,102691.6,101870.89,102691.39,107730.3,102673.14,102683.77,102704.95,102679.46
624094.875288229,7352,102693.75,101861.73,102697.51,107746.38,102675.05,102684.84,102701.72,102680.51
624094.895721411,7353,102692.67,101865.78,102679.31,107734.32,102677.17,102684.84,102686.65,102687.51
624094.916404,7354,102687.58,101880.06,102685.43,107737.22,102673.99,102692.9,102685.57,102683.49
624094.937075782,7355,102694.53,101869.83,102689.46,107739.47,102680.15,102692.9,102703.87,102673.35
624094.95749936,7356,102699.62,101861.73,102690.51,107730.3,102671.01,102692.9,102695.8,102676.49
624094.977983829,7357,102689.74,101857.68,102689.46,107727.41,102677.17,102679.75,102701.72,102679.46
624094.998510222,7358,102691.6,101860.67,102689.46,107735.45,102679.08,102695.04,102691.76,102679.46
624095.022680765,7359,102693.75,101960.02,102689.46,107778.54,102675.05,102696.93,102693.65,102679.46
624095.043365237,7360,102674.47,102007.58,102693.49,107822.75,102684.18,102693.97,102695.8,102682.44
624095.063795895,7361,102682.5,101977.29,102689.46,107801.53,102678.02,102689.94,102702.8,102679.46
624095.084393345,7362,102683.57,101983.27,102680.36,107795.74,102672.08,102689.94,102699.84,102673.35
624095.104799145,7363,102691.6,101967.06,102685.43,107811.82,102669.95,102693.97,102706.02,102682.44
624095.12548591,7364,102691.6,101966.0,102689.46,107802.65,102684.18,102685.91,102695.8,102679.46
624095.145901265,7365,102687.58,101958.96,102689.46,107796.38,102669.1,102685.91,102696.87,102683.49
624095.166559317,7366,102687.58,101961.09,102696.47,107786.58,102677.17,102698.0,102710.87,102677.37
624095.190672023,7367,102691.6,101972.18,102685.43,107778.54,102683.12,102684.84,102686.65,102673.35
624095.211391908,7368,102682.5,101969.19,102698.56,107786.58,102676.11,102700.14,102703.87,102683.49
624095.231774904,7369,102683.57,101960.88,102681.41,107783.68,102676.11,102692.9,102707.91,102676.49
624095.252425795,7370,102686.51,101954.91,102681.41,107786.58,102682.06,102691.83,102699.84,102688.56
624095.272822842,7371,102679.56,101960.02,102696.47,107784.32,102675.05,102685.91,102694.72,102681.39
624095.293486212,7372,102681.42,102084.55,102687.37,107858.93,102671.01,102679.75,102703.87,102687.51
624095.313852943,7373,102690.52,102118.03,102696.47,107870.98,102683.12,102691.83,102700.91,102683.49
624095.334842196,7374,102690.52,102096.71,102693.49,107876.13,102671.01,102696.93,102695.8,102687.51
624095.358336818,7375,102691.6,102077.51,102681.41,107875.0,102675.05,102685.91,102700.91,102684.53
624095.379360112,7376,102693.75,102081.57,102681.41,107864.71,102673.99,102688.87,102699.84,102686.46
624095.399451907,7377,102681.42,102088.6,102689.46,107868.09,102675.05,102691.83,102695.8,102682.44
624095.420402081,7378,102698.55,102080.5,102680.36,107864.07,102683.12,102686.99,102701.99,102671.42
624095.440455298,7379,102693.46,102087.54,102690.51,107858.93,102677.17,102698.0,102691.76,102677.37
624095.461504151,7380,102682.5,102068.35,102680.36,107864.07,102669.95,102685.91,102704.95,102677.37
624095.481931744,7381,102683.57,102076.45,102685.43,107857.8,102677.17,102691.83,102696.87,102674.39
624095.505686339,7382,102683.57,102071.33,102681.41,107869.22,102683.12,102683.77,102700.91,102683.49
624095.526288065,7383,102679.56,102063.23,102680.36,107862.94,102666.98,102686.99,102695.8,102688.56
624095.546747547,7384,102692.67,102072.4,102688.41,107846.87,102677.17,102698.0,102704.95,102679.46
624095.567373119,7385,102686.51,102179.87,102680.36,107916.33,102676.11,102693.97,102698.76,102675.44
624095.58857907,7386,102681.42,102226.35,102687.37,107932.4,102676.11,102692.9,102693.65,102683.49
624095.608573819,7387,102690.52,102200.98,102687.37,107935.3,102671.01,102688.87,102704.95,102684.53
624095.629538294,7388,102687.58,102193.94,102687.37,107930.15,102668.04,102683.77,102700.91,102682.44
624095.64947892,7389,102691.6,102185.84,102679.31,107934.17,102666.98,102688.87,102704.95,102670.37
624095.673678799,7390,102675.55,102185.84,102693.49,107927.26,102675.05,102693.97,102699.84,102676.49
624095.694344422,7391,102690.52,102181.79,102687.53,107924.37,102671.01,102690.76,102695.8,102680.51
624095.714735139,7392,102691.6,102189.89,102681.41,107916.96,102676.11,102685.91,102706.02,102680.51
624095.735475175,7393,102691.6,102185.84,102688.41,107932.4,102676.11,102702.02,102703.87,102683.49
624095.755848026,7394,102691.6,102185.84,102688.41,107936.42,102671.01,102688.87,102704.95,102684.53
624095.776521781,7395,102684.65,102168.57,102693.49,107916.33,102679.08,102687.8,102700.91,102675.44
624095.79688703,7396,102687.58,102192.02,102693.49,107920.35,102669.95,102681.89,102703.87,102681.39
624095.817584231,7397,102691.6,102177.74,102695.58,107915.2,102681.21,102684.84,102696.87,102677.53
624095.841878342,7398,102683.57,102169.63,102679.31,107924.37,102675.05,102683.77,102695.8,102669.33
624095.862354809,7399,102695.61,102184.77,102688.41,107908.92,102676.11,102699.88,102706.02,102682.44
624095.882838968,7400,102686.51,102181.79,102695.58,107914.07,102675.05,102689.94,102695.8,102681.39
624095.903403799,7401,102686.51,102167.5,102697.51,107911.18,102681.21,102682.7,102703.87,102679.46
624095.923892514,7402,102677.41,102170.7,102691.55,107912.31,102677.17,102692.9,102703.87,102677.37
624095.944496985,7403,102695.61,102307.39,102680.36,107979.51,102679.08,102683.77,102692.84,102678.42
624095.964904508,7404,102690.52,102331.7,102687.37,108000.74,102666.98,102691.83,102700.91,102683.49
624095.98551653,7405,102691.6,102312.5,102689.46,107995.59,102676.11,102679.75,102701.99,102683.49
624096.00967829,7406,102683.57,102305.47,102685.43,107994.46,102676.11,102693.97,102700.91,102685.58
624096.030325866,7407,102687.58,102299.28,102677.38,107995.59,102677.17,102691.83,102695.8,102674.39
624096.050767391,7408,102687.58,102295.23,102683.5,107992.7,102676.11,102692.9,102695.8,102674.39
624096.071432874,7409,102691.6,102284.14,102684.39,107986.42,102675.05,102691.01,102707.91,102685.58
624096.091884083,7410,102689.74,102292.25,102688.41,107980.64,102673.14,102684.84,102703.87,102684.53
624096.11282996,7411,102690.52,102282.01,102687.37,107977.25,102676.11,102691.83,102701.99,102682.44
624096.133243742,7412,102686.51,102286.28,102680.36,107987.55,102676.11,102683.77,102691.76,102681.56
624096.153837607,7413,102688.66,102292.25,102690.51,107988.68,102675.05,102684.84,102706.02,102683.49
624096.177750331,7414,102699.62,102281.16,102689.46,107987.55,102671.01,102692.9,102696.87,102683.49
624096.19830732,7415,102699.62,102283.08,102682.45,107990.44,102676.11,102688.87,102693.65,102683.49
624096.218817197,7416,102691.6,102366.24,102690.51,108043.83,102679.08,102688.87,102697.95,102687.51
624096.239498945,7417,102694.53,102445.14,102697.51,108067.94,102677.17,102692.08,102695.8,102667.4
624096.260026069,7418,102691.6,102424.88,102683.34,108062.79,102684.18,102699.88,102698.76,102674.39
624096.280646734,7419,102687.58,102425.95,102690.51,108043.83,102685.24,102683.77,102692.84,102679.46
624096.301163963,7420,102673.39,102414.86,102690.51,108044.96,102675.05,102676.79,102697.95,102688.56
624096.321577585,7421,102690.52,102412.73,102689.46,108054.76,102672.93,102692.9,102710.06,102685.58
624096.34576856,7422,102689.44,102412.73,102681.41,108052.99,102677.17,102685.91,102687.73,102678.42
624096.366363056,7423,102687.58,102422.97,102690.51,108042.7,102676.11,102691.83,102694.72,102682.44
624096.38682437,7424,102691.6,102422.97,102689.46,108061.03,102677.17,102692.9,102692.84,102675.44
624096.407495962,7425,102691.6,102398.66,102687.53,108043.83,102683.12,102693.97,102699.84,102678.42
624096.428046561,7426,102694.53,102407.61,102681.41,108044.96,102675.05,102684.84,102696.87,102683.49
624096.448571682,7427,102687.58,102405.69,102681.41,108044.96,102676.11,102688.87,102701.99,102675.44
624096.468910611,7428,102682.5,102392.47,102689.46,108042.7,102676.96,102695.86,102706.02,102684.53
624096.489686441,7429,102683.57,102518.08,102681.41,108105.25,102671.01,102687.8,102710.06,102685.42
624096.51372818,7430,102690.52,102563.71,102699.61,108141.43,102684.18,102685.91,102699.84,102685.58
624096.534376227,7431,102688.66,102533.21,102688.41,108125.35,102679.08,102695.86,102697.95,102673.35
624096.554769468,7432,102695.61,102536.2,102689.46,108112.79,102675.05,102685.91,102706.02,102668.44
624096.575431796,7433,102691.6,102528.32,102696.47,108115.05,102671.01,102688.87,102707.91,102683.49
624096.595853801,7434,102689.74,102514.02,102688.41,108115.05,102665.07,102693.97,102697.95,102683.49
624096.616517602,7435,102691.6,102522.13,102683.34,108096.08,102676.11,102688.06,102697.95,102671.42
624096.636993257,7436,102685.72,102530.23,102686.48,108107.01,102677.17,102695.86,102704.95,102682.44
624096.657545129,7437,102676.62,102505.92,102688.41,108109.27,102676.11,102696.93,102703.06,102680.51
624096.681465174,7438,102693.75,102527.25,102689.46,108109.27,102650.84,102691.83,102692.57,102678.42
624096.703192393,7439,102691.6,102519.14,102691.39,108097.21,102676.11,102692.9,102702.8,102676.49
624096.72244543,7440,102695.61,102509.97,102693.49,108108.14,102679.08,102688.87,102696.87,102681.56
624096.743514032,7441,102690.52,102509.97,102689.46,108089.8,102668.04,102692.9,102703.87,102674.39
624096.763923528,7442,102692.67,102638.56,102688.41,108152.99,102676.11,102695.04,102708.99,102684.53
624096.784584945,7443,102686.51,102697.43,102682.45,108179.37,102676.11,102683.77,102695.8,102683.49
624096.804615378,7444,102691.6,102662.87,102687.37,108172.46,102688.22,102691.01,102698.76,102677.37
624096.828704188,7445,102695.61,102653.93,102681.41,108163.29,102666.98,102688.06,102694.72,102683.49
624096.849319385,7446,102691.6,102645.82,102687.37,108160.4,102675.05,102688.87,102692.84,102677.53
624096.869785116,7447,102682.5,102651.79,102690.51,108156.38,102683.12,102685.91,102691.76,102675.44
624096.890412952,7448,102682.5,102639.63,102687.37,108157.51,102669.1,102691.83,102704.95,102684.53
624096.911518751,7449,102682.5,102643.68,102680.36,108169.57,102677.17,102679.75,102690.69,102687.51
624096.931471526,7450,102687.58,102640.7,102679.31,108157.51,102672.08,102693.97,102700.91,102685.58
624096.952685078,7451,102684.65,102636.65,102673.35,108157.51,102677.17,102692.9,102695.8,102678.42
624096.972793318,7452,102683.57,102631.53,102697.51,108148.34,102675.05,102688.87,102699.84,102675.44
624096.996705001,7453,102691.6,102639.63,102680.36,108147.21,102671.01,102684.84,102686.65,102676.49
624097.017415161,7454,102687.58,102635.58,102680.36,108143.19,102681.21,102700.95,102703.87,102674.39
624097.037758167,7455,102687.58,102793.6,102691.39,108224.71,102676.11,102693.97,102703.87,102672.46
624097.05843032,7456,102683.57,102821.97,102694.53,108218.43,102684.18,102691.83,102706.83,102677.53
624097.078825584,7457,102691.6,102809.81,102681.41,108222.45,102671.01,102691.83,102694.72,102682.44
624097.099499159,7458,102691.6,102798.73,102684.39,108216.67,102661.88,102693.97,102697.95,102668.44
624097.120521232,7459,102691.6,102769.29,102698.56,108221.83,102676.11,102687.8,102702.8,102673.35
624097.141073403,7460,102690.52,102777.4,102688.41,108212.66,102686.09,102681.89,102707.1,102677.37
624097.164738703,7461,102691.6,102777.4,102681.41,108221.83,102675.05,102689.94,102697.95,102683.49
624097.185319969,7462,102685.43,102782.52,102697.51,108194.31,102676.11,102683.77,102706.02,102681.56
624097.205781263,7463,102688.66,102778.47,102690.51,108197.71,102678.02,102687.8,102701.99,102683.49
624097.226639798,7464,102683.57,102765.24,102696.47,108204.62,102687.15,102680.82,102703.87,102683.49
624097.246882572,7465,102687.58,102765.24,102680.36,108201.73,102685.24,102684.84,102696.87,102679.46
624097.267550308,7466,102685.43,102761.19,102687.37,108201.73,102672.08,102684.84,102701.99,102681.39
624097.288597398,7467,102691.6,102769.29,102679.31,108195.44,102671.01,102687.8,102703.87,102675.44
624097.308542852,7468,102693.75,102924.34,102683.5,108270.06,102676.11,102687.8,102697.95,102688.56
624097.332715289,7469,102691.6,102963.79,102681.41,108260.89,102677.17,102683.77,102703.87,102686.46
624097.353363546,7470,102679.56,102927.32,102681.41,108264.91,102677.17,102687.8,102687.73,102674.39
624097.373786382,7471,102684.65,102930.3,102686.48,108260.89,102666.98,102694.79,102691.76,102683.49
624097.394655343,7472,102686.51,102911.11,102689.46,108253.98,102675.05,102685.66,102703.87,102684.53
624097.415377652,7473,102687.58,102923.27,102685.43,108250.59,102676.11,102683.77,102697.69,102670.37
624097.435436938,7474,102691.6,102916.0,102686.48,108259.76,102666.98,102683.77,102707.1,102675.44
624097.455925143,7475,102688.37,102923.27,102687.37,108252.85,102678.24,102691.83,102703.87,102684.53
624097.476578197,7476,102675.55,102923.27,102689.46,108242.55,102673.14,102684.84,102699.84,102680.51
624097.500755201,7477,102683.57,102915.17,102679.31,108243.68,102672.08,102693.97,102687.73,102681.39
624097.521327804,7478,102701.78,102900.03,102692.6,108250.59,102665.07,102688.87,102699.84,102684.53
624097.541819784,7479,102693.75,102897.05,102689.46,108234.51,102679.08,102685.91,102695.8,102681.39
624097.562534392,7480,102687.58,102908.13,102681.41,108237.9,102664.86,102683.77,102696.87,102671.42
624097.58285311,7481,102691.6,102907.06,102680.36,108251.72,102668.04,102689.94,102699.84,102683.49
624097.603537292,7482,102691.6,102901.94,102683.34,108245.94,102677.17,102698.0,102687.73,102685.58
624097.623976012,7483,102683.57,102898.96,102687.37,108241.42,102676.11,102684.84,102703.87,102675.44
624097.644974368,7484,102693.75,102902.17,102693.49,108242.55,102676.11,102685.91,102691.76,102683.49
624097.668775353,7485,102687.58,102890.85,102688.41,108234.51,102683.12,102691.01,102697.95,102671.42
624097.68942345,7486,102691.6,103043.76,102689.46,108298.83,102676.11,102689.94,102704.95,102677.53
624097.709844723,7487,102699.62,103121.83,102687.37,108332.12,102681.0,102695.04,102697.95,102679.46
624097.730615907,7488,102684.65,103077.25,102688.41,108314.28,102679.08,102689.94,102700.91,102678.42
624097.750868425,7489,102683.57,103067.0,102691.39,108295.94,102685.24,102693.97,102693.91,102679.46
624097.77164083,7490,102693.75,103063.19,102681.41,108313.15,102666.98,102688.87,102695.8,102683.49
624097.792229026,7491,102703.64,103077.25,102688.41,108309.13,102661.88,102691.83,102697.95,102687.51
624097.812663169,7492,102699.62,103059.14,102675.29,108293.05,102675.05,102680.82,102699.84,102683.49
624097.83902724,7493,102683.57,103061.05,102680.36,108299.96,102672.08,102685.91,102696.87,102680.51
624097.857401989,7494,102691.6,103050.79,102680.36,108294.18,102669.95,102690.76,102695.8,102679.46
624097.877814349,7495,102683.57,103054.01,102680.36,108285.64,102675.05,102687.8,102703.87,102684.53
624097.898624962,7496,102690.52,103044.84,102684.39,108294.18,102677.17,102684.84,102703.87,102676.49
624097.918928167,7497,102680.64,103040.78,102692.44,108291.92,102675.05,102683.77,102692.84,102673.35
624097.940292687,7498,102686.51,103044.84,102689.46,108301.09,102675.05,102691.83,102703.87,102671.42
624097.960008904,7499,102688.66,103225.29,102679.31,108348.2,102681.0,102689.94,102700.91,102680.51
624097.984308704,7500,102705.79,103263.66,102680.36,108380.36,102683.12,102693.97,102693.91,102690.49
624098.004375311,7501,102699.62,103221.24,102683.34,108353.35,102668.04,102690.76,102704.95,102679.46
624098.025526629,7502,102682.5,103223.14,102689.46,108353.35,102680.15,102694.79,102699.84,102675.44
624098.045462719,7503,102691.6,103216.11,102680.36,108362.52,102675.05,102683.77,102699.84,102675.44
624098.066445322,7504,102695.61,103213.13,102693.49,108348.2,102673.99,102691.83,102703.87,102681.56
624098.087103434,7505,102675.55,103205.85,102689.46,108345.31,102671.01,102692.9,102693.65,102682.44
624098.107776919,7506,102693.75,103208.0,102696.47,108359.13,102666.98,102685.91,102704.95,102676.49
624098.128275369,7507,102691.6,103203.95,102681.41,108342.42,102677.17,102696.93,102700.91,102675.44
624098.151718753,7508,102699.62,103196.67,102680.36,108334.38,102677.17,102692.9,102696.87,102682.44
624098.172339479,7509,102683.57,103198.82,102687.37,108344.18,102683.12,102688.87,102701.99,102676.49
624098.193425288,7510,102687.58,103190.72,102688.41,108330.36,102675.05,102689.94,102702.8,102683.49
624098.213479686,7511,102685.43,103198.82,102680.36,108336.14,102675.05,102684.84,102699.84,102672.46
624098.235403763,7512,102683.57,103381.18,102689.46,108421.69,102666.98,102686.73,102697.95,102679.46
624098.254520964,7513,102695.61,103410.63,102681.41,108427.46,102656.79,102691.83,102703.87,102675.44
624098.275537859,7514,102683.57,103377.13,102681.41,108411.38,102676.11,102687.8,102696.87,102688.56
624098.296233608,7515,102685.72,103376.05,102692.44,108411.38,102679.08,102695.86,102699.02,102680.35
624098.319749912,7516,102691.6,103363.9,102689.46,108413.65,102676.11,102684.84,102707.1,102671.42
624098.340351549,7517,102682.5,103360.92,102681.41,108396.44,102673.99,102689.69,102695.8,102687.51
624098.360810119,7518,102689.74,103344.71,102700.49,108398.7,102677.17,102691.83,102699.84,102667.4
624098.381666741,7519,102683.57,103348.76,102688.41,108396.44,102683.12,102687.8,102694.72,102691.53
624098.401965149,7520,102691.6,103344.71,102690.51,108397.57,102678.02,102683.77,102703.87,102679.46
624098.422550711,7521,102688.66,103344.71,102687.37,108390.66,102658.91,102680.82,102692.84,102684.53
624098.443549238,7522,102692.67,103340.66,102680.36,108393.55,102676.11,102692.9,102703.87,102685.58
624098.463574813,7523,102684.65,103328.5,102680.36,108382.62,102671.01,102693.97,102691.76,102679.46
624098.487756253,7524,102687.58,103336.61,102689.46,108386.64,102675.05,102692.9,102699.84,102676.49
624098.508361535,7525,102692.67,103327.42,102689.46,108382.62,102672.08,102688.87,102696.87,102679.46
624098.528887107,7526,102692.67,103320.4,102689.46,108379.23,102680.15,102692.9,102697.95,102679.46
624098.549516545,7527,102695.61,103321.47,102681.41,108382.11,102676.11,102689.94,102695.8,102675.44
624098.5700441,7528,102689.74,103328.5,102689.46,108381.49,102660.82,102684.84,102697.95,102683.49
624098.590526025,7529,102688.66,103332.55,102689.46,108376.34,102677.17,102689.94,102697.95,102678.42
624098.61092822,7530,102691.6,103424.68,102684.39,108413.65,102675.05,102681.89,102703.87,102676.49
624098.63150551,7531,102684.65,103559.5,102676.33,108483.12,102668.04,102687.8,102688.8,102685.58
624098.655744437,7532,102695.61,103535.18,102689.46,108460.76,102668.89,102689.94,102691.76,102676.49
624098.676385944,7533,102691.6,103521.94,102697.51,108454.98,102677.17,102692.9,102708.17,102683.49
624098.696807959,7534,102691.6,103514.92,102693.49,108453.85,102671.01,102683.77,102701.99,102679.46
624098.717505961,7535,102678.48,103511.94,102684.39,108441.79,102679.08,102698.0,102701.99,102683.49
624098.73791079,7536,102682.5,103510.86,102688.41,108447.56,102684.18,102692.9,102691.76,102684.53
624098.758553959,7537,102683.57,103506.81,102675.29,108446.94,102672.08,102685.91,102701.72,102682.44
624098.778981673,7538,102687.58,103500.6,102681.41,108437.77,102677.17,102692.9,102697.95,102681.56
624098.800088734,7539,102689.74,103498.71,102687.37,108445.81,102673.99,102696.93,102695.8,102677.53
624098.823765971,7540,102691.6,103499.79,102693.49,108439.52,102683.12,102683.77,102695.8,102679.46
624098.84507634,7541,102687.58,103490.6,102682.45,108438.9,102666.98,102695.86,102696.87,102675.44
624098.864932629,7542,102689.74,103496.81,102688.41,108441.79,102687.15,102692.9,102700.91,102661.44
624098.885575869,7543,102687.58,103595.97,102680.36,108495.18,102679.08,102684.84,102699.84,102675.44
624098.905947136,7544,102684.65,103741.87,102680.36,108559.51,102683.12,102692.9,102696.87,102673.35
624098.92692346,7545,102683.57,103697.29,102680.36,108529.1,102675.05,102693.97,102697.95,102683.49
624098.946996858,7546,102687.58,103684.05,102695.58,108526.21,102677.17,102692.9,102699.84,102683.49
624098.96768169,7547,102683.57,103674.05,102690.51,108523.33,102676.11,102687.8,102697.95,102684.53
624098.991786975,7548,102693.75,103674.05,102688.41,108513.02,102671.01,102692.9,102695.8,102686.46
624099.012402893,7549,102688.66,103659.73,102691.55,108509.0,102675.05,102684.84,102699.84,102685.58
624099.032822174,7550,102693.75,103659.73,102683.5,108506.73,102675.05,102684.84,102700.91,102674.39
624099.053532475,7551,102685.72,103661.89,102694.53,108514.15,102676.11,102685.91,102695.8,102685.58
624099.073941179,7552,102691.6,103653.79,102695.58,108518.17,102675.05,102693.97,102703.87,102675.44
624099.094600693,7553,102683.57,103645.68,102698.56,108506.11,102672.08,102678.68,102700.91,102676.49
624099.115009789,7554,102692.67,103647.58,102695.58,108494.05,102664.01,102691.83,102700.1,102675.44
624099.135596663,7555,102695.61,103648.66,102690.51,108491.78,102671.01,102680.82,102699.84,102679.46
624099.161078039,7556,102691.6,103725.66,102690.51,108575.59,102669.1,102687.8,102695.8,102675.44
624099.180427883,7557,102684.65,103903.99,102689.46,108637.64,102679.08,102683.77,102694.72,102675.44
624099.200615783,7558,102688.66,103860.48,102689.46,108619.81,102676.96,102696.93,102696.87,102691.53
624099.221582202,7559,102692.67,103847.24,102685.43,108606.61,102675.05,102687.8,102695.8,102684.53
624099.242020851,7560,102693.75,103854.27,102688.41,108604.35,102675.05,102684.84,102695.8,102678.42
624099.262526323,7561,102695.61,103840.22,102691.55,108598.57,102675.05,102687.8,102695.8,102683.49
624099.283027347,7562,102683.57,103839.14,102687.37,108598.57,102683.12,102689.94,102700.91,102679.46
624099.307313946,7563,102682.5,103814.82,102682.45,108599.71,102680.15,102692.9,102689.88,102671.42
624099.327375196,7564,102691.6,103818.87,102706.61,108599.71,102677.17,102690.76,102701.99,102677.53
624099.348408525,7565,102690.52,103814.82,102683.5,108589.4,102683.12,102689.94,102703.87,102679.46
624099.368897321,7566,102687.58,103810.77,102693.49,108594.55,102683.12,102693.97,102706.02,102679.46
624099.38950098,7567,102692.67,103802.66,102683.5,108590.53,102675.05,102681.89,102699.84,102675.44
624099.410028004,7568,102691.6,103802.66,102695.58,108585.38,102675.05,102691.83,102704.14,102681.56
624099.430650933,7569,102684.65,103934.25,102683.5,108697.94,102684.18,102684.84,102695.8,102678.42
624099.451150886,7570,102686.51,104083.4,102689.46,108766.29,102679.08,102691.01,102689.88,102683.49
624099.474754973,7571,102691.6,104041.79,102689.46,108739.28,102668.89,102686.99,102697.95,102674.39
624099.495468869,7572,102688.37,104027.74,102689.46,108736.4,102671.01,102683.77,102704.95,102678.58
624099.516399453,7573,102691.6,104015.3,102693.49,108726.09,102671.01,102691.83,102697.95,102675.44
624099.536574164,7574,102683.57,104003.42,102682.45,108728.36,102672.08,102692.9,102704.95,102684.53
624099.560269649,7575,102683.57,103992.07,102681.41,108716.91,102681.21,102693.97,102701.99,102673.35
624099.589080941,7576,102679.56,103993.15,102689.46,108723.2,102666.98,102685.91,102696.87,102680.51
624099.598546807,7577,102693.75,103999.09,102689.46,108716.91,102669.1,102677.86,102696.87,102683.49
624099.618964295,7578,102674.47,103989.1,102681.41,108710.01,102675.05,102689.94,102706.02,102688.56
624099.642767404,7579,102685.72,103985.04,102690.51,108696.2,102671.01,102691.01,102696.87,102677.53
624099.663374428,7580,102682.5,103980.99,102682.45,108701.96,102669.95,102685.91,102704.95,102671.42
624099.683878096,7581,102681.42,103971.0,102685.43,108705.37,102666.98,102684.84,102697.95,102687.51
624099.704512963,7582,102687.58,104039.62,102686.48,108752.48,102662.95,102684.84,102707.91,102677.53
624099.724865583,7583,102685.72,104241.19,102682.45,109055.76,102671.01,102687.8,102699.84,102671.42
624099.745535683,7584,102691.6,104219.04,102681.41,108992.57,102683.12,102688.87,102699.84,102684.53
624099.766605397,7585,102683.57,104184.45,102690.51,108971.33,102676.96,102686.99,102697.95,102681.56
624099.786621579,7586,102679.56,104189.87,102687.37,108965.56,102673.14,102687.8,102699.84,102674.39
624099.810779584,7587,102685.72,104179.59,102701.54,108961.54,102673.14,102683.77,102701.99,102684.53
624099.83145405,7588,102685.72,104175.54,102683.5,108959.27,102675.05,102706.05,102697.95,102675.44
624099.851837988,7589,102684.65,104167.43,102697.51,108934.01,102666.98,102684.84,102703.87,102675.44
624099.872521878,7590,102691.6,104169.32,102698.56,108943.19,102672.93,102681.89,102688.8,102677.53
624099.892911204,7591,102688.66,104152.02,102693.49,108937.42,102687.15,102689.94,102701.99,102680.51
624099.913575435,7592,102681.71,104154.19,102681.41,108927.1,102666.98,102684.84,102689.61,102680.51
624099.933997931,7593,102691.6,104151.22,102681.41,108927.1,102683.12,102683.77,102699.84,102675.44
624099.954590994,7594,102692.67,104149.05,102689.46,108913.3,102677.17,102684.84,102688.8,102675.44
624099.978789591,7595,102691.6,104155.27,102688.41,108953.5,102677.17,102688.87,102689.88,102688.56
624099.999503146,7596,102683.57,104130.96,102694.53,108964.43,102677.17,102689.94,102694.72,102679.46
624100.019951992,7597,102683.57,104155.27,102687.37,109005.77,102677.17,102683.77,102695.8,102668.44
624100.04049555,7598,102685.72,104115.83,102693.49,109086.18,102683.12,102696.93,102696.87,102684.53
624100.061127433,7599,102701.78,104122.85,102689.46,109137.31,102683.12,102683.77,102696.87,102683.49
624100.081551961,7600,102683.57,104122.85,102689.46,109174.64,102675.05,102692.9,102704.95,102675.44
624100.103092047,7601,102684.65,104126.9,102693.49,109195.34,102675.05,102687.8,102699.84,102679.46
624100.123046565,7602,102683.57,104122.85,102692.44,109218.87,102675.05,102696.93,102696.87,102675.44
624100.146817064,7603,102694.83,104130.96,102680.36,109217.73,102676.11,102693.97,102694.72,102683.49
624100.167478861,7604,102687.58,104122.85,102690.51,109207.4,102675.05,102695.86,102699.02,102684.53
624100.187842378,7605,102684.65,104118.8,102687.53,109202.78,102675.05,102691.01,102699.84,102683.49
624100.208513129,7606,102693.75,104139.06,102693.49,109209.68,102672.08,102691.83,102698.76,102687.51
624100.229013332,7607,102698.84,104139.06,102681.41,109228.65,102672.08,102684.84,102704.95,102676.49
624100.249604302,7608,102691.6,104126.9,102689.46,109283.2,102676.11,102692.9,102701.99,102675.44
624100.270034229,7609,102687.58,104140.15,102690.51,109346.39,102675.05,102699.88,102697.95,102669.33
624100.290631529,7610,102691.6,104122.85,102681.41,109427.95,102675.05,102688.87,102704.95,102683.49
624100.314814472,7611,102683.57,104132.04,102699.45,109522.17,102685.03,102691.01,102694.72,102681.56
624100.335474807,7612,102687.58,104143.12,102700.65,109604.88,102683.12,102695.86,102713.02,102676.49
624100.35590188,7613,102689.74,104147.17,102693.49,109669.22,102661.03,102693.97,102696.87,102679.46
624100.376513832,7614,102687.58,104171.49,102690.51,109701.39,102684.18,102680.56,102696.87,102683.49
624100.396932632,7615,102685.72,104166.35,102690.51,109727.25,102675.05,102684.84,102696.87,102675.44
624100.41789266,7616,102690.81,104175.54,102695.58,109755.39,102664.86,102685.91,102706.02,102683.49
624100.438081973,7617,102699.62,104179.59,102697.51,109789.86,102687.15,102693.97,102701.99,102673.51
624100.458625372,7618,102683.57,104176.34,102697.51,109835.82,102672.08,102689.94,102704.95,102675.44
624100.482879632,7619,102705.79,104188.78,102691.39,109896.14,102675.05,102693.97,102701.99,102687.51
624100.503542852,7620,102687.58,104203.91,102681.41,109985.76,102671.01,102689.94,102695.8,102679.46
624100.523908542,7621,102683.57,104207.97,102691.55,110087.44,102684.18,102683.77,102708.99,102685.58
624100.54451166,7622,102689.74,104236.34,102699.61,110167.88,102681.21,102693.97,102699.84,102692.58
624100.564946394,7623,102685.72,104254.72,102699.61,110260.38,102681.21,102693.97,102703.87,102679.46
624100.585602594,7624,102685.43,104258.49,102689.46,110319.55,102683.12,102685.91,102707.91,102679.46
624100.606118491,7625,102693.75,104274.7,102689.46,110367.81,102671.01,102689.94,102699.84,102676.49
624100.630360983,7626,102693.75,104284.98,102679.31,110390.79,102666.98,102688.87,102691.76,102675.44
624100.650399418,7627,102703.64,104292.0,102681.41,110405.73,102669.95,102684.84,102692.84,102679.46
624100.67150712,7628,102693.75,104309.3,102694.53,110432.16,102675.05,102693.97,102695.8,102681.56
624100.691933321,7629,102691.6,104309.3,102679.31,110482.14,102673.99,102696.93,102696.87,102686.63
624100.712511923,7630,102684.65,104339.55,102689.46,110529.84,102676.96,102691.83,102699.84,102682.44
624100.732686373,7631,102692.67,104345.78,102683.5,110601.09,102666.98,102689.94,102696.87,102673.35
624100.753654344,7632,102689.74,104366.04,102681.41,110657.4,102679.08,102693.97,102701.99,102675.44
624100.774140295,7633,102684.65,104385.22,102696.47,110747.04,102671.01,102684.84,102703.87,102675.44
624100.797810142,7634,102687.58,104406.58,102689.46,110771.17,102671.01,102687.8,102696.87,102680.51
624100.818405389,7635,102686.51,104430.9,102690.51,110809.08,102675.05,102684.84,102693.91,102692.58
624100.839479059,7636,102686.8,104446.02,102691.55,110827.48,102680.15,102695.86,102699.84,102675.44
624100.860247618,7637,102693.75,104463.32,102689.46,110831.5,102683.12,102693.97,102695.8,102672.46
624100.88062119,7638,102683.57,104466.29,102690.51,110851.62,102672.08,102685.91,102687.73,102683.49
624100.900578722,7639,102685.72,104495.75,102681.41,110851.62,102675.05,102692.9,102701.99,102683.49
624100.921659203,7640,102693.75,104498.72,102694.53,110888.37,102683.12,102689.94,102700.1,102675.6
624100.942060567,7641,102687.58,104516.02,102676.33,110936.64,102671.01,102693.97,102699.84,102681.56
624100.965824956,7642,102687.58,104641.68,102680.36,111338.35,102679.08,102684.84,102697.95,102675.44
624100.986423668,7643,102689.74,105752.49,102665.3,113473.81,102672.93,102691.83,102696.87,102683.49
624101.00693603,7644,102693.75,105866.02,102677.38,113865.42,102671.01,102679.75,102697.95,102684.53
624101.027587181,7645,102687.58,105752.49,102691.55,113654.93,102672.08,102704.16,102697.95,102683.49
624101.047927503,7646,102689.74,105714.14,102689.46,113650.9,102675.05,102688.87,102698.76,102677.53
624101.068664624,7647,102691.6,105687.62,102693.49,113626.75,102677.17,102689.94,102696.87,102684.53
624101.089967661,7648,102691.6,105667.34,102683.5,113617.52,102666.98,102692.08,102687.73,102682.44
624101.109914568,7649,102693.75,105664.39,102683.5,113594.55,102675.05,102685.91,102691.76,102675.44
624101.133815614,7650,102686.51,105637.86,102678.43,113595.73,102668.89,102692.9,102679.65,102674.39
624101.154468999,7651,102693.75,105647.07,102683.5,113644.03,102669.1,102693.97,102695.8,102677.37
624101.174896883,7652,102691.6,106441.81,102687.53,115634.49,102651.9,102679.75,102688.8,102668.44
624101.195510117,7653,102675.55,107693.89,102665.3,118137.2,102659.97,102676.79,102684.76,102671.42
624101.215972142,7654,102679.56,107665.5,102696.63,117798.74,102677.17,102692.08,102696.87,102671.42
624101.236677686,7655,102687.58,107658.5,102688.41,117640.38,102680.15,102693.97,102692.84,102683.49
624101.25707256,7656,102691.89,107630.11,102689.46,117571.89,102675.05,102680.82,102699.84,102683.49
624101.277649529,7657,102688.66,107626.05,102681.41,117525.99,102664.86,102693.97,102695.8,102675.44
624101.301835326,7658,102682.79,107620.88,102699.61,117517.93,102655.94,102665.78,102680.73,102660.4
624101.32248154,7659,102690.81,107604.65,102681.41,117451.03,102668.04,102683.77,102699.84,102673.51
624101.342885587,7660,102689.74,107613.88,102679.47,117449.81,102685.24,102701.21,102695.8,102673.51
624101.363540064,7661,102693.75,107609.83,102691.55,117441.38,102675.05,102688.87,102699.84,102675.44
624101.383980467,7662,102693.75,107615.71,102683.5,117414.77,102679.08,102692.08,102697.95,102677.53
624101.404597537,7663,102685.72,107626.05,102689.46,117445.41,102672.93,102685.91,102697.95,102687.51
624101.425027734,7664,102683.57,107630.11,102693.49,117456.28,102671.01,102686.99,102691.76,102676.49
624101.445682991,7665,102691.6,107651.51,102677.38,117219.8,102671.01,102689.13,102695.8,102667.4
624101.469818402,7666,102687.58,107185.78,102693.49,116261.53,102682.06,102710.08,102706.02,102684.53
624101.490526079,7667,102640.51,107000.34,102632.04,115078.82,102626.63,102645.64,102652.47,102636.26
624101.510905029,7668,102675.55,106408.26,102657.25,114465.67,102642.77,102669.81,102679.65,102668.44
624101.531578534,7669,102660.57,106482.36,102682.45,114697.53,102651.9,102670.88,102675.61,102656.37
624101.552005496,7670,102667.52,106344.49,102657.25,114633.11,102652.75,102677.86,102689.88,102652.35
624101.572628185,7671,102675.55,106246.06,102665.3,114633.11,102668.04,102685.91,102681.8,102658.3
624101.593049529,7672,102669.67,106301.73,102673.35,114599.71,102646.81,102676.79,102699.02,102665.47
624101.613638787,7673,102681.71,106283.66,102682.45,114592.85,102659.97,102678.93,102688.8,102675.44
624101.637841059,7674,102685.72,106229.84,102681.41,114608.96,102664.01,102683.77,102695.8,102671.42
624101.658469716,7675,102684.65,106133.63,102679.31,114712.44,102672.08,102679.75,102694.72,102675.44
624101.678997561,7676,102669.67,106240.16,102681.41,114595.69,102676.11,102674.65,102695.8,102669.49
624101.699560289,7677,102705.79,106180.08,102693.49,115301.47,102684.18,102706.05,102715.98,102692.58
624101.720077498,7678,102709.8,106243.11,102696.47,116373.9,102694.16,102706.05,102725.13,102700.63
624101.740646164,7679,102691.6,106317.95,102721.67,114662.94,102683.12,102692.9,102695.8,102685.58
624101.761319269,7680,102653.62,106499.69,102665.3,114619.84,102632.58,102661.75,102657.58,102649.37
624101.781690707,7681,102684.65,106253.07,102660.23,114592.85,102665.07,102677.86,102685.84,102667.4
624101.805909644,7682,102706.86,105658.14,102716.6,116797.22,102679.08,102702.02,102701.99,102701.67
624101.826474836,7683,102689.74,105516.23,102690.51,117492.91,102675.05,102693.97,102706.02,102689.6
624101.848162495,7684,102675.55,105393.51,102664.25,114932.24,102668.04,102663.64,102677.76,102652.35
624101.867631939,7685,102657.64,106044.42,102669.33,115162.18,102644.89,102652.63,102664.58,102645.35
624101.887995265,7686,102643.45,108088.48,102638.16,118799.31,102619.62,102643.75,102644.39,102633.28
624101.908649471,7687,102633.56,108431.05,102632.04,120105.3,102617.5,102635.45,102652.47,102619.12
624101.929077165,7688,102662.72,108331.88,102648.15,119697.21,102624.51,102654.77,102658.39,102640.28
624101.953398116,7689,102661.65,108318.58,102657.25,119554.58,102644.89,102665.78,102675.61,102644.3
624101.973430652,7690,102655.48,107940.2,102625.03,118160.15,102658.91,102659.61,102681.8,102673.51
624101.994492194,7691,102665.66,108380.12,102670.37,119580.0,102634.7,102667.67,102682.88,102659.35
624102.014932657,7692,102677.7,108439.16,102693.49,119252.27,102673.99,102684.84,102704.95,102677.53
624102.035589567,7693,102681.71,108315.65,102672.31,119347.77,102652.96,102676.79,102684.76,102677.53
624102.056055669,7694,102694.83,108192.83,102696.47,118849.24,102679.08,102676.79,102697.95,102659.35
624102.077349782,7695,102693.75,108411.89,102689.46,118685.24,102676.96,102689.94,102696.87,102674.39
624102.09699978,7696,102687.58,108394.54,102688.41,119087.02,102683.12,102692.9,102702.8,102691.53
624102.120821236,7697,102701.78,108432.17,102698.56,118960.52,102692.25,102696.93,102710.06,102681.56
624102.141478677,7698,102683.57,108397.47,102702.59,119286.99,102675.05,102693.97,102706.02,102688.56
624102.162566709,7699,102701.78,108352.16,102703.63,119657.83,102681.21,102692.9,102710.06,102684.53
624102.182564172,7700,102699.62,108322.64,102703.63,119774.73,102687.15,102707.12,102695.8,102693.63
624102.203599554,7701,102693.75,108250.74,102701.54,120102.81,102690.13,102710.08,102714.1,102687.51
624102.223556626,7702,102692.67,108297.18,102705.57,120073.05,102676.11,102695.04,102714.1,102681.56
624102.244889238,7703,102693.75,108313.4,102691.55,120202.06,102675.05,102698.0,102697.95,102680.51
624102.265176509,7704,102699.62,108290.19,102697.51,120151.19,102675.05,102695.86,102695.8,102689.6
624102.288853657,7705,102692.67,108209.05,102686.48,119737.21,102680.15,102703.09,102706.02,102678.58
624102.30945988,7706,102729.86,106474.25,102729.73,114362.19,102723.47,102745.25,102740.21,102731.76
624102.329912121,7707,102756.88,102808.74,102779.09,108125.35,102760.85,102773.45,102786.77,102763.95
624102.350580188,7708,102725.85,100020.71,102771.92,106417.28,102722.41,102745.25,102750.43,102737.88
624102.37101342,7709,102731.72,99276.67,102738.83,108290.16,102723.47,102737.2,102742.36,102719.69
624102.391591781,7710,102715.67,98443.65,102729.73,108127.11,102715.4,102718.13,102730.25,102708.67
624102.412751682,7711,102691.6,99394.09,102701.54,107932.4,102692.25,102699.07,102707.91,102692.58
624102.43275897,7712,102701.78,99090.41,102700.65,107715.35,102692.25,102706.05,102711.95,102695.56
624102.4568476,7713,102691.6,98551.93,102711.69,107329.51,102678.24,102693.97,102708.99,102688.56
624102.477470899,7714,102669.67,97878.89,102689.46,107345.58,102679.08,102680.82,102692.84,102675.44
624102.498472501,7715,102685.72,97852.6,102674.4,107366.33,102671.01,102677.86,102688.8,102669.49
624102.518558577,7716,102687.88,97875.87,102689.46,107549.44,102681.0,102687.8,102697.95,102674.39
624102.539046943,7717,102687.88,97846.51,102691.55,107309.41,102683.12,102695.04,102688.8,102675.44
624102.559628799,7718,102677.7,97865.77,102690.51,107399.6,102673.99,102692.9,102691.76,102680.51
624102.580294603,7719,102693.75,97868.79,102689.46,107406.52,102662.95,102686.99,102697.95,102684.53
624102.600675175,7720,102683.57,97889.03,102695.58,107442.69,102677.17,102691.01,102710.06,102677.53
624102.624852349,7721,102688.66,97901.18,102693.49,107485.13,102666.98,102683.77,102700.91,102675.44
624102.645467075,7722,102688.66,97900.15,102693.49,107412.78,102673.14,102696.93,102691.76,102679.63
624102.665992136,7723,102705.79,97904.2,102681.41,107432.88,102676.11,102695.86,102706.02,102675.44
624102.686675927,7724,102692.67,97932.54,102700.65,107422.59,102693.31,102693.97,102691.76,102688.56
624102.707301861,7725,102693.75,97933.56,102689.46,107435.78,102683.12,102687.8,102696.87,102680.51
624102.727724566,7726,102693.75,97937.61,102690.51,107432.88,102671.01,102683.77,102701.99,102677.53
624102.748133542,7727,102698.84,97950.78,102694.53,107440.92,102675.05,102691.83,102699.02,102683.49
624102.768767777,7728,102687.58,97976.09,102683.5,107430.63,102677.17,102683.77,102695.8,102675.44
624102.792873163,7729,102692.67,97974.04,102682.45,107429.98,102676.11,102698.0,102695.8,102683.49
624102.813537775,7730,102685.72,97970.0,102681.41,107446.06,102676.11,102683.77,102715.17,102676.49
624102.833954411,7731,102688.66,97991.26,102689.46,107442.04,102681.21,102684.84,102696.87,102676.49
624102.854572693,7732,102685.72,98014.52,102698.56,107432.88,102673.14,102689.94,102704.95,102687.51
624102.875091374,7733,102701.78,98014.52,102695.58,107432.88,102680.15,102702.02,102710.06,102685.58
624102.895655865,7734,102684.65,98014.52,102690.51,107421.47,102679.3,102692.9,102706.02,102677.53
624102.921280738,7735,102692.67,98028.67,102690.51,107434.0,102666.98,102688.87,102697.95,102671.42
624102.938630837,7736,102687.58,98049.93,102690.51,107429.98,102675.05,102692.9,102697.95,102675.44
624102.962066309,7737,102680.64,98063.1,102685.43,107425.32,102675.05,102696.93,102706.02,102682.6
624102.981622505,7738,102685.72,98064.13,102682.45,107417.93,102684.18,102691.01,102697.95,102684.53
624103.005797606,7739,102689.74,98071.2,102677.38,107424.84,102675.05,102693.97,102706.02,102685.58
624103.022590062,7740,102691.6,98070.17,102689.46,107416.8,102680.15,102689.94,102697.95,102676.49
