t_pc,sample_idx,S0,S1,S2,S3,S4,S5,S6,S7
1224.591807352,10588,100519.77,97488.89,100509.64,103317.16,100511.55,100543.82,100530.64,100525.68
1224.609715141,10589,100519.77,97476.81,100517.66,103321.15,100509.64,100528.85,100515.64,100531.75
1224.630351653,10590,100531.75,97472.78,100509.64,103333.14,100506.49,100533.7,100524.73,100536.78
1224.650980728,10591,100514.72,97472.78,100517.66,103332.05,100503.53,100542.77,100539.74,100534.72
1224.671586449,10592,100513.66,97474.83,100525.79,103333.14,100508.59,100534.75,100523.67,100531.75
1224.692316774,10593,100520.84,97481.86,100517.66,103333.14,100503.53,100543.82,100534.66,100527.75
1224.713133358,10594,100523.76,97472.78,100510.68,103334.23,100502.48,100528.64,100534.66,100526.72
1224.736452763,10595,100520.84,97459.67,100519.6,103338.23,100505.63,100529.69,100535.72,100526.72
1224.757053619,10596,100515.78,97464.73,100510.68,103334.23,100504.58,100535.81,100535.72,100535.75
1224.777729631,10597,100541.85,97478.78,100529.68,103332.05,100517.66,100543.82,100535.72,100542.72
1224.798374483,10598,100519.77,97470.81,100521.66,103338.23,100525.69,100537.71,100529.58,100533.69
1224.818950523,10599,100519.77,97462.67,100510.68,103345.13,100500.57,100535.81,100527.69,100535.75
1224.839543475,10600,100518.71,97449.64,100501.63,103349.13,100498.47,100535.81,100518.59,100523.75
1224.860291042,10601,100505.68,97442.61,100501.63,103350.22,100503.71,100531.8,100527.69,100535.75
1224.880718413,10602,100530.68,97441.58,100513.65,103353.13,100512.6,100533.7,100531.71,100517.68
1224.904471221,10603,100529.88,97465.75,100517.66,103349.13,100519.58,100538.76,100539.74,100543.75
1224.925204622,10604,100524.83,97474.83,100531.74,103365.12,100514.7,100534.75,100521.55,100534.72
1224.945762652,10605,100516.85,97450.67,100514.68,103366.21,100517.66,100531.8,100529.58,100530.72
1224.966257995,10606,100533.87,97450.67,100510.68,103367.3,100509.64,100537.71,100539.74,100535.75
1224.987024653,10607,100516.85,97461.72,100510.68,103354.22,100508.59,100527.8,100521.55,100526.72
1225.007705187,10608,100522.7,97440.56,100509.64,103372.39,100501.61,100527.8,100531.71,100539.75
1225.028278285,10609,100531.75,97444.59,100511.71,103341.14,100508.59,100535.81,100531.71,100527.75
1225.048729047,10610,100531.75,97452.64,100520.75,103306.26,100516.61,100546.77,100531.71,100525.68
1225.072397323,10611,100533.87,97449.64,100508.61,103310.25,100511.55,100535.81,100531.71,100527.75
1225.093007346,10612,100516.85,97448.61,100513.65,103318.25,100500.57,100535.81,100531.71,100527.75
1225.113595157,10613,100521.9,97446.64,100509.64,103318.25,100501.61,100535.81,100523.67,100531.75
1225.134285507,10614,100527.76,97436.45,100510.68,103325.15,100508.59,100534.75,100529.58,100531.75
1225.154861804,10615,100533.87,97444.59,100526.7,103313.16,100517.66,100533.7,100536.78,100525.68
1225.175439791,10616,100531.75,97461.72,100513.65,103323.33,100511.55,100542.77,100535.72,100531.75
1225.195968097,10617,100533.87,97446.56,100509.64,103317.16,100494.46,100527.8,100531.71,100527.75
1225.216670716,10618,100523.76,97438.51,100510.68,103317.16,100513.65,100518.73,100521.55,100534.72
1225.240361681,10619,100535.74,97434.48,100518.69,103318.25,100497.6,100535.81,100537.84,100526.72
1225.260970502,10620,100530.68,97463.78,100515.71,103318.25,100509.64,100547.83,100523.67,100543.75
1225.281594688,10621,100523.76,97441.51,100509.64,103319.34,100505.63,100533.7,100534.66,100531.75
1225.302117092,10622,100516.85,97432.5,100514.68,103329.51,100491.49,100537.92,100527.69,100531.75
1225.322767232,10623,100523.76,97440.56,100510.68,103313.16,100500.57,100543.82,100527.69,100535.75
1225.343448429,10624,100531.75,97448.61,100514.68,103313.52,100517.66,100542.77,100527.69,100535.75
1225.364049822,10625,100537.86,97448.61,100526.7,103298.26,100509.64,100542.77,100531.71,100529.81
1225.384627117,10626,100511.79,97438.58,100514.68,103298.26,100501.61,100535.81,100523.67,100519.74
1225.408323628,10627,100513.66,97432.5,100509.64,103315.34,100504.58,100533.91,100531.71,100539.75
1225.428951515,10628,100523.76,97422.4,100515.71,103295.36,100509.64,100535.81,100531.71,100529.68
1225.449561462,10629,100531.75,97462.75,100513.65,103286.27,100516.61,100543.82,100530.64,100534.72
1225.470197336,10630,100522.7,97440.56,100519.72,103286.27,100513.65,100543.82,100539.74,100529.68
1225.490707838,10631,100524.83,97440.56,100513.65,103293.18,100501.61,100533.7,100539.74,100517.68
1225.511419475,10632,100510.73,97424.45,100501.63,103297.17,100504.58,100529.69,100530.64,100521.68
1225.531962034,10633,100515.78,97426.42,100513.65,103295.36,100511.55,100528.85,100529.58,100527.75
1225.552482089,10634,100524.83,97428.48,100510.68,103274.28,100503.53,100538.76,100532.77,100533.69
1225.576253602,10635,100531.75,97438.58,100517.66,103291.36,100517.66,100541.71,100528.75,100531.75
1225.596887084,10636,100515.78,97413.39,100509.64,103299.35,100516.61,100534.75,100525.57,100533.69
1225.617502403,10637,100523.76,97415.37,100522.7,103286.27,100508.59,100533.7,100531.71,100526.72
1225.638189174,10638,100528.82,97416.39,100517.66,103288.45,100516.61,100541.71,100525.57,100524.65
1225.658718812,10639,100523.76,97410.31,100517.66,103287.36,100503.71,100529.69,100522.61,100531.75
1225.679320907,10640,100527.76,97414.34,100519.72,103302.26,100509.64,100533.7,100531.71,100535.75
1225.699964162,10641,100532.81,97408.34,100506.67,103291.36,100507.54,100535.81,100529.81,100527.75
1225.72360425,10642,100527.76,97412.36,100509.64,103274.28,100517.66,100534.75,100525.57,100523.75
1225.744318211,10643,100515.78,97416.39,100518.69,103294.27,100509.64,100533.7,100527.69,100523.75
1225.765016759,10644,100531.75,97402.33,100510.68,103293.18,100509.64,100531.8,100531.71,100530.72
1225.785612828,10645,100524.83,97397.28,100509.64,103297.17,100512.6,100530.75,100524.73,100527.75
1225.80633733,10646,100520.84,97390.25,100527.74,103302.26,100513.65,100545.72,100531.71,100527.75
1225.827071467,10647,100531.75,97382.12,100509.64,103301.17,100501.61,100532.86,100535.72,100527.75
1225.84728661,10648,100528.82,97378.09,100501.63,103299.35,100512.6,100533.7,100539.74,100533.69
1225.86790219,10649,100521.9,97375.09,100511.71,103306.26,100507.72,100535.81,100519.65,100523.75
1225.891559837,10650,100519.77,97374.06,100514.68,103313.52,100508.59,100540.66,100529.58,100525.68
1225.91221379,10651,100529.88,97368.06,100525.67,103303.35,100507.54,100534.75,100530.64,100527.75
1225.932912437,10652,100527.76,97368.06,100510.68,103319.34,100516.61,100534.75,100525.57,100526.72
1225.953579416,10653,100533.87,97369.08,100512.74,103301.17,100506.49,100539.82,100531.71,100529.81
1225.974205351,10654,100523.76,97362.05,100514.68,103317.16,100502.66,100526.74,100531.71,100525.81
1225.994865129,10655,100528.82,97370.11,100519.72,103313.16,100501.61,100534.75,100532.77,100528.78
1226.015536314,10656,100522.7,97360.0,100519.72,103311.34,100509.64,100537.71,100529.58,100527.75
1226.036336036,10657,100531.75,97361.98,100510.68,103326.24,100505.63,100543.82,100539.74,100527.75
1226.05951501,10658,100521.64,97355.98,100513.65,103314.25,100507.54,100538.76,100523.67,100529.68
1226.080247644,10659,100531.75,97370.11,100513.65,103320.43,100511.55,100539.82,100527.69,100531.75
1226.100890045,10660,100530.68,97361.98,100510.68,103327.33,100500.57,100535.81,100532.77,100530.72
1226.121319731,10661,100532.81,97354.95,100521.78,103311.34,100509.64,100534.75,100526.63,100535.75
1226.142589912,10662,100539.73,97360.0,100509.64,103315.34,100505.63,100531.8,100531.71,100535.75
1226.162587795,10663,100530.68,97352.9,100515.71,103331.33,100513.83,100535.81,100529.58,100530.72
1226.183175211,10664,100527.76,97360.0,100515.71,103317.16,100505.63,100541.71,100524.73,100535.75
1226.203772916,10665,100529.88,97364.98,100510.68,103325.52,100501.61,100538.76,100532.77,100525.68
1226.227512205,10666,100522.7,97354.88,100514.68,103326.24,100501.61,100527.8,100527.69,100537.81
1226.248129311,10667,100539.73,97355.9,100514.68,103323.33,100511.73,100534.75,100539.74,100527.75
1226.268746059,10668,100523.76,97366.01,100512.74,103336.42,100509.64,100536.86,100533.83,100525.68
1226.289345525,10669,100530.68,97355.9,100510.68,103328.42,100510.69,100527.8,100532.77,100530.72
1226.309999082,10670,100515.78,97376.11,100527.74,103331.33,100509.64,100533.7,100527.69,100533.69
1226.330557452,10671,100521.64,97357.95,100510.68,103339.32,100500.57,100527.8,100523.67,100530.72
1226.35116846,10672,100523.76,97376.11,100511.71,103336.42,100511.55,100534.75,100532.77,100526.72
1226.371717282,10673,100527.76,97373.11,100505.64,103329.15,100513.65,100536.86,100533.6,100530.72
1226.395397415,10674,100525.89,97374.06,100516.75,103339.32,100510.69,100531.8,100523.67,100535.75
1226.41599607,10675,100522.7,97366.01,100501.63,103350.22,100499.52,100537.92,100533.83,100518.71
1226.436605597,10676,100524.83,97374.06,100511.71,103331.33,100517.66,100534.75,100531.71,100519.62
1226.457278221,10677,100533.87,97356.93,100514.68,103333.14,100518.71,100535.81,100526.63,100527.75
1226.47790264,10678,100528.82,97375.09,100506.67,103342.23,100517.66,100534.75,100529.58,100527.75
1226.49850895,10679,100515.78,97374.06,100507.58,103339.32,100509.64,100535.81,100523.67,100530.72
1226.519092344,10680,100522.7,97376.11,100519.72,103351.31,100518.71,100537.71,100539.74,100510.71
1226.539691181,10681,100516.85,97377.07,100511.71,103337.14,100515.57,100547.83,100537.84,100518.71
1226.56339825,10682,100528.82,97368.06,100511.71,103335.32,100499.52,100543.82,100544.82,100531.75
1226.583982719,10683,100531.75,97381.09,100511.71,103337.14,100517.66,100531.8,100537.84,100527.75
1226.604567381,10684,100519.77,97384.17,100512.74,103349.13,100509.64,100535.81,100533.6,100525.68
1226.625456305,10685,100518.71,97374.06,100517.66,103345.13,100509.64,100531.8,100525.79,100527.75
1226.645840261,10686,100519.77,97380.14,100507.58,103342.23,100513.65,100535.81,100533.83,100527.75
1226.666479948,10687,100523.76,97376.11,100517.66,103344.41,100517.66,100529.69,100531.71,100527.75
1226.687035886,10688,100513.66,97379.12,100514.68,103355.31,100507.54,100526.74,100531.71,100531.75
1226.707660217,10689,100523.76,97385.2,100511.71,103341.14,100500.57,100530.75,100528.75,100523.75
1226.731318165,10690,100527.76,97355.9,100518.69,103350.22,100510.69,100529.91,100531.71,100541.82
1226.751974892,10691,100518.71,97387.25,100519.72,103351.31,100501.61,100543.82,100523.67,100535.75
1226.772552718,10692,100517.65,97388.2,100505.64,103346.22,100505.63,100543.82,100531.71,100537.69
1226.793134447,10693,100531.75,97396.25,100514.68,103351.31,100509.64,100534.75,100533.6,100527.75
1226.813713375,10694,100519.77,97394.28,100517.66,103355.31,100517.66,100535.81,100535.72,100528.78
1226.834366549,10695,100533.87,97384.17,100514.68,103342.23,100518.71,100531.8,100523.67,100538.72
1226.854954774,10696,100514.72,97384.17,100510.68,103346.22,100504.58,100543.82,100531.71,100529.81
1226.878679099,10697,100528.82,97375.09,100515.71,103360.4,100507.72,100526.74,100523.67,100530.72
1226.899316094,10698,100521.64,97388.2,100510.68,103345.5,100500.57,100533.7,100533.83,100530.72
1226.919925457,10699,100526.69,97383.14,100511.71,103353.13,100508.59,100540.87,100536.78,100527.75
1226.940519622,10700,100525.89,97378.17,100510.68,103353.13,100508.59,100543.82,100527.69,100526.72
1226.96113821,10701,100527.76,97391.2,100511.71,103358.21,100509.64,100531.8,100523.67,100536.78
1226.981809105,10702,100525.63,97400.28,100511.71,103349.13,100501.61,100533.7,100539.74,100537.69
1227.002385995,10703,100525.89,97392.23,100502.66,103363.3,100510.69,100539.82,100535.72,100535.75
1227.022937262,10704,100527.76,97396.25,100510.68,103350.22,100509.64,100543.82,100527.69,100535.75
1227.046676796,10705,100526.69,97395.23,100519.72,103355.31,100518.71,100535.81,100527.69,100535.75
1227.067231532,10706,100524.83,97397.28,100517.78,103351.31,100509.64,100535.81,100535.72,100543.75
1227.087893397,10707,100523.76,97393.25,100523.73,103367.3,100500.57,100534.75,100531.71,100517.68
1227.108492849,10708,100529.88,97384.17,100517.78,103366.21,100508.59,100535.81,100535.72,100530.72
1227.129087055,10709,100520.84,97390.17,100510.68,103365.48,100508.59,100534.75,100528.75,100534.72
1227.149634881,10710,100519.77,97398.23,100509.64,103369.48,100509.64,100537.71,100530.64,100528.65
1227.170266157,10711,100517.65,97396.25,100509.64,103354.22,100501.61,100527.8,100523.67,100531.75
1227.190894124,10712,100520.84,97409.36,100509.64,103369.48,100504.58,100534.75,100530.64,100535.75
1227.214558283,10713,100520.84,97406.36,100526.7,103359.31,100502.66,100533.7,100532.77,100519.74
1227.235189406,10714,100527.76,97405.33,100515.71,103367.3,100500.57,100539.82,100531.71,100534.72
1227.255824751,10715,100531.75,97389.15,100509.64,103367.3,100510.69,100538.76,100533.83,100531.75
1227.27643301,10716,100531.75,97404.31,100509.76,103363.3,100511.55,100536.86,100540.8,100535.75
1227.296961605,10717,100521.9,97405.26,100514.68,103378.56,100512.6,100540.87,100535.72,100527.75
1227.317620584,10718,100527.76,97409.36,100510.68,103366.21,100509.64,100539.82,100536.78,100527.75
1227.3382341,10719,100513.66,97404.23,100516.75,103367.3,100504.58,100528.85,100531.71,100529.81
1227.358820121,10720,100530.68,97400.28,100524.76,103367.3,100521.67,100537.92,100525.79,100531.75
1227.382537016,10721,100528.82,97406.36,100513.77,103367.3,100509.64,100535.81,100533.83,100531.75
1227.403193215,10722,100531.75,97412.36,100526.7,103397.46,100505.63,100543.82,100531.71,100539.75
1227.423793857,10723,100519.77,97408.34,100515.71,103370.2,100513.65,100535.81,100533.83,100535.75
1227.444329901,10724,100508.86,97418.44,100526.7,103383.29,100517.66,100531.8,100531.71,100519.74
1227.464920269,10725,100527.76,97414.34,100507.7,103375.29,100516.61,100541.71,100532.77,100521.81
1227.485569685,10726,100521.9,97415.37,100514.68,103369.48,100506.67,100535.81,100530.64,100526.72
1227.506176571,10727,100521.64,97409.29,100512.74,103373.48,100509.64,100531.8,100530.87,100528.78
1227.526782563,10728,100519.77,97408.34,100515.71,103381.47,100511.73,100537.92,100533.83,100539.75
1227.550520726,10729,100521.9,97414.42,100510.68,103393.46,100510.69,100540.87,100528.75,100535.75
1227.571104536,10730,100527.76,97405.26,100520.75,103368.39,100503.71,100535.81,100534.66,100523.75
1227.591787545,10731,100535.74,97409.36,100527.74,103385.47,100511.73,100542.77,100533.83,100547.75
1227.612348484,10732,100533.87,97410.31,100519.72,103367.3,100510.69,100536.86,100532.77,100530.72
1227.632931046,10733,100517.91,97412.36,100519.72,103367.3,100501.61,100523.79,100523.67,100535.75
1227.653529506,10734,100526.69,97413.31,100513.65,103377.47,100511.73,100547.83,100540.8,100526.72
1227.674120414,10735,100525.89,97416.39,100520.75,103371.3,100504.58,100537.92,100534.66,100539.75
1227.69475813,10736,100528.82,97417.42,100509.64,103373.48,100505.63,100537.92,100528.75,100523.75
1227.718476813,10737,100526.69,97409.29,100511.71,103383.29,100509.64,100535.81,100531.71,100536.78
1227.739146398,10738,100539.73,97426.5,100510.68,103385.47,100517.66,100531.8,100540.8,100533.81
1227.759716756,10739,100523.76,97415.37,100515.71,103383.29,100511.73,100535.81,100518.59,100531.75
1227.78025466,10740,100527.76,97426.5,100510.68,103368.39,100509.64,100531.8,100523.67,100542.72
1227.800840391,10741,100532.81,97423.42,100521.66,103369.48,100503.71,100527.8,100528.75,100537.69
1227.821501013,10742,100519.77,97417.42,100511.71,103373.48,100504.58,100527.8,100528.75,100545.82
1227.842151463,10743,100527.76,97418.37,100520.75,103375.29,100505.63,100535.81,100531.71,100531.75
1227.862665303,10744,100523.76,97423.42,100509.64,103373.48,100507.72,100526.74,100532.77,100531.75
1227.886437056,10745,100515.78,97416.39,100519.72,103371.3,100509.64,100530.75,100533.83,100527.75
1227.90699914,10746,100526.69,97429.5,100510.68,103391.28,100519.76,100537.92,100548.83,100535.75
1227.927589302,10747,100525.89,97427.45,100509.64,103376.38,100510.69,100538.76,100542.92,100529.68
1227.948323858,10748,100523.76,97418.37,100509.64,103371.3,100516.61,100532.86,100533.83,100529.81
1227.968825824,10749,100531.75,97434.56,100511.71,103376.38,100507.54,100531.8,100523.67,100536.78
1227.989464495,10750,100514.72,97424.45,100506.67,103383.29,100497.6,100551.84,100537.84,100527.75
1228.010099402,10751,100522.7,97422.4,100522.7,103383.29,100511.73,100534.75,100540.8,100535.75
1228.030645262,10752,100517.65,97431.48,100515.71,103380.38,100511.73,100534.75,100522.61,100535.75
1228.054402138,10753,100530.68,97428.48,100513.77,103372.39,100505.63,100528.85,100534.66,100531.75
1228.075018625,10754,100515.78,97433.53,100513.65,103383.29,100517.66,100542.77,100532.77,100536.78
1228.095631051,10755,100523.76,97440.56,100502.66,103385.47,100518.71,100539.82,100536.78,100526.72
1228.116268601,10756,100531.75,97438.51,100528.77,103393.46,100507.72,100527.8,100527.69,100531.75
1228.13683998,10757,100520.84,97435.5,100520.75,103385.47,100517.66,100536.86,100529.81,100522.71
1228.157538973,10758,100532.81,97430.53,100509.64,103385.47,100510.69,100535.81,100531.71,100525.68
1228.178087978,10759,100524.83,97432.5,100514.68,103393.46,100499.52,100535.81,100523.67,100530.72
1228.201705427,10760,100527.76,97435.5,100515.71,103385.47,100514.7,100540.87,100531.71,100531.75
1228.222318599,10761,100527.76,97428.48,100512.74,103402.55,100510.69,100532.86,100528.75,100527.75
1228.242923667,10762,100520.84,97442.61,100515.71,103396.37,100507.72,100537.92,100544.82,100525.68
1228.263501295,10763,100529.88,97442.61,100515.71,103380.38,100515.75,100543.82,100532.77,100533.69
1228.284195604,10764,100532.81,97434.48,100530.71,103375.29,100510.69,100535.81,100536.78,100533.81
1228.304739213,10765,100519.77,97434.48,100511.71,103382.56,100511.73,100535.81,100531.71,100529.68
1228.325351271,10766,100533.87,97430.45,100507.7,103391.28,100511.73,100535.81,100532.77,100529.81
1228.345926757,10767,100515.78,97441.58,100514.68,103383.29,100509.64,100535.81,100531.71,100535.75
1228.369683333,10768,100530.68,97444.59,100509.64,103385.47,100509.64,100529.91,100524.73,100532.78
1228.390263781,10769,100518.71,97438.51,100510.68,103401.45,100515.75,100534.75,100541.86,100535.75
1228.410914465,10770,100523.76,97440.56,100520.75,103397.46,100505.63,100535.81,100532.77,100536.78
1228.431604134,10771,100525.89,97441.58,100509.64,103400.36,100508.59,100536.86,100531.71,100533.69
1228.452156178,10772,100537.6,97440.56,100524.76,103393.46,100503.53,100532.86,100541.86,100536.78
1228.472686497,10773,100520.84,97436.53,100522.7,103401.45,100504.76,100551.84,100531.71,100543.75
1228.493275933,10774,100526.69,97441.51,100517.66,103391.28,100516.61,100543.82,100525.57,100540.78
1228.513859546,10775,100523.76,97454.62,100525.67,103402.55,100505.63,100542.77,100527.69,100534.72
1228.537643636,10776,100524.83,97445.61,100525.67,103395.28,100517.66,100543.82,100537.84,100527.75
1228.55825071,10777,100520.84,97433.45,100509.64,103409.45,100502.66,100540.87,100535.72,100535.75
1228.578855424,10778,100511.79,97454.69,100523.73,103399.27,100517.66,100539.82,100537.84,100527.75
1228.599507554,10779,100539.73,97441.58,100510.68,103409.45,100503.71,100542.77,100528.75,100541.82
1228.620140489,10780,100520.84,97438.51,100510.68,103405.45,100511.73,100531.8,100527.69,100531.75
1228.640709566,10781,100529.88,97442.53,100513.65,103415.26,100509.64,100525.68,100533.83,100540.66
1228.661324251,10782,100529.62,97446.56,100518.69,103391.28,100511.73,100532.86,100524.73,100530.72
1228.681908016,10783,100521.9,97445.54,100509.64,103405.45,100513.65,100533.7,100523.67,100530.72
1228.705590267,10784,100530.68,97438.51,100526.7,103403.27,100519.76,100538.76,100525.79,100543.75
1228.726181864,10785,100515.78,97441.58,100517.66,103401.45,100510.69,100528.85,100525.79,100533.69
1228.746746485,10786,100518.71,97460.7,100520.75,103396.37,100511.73,100537.71,100530.87,100535.75
1228.767346074,10787,100526.69,97448.61,100510.68,103406.54,100501.61,100536.86,100528.75,100535.75
1228.788020801,10788,100525.89,97456.67,100519.72,103409.45,100501.61,100523.79,100527.69,100527.75
1228.808553516,10789,100523.76,97448.61,100509.64,103400.36,100509.64,100539.82,100531.71,100527.75
1228.829217287,10790,100525.89,97457.62,100518.69,103405.45,100509.64,100541.71,100522.84,100522.71
1228.849808433,10791,100527.76,97454.62,100522.7,103418.53,100506.67,100527.8,100534.66,100535.75
1228.873568184,10792,100540.79,97455.64,100509.64,103405.45,100511.73,100533.91,100528.75,100531.75
1228.894193544,10793,100525.89,97448.61,100509.64,103400.36,100507.72,100531.8,100524.73,100527.75
1228.914788295,10794,100525.89,97457.7,100519.72,103400.36,100524.82,100535.81,100523.67,100543.75
1228.935401379,10795,100515.78,97452.56,100515.71,103407.27,100510.69,100535.81,100533.6,100534.72
1228.956019269,10796,100531.75,97466.78,100516.75,103408.36,100511.73,100527.8,100528.75,100531.75
1228.976556963,10797,100523.76,97464.73,100514.68,103421.44,100517.66,100535.81,100529.81,100527.75
1228.997174599,10798,100527.76,97457.62,100523.73,103403.27,100518.71,100536.86,100535.72,100535.75
1229.017805411,10799,100531.75,97457.7,100508.61,103404.36,100508.59,100535.81,100533.83,100522.71
1229.041529593,10800,100515.78,97452.56,100507.7,103417.44,100511.73,100526.74,100531.71,100528.78
1229.062102909,10801,100518.71,97462.75,100519.72,103409.45,100511.73,100529.91,100540.8,100531.75
1229.082696103,10802,100532.81,97462.67,100531.74,103406.18,100511.73,100535.81,100523.67,100527.75
1229.103373543,10803,100521.9,97456.67,100512.74,103413.45,100517.66,100536.86,100527.69,100536.78
1229.123993285,10804,100525.89,97464.73,100516.75,103417.44,100511.73,100535.81,100537.84,100523.75
1229.144611912,10805,100524.83,97456.67,100511.71,103403.27,100501.61,100535.81,100525.79,100531.75
1229.165131664,10806,100528.82,97461.72,100515.71,103407.27,100518.71,100535.81,100533.83,100535.75
1229.185757795,10807,100525.63,97467.73,100511.71,103414.54,100510.69,100535.81,100533.83,100535.75
1229.209481816,10808,100535.74,97464.73,100514.68,103413.45,100508.77,100543.82,100533.83,100527.75
1229.23014104,10809,100519.77,97463.7,100516.75,103416.35,100510.69,100539.82,100517.53,100535.75
1229.250750474,10810,100523.76,97465.75,100509.64,103413.45,100512.78,100535.81,100527.69,100527.75
1229.271303318,10811,100523.76,97466.7,100519.72,103417.44,100505.63,100543.82,100529.58,100535.75
1229.292003716,10812,100523.76,97477.76,100521.66,103409.45,100507.72,100528.85,100529.81,100529.81
1229.312521234,10813,100531.75,97473.81,100523.73,103411.63,100507.72,100531.8,100533.83,100531.75
1229.333145224,10814,100527.76,97464.73,100526.7,103407.27,100505.63,100531.8,100524.73,100543.75
1229.353678009,10815,100515.78,97465.67,100511.71,103413.45,100508.77,100547.83,100541.86,100535.75
1229.37741393,10816,100529.88,97470.73,100519.72,103419.62,100501.61,100531.8,100545.88,100537.81
1229.398012541,10817,100523.76,97469.78,100518.69,103415.63,100502.66,100537.92,100533.83,100532.78
1229.418493493,10818,100522.7,97472.78,100511.71,103409.45,100505.63,100535.81,100527.69,100521.68
1229.439274906,10819,100529.88,97465.75,100527.74,103410.54,100508.59,100543.82,100519.65,100534.72
1229.459876752,10820,100527.76,97464.73,100511.71,103424.34,100509.64,100533.91,100531.71,100531.75
1229.48046372,10821,100523.76,97472.78,100502.66,103430.52,100509.64,100537.92,100542.92,100530.72
1229.501012782,10822,100521.9,97473.73,100522.7,103421.44,100507.72,100543.82,100532.77,100537.81
1229.524768295,10823,100520.84,97468.75,100509.64,103421.44,100502.66,100530.75,100529.81,100526.72
1229.545368032,10824,100529.88,97470.73,100514.68,103425.44,100502.66,100545.93,100521.55,100530.72
1229.565972037,10825,100510.73,97470.73,100518.69,103421.44,100519.76,100538.98,100527.69,100535.75
1229.58653712,10826,100529.88,97472.78,100528.77,103417.44,100505.63,100536.86,100519.65,100533.69
1229.607165843,10827,100525.89,97474.76,100520.75,103433.43,100514.7,100533.7,100529.81,100520.78
1229.627826674,10828,100523.76,97470.73,100519.72,103427.25,100513.83,100533.91,100527.69,100523.75
1229.648441755,10829,100523.76,97477.84,100514.68,103429.43,100519.76,100543.82,100541.86,100535.75
1229.669009208,10830,100529.88,97477.76,100515.71,103421.44,100510.69,100539.82,100524.73,100529.81
1229.692716452,10831,100526.69,97472.78,100512.74,103433.43,100502.66,100533.91,100535.72,100535.75
1229.71333446,10832,100533.87,97475.78,100506.67,103437.43,100509.64,100530.75,100532.77,100531.75
1229.733936895,10833,100515.78,97479.81,100519.72,103434.52,100518.71,100535.81,100533.83,100543.75
1229.754547909,10834,100518.71,97488.89,100525.67,103419.26,100505.63,100537.92,100535.72,100536.78
1229.775128808,10835,100516.85,97474.76,100528.77,103425.44,100511.73,100535.81,100523.67,100531.75
1229.795702509,10836,100518.71,97488.89,100511.71,103434.52,100504.58,100535.81,100540.8,100532.78
1229.81639763,10837,100523.76,97478.78,100517.78,103447.23,100513.65,100527.8,100523.67,100539.75
1229.836933417,10838,100523.76,97478.78,100510.68,103423.25,100518.71,100528.85,100543.76,100522.71
1229.860682723,10839,100531.75,97471.75,100518.69,103425.44,100509.64,100535.81,100536.78,100525.68
1229.881295324,10840,100531.75,97478.78,100510.68,103433.43,100499.52,100547.83,100540.8,100527.75
1229.901948622,10841,100524.83,97480.76,100513.77,103432.34,100514.7,100535.81,100535.72,100523.75
1229.922537873,10842,100520.84,97476.81,100519.72,103447.6,100509.64,100543.82,100535.72,100523.75
1229.943151818,10843,100527.76,97487.87,100512.74,103429.43,100518.71,100523.79,100532.77,100534.72
1229.963786616,10844,100529.88,97483.84,100510.68,103429.43,100510.69,100535.81,100535.72,100529.81
1229.984302494,10845,100520.84,97480.84,100511.71,103447.6,100518.71,100543.82,100527.69,100540.78
1230.004926356,10846,100531.75,97474.76,100525.67,103432.34,100515.57,100544.88,100524.73,100528.78
1230.02860943,10847,100519.77,97486.84,100512.74,103437.43,100507.72,100526.74,100539.74,100541.69
1230.049198596,10848,100527.76,97480.84,100511.71,103449.42,100512.78,100544.88,100523.67,100535.75
1230.069886144,10849,100532.81,97484.86,100510.68,103433.43,100506.67,100523.79,100531.71,100531.75
1230.090456058,10850,100519.77,97477.76,100521.78,103435.61,100503.71,100535.81,100527.69,100535.75
1230.111040653,10851,100514.72,97484.86,100511.71,103435.61,100503.71,100535.81,100523.67,100535.75
1230.13161808,10852,100523.76,97462.67,100511.71,103431.25,100514.7,100527.8,100528.75,100527.75
1230.152288722,10853,100515.78,97480.84,100511.71,103437.43,100507.72,100529.69,100531.71,100534.72
1230.172843222,10854,100535.74,97488.89,100518.69,103413.45,100510.69,100535.81,100536.78,100539.75
1230.19659247,10855,100532.81,97486.84,100519.72,103447.23,100517.66,100548.89,100524.73,100539.75
1230.217203232,10856,100527.76,97476.73,100511.71,103443.24,100502.66,100527.8,100527.69,100537.81
1230.23783153,10857,100533.87,97477.76,100515.71,103437.43,100507.72,100528.85,100523.67,100531.75
1230.25844369,10858,100530.68,97488.89,100513.65,103445.42,100513.83,100535.81,100525.79,100537.81
1230.278987847,10859,100535.74,97500.98,100514.68,103445.42,100501.61,100535.81,100536.78,100539.75
1230.299643388,10860,100518.71,97490.87,100510.68,103455.23,100512.78,100532.86,100533.83,100537.81
1230.320334505,10861,100515.78,97480.84,100510.68,103449.42,100506.67,100528.85,100532.77,100527.75
1230.340804683,10862,100531.75,97485.81,100514.68,103429.43,100507.72,100540.87,100540.8,100543.75
1230.36450626,10863,100531.75,97494.9,100519.72,103449.42,100509.64,100539.82,100532.77,100543.75
1230.38518411,10864,100533.87,97492.92,100510.68,103446.51,100509.64,100531.8,100537.84,100526.72
1230.405772922,10865,100518.71,97485.81,100512.74,103434.52,100515.75,100543.82,100533.83,100535.75
1230.426358682,10866,100532.81,97492.92,100519.72,103447.23,100520.81,100553.95,100549.89,100531.75
1230.44688845,10867,100527.76,97496.87,100510.68,103447.23,100510.69,100539.82,100537.84,100535.75
1230.467582714,10868,100517.91,97488.89,100512.74,103449.42,100506.67,100536.86,100534.89,100518.71
1230.488138941,10869,100522.7,97486.84,100510.68,103457.41,100518.71,100530.75,100541.86,100535.75
1230.508761975,10870,100515.78,97502.95,100511.71,103435.24,100517.66,100535.81,100529.81,100535.75
1230.532548737,10871,100523.76,97505.0,100509.64,103445.42,100515.75,100534.75,100530.87,100535.75
1230.553176019,10872,100529.88,97488.89,100501.63,103456.32,100502.66,100531.8,100543.76,100526.72
1230.573728066,10873,100527.76,97492.92,100513.65,103452.69,100511.73,100534.75,100527.69,100522.71
1230.594344299,10874,100531.75,97505.0,100517.66,103457.41,100508.77,100533.91,100531.71,100533.69
1230.614902044,10875,100531.75,97503.98,100510.68,103460.69,100517.66,100533.7,100533.83,100532.78
1230.635569024,10876,100528.82,97502.95,100520.75,103438.52,100510.69,100537.92,100533.83,100531.75
1230.65609517,10877,100519.77,97496.87,100512.74,103449.42,100506.67,100537.92,100533.83,100536.78
1230.676801345,10878,100521.9,97485.81,100518.69,103440.7,100515.75,100534.75,100529.81,100535.75
1230.700486893,10879,100524.83,97503.98,100518.69,103441.42,100508.59,100527.8,100524.73,100531.75
1230.721030905,10880,100527.76,97505.0,100515.71,103436.7,100509.64,100542.77,100536.78,100529.68
1230.741670343,10881,100524.83,97494.9,100515.71,103433.43,100511.55,100541.71,100533.83,100527.75
1230.762306308,10882,100525.89,97490.87,100509.64,103431.25,100511.73,100538.76,100545.88,100531.75
1230.782860087,10883,100529.88,97513.06,100518.69,103417.44,100500.74,100537.92,100533.83,100529.81
1230.803468687,10884,100529.88,97490.87,100509.64,103413.45,100507.72,100535.81,100523.67,100535.75
1230.824146828,10885,100521.64,97497.9,100521.78,103409.45,100509.64,100534.75,100533.83,100526.72
1230.847762831,10886,100521.9,97502.95,100523.73,103404.73,100507.72,100535.81,100524.73,100541.69
1230.868414215,10887,100523.76,97491.89,100508.73,103411.63,100509.64,100534.75,100533.83,100534.72
1230.889023034,10888,100519.77,97505.0,100524.76,103409.45,100506.67,100527.8,100529.81,100531.75
1230.909651763,10889,100528.82,97502.95,100518.69,103417.44,100502.66,100532.86,100527.69,100530.72
1230.930268436,10890,100531.75,97500.98,100510.68,103409.45,100503.71,100536.86,100527.91,100527.75
1230.950870624,10891,100518.71,97489.92,100526.7,103404.36,100510.69,100543.82,100533.83,100534.72
1230.971467461,10892,100528.82,97506.03,100509.64,103415.26,100521.67,100546.99,100533.83,100527.75
1230.992122379,10893,100522.96,97502.0,100519.72,103417.44,100518.71,100544.88,100533.83,100531.75
1231.015760644,10894,100521.9,97505.0,100502.66,103418.53,100521.85,100543.82,100528.75,100543.75
1231.036359585,10895,100530.94,97498.92,100512.74,103417.44,100508.77,100531.8,100526.85,100522.71
1231.056992413,10896,100521.9,97500.98,100507.7,103410.54,100509.64,100525.9,100521.78,100527.75
1231.077528192,10897,100523.76,97509.98,100515.71,103415.26,100510.69,100538.76,100529.81,100543.75
1231.098141352,10898,100523.76,97502.95,100510.68,103421.44,100505.45,100545.93,100524.73,100531.75
1231.118770604,10899,100525.89,97495.92,100510.68,103410.54,100511.73,100536.86,100536.78,100519.74
1231.139349947,10900,100529.88,97511.09,100519.72,103413.45,100506.67,100531.8,100528.75,100525.68
1231.160010916,10901,100525.89,97502.95,100511.71,103409.45,100510.69,100530.75,100536.78,100541.69
1231.183736738,10902,100517.91,97494.9,100511.71,103416.35,100527.78,100535.81,100533.83,100526.72
1231.204309425,10903,100529.88,97507.06,100506.67,103418.53,100511.73,100537.92,100529.81,100528.78
1231.224935826,10904,100519.77,97512.03,100517.66,103413.45,100515.57,100543.82,100541.86,100526.72
1231.245490569,10905,100517.91,97514.09,100526.7,103416.35,100515.75,100536.86,100524.73,100525.68
1231.266134427,10906,100515.78,97501.92,100520.75,103417.44,100512.78,100538.76,100525.79,100525.68
1231.286738742,10907,100513.92,97501.92,100510.68,103418.53,100511.73,100537.92,100537.84,100525.68
1231.307387131,10908,100524.83,97509.98,100515.71,103417.44,100519.76,100541.93,100525.79,100527.75
1231.327926976,10909,100529.88,97511.01,100517.66,103409.08,100510.69,100540.87,100537.84,100531.75
1231.35166724,10910,100534.93,97513.06,100511.71,103414.54,100500.57,100535.81,100535.72,100533.69
1231.372325044,10911,100523.76,97506.98,100518.69,103416.35,100518.71,100535.81,100529.81,100524.78
1231.392896346,10912,100533.87,97521.12,100505.64,103418.53,100514.7,100539.82,100533.83,100531.75
1231.413519275,10913,100525.89,97513.06,100515.71,103418.53,100511.73,100537.71,100530.87,100534.72
1231.434146091,10914,100533.87,97509.98,100509.64,103412.72,100512.78,100535.81,100525.79,100535.75
1231.454728531,10915,100530.94,97508.01,100510.68,103411.63,100503.71,100543.82,100533.83,100533.69
1231.475342137,10916,100529.88,97513.06,100523.73,103419.26,100506.67,100547.83,100533.83,100530.72
1231.495926284,10917,100529.88,97510.06,100513.77,103417.44,100506.67,100535.81,100533.83,100530.72
1231.519603068,10918,100519.77,97520.09,100511.71,103409.45,100509.64,100534.75,100538.9,100527.75
1231.540208796,10919,100533.87,97512.03,100527.74,103409.45,100512.78,100547.83,100530.87,100531.75
1231.560850279,10920,100531.75,97506.98,100520.75,103417.44,100510.69,100534.75,100537.84,100519.74
1231.581445642,10921,100533.87,97526.17,100514.68,103418.53,100506.67,100537.92,100525.79,100536.78
1231.602070451,10922,100521.9,97520.09,100518.69,103421.44,100506.67,100535.81,100533.83,100523.75
1231.622649013,10923,100529.88,97501.92,100506.67,103418.53,100510.69,100525.68,100521.55,100535.75
1231.643250518,10924,100523.76,97520.09,100518.69,103423.25,100511.73,100531.8,100524.73,100535.75
1231.663906749,10925,100535.74,97515.03,100519.72,103425.44,100518.71,100540.87,100524.73,100535.75
1231.687552586,10926,100525.89,97519.06,100511.71,103415.26,100508.77,100542.77,100533.83,100529.68
1231.708164911,10927,100535.74,97521.12,100519.72,103407.27,100510.69,100531.8,100530.87,100535.75
1231.728773686,10928,100521.9,97513.06,100515.71,103417.44,100509.64,100538.76,100525.79,100541.82
1231.749395693,10929,100532.0,97521.12,100510.68,103424.71,100505.63,100535.81,100541.86,100537.81
1231.769979551,10930,100526.69,97521.12,100510.68,103422.53,100520.81,100535.81,100519.65,100537.69
1231.790655513,10931,100532.81,97523.17,100514.68,103418.53,100509.64,100544.88,100537.84,100527.75
1231.811228373,10932,100524.83,97523.17,100509.64,103423.62,100518.71,100526.74,100525.79,100528.78
1231.831852499,10933,100515.78,97519.06,100511.71,103429.43,100514.7,100535.81,100525.79,100527.75
1231.855543204,10934,100524.83,97515.03,100527.74,103419.62,100515.75,100543.82,100532.77,100525.68
1231.876196548,10935,100515.78,97519.06,100507.7,103423.62,100516.79,100535.81,100532.77,100527.75
1231.89673361,10936,100521.9,97523.09,100517.66,103426.53,100510.69,100536.86,100524.73,100534.72
1231.9173266,10937,100531.75,97516.06,100523.73,103428.34,100510.69,100544.88,100532.77,100531.75
1231.937969303,10938,100523.76,97533.2,100525.67,103421.44,100516.79,100537.71,100526.85,100527.75
1231.95896576,10939,100521.9,97517.09,100519.72,103421.44,100513.83,100535.81,100536.78,100527.75
1231.979607336,10940,100520.84,97527.12,100503.69,103415.26,100509.64,100540.87,100532.77,100531.75
1232.002873587,10941,100530.68,97525.14,100520.75,103419.26,100511.73,100526.74,100543.76,100519.74
1232.023570693,10942,100529.88,97522.06,100520.75,103430.16,100512.78,100535.81,100532.77,100525.68
1232.044244404,10943,100528.82,97531.23,100505.64,103421.44,100500.57,100545.93,100524.73,100531.75
1232.064876168,10944,100520.84,97518.03,100520.75,103423.25,100505.63,100541.93,100533.83,100527.75
1232.085538148,10945,100523.76,97528.14,100514.68,103429.43,100503.71,100537.92,100530.87,100533.81
1232.106254149,10946,100527.76,97520.09,100514.68,103424.34,100513.83,100526.74,100536.78,100535.75
1232.126886099,10947,100516.85,97528.14,100509.64,103423.25,100511.73,100545.93,100539.74,100527.75
1232.147555835,10948,100525.89,97526.17,100509.64,103433.43,100518.71,100538.76,100527.69,100531.75
1232.170850706,10949,100525.89,97526.09,100519.72,103441.42,100514.7,100535.81,100525.79,100527.75
1232.191533842,10950,100529.88,97533.2,100511.71,103411.26,100503.71,100535.81,100530.64,100532.78
1232.212222375,10951,100520.84,97524.12,100519.72,103421.44,100511.73,100536.86,100528.75,100532.78
1232.232812231,10952,100533.87,97531.15,100511.71,103422.53,100519.76,100535.81,100530.64,100535.75
1232.253355962,10953,100517.91,97534.15,100511.71,103427.25,100503.71,100537.92,100537.62,100533.69
1232.273833344,10954,100532.0,97529.17,100516.75,103425.44,100502.66,100543.82,100535.72,100535.75
1232.294502455,10955,100525.89,97525.06,100505.64,103433.43,100516.79,100536.86,100523.67,100535.75
1232.315139005,10956,100513.92,97539.28,100519.72,103426.53,100513.65,100551.84,100528.75,100539.75
1232.338838412,10957,100531.75,97530.2,100521.66,103420.35,100510.69,100536.86,100527.69,100531.75
1232.359394498,10958,100514.72,97531.15,100518.69,103433.43,100519.76,100533.91,100538.9,100525.68
1232.380010094,10959,100521.9,97540.23,100509.64,103415.26,100505.8,100552.89,100533.83,100527.75
1232.400599995,10960,100532.81,97529.17,100513.65,103433.43,100506.67,100535.81,100525.79,100528.78
1232.421256545,10961,100524.83,97532.17,100509.64,103431.25,100511.73,100540.87,100531.71,100539.75
1232.441716257,10962,100533.87,97533.2,100503.69,103421.44,100508.59,100536.86,100540.8,100535.75
1232.4623606,10963,100520.84,97527.12,100514.68,103437.43,100508.59,100535.81,100524.73,100534.72
1232.482943826,10964,100531.75,97536.2,100519.72,103427.25,100517.66,100535.81,100531.71,100533.81
1232.50675888,10965,100530.94,97535.17,100518.69,103426.53,100513.65,100531.8,100541.86,100527.75
1232.527345782,10966,100533.87,97541.25,100510.68,103431.25,100503.71,100531.8,100533.83,100535.75
1232.547940568,10967,100520.84,97545.28,100515.71,103432.34,100511.73,100537.92,100534.89,100534.72
1232.568496673,10968,100533.87,97541.25,100518.69,103446.51,100512.78,100535.81,100532.77,100527.75
1232.589062323,10969,100527.76,97541.17,100511.71,103432.34,100517.66,100529.69,100524.73,100519.74
1232.609702394,10970,100528.82,97536.2,100518.69,103433.43,100500.57,100537.92,100533.83,100524.78
1232.630353711,10971,100517.65,97552.31,100515.71,103436.34,100511.73,100543.82,100533.83,100527.75
1232.651220993,10972,100515.78,97538.17,100515.71,103432.34,100517.66,100543.82,100531.71,100535.75
1232.674726146,10973,100529.88,97547.34,100516.75,103426.53,100502.66,100533.91,100523.67,100532.78
1232.695403998,10974,100522.7,97553.34,100515.71,103434.52,100504.76,100535.81,100533.83,100524.78
1232.715992747,10975,100521.9,97553.34,100516.75,103435.61,100503.71,100536.86,100527.69,100537.81
1232.736534868,10976,100531.75,97562.42,100517.78,103434.52,100521.67,100537.92,100529.81,100534.72
1232.757096233,10977,100523.76,97553.34,100511.71,103442.52,100509.82,100545.93,100532.77,100528.78
1232.778041136,10978,100524.83,97553.34,100518.69,103433.43,100506.67,100532.86,100533.83,100527.75
1232.798764801,10979,100525.89,97549.31,100523.73,103424.34,100510.69,100530.75,100533.83,100542.72
1232.819363699,10980,100523.76,97554.37,100510.68,103447.23,100498.65,100535.81,100534.89,100535.75
1232.842678997,10981,100532.81,97551.28,100507.7,103431.25,100511.73,100534.75,100523.67,100538.72
1232.863275354,10982,100532.81,97561.39,100515.71,103448.33,100517.66,100552.89,100524.73,100528.78
1232.883876583,10983,100534.93,97559.34,100521.78,103427.25,100506.67,100537.92,100531.71,100527.75
1232.904500388,10984,100519.77,97551.28,100516.75,103435.24,100502.66,100536.86,100529.81,100526.72
1232.925130232,10985,100528.82,97545.28,100517.66,103449.42,100511.73,100539.82,100533.83,100527.75
1232.946058256,10986,100519.77,97553.34,100519.72,103433.43,100516.79,100546.99,100531.71,100531.75
1232.966785269,10987,100523.76,97561.39,100531.74,103449.42,100510.69,100536.86,100525.79,100539.75
1232.987454476,10988,100524.83,97561.39,100527.74,103429.43,100511.73,100546.99,100532.77,100537.81
1233.010626243,10989,100526.69,97562.42,100514.68,103429.43,100506.67,100531.8,100525.79,100528.78
1233.031306795,10990,100529.88,97560.37,100518.69,103445.42,100507.72,100541.71,100536.78,100535.75
1233.051953402,10991,100523.76,97560.37,100517.66,103437.43,100502.66,100542.14,100525.79,100533.69
1233.072665786,10992,100536.8,97562.42,100511.71,103437.43,100509.64,100543.82,100536.78,100535.75
1233.093320513,10993,100533.87,97559.34,100510.68,103437.43,100503.71,100536.86,100533.83,100535.75
1233.114011397,10994,100535.74,97558.39,100511.71,103432.34,100503.71,100535.81,100537.84,100531.75
1233.134765838,10995,100518.97,97563.37,100509.64,103435.24,100502.66,100537.92,100546.94,100529.68
1233.155362213,10996,100531.75,97551.28,100519.72,103429.43,100509.64,100539.82,100541.86,100532.78
1233.17859882,10997,100514.98,97558.31,100519.72,103436.7,100509.64,100533.7,100534.89,100543.75
1233.199287278,10998,100524.83,97570.48,100513.65,103437.43,100511.73,100532.86,100529.81,100537.81
1233.219959066,10999,100523.76,97568.42,100519.72,103449.42,100515.75,100535.81,100524.73,100527.75
1233.240659244,11000,100515.78,97557.37,100527.74,103433.43,100505.63,100537.92,100535.95,100531.75
1233.261311545,11001,100529.88,97567.48,100510.68,103445.42,100520.81,100536.86,100524.73,100523.75
1233.282000127,11002,100533.87,97561.31,100511.71,103442.52,100508.77,100542.77,100533.83,100528.78
1233.302664146,11003,100531.75,97562.42,100518.69,103447.6,100517.66,100536.86,100529.81,100535.75
1233.325989631,11004,100529.88,97573.48,100508.73,103437.43,100512.78,100536.86,100530.87,100535.75
1233.346588421,11005,100525.89,97560.37,100509.64,103441.42,100501.61,100536.86,100533.83,100523.75
1233.367293857,11006,100542.91,97569.45,100510.68,103449.42,100519.76,100537.92,100533.83,100526.72
1233.387910452,11007,100528.82,97565.42,100525.67,103435.24,100521.67,100535.81,100532.77,100525.68
1233.408575786,11008,100525.89,97565.42,100521.78,103449.42,100511.73,100529.91,100538.9,100535.75
1233.429387906,11009,100526.69,97560.37,100521.78,103435.24,100507.54,100536.86,100525.79,100532.78
1233.449896657,11010,100525.89,97581.53,100516.75,103453.41,100511.73,100543.82,100536.78,100535.75
1233.470535458,11011,100528.82,97562.34,100510.68,103441.42,100511.73,100535.81,100533.83,100527.75
1233.493895777,11012,100523.76,97561.39,100514.68,103433.43,100511.73,100531.8,100533.83,100529.81
1233.514552905,11013,100531.75,97569.45,100511.71,103437.43,100506.67,100543.82,100533.83,100531.75
1233.535272368,11014,100528.82,97570.48,100512.74,103435.24,100513.83,100542.77,100533.83,100521.68
1233.555906139,11015,100529.88,97573.48,100511.71,103447.23,100511.73,100544.88,100533.83,100531.75
1233.57660664,11016,100525.89,97571.42,100521.78,103431.25,100511.73,100535.81,100530.87,100530.72
1233.597230742,11017,100534.93,97574.51,100513.77,103449.42,100510.69,100535.81,100533.83,100535.75
1233.617544396,11018,100527.76,97578.53,100513.65,103450.51,100513.65,100543.82,100534.89,100523.75
1233.638093729,11019,100517.91,97575.45,100519.72,103437.43,100515.75,100544.88,100537.84,100537.81
1233.661841006,11020,100523.76,97579.56,100526.7,103450.51,100512.78,100533.7,100534.89,100531.75
1233.682505546,11021,100525.89,97562.42,100518.69,103449.42,100519.76,100542.77,100532.77,100531.75
1233.703040108,11022,100524.83,97567.48,100522.7,103452.69,100519.76,100539.82,100523.67,100533.81
1233.723611057,11023,100533.87,97566.37,100519.72,103444.33,100510.69,100537.92,100533.83,100525.68
1233.744368304,11024,100519.77,97577.51,100521.78,103433.43,100513.83,100523.79,100529.81,100531.75
1233.764904882,11025,100522.7,97572.45,100518.69,103451.6,100506.67,100527.8,100534.89,100544.78
1233.785575002,11026,100517.91,97560.37,100512.74,103452.69,100509.64,100533.91,100534.89,100527.75
1233.805960723,11027,100525.89,97582.56,100517.78,103449.42,100510.69,100529.91,100534.89,100525.68
1233.829776565,11028,100521.9,97574.51,100512.74,103456.69,100511.73,100531.8,100537.84,100535.75
1233.850406501,11029,100527.76,97581.53,100520.75,103449.42,100510.69,100540.87,100538.9,100527.75
1233.871068868,11030,100525.89,97573.48,100510.68,103449.42,100509.64,100527.8,100534.89,100538.85
1233.891546433,11031,100515.78,97580.51,100517.66,103449.42,100502.66,100543.82,100527.69,100527.75
1233.912220548,11032,100519.77,97575.45,100511.71,103445.42,100509.64,100534.75,100530.87,100526.72
1233.932804702,11033,100532.81,97573.48,100510.68,103456.69,100515.75,100533.7,100525.79,100535.75
1233.953419302,11034,100532.81,97577.51,100511.71,103448.33,100511.73,100541.93,100525.79,100538.72
1233.974038352,11035,100531.75,97572.45,100515.71,103449.42,100511.73,100539.82,100525.79,100531.75
1233.997719342,11036,100522.7,97575.45,100511.71,103444.33,100502.66,100533.7,100525.79,100535.75
1234.018331676,11037,100517.91,97576.48,100509.64,103458.5,100507.72,100531.8,100529.81,100527.75
1234.038918259,11038,100527.76,97577.51,100519.72,103453.41,100514.7,100546.77,100529.81,100539.75
1234.059510193,11039,100515.78,97577.51,100514.68,103449.42,100508.77,100535.81,100524.73,100531.75
1234.080107399,11040,100525.89,97569.45,100517.66,103445.42,100505.63,100542.77,100532.77,100527.75
1234.100712966,11041,100522.7,97577.51,100513.65,103461.41,100516.79,100545.93,100534.89,100532.78
1234.121337375,11042,100517.91,97581.45,100514.68,103450.51,100517.66,100536.86,100536.78,100538.72
1234.141988853,11043,100529.88,97574.51,100515.71,103449.42,100501.61,100535.81,100537.84,100529.81
1234.165670553,11044,100532.81,97574.42,100517.78,103449.42,100515.75,100535.81,100528.75,100527.75
1234.186307324,11045,100518.71,97577.51,100512.74,103449.42,100507.72,100537.92,100532.77,100536.78
1234.206899653,11046,100519.77,97587.62,100502.66,103449.42,100505.63,100534.75,100541.86,100538.85
1234.22755235,11047,100527.76,97578.53,100528.77,103461.41,100511.73,100530.75,100525.79,100530.72
1234.248124405,11048,100529.88,97573.48,100518.69,103445.42,100503.71,100540.87,100533.83,100521.68
1234.268698344,11049,100525.89,97573.48,100511.71,103449.42,100512.78,100548.89,100530.87,100524.78
1234.289293789,11050,100528.82,97583.51,100517.78,103458.5,100509.64,100534.75,100525.79,100529.81
1234.309888837,11051,100519.77,97584.53,100519.72,103440.7,100519.76,100531.8,100533.83,100534.72
1234.333681275,11052,100518.71,97568.42,100519.72,103449.42,100501.61,100543.82,100524.73,100535.75
1234.354316625,11053,100520.84,97575.45,100517.66,103453.41,100502.66,100547.83,100540.8,100527.75
1234.374830899,11054,100529.88,97585.56,100511.71,103441.42,100503.71,100540.87,100533.83,100528.78
1234.395505325,11055,100533.87,97574.42,100526.7,103457.41,100509.64,100542.77,100525.79,100533.81
1234.416037441,11056,100519.77,97577.51,100516.75,103452.69,100507.72,100535.81,100525.79,100537.81
1234.436660746,11057,100520.84,97574.42,100509.76,103448.33,100514.7,100533.91,100531.71,100525.68
1234.457235453,11058,100514.72,97576.48,100515.71,103464.68,100502.66,100540.87,100529.81,100535.75
1234.477839671,11059,100533.87,97579.56,100525.67,103451.6,100505.63,100536.86,100533.83,100527.75
1234.501544391,11060,100518.71,97586.59,100511.71,103450.51,100503.71,100527.8,100531.71,100534.72
1234.522188164,11061,100533.87,97575.45,100510.68,103452.69,100510.69,100534.75,100527.69,100527.75
1234.542870276,11062,100532.81,97581.53,100509.64,103457.41,100510.69,100544.88,100523.67,100518.71
1234.563732118,11063,100529.88,97578.53,100510.68,103457.41,100508.77,100536.86,100532.77,100531.75
1234.584145986,11064,100530.68,97577.51,100519.72,103460.69,100511.73,100537.71,100528.75,100531.75
1234.604607238,11065,100517.91,97585.56,100526.7,103454.51,100512.78,100535.81,100537.84,100532.78
1234.625159378,11066,100525.89,97578.45,100512.74,103449.42,100501.61,100535.81,100530.87,100523.75
1234.648967705,11067,100519.77,97579.48,100510.68,103468.68,100507.72,100541.93,100525.79,100527.75
1234.6696445,11068,100525.89,97576.48,100519.72,103461.41,100517.66,100536.86,100526.85,100527.75
1234.690249227,11069,100534.93,97595.67,100523.73,103450.51,100517.66,100529.91,100528.75,100539.75
1234.710952508,11070,100531.75,97576.48,100510.68,103460.69,100504.58,100533.7,100532.77,100534.72
1234.731567183,11071,100531.75,97593.62,100505.76,103437.43,100502.66,100543.82,100534.89,100526.72
1234.752256309,11072,100532.81,97584.53,100517.66,103465.41,100506.67,100545.93,100533.83,100526.72
1234.772929576,11073,100525.89,97592.59,100514.68,103457.41,100510.69,100527.8,100530.87,100528.78
1234.793601618,11074,100521.9,97584.53,100519.72,103452.32,100513.65,100535.81,100524.73,100539.75
1234.81690459,11075,100533.87,97591.64,100512.74,103457.41,100507.72,100544.88,100537.84,100535.75
1234.83753214,11076,100533.87,97585.56,100512.74,103457.41,100515.75,100535.81,100533.83,100535.75
1234.858290171,11077,100525.89,97590.62,100519.72,103449.42,100511.73,100535.81,100546.94,100527.75
1234.87893256,11078,100532.0,97596.62,100518.69,103457.41,100501.61,100529.91,100533.83,100527.75
1234.899573958,11079,100526.69,97575.45,100515.71,103449.42,100510.69,100535.81,100538.9,100527.75
1234.920278778,11080,100524.83,97591.56,100509.64,103460.32,100509.64,100531.8,100541.86,100527.75
1234.940942182,11081,100521.9,97595.67,100527.74,103457.41,100520.81,100533.91,100533.83,100527.75
1234.96160561,11082,100525.63,97587.53,100510.68,103459.59,100516.79,100536.86,100536.78,100530.72
1234.984886991,11083,100531.75,97595.67,100517.66,103449.42,100513.83,100535.81,100534.89,100535.75
1235.005546499,11084,100521.9,97591.64,100511.71,103459.59,100518.71,100527.8,100527.69,100536.78
1235.026206759,11085,100531.75,97587.62,100505.64,103465.41,100503.71,100535.81,100529.81,100527.75
1235.046657188,11086,100531.75,97597.65,100513.77,103462.5,100510.69,100535.81,100533.83,100527.75
1235.067258485,11087,100524.02,97594.65,100516.75,103465.41,100509.64,100532.86,100541.86,100535.75
1235.087927135,11088,100539.73,97584.53,100513.77,103472.68,100517.84,100540.87,100532.77,100539.75
1235.108515125,11089,100531.75,97593.62,100512.74,103451.23,100507.72,100526.74,100525.79,100526.72
1235.129068368,11090,100519.77,97598.67,100513.77,103465.41,100509.64,100543.82,100533.83,100535.75
1235.152880065,11091,100529.88,97585.56,100510.68,103459.59,100509.64,100527.8,100534.89,100529.68
1235.173532652,11092,100533.87,97601.67,100511.71,103461.41,100507.72,100527.8,100525.79,100531.75
1235.194095142,11093,100533.87,97593.62,100525.79,103457.41,100515.75,100544.88,100535.95,100532.78
1235.214682133,11094,100523.76,97593.62,100520.75,103457.41,100502.66,100537.92,100543.98,100527.75
1235.235329614,11095,100527.76,97587.53,100504.72,103460.69,100519.76,100535.81,100539.96,100540.78
1235.255896065,11096,100513.66,97585.56,100514.68,103468.68,100501.61,100537.71,100535.95,100531.75
1235.276483328,11097,100525.89,97595.67,100519.72,103465.41,100500.57,100537.92,100531.93,100537.81
1235.297203835,11098,100522.7,97593.62,100516.75,103468.68,100508.59,100531.8,100519.65,100535.75
1235.320798311,11099,100528.82,97591.56,100512.74,103465.41,100515.75,100528.85,100541.86,100523.75
1235.341420234,11100,100517.91,97595.67,100512.74,103468.68,100510.69,100544.88,100529.81,100527.75
1235.361994645,11101,100532.81,97593.62,100504.72,103460.69,100508.77,100540.87,100534.89,100531.75
1235.382602258,11102,100518.71,97591.56,100511.71,103468.68,100508.59,100535.81,100541.86,100523.75
1235.403199309,11103,100531.75,97597.65,100515.71,103457.41,100505.63,100532.86,100537.84,100523.75
1235.423824136,11104,100519.77,97591.56,100531.74,103468.68,100513.65,100535.81,100534.89,100532.78
1235.444422843,11105,100539.73,97593.62,100519.72,103453.41,100508.59,100531.8,100533.83,100526.72
1235.465013914,11106,100532.81,97594.65,100513.65,103465.41,100515.75,100538.76,100520.72,100528.78
1235.488768844,11107,100525.89,97599.7,100517.78,103466.5,100503.71,100535.81,100529.81,100518.71
1235.509348798,11108,100531.75,97593.62,100519.72,103465.41,100505.63,100534.75,100537.62,100527.75
1235.52998795,11109,100533.87,97595.67,100515.71,103465.41,100504.76,100532.86,100529.81,100533.81
1235.550589939,11110,100523.76,97595.67,100513.77,103467.59,100518.71,100531.8,100530.87,100527.75
1235.571164997,11111,100523.76,97600.65,100511.71,103466.5,100511.73,100543.82,100529.81,100526.72
1235.591794217,11112,100525.89,97600.65,100519.72,103465.41,100510.69,100535.81,100545.88,100527.75
1235.612388144,11113,100527.76,97595.67,100515.71,103457.41,100512.78,100534.75,100529.81,100530.72
1235.632934348,11114,100531.75,97592.59,100513.65,103469.4,100518.71,100543.82,100526.85,100531.75
1235.656780648,11115,100527.76,97595.67,100505.76,103465.41,100513.65,100530.75,100529.81,100539.75
1235.677312518,11116,100516.85,97592.59,100502.66,103452.69,100514.7,100536.86,100531.93,100519.74
1235.69792077,11117,100532.0,97593.62,100516.75,103465.41,100511.73,100540.87,100533.83,100535.75
1235.718505997,11118,100525.89,97589.59,100514.68,103461.41,100518.71,100530.75,100533.83,100528.78
1235.739125256,11119,100531.75,97602.7,100511.71,103469.77,100511.73,100535.81,100533.83,100527.75
1235.759729278,11120,100523.76,97590.53,100507.7,103460.32,100501.61,100545.93,100532.77,100523.75
1235.780334316,11121,100524.83,97593.62,100510.68,103461.41,100517.66,100515.77,100534.89,100535.75
1235.804068608,11122,100521.9,97590.62,100513.65,103465.41,100516.79,100530.75,100526.85,100527.75
1235.824689778,11123,100532.81,97593.62,100518.69,103461.41,100510.69,100535.81,100525.79,100535.75
1235.845314169,11124,100528.01,97600.65,100512.74,103469.4,100511.73,100544.88,100530.87,100535.75
1235.865872986,11125,100541.85,97601.67,100511.71,103459.22,100503.71,100535.81,100525.79,100535.75
1235.886423079,11126,100516.85,97599.62,100527.74,103463.59,100513.65,100543.82,100527.69,100535.75
1235.907123263,11127,100531.75,97588.56,100515.71,103465.41,100519.76,100537.92,100534.89,100529.81
1235.927671384,11128,100520.84,97598.67,100515.71,103449.42,100505.63,100535.81,100539.96,100531.75
1235.948307747,11129,100524.83,97596.62,100514.68,103473.4,100504.76,100531.8,100521.78,100536.78
1235.97203401,11130,100532.81,97603.73,100515.71,103468.68,100509.64,100535.81,100525.79,100535.75
1235.99259892,11131,100525.89,97593.62,100519.72,103465.41,100507.72,100543.82,100537.84,100529.81
1236.013227976,11132,100533.87,97595.59,100513.65,103468.68,100509.64,100532.86,100522.84,100530.72
1236.033965422,11133,100529.88,97593.62,100517.66,103471.59,100511.73,100537.92,100525.79,100531.75
1236.054469315,11134,100519.77,97603.65,100514.68,103471.22,100503.71,100531.8,100526.85,100537.81
1236.075088767,11135,100532.81,97605.7,100515.71,103474.49,100511.73,100541.93,100534.89,100524.78
1236.09564124,11136,100532.81,97595.67,100515.71,103466.5,100512.78,100536.86,100538.9,100536.78
1236.116227428,11137,100513.92,97599.62,100519.72,103471.59,100510.69,100532.86,100531.71,100527.75
1236.140011114,11138,100530.94,97600.65,100507.7,103461.41,100505.63,100537.92,100536.78,100535.75
1236.160584913,11139,100537.86,97597.65,100512.74,103461.41,100502.66,100537.92,100533.83,100532.78
1236.181204295,11140,100525.89,97605.7,100517.66,103471.59,100511.73,100545.93,100530.87,100535.75
1236.201833233,11141,100521.9,97602.62,100517.66,103472.68,100512.78,100537.92,100528.75,100526.72
1236.222370032,11142,100521.9,97609.73,100515.71,103474.49,100516.79,100537.92,100538.9,100531.75
1236.242970587,11143,100533.87,97602.7,100511.71,103465.41,100516.79,100537.92,100529.81,100531.75
1236.263584252,11144,100526.95,97607.76,100518.69,103469.4,100510.69,100529.91,100540.8,100531.75
1236.284158936,11145,100521.9,97607.67,100516.75,103469.4,100510.69,100533.91,100535.95,100527.75
1236.307945256,11146,100525.89,97603.73,100516.75,103469.4,100503.71,100535.81,100529.81,100528.78
1236.328498259,11147,100527.76,97601.67,100513.77,103474.49,100508.77,100528.85,100533.83,100535.75
1236.349249831,11148,100521.9,97617.79,100510.68,103474.49,100509.82,100545.93,100535.95,100533.81
1236.369750757,11149,100539.73,97603.73,100512.74,103469.4,100521.85,100536.86,100537.84,100535.75
1236.390413975,11150,100533.87,97605.7,100519.72,103473.4,100506.67,100529.91,100529.81,100535.75
1236.410971428,11151,100523.76,97610.76,100515.71,103469.4,100510.69,100544.88,100525.79,100527.75
1236.431524479,11152,100523.76,97604.67,100511.71,103469.4,100512.78,100543.82,100526.85,100527.75
1236.452042899,11153,100516.85,97603.73,100511.71,103472.68,100516.79,100537.92,100534.89,100535.75
1236.475927376,11154,100531.75,97605.7,100511.71,103466.5,100511.73,100545.93,100537.01,100528.78
1236.496469583,11155,100515.78,97601.67,100508.73,103476.67,100505.63,100536.86,100532.77,100534.72
1236.517024805,11156,100525.89,97617.79,100516.75,103468.68,100505.63,100536.86,100521.78,100535.75
1236.537646285,11157,100525.89,97609.73,100523.73,103465.41,100520.81,100549.94,100534.89,100527.75
1236.558234287,11158,100524.83,97609.73,100515.71,103466.5,100513.65,100543.82,100534.89,100527.75
1236.578825948,11159,100532.81,97606.73,100515.71,103465.41,100512.78,100527.8,100525.79,100533.81
1236.599524277,11160,100532.81,97608.7,100511.71,103473.4,100510.69,100540.87,100537.84,100535.75
1236.620167487,11161,100523.76,97612.73,100515.71,103474.49,100517.66,100536.86,100534.89,100527.75
1236.643803724,11162,100529.88,97601.67,100511.71,103469.4,100511.73,100543.82,100527.91,100531.75
1236.664451853,11163,100525.89,97610.76,100506.67,103466.5,100503.71,100537.92,100537.84,100537.81
1236.685253536,11164,100520.84,97611.78,100494.65,103474.49,100517.66,100552.89,100533.83,100531.75
1236.705595431,11165,100533.87,97610.76,100511.71,103465.41,100511.73,100545.93,100538.9,100527.75
1236.726269912,11166,100531.75,97601.67,100502.66,103473.4,100509.64,100541.93,100524.73,100526.72
1236.746865044,11167,100523.76,97601.67,100513.65,103476.3,100509.64,100533.91,100533.83,100537.81
1236.767438629,11168,100523.76,97599.62,100512.74,103474.49,100520.81,100535.81,100530.87,100523.75
1236.788244254,11169,100531.75,97611.78,100516.75,103484.67,100509.64,100536.86,100525.79,100528.78
1236.811783853,11170,100533.87,97611.78,100533.81,103469.77,100509.64,100536.86,100541.86,100527.75
1236.83237551,11171,100521.9,97617.79,100511.71,103473.4,100507.72,100533.91,100528.75,100527.75
1236.852970943,11172,100531.75,97618.81,100510.68,103473.4,100510.69,100535.81,100527.69,100542.72
1236.87360804,11173,100533.87,97603.65,100519.72,103478.49,100507.54,100533.7,100535.95,100528.78
1236.894189555,11174,100516.85,97607.76,100511.71,103481.39,100513.65,100541.93,100533.83,100530.84
1236.914843793,11175,100516.85,97617.79,100519.72,103465.41,100509.64,100528.85,100532.77,100528.78
1236.935411993,11176,100525.89,97615.73,100512.74,103468.68,100510.69,100541.93,100537.84,100545.82
1236.956078048,11177,100534.93,97613.76,100515.71,103470.49,100519.76,100549.94,100532.77,100527.75
1236.979762908,11178,100533.87,97607.76,100515.71,103472.68,100511.73,100533.91,100540.8,100528.78
1237.000435086,11179,100520.84,97609.73,100532.77,103469.4,100513.83,100531.8,100524.73,100535.75
1237.020949974,11180,100520.84,97610.76,100511.71,103469.4,100510.69,100545.93,100517.76,100531.75
1237.041527499,11181,100528.82,97613.76,100511.71,103467.59,100517.66,100535.81,100534.89,100537.81
1237.062125059,11182,100529.88,97619.84,100502.66,103477.4,100513.83,100531.8,100525.79,100537.81
1237.082729402,11183,100524.83,97607.76,100527.74,103473.4,100511.73,100536.86,100531.71,100535.75
1237.103324992,11184,100521.9,97607.67,100511.71,103475.58,100506.67,100535.81,100533.83,100531.75
1237.127096835,11185,100531.75,97614.79,100515.71,103470.49,100501.61,100544.88,100535.72,100537.81
1237.147703333,11186,100519.77,97611.78,100502.66,103473.4,100512.78,100537.92,100531.71,100537.81
1237.168292393,11187,100528.01,97610.76,100509.64,103473.4,100512.6,100546.99,100525.79,100527.75
1237.188851287,11188,100541.85,97609.73,100509.64,103484.67,100515.75,100527.8,100533.83,100529.81
1237.209491795,11189,100531.75,97607.67,100515.71,103474.49,100511.73,100547.83,100527.69,100527.75
1237.230104782,11190,100525.89,97613.76,100514.68,103481.39,100507.72,100521.89,100542.92,100541.82
1237.250664994,11191,100531.75,97607.67,100515.71,103481.39,100518.71,100537.92,100524.73,100536.78
1237.271318664,11192,100527.76,97609.73,100514.68,103481.39,100508.77,100535.81,100533.83,100533.81
1237.295065334,11193,100537.86,97611.78,100517.78,103479.58,100510.69,100537.92,100529.81,100531.75
1237.315678593,11194,100527.76,97598.67,100514.68,103473.4,100503.71,100541.93,100529.81,100531.75
1237.336328494,11195,100529.88,97617.79,100527.74,103485.76,100511.73,100535.81,100525.79,100533.81
1237.356901598,11196,100525.89,97607.67,100519.72,103475.58,100513.83,100544.88,100531.71,100535.75
1237.377481026,11197,100527.76,97605.7,100510.68,103473.4,100509.64,100543.82,100527.69,100537.81
1237.398137268,11198,100532.0,97619.84,100511.71,103485.76,100504.76,100544.88,100533.83,100529.81
1237.418662865,11199,100533.87,97614.79,100519.72,103484.67,100503.71,100536.86,100532.77,100539.75
1237.439298085,11200,100533.87,97611.78,100515.71,103485.76,100509.64,100533.91,100528.75,100527.75
1237.463073027,11201,100525.89,97617.79,100515.71,103481.39,100511.73,100534.75,100532.77,100526.84
1237.483683577,11202,100525.89,97607.76,100510.68,103475.58,100511.73,100535.81,100527.69,100535.75
1237.504232897,11203,100531.75,97619.84,100510.68,103474.49,100517.66,100545.93,100533.83,100531.75
1237.524812866,11204,100521.9,97611.78,100515.71,103469.4,100519.76,100545.93,100531.71,100527.75
1237.545357192,11205,100525.89,97614.79,100519.72,103482.48,100508.59,100543.82,100533.83,100527.75
1237.567583613,11206,100520.84,97619.84,100515.71,103484.67,100509.82,100538.98,100533.83,100535.75
1237.586612787,11207,100529.88,97614.79,100513.77,103475.58,100508.77,100534.75,100529.81,100529.81
1237.607158194,11208,100532.0,97611.78,100502.66,103478.49,100513.83,100543.82,100523.67,100535.75
1237.630909829,11209,100521.9,97623.87,100511.71,103469.4,100520.81,100538.98,100533.83,100526.72
1237.651645577,11210,100529.88,97607.67,100515.71,103480.67,100512.78,100535.81,100529.81,100537.81
1237.672177051,11211,100533.87,97613.76,100504.72,103474.49,100507.72,100525.68,100533.83,100528.78
1237.692753602,11212,100532.81,97621.81,100512.74,103485.39,100512.78,100533.7,100520.72,100536.78
1237.713374145,11213,100521.9,97615.73,100504.72,103465.41,100503.71,100536.86,100525.79,100536.78
1237.733949008,11214,100519.77,97624.9,100510.68,103473.4,100510.69,100537.92,100533.83,100526.72
1237.754562859,11215,100513.92,97615.73,100519.72,103485.39,100507.72,100539.82,100531.71,100527.75
1237.775194133,11216,100531.75,97611.78,100517.78,103475.58,100504.58,100535.81,100529.81,100535.75
1237.798909741,11217,100519.77,97615.81,100513.77,103482.48,100504.76,100539.82,100536.78,100537.81
1237.81957238,11218,100520.84,97621.81,100504.72,103480.67,100511.73,100540.87,100529.81,100535.75
1237.840204315,11219,100524.83,97624.9,100505.76,103478.49,100519.76,100544.88,100533.83,100532.78
1237.860748031,11220,100521.9,97613.76,100508.73,103475.58,100508.77,100542.77,100525.79,100545.82
1237.881424453,11221,100525.89,97614.79,100515.71,103477.4,100510.69,100544.88,100529.81,100535.75
1237.901927613,11222,100521.9,97636.98,100511.71,103477.4,100507.72,100528.85,100532.77,100541.82
1237.922516273,11223,100525.89,97619.84,100513.77,103477.4,100503.71,100541.93,100524.73,100527.75
1237.943261355,11224,100533.87,97619.76,100511.71,103488.67,100504.76,100537.92,100524.73,100528.78
1237.966940899,11225,100520.84,97611.78,100511.71,103482.48,100509.64,100536.86,100526.85,100525.81
1237.987484589,11226,100531.75,97611.7,100525.79,103488.67,100511.73,100543.82,100525.79,100536.78
1238.008087827,11227,100516.85,97607.67,100522.82,103484.67,100504.76,100537.92,100533.83,100532.78
1238.028662838,11228,100530.68,97616.76,100513.77,103477.4,100512.78,100541.93,100525.79,100522.71
1238.049328959,11229,100521.9,97611.78,100508.73,103483.58,100512.78,100531.8,100526.85,100525.81
1238.069803963,11230,100532.81,97625.84,100519.72,103488.67,100501.61,100549.94,100533.83,100535.75
1238.090461805,11231,100527.76,97619.84,100514.68,103477.77,100510.69,100531.8,100525.79,100527.75
1238.111337414,11232,100533.87,97619.84,100516.75,103480.67,100510.69,100532.86,100527.91,100537.81
1238.134852216,11233,100525.89,97615.81,100511.71,103481.39,100503.71,100546.99,100528.75,100541.82
1238.155509421,11234,100525.89,97623.87,100512.74,103483.58,100505.8,100537.92,100529.81,100527.75
1238.176146972,11235,100529.88,97618.81,100527.74,103480.67,100517.66,100531.8,100533.83,100527.75
1238.196826957,11236,100537.86,97625.84,100507.7,103473.4,100512.78,100527.8,100529.81,100522.71
1238.217533934,11237,100522.7,97616.84,100508.73,103484.67,100503.71,100531.8,100531.71,100533.81
1238.238162435,11238,100513.66,97618.81,100511.71,103470.49,100506.67,100528.85,100524.73,100533.81
1238.258880896,11239,100515.78,97613.76,100520.75,103481.39,100511.73,100536.86,100531.93,100538.85
1238.279581636,11240,100521.9,97625.84,100515.71,103474.49,100510.69,100535.81,100527.69,100537.81
1238.30281172,11241,100533.87,97619.84,100520.75,103476.67,100517.66,100533.91,100527.69,100529.81
1238.323406351,11242,100531.75,97644.01,100511.71,103491.57,100512.78,100537.92,100532.77,100528.78
1238.343973457,11243,100527.76,97620.79,100524.76,103479.58,100511.73,100533.91,100533.83,100527.75
1238.364655449,11244,100527.76,97623.87,100511.71,103476.67,100510.69,100537.92,100532.77,100531.75
1238.385271332,11245,100521.9,97617.79,100516.75,103485.76,100519.76,100535.81,100537.84,100531.75
1238.405817781,11246,100521.64,97624.9,100516.75,103485.39,100510.69,100527.8,100531.71,100539.75
1238.426380443,11247,100533.87,97626.87,100512.74,103480.67,100512.78,100531.8,100522.84,100527.75
1238.450110447,11248,100529.88,97617.79,100507.7,103479.58,100501.61,100543.82,100529.58,100537.81
1238.470720647,11249,100533.87,97627.9,100513.77,103482.48,100513.65,100548.89,100529.81,100527.75
1238.49140817,11250,100521.9,97619.84,100516.75,103489.39,100510.69,100534.75,100525.79,100540.78
1238.512127491,11251,100528.82,97623.87,100511.71,103486.48,100518.71,100549.94,100520.72,100519.74
1238.532790714,11252,100521.9,97621.81,100512.74,103484.67,100504.76,100531.8,100539.74,100535.75
1238.553134251,11253,100532.81,97623.87,100515.71,103483.58,100515.75,100545.93,100539.74,100523.75
1238.573743953,11254,100521.9,97635.95,100517.78,103483.58,100512.78,100531.8,100537.84,100535.75
1238.594303915,11255,100521.9,97618.81,100505.76,103477.4,100503.53,100544.88,100531.71,100535.75
1238.618070414,11256,100529.88,97622.84,100512.74,103483.58,100501.61,100545.93,100525.79,100537.81
1238.638665142,11257,100529.88,97624.81,100512.74,103485.39,100505.63,100537.92,100525.79,100529.81
1238.659287767,11258,100531.75,97627.9,100514.8,103482.48,100498.65,100537.92,100532.77,100533.81
1238.679889251,11259,100534.93,97625.84,100511.71,103477.4,100517.66,100536.86,100525.79,100537.81
1238.700491951,11260,100526.95,97623.87,100516.75,103474.49,100503.71,100531.8,100528.75,100529.81
1238.72103581,11261,100520.84,97621.81,100512.74,103488.67,100510.69,100535.81,100533.83,100523.75
1238.741701653,11262,100529.88,97627.9,100521.78,103485.76,100511.73,100537.92,100524.73,100522.71
1238.762342086,11263,100527.76,97627.9,100511.71,103471.22,100510.69,100532.86,100527.69,100531.75
1238.786026329,11264,100513.92,97622.84,100520.75,103466.5,100503.71,100535.81,100528.75,100531.75
1238.8067189,11265,100529.88,97623.87,100512.74,103473.4,100511.73,100531.8,100532.77,100529.81
1238.827377333,11266,100523.76,97622.84,100511.71,103473.4,100507.72,100537.92,100532.77,100528.78
1238.848051361,11267,100520.84,97625.84,100518.81,103473.4,100518.71,100534.97,100525.79,100533.69
1238.868706099,11268,100530.68,97616.76,100509.64,103469.4,100502.66,100536.86,100542.92,100535.75
1238.889394739,11269,100531.75,97636.98,100517.78,103481.39,100510.69,100540.87,100533.83,100537.81
1238.910010949,11270,100529.88,97623.87,100528.77,103473.4,100513.83,100535.81,100536.78,100537.81
1238.930741773,11271,100522.7,97625.84,100516.75,103469.4,100512.78,100535.81,100529.81,100527.75
1238.954033334,11272,100525.89,97644.01,100517.78,103476.67,100512.78,100535.81,100527.91,100532.78
1238.974665427,11273,100529.88,97633.9,100509.64,103465.41,100513.65,100534.97,100526.85,100533.81
1238.995330073,11274,100517.91,97627.9,100515.71,103466.5,100515.75,100538.98,100521.78,100526.72
1239.015990644,11275,100529.88,97627.9,100512.74,103466.5,100516.61,100544.88,100529.81,100532.78
1239.036712433,11276,100525.89,97635.95,100511.71,103467.59,100512.78,100535.81,100527.69,100535.75
1239.057413221,11277,100533.87,97635.95,100512.74,103463.59,100519.76,100546.99,100543.98,100520.78
1239.078079624,11278,100524.83,97622.84,100515.71,103465.41,100509.64,100541.93,100527.69,100529.81
1239.098748124,11279,100521.9,97639.98,100511.71,103467.59,100517.84,100533.91,100536.78,100529.81
1239.122015386,11280,100519.77,97626.87,100504.72,103466.5,100503.71,100541.93,100523.67,100528.78
1239.142592068,11281,100519.77,97626.87,100513.65,103465.41,100513.83,100540.87,100529.81,100537.81
1239.163375938,11282,100529.88,97635.95,100515.71,103472.68,100514.7,100531.8,100533.83,100530.84
1239.183921579,11283,100523.76,97634.92,100516.75,103464.68,100513.83,100536.86,100525.79,100537.81
1239.204433899,11284,100529.88,97631.92,100518.69,103468.68,100507.72,100527.8,100527.69,100527.75
1239.225024918,11285,100525.89,97633.9,100514.68,103464.68,100512.78,100541.93,100532.77,100529.81
1239.245563518,11286,100526.69,97622.84,100520.75,103465.41,100510.69,100529.91,100529.81,100527.75
1239.266124695,11287,100521.9,97634.92,100528.77,103466.5,100513.65,100541.93,100517.76,100528.78
1239.289921005,11288,100529.88,97624.9,100511.71,103445.42,100511.73,100536.86,100531.71,100527.75
1239.310500147,11289,100523.76,97635.95,100512.74,103461.41,100505.63,100533.91,100532.77,100537.81
1239.331105719,11290,100531.75,97634.92,100504.72,103467.59,100513.83,100533.91,100525.79,100535.75
1239.351712103,11291,100521.9,97635.95,100517.78,103459.22,100512.78,100539.82,100515.64,100529.81
1239.372306815,11292,100515.78,97635.87,100513.77,103464.68,100504.76,100527.8,100531.71,100529.81
1239.392956391,11293,100531.75,97619.76,100511.71,103462.5,100515.75,100542.77,100541.86,100534.85
1239.413561258,11294,100516.85,97626.87,100512.74,103468.68,100507.72,100536.86,100523.67,100527.75
1239.434132753,11295,100527.76,97636.9,100511.71,103457.41,100504.76,100537.92,100532.77,100531.75
1239.457926518,11296,100520.84,97632.87,100516.75,103468.68,100505.8,100531.8,100524.73,100537.81
1239.478491443,11297,100515.78,97629.95,100527.74,103468.68,100511.73,100535.81,100523.67,100527.75
1239.499123681,11298,100523.76,97624.81,100513.77,103462.5,100503.71,100541.93,100533.83,100524.78
1239.519696825,11299,100517.91,97638.01,100515.71,103463.59,100511.73,100547.83,100531.71,100538.85
1239.540293303,11300,100527.76,97639.98,100515.71,103473.4,100504.76,100538.98,100534.89,100529.81
1239.560951039,11301,100523.76,97644.01,100513.77,103468.68,100509.64,100537.92,100531.71,100528.78
1239.581435125,11302,100529.88,97625.84,100514.8,103461.78,100503.71,100529.69,100531.71,100535.75
1239.605209161,11303,100529.88,97638.01,100516.75,103461.78,100512.78,100543.82,100527.69,100533.81
1239.625806593,11304,100522.7,97637.92,100511.71,103465.41,100521.85,100545.93,100532.77,100537.81
1239.646441068,11305,100525.89,97641.95,100507.7,103463.22,100507.72,100531.8,100528.75,100532.78
1239.667032314,11306,100532.81,97639.98,100511.71,103459.22,100504.76,100551.0,100529.81,100533.81
1239.687630092,11307,100512.85,97644.01,100517.78,103457.41,100510.69,100536.86,100535.72,100537.81
1239.708260876,11308,100529.88,97641.01,100516.75,103461.41,100503.71,100534.75,100533.83,100529.81
1239.728814262,11309,100527.76,97638.95,100515.71,103461.41,100503.71,100528.85,100529.81,100538.85
1239.749356925,11310,100531.75,97639.9,100511.71,103464.68,100511.73,100536.86,100537.84,100531.75
1239.773158678,11311,100517.91,97642.98,100507.7,103457.41,100511.73,100531.8,100525.79,100525.81
1239.793732142,11312,100531.75,97635.95,100511.71,103466.5,100505.63,100540.87,100532.77,100523.75
1239.814404154,11313,100523.76,97633.9,100514.68,103467.59,100502.66,100536.86,100525.79,100527.75
1239.834988982,11314,100525.89,97627.9,100515.71,103469.77,100513.65,100543.82,100533.83,100533.81
1239.85561007,11315,100519.77,97635.95,100519.72,103466.5,100520.81,100532.86,100530.87,100527.75
1239.876157916,11316,100523.76,97644.01,100512.74,103466.5,100511.73,100531.8,100523.67,100541.82
1239.896814847,11317,100525.89,97623.87,100512.74,103469.4,100507.72,100543.82,100533.83,100521.81
1239.917359002,11318,100523.76,97644.01,100511.71,103468.68,100511.73,100531.8,100537.84,100531.75
1239.941148906,11319,100517.91,97645.04,100511.71,103465.41,100506.67,100536.86,100525.79,100531.75
1239.961729537,11320,100533.87,97644.01,100511.71,103468.68,100509.82,100536.86,100535.72,100527.75
1239.982344786,11321,100521.9,97639.98,100515.71,103460.69,100521.85,100529.91,100532.77,100536.78
1240.003224892,11322,100533.87,97648.04,100511.71,103465.41,100512.78,100539.82,100525.79,100527.75
1240.02364106,11323,100533.87,97635.95,100521.78,103465.77,100509.82,100542.77,100523.67,100527.75
1240.044186966,11324,100517.91,97644.01,100513.77,103461.41,100504.76,100531.8,100521.78,100526.72
1240.064800103,11325,100514.72,97639.98,100511.71,103467.59,100511.73,100528.85,100528.75,100527.75
1240.085371119,11326,100521.9,97634.92,100516.75,103466.5,100505.63,100530.96,100523.67,100537.81
1240.109062307,11327,100525.63,97638.95,100521.78,103468.68,100507.72,100549.94,100538.9,100528.78
1240.12968806,11328,100522.7,97639.98,100512.74,103468.68,100511.73,100536.86,100541.86,100529.81
1240.150338908,11329,100527.76,97635.95,100514.68,103463.59,100512.78,100531.8,100532.77,100527.75
1240.170868125,11330,100517.91,97635.95,100513.77,103459.59,100512.78,100536.86,100528.75,100519.74
1240.191804454,11331,100533.87,97639.98,100511.71,103461.41,100511.73,100537.92,100528.75,100529.81
1240.212411844,11332,100521.9,97641.01,100521.78,103468.68,100517.66,100533.91,100537.84,100527.75
1240.2330618,11333,100529.88,97639.98,100521.78,103476.67,100511.73,100545.93,100524.73,100537.81
1240.253709798,11334,100528.82,97651.04,100503.69,103465.41,100501.79,100540.03,100529.81,100527.75
1240.27706608,11335,100524.83,97637.92,100513.77,103473.77,100507.72,100540.87,100533.83,100529.81
1240.297751524,11336,100523.76,97650.01,100528.77,103469.4,100511.73,100538.98,100533.83,100528.78
1240.3183313,11337,100519.77,97635.95,100513.77,103461.41,100511.73,100535.81,100541.86,100537.81
1240.339045711,11338,100522.7,97657.12,100513.77,103469.4,100513.83,100540.87,100525.79,100527.75
1240.359705718,11339,100523.76,97639.98,100519.72,103472.68,100503.71,100543.82,100529.58,100533.81
1240.380372895,11340,100532.81,97644.01,100506.79,103469.4,100510.69,100540.87,100533.83,100531.75
1240.401026037,11341,100533.87,97652.06,100499.69,103463.22,100515.75,100535.81,100525.79,100531.75
1240.42170137,11342,100528.82,97635.95,100512.74,103465.41,100511.73,100543.82,100529.81,100528.78
1240.445000699,11343,100521.9,97650.01,100521.78,103466.5,100506.67,100532.86,100528.75,100528.78
1240.465682613,11344,100529.88,97644.01,100507.7,103465.41,100520.81,100537.92,100530.87,100537.81
1240.486395267,11345,100527.76,97639.98,100517.78,103471.59,100509.64,100529.91,100525.79,100526.72
1240.506890386,11346,100507.8,97642.98,100517.78,103466.5,100507.72,100528.85,100529.81,100530.72
1240.527460728,11347,100523.76,97642.98,100511.71,103464.31,100505.63,100529.91,100524.73,100524.78
1240.548032813,11348,100513.92,97638.95,100508.73,103466.5,100513.65,100536.86,100523.67,100524.78
1240.568639657,11349,100528.01,97638.01,100502.66,103457.41,100519.76,100529.91,100536.78,100535.75
1240.589208741,11350,100529.88,97648.04,100514.68,103465.41,100503.71,100529.91,100529.81,100527.75
1240.612968086,11351,100525.89,97645.04,100512.74,103472.68,100505.63,100535.81,100531.71,100527.75
1240.633539413,11352,100529.88,97648.04,100512.74,103480.67,100505.63,100524.84,100529.81,100528.78
1240.654146117,11353,100519.77,97653.09,100523.73,103465.41,100512.78,100532.86,100527.69,100520.78
1240.674821606,11354,100535.99,97657.12,100513.77,103468.68,100510.69,100528.85,100528.75,100534.72
1240.695422059,11355,100515.78,97644.01,100501.75,103468.68,100511.73,100537.92,100525.79,100536.78
1240.715889888,11356,100529.88,97652.06,100520.75,103470.49,100510.69,100527.8,100523.67,100538.85
1240.736581935,11357,100530.68,97648.04,100511.71,103468.68,100510.69,100537.92,100525.79,100519.74
1240.757140289,11358,100529.88,97641.01,100518.69,103458.5,100523.77,100537.92,100525.79,100525.68
1240.780888129,11359,100513.92,97661.15,100507.7,103465.41,100511.73,100532.86,100529.81,100536.78
1240.801530599,11360,100525.89,97642.98,100511.71,103470.49,100514.7,100537.92,100532.77,100531.75
1240.822141396,11361,100527.76,97635.95,100517.78,103471.59,100511.73,100537.92,100535.72,100531.75
1240.842723439,11362,100531.75,97648.04,100511.71,103458.5,100513.83,100528.85,100529.81,100528.78
1240.863272622,11363,100525.89,97656.09,100502.66,103466.5,100503.71,100528.85,100516.7,100537.81
1240.883944243,11364,100529.88,97652.06,100513.77,103468.68,100501.61,100525.9,100531.71,100531.75
1240.904566976,11365,100529.88,97638.95,100511.71,103467.22,100509.82,100536.86,100541.86,100535.88
1240.928295366,11366,100521.9,97647.01,100505.76,103464.31,100497.6,100537.92,100525.79,100529.81
1240.948890985,11367,100507.8,97652.06,100515.71,103473.4,100510.69,100535.81,100532.77,100518.71
1240.969556519,11368,100515.78,97652.06,100503.69,103469.4,100511.73,100529.91,100524.73,100531.75
1240.990237239,11369,100527.76,97642.98,100512.74,103477.77,100501.61,100538.98,100533.83,100534.85
1241.010959615,11370,100524.83,97654.04,100519.72,103473.4,100507.72,100536.86,100521.78,100537.81
1241.03156798,11371,100532.81,97645.98,100517.78,103473.4,100508.77,100537.71,100524.73,100533.81
1241.052239647,11372,100529.88,97642.98,100513.77,103466.5,100511.73,100545.93,100533.83,100539.75
1241.072871439,11373,100515.78,97644.01,100504.72,103473.4,100510.69,100529.91,100529.81,100535.75
1241.096185177,11374,100519.77,97661.15,100513.77,103469.4,100510.69,100546.99,100525.79,100535.75
1241.116855076,11375,100521.9,97644.01,100511.71,103471.59,100513.83,100534.75,100525.79,100520.78
1241.137567744,11376,100533.87,97652.06,100512.74,103469.4,100512.78,100535.81,100527.91,100528.78
1241.158280667,11377,100527.76,97651.04,100517.78,103474.49,100507.72,100527.8,100533.83,100532.78
1241.17883984,11378,100527.76,97641.95,100499.69,103468.68,100513.65,100533.91,100523.67,100532.78
1241.199594041,11379,100519.77,97645.98,100511.71,103478.49,100508.77,100535.81,100532.77,100527.75
1241.220182291,11380,100523.76,97652.06,100513.77,103474.49,100508.77,100528.85,100525.79,100536.78
1241.240959403,11381,100515.78,97652.06,100513.77,103473.4,100503.71,100544.88,100525.57,100524.78
1241.264133459,11382,100513.92,97652.06,100512.74,103470.49,100510.69,100531.8,100522.61,100533.81
1241.284778447,11383,100525.89,97654.12,100513.77,103482.48,100508.77,100537.92,100529.81,100527.75
1241.30552331,11384,100525.89,97650.01,100515.71,103474.49,100511.73,100541.93,100520.72,100528.78
1241.326188099,11385,100527.76,97654.04,100517.78,103473.4,100507.72,100537.92,100529.81,100539.75
1241.346834118,11386,100517.91,97657.12,100517.78,103469.4,100504.76,100531.8,100521.78,100527.75
1241.3674809,11387,100534.93,97660.12,100513.77,103481.39,100506.67,100534.13,100534.89,100533.81
1241.388166645,11388,100527.76,97645.98,100510.68,103473.4,100510.69,100537.92,100532.77,100529.81
1241.408419249,11389,100522.96,97653.09,100512.74,103474.49,100515.75,100535.81,100532.77,100529.81
1241.432074037,11390,100532.81,97641.95,100512.74,103481.39,100507.72,100527.8,100528.75,100529.81
1241.452692373,11391,100517.91,97650.01,100513.77,103473.4,100504.58,100531.8,100525.79,100528.78
1241.473267062,11392,100523.76,97648.04,100512.74,103479.21,100514.7,100530.96,100517.76,100528.78
1241.49394497,11393,100527.76,97644.01,100504.72,103481.39,100502.66,100537.92,100526.85,100528.78
1241.514507876,11394,100521.9,97652.06,100512.74,103463.22,100511.73,100535.81,100520.72,100528.78
1241.535118307,11395,100527.76,97651.04,100511.71,103483.58,100514.7,100536.86,100527.69,100531.75
1241.555753279,11396,100527.76,97648.98,100512.74,103481.39,100513.83,100540.87,100524.73,100524.78
1241.576342384,11397,100527.76,97648.04,100507.7,103480.67,100499.7,100534.75,100533.83,100541.82
1241.600034767,11398,100512.85,97650.01,100505.64,103484.3,100516.79,100533.91,100528.75,100529.81
1241.620634446,11399,100529.88,97633.9,100505.76,103479.21,100511.73,100532.86,100524.73,100536.78
1241.641276494,11400,100533.87,97652.06,100515.71,103477.4,100496.73,100542.98,100528.75,100538.85
1241.661923758,11401,100524.83,97652.06,100517.78,103471.22,100506.67,100530.96,100529.81,100528.78
1241.682490368,11402,100529.88,97645.04,100517.78,103473.4,100510.69,100536.86,100539.74,100532.78
1241.703009849,11403,100528.82,97647.01,100511.71,103481.39,100510.69,100537.92,100524.73,100527.75
1241.723644695,11404,100523.76,97655.06,100512.74,103470.49,100506.67,100533.91,100525.79,100523.75
1241.744280722,11405,100528.82,97652.06,100516.75,103482.48,100503.71,100527.8,100531.71,100527.75
1241.768136016,11406,100525.89,97644.95,100516.75,103469.4,100507.72,100535.81,100533.83,100527.75
1241.788676323,11407,100529.88,97652.06,100512.74,103480.3,100502.66,100527.8,100525.79,100533.81
1241.80920417,11408,100519.77,97652.06,100513.77,103469.4,100502.66,100533.91,100527.69,100527.75
1241.829811503,11409,100529.07,97648.04,100532.77,103474.49,100511.73,100532.86,100533.83,100531.75
1241.850459931,11410,100530.94,97659.09,100503.69,103472.68,100514.7,100544.88,100524.73,100536.78
1241.870971267,11411,100523.76,97660.12,100516.75,103473.4,100504.76,100528.85,100523.67,100532.78
1241.891601226,11412,100525.89,97661.15,100511.71,103476.67,100494.64,100529.91,100529.81,100535.75
1241.912201492,11413,100525.89,97652.06,100511.71,103479.21,100511.73,100534.75,100528.75,100529.81
1241.93596538,11414,100523.76,97652.06,100509.76,103481.39,100511.73,100527.8,100531.71,100527.75
1241.956597167,11415,100533.87,97652.06,100520.75,103481.39,100501.61,100531.8,100528.75,100527.75
1241.977252232,11416,100522.96,97648.04,100512.74,103479.21,100503.71,100543.82,100522.61,100527.75
1241.997744279,11417,100533.87,97652.06,100513.77,103481.39,100503.71,100536.86,100524.73,100523.75
1242.01842164,11418,100535.99,97654.04,100515.71,103481.39,100521.85,100537.92,100532.77,100520.78
1242.039011127,11419,100528.01,97660.12,100513.77,103471.22,100502.66,100526.95,100532.77,100543.75
1242.059592717,11420,100526.95,97660.12,100513.77,103469.4,100505.63,100533.91,100532.77,100519.74
1242.080244512,11421,100521.9,97656.01,100516.75,103480.3,100510.69,100535.81,100525.79,100527.75
1242.103963958,11422,100518.71,97657.04,100503.69,103480.3,100511.73,100533.7,100523.67,100527.75
1242.124517207,11423,100525.89,97648.04,100513.77,103479.21,100516.79,100536.86,100528.75,100535.75
1242.14512578,11424,100529.88,97654.04,100520.75,103489.39,100501.61,100535.81,100533.83,100528.78
1242.165821462,11425,100536.8,97664.15,100513.77,103472.31,100502.66,100537.92,100531.71,100532.78
1242.186272571,11426,100526.95,97654.04,100519.72,103481.39,100511.73,100540.87,100533.83,100519.74
1242.206975222,11427,100525.89,97656.09,100510.68,103481.39,100503.71,100544.88,100528.75,100533.81
1242.227591019,11428,100525.89,97660.12,100500.72,103479.21,100511.73,100536.86,100525.79,100529.81
1242.251298649,11429,100528.82,97656.09,100513.77,103482.48,100512.78,100533.91,100538.9,100525.68
1242.271908121,11430,100522.96,97668.18,100521.78,103489.39,100513.65,100537.92,100533.83,100537.81
1242.29251819,11431,100525.89,97660.12,100516.75,103474.49,100510.69,100533.91,100525.79,100537.81
1242.313107925,11432,100524.02,97660.12,100518.69,103477.4,100504.76,100539.82,100533.83,100525.81
1242.333724538,11433,100529.88,97656.09,100512.74,103473.4,100523.77,100527.8,100528.75,100530.84
1242.354285477,11434,100524.83,97651.04,100512.74,103481.39,100513.83,100529.91,100531.71,100529.81
1242.374845856,11435,100521.9,97666.12,100513.77,103477.4,100505.63,100533.91,100532.77,100522.71
1242.395535081,11436,100531.75,97668.18,100517.78,103489.39,100511.73,100532.86,100526.85,100528.78
1242.419267839,11437,100525.89,97658.06,100513.77,103481.39,100504.76,100529.91,100533.83,100527.75
1242.439834898,11438,100529.88,97661.15,100512.74,103473.4,100511.73,100528.85,100529.81,100529.81
1242.460443221,11439,100539.73,97661.06,100511.71,103485.39,100495.68,100529.91,100528.75,100529.81
1242.481047958,11440,100533.87,97669.21,100511.71,103485.39,100514.7,100542.98,100525.79,100531.75
1242.501640008,11441,100531.75,97661.15,100516.75,103485.39,100513.83,100546.99,100529.81,100519.74
1242.52225574,11442,100527.76,97666.12,100511.71,103474.49,100508.77,100537.92,100527.69,100532.78
1242.54283898,11443,100529.88,97644.01,100498.66,103483.21,100509.64,100543.82,100533.83,100533.81
1242.563482197,11444,100525.89,97666.21,100516.75,103482.48,100504.76,100532.86,100517.53,100536.78
1242.587218579,11445,100533.87,97660.12,100512.74,103482.48,100502.66,100534.97,100524.73,100528.78
1242.607822893,11446,100517.91,97649.06,100516.75,103488.29,100502.66,100531.8,100523.67,100537.81
1242.628392673,11447,100532.81,97669.21,100518.69,103490.48,100505.8,100537.92,100527.69,100528.78
1242.648987646,11448,100520.84,97668.18,100513.77,103481.39,100502.66,100535.81,100515.64,100527.75
1242.669588567,11449,100520.84,97664.15,100519.72,103483.58,100501.61,100533.91,100533.83,100531.75
1242.69023635,11450,100525.89,97660.12,100512.74,103481.39,100508.77,100546.99,100521.78,100528.78
1242.710848963,11451,100528.82,97659.09,100517.78,103485.39,100512.78,100533.91,100527.69,100531.75
1242.73137099,11452,100533.87,97660.12,100525.79,103481.39,100504.58,100533.91,100532.77,100532.78
1242.75515231,11453,100533.87,97664.15,100519.72,103489.39,100511.73,100540.87,100532.77,100531.75
1242.775730314,11454,100533.87,97661.15,100503.69,103488.29,100503.71,100535.81,100527.69,100529.81
1242.796397582,11455,100521.9,97664.15,100511.71,103481.39,100504.76,100527.8,100537.84,100527.75
1242.816937209,11456,100521.9,97660.12,100519.72,103482.48,100504.76,100542.14,100521.78,100529.81
1242.837636632,11457,100525.89,97672.21,100511.71,103485.39,100502.66,100533.91,100527.91,100528.78
1242.858133672,11458,100521.9,97660.12,100512.74,103482.48,100510.69,100536.86,100529.81,100532.78
1242.878773045,11459,100515.78,97664.15,100513.77,103473.4,100504.76,100527.8,100528.75,100526.72
1242.899379581,11460,100533.87,97659.09,100513.77,103498.47,100513.83,100535.81,100532.77,100527.75
1242.923106318,11461,100531.75,97660.12,100513.77,103484.3,100503.71,100540.03,100525.79,100523.75
1242.943705174,11462,100531.75,97664.15,100512.74,103484.3,100504.76,100535.81,100524.73,100536.78
1242.96426357,11463,100521.9,97665.18,100515.71,103497.38,100508.77,100535.81,100525.79,100527.75
1242.984888735,11464,100533.87,97668.18,100508.73,103481.39,100501.61,100529.91,100525.79,100543.75
1243.005436599,11465,100522.96,97664.06,100517.78,103489.39,100511.73,100538.98,100521.78,100533.81
1243.026111473,11466,100517.91,97668.18,100510.68,103483.58,100503.71,100537.92,100526.63,100526.72
1243.046659252,11467,100521.9,97656.09,100506.67,103481.39,100510.69,100524.84,100524.73,100529.81
1243.0673366,11468,100531.75,97669.21,100514.68,103481.39,100512.78,100543.82,100533.83,100526.72
1243.091044418,11469,100525.89,97659.09,100517.78,103481.39,100507.72,100535.81,100529.81,100521.81
1243.111648513,11470,100529.88,97660.12,100517.78,103491.57,100511.73,100545.93,100525.79,100535.75
1243.132252135,11471,100529.88,97656.09,100521.78,103498.47,100517.66,100541.93,100524.73,100533.81
1243.152872034,11472,100515.78,97659.09,100516.75,103493.38,100502.66,100536.86,100521.78,100530.84
1243.173487969,11473,100529.88,97665.09,100511.71,103495.2,100512.78,100540.87,100530.64,100537.81
1243.194088918,11474,100533.87,97660.12,100516.75,103481.39,100507.72,100544.04,100525.79,100529.81
1243.21467898,11475,100525.89,97668.18,100504.72,103481.39,100502.66,100543.82,100527.69,100526.72
1243.235237926,11476,100531.75,97664.15,100513.77,103481.39,100507.72,100541.93,100525.79,100531.75
1243.259045628,11477,100517.91,97669.21,100520.75,103489.39,100511.73,100537.92,100532.77,100521.81
1243.279569112,11478,100530.94,97668.18,100515.71,103481.39,100503.71,100535.81,100528.75,100529.81
1243.300255335,11479,100525.89,97657.04,100511.71,103485.39,100511.73,100527.8,100541.86,100528.78
1243.320770784,11480,100527.76,97666.12,100521.78,103481.39,100503.71,100536.86,100541.86,100523.75
1243.341418804,11481,100532.81,97668.18,100503.69,103493.75,100504.58,100531.8,100531.71,100530.72
1243.361957035,11482,100514.72,97668.18,100515.71,103487.2,100508.77,100537.92,100523.67,100535.88
1243.382487906,11483,100525.89,97661.06,100511.71,103497.38,100511.73,100532.86,100527.69,100527.75
1243.403122728,11484,100532.0,97663.12,100521.78,103484.3,100509.64,100533.91,100519.65,100531.88
1243.426918151,11485,100529.88,97667.15,100503.69,103489.39,100509.82,100527.8,100525.79,100539.88
1243.447673932,11486,100525.89,97672.21,100507.7,103482.48,100512.78,100531.8,100520.72,100531.75
1243.468145461,11487,100521.9,97660.12,100517.78,103485.39,100500.74,100541.93,100516.7,100521.81
1243.488736094,11488,100531.75,97674.18,100519.72,103485.39,100509.64,100547.83,100531.71,100529.81
1243.509410776,11489,100521.9,97658.06,100515.71,103490.48,100509.64,100541.93,100532.77,100525.81
1243.529982978,11490,100519.77,97666.12,100512.74,103488.67,100504.76,100537.92,100524.73,100527.75
1243.550629585,11491,100519.77,97655.06,100511.71,103483.21,100509.64,100533.91,100521.55,100536.78
1243.574276107,11492,100519.77,97670.23,100503.69,103481.39,100508.77,100545.93,100531.71,100527.75
1243.594871736,11493,100529.88,97667.15,100509.76,103481.39,100501.61,100537.92,100525.57,100527.75
1243.615503809,11494,100521.9,97668.18,100511.71,103496.29,100501.61,100537.92,100527.69,100529.81
1243.636071091,11495,100531.75,97685.32,100513.77,103500.66,100504.76,100538.98,100523.67,100521.81
1243.656733782,11496,100527.76,97663.12,100518.69,103498.47,100495.68,100536.86,100528.75,100529.81
1243.677311932,11497,100529.88,97664.15,100519.72,103489.39,100512.78,100540.87,100531.71,100531.75
1243.697901684,11498,100521.9,97650.01,100517.66,103497.38,100503.71,100544.88,100532.77,100521.81
1243.71858884,11499,100517.91,97673.15,100512.74,103489.39,100503.71,100536.02,100535.72,100527.75
1243.742309914,11500,100515.78,97666.12,100503.69,103497.38,100521.85,100545.93,100525.79,100527.75
1243.762883268,11501,100523.76,97668.18,100520.75,103492.66,100509.64,100542.98,100524.73,100528.78
1243.783451883,11502,100519.77,97664.06,100515.71,103503.56,100509.64,100548.05,100525.57,100532.78
1243.804108175,11503,100529.88,97666.12,100515.71,103481.39,100496.73,100537.92,100522.61,100528.78
1243.824671221,11504,100517.91,97668.18,100528.77,103497.38,100503.71,100529.91,100531.71,100533.81
1243.845282736,11505,100509.93,97659.09,100512.74,103489.39,100504.76,100536.86,100539.74,100533.81
1243.865859375,11506,100531.75,97672.21,100511.71,103481.39,100512.78,100536.86,100523.67,100524.78
1243.886467384,11507,100522.7,97668.18,100516.75,103489.39,100511.73,100535.81,100520.72,100531.75
1243.910287877,11508,100523.76,97671.18,100515.71,103497.38,100503.71,100528.85,100533.83,100528.78
1243.930878283,11509,100523.76,97672.21,100517.78,103485.39,100507.72,100531.8,100528.75,100531.88
1243.951519418,11510,100531.75,97666.12,100513.77,103495.57,100503.71,100534.97,100523.67,100527.75
1243.972103862,11511,100523.76,97665.18,100515.71,103497.38,100511.73,100528.85,100528.75,100527.75
1243.992753658,11512,100515.78,97676.23,100512.74,103499.56,100509.64,100545.93,100531.71,100527.75
1244.013206642,11513,100529.88,97664.15,100515.71,103494.48,100503.71,100537.92,100523.67,100529.81
1244.033898611,11514,100529.88,97664.15,100511.71,103489.39,100501.61,100536.86,100532.77,100527.75
1244.054472177,11515,100529.88,97676.23,100512.74,103497.38,100503.71,100537.92,100527.69,100523.75
1244.078202363,11516,100519.77,97668.18,100527.74,103497.38,100510.69,100532.86,100539.74,100526.72
1244.098801774,11517,100521.9,97668.18,100514.68,103501.75,100511.73,100536.86,100529.81,100533.81
1244.119413209,11518,100523.76,97667.15,100516.75,103480.3,100494.64,100531.8,100524.73,100527.75
1244.140135691,11519,100529.88,97676.23,100516.75,103497.38,100504.76,100536.86,100516.7,100529.68
1244.160590089,11520,100507.8,97668.18,100513.77,103487.2,100502.66,100532.86,100524.73,100530.72
1244.181337232,11521,100529.88,97672.21,100519.72,103486.48,100506.67,100531.8,100524.73,100519.74
1244.201908201,11522,100525.89,97676.23,100528.77,103498.47,100504.76,100527.8,100525.79,100533.81
1244.222375844,11523,100532.81,97665.18,100516.75,103498.47,100502.66,100531.8,100535.72,100527.75
1244.246146199,11524,100529.88,97668.18,100515.71,103501.38,100508.77,100529.91,100528.75,100527.75
1244.266710308,11525,100525.89,97670.15,100513.77,103487.57,100493.59,100537.92,100525.79,100527.75
1244.287346349,11526,100529.88,97675.2,100512.74,103493.38,100501.61,100540.03,100522.84,100535.75
1244.30791462,11527,100512.85,97672.21,100517.78,103491.57,100502.66,100538.98,100525.79,100527.75
1244.328566684,11528,100524.83,97676.23,100517.78,103497.38,100505.63,100545.93,100533.83,100527.75
1244.349196622,11529,100520.84,97679.23,100510.68,103504.28,100502.66,100533.91,100529.81,100532.78
1244.369676801,11530,100532.81,97682.32,100516.75,103497.38,100499.7,100534.97,100541.86,100523.75
1244.390340242,11531,100533.87,97676.15,100519.72,103500.66,100504.76,100541.93,100532.77,100528.78
1244.414081828,11532,100534.93,97666.12,100517.78,103501.38,100508.77,100543.82,100533.83,100539.75
1244.434669424,11533,100532.81,97668.18,100511.71,103499.56,100506.67,100532.86,100524.73,100537.81
1244.455286763,11534,100533.87,97680.26,100516.75,103489.39,100497.6,100537.92,100530.64,100529.81
1244.475855201,11535,100529.88,97665.18,100516.75,103495.2,100502.66,100549.94,100527.69,100527.75
1244.496511664,11536,100533.87,97676.23,100515.71,103483.21,100504.76,100543.82,100531.71,100527.75
1244.517127211,11537,100521.9,97668.18,100509.64,103489.39,100506.67,100529.91,100531.71,100527.75
1244.537734875,11538,100524.02,97683.26,100513.77,103497.38,100511.73,100530.96,100519.65,100524.78
1244.558359393,11539,100525.89,97685.32,100509.76,103497.38,100502.66,100540.87,100528.75,100525.81
1244.58209856,11540,100529.88,97671.18,100508.73,103497.38,100511.73,100537.92,100529.81,100529.81
1244.602642109,11541,100529.88,97682.32,100512.74,103496.66,100507.72,100531.8,100536.78,100524.78
1244.62322637,11542,100529.88,97666.12,100521.78,103497.38,100507.72,100538.98,100535.72,100529.81
1244.643802711,11543,100524.83,97684.29,100517.78,103510.46,100507.72,100545.93,100536.78,100528.78
1244.664455103,11544,100533.87,97677.26,100513.77,103503.56,100501.61,100537.92,100525.79,100536.78
1244.685028749,11545,100525.89,97674.18,100517.78,103486.48,100510.69,100531.8,100524.73,100534.85
1244.705727519,11546,100529.88,97673.23,100513.77,103498.47,100519.76,100527.8,100541.86,100541.82
1244.72942993,11547,100527.76,97684.29,100514.68,103499.56,100508.77,100532.86,100524.73,100531.75
1244.749979123,11548,100532.81,97684.29,100521.78,103505.75,100513.65,100535.81,100529.81,100527.75
1244.770614799,11549,100514.72,97676.23,100505.64,103496.29,100510.69,100537.92,100524.73,100519.74
1244.791224322,11550,100522.96,97673.23,100520.75,103485.39,100501.61,100537.92,100524.73,100527.75
1244.81174206,11551,100531.75,97672.21,100512.74,103490.48,100504.76,100536.86,100525.79,100523.75
1244.832422368,11552,100531.75,97680.26,100508.73,103489.39,100503.71,100532.86,100524.73,100529.81
1244.852910921,11553,100525.89,97666.12,100509.64,103497.38,100503.71,100536.86,100528.75,100536.78
1244.873548037,11554,100523.76,97671.18,100512.74,103504.28,100494.64,100536.86,100526.85,100531.75
1244.897353563,11555,100519.77,97675.2,100504.72,103500.66,100501.61,100531.8,100524.73,100536.78
1244.918019455,11556,100529.88,97677.26,100512.74,103485.39,100509.64,100530.96,100526.85,100529.81
1244.93859574,11557,100521.9,97680.18,100515.71,103521.36,100501.61,100529.91,100525.79,100537.81
1244.95919926,11558,100529.88,97683.26,100507.7,103515.55,100506.67,100535.81,100531.71,100535.75
1244.979751259,11559,100525.89,97673.15,100516.75,103496.66,100509.64,100537.92,100531.71,100529.81
1245.000564128,11560,100522.96,97676.23,100511.71,103506.47,100496.55,100537.92,100525.79,100528.78
1245.020921209,11561,100521.9,97694.4,100507.7,103501.38,100505.63,100528.85,100532.77,100527.75
1245.04160635,11562,100525.89,97680.26,100515.71,103498.47,100519.76,100535.81,100524.73,100529.81
1245.06529484,11563,100532.81,97674.18,100515.71,103505.37,100503.71,100545.93,100532.77,100523.75
1245.08584794,11564,100521.9,97679.23,100510.68,103496.29,100507.54,100527.8,100524.73,100529.81
1245.106462225,11565,100519.77,97684.29,100507.7,103505.37,100501.61,100535.81,100531.71,100534.85
1245.127098278,11566,100526.69,97676.23,100509.76,103507.19,100504.58,100536.86,100521.55,100536.78
1245.147662896,11567,100533.87,97684.29,100533.81,103513.37,100512.78,100537.92,100517.76,100528.78
1245.168335736,11568,100523.76,97680.26,100511.71,103497.38,100511.73,100536.86,100523.67,100528.78
1245.188900761,11569,100521.9,97684.29,100510.68,103523.17,100506.67,100535.81,100528.75,100535.75
1245.209542844,11570,100531.75,97671.18,100512.74,103495.2,100510.69,100526.74,100532.77,100529.81
1245.233305443,11571,100520.84,97716.51,100514.68,103500.66,100502.66,100531.8,100527.69,100527.75
1245.25389839,11572,100528.01,97744.71,100515.71,103497.38,100509.64,100539.82,100523.67,100523.75
1245.274476932,11573,100533.87,97668.18,100524.76,103497.38,100501.61,100531.8,100528.75,100536.78
1245.295116656,11574,100531.75,97677.18,100505.64,103506.47,100510.69,100535.81,100531.71,100519.74
1245.315704812,11575,100527.76,97686.35,100511.71,103521.36,100502.66,100532.86,100525.79,100531.75
1245.336308511,11576,100525.89,97685.32,100519.72,103507.19,100508.59,100534.75,100532.77,100533.81
1245.356831554,11577,100521.9,97686.35,100511.71,103494.48,100502.66,100537.92,100533.83,100529.81
1245.377459679,11578,100523.76,97672.21,100511.71,103509.37,100503.71,100535.81,100524.73,100527.75
1245.40123585,11579,100526.95,97684.29,100511.71,103505.37,100511.73,100533.91,100532.77,100527.75
1245.421869752,11580,100531.75,97686.26,100523.73,103505.37,100501.61,100540.87,100541.86,100527.75
1245.442454378,11581,100523.76,97690.29,100511.71,103505.37,100511.73,100537.92,100531.71,100527.75
1245.463041006,11582,100541.85,97713.51,100520.75,103521.36,100505.8,100545.93,100530.87,100533.81
1245.483614233,11583,100530.68,97795.02,100513.77,103537.35,100510.69,100534.75,100523.67,100531.75
1245.50418433,11584,100517.91,97762.79,100513.77,103537.35,100508.77,100534.97,100523.67,100536.78
1245.524870476,11585,100533.87,97817.22,100518.81,103545.34,100501.61,100525.9,100528.75,100520.78
1245.545457848,11586,100533.87,97771.88,100515.71,103551.15,100506.67,100531.8,100527.69,100535.75
1245.569236367,11587,100533.87,97813.19,100511.71,103523.89,100505.8,100537.92,100519.65,100523.75
1245.589813207,11588,100523.76,97790.05,100517.78,103537.35,100495.68,100533.91,100531.71,100535.75
1245.610442342,11589,100529.88,97807.1,100511.71,103545.34,100502.66,100523.79,100533.83,100535.75
1245.631033162,11590,100529.88,97768.88,100519.72,103533.35,100506.67,100533.91,100525.79,100519.74
1245.651644376,11591,100525.89,97774.88,100513.77,103544.25,100505.63,100537.92,100537.84,100531.75
1245.672234287,11592,100519.77,97772.91,100520.75,103528.64,100511.73,100536.86,100525.79,100536.78
1245.692830943,11593,100517.91,97771.88,100511.71,103529.36,100499.52,100527.8,100527.69,100527.75
1245.713315957,11594,100511.79,97837.36,100511.71,103553.34,100507.72,100546.99,100525.79,100531.75
1245.737086545,11595,100528.82,97982.38,100515.71,103625.28,100499.7,100535.81,100543.76,100528.78
1245.757830453,11596,100533.87,98047.86,100516.75,103621.29,100501.61,100545.93,100524.73,100529.81
1245.778520513,11597,100519.77,98006.55,100514.68,103633.28,100504.76,100537.92,100525.79,100519.74
1245.799171095,11598,100519.77,98036.71,100504.72,103625.28,100508.77,100537.92,100524.73,100527.75
1245.819846034,11599,100520.84,98008.61,100513.77,103622.38,100497.6,100537.92,100537.84,100532.78
1245.840542506,11600,100525.89,97998.49,100510.68,103617.29,100503.71,100544.88,100520.72,100518.71
1245.860748084,11601,100536.8,97998.49,100515.71,103610.39,100500.57,100536.86,100533.83,100524.78
1245.8813906,11602,100516.85,97998.49,100506.79,103625.28,100501.61,100531.8,100524.73,100523.75
1245.905096256,11603,100541.85,97990.43,100510.68,103616.2,100511.73,100537.92,100533.83,100523.75
1245.925752348,11604,100528.82,97990.43,100511.71,103626.38,100507.72,100535.81,100525.79,100519.74
1245.946283959,11605,100527.76,98006.55,100512.74,103623.1,100506.67,100533.91,100527.69,100537.81
1245.966871371,11606,100528.82,98011.6,100520.75,103618.38,100499.7,100541.93,100528.75,100523.75
1245.987497771,11607,100525.89,98044.76,100513.77,103649.27,100499.7,100531.8,100533.83,100532.78
1246.008130947,11608,100533.87,98355.06,100529.8,103796.45,100505.63,100536.86,100542.92,100541.69
1246.028726501,11609,100527.76,98461.77,100513.77,103806.96,100505.63,100537.92,100533.83,100543.75
1246.052398038,11610,100541.85,98418.49,100525.79,103817.15,100515.75,100531.8,100524.73,100531.75
1246.073072338,11611,100527.76,98417.45,100520.75,103785.17,100502.66,100535.81,100532.77,100527.75
1246.093668541,11612,100531.75,98407.32,100513.77,103793.16,100503.71,100527.8,100532.77,100528.78
1246.114263778,11613,100525.89,98408.36,100515.71,103793.16,100501.61,100537.92,100532.77,100527.75
1246.134848441,11614,100529.88,98409.39,100513.77,103792.07,100501.61,100535.81,100527.69,100527.75
1246.155408747,11615,100525.89,98399.27,100511.71,103793.16,100507.72,100525.9,100525.79,100535.75
1246.175986733,11616,100527.76,98417.45,100510.68,103793.16,100505.63,100536.86,100525.79,100533.81
1246.196678876,11617,100525.89,98409.39,100511.71,103789.17,100498.47,100541.93,100525.79,100527.75
1246.220411619,11618,100515.78,98395.35,100512.74,103782.98,100501.61,100528.85,100532.77,100520.78
1246.241042755,11619,100525.89,98399.27,100520.75,103781.17,100507.72,100531.8,100532.77,100527.75
1246.261677979,11620,100516.85,98511.03,100512.74,103822.24,100506.67,100533.91,100541.86,100527.75
1246.282329543,11621,100533.87,98988.51,100528.77,104104.96,100506.67,100544.88,100540.8,100545.82
1246.302784078,11622,100533.87,99158.78,100521.78,104213.99,100501.61,100535.81,100532.77,100535.75
1246.323442484,11623,100521.9,99120.57,100512.74,104172.91,100500.57,100532.86,100525.79,100527.75
1246.343995437,11624,100527.76,99087.29,100529.8,104160.92,100499.7,100544.88,100520.72,100533.81
1246.364677915,11625,100528.82,99084.17,100521.78,104150.73,100509.64,100530.96,100516.7,100535.75
1246.388473399,11626,100521.9,99079.23,100520.75,104157.32,100501.61,100533.91,100524.73,100536.78
1246.409025521,11627,100535.74,99071.18,100521.78,104142.03,100503.71,100537.92,100516.7,100526.72
1246.429613902,11628,100535.74,99064.16,100510.68,104139.13,100500.57,100528.85,100525.57,100527.75
1246.450242607,11629,100531.75,99055.06,100519.72,104124.94,100507.72,100536.86,100533.83,100527.75
1246.470791965,11630,100529.88,99041.93,100513.77,104120.95,100501.61,100535.81,100531.71,100527.75
1246.49136078,11631,100527.76,99051.03,100508.73,104116.24,100507.72,100531.8,100520.72,100526.72
1246.511955363,11632,100532.81,99045.96,100520.75,104115.15,100506.67,100532.86,100529.81,100528.78
1246.532587449,11633,100533.87,99186.98,100519.72,104234.68,100504.76,100533.91,100528.75,100537.81
1246.556264154,11634,100525.89,99751.99,100512.74,104598.47,100501.61,100535.81,100535.72,100537.81
1246.576891935,11635,100533.87,99931.4,100516.75,104629.76,100503.71,100545.93,100529.81,100527.75
1246.597501621,11636,100524.83,99884.09,100515.71,104594.47,100506.67,100531.8,100526.85,100529.81
1246.618098369,11637,100525.89,99869.02,100517.78,104578.48,100503.71,100540.87,100527.69,100523.75
1246.638722637,11638,100519.77,99859.91,100513.77,104584.68,100505.63,100531.8,100533.83,100527.75
1246.659336436,11639,100517.91,99848.87,100517.78,104541.39,100503.71,100531.8,100520.72,100532.78
1246.679988644,11640,100511.79,99832.75,100507.7,104547.6,100499.7,100535.81,100533.83,100528.78
1246.700517221,11641,100525.89,99827.67,100513.77,104536.7,100499.7,100545.93,100539.74,100527.75
1246.724305428,11642,100525.89,99819.61,100507.7,104545.8,100503.71,100544.88,100524.73,100518.71
1246.744827802,11643,100525.89,99809.46,100515.71,104524.71,100501.61,100540.03,100532.77,100533.69
1246.76540795,11644,100533.87,99811.55,100512.74,104525.81,100505.8,100537.92,100534.89,100527.75
1246.786041819,11645,100524.83,99793.34,100520.75,104534.91,100500.57,100523.79,100531.71,100528.78
1246.806613845,11646,100529.88,100073.32,100516.75,104616.66,100510.69,100535.81,100533.83,100522.84
1246.827232372,11647,100516.85,100841.16,100505.76,105032.47,100498.65,100529.91,100515.64,100532.78
1246.847896811,11648,100521.9,100951.9,100517.78,105008.48,100493.59,100538.98,100527.69,100525.81
1246.868462433,11649,100524.83,100873.41,100503.69,104969.6,100491.67,100540.03,100526.85,100524.78
1246.892226511,11650,100520.84,100847.31,100511.71,104944.51,100502.66,100535.81,100529.81,100527.75
1246.912838122,11651,100533.87,100818.89,100520.75,104947.4,100501.61,100532.86,100519.65,100527.75
1246.93342722,11652,100521.9,100815.07,100516.75,104932.51,100503.71,100537.92,100524.73,100527.75
1246.954025311,11653,100523.76,100802.98,100503.69,104911.41,100492.54,100530.96,100517.76,100523.75
1246.974600612,11654,100531.75,100788.77,100512.74,104902.31,100511.73,100538.98,100523.67,100527.75
1246.995456928,11655,100524.83,100780.91,100510.68,104900.53,100503.71,100538.98,100534.66,100520.78
1247.015960754,11656,100527.76,100762.67,100512.74,104900.53,100504.76,100540.03,100523.67,100534.72
1247.0396629,11657,100517.91,100753.55,100513.77,104890.32,100494.64,100532.86,100520.72,100528.78
1247.060334958,11658,100533.87,100735.51,100511.71,104895.42,100493.59,100527.8,100533.83,100527.75
1247.081002968,11659,100533.87,100734.46,100511.71,104906.31,100503.71,100524.84,100517.53,100530.72
1247.10139748,11660,100533.87,100722.36,100513.77,104927.83,100497.6,100535.81,100522.61,100531.75
1247.121990249,11661,100514.72,100738.49,100516.75,104962.28,100498.65,100528.85,100531.71,100529.81
1247.142658175,11662,100529.88,100723.42,100521.78,105003.37,100503.71,100533.91,100531.71,100530.72
1247.163172547,11663,100525.89,100744.43,100517.78,105072.45,100502.66,100527.8,100521.55,100543.75
1247.183750607,11664,100525.89,100754.61,100513.77,105132.43,100492.54,100543.82,100539.74,100534.72
1247.207501041,11665,100533.87,100774.76,100519.72,105175.3,100505.8,100536.86,100521.55,100529.81
1247.228191999,11666,100526.69,100805.09,100515.71,105218.17,100503.71,100545.93,100533.83,100535.75
1247.2489576,11667,100529.88,100815.07,100511.71,105250.16,100504.58,100540.87,100527.69,100527.75
1247.269330869,11668,100529.88,100823.13,100516.75,105298.14,100501.61,100532.86,100523.67,100535.75
1247.289989694,11669,100521.9,100849.43,100520.75,105334.13,100509.64,100530.75,100526.63,100527.75
1247.310693593,11670,100531.75,100867.46,100519.72,105376.33,100507.72,100539.82,100518.59,100527.75
1247.331275225,11671,100527.76,100919.86,100515.71,105414.1,100509.64,100536.86,100520.72,100529.81
1247.351774362,11672,100532.81,100917.95,100507.7,105448.31,100505.8,100538.98,100523.67,100529.81
1247.375472143,11673,100535.74,100376.81,100540.79,105312.36,100504.58,100536.86,100540.8,100540.78
1247.396090923,11674,100533.87,99287.71,100523.73,104956.5,100503.71,100537.92,100524.73,100528.78
1247.416678007,11675,100518.71,98683.35,100513.77,104610.46,100495.51,100536.86,100519.65,100529.81
1247.437275812,11676,100507.8,99005.67,100495.68,104265.56,100503.71,100521.89,100515.64,100519.74
1247.45800808,11677,100517.91,98351.96,100514.8,103639.09,100498.65,100524.84,100524.73,100521.81
1247.478460532,11678,100525.89,98056.85,100512.74,103605.3,100501.61,100530.96,100526.63,100519.74
1247.499097562,11679,100519.77,97710.52,100512.74,103535.17,100489.58,100520.84,100518.59,100529.81
1247.519676292,11680,100522.7,97668.18,100513.77,103553.34,100495.68,100537.92,100515.64,100529.81
1247.543421663,11681,100525.89,97661.15,100511.71,103557.33,100507.72,100536.86,100525.79,100528.78
1247.564108853,11682,100515.78,97660.12,100503.69,103549.34,100511.73,100538.98,100531.71,100521.81
1247.584724034,11683,100517.91,97675.2,100516.75,103560.61,100499.7,100531.8,100531.71,100529.81
1247.605267667,11684,100520.84,97648.04,100512.74,103563.14,100496.73,100525.9,100520.72,100530.84
1247.625846474,11685,100519.77,97650.01,100502.66,103575.13,100495.68,100527.8,100520.72,100526.72
1247.646453693,11686,100523.76,97651.04,100515.71,103575.13,100501.61,100531.8,100531.71,100536.78
1247.667011426,11687,100523.76,97672.21,100510.68,103571.14,100518.71,100528.85,100523.67,100540.78
1247.687583472,11688,100519.77,97661.15,100512.74,103577.32,100507.72,100535.81,100519.65,100523.75
1247.711388762,11689,100517.91,97648.04,100507.7,103593.31,100502.66,100545.93,100519.65,100527.75
1247.73204717,11690,100519.77,97653.09,100512.74,103575.13,100502.66,100527.8,100523.67,100527.75
1247.752568527,11691,100531.75,97658.06,100512.74,103582.04,100512.78,100544.88,100533.6,100529.81
1247.773172402,11692,100526.69,97651.04,100504.72,103591.12,100509.64,100545.93,100527.69,100529.81
1247.793761698,11693,100521.9,97652.06,100516.75,103588.22,100511.73,100527.8,100524.73,100515.74
1247.814423112,11694,100523.76,97641.95,100513.77,103593.31,100501.79,100524.84,100524.73,100541.82
1247.834939646,11695,100529.88,97653.01,100527.74,103584.22,100504.76,100528.85,100539.74,100537.81
1247.855599682,11696,100523.76,97667.15,100515.71,103585.31,100505.63,100536.86,100528.75,100529.81
1247.880433932,11697,100519.77,97652.06,100504.72,103593.31,100502.66,100531.8,100523.67,100527.75
1247.902449178,11698,100525.89,97644.01,100512.74,103593.31,100507.72,100528.85,100531.71,100527.75
1247.920941737,11699,100531.75,97650.01,100510.68,103588.22,100509.64,100537.92,100531.71,100533.81
1247.942646463,11700,100524.83,97653.09,100504.72,103575.13,100501.61,100528.85,100527.69,100524.78
1247.967731629,11701,100517.91,97666.21,100507.7,103583.13,100503.71,100538.98,100530.64,100529.81
1247.98399136,11702,100527.76,97656.09,100519.72,103593.31,100503.71,100535.81,100528.75,100535.75
