t_pc,sample_idx,S0,S1,S2,S3,S4,S5,S6,S7
13062.961187682,4604,100997.58,97918.19,100991.7,103722.71,101012.08,101004.55,101001.3,100984.53
13062.961519294,4605,100991.73,97925.21,100998.67,103714.72,101012.08,101000.55,101009.33,100984.53
13062.961843243,4606,100997.58,97907.14,100993.63,103714.72,101019.05,100986.41,101009.33,100984.53
13062.963166635,4607,101007.69,97926.24,100985.62,103708.54,101011.02,101001.61,101002.37,100984.53
13062.971222167,4608,100993.59,97902.08,100985.62,103711.82,101008.92,100993.6,101009.33,100981.42
13062.991703031,4609,100995.72,97914.16,100995.7,103716.53,101019.05,101004.55,101009.33,100992.53
13063.013124227,4610,101002.64,97915.19,100982.65,103714.72,101008.92,101007.5,101003.18,100980.53
13063.032739832,4611,100977.63,97913.13,100991.7,103718.72,101019.05,101001.37,101009.33,100990.46
13063.05356151,4612,100985.61,97910.13,100997.78,103706.73,101012.93,101001.61,101007.2,100983.49
13063.077805986,4613,100996.79,97910.13,100985.62,103727.8,101013.13,101003.49,101009.33,101000.53
13063.098312338,4614,100987.74,97918.19,100989.63,103718.72,101011.02,100991.47,101009.33,100985.57
13063.118803317,4615,101003.7,97908.07,101003.71,103710.73,101019.05,100992.53,101009.33,100981.42
13063.139466706,4616,100984.54,97917.16,100988.73,103719.81,101015.04,100992.53,101005.31,100991.5
13063.159763141,4617,100983.75,97911.16,100987.69,103718.72,101015.04,101003.49,101009.33,100984.53
13063.180475014,4618,100994.65,97930.27,100995.7,103726.7,101018.0,101000.55,101005.31,101001.57
13063.200832741,4619,100987.74,97904.05,100993.63,103722.71,101011.02,101007.5,100993.27,100983.49
13063.225147913,4620,100995.72,97910.13,101000.74,103725.61,101024.97,101008.56,101009.33,100983.49
13063.245636449,4621,100995.72,97909.1,100979.69,103719.81,101004.05,100990.41,101009.33,100992.53
13063.266235691,4622,100993.59,97918.19,100987.69,103726.7,101019.05,100999.49,101007.2,100982.46
13063.287173516,4623,100994.65,97917.16,100986.66,103718.72,101027.07,100998.66,101002.37,100983.49
13063.307358842,4624,100999.71,97902.08,100995.7,103707.83,101012.08,101003.49,101001.3,100992.53
13063.329333725,4625,100995.72,97919.22,100989.63,103718.72,101020.1,101000.55,101009.33,100992.53
13063.348430165,4626,101003.7,97909.1,100994.67,103722.71,101012.93,101005.37,101002.37,100989.42
13063.368980053,4627,100995.72,97905.08,100994.67,103718.72,101020.1,101000.55,100997.28,100991.5
13063.393169225,4628,100977.63,97925.21,100986.66,103726.7,101019.05,100995.48,101008.26,100988.53
13063.41363806,4629,100995.72,97920.15,100986.66,103728.89,101014.18,101007.73,101009.33,100984.53
13063.434288951,4630,100997.58,97913.13,100985.62,103897.38,101013.98,101001.61,101012.28,100984.53
13063.454885389,4631,100993.59,97913.13,100985.62,103810.59,101024.97,101008.56,101002.37,100992.53
13063.476514589,4632,100993.59,97926.24,100995.7,103718.72,101015.04,100991.47,101013.34,100992.53
13063.495835489,4633,100991.73,97915.1,100985.62,103710.73,101019.05,101008.56,100993.27,100985.57
13063.516478818,4634,100995.72,97913.13,100982.65,103719.81,101016.09,100999.49,101004.25,100985.57
13063.536972221,4635,100993.59,97917.16,100987.69,103718.72,101016.09,100996.54,101010.39,100982.46
13063.561177977,4636,100993.59,97910.13,100995.7,103708.54,101012.93,101002.67,101009.33,100982.46
13063.581619331,4637,100999.71,97915.19,100992.59,103715.82,101016.09,101007.5,101009.33,100983.49
13063.602257313,4638,100989.6,97929.24,100993.63,103718.72,101015.04,100991.47,101009.33,100976.53
13063.622726218,4639,100983.75,97919.22,100987.69,103722.71,101009.97,101003.49,101015.23,100992.53
13063.643417459,4640,100993.59,97926.24,100986.66,103706.73,101017.14,101000.55,101001.3,100984.53
13063.663898063,4641,100992.52,97913.13,100987.69,103727.8,101023.06,101001.61,101011.46,100990.46
13063.68450017,4642,100993.59,97914.16,100997.63,103718.72,101007.01,101001.61,100997.28,100984.53
13063.704858708,4643,100989.6,97915.19,100989.63,103719.81,101019.05,101000.55,100997.28,100992.53
13063.729182884,4644,100978.69,97927.27,100977.61,103709.63,101016.94,100998.42,101013.34,100989.57
13063.749274459,4645,100994.65,97917.16,100990.66,103726.7,101023.06,101008.56,101012.28,100984.53
13063.770251983,4646,100991.73,97923.25,100987.69,103714.72,101012.08,101011.5,101001.3,100990.46
13063.790852087,4647,100995.72,97915.19,100992.74,103726.7,101031.28,100991.47,101008.26,101000.53
13063.811338049,4648,100993.59,97918.19,100997.63,103710.73,101023.06,101010.68,101006.38,100984.53
13063.831943891,4649,100995.72,97923.25,100993.63,103710.73,101011.02,100993.6,101010.39,100990.46
13063.852424935,4650,100982.68,97909.1,100990.66,103722.71,101016.94,100998.42,101026.45,100986.61
13063.873213474,4651,100987.74,97919.22,100989.63,103716.91,101020.1,101007.5,101009.33,100996.53
13063.896641044,4652,100987.74,97915.19,100981.62,103707.83,101019.05,101004.55,101009.33,100991.5
13063.917284183,4653,100999.71,97919.22,100985.62,103710.73,101011.02,101001.61,101015.47,100983.49
13063.938363511,4654,100999.71,97927.27,100993.63,103718.72,101005.96,101003.49,101010.39,100987.5
13063.961096421,4655,100994.65,97917.16,100993.63,103716.91,101019.05,101002.67,101002.37,100976.53
13063.97927975,4656,100993.59,97922.22,100986.66,103718.72,101004.91,100992.53,101005.31,100992.53
13063.999465938,4657,100983.47,97911.16,100981.62,103719.81,101015.04,100993.6,101002.37,100982.46
13064.020738228,4658,100997.58,97916.13,100987.69,103715.82,101023.26,101003.49,101010.39,100984.53
13064.040502688,4659,101005.56,97926.24,100989.63,103706.73,101011.02,101007.5,101007.2,100983.49
13064.064643056,4660,100999.71,97927.27,101001.64,103711.82,101011.02,101001.61,101010.39,100988.53
13064.08529601,4661,100987.74,97921.18,100981.62,103714.72,101004.91,101003.49,101018.42,100984.53
13064.105869614,4662,100997.58,97921.18,100995.7,103726.7,101011.02,101008.56,101015.23,100992.53
13064.126448756,4663,100993.59,97919.22,100988.59,103712.53,101011.02,101008.56,101001.3,100988.53
13064.146812112,4664,100990.66,97922.22,100984.58,103714.72,101013.98,100996.54,100991.14,100996.53
13064.167469252,4665,100997.58,97910.13,100996.6,103717.62,101012.08,100999.49,101010.39,100996.53
13064.188699098,4666,100989.6,97922.22,100995.7,103710.73,101016.09,101005.61,100999.17,100996.53
13064.208544781,4667,100986.67,97922.22,100993.63,103720.9,101011.02,100996.54,101001.3,100990.46
13064.232647642,4668,100994.65,97914.16,100993.63,103728.89,101019.05,101005.61,101011.46,100974.46
13064.253236058,4669,100983.75,97918.19,100984.58,103728.89,101015.04,101007.5,100996.22,100989.57
13064.27372194,4670,100995.72,97923.25,100981.62,103710.73,101016.09,101005.61,101008.26,100992.53
13064.294389215,4671,100985.61,97915.19,100982.65,103728.89,101015.04,101001.61,101000.23,100988.53
13064.314783928,4672,101001.57,97917.16,100983.69,103716.91,101011.02,101009.62,101009.33,100984.53
13064.335431925,4673,100981.62,97926.24,100983.69,103719.81,101024.11,101001.61,100993.27,101009.57
13064.355858887,4674,100987.74,97909.1,100981.62,103714.72,101021.15,100999.49,101010.39,100986.46
13064.376504029,4675,100985.61,97909.1,100986.66,103719.81,101011.02,100999.49,101017.36,100992.53
13064.400659029,4676,100995.72,97934.3,100985.62,103718.72,101019.05,101009.62,100997.28,100992.53
13064.421247555,4677,100995.72,97918.19,100991.7,103720.9,101018.0,101006.67,101014.41,100978.61
13064.441753286,4678,100985.61,97922.22,100992.74,103719.81,101015.04,101005.61,101009.33,100982.46
13064.462300811,4679,100980.83,97917.16,100978.65,103712.92,101004.05,101003.49,101018.42,100984.53
13064.482913123,4680,100986.67,97928.3,100985.62,103726.7,101008.92,100989.35,101008.26,100993.57
13064.50344884,4681,100993.59,97914.16,100990.66,103719.81,101011.02,101000.55,101005.31,100974.46
13064.52396727,4682,100985.61,97913.13,100997.63,103714.72,101018.0,100997.6,101003.43,100989.57
13064.548180778,4683,100993.59,97927.27,100995.7,103718.72,101017.14,101008.56,101010.39,100990.46
13064.568677686,4684,100995.72,97931.3,100987.69,103718.72,101003.0,101000.55,101013.34,100992.53
13064.589479696,4685,100985.61,97926.24,100992.59,103729.99,101025.17,100999.49,101002.37,100992.53
13064.609706825,4686,100999.71,97922.22,100987.69,103718.72,101024.11,101000.55,101003.43,100980.53
13064.63036673,4687,100993.59,97926.24,100982.65,103719.81,101019.05,101005.61,101000.23,100989.57
13064.650935787,4688,100988.81,97922.22,100987.69,103711.82,101012.08,101003.49,101014.41,100994.61
13064.67149557,4689,100994.65,97927.27,100985.62,103720.9,101012.08,100999.49,101003.43,100996.53
13064.691996424,4690,100989.87,97926.24,100995.7,103719.81,101012.08,101001.61,101009.33,100985.57
13064.716209211,4691,100995.72,97910.13,100987.69,103711.82,101020.1,100993.6,101001.3,100992.53
13064.736655923,4692,101007.69,97917.16,100983.55,103718.72,101011.02,100999.49,101000.23,100980.53
13064.757381386,4693,100985.61,97917.16,100990.66,103720.9,101021.15,101004.55,101013.34,100984.53
13064.777770261,4694,100995.72,97918.19,100987.69,103718.72,101015.04,101000.55,101009.33,100984.53
13064.798545079,4695,100995.72,97918.19,100998.67,103718.72,101019.05,100992.53,101007.45,100996.53
13064.818807071,4696,100993.59,97920.25,100997.63,103719.81,101015.04,101000.55,101007.2,100987.5
13064.839876044,4697,100993.59,97926.24,100987.69,103722.71,101019.05,101001.61,101014.41,100993.57
13064.860205028,4698,100999.71,97930.27,100993.63,103720.9,101020.1,101003.49,101007.45,100996.53
13064.884194488,4699,100983.75,97918.19,100977.61,103726.7,101009.97,100999.49,101003.43,100984.53
13064.904685847,4700,100993.59,97926.24,100987.69,103720.9,101019.05,101004.55,100993.27,100981.57
13064.925373944,4701,100987.74,97917.16,100977.61,103734.69,101012.08,100997.6,101011.21,100984.53
13064.945870732,4702,100995.72,97911.16,100985.62,103718.72,101011.02,100991.47,100991.39,100996.53
13064.96638776,4703,100990.66,97918.19,100990.66,103715.82,101009.97,101008.56,101011.46,100992.53
13064.986933382,4704,100986.67,97909.1,100994.67,103714.72,101011.02,101009.62,101009.33,100990.61
13065.007551483,4705,100995.72,97915.19,100989.63,103727.8,101018.0,101002.67,101006.38,100993.57
13065.027892175,4706,100993.59,97914.16,100990.66,103718.01,101016.09,101000.55,101013.34,100986.61
13065.052233666,4707,100993.59,97917.16,101003.71,103728.89,101011.02,101007.5,101009.33,100984.53
13065.072264409,4708,100998.65,97923.25,100996.74,103727.8,101016.09,100997.6,101008.26,100994.46
13065.093336086,4709,100995.72,97915.19,100997.63,103711.82,101004.91,101001.61,101016.29,100991.5
13065.113384215,4710,100994.65,97921.18,100977.61,103726.7,101012.08,100999.49,101010.39,100984.53
13065.134361249,4711,101003.7,97926.24,100995.7,103728.89,101019.05,100994.42,101009.33,100984.53
13065.156225084,4712,100983.75,97919.22,100993.63,103723.09,101019.05,101005.61,100999.17,100978.46
13065.175411791,4713,101005.56,97926.24,100990.66,103724.9,101012.08,101000.55,101001.3,100993.57
13065.195980888,4714,100989.6,97917.16,100986.66,103731.79,101015.04,101009.62,101009.33,100985.57
13065.22025651,4715,100981.62,97922.22,100995.7,103728.89,101013.98,101004.55,101010.39,101000.53
13065.240293242,4716,100993.59,97921.18,100980.58,103727.8,101027.07,101003.49,101014.41,100983.49
13065.261310367,4717,100997.58,97919.22,100987.69,103720.9,101015.04,101005.61,101003.43,100992.53
13065.281446028,4718,100995.72,97917.16,100989.63,103732.89,101011.02,101000.55,101002.37,100991.5
13065.302433878,4719,100998.65,97925.21,100999.71,103724.9,101020.1,101012.56,101000.23,100996.53
13065.322418462,4720,100987.74,97921.18,101001.64,103728.89,101020.1,101002.67,101013.34,100992.53
13065.343467034,4721,100993.59,97917.16,100986.66,103726.7,101019.05,101002.67,101011.46,100994.61
13065.363986906,4722,100999.71,97933.27,100986.66,103723.8,101008.92,101000.55,101011.46,100984.53
13065.387684314,4723,100995.72,97926.24,100987.69,103737.98,101012.08,101000.55,101007.45,100986.61
13065.408273752,4724,100987.74,97919.22,100987.69,103724.9,101021.15,101006.67,101000.23,100994.61
13065.428830701,4725,100995.72,97926.24,100986.66,103720.9,101020.1,100990.41,101001.3,100990.46
13065.449390955,4726,100995.72,97918.19,100991.7,103723.8,101011.02,101001.61,100999.17,100983.49
13065.47038874,4727,101007.69,97919.22,100993.63,103720.9,101027.07,101005.61,100993.27,100994.61
13065.49039145,4728,100988.81,97917.16,100991.7,103728.89,101016.09,101007.5,101005.31,100992.53
13065.511489096,4729,100991.73,97921.18,100995.7,103728.89,101015.04,100993.6,101010.39,100984.53
13065.531570356,4730,100994.65,97915.19,100995.7,103726.7,101019.05,101002.67,101005.31,100992.53
13065.555666997,4731,100997.85,97918.19,100991.7,103723.8,101019.05,100995.48,101008.26,100982.46
13065.576296226,4732,100995.72,97917.16,100991.7,103727.8,101023.06,101000.55,101009.33,100993.57
13065.596894376,4733,100986.67,97917.16,100994.67,103736.88,101009.97,100999.49,101010.39,100988.53
13065.617355901,4734,100995.72,97917.16,100995.7,103737.98,101012.08,101003.49,101013.34,100989.57
13065.637786708,4735,100985.61,97919.22,100986.66,103723.8,101019.05,100992.53,101017.36,100990.61
13065.658527205,4736,100985.61,97917.16,100995.7,103732.89,101015.04,101003.49,101005.31,100993.57
13065.679214,4737,100999.71,97918.19,100987.69,103727.8,101011.02,101012.56,101011.46,100989.57
13065.699861676,4738,100995.72,97928.3,100988.73,103732.89,101015.04,100999.49,101010.39,100995.5
13065.723663812,4739,101001.57,97918.19,100991.7,103720.9,101011.02,101000.55,101002.37,100993.57
13065.744337357,4740,100979.76,97927.27,100986.66,103726.7,101011.02,100999.49,101000.23,100993.57
13065.764751289,4741,100995.72,97919.22,100988.73,103728.89,101027.07,100996.54,101008.26,100992.53
13065.787218998,4742,100981.62,97921.18,100991.7,103727.8,101011.02,101009.62,100993.27,100996.68
13065.805925628,4743,100999.71,97911.16,100995.7,103736.88,101019.05,101007.5,101006.38,100986.61
13065.82672269,4744,100997.58,97919.22,100991.7,103727.8,101012.08,100988.53,101017.36,100984.53
13065.848388025,4745,100995.72,97923.25,100990.66,103716.91,101011.02,101004.55,101003.43,100985.57
13065.871225502,4746,100993.59,97919.22,100994.67,103728.89,101015.04,101008.56,100999.17,100983.49
13065.891673787,4747,100991.73,97927.27,100992.74,103728.89,101020.96,101007.5,101007.45,100989.57
13065.912339209,4748,100981.62,97916.22,100995.7,103737.98,101012.08,100999.49,100999.17,100992.53
13065.932829557,4749,100988.53,97928.3,100987.69,103734.69,101004.05,101012.56,101005.31,100982.61
13065.953432635,4750,100994.65,97925.31,101001.64,103736.88,101011.02,101003.49,101009.33,100987.5
13065.973888592,4751,100987.74,97923.25,100987.69,103726.7,101011.02,100999.49,101009.33,100989.57
13065.994528365,4752,100987.74,97928.3,100989.77,103736.88,101015.04,100989.59,101009.33,100988.53
13066.014995418,4753,100991.73,97923.25,100982.65,103736.88,101027.07,101009.62,101007.2,100988.53
13066.03925093,4754,101007.69,97922.22,100989.77,103728.89,101018.0,101007.5,101009.33,100984.53
13066.059676089,4755,100985.61,97927.27,100983.69,103729.99,101016.09,101004.55,100999.17,100993.57
13066.080353821,4756,100995.72,97928.3,100996.74,103730.7,101007.87,101005.61,101008.26,100974.46
13066.100807173,4757,101002.64,97923.25,100987.69,103727.8,101008.92,101007.5,101013.34,100990.46
13066.121398784,4758,100995.72,97919.22,100981.76,103728.89,101020.1,100999.49,101000.23,100984.53
13066.141865536,4759,100999.71,97925.21,100985.62,103718.72,101011.02,100991.47,101005.31,100985.57
13066.162488064,4760,100986.67,97922.22,100998.67,103722.0,101013.13,100998.42,101013.34,100991.5
13066.182933364,4761,100993.59,97922.22,100995.7,103728.89,101018.0,101000.55,101005.31,100980.53
13066.207265251,4762,100986.67,97926.24,101003.71,103729.99,101011.02,101000.55,101008.26,100988.53
13066.227773296,4763,100987.74,97925.21,101005.79,103727.8,101007.01,100999.49,101008.26,100985.57
13066.248368192,4764,100984.54,97932.33,100996.74,103727.8,101020.1,100995.48,100993.27,100982.46
13066.268840312,4765,100995.72,97931.3,100989.77,103728.89,101011.02,100995.48,101009.33,100994.61
13066.289742193,4766,100993.59,97923.25,100991.7,103727.8,101013.98,101000.55,101010.39,100995.5
13066.309962782,4767,100994.65,97932.33,100992.74,103736.88,101011.02,100999.49,101008.26,100984.53
13066.330559431,4768,100995.72,97926.24,100989.63,103736.88,101016.94,101007.5,101014.41,100984.53
13066.350974375,4769,100983.75,97920.25,100982.65,103728.89,101015.04,101007.5,101009.33,100984.53
13066.375270308,4770,100994.65,97917.16,100996.74,103734.69,101027.07,100992.53,101005.31,100988.53
13066.395345648,4771,100993.59,97922.22,100987.69,103732.89,101012.93,101009.62,101009.33,100976.53
13066.416299347,4772,101003.7,97926.24,100987.69,103739.07,101020.1,101007.5,100997.28,101000.53
13066.436802264,4773,101010.62,97927.27,100991.7,103731.08,101015.04,100995.48,101008.26,100996.53
13066.457607027,4774,100987.74,97914.16,100983.69,103728.89,101016.09,101008.56,101008.26,100992.53
13066.47790187,4775,100985.61,97926.24,100987.69,103733.98,101011.02,101009.62,101007.2,100988.53
13066.498460631,4776,101000.78,97911.16,100989.63,103735.08,101011.02,101005.61,101011.21,100992.53
13066.519006613,4777,100996.79,97915.19,100993.77,103727.8,101012.93,101008.56,101009.33,100984.53
13066.543257869,4778,100995.72,97923.25,100990.66,103727.09,101020.1,101001.61,101001.3,100995.5
13066.563294611,4779,100981.62,97918.19,100990.66,103724.9,101011.02,100999.49,101009.33,100993.57
13066.584371976,4780,100995.72,97927.27,100987.69,103731.08,101023.06,101001.61,101010.39,100990.46
13066.604406325,4781,101001.85,97927.27,100987.69,103739.07,101016.09,100992.53,101004.25,100991.5
13066.625516099,4782,100987.74,97927.27,100986.66,103728.89,101019.05,100993.6,101001.3,100988.53
13066.6454793,4783,100995.72,97923.25,100989.63,103727.8,101015.04,100999.49,101001.3,100987.5
13066.666533531,4784,100995.72,97927.27,100988.73,103725.99,101015.04,101000.55,101001.3,100975.49
13066.68705121,4785,100996.79,97931.3,100988.73,103724.9,101027.07,100995.48,101007.2,100985.57
13066.710692433,4786,100987.74,97919.22,100986.66,103747.06,101011.02,101009.62,101013.34,100992.53
13066.731302041,4787,100999.71,97918.19,101003.71,103733.98,101011.02,101009.62,101013.34,100988.53
13066.75176005,4788,100991.73,97919.22,100991.7,103723.8,101005.1,100999.49,101009.33,100984.53
13066.7724038,4789,101007.69,97934.3,100987.69,103729.99,101019.05,101007.5,101010.39,101000.53
13066.793514146,4790,100987.74,97919.22,100999.71,103733.98,101007.01,101001.61,101017.36,100989.57
13066.81355231,4791,100987.74,97919.22,100994.67,103728.89,101011.02,100995.48,101009.33,100989.57
13066.834960476,4792,100984.82,97919.22,100987.69,103732.18,101020.1,101004.55,101008.26,100993.57
13066.85458229,4793,100995.72,97922.22,100983.69,103728.89,101011.02,101001.61,101009.33,100996.53
13066.880097407,4794,100988.81,97919.22,100987.69,103732.89,101019.05,101001.61,101017.36,100988.53
13066.899332868,4795,100987.74,97923.25,100981.62,103731.08,101027.07,100999.49,101001.3,100980.53
13066.919736594,4796,100987.74,97930.27,100987.69,103732.89,101019.05,101017.63,101005.31,101002.61
13066.940507887,4797,100995.72,97927.27,100991.7,103743.07,101019.05,100991.47,101002.37,100985.57
13066.961182303,4798,100987.74,97925.31,100993.77,103736.88,101027.07,101009.62,101006.38,100993.57
13066.981631619,4799,100987.74,97927.27,100985.62,103735.79,101019.05,101001.61,101011.46,100984.53
13067.001875324,4800,100988.81,97923.25,100993.77,103731.08,101021.15,100995.48,101008.26,100993.57
13067.022599155,4801,100987.74,97928.3,100992.74,103739.07,101013.13,100997.6,101015.47,100991.5
13067.046715477,4802,100992.8,97923.25,100995.7,103733.98,101007.01,101001.61,101008.26,100991.5
13067.067340799,4803,100992.8,97933.27,100994.67,103723.8,101011.02,101004.55,100995.4,100991.5
13067.087816124,4804,100995.72,97925.21,100995.7,103728.89,101015.04,101009.62,101005.31,100984.53
13067.109218161,4805,100997.85,97927.27,100981.62,103736.88,101016.09,101004.55,100991.39,100990.61
13067.129039257,4806,100980.83,97923.25,100987.69,103728.89,101011.02,101000.55,101001.3,100985.57
13067.149541573,4807,100995.72,97922.22,100987.69,103732.89,101015.04,101001.61,101013.34,100989.57
13067.17070591,4808,100979.76,97919.22,100998.67,103737.98,101019.05,101005.61,101009.33,100989.57
13067.194269045,4809,100985.61,97919.22,100987.69,103733.98,101015.04,101000.55,101005.31,100986.61
13067.214763649,4810,100995.72,97920.25,100993.63,103731.08,101019.05,101009.62,101006.38,100985.57
13067.235318615,4811,100987.74,97938.32,100983.69,103731.08,101013.13,101009.62,101010.39,100992.53
13067.256302549,4812,100987.74,97925.21,100995.7,103734.69,101018.19,100999.49,101009.33,100990.46
13067.276623411,4813,100981.62,97928.3,100993.63,103735.08,101012.08,101008.56,101003.43,100984.53
13067.297320371,4814,100997.58,97927.27,100990.66,103731.08,101015.04,100999.49,101010.39,100992.53
13067.317441511,4815,100986.67,97934.3,100994.67,103731.08,101015.04,100999.49,101001.3,100990.46
13067.338090629,4816,100990.66,97918.19,100996.74,103736.88,101025.17,101002.67,101005.31,100984.53
13067.362275274,4817,100995.72,97922.22,100982.65,103741.97,101015.04,101003.49,101006.38,100985.57
13067.382752492,4818,100988.81,97927.27,100985.62,103728.89,101016.09,101001.61,101007.2,100984.53
13067.403411605,4819,100991.73,97929.34,100985.62,103740.88,101015.04,101008.56,100997.28,100988.53
13067.423934262,4820,100994.65,97919.22,100998.67,103729.99,101013.13,101003.49,100991.14,100984.53
13067.444493414,4821,100994.65,97927.27,100987.69,103732.18,101020.1,101009.62,101001.3,100994.61
13067.464877741,4822,100986.67,97922.22,101003.71,103722.0,101008.06,101001.61,101011.46,100986.61
13067.486323224,4823,101003.7,97911.16,100986.66,103729.99,101019.05,101002.43,101013.34,100985.57
13067.506006381,4824,100987.74,97918.19,100995.7,103739.07,101023.06,101004.55,101009.33,100993.57
13067.530295364,4825,100981.62,97933.36,100997.78,103732.89,101020.1,101004.55,101009.33,100993.57
13067.550887075,4826,100998.65,97919.22,100988.73,103736.88,101016.09,101013.62,101005.31,100984.53
13067.571379816,4827,100994.65,97917.16,100987.69,103739.07,101009.97,100999.49,101001.3,100985.57
13067.591895933,4828,100995.72,97915.19,100990.66,103740.17,101015.04,101008.56,101002.37,100994.61
13067.612423988,4829,100987.74,97927.27,100982.65,103739.07,101015.04,100994.42,101016.29,100992.53
13067.633149872,4830,100990.66,97916.22,100991.7,103733.98,101009.97,101006.44,101001.3,100989.57
13067.653696245,4831,100993.59,97924.28,100985.62,103737.98,101016.09,101005.61,101001.3,100990.61
13067.674072621,4832,100995.72,97929.34,100988.73,103728.89,101020.1,100992.53,101015.47,100976.53
13067.698320511,4833,100991.73,97920.25,100987.69,103744.87,101016.09,100999.49,101010.39,100984.53
13067.718865642,4834,100991.73,97927.27,100995.7,103747.06,101027.07,100997.36,101002.37,100980.53
13067.739374588,4835,100993.86,97919.22,100995.7,103739.07,101019.05,100998.66,101011.46,100993.57
13067.759418641,4836,100998.65,97928.3,100989.63,103743.07,101013.13,101004.55,101015.47,100992.53
13067.780483498,4837,100991.73,97923.25,100993.63,103743.07,101029.18,100991.47,101001.3,100986.61
13067.800991993,4838,100986.67,97916.22,100985.62,103729.99,101015.04,100999.49,101014.41,100994.61
13067.821742374,4839,100994.65,97924.28,101001.64,103722.0,101011.02,101009.62,101002.37,100988.53
13067.842194094,4840,100987.74,97933.36,100987.69,103743.07,101015.04,101008.56,101009.33,101000.53
13067.866318868,4841,100987.74,97927.27,100989.63,103740.88,101019.05,101004.55,101001.3,100984.53
13067.886327137,4842,100995.72,97927.27,100991.7,103743.07,101015.04,101009.62,101005.31,100989.57
13067.907390982,4843,100994.65,97930.27,100986.66,103739.07,101020.1,101006.67,101019.49,100980.53
13067.927476568,4844,101005.56,97927.27,100990.66,103732.89,101019.05,100991.47,101013.34,100986.61
13067.94864377,4845,100987.74,97924.28,100986.66,103731.08,101016.09,101001.61,101005.31,100994.61
13067.969085404,4846,100995.72,97929.34,100995.7,103744.87,101021.15,101001.61,101008.26,100987.5
13067.989570854,4847,100993.59,97927.27,100995.7,103740.88,101011.02,100993.6,101001.3,100980.53
13068.009964276,4848,100983.75,97926.24,100988.59,103729.99,101015.04,100999.49,101001.3,101001.57
13068.033721444,4849,100995.72,97923.25,100986.66,103739.07,101027.07,101003.49,101003.43,100992.53
13068.054361228,4850,100988.81,97926.24,100996.74,103739.07,101019.05,101001.61,101001.3,100984.53
13068.074822672,4851,100997.85,97927.27,100993.63,103720.9,101012.08,101005.61,101006.38,100983.64
13068.095444259,4852,100987.74,97919.22,100989.77,103739.07,101015.04,100999.49,101001.3,100991.5
13068.116503537,4853,100999.71,97935.33,100982.65,103739.07,101016.09,101005.61,101002.37,100984.53
13068.136562643,4854,100994.65,97919.22,100987.69,103739.07,101011.02,101005.61,101005.31,100984.53
13068.157486887,4855,100984.82,97921.18,100995.7,103735.08,101019.05,100999.49,101013.34,100990.61
13068.177560435,4856,100995.72,97936.36,100990.66,103731.08,101023.06,101003.49,101009.33,100990.61
13068.201777418,4857,100995.72,97927.27,100996.74,103728.89,101019.05,100992.53,101005.31,100992.53
13068.222542272,4858,100995.72,97927.27,100999.71,103743.07,101017.14,101007.5,101009.33,100986.61
13068.242823002,4859,101003.7,97919.22,100986.66,103731.08,101015.04,100999.49,101002.37,100993.57
13068.263418059,4860,100988.81,97915.19,100986.66,103739.07,101020.1,101003.49,101008.51,100990.61
13068.283907565,4861,100991.73,97926.24,100994.67,103732.89,101012.08,100999.49,101011.46,100984.53
13068.30453428,4862,100995.72,97920.25,100985.62,103737.98,101013.13,101004.55,101010.39,100994.61
13068.324961642,4863,100995.72,97927.27,100991.7,103731.08,101021.15,101003.49,101009.33,100978.61
13068.349291757,4864,100992.8,97926.24,100987.69,103739.07,101012.08,101007.5,101003.43,100984.53
13068.369768534,4865,100990.94,97927.27,101002.68,103740.17,101022.21,101003.49,101013.34,100992.53
13068.390465565,4866,101008.76,97919.22,100993.63,103748.16,101021.15,101007.5,100999.42,100984.53
13068.410892527,4867,100987.74,97920.25,101003.71,103740.88,101011.02,100999.49,101015.47,100984.53
13068.431600715,4868,100995.72,97919.22,100987.69,103736.88,101011.02,101000.55,101010.39,100993.57
13068.452296854,4869,100993.86,97935.33,100997.78,103735.08,101020.1,101009.62,100995.4,100982.46
13068.472540378,4870,100998.92,97928.3,100995.7,103739.07,101027.07,100996.54,101006.38,100986.61
13068.493028933,4871,100984.82,97923.25,100994.67,103747.06,101019.05,101013.62,101010.39,100977.57
13068.517298457,4872,101003.7,97928.3,100995.7,103731.08,101011.02,100997.6,101001.3,100991.64
13068.537751158,4873,100996.79,97928.3,100995.7,103732.18,101004.91,101003.49,101003.43,100992.53
13068.55840327,4874,100995.72,97928.3,100986.66,103741.26,101015.04,100996.54,101013.34,100986.61
13068.578857173,4875,100983.75,97935.33,100987.69,103735.08,101027.07,101011.74,101015.47,100980.53
13068.599484288,4876,100985.61,97931.3,100985.62,103743.07,101016.09,101010.68,101010.39,100990.61
13068.619970009,4877,100993.59,97919.22,100991.7,103743.07,101012.08,101005.61,101014.41,100984.53
13068.64062798,4878,100997.85,97931.3,100996.74,103732.18,101015.04,100993.6,101005.31,100992.53
13068.66113241,4879,100983.75,97933.36,101001.78,103731.08,101027.07,100999.49,101001.3,100996.53
13068.685282733,4880,100994.65,97922.22,100991.7,103728.89,101011.02,100996.54,101007.45,100984.53
13068.705764498,4881,100995.72,97926.24,100987.69,103745.97,101027.07,101005.61,101003.43,100996.53
13068.726379224,4882,100986.67,97927.27,100995.7,103747.06,101012.08,100983.46,101015.47,100992.53
13068.746912987,4883,100991.73,97919.22,100995.7,103739.07,101016.09,100993.6,100998.35,100996.53
13068.767507723,4884,100990.66,97919.22,100987.69,103740.17,101023.06,101002.43,101001.3,100994.61
13068.787958101,4885,101005.56,97927.27,100987.69,103739.07,101019.05,100999.49,101001.3,100989.57
13068.808635121,4886,100995.72,97927.27,100995.7,103743.07,101021.15,101012.56,101010.39,100994.61
13068.829130026,4887,100988.81,97927.27,100993.63,103739.07,101019.05,101001.61,101011.46,100985.57
13068.853311766,4888,100995.72,97927.27,100993.63,103737.98,101024.97,100992.53,101010.39,100984.53
13068.875091624,4889,100997.85,97931.4,100987.69,103743.07,101012.08,101001.61,101013.34,101001.57
13068.894376329,4890,100995.72,97919.22,100987.69,103736.88,101021.15,101005.61,101009.33,100989.57
13068.914926037,4891,100996.79,97928.3,100987.69,103743.07,101014.18,100999.49,101018.42,100985.57
13068.935491618,4892,101004.77,97929.34,100994.67,103739.07,101011.02,100996.54,101002.37,100990.46
13068.955965632,4893,100987.74,97930.27,100987.69,103739.07,101011.02,101007.5,100993.27,100993.57
13068.976703774,4894,100995.72,97921.28,100985.76,103739.07,101016.09,100999.49,101013.34,100990.61
13068.99709361,4895,100998.65,97920.25,100988.73,103731.08,101021.15,100999.49,101011.46,100982.61
13069.021362813,4896,100990.66,97927.27,100990.66,103729.99,101012.08,100999.49,100995.4,100982.46
13069.042075307,4897,100987.74,97927.27,100996.74,103747.06,101016.09,101003.49,101010.39,100985.57
13069.062444892,4898,100996.79,97928.3,100986.66,103739.07,101019.05,100999.49,101001.3,100986.61
13069.083004946,4899,100996.79,97928.3,100995.7,103731.08,101020.1,101003.49,101009.33,100992.53
13069.103464026,4900,100994.93,97927.27,100991.7,103739.07,101021.15,101008.56,101007.45,100989.57
13069.124161297,4901,100993.86,97928.3,101003.71,103739.07,101019.05,101004.55,100994.34,100990.61
13069.144545234,4902,100982.68,97931.3,100996.74,103739.07,101019.05,100999.49,101011.46,100992.53
13069.165102744,4903,100995.72,97929.34,100995.7,103747.06,101015.23,101004.55,101013.34,100986.61
13069.189329833,4904,100984.82,97931.3,100987.69,103735.08,101019.05,101003.49,101008.26,100986.61
13069.209378262,4905,100995.72,97911.16,100987.69,103748.16,101019.05,101007.5,101005.31,100984.53
13069.230412593,4906,100995.72,97926.24,100987.69,103739.07,101020.1,101007.73,101010.39,100986.61
13069.250491218,4907,100991.73,97936.36,100985.62,103739.07,101013.13,101007.5,101001.3,100993.57
13069.271523516,4908,100995.72,97935.33,100986.66,103740.17,101015.04,101008.56,101009.33,100984.53
13069.291572747,4909,100997.85,97929.34,100997.78,103739.07,101015.04,101001.61,101011.46,100993.57
13069.312578123,4910,100996.79,97924.28,100983.69,103740.17,101014.18,101004.55,101011.46,100989.57
13069.333088582,4911,100991.73,97935.33,100987.69,103737.98,101019.05,101011.5,101019.49,100993.57
13069.356775844,4912,100988.81,97929.34,100991.7,103739.07,101023.06,101013.62,101007.45,100985.57
13069.377361517,4913,100993.59,97926.24,100999.71,103733.27,101015.04,101003.49,101012.53,100978.61
13069.397895571,4914,100995.72,97931.3,100991.7,103732.18,101019.05,101009.62,101009.33,100990.61
13069.418494263,4915,100995.72,97926.24,100985.62,103743.07,101037.2,100991.47,101010.39,100989.57
13069.439821146,4916,100982.68,97925.31,100993.63,103739.07,101017.14,101003.49,101011.46,100992.53
13069.459665927,4917,100993.86,97927.27,100987.69,103740.17,101009.97,101000.55,101010.39,100990.61
13069.480736753,4918,100996.79,97923.25,100985.62,103743.07,101011.02,101004.55,101018.42,100979.49
13069.500762899,4919,100996.0,97927.27,100995.7,103746.35,101021.15,101007.5,101007.45,100989.57
13069.524783967,4920,100995.72,97927.27,100985.62,103747.06,101016.09,101004.55,101002.37,100993.57
13069.545540607,4921,100995.72,97923.25,100997.78,103739.07,101013.13,101009.62,101002.37,100993.57
13069.565883252,4922,100989.6,97929.34,100986.66,103746.35,101020.1,101005.61,101009.33,100978.61
13069.586523006,4923,100997.85,97913.23,100995.7,103731.08,101019.05,101002.67,101012.53,100997.57
13069.607100365,4924,101004.77,97935.33,100989.77,103750.35,101012.08,100996.54,101011.46,100990.61
13069.627671365,4925,101001.85,97923.25,100997.78,103747.06,101021.15,101009.62,101006.38,100992.53
13069.648058697,4926,101004.77,97927.27,100989.77,103739.07,101027.07,101001.61,101010.39,100984.53
13069.672299567,4927,100989.87,97918.19,100987.69,103733.27,101015.04,101009.62,101001.3,100983.49
13069.692772749,4928,100985.88,97927.27,100981.62,103750.35,101020.1,101018.69,101010.39,100984.53
13069.713389979,4929,100986.67,97927.27,100991.7,103744.16,101019.05,100999.49,101010.39,100989.57
13069.734002612,4930,101007.69,97924.28,100981.62,103739.07,101024.11,101007.5,100997.28,100985.57
13069.75451936,4931,100995.72,97928.3,100987.69,103743.07,101019.05,101009.62,101010.39,100986.61
13069.775643817,4932,100995.72,97935.33,100995.7,103739.07,101019.05,100993.6,101011.46,100990.61
13069.795624173,4933,100996.79,97921.28,100995.7,103729.99,101019.05,100997.6,101001.3,100990.61
13069.816150105,4934,100991.73,97921.28,100993.77,103745.26,101019.05,101008.56,101009.33,100984.53
13069.840326047,4935,100986.67,97923.25,100999.71,103743.45,101015.04,100991.47,101002.37,100994.61
13069.860779739,4936,100992.8,97919.22,100991.7,103744.16,101015.04,100993.6,101006.38,100994.61
13069.881488778,4937,100995.72,97920.25,100979.69,103747.06,101013.13,101007.5,101002.37,100978.61
13069.901999928,4938,101000.78,97919.22,100996.74,103747.45,101024.97,101008.56,101017.36,100985.57
13069.922613301,4939,100999.71,97923.25,100986.66,103735.08,101015.04,101008.56,101012.28,100994.61
13069.943052743,4940,101000.78,97927.27,100981.62,103735.79,101015.04,101000.55,101010.39,100993.57
13069.963984067,4941,100999.71,97928.3,100995.7,103747.06,101024.11,100993.6,101011.46,100988.53
13069.984018025,4942,100995.72,97929.34,101001.78,103740.17,101012.08,100997.6,101001.3,100986.61
13070.008325996,4943,100998.92,97926.24,100996.74,103744.16,101023.06,101010.68,101006.38,100994.61
13070.028830936,4944,100999.71,97927.27,100991.7,103743.07,101020.1,101001.61,101019.49,100992.53
13070.049442949,4945,100995.72,97926.24,100995.7,103743.07,101019.05,100991.47,101001.3,100994.61
13070.070037093,4946,100998.92,97919.22,100995.7,103742.36,101019.05,101003.49,101003.43,100984.53
13070.090544858,4947,100987.74,97926.24,100991.7,103747.06,101011.02,101004.55,101010.39,100989.57
13070.111093784,4948,100996.79,97928.3,100991.7,103739.07,101019.05,101003.49,101011.46,100980.53
13070.131483961,4949,100988.81,97927.27,100983.69,103739.07,101015.04,101007.5,101019.49,100986.61
13070.152162944,4950,100991.73,97933.36,100987.69,103739.07,101016.09,101004.55,101009.33,100977.57
13070.176341389,4951,100987.74,97927.27,100987.69,103747.45,101016.09,101012.56,101010.39,100993.57
13070.196818858,4952,100996.79,97927.27,100989.77,103742.36,101011.02,101010.68,101001.3,100989.57
13070.217415507,4953,100997.85,97928.3,100994.67,103748.16,101015.04,100993.6,101014.41,100989.57
13070.237998885,4954,101012.75,97927.27,100994.67,103746.35,101012.08,100999.49,101017.36,100994.61
13070.258494151,4955,100987.74,97919.22,100987.69,103731.08,101020.1,101001.61,101002.37,100994.61
13070.279074244,4956,100993.86,97923.25,101004.75,103741.26,101021.15,101000.55,101009.33,100982.61
13070.29967554,4957,100997.85,97920.25,100993.63,103748.16,101013.13,101009.62,101001.3,100990.61
13070.320309305,4958,100998.92,97919.22,100988.73,103739.07,101019.05,101000.55,101010.39,100980.53
13070.344346126,4959,100988.81,97922.22,100988.73,103739.07,101019.05,101000.55,101009.33,100988.53
13070.364512294,4960,100983.75,97931.3,100987.69,103743.07,101016.09,101008.56,101010.39,100985.57
13070.385437389,4961,100987.74,97926.24,100987.69,103739.07,101011.02,100992.53,101015.47,100981.57
13070.405877201,4962,100988.81,97928.3,100989.77,103732.18,101015.04,100993.6,100994.34,100984.53
13070.426497516,4963,100987.74,97915.19,100995.7,103746.35,101011.02,100999.49,101003.43,100985.57
13070.447025631,4964,101007.69,97931.3,100987.69,103750.35,101015.04,101003.49,101019.49,100986.61
13070.467914551,4965,101004.77,97919.22,100987.69,103741.26,101019.05,100998.66,101011.46,100995.64
13070.488197035,4966,100986.67,97929.34,100991.7,103743.07,101019.05,101002.43,100999.42,100990.61
13070.512406337,4967,100986.95,97922.22,100990.66,103744.16,101008.92,101002.43,100996.22,100998.61
13070.532414947,4968,100998.92,97933.36,100985.62,103735.08,101022.21,101013.62,101001.3,100986.61
13070.553518932,4969,100997.85,97929.34,100982.65,103748.16,101026.22,101010.68,101007.45,100990.61
13070.574215663,4970,100999.71,97931.3,100987.69,103739.07,101013.13,101000.55,101009.33,100991.64
13070.594543154,4971,100995.72,97928.3,100991.7,103739.07,101020.1,101005.61,101002.37,100990.61
13070.614621579,4972,100997.85,97927.27,100996.74,103744.16,101020.1,100991.47,101007.45,100994.61
13070.635603471,4973,100997.85,97933.36,100989.63,103747.06,101011.02,101007.5,101011.46,100986.61
13070.656094099,4974,101000.78,97927.27,100991.7,103745.26,101013.13,101009.62,101014.41,100986.61
13070.679808252,4975,100991.73,97919.22,100982.65,103738.36,101019.05,101000.55,101001.3,100995.64
13070.700446424,4976,100995.72,97929.34,100999.71,103735.08,101012.08,101001.61,101003.43,101002.61
13070.721038165,4977,100995.72,97925.31,100992.74,103750.35,101015.04,101016.57,101001.3,100985.57
13070.741524066,4978,100995.72,97928.3,100991.7,103742.36,101013.13,101000.55,100993.27,100990.61
13070.762582353,4979,100999.71,97924.28,100995.7,103747.06,101012.93,101007.5,101015.47,100982.61
13070.782603962,4980,100996.79,97923.25,100995.7,103739.07,101012.08,101000.55,101001.3,100994.61
13070.803589259,4981,100991.73,97919.22,100991.7,103747.06,101012.08,101001.37,101011.46,100993.57
13070.823710088,4982,100989.87,97928.3,100996.74,103737.98,101023.06,101009.62,101008.26,100990.61
13070.848040724,4983,100995.72,97919.22,100988.73,103739.07,101019.05,100995.48,101010.39,100984.53
13070.868442628,4984,100996.79,97927.27,100992.74,103739.07,101022.21,101008.56,101001.3,100990.61
13070.888852664,4985,100995.72,97921.28,100997.78,103747.06,101019.05,101003.49,101010.39,100994.61
13070.909569485,4986,100987.74,97920.25,100987.69,103739.07,101015.04,100999.49,101003.43,100985.57
13070.930018811,4987,100987.74,97925.31,100997.78,103743.07,101016.09,101009.62,101011.46,100998.61
13070.95073459,4988,100995.72,97930.37,100992.74,103743.07,101019.05,101003.49,100998.35,100993.57
13070.971644712,4989,100983.75,97920.25,100991.7,103750.35,101019.05,101001.61,101009.33,100991.64
13070.995343753,4990,100989.87,97919.22,100986.8,103733.27,101007.01,101009.62,100996.22,100990.61
13071.015819599,4991,100988.81,97932.33,100992.74,103745.26,101012.08,101003.49,101001.3,100977.57
13071.036482318,4992,100990.94,97927.27,100994.67,103739.07,101023.06,101009.62,101011.46,100978.61
13071.056926175,4993,100996.79,97919.22,100995.7,103739.07,101023.06,101001.61,101003.43,100984.53
13071.077569134,4994,100996.79,97928.3,100995.7,103744.16,101017.14,101001.61,101002.37,100993.57
13071.097960783,4995,100995.72,97919.22,100993.77,103749.25,101017.14,101012.56,101006.38,100995.64
13071.118601598,4996,100992.8,97915.19,100993.77,103741.26,101015.23,101005.61,101015.47,100979.64
13071.139022151,4997,100991.73,97921.28,100992.74,103739.07,101009.11,101006.67,101011.46,100988.53
13071.163371615,4998,100979.76,97919.22,100991.7,103739.07,101016.09,101015.51,101019.49,100994.61
13071.184123648,4999,100999.71,97923.25,100983.69,103744.16,101011.02,101003.49,101011.46,100991.64
13071.204486694,5000,101004.77,97935.33,100995.7,103736.88,101019.05,101001.61,100998.35,100980.53
13071.224970142,5001,101000.78,97921.28,100988.73,103746.35,101013.13,100999.49,101013.34,100994.61
13071.245536104,5002,100985.61,97920.25,100997.78,103747.06,101013.13,100996.54,101007.45,100985.57
13071.266235929,5003,101007.69,97919.22,100995.7,103749.25,101020.1,100999.49,101012.53,100992.53
13071.286610111,5004,100996.79,97919.22,100991.7,103744.16,101020.1,100999.49,101011.46,100993.57
13071.307019056,5005,100995.72,97925.31,101003.71,103747.06,101027.07,101009.62,101009.33,100993.57
13071.33136211,5006,100988.81,97923.25,100994.81,103734.37,101017.14,101007.5,101013.34,100986.61
13071.351853199,5007,100990.66,97919.22,100987.69,103751.06,101024.11,100990.41,101005.56,100992.68
13071.372454966,5008,100997.85,97928.3,100994.67,103731.08,101029.18,100991.47,101002.37,100987.64
13071.39294947,5009,100996.79,97923.25,100994.67,103736.17,101022.01,101000.55,101001.3,100988.53
13071.41367939,5010,100997.85,97928.3,100996.74,103743.07,101029.18,101007.5,101014.41,100982.61
13071.434138391,5011,100984.82,97920.25,100996.74,103741.97,101020.1,101003.49,101005.31,100988.53
13071.454799787,5012,100979.76,97929.34,100991.7,103746.35,101017.14,101000.55,101005.31,100992.53
13071.475075701,5013,100996.79,97921.28,100996.74,103747.06,101017.14,101000.55,101006.38,100992.68
13071.499377063,5014,100988.81,97929.34,100989.77,103741.26,101020.1,101003.49,100999.42,100985.57
13071.519843915,5015,100987.74,97920.25,101003.71,103739.07,101019.05,101007.5,101003.43,100986.61
13071.540493874,5016,100993.86,97923.25,100983.69,103748.16,101017.14,100992.53,101013.34,100988.53
13071.560975209,5017,100987.74,97920.25,100981.62,103732.18,101007.01,101013.62,101006.38,100993.57
13071.581582994,5018,100995.72,97923.25,100993.77,103739.07,101017.14,101008.56,101010.39,100989.57
13071.602057739,5019,100984.82,97924.28,100983.69,103743.07,101011.02,101008.56,101003.43,100988.53
13071.623057557,5020,100990.94,97931.3,100989.63,103742.36,101019.05,101000.55,101014.41,100986.61
13071.645257821,5021,100987.74,97921.28,100995.7,103728.89,101011.02,101001.61,101003.43,100986.61
13071.6673822,5022,101001.85,97916.22,100996.74,103747.06,101013.13,101004.55,101004.5,100986.61
13071.68784056,5023,100995.72,97916.22,100987.69,103735.08,101014.18,101000.55,101009.33,100994.61
13071.708492021,5024,100996.79,97923.25,100989.77,103736.88,101019.05,101013.62,101011.46,100994.61
13071.728639241,5025,100995.72,97920.25,100983.69,103747.06,101009.97,101001.61,101011.46,100978.61
13071.749671087,5026,100997.85,97916.22,100996.74,103743.07,101011.02,101004.55,101010.39,100994.61
13071.770172743,5027,100995.72,97921.28,100987.69,103749.25,101021.15,101000.55,101002.37,100996.68
13071.791088354,5028,100989.87,97919.22,100991.7,103740.17,101020.1,101003.49,101009.33,100988.68
13071.811178366,5029,100987.74,97911.16,100993.77,103737.27,101020.1,100998.42,101014.41,100986.61
13071.835451174,5030,100984.82,97917.25,100984.73,103753.25,101020.96,101009.62,101009.33,100994.61
13071.855445452,5031,100991.73,97921.28,100993.77,103743.07,101012.08,100991.47,101015.47,100986.61
13071.876536559,5032,100995.72,97921.28,100995.7,103743.07,101013.13,101009.62,100993.27,100990.61
13071.896518468,5033,100995.72,97913.23,100984.73,103739.07,101016.09,100988.53,101010.39,100989.57
13071.917584717,5034,100988.81,97911.16,100987.69,103751.44,101020.1,101003.49,101008.26,100986.61
13071.938030627,5035,100995.72,97909.2,100994.81,103743.07,101020.1,101007.5,101009.33,100987.64
13071.958773447,5036,100996.79,97913.23,100992.74,103744.16,101027.07,101003.49,101001.3,100995.64
13071.978648324,5037,100995.72,97915.19,100989.63,103740.17,101019.05,101013.62,101010.39,100982.61
13072.00286644,5038,100995.72,97919.22,100997.78,103743.07,101016.09,101000.55,100993.27,100990.61
13072.023551482,5039,101004.77,97929.34,100999.71,103741.26,101015.04,100992.53,101006.38,100984.53
13072.044004955,5040,100987.74,97917.25,100995.7,103740.17,101019.05,100999.49,101012.53,100993.57
13072.064511146,5041,100993.59,97907.14,100988.73,103749.25,101011.02,101001.61,101011.46,100993.57
13072.085706531,5042,100982.96,97921.28,100987.69,103743.07,101016.09,101001.61,101010.39,100981.57
13072.105805316,5043,100983.75,97921.28,100988.73,103743.07,101015.04,101006.67,101008.51,100998.61
13072.126657992,5044,100981.62,97915.19,100986.66,103759.43,101027.07,100999.49,101011.46,100994.61
13072.150397254,5045,100991.73,97915.19,100998.81,103743.07,101015.04,100996.54,101010.39,100986.61
13072.172078933,5046,100992.8,97920.25,100987.69,103747.06,101012.08,100999.49,101005.31,100995.64
13072.191446323,5047,100996.79,97903.11,100989.77,103744.16,101015.04,101000.55,100995.4,100994.61
13072.212050263,5048,100996.79,97911.16,100995.7,103741.26,101008.06,101001.61,101004.5,100994.61
13072.234181202,5049,100995.72,97911.16,100991.7,103747.06,101012.08,100999.49,101009.33,100986.61
13072.253072942,5050,100996.79,97909.2,100996.74,103747.06,101014.18,101000.55,101007.45,100986.61
13072.273613526,5051,100987.74,97915.19,100997.78,103731.08,101011.02,101000.55,101004.5,100994.61
13072.294076443,5052,100991.73,97920.25,100995.7,103748.16,101012.08,101004.55,101003.43,100991.5
13072.318366477,5053,100995.72,97917.25,100992.74,103744.16,101014.18,101008.56,101013.34,100995.64
13072.338849764,5054,100997.85,97911.16,100983.69,103748.16,101012.08,100992.53,101003.18,100986.61
13072.359514356,5055,100987.74,97925.31,100996.74,103756.15,101019.05,101000.55,101002.37,100984.53
13072.3799758,5056,101005.84,97915.19,100995.7,103750.35,101011.02,100999.49,101002.37,100992.68
13072.400578809,5057,100987.74,97919.22,100995.7,103743.45,101019.05,100999.49,101014.41,100994.61
13072.421219303,5058,100997.85,97915.19,100998.81,103749.25,101011.02,101003.49,101005.31,100987.64
13072.441613176,5059,100990.94,97924.28,100989.77,103743.07,101017.14,101010.68,101014.41,100978.61
13072.462189523,5060,100995.72,97921.28,100987.69,103752.15,101029.18,101000.55,101005.31,100987.64
13072.486381339,5061,100986.95,97911.16,100973.61,103748.16,101020.1,101001.61,101011.46,100989.57
13072.506886319,5062,100996.79,97907.14,100995.7,103743.07,101013.13,100991.47,101013.34,101002.61
13072.527535738,5063,100983.75,97913.23,100987.69,103745.26,101013.13,101005.61,101001.3,100994.61
13072.548126277,5064,101000.78,97912.2,100979.69,103742.36,101020.1,101005.61,101015.47,100981.57
13072.56867936,5065,100987.74,97911.16,100990.66,103735.08,101014.18,101003.49,101019.49,100986.61
13072.589054844,5066,100987.74,97919.22,100987.69,103743.07,101019.05,101008.56,101011.46,100994.61
13072.60959664,5067,100979.76,97907.14,100987.69,103739.07,101016.09,100993.6,100994.34,100994.61
13072.630075561,5068,100989.87,97915.19,100992.74,103747.06,101008.06,101005.61,101006.38,100989.57
13072.654419898,5069,100996.79,97922.22,100985.62,103749.25,101027.07,101002.67,101011.46,100987.64
13072.674852548,5070,100997.85,97923.25,100988.73,103740.17,101014.18,100995.48,101006.38,100996.53
13072.695524771,5071,100996.79,97917.25,100988.73,103746.35,101014.18,101001.61,101003.43,100986.61
13072.715997623,5072,100987.74,97914.26,100995.7,103750.35,101019.05,100999.72,101010.39,100990.61
13072.736531527,5073,101005.56,97929.34,100987.69,103743.07,101021.15,101009.62,101005.31,100992.68
13072.757081094,5074,100997.85,97920.25,100984.73,103748.16,101012.08,101005.61,101006.38,100986.61
13072.777621708,5075,100988.81,97903.11,100994.67,103747.06,101020.1,100997.6,101011.46,100986.61
13072.798128271,5076,100995.72,97912.2,100987.69,103742.36,101017.14,100995.48,101011.46,100984.53
13072.8224216,5077,100991.73,97911.16,100987.69,103750.35,101019.05,101000.55,101010.39,100992.53
13072.842949575,5078,100991.73,97915.19,100979.69,103747.45,101013.13,101000.55,101014.41,100992.53
13072.863572383,5079,100988.81,97913.23,100997.78,103750.35,101011.02,100993.6,101005.56,100988.53
13072.884085997,5080,100999.71,97903.11,100977.76,103732.18,101012.08,101000.55,101010.39,100987.64
13072.904708134,5081,100981.89,97912.2,100993.63,103731.08,101015.04,101003.49,101015.47,100987.64
13072.925120374,5082,100988.81,97904.14,100991.7,103741.26,101013.13,101004.55,101009.33,100994.61
13072.945665615,5083,100990.66,97908.17,100991.7,103741.26,101017.14,101001.61,101012.53,100987.64
13072.966343436,5084,100993.86,97915.19,100983.69,103742.36,101021.15,101003.49,101010.39,100993.57
13072.990456062,5085,100987.74,97907.14,100987.69,103747.45,101024.11,101002.67,101002.37,100986.61
13073.010873089,5086,100997.85,97919.22,100987.69,103751.44,101014.18,101013.62,101002.37,100986.61
13073.0315176,5087,100995.72,97911.16,100991.7,103749.25,101022.21,101003.49,101011.46,100984.53
13073.05212156,5088,100990.94,97913.23,100991.7,103748.16,101012.08,101008.56,101003.43,100986.61
13073.072766151,5089,100989.87,97919.22,100996.74,103743.45,101020.1,101008.56,101015.47,100994.61
13073.093101885,5090,100997.85,97912.2,100991.7,103740.17,101019.05,100999.49,101010.39,100986.61
13073.113678844,5091,100996.79,97908.17,100994.67,103753.25,101019.05,101011.74,101008.26,100990.61
13073.134183394,5092,100992.8,97913.23,100991.7,103743.07,101012.08,101003.49,101005.56,100987.64
13073.15843499,5093,101004.77,97921.28,100986.66,103736.88,101021.15,101000.55,100997.28,100979.64
13073.178470881,5094,100999.71,97911.16,100987.69,103743.45,101012.08,100992.53,101003.43,100986.61
13073.200180743,5095,100984.82,97909.2,100983.69,103751.44,101023.26,100999.49,101003.43,100991.64
13073.219648304,5096,100980.83,97912.2,100987.69,103747.06,101016.94,101005.61,101007.45,100986.61
13073.240578948,5097,100988.81,97905.17,100987.69,103739.07,101029.18,101008.56,101015.47,100986.61
13073.26110495,5098,100999.71,97913.23,100995.7,103755.44,101024.11,101011.74,101013.59,100988.53
13073.281668068,5099,100991.73,97903.11,100985.62,103744.16,101017.14,101005.37,101003.43,100987.64
13073.302100999,5100,100997.85,97912.2,100999.71,103740.17,101014.18,100992.53,101010.39,100986.61
13073.325888163,5101,100983.75,97915.29,100995.7,103745.26,101020.1,100995.48,101003.43,100985.57
13073.346464441,5102,100997.85,97913.23,100987.69,103739.07,101013.13,101005.61,101010.39,100985.57
13073.367007178,5103,100996.79,97911.16,100991.7,103740.17,101023.06,100993.6,100997.53,100989.57
13073.387611238,5104,100996.79,97910.13,100989.77,103738.36,101019.05,101002.67,101013.59,100986.61
13073.410486623,5105,100979.76,97907.14,100989.77,103755.44,101018.19,101001.61,101013.59,100986.61
13073.428678856,5106,100988.81,97908.17,100983.69,103750.35,101028.13,101001.61,101003.43,100986.61
13073.449741088,5107,100992.8,97895.06,100987.69,103744.16,101014.18,100995.48,101020.56,100986.61
13073.473411706,5108,100996.79,97912.2,100991.7,103742.36,101020.1,100992.53,101012.53,100991.64
13073.493860071,5109,101001.85,97917.25,100987.69,103751.44,101021.15,101004.55,101003.43,100986.61
13073.514519164,5110,100988.81,97916.22,100979.69,103740.17,101022.21,101009.62,100995.4,100991.64
13073.534959536,5111,101001.85,97909.2,100989.77,103747.06,101014.18,101003.49,100999.42,100985.57
13073.555585369,5112,100988.02,97917.25,100979.69,103734.37,101016.09,101005.61,101012.53,100996.68
13073.576393477,5113,100979.76,97912.2,100989.77,103757.24,101012.08,101008.56,100997.53,100990.61
13073.596687749,5114,100983.75,97913.23,100988.73,103746.35,101016.09,101005.61,101008.51,100987.64
13073.617679555,5115,100996.79,97911.16,100993.77,103748.16,101016.09,101000.55,101003.43,100994.61
13073.641410504,5116,100982.96,97909.2,100987.69,103731.08,101021.15,101004.55,101000.48,100997.57
13073.661869114,5117,100992.8,97915.19,100994.67,103750.35,101019.05,100993.6,101003.43,100986.61
13073.682522208,5118,100996.79,97902.18,100986.8,103750.35,101013.13,100995.48,100999.42,100978.61
13073.703031114,5119,100997.85,97909.2,100994.81,103746.35,101011.02,100992.53,101012.53,100986.61
13073.723537236,5120,100981.89,97911.16,100988.73,103743.07,101007.01,100997.6,101005.56,100986.61
13073.744050278,5121,100999.99,97913.13,100993.77,103748.16,101013.13,101003.49,101012.53,100995.64
13073.76618957,5122,100995.72,97920.25,100993.63,103734.37,101014.18,101000.55,101002.37,100986.61
13073.785136274,5123,100988.81,97920.25,100995.7,103740.17,101020.1,100996.54,101004.5,100988.68
13073.809424065,5124,100988.81,97909.2,100989.77,103742.36,101011.02,101004.55,101011.46,100986.61
13073.829864006,5125,101001.85,97913.23,100987.69,103751.06,101019.25,101015.51,101007.45,100994.61
13073.850532163,5126,100993.86,97917.25,100987.69,103749.25,101014.18,101004.55,101003.43,100998.61
13073.871044164,5127,100997.85,97905.17,100987.69,103743.45,101016.09,101000.55,101007.45,100985.57
13073.891627653,5128,100989.87,97909.2,100987.69,103743.07,101014.18,101009.62,101011.46,100978.61
13073.91218363,5129,100989.87,97913.23,100996.74,103744.16,101019.05,101005.61,101007.45,100985.57
13073.932763313,5130,100998.92,97909.2,100991.7,103755.44,101012.08,100999.49,101013.59,100989.57
13073.953575878,5131,101007.69,97911.16,100996.74,103739.07,101021.15,100991.47,101012.53,100996.68
13073.977430264,5132,100996.79,97908.17,100981.76,103743.07,101015.23,101003.49,100996.47,100986.61
13073.997914623,5133,100986.95,97912.2,100994.67,103743.45,100997.08,100997.6,101003.43,100978.61
13074.018599255,5134,100987.74,97921.28,100986.66,103742.36,101013.13,100997.6,101005.56,100982.61
13074.039062181,5135,100989.87,97901.15,100980.72,103747.06,101013.13,100996.54,101017.61,100978.61
13074.061098567,5136,100988.81,97913.23,100985.62,103747.06,101009.11,101009.62,101001.55,100986.61
13074.080098611,5137,100996.79,97904.14,100985.76,103743.07,101021.15,101009.62,101011.46,100982.61
13074.100705336,5138,101000.78,97912.2,100988.73,103750.35,101020.1,100992.53,101008.51,100995.64
13074.121174311,5139,100987.74,97912.2,100996.74,103735.46,101016.28,101001.61,101003.43,100989.57
13074.145451035,5140,100988.81,97903.11,100987.69,103751.44,101011.02,101014.68,101004.5,100987.64
13074.165920472,5141,100995.72,97904.14,100987.69,103741.26,101016.09,101009.62,101007.45,100986.61
13074.18714475,5142,100985.88,97909.2,100980.72,103746.35,101013.13,101010.68,101009.58,100986.61
13074.207036672,5143,100983.75,97903.11,100992.74,103741.26,101014.18,101000.55,101011.46,100986.61
13074.227731109,5144,100989.87,97908.17,100980.72,103744.16,101022.21,101007.5,101005.56,100986.61
13074.248080324,5145,100989.87,97913.23,100990.66,103746.35,101021.15,101007.5,101008.51,100986.61
13074.268682881,5146,100989.87,97911.16,100984.73,103755.44,101020.1,101001.37,100993.27,100988.68
13074.28992101,5147,100979.76,97907.14,100991.7,103743.07,101013.13,100997.6,101003.43,100998.61
13074.313452087,5148,100979.76,97919.22,100987.69,103743.45,101022.21,100999.49,101013.59,100994.61
13074.335039584,5149,100980.83,97895.06,100996.74,103745.26,101015.23,100996.54,101002.37,100987.64
13074.354508047,5150,100987.74,97900.11,100993.77,103744.16,101019.25,101008.56,100988.44,100986.61
13074.375528837,5151,100996.79,97910.23,100989.77,103751.44,101016.09,100993.6,101003.43,100990.61
13074.395698089,5152,100997.85,97903.11,100993.77,103747.06,101014.18,101001.61,101004.5,100987.64
13074.416133765,5153,100998.92,97916.22,100983.69,103742.36,101008.06,101008.56,101015.47,100993.57
13074.436679166,5154,100986.95,97916.22,100983.69,103736.88,101019.25,101005.61,101007.45,100998.61
13074.457052036,5155,100992.01,97905.17,100995.7,103743.07,101022.21,101003.49,101005.56,100985.57
13074.481477916,5156,100990.94,97911.16,100987.69,103740.17,101023.26,101000.55,101011.46,100990.61
13074.501539345,5157,100984.82,97912.2,100984.73,103751.44,101014.18,101007.5,101004.5,100983.64
13074.522563721,5158,100979.76,97901.15,100987.69,103755.05,101017.14,101007.5,101007.45,100989.57
13074.542613463,5159,100996.0,97913.23,100995.7,103751.06,101022.21,101009.62,100993.52,100986.61
13074.563604608,5160,100984.82,97913.23,100995.7,103747.06,101008.92,101001.61,101004.5,100993.57
13074.583726959,5161,100997.85,97907.14,100987.69,103746.35,101013.13,100999.49,101002.37,100984.53
13074.604988604,5162,100985.88,97903.11,100988.73,103743.07,101022.21,101005.61,100996.47,100986.61
13074.626218891,5163,100989.87,97904.14,100996.74,103747.45,101011.02,101003.49,100995.4,100978.61
13074.648900883,5164,100984.82,97913.23,100988.73,103743.45,101022.21,101007.5,101001.55,100993.72
13074.669584343,5165,100984.82,97897.12,100987.69,103739.07,101020.1,100996.54,101007.45,100995.64
13074.690526244,5166,100987.74,97905.17,100985.62,103743.07,101013.13,100984.52,101003.43,100985.57
13074.710605531,5167,100987.74,97913.23,100984.73,103750.35,101012.08,100997.6,101010.39,100982.61
13074.731689737,5168,100981.89,97914.26,100991.7,103747.06,101017.14,101000.55,101004.5,100986.61
13074.753374781,5169,100996.79,97917.25,100987.69,103745.26,101019.25,101009.62,101003.43,100986.61
13074.772737404,5170,100998.92,97904.14,100997.78,103734.37,101017.14,100988.53,100999.42,100991.64
13074.796444747,5171,100983.75,97913.23,100989.77,103742.36,101009.11,101002.67,101001.3,100991.64
13074.816944579,5172,100979.76,97909.2,100997.78,103752.15,101014.18,100999.49,101007.45,100986.61
13074.83753611,5173,100997.85,97917.25,100981.76,103743.07,101018.19,101000.55,101003.43,100990.61
13074.858019348,5174,100995.72,97913.23,100987.69,103747.06,101018.19,100993.6,101002.37,100985.57
13074.878632812,5175,100983.75,97905.17,100986.66,103752.15,101012.08,101000.55,101003.43,100987.64
13074.899121447,5176,100997.85,97909.2,100989.77,103747.45,101015.23,100993.6,101011.46,100986.61
13074.919721661,5177,100990.94,97914.26,100990.81,103749.25,101011.02,101000.55,101007.45,100994.61
13074.940851116,5178,100996.79,97905.17,100989.77,103743.45,101020.1,101011.74,101010.39,100990.61
13074.96459226,5179,100995.72,97911.16,100992.74,103747.45,101013.13,100999.49,101003.43,100992.68
13074.984986383,5180,100994.93,97905.17,100987.69,103750.35,101011.02,101003.49,101003.43,100995.64
13075.005497472,5181,101001.05,97904.14,100989.77,103751.44,101017.14,100996.54,101015.47,100984.53
13075.026092398,5182,100992.8,97917.25,100992.74,103755.44,101020.1,100991.47,101005.31,100986.61
13075.046682066,5183,100991.73,97904.14,100987.69,103747.45,101019.25,101004.55,101007.45,100990.61
13075.067111142,5184,100992.8,97905.17,100997.78,103732.18,101013.13,101005.61,101003.43,100983.64
13075.087693599,5185,100988.02,97903.11,100990.81,103747.45,101022.21,101000.55,100998.35,100986.61
13075.108131618,5186,100988.81,97913.23,100992.74,103746.35,101013.13,100999.49,100995.4,100993.57
13075.132490196,5187,100995.72,97907.14,100979.69,103743.07,101016.09,101009.62,101014.41,100991.64
13075.153095668,5188,100983.75,97905.17,100994.81,103747.06,101018.19,101000.55,101002.37,100987.64
13075.17517566,5189,100979.76,97911.16,100993.77,103731.08,101009.11,101005.61,100988.44,100986.61
13075.194068893,5190,100990.94,97903.11,100996.74,103755.44,101014.18,101000.55,101003.43,100986.61
13075.214591069,5191,100989.87,97907.14,100988.73,103740.17,101014.18,101005.61,101007.45,100978.61
13075.235082489,5192,100997.85,97905.17,100987.69,103741.26,101013.13,101005.61,101006.38,100986.61
13075.255814231,5193,101002.91,97917.25,100997.78,103751.44,101022.21,100995.48,101004.5,100986.61
13075.27616606,5194,100988.81,97917.25,100989.77,103751.44,101015.04,101001.61,100997.28,100985.57
13075.300474953,5195,100998.92,97909.2,100994.81,103751.44,101008.92,100992.53,101001.3,100990.61
13075.32097122,5196,100992.8,97906.2,100979.69,103757.24,101013.13,101007.5,101004.5,100993.57
13075.341617253,5197,100992.01,97909.2,100977.76,103746.35,101022.21,100991.47,101002.37,100996.68
13075.362228334,5198,100996.79,97914.26,100989.77,103751.44,101012.08,101004.55,100999.42,100991.64
13075.382840977,5199,100999.99,97918.28,100993.77,103750.35,101021.15,101000.55,101003.43,100992.68
13075.40321606,5200,100989.87,97905.17,100995.7,103754.34,101017.14,101003.49,101002.37,100978.61
13075.423884888,5201,100995.72,97910.13,100989.77,103742.36,101013.13,101003.49,101003.43,100994.61
13075.444319602,5202,100988.81,97913.23,100985.76,103742.36,101012.08,101009.62,101011.46,100990.61
13075.468486701,5203,100987.74,97903.11,100983.69,103731.08,101018.19,101004.55,101003.43,100986.61
13075.488948225,5204,100995.72,97911.16,100983.69,103750.35,101020.1,100999.49,100996.47,100988.53
13075.509566447,5205,100988.81,97908.17,100989.77,103747.45,101014.18,101007.5,101012.53,100978.61
13075.530062243,5206,100986.95,97909.2,100994.81,103751.44,101028.13,101001.61,101004.5,100985.57
13075.550641816,5207,100998.92,97909.2,100993.77,103747.06,101007.01,100999.49,101003.43,100986.61
13075.57114302,5208,100988.81,97923.25,100989.77,103755.44,101016.09,101009.62,101007.45,100985.57
13075.591729153,5209,100994.93,97896.09,100993.77,103751.44,101017.14,101000.55,101017.61,100988.68
13075.612200112,5210,100988.81,97912.2,100997.78,103751.44,101014.18,100999.49,101003.43,100986.61
13075.636477287,5211,100997.85,97912.2,100992.74,103746.35,101014.18,101001.61,101003.43,100989.72
13075.656922787,5212,100997.85,97905.17,100993.77,103746.35,101013.13,101009.62,101003.43,100979.64
13075.677621921,5213,100996.79,97913.23,100989.77,103737.27,101009.97,101005.61,101011.46,100987.64
13075.698092919,5214,100998.92,97917.25,100989.77,103746.35,101011.02,101007.5,101017.36,100984.53
13075.718698532,5215,100990.94,97903.11,100989.77,103751.44,101014.18,100992.53,101003.43,100994.61
13075.739158043,5216,100984.82,97899.08,100995.7,103740.17,101016.09,101008.56,101003.43,100992.68
13075.759924188,5217,100996.79,97912.2,100981.76,103750.35,101021.15,101009.62,101005.31,100991.64
13075.780375778,5218,100993.86,97913.23,100992.74,103749.25,101012.08,100994.66,101004.5,100979.64
13075.805680506,5219,100990.94,97912.2,100980.72,103734.37,101011.22,101010.68,101004.5,100987.64
13075.824624095,5220,100990.94,97921.28,100987.69,103751.44,101014.18,100999.49,101003.43,100979.64
13075.8455753,5221,100999.99,97904.14,100988.73,103751.44,101020.1,100999.49,101010.39,100978.61
13075.865645132,5222,100991.73,97913.23,100993.77,103751.44,101015.04,101000.55,101009.58,100994.61
13075.886592251,5223,100980.83,97913.23,100985.76,103742.36,101011.02,100993.36,101010.39,100979.64
13075.907243913,5224,100986.95,97913.23,100995.7,103748.16,101014.18,100999.49,101008.51,100988.68
13075.927713109,5225,100990.94,97909.2,100990.81,103751.44,101017.14,100996.54,101012.53,100978.61
13075.948372753,5226,100997.85,97913.23,100993.77,103742.36,101014.18,101003.49,101007.45,100986.61
13075.971947956,5227,100988.81,97904.14,100993.77,103741.26,101020.1,101009.62,101003.43,100994.61
13075.992550544,5228,100997.85,97909.2,100988.73,103743.45,101016.09,101000.55,100999.42,100990.61
13076.013605175,5229,100993.86,97914.26,100993.77,103751.44,101009.11,101004.55,101011.46,100994.61
13076.033735829,5230,101003.7,97917.25,100994.67,103751.44,101018.19,100995.48,101003.43,100991.64
13076.054811172,5231,100986.95,97917.25,100987.69,103751.44,101016.09,101003.49,101002.37,100999.64
13076.075013985,5232,100993.86,97913.23,100987.69,103747.06,101013.13,100997.36,101009.58,100992.68
13076.095752358,5233,100997.85,97912.2,100988.73,103742.36,101022.21,101007.5,101004.5,100986.61
13076.120071597,5234,100998.92,97913.23,100988.73,103747.45,101011.02,101008.56,100999.17,100989.57
13076.139935918,5235,100981.89,97913.23,100990.66,103747.45,101015.23,101003.49,101002.37,100984.53
13076.160595252,5236,100988.81,97903.11,100978.65,103743.45,101011.02,101004.55,101008.51,100986.61
13076.181076256,5237,100988.81,97913.23,100997.78,103747.45,101017.14,101001.61,101005.56,100985.57
13076.201784133,5238,100982.96,97911.16,100991.7,103750.35,101022.21,101001.61,101000.48,100990.61
13076.222167208,5239,100986.95,97911.16,100996.74,103742.36,101017.14,101009.62,101015.47,100986.61
13076.242755244,5240,100987.74,97908.17,100989.77,103749.25,101013.13,100999.49,101003.43,100978.61
13076.263748763,5241,100983.75,97909.2,100983.69,103752.15,101013.13,101013.62,100995.4,100978.61
13076.287527484,5242,100988.81,97907.14,100989.77,103738.36,101017.14,100999.49,101013.59,100980.68
13076.307946995,5243,101006.9,97905.17,100996.74,103755.44,101013.13,101003.49,100996.47,100986.61
13076.328605637,5244,100998.92,97913.23,100988.73,103751.44,101013.13,100993.6,101011.46,100991.64
13076.349029054,5245,100985.88,97911.26,100987.69,103744.16,101021.15,101000.55,101003.43,100990.61
13076.369816311,5246,100990.94,97913.23,100989.77,103755.44,101021.15,101000.55,100999.42,100994.61
13076.390164034,5247,100989.87,97917.25,100989.77,103743.45,101021.15,101000.55,101008.51,100997.72
13076.410751829,5248,100985.88,97907.14,100991.7,103751.44,101020.1,101008.56,101011.46,100988.68
13076.431271311,5249,100984.82,97905.17,100997.78,103742.36,101019.05,101000.55,101012.53,100987.64
13076.455487063,5250,100988.81,97911.16,100988.73,103743.45,101013.13,100992.53,101015.47,100986.61
13076.475967095,5251,100982.96,97915.19,100991.7,103740.17,101013.13,100999.49,101007.45,100986.61
13076.496591266,5252,100997.85,97906.2,100993.77,103738.36,101012.08,100996.54,101000.48,100974.6
13076.517116267,5253,100989.87,97912.2,100989.77,103751.44,101029.18,100997.6,101003.43,100990.61
13076.53915088,5254,101004.77,97913.23,100983.69,103748.16,101011.02,101001.61,101011.46,100978.61
13076.558258126,5255,100988.02,97908.17,100996.74,103742.36,101021.15,101007.5,101016.54,100999.64
13076.579051062,5256,100998.92,97913.23,100985.76,103743.07,101017.14,100999.49,100998.35,100986.61
13076.599479246,5257,100996.79,97913.23,100988.73,103749.25,101030.23,101003.49,101004.5,100986.61
13076.62352422,5258,100994.93,97908.17,100997.78,103743.45,101006.15,100997.36,101001.3,100986.61
13076.643960826,5259,100990.94,97913.23,100989.77,103751.44,101017.14,100992.53,101000.48,100988.68
13076.664706821,5260,100990.94,97908.17,100995.7,103750.35,101023.26,101004.55,101012.53,100986.61
13076.685190709,5261,100988.81,97901.15,100991.7,103750.35,101018.19,101005.61,101012.53,100987.64
13076.705804163,5262,100990.94,97904.14,100996.74,103751.44,101013.13,100992.53,101005.56,100984.68
13076.726235793,5263,100990.94,97905.17,100996.74,103747.45,101017.14,101002.67,101010.39,100994.61
13076.746744719,5264,100989.87,97911.16,100989.77,103749.25,101022.21,100993.6,101004.5,100985.57
13076.76826252,5265,100990.94,97907.23,100988.73,103751.44,101012.08,101001.61,101011.46,100990.61
13076.791529167,5266,100992.01,97908.17,100991.7,103750.35,101017.14,101001.61,100996.47,100988.68
13076.812001668,5267,100989.87,97901.15,100997.78,103746.35,101020.1,101001.61,100995.4,100979.64
13076.832611537,5268,100981.89,97904.14,100988.73,103749.25,101020.1,101007.5,101011.46,100986.61
13076.853186743,5269,100999.99,97917.25,100989.77,103751.44,101020.1,101011.5,101003.43,100986.61
13076.873672094,5270,100999.71,97905.17,100987.69,103749.25,101017.14,100992.53,100998.35,100986.61
13076.894190104,5271,100998.92,97906.2,100989.77,103751.44,101022.21,100998.42,101015.47,100990.61
13076.914756937,5272,100980.83,97906.11,100997.78,103743.45,101003.0,101001.61,101011.46,100988.68
13076.935245352,5273,100997.85,97904.14,100988.73,103750.35,101013.13,100996.54,101004.5,100987.64
13076.959519583,5274,100995.72,97905.17,100989.77,103751.44,101014.18,101001.61,101012.53,100994.61
13076.979615104,5275,100989.87,97903.11,100993.77,103747.45,101016.09,100996.54,101008.51,100983.64
13077.002115952,5276,100988.02,97899.08,100987.69,103739.46,101022.21,101004.55,101003.43,100979.64
13077.021207715,5277,100981.89,97917.25,100986.8,103751.44,101029.18,100995.48,100991.39,100986.61
13077.041705294,5278,100988.81,97905.17,100989.77,103751.44,101015.04,101001.61,101002.37,100987.64
13077.062243975,5279,100989.87,97905.17,100990.81,103753.25,101013.13,101004.55,101003.43,100986.61
13077.08273907,5280,100992.01,97912.2,100990.81,103743.45,101013.13,101002.43,101011.46,100986.61
13077.103259154,5281,100994.93,97909.2,100987.69,103750.35,101021.15,101001.61,101005.56,100986.61
13077.127558622,5282,100996.79,97913.23,100993.77,103739.46,101021.15,101009.62,101007.45,100982.61
13077.147565158,5283,100985.88,97906.2,100988.73,103742.36,101012.08,101000.55,101011.46,100983.64
13077.168660361,5284,100994.93,97905.17,100989.77,103747.45,101012.08,101016.57,100995.4,100987.64
13077.189153974,5285,100981.89,97915.29,100990.81,103751.44,101004.05,101004.55,101012.53,100981.57
13077.209664603,5286,101002.91,97914.26,100989.77,103747.45,101020.1,100997.6,101011.46,100996.68
13077.229940967,5287,100990.94,97911.16,100987.69,103743.45,101023.06,101000.55,101003.43,100978.61
13077.251013546,5288,100990.94,97903.11,100985.76,103753.63,101018.19,101003.49,101003.43,100978.61
13077.27449662,5289,101003.7,97908.17,100989.77,103747.45,101014.18,100993.36,101003.43,100988.68
13077.294996522,5290,100992.01,97912.2,100996.74,103751.44,101019.05,101000.55,101016.54,100990.75
13077.315587192,5291,100993.86,97912.2,100995.7,103749.25,101026.22,101003.49,101013.59,100987.64
13077.336659951,5292,100981.89,97916.22,100983.69,103746.35,101021.15,100993.6,101011.46,100986.61
13077.356730604,5293,100979.76,97912.2,100989.77,103746.35,101021.15,101001.61,100999.42,100986.61
13077.377729972,5294,100990.94,97915.29,100997.78,103746.35,101023.26,100994.66,100999.42,100986.61
13077.397788567,5295,100989.87,97904.14,100993.77,103762.72,101005.1,101007.5,101010.39,100978.61
13077.418836278,5296,100988.02,97905.17,100995.7,103751.44,101008.06,100992.53,101004.5,100993.57
13077.4425166,5297,100990.94,97904.14,100997.78,103750.35,101015.23,101007.5,101002.37,100986.61
13077.463035511,5298,100992.8,97913.23,100989.63,103754.34,101009.11,100991.47,101011.46,100994.61
13077.483642325,5299,100998.92,97899.08,100991.7,103747.45,101018.19,101008.56,101013.59,100988.68
13077.504220046,5300,100988.81,97913.23,100992.74,103747.45,101011.02,100999.49,101009.58,100991.64
13077.524640738,5301,100996.79,97912.2,100990.81,103754.34,101019.25,100992.53,100994.34,100987.64
13077.545248193,5302,100988.02,97913.23,100981.76,103746.35,101022.21,101004.55,101012.53,100988.68
13077.565807346,5303,100982.96,97897.12,100984.73,103747.06,101014.18,101013.62,101003.43,100984.68
13077.58702239,5304,100984.03,97909.2,100989.77,103751.44,101013.13,101008.56,100996.47,100981.57
13077.610537262,5305,100974.98,97904.14,100989.77,103750.35,101014.18,100993.6,101008.51,100978.61
13077.630963623,5306,100988.81,97913.23,100989.77,103751.44,101021.15,101011.74,101011.46,100986.61
13077.651624018,5307,100992.8,97914.16,100992.74,103751.44,101013.13,101010.68,101000.48,100990.61
13077.676047544,5308,100986.95,97905.17,100989.77,103750.35,101021.15,101001.61,101012.53,100987.64
13077.692830696,5309,100992.01,97913.23,100991.7,103750.35,101013.13,100997.6,101007.45,100988.68
13077.713172259,5310,100981.89,97912.2,100988.73,103749.25,101009.11,101009.62,101020.56,100986.61
13077.733794276,5311,100995.72,97915.19,100988.73,103747.45,101012.08,101011.74,101013.34,100986.61
13077.754286136,5312,100986.95,97921.28,100989.77,103750.35,101023.26,101001.61,100998.35,100988.68
13077.778521087,5313,100979.76,97905.17,100987.69,103747.45,101013.13,100985.58,101005.56,100988.68
13077.800075875,5314,100993.86,97905.17,100992.74,103751.44,101021.15,101001.61,101006.38,100989.72
13077.81961218,5315,101003.98,97923.25,100996.74,103751.44,101020.1,101004.55,100996.47,100990.61
13077.840093685,5316,100994.93,97911.16,101004.75,103743.45,101021.15,100996.54,100998.35,100988.68
13077.860669472,5317,100984.82,97906.2,100997.78,103748.16,101012.08,101009.62,100995.4,100980.68
13077.881106289,5318,100996.79,97915.19,100985.76,103739.46,101028.13,100999.49,101012.53,100990.61
13077.901933547,5319,100993.86,97904.14,100990.81,103751.44,101013.13,101020.57,101011.46,100989.72
13077.922216191,5320,100983.75,97912.2,100987.69,103760.53,101021.15,100993.6,100995.4,100996.68
13077.94656229,5321,100985.88,97913.23,100987.69,103747.45,101016.09,101005.61,101005.56,100978.61
13077.967021741,5322,100998.92,97907.14,100991.7,103755.44,101017.14,101001.61,101011.46,100984.68
13077.987589106,5323,100995.72,97913.23,100996.74,103750.35,101018.19,101007.5,101003.43,100987.64
13078.008106936,5324,100988.81,97911.16,100989.77,103750.35,101011.02,101004.55,101003.43,100992.68
13078.028696914,5325,100997.85,97913.23,100987.69,103754.34,101010.17,101000.55,101015.47,100988.68
13078.049245841,5326,100985.88,97911.16,100989.77,103755.44,101020.1,101009.62,101014.41,100990.61
13078.069763851,5327,100989.87,97903.11,101001.78,103750.35,101019.25,100993.6,101007.45,100989.72
13078.090308901,5328,100997.85,97919.22,100987.69,103751.44,101012.08,101004.55,100999.42,100987.64
13078.11456899,5329,100984.82,97904.14,100996.74,103752.54,101016.09,101001.61,100999.42,100987.64
13078.135098878,5330,100991.73,97913.23,100984.58,103755.44,101020.1,101005.61,101005.31,100999.64
13078.155702267,5331,100987.74,97903.11,100983.69,103748.16,101024.11,100989.59,101000.48,100986.61
13078.176188629,5332,100986.95,97901.15,100996.74,103750.35,101014.18,101005.61,101011.46,100985.57
13078.196670695,5333,100983.75,97913.23,100997.78,103750.35,101017.14,101006.44,101004.5,100987.64
13078.217222095,5334,100987.74,97903.11,100992.74,103751.44,101017.14,100999.49,101007.45,100994.61
13078.237839275,5335,100977.9,97903.11,100994.81,103752.54,101014.18,101000.55,101003.43,100989.72
13078.258594363,5336,100985.88,97904.14,100989.77,103743.45,101017.14,101000.55,100999.42,100978.61
13078.282612026,5337,100988.81,97911.16,100991.84,103750.35,101017.14,101001.61,101003.43,100989.72
13078.303017025,5338,100996.0,97900.11,100997.78,103754.34,101021.15,100992.53,101003.43,100987.64
13078.323628957,5339,100988.81,97916.22,100993.77,103749.25,101015.23,101008.56,101015.47,100992.68
13078.344110261,5340,100992.01,97915.19,100990.81,103755.44,101011.02,101009.62,101007.45,100985.57
13078.364714391,5341,100987.74,97909.2,100989.77,103749.25,101020.1,100999.49,100999.42,100986.61
13078.385209586,5342,100984.82,97905.17,100989.77,103755.44,101017.14,101001.61,101005.56,100986.61
13078.405785594,5343,100990.94,97909.2,100986.8,103751.44,101014.18,101006.67,101015.47,100986.61
13078.426255411,5344,100997.85,97905.17,100993.77,103755.44,101007.01,100995.48,100998.35,100979.64
13078.450583833,5345,101000.78,97913.23,100993.77,103745.26,101016.09,101000.55,101003.43,100996.68
13078.470602278,5346,100990.94,97913.23,100989.77,103751.44,101009.11,100999.49,101006.38,100989.72
13078.491655307,5347,100984.82,97909.2,100989.77,103750.35,101023.06,101001.61,101010.39,100978.61
13078.511965082,5348,100980.83,97913.23,100996.74,103751.44,101012.08,100992.53,101004.5,100987.64
13078.532682323,5349,100990.94,97915.29,100988.73,103751.44,101017.14,101001.61,101011.46,100988.68
13078.553212301,5350,100997.85,97906.2,100985.76,103750.35,101021.15,101007.5,101016.54,100988.68
13078.573954159,5351,100989.87,97905.17,100991.7,103750.35,101018.19,100992.53,100996.47,100988.68
13078.597545677,5352,100995.72,97904.14,100988.73,103751.44,101016.09,100996.54,101010.39,100986.61
13078.618021092,5353,100995.72,97905.17,100989.77,103747.45,101024.31,101001.61,101007.45,100991.64
13078.638618162,5354,100996.79,97903.21,100988.73,103750.35,101024.11,101003.73,101012.53,100986.61
13078.659750341,5355,101000.78,97913.23,100988.73,103751.44,101020.1,101001.61,101011.46,100989.72
13078.679704378,5356,100997.85,97905.17,100996.74,103763.43,101014.18,100993.6,101003.43,100994.75
13078.700722734,5357,100987.74,97907.14,100995.85,103749.64,101018.19,101000.55,101007.45,100978.61
13078.720784975,5358,100989.87,97907.14,100989.77,103751.44,101020.3,101000.55,101003.43,100985.72
13078.743282288,5359,100999.71,97912.2,100989.77,103747.45,101013.13,100996.54,101008.51,100983.64
13078.765551747,5360,100998.92,97905.17,100989.77,103751.44,101017.14,100997.6,101007.45,100986.61
13078.786047803,5361,100996.79,97912.2,100989.77,103747.45,101017.14,100995.48,101015.47,100987.64
13078.80809085,5362,100995.72,97915.29,100995.7,103740.17,101022.21,101008.56,101015.47,100987.64
13078.827110513,5363,100987.74,97913.23,100987.69,103755.44,101012.08,101007.5,101005.31,100990.61
13078.847685089,5364,100979.76,97905.17,100989.77,103743.45,101016.09,101001.61,101013.59,100982.61
13078.868503122,5365,100988.81,97914.26,100984.73,103765.23,101019.05,100995.48,101011.46,100986.61
13078.888809042,5366,100992.01,97905.17,100983.69,103754.34,101019.05,100995.48,101004.5,100988.68
13078.909850683,5367,100989.87,97913.23,100996.74,103751.44,101021.15,101002.43,101011.46,100988.68
13078.933552688,5368,100986.95,97909.2,100995.7,103747.45,101012.08,101003.49,101005.56,100978.61
13078.954057658,5369,100996.0,97913.23,100987.69,103751.44,101017.14,101000.55,101003.43,100985.72
13078.974614497,5370,100996.79,97913.23,100985.76,103747.45,101016.09,100991.47,101003.43,100989.57
13078.995162562,5371,101000.78,97903.21,100988.73,103750.35,101013.13,101004.55,101011.46,100992.68
13079.015737068,5372,100984.03,97909.2,100988.73,103751.44,101017.14,101004.55,101013.59,100994.61
13079.036270992,5373,100999.99,97915.29,101006.82,103751.44,101012.08,101008.56,101003.43,100991.64
13079.056773829,5374,100989.87,97921.28,100983.69,103747.45,101021.15,101002.67,101011.46,100994.61
13079.07727308,5375,100984.82,97913.23,100997.78,103737.27,101012.08,101007.5,101003.43,100991.64
13079.101555543,5376,100984.82,97914.26,100996.74,103747.45,101020.1,101000.55,101012.53,100980.68
13079.122050268,5377,101004.77,97913.23,100981.76,103751.44,101005.1,101005.61,101011.46,100986.61
13079.142664423,5378,100993.86,97913.23,100989.77,103755.44,101017.14,101001.61,101012.53,100978.61
13079.163154741,5379,100985.88,97918.28,100989.77,103747.45,101018.19,101004.55,101011.46,100978.61
13079.183661674,5380,100993.86,97915.29,100989.77,103752.54,101004.05,101000.55,101005.56,100979.64
13079.204189338,5381,100998.92,97905.17,100988.73,103751.44,101006.15,101005.61,100999.42,100995.64
13079.22480797,5382,100981.89,97914.26,100987.69,103750.35,101020.1,101000.55,101003.43,100986.61
13079.245278439,5383,100998.92,97905.17,100989.77,103743.45,101021.15,100988.53,101013.59,100979.64
13079.269568773,5384,100980.83,97914.26,100992.74,103747.45,101022.21,101000.55,101007.45,100987.64
13079.290121696,5385,100995.72,97911.26,100989.77,103755.44,101009.11,101001.61,101007.45,100986.61
13079.310756873,5386,100999.99,97905.17,100989.77,103751.44,101010.17,100986.64,100995.4,100988.68
13079.331153439,5387,100990.94,97909.2,100996.74,103755.44,101014.18,101005.61,101003.43,100986.61
13079.351690929,5388,100989.87,97915.19,100993.77,103755.44,101022.21,101003.49,101006.38,100991.64
13079.37243488,5389,100997.85,97904.14,100987.69,103747.45,101018.19,100998.66,101007.45,100988.68
13079.39289368,5390,100997.85,97901.15,100991.7,103747.45,101017.14,101009.62,101005.56,100983.64
13079.413328795,5391,100985.88,97906.2,100989.77,103751.44,101020.1,100999.49,101003.43,100988.68
13079.437582514,5392,100993.86,97909.2,100988.73,103751.44,101018.19,100999.49,101001.55,100976.68
13079.45803178,5393,100988.81,97903.11,100989.77,103752.54,101015.23,100995.48,101012.53,100987.64
13079.478699847,5394,100984.03,97918.28,100977.76,103759.43,101016.09,101017.63,101004.5,100991.64
13079.499227041,5395,100988.02,97913.23,100989.77,103759.43,101022.21,100995.48,100999.42,100979.64
13079.519783319,5396,100984.82,97914.26,100989.77,103742.36,101016.09,101007.5,101003.43,100993.57
13079.54026269,5397,100994.93,97906.2,100997.78,103749.25,101011.02,101009.62,100987.37,100986.61
13079.560857657,5398,100980.83,97913.23,100988.73,103754.34,101012.08,100993.6,101000.48,100994.75
13079.581328505,5399,100981.89,97900.11,100998.81,103751.44,101015.23,101001.61,101003.43,100979.64
13079.606265568,5400,100999.99,97915.29,100983.69,103752.54,101013.13,101013.62,101011.46,100988.68
13079.625681511,5401,100983.75,97905.17,100980.72,103759.43,101012.08,101000.55,100995.4,100987.64
13079.647166093,5402,100982.96,97913.23,100989.77,103751.44,101022.21,100993.6,101003.43,100994.75
13079.667224878,5403,100999.99,97907.23,100989.77,103747.45,101022.21,101001.61,101012.53,100986.61
13079.687886996,5404,100997.06,97914.26,100998.81,103750.35,101012.08,100993.6,101011.46,100990.61
13079.708243101,5405,100996.79,97908.17,100989.77,103751.44,101021.15,101001.61,100992.45,100989.72
13079.728854552,5406,100998.92,97907.23,100985.76,103748.16,101012.08,100999.49,101012.53,100987.64
13079.749415156,5407,100998.92,97905.17,100989.77,103752.54,101012.08,101006.67,100999.42,100991.64
13079.773603006,5408,100997.85,97906.2,100991.7,103755.44,101013.13,101001.61,101005.56,100990.61
13079.793637835,5409,100985.88,97904.14,100988.73,103750.35,101021.15,101003.49,100997.53,100986.61
13079.814777806,5410,101002.91,97918.28,100989.77,103747.45,101021.15,101008.56,101008.51,100984.68
13079.835237878,5411,100985.88,97905.17,101005.79,103755.44,101013.13,101001.61,101012.53,100988.68
13079.8557177,5412,100993.86,97920.25,101005.79,103756.53,101021.15,101000.55,101000.48,100987.64
13079.876357745,5413,100979.76,97914.26,100989.77,103752.54,101017.14,100995.48,101003.43,100984.68
13079.897235589,5414,100994.93,97913.23,100989.77,103752.54,101031.28,100996.54,101003.43,100987.64
13079.920556688,5415,100987.74,97912.2,100997.78,103751.44,101006.15,101000.55,101016.54,100994.61
13079.941034096,5416,100989.87,97915.29,100983.69,103755.44,101012.27,101005.61,100999.42,101004.68
13079.961664025,5417,100988.81,97913.23,100993.77,103755.44,101008.06,100998.42,101007.45,100987.64
13079.98277367,5418,100980.83,97914.26,100993.77,103755.44,101015.23,101010.68,101004.5,100996.68
13080.002750532,5419,100988.81,97913.23,100993.77,103749.25,101025.17,101003.73,101005.56,100986.61
13080.025053901,5420,100988.81,97905.17,100988.73,103755.44,101021.15,100991.47,101011.46,100990.61
13080.043833802,5421,100985.88,97903.11,101003.71,103755.44,101009.11,101003.49,101007.45,100996.68
13080.064832289,5422,100990.94,97909.2,100990.81,103751.44,101013.13,101004.55,101021.62,100987.64
13080.088579232,5423,100984.82,97906.2,100986.8,103751.44,101010.17,100999.49,100999.42,100986.61
13080.109061758,5424,100989.87,97913.23,100987.69,103755.44,101014.18,101004.55,101003.43,100994.61
13080.129736015,5425,100990.94,97913.23,100989.77,103759.43,101021.15,101004.55,101019.49,100982.61
13080.150153963,5426,100993.86,97908.17,100989.77,103750.73,101012.08,101005.61,101008.51,100997.72
13080.170782901,5427,100998.92,97913.23,100998.81,103748.54,101013.13,100996.54,101012.53,100994.61
13080.193285762,5428,100997.85,97900.11,100995.7,103748.54,101027.27,101007.5,101004.5,100986.61
13080.21194438,5429,100985.88,97913.23,100997.78,103747.45,101012.08,100999.49,100996.47,100987.64
13080.233031561,5430,101003.98,97903.11,100989.77,103751.44,101016.09,101000.55,101011.46,100990.61
13080.256693586,5431,101000.78,97919.32,100996.74,103752.54,101013.13,101001.61,101010.39,100992.68
13080.277080187,5432,100993.86,97911.16,100993.77,103752.54,101011.02,100999.49,101003.43,100987.64
13080.297664627,5433,100986.95,97921.28,100984.73,103748.54,101013.13,100993.6,100998.35,100990.75
13080.318302138,5434,100993.86,97909.2,101001.78,103737.27,101011.02,101005.61,101005.56,100988.68
13080.338833648,5435,100985.88,97912.2,100996.74,103751.44,101012.08,100996.54,101015.47,100983.64
13080.35926723,5436,100992.8,97905.17,100985.76,103755.44,101018.19,100992.53,101007.45,100986.61
13080.379885291,5437,100981.89,97913.23,100990.81,103755.44,101022.21,101003.49,101004.5,100987.64
13080.400374207,5438,100993.86,97912.2,100989.77,103755.44,101014.18,100995.48,101011.46,100989.72
13080.424594907,5439,100986.95,97917.25,100992.74,103750.35,101017.14,101003.49,101010.39,100988.68
13080.445088029,5440,101002.91,97905.17,100987.69,103750.35,101013.13,101006.44,101013.59,100988.68
13080.465882927,5441,101002.91,97905.17,100990.81,103742.36,101009.11,100998.42,101003.43,100986.61
13080.486200745,5442,100989.87,97913.23,100997.78,103748.54,101022.21,100992.53,101007.45,100993.57
13080.50674182,5443,100991.73,97902.18,100996.74,103751.44,101015.04,101011.5,101003.43,100988.68
13080.527244787,5444,100991.73,97905.17,100988.73,103756.53,101020.1,101004.55,101004.5,100991.64
13080.547840694,5445,100985.88,97906.2,100997.78,103757.63,101021.15,100999.49,100999.42,100988.68
13080.568351914,5446,100996.79,97904.14,100985.76,103751.44,101017.14,100989.59,101012.53,100996.68
13080.592644763,5447,100982.96,97913.23,100999.71,103742.36,101010.17,100996.54,101003.43,100975.64
13080.613070934,5448,100988.81,97902.18,100989.77,103752.54,101012.08,100997.6,100993.27,100980.68
13080.635168723,5449,100989.87,97908.17,100989.77,103751.44,101023.26,101004.55,101003.43,100987.64
13080.654221957,5450,100993.86,97912.2,100990.81,103755.44,101015.04,101003.49,101018.42,100980.68
13080.674886509,5451,100994.93,97905.17,100997.78,103751.44,101015.04,101003.49,100991.39,100989.72
13080.695417388,5452,101001.85,97905.17,100989.77,103751.44,101023.06,100993.6,101007.45,100995.64
13080.71604211,5453,100990.94,97918.28,100990.81,103743.45,101023.26,100993.6,101004.5,100995.64
13080.736926463,5454,100984.82,97909.2,100989.77,103754.34,101017.14,100993.6,101004.5,100986.61
13080.760630832,5455,100982.96,97914.26,100993.77,103752.54,101015.23,101001.61,101011.46,100996.68
13080.781112727,5456,100995.72,97914.26,100993.77,103755.44,101008.06,101005.61,100992.45,100977.57
13080.801760844,5457,100997.85,97912.2,100985.76,103746.35,101013.13,100997.6,101011.46,100982.61
13080.8222165,5458,100989.87,97917.25,100997.78,103743.45,101023.06,101000.55,101009.58,100980.68
13080.842851166,5459,100996.79,97904.14,100990.81,103763.43,101016.09,101000.55,101007.45,100990.61
13080.863252579,5460,100985.88,97905.17,100996.74,103752.54,101011.02,101001.61,101004.5,100988.68
13080.883959255,5461,100993.86,97904.14,100991.7,103751.44,101020.3,100993.6,100997.53,100991.64
13080.904241748,5462,100997.85,97918.28,100987.69,103755.44,101023.26,100993.6,101004.5,100991.64
13080.92862923,5463,100996.0,97905.17,100988.73,103758.34,101025.17,101008.56,101014.41,100994.75
13080.949119168,5464,100988.81,97917.25,100989.77,103751.44,101019.05,101001.61,101011.46,100988.68
13080.969746272,5465,100989.87,97913.23,100985.76,103751.44,101012.08,100991.47,101003.43,100986.61
13080.990283691,5466,100997.85,97915.29,100993.77,103751.44,101013.13,101009.62,100993.52,100989.72
13081.010826759,5467,100989.87,97918.28,100993.77,103751.44,101020.1,101001.61,101004.5,100997.72
13081.031500555,5468,100993.86,97904.14,100989.77,103751.44,101010.17,101001.61,101008.51,100996.68
13081.051884592,5469,100985.88,97905.17,101002.82,103763.43,101009.11,101001.61,101004.5,100992.68
13081.07558149,5470,100993.86,97900.11,100994.81,103748.54,101011.02,100993.6,101003.43,100988.68
13081.096679737,5471,100984.82,97914.26,100993.77,103755.44,101019.05,101003.49,101011.46,100979.64
13081.116685502,5472,100997.85,97917.25,100992.74,103739.46,101025.17,100999.49,101006.38,100997.72
13081.137773164,5473,100989.87,97914.26,100987.69,103755.44,101012.08,101000.55,101017.61,100992.68
13081.158331614,5474,100987.74,97919.32,100995.7,103751.44,101015.23,101009.62,101003.43,100988.68
13081.178967673,5475,100992.01,97914.26,100989.77,103751.44,101022.21,101000.55,100997.53,100989.72
13081.201042678,5476,100985.88,97907.23,100987.69,103748.16,101013.13,101009.62,101001.55,100980.68
13081.220025325,5477,101000.78,97905.17,100988.73,103755.44,101012.08,101001.61,101016.54,101000.68
13081.243624235,5478,100999.71,97914.26,100989.77,103751.44,101014.18,100999.49,100996.47,100988.68
13081.264111077,5479,100987.74,97903.21,100983.69,103751.44,101013.13,101009.62,101003.43,100988.68
13081.284725353,5480,100997.85,97913.23,100989.77,103751.44,101021.15,100997.6,100996.47,100993.72
13081.30579076,5481,100994.93,97913.23,100997.78,103751.44,101013.13,101000.55,101005.56,100980.68
13081.325772449,5482,100988.81,97912.2,100987.69,103751.44,101015.04,100992.53,100999.42,100986.61
13081.346831818,5483,100986.95,97907.14,100988.73,103756.53,101016.09,101000.55,101007.45,100986.61
13081.36685566,5484,100986.95,97911.16,100988.73,103750.35,101013.13,101005.61,100995.4,100974.6
13081.387864022,5485,100997.85,97904.14,101005.79,103755.44,101008.06,101002.67,101005.56,100989.72
13081.411635993,5486,100996.79,97904.14,100992.74,103747.06,101025.17,100992.53,100998.35,100987.64
13081.43211222,5487,100981.89,97905.17,100997.78,103754.34,101021.15,101008.56,101012.53,101000.68
13081.452726305,5488,100998.92,97907.14,100993.77,103743.45,101014.18,101001.61,101011.46,100990.75
13081.473191825,5489,101005.84,97912.2,100987.69,103759.43,101004.05,100991.47,101007.45,100992.68
13081.493764488,5490,100982.96,97913.23,100997.78,103747.45,101017.14,101004.55,101005.56,100986.61
13081.514837827,5491,100997.06,97913.23,100989.77,103751.44,101012.08,101006.67,101003.43,100987.64
13081.535343669,5492,100997.85,97913.23,100995.7,103747.45,101012.08,101000.55,100999.42,100994.61
13081.556042973,5493,100984.82,97912.2,100988.73,103748.16,101023.06,101005.61,101004.5,100988.68
13081.579623114,5494,101003.98,97901.15,100989.77,103751.44,101011.02,101000.55,101011.46,100993.72
13081.600109916,5495,100986.95,97910.13,100993.77,103747.45,101019.05,101007.5,101004.5,100978.61
13081.621446755,5496,100988.02,97913.23,100996.74,103755.44,101009.11,100996.54,101007.45,100982.75
13081.641206909,5497,100990.94,97899.08,100984.73,103746.35,101012.08,100999.49,101007.45,100988.68
13081.66175246,5498,100990.94,97905.17,100983.69,103751.44,101017.14,100999.49,101003.43,100990.61
13081.682299514,5499,100996.79,97907.23,100995.7,103761.62,101012.08,100999.49,100996.47,100992.68
13081.702862402,5500,100990.94,97917.25,100991.7,103758.34,101006.15,101001.61,101003.43,100982.61
13081.723355594,5501,100999.71,97913.23,100997.78,103751.44,101013.13,100996.54,101020.56,100984.68
13081.747715444,5502,100988.02,97914.26,100987.69,103752.54,101013.13,100993.6,101013.59,100996.68
13081.768099962,5503,100984.03,97913.23,100988.73,103750.35,101020.1,100999.49,101008.51,100972.68
13081.788789431,5504,100992.01,97911.16,100989.77,103754.34,101017.14,101007.73,101007.45,100980.68
13081.809247751,5505,100992.01,97897.12,100987.69,103755.44,101021.15,100995.48,101003.43,100986.61
13081.830004542,5506,100999.99,97905.17,100995.7,103759.43,101017.14,101004.55,100996.47,100987.64
13081.85034976,5507,100998.92,97909.2,100986.8,103751.44,101026.22,101009.62,100999.42,100996.68
13081.871458904,5508,100989.87,97908.17,100989.77,103765.62,101019.25,101002.67,101013.59,100987.64
13081.891461555,5509,100990.94,97902.18,100981.76,103747.45,101017.14,100993.6,101019.49,100991.64
13081.915737107,5510,100984.03,97917.25,100986.66,103755.44,101026.22,100995.48,101008.51,100987.64
13081.936156248,5511,100993.86,97913.23,100992.74,103751.44,101022.21,101005.61,100999.42,100982.61
13081.956764874,5512,100994.65,97907.23,100991.7,103756.53,101014.18,101007.5,101003.43,100988.68
13081.97719423,5513,100996.0,97909.2,100987.69,103750.35,101021.15,100989.59,101021.62,100988.68
13081.997889639,5514,100984.82,97909.2,100997.78,103755.44,101024.11,100995.48,101012.53,100992.68
13082.018572498,5515,100989.87,97906.2,100984.73,103750.35,101019.25,101006.44,101013.59,100986.61
13082.039093091,5516,100986.95,97895.06,100998.81,103755.44,101013.13,101003.49,101009.58,100992.68
13082.059294392,5517,100987.74,97911.16,100993.77,103755.44,101021.15,101000.55,101012.53,100982.61
13082.083784539,5518,100989.87,97913.23,100989.77,103749.64,101012.08,101001.61,101004.5,100982.61
13082.104178332,5519,100990.94,97913.23,100993.77,103752.54,101014.18,101007.5,100999.42,100988.68
13082.124824285,5520,100981.89,97914.26,100980.72,103759.43,101014.18,101007.73,100997.53,100988.68
13082.145276686,5521,100986.95,97909.2,100996.74,103750.35,101020.1,101013.62,100996.47,100981.72
13082.165845783,5522,100981.89,97905.17,100988.73,103758.34,101019.25,101007.73,101003.43,100988.68
13082.186623816,5523,100992.8,97915.29,100996.74,103751.44,101022.21,101000.55,101003.43,100987.64
13082.206889084,5524,100984.82,97907.23,100995.7,103759.43,101014.18,100994.66,101002.37,100987.64
13082.227341835,5525,100992.8,97897.12,100987.69,103753.63,101013.13,101003.49,100995.4,100986.61
13082.251650327,5526,100981.89,97916.22,100996.74,103751.44,101005.1,101007.5,101003.43,100984.68
13082.271768292,5527,100998.92,97912.2,100988.73,103765.23,101024.11,101007.5,100995.4,100996.68
13082.292884657,5528,100979.76,97906.2,100997.78,103751.44,101017.14,101002.67,101016.54,100985.72
13082.313555578,5529,100984.82,97905.17,100997.78,103757.63,101022.21,101001.61,101001.3,100994.75
13082.33379729,5530,100992.01,97913.23,100989.77,103751.44,101017.14,100999.49,101003.43,100998.75
13082.357122345,5531,100998.92,97909.2,100989.77,103763.43,101022.21,101007.5,101015.47,100986.61
13082.375186805,5532,101001.85,97915.29,100995.7,103759.43,101022.21,101009.62,101003.43,100985.72
13082.398685142,5533,100997.85,97910.23,100989.77,103755.44,101019.05,101011.5,100996.47,100988.68
13082.419807065,5534,100993.86,97911.16,100997.78,103747.45,101013.13,100996.54,101005.56,100988.68
13082.439746369,5535,100996.79,97901.15,100990.66,103755.44,101017.14,101001.61,101003.43,100986.61
13082.460731896,5536,100998.92,97907.14,101006.82,103747.45,101012.08,100991.47,101011.46,100979.64
13082.483236301,5537,101001.85,97913.23,100988.73,103751.44,101023.26,101000.55,101003.43,100980.68
13082.503198149,5538,100988.81,97911.16,100989.77,103755.44,101013.13,101005.61,101009.58,100989.72
13082.521990509,5539,100982.96,97903.11,100987.69,103755.44,101012.08,101010.68,101003.43,100996.68
13082.542909315,5540,100989.87,97910.23,100993.77,103763.43,101025.17,101004.55,101006.38,100990.61
13082.56710675,5541,100998.92,97905.17,100983.69,103751.44,101025.17,101003.49,100999.42,100997.72
13082.587789599,5542,100993.07,97917.25,100975.68,103743.45,101013.13,100993.6,101012.53,100986.61
13082.607730767,5543,100988.02,97904.14,100987.69,103755.44,101024.11,101003.49,101011.46,100988.68
13082.628867272,5544,100999.99,97914.26,100993.77,103751.44,101021.15,101003.49,101003.43,100998.75
13082.648788579,5545,100980.83,97897.12,100995.7,103752.54,101028.13,100993.6,101003.43,101000.68
13082.669817201,5546,101002.91,97915.29,100985.76,103756.53,101015.23,101002.67,101007.45,100994.61
13082.689911561,5547,100989.87,97914.26,100991.7,103752.54,101015.23,101002.43,101004.5,100994.61
13082.710910848,5548,100997.85,97912.2,101000.74,103761.62,101017.14,101000.55,101008.51,100997.72
13082.734662619,5549,100985.88,97913.23,100987.69,103751.44,101012.08,101004.55,101003.43,100963.64
13082.756067059,5550,100997.85,97913.23,100983.69,103752.54,101019.25,100996.54,101003.43,100987.64
13082.775715043,5551,101006.9,97921.28,100991.7,103751.44,101016.09,101004.55,101003.43,100994.61
13082.796268687,5552,100992.01,97904.14,100981.76,103759.43,101017.14,100997.36,101008.51,100988.68
13082.816831505,5553,100998.92,97913.23,100987.69,103748.54,101010.17,101007.5,101005.56,100994.61
13082.83833202,5554,100999.99,97921.28,100988.73,103755.44,101017.14,100997.6,101007.45,100982.61
13082.85783796,5555,101003.98,97909.2,100989.77,103751.44,101019.05,100999.49,101013.59,100993.72
13082.879165134,5556,100985.88,97912.2,100989.77,103743.45,101012.08,101000.55,100999.42,100988.68
13082.902661988,5557,100986.95,97913.23,100989.77,103751.44,101012.08,100992.53,100996.47,100988.68
13082.923189012,5558,100996.79,97913.23,100991.7,103751.44,101019.05,101012.56,101004.5,100988.68
13082.943826242,5559,100999.99,97905.17,100989.77,103760.53,101013.13,100993.6,101013.59,100988.68
13082.964316009,5560,100984.82,97917.25,100994.81,103750.35,101012.08,100999.49,101002.61,100994.61
13082.984954521,5561,100988.81,97909.2,100995.85,103755.44,101013.13,100992.53,100995.4,100984.68
13083.005315243,5562,100982.96,97909.2,100979.69,103763.43,101011.02,101003.73,101012.53,100982.61
13083.026059415,5563,100993.86,97910.23,100989.77,103755.44,101013.13,100987.47,101000.48,100987.64
13083.046505096,5564,100982.96,97913.23,100989.77,103766.33,101021.15,101004.55,100992.45,100987.64
13083.071081724,5565,100990.94,97913.23,100989.77,103750.35,101015.23,101005.61,101005.56,100984.68
13083.091121991,5566,100998.92,97912.2,100994.81,103767.42,101014.18,100997.6,101011.46,100987.64
13083.111736697,5567,100996.79,97915.29,100991.7,103768.52,101011.02,100999.49,101000.48,100992.68
13083.13222347,5568,100989.87,97918.28,100999.71,103767.42,101015.04,100999.49,101012.53,100995.64
13083.15282127,5569,100990.94,97914.26,100989.63,103763.43,101018.19,101002.67,101005.56,100980.68
13083.173295344,5570,100996.79,97900.11,100993.77,103755.44,101016.09,101009.62,101008.51,100992.68
13083.19393013,5571,100995.72,97914.26,100994.81,103762.33,101013.13,100995.48,100999.42,100985.72
13083.214329311,5572,100998.92,97913.23,100991.7,103758.34,101008.06,101002.67,101013.59,100980.68
13083.238678204,5573,100984.82,97918.28,100988.73,103768.52,101014.18,101000.55,101012.53,100992.68
13083.259229304,5574,100992.01,97913.23,100987.69,103763.43,101007.01,101008.56,101012.53,100998.75
13083.279743418,5575,100981.89,97913.23,100992.74,103760.53,101022.21,101002.67,101016.54,100988.68
13083.300317382,5576,101002.91,97922.31,100988.73,103758.34,101021.15,100995.48,101006.38,100995.64
13083.32090637,5577,100999.99,97908.17,100989.77,103751.44,101013.13,101001.61,101012.53,100983.64
13083.341361174,5578,100990.94,97917.25,100997.78,103750.35,101022.21,101000.55,101013.59,100988.68
13083.361944693,5579,100990.94,97911.16,100993.77,103755.44,101011.02,101005.61,101004.5,100988.68
13083.382352977,5580,100998.92,97919.22,100987.69,103767.42,101016.09,100991.47,101004.5,100986.61
13083.406679737,5581,100999.99,97921.28,100985.76,103767.42,101023.26,100998.42,101008.51,100986.61
13083.427200361,5582,101006.9,97913.23,100988.73,103764.14,101012.08,101000.55,101004.5,100988.68
13083.44779729,5583,100989.87,97912.2,100993.77,103750.35,101017.14,101008.56,100989.5,100983.64
13083.468317824,5584,100992.01,97909.2,100996.74,103754.34,101020.1,101006.44,101012.53,100980.68
13083.488923737,5585,100999.99,97897.12,100983.69,103762.33,101010.17,101001.61,101005.56,100996.68
13083.509535699,5586,100994.93,97921.28,100991.7,103767.42,101011.02,101003.73,101017.61,100983.64
13083.531091588,5587,101002.91,97912.2,100995.7,103759.43,101008.06,101005.61,101005.56,100987.64
13083.550406819,5588,100992.8,97914.26,100997.78,103754.34,101020.1,100996.54,101013.59,100987.64
13083.574704295,5589,100992.8,97912.2,100988.73,103763.43,101017.14,101005.61,100999.42,100988.68
13083.595162915,5590,100999.99,97913.23,100989.77,103762.33,101012.08,100999.49,101003.43,100980.68
13083.615860877,5591,100998.92,97914.26,100980.72,103758.34,101013.13,101004.55,101013.59,100993.72
13083.636287709,5592,100988.81,97913.23,100988.73,103762.33,101011.02,100997.6,100993.52,100982.61
13083.656845789,5593,100996.79,97917.25,100982.65,103768.52,101012.08,100993.6,101004.5,100987.64
13083.677387916,5594,101001.85,97913.23,100987.69,103752.15,101008.06,100993.6,100996.47,100980.68
13083.697903612,5595,100998.92,97913.23,100989.77,103768.52,101011.02,101000.55,101005.56,100989.72
13083.721690616,5596,100980.83,97913.23,100980.72,103763.43,101003.0,100995.48,100995.4,100989.72
13083.742755192,5597,100990.94,97900.11,100988.73,103759.43,101015.23,101001.61,101000.48,100986.61
13083.76289478,5598,100998.92,97905.17,100989.77,103763.43,101009.11,100991.47,101008.51,100982.61
13083.783879986,5599,100991.73,97914.26,100987.69,103754.34,101007.01,101000.55,101004.5,100978.61
13083.804344776,5600,100999.71,97909.2,100991.7,103767.42,101010.17,100997.6,101011.46,100978.61
13083.825547822,5601,100995.72,97910.23,100993.77,103759.43,101013.13,100996.54,101007.69,100990.75
13083.844981442,5602,100996.79,97908.17,100986.66,103767.42,101017.14,101009.62,100997.53,100981.57
13083.86595458,5603,100986.95,97909.2,100997.78,103760.53,101010.17,100999.49,101002.37,100981.72
13083.889670867,5604,100990.94,97907.14,100987.69,103755.44,101015.04,101006.44,101003.43,100987.64
13083.910694211,5605,100996.79,97904.14,100991.7,103757.24,101012.08,100992.53,100999.42,100986.61
13083.930735029,5606,100994.93,97901.15,100979.69,103767.42,101013.13,100987.47,101004.5,100980.68
13083.951939748,5607,100998.92,97911.16,101001.78,103757.63,101014.18,101003.49,101005.56,100980.68
13083.971780042,5608,100988.81,97913.23,100981.76,103775.41,101007.01,101009.62,100997.53,100980.68
13083.992830678,5609,100992.01,97911.16,100988.73,103758.34,101015.04,101003.49,100995.4,100987.64
13084.0129665,5610,100989.87,97904.14,100977.61,103755.44,101008.06,101003.49,101002.37,100986.61
13084.033961271,5611,100990.94,97904.14,100986.66,103759.43,101019.05,100989.35,100997.53,100984.68
13084.057686401,5612,100995.72,97903.11,100989.77,103761.24,101007.01,100999.49,100996.47,100980.68
13084.078196399,5613,100996.79,97916.22,100989.77,103760.14,101018.19,100991.47,101012.53,100988.68
13084.098722371,5614,100986.95,97912.2,100989.77,103767.42,101012.08,100999.49,101004.5,100988.68
13084.119277937,5615,100983.75,97908.17,100983.69,103771.42,101005.1,101003.49,101001.55,100988.68
13084.139805602,5616,100996.79,97912.2,100980.72,103767.42,101015.04,101001.61,101003.43,100983.64
13084.160846562,5617,100980.83,97918.28,100991.7,103763.43,101003.0,100991.47,101005.56,100991.79
13084.180983506,5618,100998.92,97904.14,100997.78,103751.44,101008.06,100995.48,101017.61,100982.61
13084.20199994,5619,100983.75,97917.25,100991.84,103751.44,101008.06,100988.53,100996.47,100980.68
13084.225709727,5620,100981.89,97920.25,100993.77,103751.44,101012.08,101002.43,100995.4,100993.72
13084.246153935,5621,100996.79,97917.25,100992.74,103752.54,101007.01,100997.6,101004.5,100992.68
13084.266779738,5622,100982.96,97907.14,100987.69,103758.34,101013.13,101000.55,100995.4,100992.68
13084.287293512,5623,100995.72,97913.23,100989.77,103755.44,101014.18,100992.53,101005.56,100991.64
13084.307853465,5624,100990.94,97911.16,100999.85,103751.44,101019.05,101003.49,100996.47,100992.68
13084.32834183,5625,100996.0,97900.11,100987.69,103767.42,101017.34,101004.55,101003.43,100982.61
13084.34895265,5626,100988.81,97899.08,100989.77,103755.44,101016.09,100991.47,101011.46,100979.64
13084.370414488,5627,100985.88,97913.23,100980.72,103762.33,101012.08,100997.6,100995.4,100981.72
13084.393709637,5628,100998.92,97906.2,101003.71,103759.05,101016.09,101000.55,101004.5,100981.72
13084.414229209,5629,100994.93,97912.2,100985.76,103754.34,101011.02,100988.53,101003.43,100988.68
13084.434882754,5630,100988.81,97914.26,100988.73,103759.43,101008.06,100992.53,101004.5,100987.64
13084.455302245,5631,100999.99,97901.15,100987.69,103757.24,101014.18,100992.53,101005.56,100986.75
13084.47601532,5632,101002.91,97909.2,100984.73,103758.34,101014.18,101007.5,101003.43,100973.72
13084.496362682,5633,100999.99,97910.23,100995.7,103751.44,101004.05,100999.49,101003.43,100987.64
13084.516944138,5634,100985.88,97905.17,100987.69,103759.43,101015.04,101000.55,101003.43,100986.61
13084.537414786,5635,100997.85,97900.11,100983.69,103755.05,101008.06,101007.5,100991.39,100996.68
13084.561702157,5636,100998.92,97913.23,100998.81,103759.43,101008.06,101001.61,101003.43,100992.68
13084.582237813,5637,100985.88,97901.15,100981.76,103758.34,101005.1,101001.61,101011.46,100979.64
13084.602806039,5638,100993.86,97910.23,100986.66,103763.43,101015.23,101003.49,100996.47,100988.68
13084.623264609,5639,100983.75,97914.26,101005.79,103758.34,101015.04,101004.55,101003.43,100993.72
13084.643797632,5640,100983.75,97911.16,100985.76,103763.43,101011.02,100992.53,101005.56,100989.72
13084.6643939,5641,100998.92,97907.14,100981.76,103756.15,101001.09,100996.54,101013.59,100991.64
13084.685178924,5642,100984.03,97907.14,100983.69,103763.43,101016.94,100997.6,101003.43,100988.68
13084.705394737,5643,100986.95,97907.14,100989.77,103767.42,101014.18,100999.49,100993.52,100980.68
13084.729746755,5644,100999.99,97904.14,100988.73,103767.42,101012.08,100987.47,101005.56,100980.68
13084.751037283,5645,100996.79,97905.17,100999.71,103759.43,101011.02,101007.5,100995.4,100978.61
13084.770800842,5646,100979.76,97903.11,100991.7,103767.42,101012.08,101008.56,100992.45,100988.68
13084.791399604,5647,100989.87,97905.17,100996.74,103763.43,101017.14,100993.6,101008.51,100982.75
13084.811912967,5648,100985.88,97913.23,100997.78,103755.44,101020.1,100989.35,101003.43,100980.68
13084.832421232,5649,100997.85,97913.23,100989.77,103751.06,101013.13,101001.61,100996.47,100976.68
13084.854291627,5650,100997.85,97911.16,100991.7,103751.44,101015.04,101001.61,101004.5,100983.64
13084.877123767,5651,100990.94,97904.14,100997.78,103755.44,101016.09,100999.49,101000.48,100988.68
13084.897807598,5652,100984.82,97900.11,100992.74,103771.42,101012.08,101007.5,100995.4,100980.68
13084.918923953,5653,100997.85,97911.16,100985.62,103751.44,101008.06,100992.53,101003.43,100980.68
13084.939077291,5654,100995.72,97905.17,100987.69,103767.42,101014.18,100991.47,101005.56,100978.61
13084.960373978,5655,100990.94,97913.23,100995.7,103766.33,101011.02,101000.55,101011.46,100979.64
13084.979956033,5656,100992.8,97905.17,100988.73,103755.44,101012.08,100999.49,101004.5,100980.68
13085.000474023,5657,100990.94,97913.23,100995.7,103767.42,101008.06,101002.67,101003.43,100980.68
13085.02114912,5658,100992.8,97903.11,100992.74,103757.24,101004.05,100992.53,100987.37,100980.68
13085.044697653,5659,100996.79,97907.14,100993.77,103766.33,101012.08,100999.49,100996.47,100987.64
13085.065715369,5660,100989.87,97909.2,100989.77,103751.44,101009.11,100999.49,101007.45,100986.61
13085.086633133,5661,100983.75,97917.25,100990.66,103775.41,101004.05,101003.49,101001.3,100982.61
13085.106999494,5662,100997.85,97901.15,100989.77,103759.43,101015.23,101008.56,100999.42,100988.68
13085.127608131,5663,100993.86,97903.11,100991.7,103758.34,101012.08,101001.61,101008.51,100984.68
13085.147963735,5664,100979.76,97901.15,100988.73,103759.43,101008.06,100991.47,101000.48,100993.72
13085.168373422,5665,100984.03,97911.16,100990.81,103759.43,101016.09,101004.55,101004.5,100987.64
13085.189004753,5666,100989.87,97909.2,101003.71,103759.43,101009.11,100993.6,101011.46,100976.68
13085.212715181,5667,100993.07,97899.08,100989.77,103759.43,101014.18,100999.49,100995.4,100988.68
13085.233843704,5668,100985.88,97911.16,100991.7,103770.32,101003.0,100995.48,101003.43,100983.64
13085.254034038,5669,100996.79,97908.17,100995.7,103758.34,101015.23,101000.55,101003.43,100979.64
13085.276250627,5670,100984.82,97905.17,100989.77,103767.42,101014.18,101005.61,101004.5,100987.64
13085.295070308,5671,100997.85,97902.08,100983.69,103767.42,101012.08,101000.55,101004.5,100988.68
13085.31620416,5672,100989.87,97908.17,100989.77,103767.42,101013.13,100999.49,101004.5,100986.61
13085.336324689,5673,100984.03,97909.2,100990.66,103759.05,101013.13,100991.47,101007.45,100990.61
13085.357037433,5674,101000.78,97903.11,100992.74,103751.44,101014.18,100989.59,101007.45,100982.61
13085.38073409,5675,100984.82,97905.17,100986.8,103767.42,101011.02,100999.49,101004.5,100981.72
13085.401207272,5676,100980.83,97905.17,100987.69,103766.33,101013.13,101000.55,101012.53,100988.68
13085.421774616,5677,100994.93,97913.23,100986.66,103761.24,101008.06,100997.6,101000.48,100979.64
13085.442456925,5678,100993.86,97899.08,100997.78,103762.33,101013.13,101003.73,101011.46,100984.68
13085.462912921,5679,101000.78,97909.2,100992.74,103748.16,101014.18,101005.61,100996.47,100978.61
13085.485352187,5680,100992.8,97907.14,100983.69,103762.33,101007.01,101009.62,101015.47,100987.64
13085.504059769,5681,100987.74,97903.11,100991.7,103763.43,101011.02,100996.54,101001.3,100982.61
13085.525129503,5682,101000.78,97903.11,100983.69,103759.43,101011.02,100993.6,101003.43,100979.64
13085.548717025,5683,100985.88,97915.19,100987.69,103769.61,101012.08,101000.55,101005.56,100989.72
13085.569229196,5684,100989.87,97905.17,100992.74,103759.05,101021.15,100998.42,101008.51,100989.72
13085.589831844,5685,100980.83,97911.16,100983.69,103766.33,101010.17,100992.53,101007.45,100984.68
13085.610381572,5686,100995.72,97903.11,100988.73,103765.23,100998.98,100999.49,101010.39,100989.72
13085.630999823,5687,100992.8,97903.11,100990.81,103755.44,101013.13,100991.47,100995.4,100980.68
13085.651584003,5688,100993.86,97899.08,100987.69,103767.42,101012.08,101005.61,100999.42,100982.61
13085.672118178,5689,100996.79,97904.14,100992.74,103762.33,101015.04,100999.49,101011.46,100987.64
13085.692446571,5690,100987.74,97907.14,101005.79,103748.16,101009.11,100990.41,100998.35,100990.75
13085.716733731,5691,100988.81,97912.2,100995.7,103767.42,101018.19,101003.49,101003.43,100986.75
13085.737233483,5692,100989.87,97901.05,100997.78,103765.23,101019.05,100989.59,101007.45,100988.68
13085.757900439,5693,100997.85,97911.16,100985.76,103759.05,101008.06,101004.55,100993.27,100988.68
13085.778474113,5694,100996.79,97906.11,100990.66,103764.14,101013.13,101009.62,101000.48,100979.64
13085.798844099,5695,101001.85,97907.14,100987.69,103762.33,101013.13,101001.61,101003.43,100990.75
13085.819349019,5696,100996.79,97904.14,100987.69,103761.24,101013.13,100999.49,100996.47,100988.68
13085.840058118,5697,100990.94,97907.14,100995.7,103754.34,101013.13,100993.6,100995.4,100980.68
13085.860466272,5698,100987.74,97912.2,100989.63,103750.35,101013.13,100999.49,101004.5,100989.72
13085.884745139,5699,100998.92,97903.11,100991.7,103766.33,101007.21,100993.6,101004.5,100994.61
13085.905228967,5700,100985.88,97907.14,100986.66,103767.42,101012.08,101001.61,101000.48,100991.64
13085.925930996,5701,101002.91,97911.16,100996.74,103751.44,101024.11,101001.61,100999.42,100988.68
13085.94632623,5702,100995.72,97911.16,100983.69,103766.33,101012.08,100997.6,101016.54,100979.64
13085.966947075,5703,100992.01,97903.11,100995.7,103751.44,101015.23,100991.47,100999.42,100979.64
13085.987426116,5704,100981.89,97905.17,100998.81,103767.42,101016.09,100990.41,101011.46,100980.68
13086.007962294,5705,100987.74,97912.2,100998.81,103757.24,101008.06,101000.55,101004.5,100982.75
13086.028439742,5706,101001.85,97913.23,100986.66,103766.33,101012.08,100999.49,101003.43,100989.72
13086.052814234,5707,100997.85,97911.16,100990.81,103765.23,101013.13,100999.49,101004.5,100990.75
13086.073258292,5708,100998.92,97895.06,100994.67,103762.33,101015.04,100994.66,101013.59,100983.64
13086.093839658,5709,100988.81,97911.16,100997.78,103767.42,101011.22,100992.53,101005.56,100987.64
13086.114400523,5710,100989.87,97912.2,100997.78,103764.14,101022.21,100996.54,101013.59,100989.72
13086.134998273,5711,100984.82,97906.2,100990.81,103767.42,101003.0,101000.55,101009.33,100978.61
13086.155410073,5712,100982.96,97903.11,100989.77,103764.14,101014.18,101007.5,100995.4,100983.64
13086.176234726,5713,100980.83,97912.2,100986.66,103760.14,101003.0,100991.47,101007.45,100987.64
13086.200151246,5714,100989.87,97907.14,100992.74,103766.33,101013.13,101003.49,101013.59,100984.68
13086.220768826,5715,100992.01,97911.16,100993.77,103750.35,101013.13,101000.55,101003.43,100990.61
13086.241267307,5716,100983.75,97913.23,100995.7,103766.33,101008.06,100996.54,101012.53,100998.75
13086.261907662,5717,100994.93,97903.21,100989.63,103750.35,101005.1,100984.52,101011.46,100983.64
13086.282483199,5718,100996.0,97899.08,100991.7,103767.42,101019.05,101001.61,101003.43,100971.64
13086.303028831,5719,100986.95,97901.15,100987.69,103764.14,101004.05,100989.59,101005.56,100986.61
13086.323524957,5720,100987.74,97903.11,100995.7,103763.43,101009.11,100994.42,101004.5,100988.68
13086.343986311,5721,100997.85,97911.16,100983.69,103759.05,101008.06,101003.49,101003.43,100989.72
13086.367814968,5722,100998.92,97913.23,100992.74,103779.41,101016.09,101004.55,101004.5,100978.61
13086.388799794,5723,100984.82,97912.2,100987.69,103766.33,101017.14,100999.49,100999.42,100988.68
13086.408937789,5724,100996.0,97903.11,100989.77,103766.33,101014.18,100993.36,101014.66,100986.61
13086.429934804,5725,100998.92,97900.11,100993.77,103757.24,101017.14,100991.47,100995.4,100988.68
13086.450430059,5726,100994.93,97908.17,100997.78,103775.41,101008.06,100991.47,101012.53,100987.64
13086.470935821,5727,100997.85,97907.14,100987.69,103764.14,101015.23,100987.47,101008.51,100984.68
13086.491399468,5728,100988.81,97912.2,100984.73,103763.43,101014.18,100999.49,100999.42,100988.68
13086.512008015,5729,100992.8,97903.11,100990.66,103757.24,101008.92,100999.49,101015.47,100992.68
13086.53574247,5730,100988.81,97909.2,100991.7,103766.33,101017.14,101003.49,101004.5,100988.68
13086.5568098,5731,100984.82,97902.08,100989.77,103767.42,101005.1,100991.47,101000.48,100985.72
13086.576834834,5732,100989.87,97903.11,100990.66,103767.42,101012.08,101005.61,101004.5,100982.61
13086.597904038,5733,100990.94,97916.22,100991.7,103751.06,101012.08,101007.5,101011.46,100987.64
13086.617886268,5734,100994.93,97912.2,100994.67,103763.04,101012.08,101009.62,101003.43,100978.61
13086.638909982,5735,100999.99,97899.08,100986.66,103759.43,101012.08,100998.42,101007.45,100981.72
13086.659164043,5736,100990.94,97899.08,100984.73,103759.05,101005.1,101004.55,101003.43,100988.68
13086.67991783,5737,100984.82,97903.11,100991.7,103767.04,101003.0,100999.49,100995.4,100988.68
13086.70429776,5738,100997.85,97901.05,100997.78,103756.15,101012.08,100995.48,100999.42,100981.72
13086.724239298,5739,100996.79,97895.06,100992.74,103755.44,101013.13,100992.53,101011.46,100988.68
13086.74487116,5740,100992.01,97916.22,101003.71,103766.33,101011.02,100994.66,100989.26,100978.61
13086.765372225,5741,100996.0,97903.11,100995.7,103751.06,101008.06,101001.61,101002.37,100990.61
13086.785981693,5742,100999.99,97916.22,100987.69,103762.33,101013.13,100992.53,101005.56,100980.68
13086.806945727,5743,100988.81,97904.14,100988.73,103765.23,101012.08,100999.49,100997.53,100975.64
13086.82705564,5744,100982.96,97901.05,100985.62,103765.23,101006.15,100993.6,101007.45,100983.64
13086.848184854,5745,100985.88,97909.2,100987.69,103769.23,101015.04,100991.47,101015.47,100985.72
13086.871766838,5746,100990.94,97903.11,100983.69,103753.25,101017.14,100991.47,101004.5,100980.68
13086.892211607,5747,100982.96,97900.11,100994.67,103768.13,101013.13,101000.55,101003.43,100995.64
13086.912842217,5748,100996.79,97908.17,100983.69,103771.42,101005.1,100990.41,100999.42,100995.64
13086.933317733,5749,100987.74,97908.17,100983.69,103758.34,101017.14,101000.55,100995.4,100983.64
13086.95394626,5750,100990.94,97909.2,100991.7,103766.33,101013.13,100999.49,101002.37,100978.61
13086.974439893,5751,100990.94,97915.19,100987.69,103766.33,101015.04,100992.53,101011.46,100982.75
13086.99500217,5752,100999.99,97907.14,100980.72,103766.33,101012.08,100993.6,101015.47,100983.64
13087.015533049,5753,101002.91,97894.03,100983.69,103764.14,101012.08,101001.61,101003.43,100984.68
13087.039798386,5754,100989.87,97910.13,100987.69,103759.43,101005.1,100992.53,101013.59,100975.64
13087.060337058,5755,100984.82,97911.16,100986.66,103766.33,101015.04,100993.6,101007.45,100983.64
13087.081015901,5756,100996.79,97903.11,100995.7,103762.33,101014.18,100998.42,101008.51,100980.68
13087.101342341,5757,100982.96,97911.16,100988.73,103766.33,101015.23,100999.49,101008.51,100986.61
13087.122055797,5758,101001.85,97899.08,100995.7,103767.42,101013.13,101004.55,101003.43,100990.61
13087.142405933,5759,100986.95,97910.13,100987.69,103754.34,101021.15,101003.49,101007.45,100988.68
13087.16300827,5760,100997.85,97913.23,100985.62,103763.43,101007.87,101002.43,101007.45,100988.68
13087.183467501,5761,100999.99,97907.14,100994.67,103766.33,101011.02,101011.5,100991.39,100988.68
13087.207791016,5762,100988.81,97903.11,100991.7,103764.14,101010.17,101000.55,100999.42,100979.64
13087.228279982,5763,100985.88,97912.2,100987.69,103765.23,101005.1,101001.61,101011.46,100980.68
13087.248902741,5764,100983.75,97913.23,100987.69,103758.34,101016.09,100991.47,100995.4,100993.72
13087.269359478,5765,101001.85,97906.11,100997.78,103770.32,101018.19,101000.55,100995.4,100975.64
13087.290051801,5766,101000.78,97904.14,100985.76,103772.13,101016.09,101002.43,101007.45,100975.64
13087.310427797,5767,100995.72,97904.14,100987.69,103758.34,101013.13,100993.6,101004.5,100997.72
13087.331059188,5768,100986.95,97903.11,100987.69,103762.33,101008.06,100998.42,100995.4,100984.68
13087.351534584,5769,100999.99,97912.2,100987.69,103762.33,101010.17,100994.42,101011.46,100980.68
13087.375838369,5770,100984.03,97903.11,100987.69,103762.33,101013.13,101000.55,101012.53,100987.64
13087.396274625,5771,100989.87,97903.11,100986.66,103763.04,101008.06,101009.62,100999.42,100991.64
13087.416938285,5772,100996.79,97911.16,100996.74,103763.04,101012.08,100999.49,101004.5,100988.68
13087.439055995,5773,100994.93,97911.16,100995.7,103765.23,101016.09,101007.5,101013.59,100985.57
13087.457923779,5774,100998.92,97899.08,100988.73,103765.23,101012.08,101000.55,100992.45,100980.68
13087.478534219,5775,100980.83,97908.17,100988.73,103763.43,101021.15,100991.47,101003.43,100986.61
13087.498948301,5776,100983.75,97910.13,100979.69,103763.43,101012.08,100993.36,101010.39,100986.61
13087.522838461,5777,100995.72,97913.23,100987.69,103762.33,101011.02,100991.47,101003.43,100988.68
13087.543788855,5778,100982.96,97911.16,100987.69,103748.16,101011.02,100992.53,101008.51,100986.61
13087.564272673,5779,100993.86,97911.16,100989.77,103766.33,101012.08,101005.61,101007.45,100972.68
13087.584887459,5780,100976.84,97903.11,100995.7,103765.23,101017.14,100999.49,100992.45,100988.68
13087.605373391,5781,100999.99,97900.11,100993.77,103763.04,101013.13,101003.49,101011.46,100986.61
13087.626020947,5782,100992.01,97903.11,100993.77,103773.22,101013.13,101007.5,100995.4,100988.68
13087.646728053,5783,100987.74,97899.08,100987.69,103775.41,101011.02,101001.61,100987.37,100978.61
13087.667055314,5784,100997.85,97910.13,100985.62,103774.32,101020.1,100991.47,101005.56,100988.68
13087.69133996,5785,100997.85,97903.11,100984.73,103755.05,101013.13,101001.37,101011.46,100979.64
13087.711849127,5786,100999.71,97904.14,100988.73,103759.43,101021.15,100999.49,100999.42,100978.61
13087.732295909,5787,100999.99,97894.03,100987.69,103763.04,101012.08,101004.55,101001.55,100990.61
13087.752909173,5788,100982.96,97899.08,100986.66,103773.22,101007.21,101005.61,101005.56,100988.68
13087.77295571,5789,100983.75,97905.17,100987.69,103761.24,101019.05,100992.53,101001.55,100978.61
13087.794016851,5790,100995.72,97911.16,100983.69,103763.04,101013.13,100992.53,100996.47,100971.64
13087.814450444,5791,100980.83,97904.14,100998.67,103765.23,100998.98,100993.6,101007.45,100979.64
13087.83528334,5792,100996.79,97903.11,100995.7,103764.14,101011.02,101000.55,101003.43,100986.61
13087.858779654,5793,100992.01,97912.2,100988.73,103775.03,101009.11,100992.53,101005.56,100980.68
13087.879875908,5794,100997.85,97904.14,100987.69,103756.15,101022.21,100999.49,100995.4,100988.68
13087.89987918,5795,100992.01,97903.11,100991.7,103765.23,101005.1,100997.6,101005.56,100987.64
13087.920899159,5796,100989.87,97903.11,100997.78,103763.04,101012.08,100993.6,101007.45,100979.64
13087.941085848,5797,100987.74,97913.23,100987.69,103761.95,101010.17,101003.49,101004.5,100983.64
13087.962485972,5798,100989.87,97913.23,100987.69,103760.14,101013.13,100995.48,100995.4,100987.64
13087.982066153,5799,100988.81,97909.2,100999.71,103767.42,101004.05,101005.61,100995.4,100982.61
13088.00315744,5800,100988.81,97907.14,100991.7,103760.14,101008.06,100995.48,100999.42,100987.64
13088.0268028,5801,100984.82,97898.05,100983.69,103763.04,101011.02,100991.47,100997.53,100989.72
13088.047259377,5802,100976.04,97911.16,100989.63,103766.33,101009.11,100999.49,101000.48,100984.68
13088.068346277,5803,100986.95,97900.11,100987.69,103766.33,101014.18,101008.56,101005.56,100978.61
13088.088320365,5804,100996.79,97902.08,100991.7,103760.14,101007.01,101000.55,101004.5,100996.68
13088.108884855,5805,100990.94,97911.16,100985.62,103767.04,101007.01,101005.61,100999.42,100980.68
13088.130059348,5806,100992.01,97899.08,100982.65,103758.34,101009.11,101004.55,100999.42,100982.61
13088.150295151,5807,100992.01,97911.16,100993.63,103765.23,101007.01,101004.55,101004.5,100978.61
13088.171102639,5808,100975.77,97913.23,100995.7,103766.33,101021.15,101003.49,101005.56,100979.64
13088.194794548,5809,100986.95,97907.14,100996.74,103766.33,101016.09,101009.62,101003.43,100978.61
13088.215742719,5810,100982.96,97899.08,100990.66,103750.35,101008.92,100997.36,101013.59,100984.68
13088.235878982,5811,100996.79,97908.17,100993.63,103756.15,101011.02,100991.47,101006.63,100979.64
13088.256367887,5812,100986.95,97911.16,100986.66,103767.42,101019.05,101000.55,101004.5,100980.68
13088.27696744,5813,100996.79,97912.2,100992.74,103749.25,101017.14,101001.61,100995.4,100983.64
13088.2974385,5814,100980.83,97911.16,100986.66,103763.04,101025.17,100990.41,101007.45,100981.72
13088.318099295,5815,100987.74,97907.14,100991.7,103779.41,101011.02,100991.47,101000.48,100993.72
13088.338550364,5816,100981.89,97911.16,100983.69,103766.33,101007.01,100993.6,101000.48,100988.68
13088.362797163,5817,100992.8,97910.13,100991.7,103750.35,101011.22,101001.61,100995.4,100988.68
13088.383423497,5818,100980.83,97904.14,100987.69,103766.33,101011.02,100990.41,100995.4,100988.68
13088.403916629,5819,100996.79,97902.08,100986.66,103766.33,101015.04,101007.5,101007.45,100987.64
13088.424408049,5820,100996.79,97899.08,100986.66,103762.33,101011.02,100999.49,101008.51,100988.68
13088.444978709,5821,100995.72,97904.14,100979.69,103761.24,101009.11,100995.48,101003.43,100982.61
13088.465664573,5822,100980.83,97915.19,100985.62,103766.33,101008.06,101005.61,101003.43,100976.68
13088.486169533,5823,100987.74,97911.16,100993.77,103766.33,101017.14,100995.48,101007.45,100978.75
13088.506556605,5824,100995.72,97901.05,100991.7,103766.33,101013.13,100992.53,100995.4,100984.68
13088.53083426,5825,100999.99,97912.2,100997.63,103771.42,101012.08,100999.49,101007.45,100980.68
13088.551270807,5826,100993.86,97903.11,100996.74,103765.23,101015.23,100999.49,101017.61,100980.68
13088.571894307,5827,100995.72,97906.11,100987.69,103747.06,101011.02,100999.49,101007.45,100976.68
13088.592390473,5828,100988.81,97896.09,100987.69,103767.42,101015.04,101003.49,101004.5,100977.72
13088.613304693,5829,100989.87,97911.16,100987.69,103753.25,101010.17,100999.49,101004.5,100981.72
13088.633420985,5830,100983.75,97913.13,100987.69,103765.23,101020.1,101003.49,100990.32,100984.68
13088.654093599,5831,100984.82,97907.14,100981.62,103766.33,101020.1,101007.5,101000.48,100988.68
13088.676189475,5832,100984.82,97902.08,100988.73,103770.32,101009.11,100994.42,101009.58,100979.64
13088.698825408,5833,100980.83,97912.2,100988.73,103751.06,101007.01,100991.47,101011.46,100987.64
13088.719274093,5834,100987.74,97905.08,100990.66,103753.25,101012.08,100991.47,101001.3,100981.72
13088.739937833,5835,100987.74,97909.2,100994.67,103766.33,101011.02,100991.47,100995.4,100994.61
13088.760353028,5836,100996.79,97912.2,100997.78,103762.33,101007.01,100991.47,100997.53,100979.64
13088.781027935,5837,100997.85,97908.17,100984.73,103766.33,101007.01,100985.35,101003.43,100987.64
13088.801444101,5838,100997.85,97903.11,100984.58,103765.23,101013.13,101008.56,101011.46,100978.61
13088.82210017,5839,100982.96,97898.05,100988.73,103768.13,101003.0,100991.47,101003.43,100981.57
13088.845848856,5840,100992.8,97900.11,100989.77,103765.23,101003.0,101001.61,100995.4,100976.68
13088.866810777,5841,100992.01,97903.11,100988.73,103767.42,101005.1,100998.42,101003.43,100988.68
13088.887340675,5842,100982.96,97903.11,100994.67,103762.33,101007.01,100992.53,100995.4,100980.68
13088.907961961,5843,100992.8,97902.08,100987.69,103766.33,101003.0,101000.55,101003.43,100996.68
13088.928622116,5844,100998.92,97902.08,100987.69,103763.04,101011.02,100999.49,100993.27,100988.68
13088.949049469,5845,100997.85,97907.14,100983.69,103767.42,101014.18,100986.41,101003.43,100980.68
13088.969507668,5846,100992.01,97909.1,100996.74,103754.34,101011.02,100987.47,100999.42,100986.75
13088.990170527,5847,100983.75,97902.08,100991.7,103752.15,101013.13,100999.49,101003.43,100983.64
13089.013799192,5848,100997.85,97898.05,100987.69,103747.06,101012.08,101001.61,101007.45,100974.6
13089.034866302,5849,100987.74,97903.11,100999.71,103764.14,101007.01,100998.42,100994.34,100974.6
13089.054882583,5850,101002.91,97909.1,100987.69,103775.03,101011.02,101000.55,101003.43,100980.68
13089.075874389,5851,100990.94,97905.08,100996.74,103777.22,101013.13,101001.61,101004.5,100986.61
13089.096583799,5852,100984.03,97905.08,100997.78,103764.14,101011.02,100990.41,101008.51,100978.61
13089.117220559,5853,100996.79,97901.05,100991.7,103764.14,101009.11,101006.44,100990.32,100980.68
13089.137597155,5854,100996.79,97903.11,100992.74,103763.04,101004.05,101007.5,101001.3,100988.68
13089.158188936,5855,100988.81,97892.99,100994.81,103756.15,101013.13,100999.49,101011.46,100990.75
13089.181818702,5856,100983.75,97901.05,100987.69,103767.42,101011.02,100994.66,100995.4,100988.68
13089.202896809,5857,100996.79,97907.14,100979.69,103776.12,101015.23,100996.54,101007.45,100980.68
13089.22293921,5858,101003.98,97902.08,100999.71,103762.33,101017.14,100991.47,101007.45,100984.68
13089.243983355,5859,100996.79,97895.06,100989.77,103751.06,101019.05,100999.49,101011.46,100980.68
13089.264010814,5860,100986.95,97919.22,100982.65,103762.33,101004.05,101004.55,101012.53,100986.61
13089.284967817,5861,100999.99,97902.08,100987.69,103766.33,101012.08,100998.42,100994.34,100979.64
13089.305089297,5862,100989.87,97910.13,100987.69,103763.04,101008.06,101003.49,100995.4,100979.64
13089.326100223,5863,100997.85,97907.14,100985.62,103765.23,101013.13,101000.55,101012.53,100975.64
13089.349818413,5864,100992.01,97899.08,100987.69,103765.23,101019.05,100994.42,101009.58,100982.61
13089.370295601,5865,100980.83,97909.2,100993.63,103762.33,101009.11,100993.6,100995.4,100979.64
13089.391825101,5866,100988.81,97899.08,100989.77,103760.14,101024.11,100996.54,101004.5,100980.68
13089.411435097,5867,100988.81,97911.16,100986.66,103767.42,101018.0,101004.55,101002.37,100970.6
13089.432077185,5868,100993.86,97900.11,100980.72,103764.14,101011.02,100999.49,100987.37,100976.68
13089.453109432,5869,100987.74,97902.08,100991.7,103772.13,101012.08,100990.41,101007.45,100979.64
13089.473069038,5870,100983.75,97903.11,100989.63,103772.13,101011.02,101001.61,101004.5,100986.61
13089.494166014,5871,100998.92,97902.08,100990.66,103754.34,101013.13,100990.41,100999.42,100980.68
13089.517870092,5872,100989.87,97915.19,100986.66,103774.32,101013.13,100993.36,101008.51,100979.64
13089.53832061,5873,100993.86,97911.16,100994.81,103766.33,101004.05,101002.43,101003.43,100979.64
13089.558951841,5874,100982.96,97907.14,100997.78,103771.03,101013.13,100995.48,101007.45,100988.68
13089.57945614,5875,100987.74,97911.16,100997.78,103774.32,101014.18,100995.48,101012.53,100982.61
13089.599985658,5876,100984.82,97907.14,100991.7,103764.14,101011.02,101005.61,101021.62,100982.61
13089.620608045,5877,100982.96,97907.04,100991.7,103761.24,101019.05,101009.38,101003.43,100988.68
13089.641118434,5878,100982.96,97911.16,100987.69,103759.05,101008.06,101007.5,101004.5,100980.68
13089.661637435,5879,100990.94,97911.16,100981.62,103776.12,101011.02,100999.49,101008.51,100979.64
13089.685847569,5880,100981.89,97895.06,100978.65,103772.13,101020.1,100999.49,101010.39,100979.64
13089.707132208,5881,100987.74,97903.11,100991.7,103771.42,101008.06,101000.55,100994.34,100988.68
13089.72699691,5882,100991.73,97901.05,100991.7,103767.04,101029.18,101003.49,101003.43,100988.68
13089.747393256,5883,100997.85,97906.11,100987.69,103763.04,101015.04,100999.49,100997.53,100993.72
13089.768146272,5884,100988.81,97902.08,100992.59,103762.33,101012.08,100995.48,101011.46,100980.68
13089.788511791,5885,100999.99,97912.2,100983.69,103760.14,101011.02,100991.47,101007.45,100987.64
13089.809106106,5886,100999.71,97912.2,100994.67,103763.04,101011.02,100991.47,101003.43,100984.68
13089.830077702,5887,100983.75,97911.16,100979.69,103764.14,101001.94,100995.48,101004.5,100987.64
13089.853844115,5888,100998.92,97903.11,100986.66,103765.23,100998.98,100999.49,101003.43,100995.64
13089.87440535,5889,100997.85,97903.11,100997.78,103767.04,101003.0,100999.49,101004.5,100994.61
13089.894999976,5890,100997.85,97911.16,100981.62,103763.04,101007.01,101003.49,100999.42,100979.64
13089.915467479,5891,100998.92,97908.17,100987.69,103763.04,101005.1,100990.41,100999.42,100978.61
13089.936003607,5892,100984.82,97899.08,100977.61,103773.22,101001.94,100991.47,101002.37,100988.68
13089.958048796,5893,100982.96,97903.11,100995.7,103772.13,101004.05,100997.36,101000.48,100978.61
13089.977005445,5894,101001.85,97903.11,100990.66,103772.13,101004.05,100994.42,100999.42,100987.64
13090.001261418,5895,100993.86,97910.13,100987.69,103763.04,101011.02,100989.35,100997.53,100988.68
13090.021916395,5896,100996.79,97911.16,100991.7,103763.04,101017.14,100992.53,100994.34,100982.61
13090.042387164,5897,100981.89,97901.05,100995.7,103767.42,101013.13,101003.49,101002.37,100978.61
13090.062953567,5898,100982.96,97903.11,100993.77,103765.23,101010.17,100991.47,101002.37,100987.64
13090.083443304,5899,100992.01,97903.11,100985.62,103772.13,101006.15,100991.47,101009.33,100979.64
13090.104012802,5900,100992.01,97911.16,100983.69,103763.04,101020.1,100987.47,101003.43,100978.61
13090.124674329,5901,100989.87,97907.14,100991.7,103773.22,101013.13,101004.55,101015.47,100978.61
13090.146321066,5902,100998.92,97903.11,100995.7,103772.13,101020.1,100992.53,100998.35,100981.72
13090.168919161,5903,100987.74,97913.23,100995.7,103766.33,101016.09,101003.49,101011.46,100980.68
13090.189850907,5904,100988.81,97912.2,100991.7,103769.23,101014.18,100991.47,101001.3,100978.61
13090.210323488,5905,100980.83,97903.11,100987.69,103755.05,101005.1,101005.37,100999.42,100978.61
13090.230970934,5906,100995.72,97902.08,100987.69,103763.04,101023.06,101006.44,100990.32,100987.64
13090.251411267,5907,100990.94,97903.11,100986.66,103775.03,101013.13,100992.53,101002.37,100983.64
13090.272054236,5908,100992.01,97912.2,100996.74,103771.42,101007.01,101001.37,100991.39,100975.64
13090.292519035,5909,100989.87,97907.14,100995.7,103771.42,101014.18,101003.49,101003.43,100987.64
13090.313145018,5910,101003.7,97906.11,100987.69,103776.12,101019.05,100989.35,101011.46,100978.61
13090.336906584,5911,100987.74,97897.02,100982.65,103772.13,101013.13,100999.49,101004.5,100971.64
13090.357936067,5912,100992.8,97903.11,100985.62,103763.04,101019.05,101003.49,101003.43,100979.64
13090.378833481,5913,100992.8,97898.05,100992.74,103760.14,101001.09,100986.41,101003.43,100976.68
13090.399137017,5914,100975.77,97899.08,100991.7,103766.33,101011.02,100999.49,101012.53,100994.61
13090.419528235,5915,100988.81,97907.14,100989.77,103761.24,101005.1,100992.53,101012.53,100986.61
13090.440364576,5916,100998.92,97903.11,100987.69,103763.04,101013.13,100988.53,100991.39,100976.68
13090.46050819,5917,100995.72,97903.11,100986.66,103763.04,101012.08,101004.55,101003.43,100978.61
13090.48120529,5918,100996.79,97910.13,100990.66,103766.33,101011.02,100998.42,101003.43,100988.68
13090.504854867,5919,100993.86,97915.19,100987.69,103774.32,101007.01,101008.56,101005.56,100976.68
13090.525925362,5920,100988.81,97904.14,101001.78,103764.14,101011.02,100995.48,101004.5,100980.68
13090.545986081,5921,100979.76,97902.08,100988.73,103759.43,101009.11,100996.54,101013.59,100981.72
13090.567017327,5922,100996.79,97914.16,100987.69,103762.33,101003.0,101006.44,101003.43,100980.68
13090.589214336,5923,100991.73,97901.05,100989.63,103775.41,101016.09,100998.42,101006.38,100984.53
13090.608021118,5924,100987.74,97903.11,100993.63,103765.23,101012.08,101001.61,101004.5,100985.57
13090.628205603,5925,100997.85,97904.14,100994.67,103757.24,101012.08,100996.54,101005.31,100996.68
13090.649027833,5926,100993.86,97906.11,100995.7,103757.24,101011.02,100997.6,101005.56,100982.61
13090.672874828,5927,100999.71,97911.16,100994.67,103763.04,101012.08,101010.44,101002.37,100987.64
13090.693318786,5928,100984.82,97903.11,100989.63,103767.04,101021.15,101003.49,101012.53,100991.64
13090.713914794,5929,100996.79,97901.05,100987.69,103766.33,101012.08,100992.53,101008.51,100983.64
13090.734413905,5930,100987.74,97910.13,100991.7,103764.14,100994.97,100987.47,101017.61,100981.72
13090.755119599,5931,100998.92,97903.11,100986.66,103766.33,101020.1,100993.6,101007.45,100981.72
13090.776314322,5932,100998.92,97906.11,100986.66,103764.14,101005.1,100987.47,101001.55,100978.61
13090.796216341,5933,100987.74,97911.16,100987.69,103769.23,101007.01,100991.47,101004.5,100975.64
13090.817133955,5934,100995.72,97902.08,100987.69,103769.23,101021.15,100998.42,101008.51,100983.64
13090.840887809,5935,100979.76,97903.11,100986.66,103764.14,101014.18,101006.44,100999.42,100978.61
13090.861370796,5936,100989.87,97903.11,100987.69,103773.22,101015.23,100999.49,101003.43,100987.64
13090.882011291,5937,100990.94,97909.1,100986.66,103760.14,101013.13,101001.37,100995.4,100983.64
13090.902536141,5938,100990.94,97904.14,100998.67,103763.04,101013.13,101002.43,100995.4,100988.68
13090.923150627,5939,100988.81,97911.16,100987.69,103774.32,101005.1,100998.42,100999.42,100973.72
13090.943794417,5940,100988.81,97915.19,100986.66,103780.12,101013.13,101003.49,101004.5,100979.64
13090.964944162,5941,100988.81,97901.05,100986.66,103765.23,101012.08,100996.54,100995.4,100979.64
13090.985293087,5942,100989.08,97901.05,100986.66,103764.14,101021.15,100991.47,100999.42,100988.68
13091.00885481,5943,100985.88,97907.14,100987.69,103764.14,101008.06,101003.49,100992.45,100970.6
13091.029343425,5944,100982.96,97911.16,100996.74,103767.42,101011.02,100998.42,101004.5,100978.61
13091.049926574,5945,100975.77,97906.11,100986.66,103765.23,101011.02,101005.61,100999.42,100982.61
13091.07071344,5946,101001.85,97907.14,100987.69,103768.13,101011.02,100991.47,101003.43,100981.72
13091.091182546,5947,100992.8,97903.11,100985.62,103772.13,101003.0,101001.37,101003.43,100990.75
13091.112115023,5948,100996.79,97902.08,100981.62,103764.14,101007.01,100999.49,100995.4,100980.68
13091.132856982,5949,100980.83,97907.14,100986.66,103767.04,101016.09,101007.5,101001.55,100987.64
13091.152763026,5950,100996.79,97901.05,100989.63,103766.33,101023.26,100991.47,101011.46,100984.68
13091.176910886,5951,100996.79,97903.11,100995.7,103773.22,101008.06,100983.46,100996.47,100983.64
13091.197403327,5952,100990.94,97911.16,100994.67,103760.85,101013.13,101000.55,101001.3,100987.64
13091.218027358,5953,100987.74,97911.16,101002.68,103775.03,101007.01,101003.49,100998.35,100980.68
13091.238516774,5954,100996.79,97919.22,101004.75,103775.41,101015.04,101003.49,100996.47,100988.68
13091.259196769,5955,100990.94,97906.11,100991.7,103755.05,101007.01,100991.47,101000.48,100980.68
13091.279535057,5956,100993.86,97907.14,100989.63,103763.04,101011.02,100995.48,101003.43,100982.61
13091.300079998,5957,100979.76,97901.05,100994.67,103764.14,101011.02,100989.59,101009.33,100986.61
13091.324315831,5958,100980.83,97899.08,100985.62,103763.04,101012.08,100991.47,101002.37,100979.64
13091.344915414,5959,100985.88,97918.19,100986.66,103764.14,101008.06,100999.49,101004.5,100986.61
13091.365422698,5960,100989.87,97906.11,100991.7,103765.23,101012.08,100983.46,100995.4,100986.61
13091.386103284,5961,100988.81,97899.08,100987.69,103765.23,101019.05,100999.49,101003.43,100985.57
13091.406556055,5962,100996.79,97909.1,100994.67,103779.02,101008.06,101000.55,101002.37,100990.61
13091.427089568,5963,100998.92,97902.08,100985.62,103764.14,101020.1,100989.35,101004.5,100980.68
13091.447728511,5964,101001.85,97910.13,100981.62,103765.23,101011.02,101000.55,101010.39,100978.61
13091.468208443,5965,100981.89,97904.14,100989.63,103756.15,101011.02,100991.47,100999.42,100981.72
13091.49194426,5966,100987.74,97911.16,100994.67,103771.03,101009.97,100991.47,100993.27,100984.68
13091.51289236,5967,100997.85,97911.16,100985.62,103776.12,101016.09,100993.6,101002.37,100979.64
13091.533405082,5968,100985.88,97905.08,100995.7,103763.04,101015.04,100991.47,101004.5,100981.72
13091.554086469,5969,101000.78,97910.13,100990.66,103766.33,100996.02,101000.55,100999.42,100978.61
13091.57449283,5970,100987.74,97902.08,100993.63,103774.32,101007.01,100999.49,100999.42,100980.68
13091.596199328,5971,100993.86,97905.08,100987.69,103765.23,101019.05,100999.49,101007.45,100988.68
13091.615626788,5972,100983.75,97915.19,100988.73,103763.04,101011.02,100996.54,101003.43,100988.68
13091.636386193,5973,100988.81,97913.13,100990.66,103747.06,101011.02,100995.48,100991.39,100979.64
13091.660054588,5974,100986.95,97901.05,100982.65,103764.14,101011.02,100995.48,100995.4,100980.68
13091.680953324,5975,100989.87,97918.19,100987.69,103771.03,101012.08,100999.49,101004.5,100988.68
13091.701429721,5976,100996.0,97911.16,100985.76,103763.04,101003.0,100991.47,101004.5,100988.68
13091.721982964,5977,100999.99,97907.14,100995.7,103762.33,101011.02,101008.56,101000.48,100987.64
13091.742514084,5978,100990.94,97901.05,100993.63,103765.23,101016.09,101001.61,100992.45,100978.61
13091.763079145,5979,100992.01,97897.02,100987.69,103769.23,101012.08,100991.47,100999.42,100983.64
13091.783551125,5980,100980.83,97905.08,100987.69,103770.32,101004.91,100994.42,101011.46,100993.72
13091.804333535,5981,100983.75,97911.16,100991.7,103765.23,101012.08,100991.47,100987.37,100984.68
13091.827902099,5982,100979.76,97914.16,100991.7,103763.04,101016.09,100996.54,101003.43,100980.68
13091.849797411,5983,100983.75,97911.16,100994.67,103765.23,101007.01,101007.5,100999.42,100985.72
13091.870139305,5984,100983.75,97906.11,100987.69,103763.04,101013.13,100992.53,101002.37,100983.64
13091.890036476,5985,100991.73,97910.13,100989.63,103758.34,101011.02,101003.49,100993.27,100976.68
13091.910043763,5986,100988.81,97897.02,100985.62,103763.04,101013.13,100989.35,100995.4,100979.64
13091.931122852,5987,100999.71,97911.16,100993.63,103765.23,101013.13,101000.55,101002.37,100979.64
13091.95241287,5988,100992.8,97895.99,100985.62,103767.04,101013.13,100998.42,101003.43,100971.64
13091.97219031,5989,100988.81,97891.96,100989.63,103759.05,101011.02,100999.49,101008.51,100988.68
13091.995910523,5990,100988.81,97902.08,100997.78,103758.34,101011.02,100989.35,101001.55,100978.61
13092.016342843,5991,100993.86,97901.05,100982.65,103764.14,101013.13,100997.36,101006.38,100986.61
13092.036966883,5992,100993.86,97910.13,100990.66,103775.03,101007.01,100995.48,101003.43,100990.61
13092.057995495,5993,100990.94,97909.1,100982.65,103761.24,101015.04,100994.42,101002.37,100981.57
13092.078092488,5994,100980.83,97899.08,100993.63,103763.04,101013.13,100995.48,101004.5,100972.68
13092.099121992,5995,100990.94,97905.08,100993.63,103756.15,101012.08,100991.47,101013.59,100988.68
13092.119291956,5996,100990.94,97906.11,100986.66,103764.14,101003.0,101000.55,101003.43,100987.64
13092.140307979,5997,100987.74,97915.19,100991.7,103764.14,101013.13,100990.41,100996.47,100982.61
13092.163925056,5998,101003.98,97911.16,100987.69,103759.05,100998.98,100998.42,101003.43,100990.61
13092.184358277,5999,100991.73,97910.13,100986.66,103765.23,101018.19,100991.47,101011.46,100988.68
13092.204978512,6000,100979.76,97911.16,100995.7,103760.14,101011.02,100990.41,100995.4,100980.68
13092.225462601,6001,100996.79,97907.14,100977.61,103779.41,101007.01,100997.36,100996.47,100988.68
13092.246043926,6002,101002.91,97907.14,100982.65,103763.04,101003.0,100999.49,101003.43,100988.68
13092.266489176,6003,100983.75,97901.05,100992.74,103751.06,101009.11,100997.36,101012.53,100979.64
13092.287251946,6004,100982.96,97910.13,100987.69,103763.43,101017.14,100990.41,101003.43,100986.61
13092.30844013,6005,100998.92,97909.1,100989.63,103776.12,101003.0,100997.36,101011.46,100982.61
13092.331929754,6006,100996.79,97910.13,100988.59,103774.32,101007.01,100997.36,100993.52,100978.61
13092.352483698,6007,100987.74,97894.03,100994.67,103763.04,101015.04,100995.48,101003.43,100980.68
13092.373203714,6008,100992.8,97903.11,100985.62,103766.33,101011.02,100996.54,100987.37,100982.61
13092.394132455,6009,100987.74,97915.19,100989.63,103766.33,101007.01,100999.49,101007.45,100982.61
13092.414139292,6010,100997.85,97904.14,100993.63,103767.04,101011.02,100999.49,100994.34,100986.61
13092.434684052,6011,100997.85,97902.08,100983.69,103758.34,101011.02,100991.47,101007.45,100991.64
13092.455127389,6012,100989.87,97902.08,100977.61,103765.23,101004.05,101001.37,100999.42,100990.61
13092.475600501,6013,100980.83,97907.14,100985.62,103774.32,101007.01,100999.49,101010.39,100987.64
13092.500520929,6014,100983.75,97906.11,100994.67,103771.03,101013.13,100997.36,101009.33,100982.61
13092.520383779,6015,100988.02,97906.11,100981.62,103761.24,101015.04,100990.41,101003.43,100995.64
13092.54100848,6016,100987.74,97901.05,100989.63,103754.34,101008.06,100989.35,101003.43,100982.61
13092.561552679,6017,100988.81,97895.06,101001.64,103766.33,101008.06,101006.44,101011.46,100984.68
13092.582141657,6018,100989.87,97914.16,100991.7,103772.84,101012.08,100999.49,101003.43,100978.61
13092.603332144,6019,100993.86,97906.11,100989.63,103760.14,101000.04,100998.42,100994.34,100963.64
13092.623210697,6020,100997.85,97895.99,100985.62,103767.42,101012.08,100990.41,101002.37,100987.64
13092.647285846,6021,100983.75,97901.05,100990.66,103762.33,101011.02,100998.42,101017.36,100987.64
13092.667906561,6022,100987.74,97910.13,100995.7,103766.33,101012.08,100996.3,101012.53,100980.68
13092.688415508,6023,100985.88,97903.11,101011.72,103766.33,101011.02,100995.48,101002.37,100986.61
13092.709105698,6024,100994.65,97910.13,100978.65,103780.12,101016.09,100999.49,101004.5,100980.68
13092.729429114,6025,100985.88,97910.13,100977.61,103763.04,101012.08,100998.42,101003.43,100991.64
13092.752052027,6026,100999.99,97901.05,100979.69,103774.32,101017.14,101003.49,101003.43,100988.68
13092.77066124,6027,100979.76,97899.08,100983.69,103775.03,101015.04,100989.35,101007.45,100991.64
13092.791285681,6028,100979.76,97907.14,100987.69,103764.14,101015.04,100999.49,101010.39,100982.75
13092.814947546,6029,100984.82,97901.05,100987.69,103755.05,101020.1,100998.42,100997.28,100984.68
13092.835921605,6030,100979.76,97910.13,100986.66,103767.42,101015.04,100991.47,100999.42,100978.61
13092.856431463,6031,100988.81,97911.16,100990.66,103768.13,101015.23,100991.47,100995.4,100991.64
13092.877093912,6032,100985.88,97906.11,100981.62,103761.24,101008.06,100997.36,101001.55,100988.68
13092.898176876,6033,100998.92,97903.11,100982.65,103758.34,101019.05,100991.47,101013.59,100987.64
13092.918081929,6034,100987.74,97914.16,100995.7,103766.33,100998.98,100998.42,101003.43,100979.64
13092.938566879,6035,100986.95,97902.08,100995.7,103763.04,101013.13,101001.37,101007.45,100995.64
13092.95925748,6036,100980.83,97902.08,101003.71,103761.24,101021.15,101001.37,101003.43,100983.64
13092.982901718,6037,100988.81,97910.13,100986.66,103766.33,101012.08,100992.53,101011.46,100982.61
13093.003935718,6038,101002.12,97897.02,100995.7,103760.14,101020.1,100998.42,101002.37,100985.72
13093.02439573,6039,100998.92,97901.05,100983.69,103763.04,101009.11,100990.41,101004.5,100978.61
13093.045084809,6040,100989.87,97901.05,100979.69,103763.04,101015.04,100995.48,100996.47,100990.61
13093.06552401,6041,101000.78,97910.13,100977.61,103751.06,101021.15,100999.49,100995.4,100979.64
13093.086101089,6042,100990.94,97910.13,100988.73,103764.14,101015.04,100990.41,100996.47,100985.72
13093.106702265,6043,100994.93,97911.16,100983.69,103770.32,101012.08,101003.49,101002.37,100971.64
13093.127636274,6044,100981.89,97901.05,100990.66,103763.04,101003.0,100982.4,100995.4,100982.75
13093.150949381,6045,101000.78,97905.08,100979.69,103757.24,101004.05,100990.41,101004.5,100984.68
13093.172004203,6046,100980.83,97901.05,100985.62,103766.33,101011.02,100991.47,101005.31,100980.68
13093.191996037,6047,100995.72,97901.05,100995.7,103763.04,101015.04,100993.36,100996.47,100982.61
13093.213095977,6048,100984.82,97910.13,100991.7,103775.03,101005.96,100990.41,100996.47,100974.6
13093.233106159,6049,100996.79,97906.11,100977.61,103765.23,101017.14,101002.43,101003.43,100988.68
13093.254124696,6050,100994.93,97909.1,100985.62,103752.15,101011.02,100991.47,101003.43,100979.64
13093.274216712,6051,100980.83,97910.13,100985.62,103764.14,101013.13,100995.48,101006.38,100978.61
13093.295306016,6052,100990.94,97901.05,100987.69,103774.32,101015.04,100989.35,101001.3,100982.61
13093.318935481,6053,100996.79,97903.11,100977.61,103764.14,101013.13,100997.36,101003.43,100984.68
13093.3394326,6054,100988.81,97909.1,100995.7,103747.06,101008.06,101002.43,101009.33,100974.6
13093.360039825,6055,100997.85,97909.1,101001.64,103763.04,101012.08,101000.55,101002.37,100987.64
13093.381096299,6056,100994.65,97906.11,100995.7,103772.13,101011.02,101003.49,100999.42,100987.64
13093.401072289,6057,100995.72,97914.16,100991.7,103775.03,101012.08,100991.47,100998.35,100988.68
13093.422139239,6058,100997.85,97898.99,100987.69,103766.33,101008.06,100997.36,101011.46,100971.64
13093.442238757,6059,100992.8,97898.05,100991.7,103763.04,101012.08,100985.35,101003.43,100987.64
13093.463218925,6060,101001.85,97901.05,100987.69,103773.22,101003.0,100999.49,100990.32,100979.64
13093.48693387,6061,100983.75,97909.1,100995.7,103764.14,101007.01,100998.42,101006.38,100979.64
13093.507790382,6062,100987.74,97910.13,100999.71,103762.33,101013.13,100999.49,100999.42,100984.68
13093.527991263,6063,100985.88,97910.13,100979.69,103761.24,101006.15,101002.43,100997.28,100980.68
13093.548468671,6064,100997.85,97904.05,101001.64,103760.14,101018.19,100992.53,101010.39,100988.68
13093.569089156,6065,100997.85,97902.08,100995.7,103771.03,101020.1,100998.42,100999.42,100981.72
13093.589606605,6066,100992.01,97892.99,100991.7,103774.32,101011.02,101003.49,101011.46,100968.68
13093.61020727,6067,100984.82,97910.13,100993.63,103758.34,101019.05,100992.53,101010.39,100996.68
13093.631281622,6068,100998.92,97906.11,100983.69,103750.35,101017.14,101000.55,101006.38,100962.6
13093.654975845,6069,100988.81,97909.1,100991.7,103768.13,101009.97,101003.49,101001.3,100978.61
13093.675393534,6070,100988.81,97905.08,100981.76,103764.14,101005.1,101000.55,101011.46,100980.68
13093.696051355,6071,100987.74,97901.05,100991.7,103763.04,101011.02,101001.37,101004.5,100978.61
13093.716483215,6072,100988.02,97895.06,100995.7,103758.34,101016.09,100994.42,100995.4,100990.61
13093.737091862,6073,100982.96,97909.1,100983.69,103764.14,101012.08,100999.49,101004.5,100986.61
13093.757778557,6074,100984.82,97909.1,100995.7,103764.14,101015.04,101003.49,101003.43,100989.57
13093.778453514,6075,100989.87,97910.13,100986.66,103760.14,101003.0,101002.43,101001.3,100987.64
13093.802339387,6076,100998.92,97902.08,100987.69,103763.04,101013.13,100999.49,101006.38,100986.61
13093.823085412,6077,100992.8,97911.16,100989.63,103768.13,101011.02,100995.48,101001.55,100981.72
13093.843425002,6078,100998.92,97899.08,100987.69,103764.14,101013.13,101000.55,101004.5,100987.64
13093.864108763,6079,100997.85,97911.16,100991.7,103775.03,101013.13,101007.5,101003.43,100991.64
13093.886143176,6080,100992.8,97899.08,100985.62,103763.04,101007.01,101004.55,101002.37,100972.68
13093.905150632,6081,100997.85,97906.11,101007.72,103743.78,101011.02,100998.42,101011.46,100979.64
13093.925563773,6082,100996.79,97906.11,100991.7,103755.05,101012.08,101009.62,101001.3,100986.61
13093.946177818,6083,100987.74,97910.13,100986.66,103775.41,101013.13,101003.49,101003.43,100980.68
13093.970336635,6084,100990.94,97901.05,100991.7,103749.25,101024.31,100999.49,100995.4,100979.64
13093.991051302,6085,100980.83,97891.96,100997.78,103759.43,101011.02,100999.49,101011.46,100984.68
13094.011414648,6086,100987.74,97897.02,100987.69,103761.95,101012.08,101007.5,101001.3,100978.61
13094.032114493,6087,100996.79,97911.16,100991.7,103765.23,101020.1,100999.49,100992.45,100980.68
13094.052576468,6088,100993.86,97909.1,100983.69,103774.32,101011.02,100997.6,101007.45,100984.68
13094.073132776,6089,101012.75,97914.16,100991.7,103759.05,101013.13,100987.47,101003.43,100980.68
13094.093720351,6090,100991.73,97902.08,100984.58,103758.34,101010.17,100991.47,101006.38,100979.64
13094.114156347,6091,100997.85,97909.1,100991.7,103764.14,101012.08,100997.36,100998.35,100978.61
13094.138341674,6092,100997.85,97918.19,100994.67,103775.03,101011.02,101003.49,101011.46,100980.68
13094.158973275,6093,100993.86,97913.13,100984.58,103762.33,101016.09,101003.49,101003.43,100975.64
13094.179404113,6094,100981.89,97909.1,100987.69,103755.05,101012.08,100999.49,101001.3,100986.61
13094.200087894,6095,100980.83,97910.13,100999.71,103771.03,101003.0,101003.49,101013.34,100980.68
13094.220515738,6096,100984.03,97909.1,100999.56,103767.04,101008.06,100996.54,101011.46,100979.64
13094.241111285,6097,100999.71,97909.1,100978.65,103755.05,101013.13,100991.47,101007.45,100974.6
13094.261673612,6098,100996.79,97903.11,100990.66,103759.05,101005.96,101000.55,101011.46,100989.72
13094.282169649,6099,100997.85,97909.1,100989.63,103766.33,101013.13,101001.61,101003.43,100974.6
13094.306362046,6100,100995.72,97905.08,100991.7,103759.05,101012.08,101002.43,100999.42,100986.61
13094.326977733,6101,100997.85,97909.1,100986.66,103751.06,101007.01,101007.5,101003.43,100990.75
13094.347439468,6102,100988.81,97914.16,100995.7,103774.32,101014.18,101000.55,100999.42,100978.61
13094.368138292,6103,100995.72,97925.21,100982.65,103764.14,101011.02,101007.5,101007.45,100986.61
13094.388664514,6104,100988.81,97917.16,100991.7,103775.03,101016.09,100999.49,101011.46,100987.64
13094.409117846,6105,100998.92,97912.1,100986.66,103771.03,101013.13,101003.49,101003.43,100992.68
13094.429587553,6106,100987.74,97932.23,100988.73,103758.34,101012.08,101007.5,100995.4,100986.61
13094.45021596,6107,100981.89,97914.16,100987.69,103759.05,101011.02,100998.42,101003.43,100980.68
13094.473957716,6108,100999.99,97917.16,100991.7,103774.32,101021.15,101001.37,101003.43,100978.61
13094.495042533,6109,100996.79,97919.12,100988.73,103765.23,101009.11,100997.36,101003.43,100978.61
13094.515027657,6110,100983.75,97917.16,100989.63,103766.33,101013.13,100991.47,101007.45,100988.68
13094.536151834,6111,100989.87,97926.24,100985.62,103775.03,101024.11,100991.47,101003.43,100982.61
13094.556180594,6112,100988.81,97915.19,100999.71,103774.32,101012.08,101007.5,101006.38,100988.68
13094.577095884,6113,101013.82,97925.21,100993.63,103759.05,101011.02,100998.42,101003.43,100986.61
13094.597401784,6114,100987.74,97924.18,100989.63,103764.14,101011.02,100999.49,100999.42,100980.68
13094.618262552,6115,100984.82,97923.25,100987.69,103766.33,101003.0,101002.43,101003.43,100984.53
13094.641962955,6116,100999.99,97914.16,100990.66,103772.13,101012.08,100999.49,101008.51,100986.61
13094.662443608,6117,100984.82,97915.19,100993.63,103779.02,101001.09,100999.49,101002.37,100986.61
13094.683079928,6118,100997.85,97957.43,100987.69,103776.12,101017.14,100999.49,101011.46,100985.72
13094.704100417,6119,100996.79,97974.57,100987.69,103759.05,101007.01,100993.36,101003.43,100988.68
13094.724209419,6120,101000.78,97953.4,100993.63,103779.02,101009.11,100991.47,101002.37,100987.64
13094.745209087,6121,101000.78,97962.49,100995.7,103765.94,101011.02,100989.35,100995.4,100991.64
13094.768402634,6122,100998.92,97966.51,100991.7,103775.03,101011.02,100998.42,100994.34,100982.61
13094.786426391,6123,101000.78,97967.54,100997.63,103772.13,101004.05,100992.3,101003.43,100970.6
13094.810078151,6124,100988.81,97963.52,100985.62,103773.22,101013.13,100997.36,101007.45,100978.61
13094.830479644,6125,100991.73,97949.37,100985.62,103772.13,101015.04,100999.49,101011.46,100979.64
13094.85104104,6126,100979.76,97949.37,100993.63,103777.22,101011.02,100998.42,101003.43,100986.61
13094.871629036,6127,100999.99,97959.49,100993.63,103769.23,101015.04,101000.55,100995.4,100981.72
13094.892203902,6128,101000.78,97960.42,100985.62,103775.03,101011.02,100994.42,101008.51,100979.64
13094.912761652,6129,100999.71,97958.46,100995.7,103766.33,101011.02,100994.42,100995.4,100975.64
13094.933130436,6130,100989.87,97965.48,100987.69,103771.03,101009.11,100999.49,101006.38,100980.68
13094.954205999,6131,100995.72,97991.61,100984.58,103776.83,101012.08,101000.55,101010.39,100983.64
13094.977961125,6132,100988.81,97996.67,100986.66,103779.02,101011.02,100999.49,101015.47,100979.64
13094.998456461,6133,100996.79,98005.75,100986.66,103783.02,101008.06,100999.49,100999.42,100976.68
13095.020188487,6134,100988.81,98002.76,100987.69,103785.21,101004.05,101000.55,101004.5,100992.68
13095.039577099,6135,100987.74,98000.69,100994.67,103782.31,101013.13,100998.42,101003.43,100990.61
13095.060177533,6136,100990.94,97997.7,100988.73,103772.84,101016.09,100998.42,101003.43,100980.68
13095.081688295,6137,100987.74,97997.7,100995.7,103779.02,101007.01,100999.49,101010.64,100987.64
13095.101276759,6138,100988.81,98005.75,100993.63,103783.02,101008.06,100999.49,100995.4,100978.61
13095.125348934,6139,100988.81,97990.68,100991.7,103787.01,101001.94,101007.5,101003.43,100978.61
13095.145995388,6140,100979.76,97993.67,100994.67,103783.4,101011.02,101001.37,101007.45,100987.64
13095.166594952,6141,100988.81,98001.73,100982.65,103780.12,101011.02,100992.53,100999.42,100986.61
13095.187082876,6142,100988.81,97983.55,100985.62,103775.03,101008.06,100994.42,101003.43,100974.6
13095.207557581,6143,100989.87,97989.64,100997.78,103783.02,101012.08,101002.43,101003.43,100987.64
13095.228130083,6144,100996.79,98046.02,100995.7,103799.38,101005.1,100991.47,101007.45,100984.68
13095.248595413,6145,100980.83,98039.0,100985.62,103797.19,101007.01,101005.37,101001.55,100968.68
13095.269334788,6146,100993.86,98064.2,100989.63,103787.01,101013.13,101005.37,101006.63,100972.68
13095.296034797,6147,100991.73,98050.05,100991.7,103796.1,101011.02,100998.42,100998.35,100981.72
13095.314031755,6148,100988.81,98050.05,100993.63,103790.3,101021.15,101006.44,101011.71,100978.61
13095.334490956,6149,100979.76,98051.08,100985.62,103795.0,101004.05,101003.49,101011.46,100988.68
13095.355136198,6150,100985.88,98047.06,100985.62,103800.09,101017.14,100997.36,101010.39,100989.72
13095.375557142,6151,100994.65,98054.08,100986.66,103796.1,101012.08,101005.37,101009.58,100989.57
13095.396203706,6152,100998.92,98046.02,100990.66,103796.1,101027.07,100999.49,101021.62,100987.64
13095.41669134,6153,100987.74,98047.06,100987.69,103795.0,101006.15,101006.44,101012.53,100988.68
13095.438517799,6154,100999.71,98044.06,100987.69,103787.01,101015.04,101003.49,101001.55,100988.68
13095.461413905,6155,101000.78,98048.09,100989.63,103800.09,101009.11,100999.49,101015.47,100987.64
13095.482036203,6156,100994.93,98049.12,100987.69,103792.81,101012.93,100999.49,101011.46,100987.64
13095.502501083,6157,100997.85,98119.55,100989.63,103812.08,101012.08,100999.49,101007.69,100991.64
13095.523125453,6158,100995.72,98122.54,100996.74,103810.98,101020.1,101005.37,101005.56,100978.61
13095.54369377,6159,101002.91,98130.59,100988.73,103806.28,101013.13,101004.31,101003.43,100978.61
13095.564090416,6160,100989.87,98106.43,100989.63,103808.79,101017.14,100997.36,101016.54,100988.68
13095.584666043,6161,100996.79,98106.43,100990.66,103821.16,101015.04,101006.44,101017.61,100974.6
13095.605203352,6162,100995.72,98112.52,100987.69,103806.99,101015.04,101004.31,101004.5,100989.72
13095.630154988,6163,100988.81,98104.47,100987.69,103810.98,101011.02,100997.36,101005.56,100992.68
13095.650107482,6164,100996.79,98118.51,100979.69,103806.99,101022.21,100994.42,101002.61,100987.64
13095.67073627,6165,100987.74,98102.4,100986.66,103799.0,101019.05,100997.36,101013.59,100978.61
13095.691310154,6166,101003.7,98102.4,100990.66,103806.99,101013.13,101002.43,101003.43,100988.68
13095.711776206,6167,100995.72,98102.4,100981.62,103809.18,101016.09,101006.44,101009.58,100987.64
13095.732203068,6168,100997.85,98102.4,100994.67,103799.0,101019.05,101001.37,101012.53,100978.61
13095.753407396,6169,100996.79,98102.4,100985.62,103810.98,101017.14,101006.44,101003.43,100978.61
13095.773500213,6170,100995.72,98174.89,101001.64,103834.95,101011.02,100995.48,101004.5,100988.68
13095.796980292,6171,100996.79,98175.93,100992.74,103818.97,101019.05,100998.42,101004.5,100989.72
13095.818035194,6172,101003.7,98193.07,100990.66,103829.15,101017.14,100989.35,101013.59,100988.68
13095.838058406,6173,100987.74,98183.98,100987.69,103833.15,101017.14,101001.37,100996.47,100989.72
13095.859235383,6174,100986.67,98176.85,100999.71,103829.15,101009.97,100999.49,101013.59,100987.64
13095.879620982,6175,100987.74,98188.01,100992.74,103818.97,101019.05,100997.36,101015.47,100986.61
13095.900187866,6176,100988.81,98183.98,100991.7,103818.97,101016.09,101001.37,101008.51,100987.64
13095.920292271,6177,100998.92,98189.04,100993.63,103818.97,101015.04,100997.36,101001.55,100987.64
13095.941275244,6178,100988.81,98166.84,100991.7,103826.96,101017.14,101002.43,101013.59,100985.72
13095.965080255,6179,100996.79,98178.92,100990.66,103828.06,101023.06,100998.42,101003.43,100987.64
13095.98544267,6180,100984.82,98168.91,100987.69,103810.98,101013.13,101007.5,101005.56,100988.68
13096.006170327,6181,100997.85,98182.95,100992.59,103822.96,101013.13,100999.49,100997.53,100993.72
13096.027223526,6182,100996.79,98202.16,100997.63,103814.97,101024.11,100997.36,101013.59,100988.68
13096.047205796,6183,100991.73,98285.7,100996.74,103860.01,101014.18,101006.44,101015.47,100987.64
13096.068217843,6184,100999.99,98297.78,100989.63,103850.93,101019.05,101014.45,101009.58,100981.72
13096.088274966,6185,100981.89,98280.64,100991.7,103861.11,101016.09,101003.49,101007.45,100987.64
13096.109249176,6186,100988.81,98280.64,100998.67,103844.03,101011.02,101001.37,101010.64,100990.61
13096.133076811,6187,100988.81,98288.69,100994.67,103842.94,101012.08,100995.48,101001.55,100982.61
13096.153545637,6188,100984.82,98287.66,100991.7,103852.02,101012.08,101002.43,101000.48,100987.64
13096.174089867,6189,100991.73,98277.54,100989.63,103846.93,101012.08,100990.41,101011.46,100987.64
13096.194560705,6190,100996.79,98280.64,100993.63,103850.22,101020.1,100989.35,101003.43,100986.61
13096.215298007,6191,100997.85,98284.67,100995.7,103842.94,101012.08,101002.43,101012.53,100990.61
13096.235560631,6192,100998.92,98266.6,100993.63,103850.93,101011.02,101003.49,101008.51,100982.61
13096.256299925,6193,100997.85,98279.6,100991.7,103842.94,101012.08,100999.49,100999.42,100978.61
13096.278954276,6194,100996.0,98289.73,101005.64,103852.02,101015.04,101003.49,101004.5,100986.61
13096.301034609,6195,100991.73,98279.6,100979.69,103846.23,101015.04,101008.56,101013.59,100988.68
13096.32144715,6196,100996.79,98406.41,100985.62,103894.87,101016.09,101002.43,101012.53,100995.64
13096.342109317,6197,100981.89,98415.5,100994.67,103878.19,101015.04,101001.37,101012.53,100987.64
13096.362656141,6198,100998.92,98416.54,101000.74,103877.09,101007.01,101007.5,101022.69,100980.68
13096.383181833,6199,100987.74,98408.48,101004.75,103874.9,101011.02,100989.35,101013.59,100979.64
13096.403750269,6200,101005.84,98408.48,100995.7,103878.89,101020.1,101005.37,101016.54,100973.72
13096.424491056,6201,100993.86,98411.47,100993.63,103877.09,101011.02,100995.48,101013.59,100983.64
13096.448637163,6202,100990.94,98414.58,100993.63,103874.9,101009.11,101001.37,101012.53,100970.6
13096.469114201,6203,100997.85,98410.55,100981.62,103887.27,101012.08,101005.37,101013.59,100979.64
13096.489533572,6204,100985.88,98408.48,100983.69,103862.91,101020.1,101003.49,101002.37,100978.61
13096.510208078,6205,100988.81,98412.51,100985.62,103878.89,101007.01,101003.49,101005.56,100982.61
13096.530600048,6206,100983.75,98410.55,100982.65,103873.1,101012.08,100998.42,101007.45,100980.68
13096.551295236,6207,101002.91,98401.46,100995.7,103874.9,101012.08,100993.36,101011.46,100979.64
13096.573478574,6208,100988.81,98424.59,100986.66,103881.09,101011.02,100999.49,101010.39,100978.61
13096.592383275,6209,100995.72,98563.6,100995.7,103915.24,101016.09,101001.61,101013.59,100980.53
13096.616404042,6210,100996.79,98570.62,100994.67,103915.24,101008.06,100995.48,101014.41,100988.68
13096.637221775,6211,100995.72,98556.46,100989.77,103903.96,101007.01,100991.47,101012.53,100988.68
13096.657481154,6212,101000.78,98551.52,100987.69,103914.14,101011.02,100991.47,101009.58,100979.64
13096.678110583,6213,100984.82,98543.46,100985.62,103905.06,101019.05,101007.5,101013.59,100983.64
13096.698569263,6214,100997.85,98541.39,100987.69,103901.06,101003.0,100989.35,101004.5,100978.61
13096.719202046,6215,100996.79,98541.39,100993.63,103902.86,101011.02,101000.31,101003.43,100987.64
13096.739705725,6216,100998.92,98547.49,100998.67,103906.86,101012.08,100997.36,100995.4,100982.61
13096.760266129,6217,100992.8,98546.45,100993.63,103901.06,101011.02,100997.36,101007.45,100987.64
13096.784425937,6218,101002.91,98547.49,100997.63,103900.67,101011.02,100991.47,101012.53,100982.61
13096.805097769,6219,100987.74,98545.41,100985.62,103906.86,101018.0,100999.49,101004.5,100992.68
13096.825534166,6220,100987.74,98538.4,100991.7,103905.06,101001.94,101003.49,101005.56,100989.72
13096.846148452,6221,100983.75,98549.44,100991.7,103902.16,101012.08,100999.49,100999.66,100980.68
13096.866662495,6222,101000.78,98730.69,100993.63,103955.89,101008.06,101002.43,101004.5,100978.61
13096.887268849,6223,100980.83,98732.76,100996.74,103942.11,101019.05,101002.43,101005.56,100988.68
13096.907734029,6224,100999.71,98722.63,100987.69,103938.82,101008.06,100999.49,101005.56,100978.61
13096.928361865,6225,100995.72,98716.65,100985.62,103950.8,101008.06,101002.43,101009.58,100988.68
13096.952528062,6226,100989.87,98724.71,100987.69,103942.81,101011.02,101004.55,101000.48,100974.6
13096.973028846,6227,100997.85,98714.57,100996.74,103938.82,101004.05,100997.36,101005.56,100975.64
13096.994073623,6228,100984.82,98702.49,100985.62,103938.82,101016.09,100991.47,101011.46,100986.61
13097.014242806,6229,100988.81,98714.57,100990.66,103930.83,101012.08,101007.5,101005.56,100979.64
13097.034587023,6230,100999.99,98716.52,100986.66,103937.72,101003.0,101003.49,101013.59,100987.64
13097.055627062,6231,100983.75,98702.49,100993.63,103946.81,101023.06,100997.36,101011.46,100975.64
13097.075743876,6232,100996.79,98719.64,100989.63,103945.01,101007.01,100994.42,101003.43,100988.68
13097.096272712,6233,100988.81,98707.56,100993.63,103926.83,101017.14,101002.43,101003.43,100992.68
13097.120022099,6234,100987.74,98752.77,100994.67,103943.91,101007.01,100997.36,101017.61,100979.64
13097.141090321,6235,101005.84,98932.07,100987.69,103995.84,101012.08,101000.31,101012.53,100987.64
13097.161083007,6236,100997.85,98924.02,100992.74,103986.76,101012.08,100998.42,100993.52,100982.61
13097.182148485,6237,100986.95,98900.89,100997.63,103979.86,101013.13,101001.37,101003.43,100988.68
13097.202673014,6238,101001.85,98899.85,100989.63,103995.84,101014.18,100998.42,101003.43,100970.6
13097.223182301,6239,100992.8,98895.82,100986.66,103982.06,101012.08,101003.49,101011.46,100978.61
13097.243352976,6240,100995.72,98879.71,100989.63,103986.76,101011.02,101002.43,101005.56,100988.68
13097.264309439,6241,100988.81,98885.82,100991.7,103975.87,101007.01,100997.36,101004.5,100988.68
13097.288632474,6242,100996.79,98879.71,100989.63,103970.78,101021.15,101006.44,101005.56,100989.72
13097.30846061,6243,100997.85,98891.8,101002.68,103978.77,101016.09,100991.47,100991.39,100989.72
13097.32908412,6244,100991.73,98881.79,100990.66,103978.06,101015.04,100989.35,101006.63,100968.68
13097.350193745,6245,100990.94,98885.82,100995.7,103974.07,101012.08,100999.49,101005.56,100981.72
13097.370204898,6246,100997.85,98871.66,101001.64,103976.97,101019.05,100997.36,101004.5,100987.64
13097.392210398,6247,101000.78,98899.85,100995.7,103974.77,101011.02,100997.36,100997.53,100988.68
13097.411270273,6248,100988.81,99093.19,100987.69,104034.7,101012.08,100999.49,101003.43,100983.64
13097.432529624,6249,100987.74,99085.13,100990.66,104035.79,101016.09,100998.42,100997.53,100988.68
13097.456042984,6250,100992.8,99077.08,100990.66,104021.61,101011.02,100999.49,101012.53,100988.68
13097.476480572,6251,100979.76,99070.06,100985.62,104020.91,101009.97,101002.43,101009.58,100986.61
13097.497150902,6252,100981.89,99060.97,101002.68,104022.01,101007.01,101006.44,100997.53,100981.72
13097.517686329,6253,101004.77,99069.02,100981.76,104010.73,101013.13,100991.47,101016.54,100986.61
13097.538268596,6254,100990.94,99060.97,100995.7,104018.72,101020.1,100991.24,100999.42,100988.68
13097.558656359,6255,101005.84,99052.91,100997.63,104022.71,101011.02,100998.42,101008.51,100984.68
13097.579278657,6256,100979.76,99064.99,100995.7,104018.72,101011.02,101000.31,100996.47,100987.64
13097.603418945,6257,100988.81,99057.98,100992.74,104018.72,101011.02,100998.42,101012.53,100982.61
13097.624109055,6258,100991.73,99055.9,100985.62,104023.11,101020.1,100997.36,101008.51,100978.61
13097.644582398,6259,100995.72,99059.92,100987.69,104018.72,101012.08,100991.47,101012.53,100994.61
13097.665189853,6260,100989.87,99116.32,100994.67,104030.7,101011.02,101003.49,101011.46,100980.68
13097.685733121,6261,100983.75,99290.57,100989.63,104074.65,101008.06,101000.55,101009.58,100988.68
13097.706170299,6262,101001.85,99280.57,100989.63,104083.73,101012.08,101007.5,101012.53,100980.68
13097.726683572,6263,100989.87,99270.42,100996.74,104066.66,101019.05,101001.37,101003.43,100987.64
13097.747306681,6264,100987.74,99254.31,100988.59,104067.75,101019.05,100995.48,101017.61,100987.64
13097.771418055,6265,100998.92,99258.34,100993.63,104065.56,101012.08,101002.43,101017.61,100989.72
13097.792059492,6266,100997.85,99251.33,100979.69,104070.65,101007.01,100989.35,101003.43,100989.72
13097.812561668,6267,100996.79,99254.31,100983.69,104065.96,101013.13,101002.43,101012.53,100987.64
13097.833197256,6268,100988.02,99247.3,100994.67,104060.86,101015.04,101003.49,101013.59,100988.68
13097.853571388,6269,100992.8,99246.26,100990.66,104057.97,101017.14,101006.44,101005.56,100988.68
13097.874799682,6270,100992.01,99246.26,100991.7,104062.66,101015.04,100995.48,101001.55,100983.64
13097.894711906,6271,101002.91,99247.3,100985.62,104070.65,101011.02,100993.36,101000.48,100987.64
13097.915275515,6272,100983.75,99233.13,100985.62,104062.66,101017.14,101002.43,101007.45,100988.68
13097.939452679,6273,100989.87,99277.44,100987.69,104066.66,101007.01,100997.36,101011.46,100984.68
13097.960097291,6274,100996.79,99491.98,100991.7,104134.57,101008.06,101005.37,101013.59,100982.61
13097.980560558,6275,100989.87,99475.86,100991.56,104125.48,101024.11,100997.36,101013.59,100983.64
13098.001249837,6276,101000.78,99457.81,100993.63,104116.79,101011.02,100990.41,101004.5,100975.64
13098.02161105,6277,101005.84,99448.71,100987.69,104111.7,101011.02,100989.35,101004.5,100978.61
13098.042702797,6278,100986.95,99445.57,100986.66,104126.58,101009.11,101002.43,101007.45,100988.68
13098.062693871,6279,100983.75,99445.73,100985.62,104114.6,101019.05,101006.44,101003.43,100983.64
13098.083701331,6280,101005.84,99448.71,100985.62,104114.6,101017.14,100990.41,101003.43,100982.61
13098.107449766,6281,100989.87,99438.56,100986.66,104114.6,100994.97,100991.47,101016.54,100989.72
13098.128378458,6282,100985.88,99433.64,100995.7,104113.9,101011.02,100985.35,101003.43,100990.61
13098.148498496,6283,100996.79,99440.65,100986.66,104118.99,101015.04,101002.43,101005.56,100976.68
13098.169154424,6284,100989.87,99440.65,100991.7,104110.6,101012.08,101000.31,100997.53,100983.64
13098.189904135,6285,100988.81,99438.56,100995.7,104114.6,101011.02,100998.42,100996.47,100987.64
13098.212017377,6286,100986.95,99514.21,100987.69,104130.58,101007.01,100988.29,101003.43,100980.68
13098.230813924,6287,100997.85,99701.45,100981.62,104195.6,101015.04,100997.36,100994.34,100988.68
13098.251564696,6288,100993.86,99673.25,100993.63,104179.62,101012.08,101001.37,101004.5,100992.53
13098.275461987,6289,100989.87,99659.07,100988.73,104173.83,101011.02,100995.48,101021.62,100978.61
13098.296109733,6290,100990.94,99657.14,100993.63,104162.54,101027.07,100998.42,101011.46,100986.61
13098.318156154,6291,100995.72,99649.08,100995.7,104161.44,101015.04,100997.36,101013.59,100985.72
13098.338422974,6292,100988.81,99645.05,100987.69,104158.54,101015.04,101015.51,101013.59,100991.64
13098.357818367,6293,100987.74,99646.1,100983.69,104162.54,101013.13,101003.49,101005.56,100977.57
13098.378202214,6294,100993.86,99637.0,100986.66,104162.54,101016.94,101003.49,101003.43,100981.72
13098.398755447,6295,100987.74,99632.97,100995.7,104162.54,101005.1,101003.49,101011.46,100973.57
13098.419281189,6296,100988.81,99642.07,100985.62,104166.53,101012.08,100995.48,101008.51,100988.68
13098.444126463,6297,100992.01,99628.94,100983.69,104159.64,101015.04,100989.35,101011.46,100980.68
13098.464125418,6298,100997.85,99635.06,100999.71,104158.54,101019.05,100999.49,101013.59,100988.68
13098.484207178,6299,100996.79,99634.02,100988.73,104158.54,101012.08,100987.23,101015.47,100987.64
13098.50536738,6300,100985.88,99624.91,100978.65,104157.85,101003.0,100991.47,101005.56,100982.61
13098.525227435,6301,100998.92,99624.91,100995.7,104154.55,101008.06,101003.49,101005.56,100982.61
13098.546545134,6302,100990.94,99618.95,100995.7,104146.56,101011.02,100997.36,101008.51,100992.68
13098.566725874,6303,100990.94,99617.9,100984.58,104146.56,101015.04,100997.36,101005.56,100981.72
13098.587285898,6304,100992.01,99654.16,100983.69,104163.64,101004.05,100991.47,101004.5,100986.61
13098.611043777,6305,100988.81,99924.07,100988.73,104235.55,101019.05,100991.47,101009.58,100971.64
13098.631567887,6306,100995.72,99891.84,100983.69,104233.76,101019.05,100991.47,101005.56,100990.61
13098.652118115,6307,101001.85,99876.78,100995.7,104223.57,101014.18,100993.36,101000.48,100990.75
13098.673185036,6308,100982.96,99874.68,100987.69,104219.57,101017.14,101007.5,101003.43,100981.72
13098.693201958,6309,100996.79,99878.71,100997.63,104214.48,101007.01,100990.41,101012.53,100984.68
13098.714301207,6310,100997.85,99852.61,100986.66,104210.48,101007.01,101006.44,101005.56,100983.64
13098.734406082,6311,101003.98,99858.56,100986.66,104221.77,101007.01,100999.49,101004.5,100988.68
13098.755344298,6312,101003.98,99846.48,100995.7,104210.48,101015.04,100990.41,101013.59,100986.61
13098.779857229,6313,100996.79,99856.64,100993.77,104210.48,101015.04,101006.44,101007.45,100974.6
13098.799571764,6314,100997.85,99858.56,100992.74,104210.48,101011.02,101002.43,101013.59,100980.68
13098.820221473,6315,100981.89,99843.5,100992.74,104210.48,101011.02,101003.49,101005.56,100986.61
13098.840724,6316,100992.01,99855.59,100991.7,104202.49,101003.0,100991.47,101012.53,100986.61
13098.861330824,6317,100985.88,99910.94,100990.66,104218.47,101011.02,100989.35,101004.5,100982.61
13098.881841644,6318,100986.95,100184.89,100984.73,104294.79,101015.04,100990.41,101004.5,100980.68
13098.90230471,6319,101001.85,100129.54,100995.7,104284.59,101015.04,100995.48,101007.45,100988.68
13098.92645912,6320,100996.0,100101.34,100995.7,104275.5,101011.02,101007.5,101009.58,100978.61
13098.947071112,6321,100987.74,100100.29,100987.69,104263.52,101016.09,100997.36,101003.43,100980.68
13098.967558406,6322,100998.92,100101.34,100985.62,104275.5,101007.01,100996.3,101010.39,100982.61
13098.988425363,6323,100983.75,100086.27,100987.69,104262.42,101011.02,100999.49,101011.46,100980.68
13099.008595397,6324,100996.79,100087.15,100983.69,104266.41,101019.05,100999.49,101002.37,100988.68
13099.029204184,6325,100990.94,100077.17,100995.7,104265.72,101011.02,100999.49,101003.43,100979.64
13099.049749095,6326,100996.79,100077.17,100988.59,104259.52,101011.02,101007.5,101011.46,100981.72
13099.072447673,6327,100992.01,100080.14,100989.63,104263.52,101019.05,100999.49,101001.3,100983.64
13099.094483108,6328,100997.85,100092.23,100986.66,104257.73,101011.02,100998.42,101008.51,100982.61
13099.115129893,6329,100987.74,100076.11,100990.66,104262.42,101015.04,100999.49,101012.53,100987.64
13099.135574011,6330,100994.93,100205.04,100995.7,104286.39,101015.04,101003.49,101003.43,100988.68
13099.156391424,6331,100984.82,100443.8,100993.63,104358.3,101012.08,100989.35,101003.43,100987.64
13099.176646366,6332,100995.72,100389.31,100999.71,104348.52,101009.11,100999.49,100995.4,100990.61
13099.197393202,6333,100987.74,100383.36,100987.69,104340.53,101008.06,101002.43,101005.56,100988.68
13099.217717189,6334,100996.79,100365.14,100990.66,104322.35,101015.04,100997.36,101011.46,100980.68
13099.238399697,6335,100985.88,100363.22,100991.7,104327.44,101020.1,101000.55,101007.45,100976.68
13099.265049311,6336,100996.79,100352.19,100995.7,104338.33,101005.96,101005.37,101004.5,100980.68
13099.283118427,6337,100982.96,100350.08,100995.7,104322.35,101012.08,100997.36,101003.43,100982.75
13099.303568785,6338,100995.72,100350.08,100989.63,104322.35,101013.13,100999.49,101010.39,100986.61
13099.324547982,6339,100996.79,100350.08,100995.7,104328.54,101008.06,100997.36,101013.59,100972.68
13099.344816215,6340,100996.79,100343.07,100989.63,104322.35,101015.04,101001.37,101003.43,100979.64
13099.365332222,6341,100990.94,100337.99,100992.74,104323.45,101012.08,100997.36,101011.46,100984.68
13099.385742539,6342,100988.81,100336.94,100995.7,104322.35,101007.01,100988.29,101013.59,100977.72
13099.406660183,6343,100993.86,100402.45,100997.63,104349.62,101012.08,100990.41,101019.49,100986.61
13099.430536772,6344,100988.81,100668.38,100991.7,104418.23,101012.93,101004.55,101011.46,100988.68
13099.45112579,6345,100983.75,100648.23,100985.62,104411.35,101013.13,100999.49,101004.5,100988.68
13099.471626414,6346,100999.99,100616.0,100996.74,104410.24,101007.01,101002.43,101011.46,100992.68
13099.492294681,6347,100983.75,100624.06,100986.66,104390.27,101021.15,101003.49,101007.45,100980.68
13099.512742635,6348,100996.79,100614.94,100996.74,104386.27,101013.13,100997.36,101000.48,100983.64
13099.533247916,6349,100997.85,100603.91,100987.69,104378.28,101008.92,100990.41,101005.56,100983.64
13099.553878566,6350,100981.89,100593.94,100994.67,104386.27,101005.96,101007.5,101007.45,100992.68
13099.574520003,6351,101001.85,100599.88,100991.7,104386.27,101012.08,101003.49,101004.5,100990.61
13099.59858011,6352,100994.93,100598.82,100994.67,104392.47,101012.08,100998.42,101013.59,100985.72
13099.619119282,6353,100989.87,100582.71,100989.63,104386.27,101020.1,100991.47,101004.5,100980.68
13099.639592705,6354,100989.87,100587.79,100983.69,104382.28,101011.02,100995.24,101004.5,100980.68
13099.660290196,6355,100989.87,100574.65,100987.69,104378.28,101003.0,100995.48,101003.43,100998.75
13099.680719111,6356,100990.94,100739.85,100996.74,104435.32,101011.02,100997.36,101011.46,100986.61
13099.701271063,6357,101001.85,100942.37,100991.7,104486.57,101003.0,101001.37,101011.46,100980.68
13099.721809133,6358,100997.85,100898.05,100987.69,104482.16,101011.02,100999.49,101017.36,100970.6
13099.74239769,6359,100998.92,100889.99,100989.63,104478.17,101011.02,100999.49,101006.38,100978.61
13099.766103941,6360,100994.93,100878.96,100987.69,104465.49,101011.02,101001.37,100987.37,100989.72
13099.787122168,6361,100984.82,100877.9,100985.62,104469.49,101011.02,100997.36,101007.45,100978.61
13099.807295797,6362,100984.82,100862.84,100995.7,104462.18,101012.08,100997.36,101004.5,100982.61
13099.828257298,6363,100987.74,100869.84,100987.69,104456.4,101015.04,101001.37,101005.56,100984.68
13099.848714847,6364,100992.8,100857.76,100988.73,104450.2,101011.02,101005.37,101001.55,100980.68
13099.869441773,6365,100998.92,100850.76,100987.69,104457.5,101019.05,100999.49,100999.42,100988.68
13099.889782044,6366,100990.94,100852.67,100997.78,104454.19,101011.02,100999.49,101007.45,100979.64
13099.910354466,6367,101000.78,100849.7,100995.7,104450.2,101011.02,100991.47,101003.43,100996.68
13099.934126377,6368,100997.85,100841.64,100986.66,104457.5,101015.04,101006.44,101021.62,100987.64
13099.955197053,6369,100989.87,100816.4,100985.62,104450.2,101015.04,101003.49,101016.54,100980.68
13099.97528355,6370,100990.94,100801.34,100987.69,104475.27,101027.07,101002.43,101013.59,100986.61
13099.996220194,6371,100992.01,100856.7,100987.69,104514.12,101011.02,100995.48,101013.59,100979.64
13100.016330087,6372,100988.02,100889.99,100995.7,104563.17,101025.17,100993.36,100999.42,100976.68
13100.037254872,6373,100993.86,100910.14,100987.69,104633.99,101018.0,100985.35,101011.46,100978.61
13100.05736195,6374,100989.87,100984.58,100994.67,104707.01,101015.04,100999.49,101011.46,100979.64
13100.081518473,6375,100991.73,101086.38,100992.59,104769.84,101019.05,101004.31,101004.5,100979.64
13100.102103775,6376,101001.85,101119.67,100991.7,104881.72,101019.05,100997.36,100999.42,100981.72
13100.122549756,6377,100989.87,101212.36,100993.63,104930.78,101016.09,100998.42,101013.59,100986.61
13100.143240347,6378,100987.74,101317.13,100996.74,104998.71,101011.02,100999.49,101003.43,100988.68
13100.165163632,6379,100996.79,101369.52,100986.66,105057.54,101009.11,101005.37,101007.45,100986.61
13100.184360284,6380,100987.74,101432.09,100998.67,105081.51,101018.19,101001.37,101008.51,100979.64
13100.205255975,6381,100997.85,101503.57,100986.66,105122.58,101009.97,100999.49,101004.5,100991.64
13100.225352858,6382,100990.94,101583.1,100983.69,105221.82,101007.01,101002.43,101011.46,100992.68
13100.249496191,6383,100989.87,101621.27,100988.73,105289.31,101011.02,100994.42,101004.5,100980.68
13100.270093131,6384,100996.79,101716.09,100987.69,105353.25,101021.15,101006.44,101001.55,100980.68
13100.290563188,6385,100988.81,101841.03,100993.77,105433.17,101019.05,100991.47,101008.51,100992.68
13100.311199837,6386,100994.93,101937.76,100995.7,105501.11,101009.77,101000.55,101011.46,100990.61
13100.331657015,6387,100997.85,102046.58,100994.67,105556.4,101018.0,101007.5,101003.43,100982.61
13100.352362439,6388,100997.85,102138.2,100990.66,105597.02,101019.05,100999.49,101005.56,100978.61
13100.372846057,6389,101001.85,102203.76,100985.62,105636.33,101015.04,100995.48,100995.4,100987.64
13100.393340391,6390,100992.01,102244.07,100985.62,105627.22,101011.02,100993.36,101013.59,100988.68
13100.417511917,6391,100992.8,102252.13,100991.7,105625.0,101021.15,101001.37,101001.55,100990.61
13100.438113323,6392,100984.82,102266.11,100986.66,105628.99,101018.0,100991.47,101011.46,100976.68
13100.458568558,6393,100990.94,102284.37,100986.66,105628.99,101017.14,101001.37,100999.42,100983.64
13100.479201281,6394,100996.79,102340.8,100994.67,105660.97,101015.04,100999.49,101005.56,100980.68
13100.499778871,6395,100989.87,102415.24,100991.7,105708.92,101013.13,100990.41,101003.43,100992.68
13100.520434239,6396,100988.81,102502.03,100985.62,105760.88,101019.05,100998.42,101008.51,100988.68
13100.540878999,6397,100992.8,102621.88,100985.62,105843.04,101016.09,100999.49,101003.43,100986.75
13100.561667848,6398,100989.87,102727.76,100992.74,105925.21,101015.04,100986.41,100997.53,100987.64
13100.58551323,6399,100996.79,102854.59,100994.67,105961.83,101015.04,100985.35,101003.43,100994.61
13100.606185484,6400,100992.8,102935.21,100994.67,106010.91,101015.04,100996.3,101006.63,100980.68
13100.626653919,6401,101002.91,103005.9,100994.67,106036.65,101019.05,100990.41,101006.63,100988.68
13100.647402528,6402,100985.88,103053.2,100995.7,106061.75,101021.15,100994.42,101004.5,100989.72
13100.668308705,6403,100990.94,103074.43,100989.63,106080.62,101012.08,101003.49,101011.46,100979.64
13100.688356153,6404,100992.01,103144.83,100987.69,106114.83,101012.08,100989.35,101012.53,100987.64
13100.708745448,6405,100981.89,103219.56,100993.63,106184.54,101024.11,100999.49,101011.46,100997.72
13100.729368898,6406,100990.94,103336.47,100994.67,106228.98,101017.14,101002.43,101003.43,100988.68
13100.753532121,6407,100981.89,103481.6,100986.66,106289.58,101011.02,100995.48,101004.5,100986.61
13100.77416859,6408,100989.87,103607.67,100985.62,106352.41,101019.05,101001.37,101016.54,100986.61
13100.794682364,6409,100984.82,103746.61,100985.62,106407.74,101025.17,100988.29,101001.55,100984.68
13100.815265452,6410,100981.89,103845.55,100994.67,106456.34,101016.09,100989.35,101003.43,100979.64
13100.835842812,6411,100980.83,103955.18,100990.66,106485.44,101023.06,100990.41,101007.45,100994.61
13100.856296745,6412,100988.81,104056.3,100981.62,106516.3,101012.08,100989.35,101005.56,100977.72
13100.876763978,6413,100987.74,104081.26,100986.66,106521.41,101019.05,100992.3,101012.53,100981.72
13100.897398725,6414,100990.94,104136.62,100989.63,106556.27,101015.04,100998.42,101011.71,100990.61
13100.92161628,6415,100980.83,104211.38,100986.66,106565.38,101015.89,100997.36,101005.56,100981.72
13100.942146669,6416,100997.85,104294.96,100991.7,106592.24,101015.04,100992.53,100994.34,100988.68
13100.962639731,6417,100997.85,104473.48,100986.66,106594.0,101024.97,100997.36,101004.5,100986.61
13100.983452617,6418,100985.88,104599.58,100993.63,106673.31,101031.09,100993.36,101003.43,100988.68
13101.003745897,6419,100979.76,104745.5,100989.63,106752.14,101017.14,100985.35,101013.59,100987.64
13101.024415597,6420,100987.74,104882.61,100994.67,106808.1,101019.05,101010.44,100995.4,100990.61
13101.044834537,6421,100995.72,104993.69,100986.66,106826.34,101019.05,100999.49,101000.48,100992.68
13101.065398226,6422,100993.86,104846.31,100990.66,106872.07,101015.04,101005.37,101004.5,100992.68
13101.089498023,6423,100996.79,104823.21,100993.63,106881.19,101015.04,100999.49,100995.4,100988.68
13101.110166791,6424,100997.85,104850.35,100985.62,106872.07,101012.08,101000.55,101000.48,100985.72
13101.132077708,6425,100980.83,104888.83,100993.63,106884.06,101023.26,101007.5,101009.58,100978.61
13101.151372918,6426,100986.95,104959.23,100988.73,106922.29,101027.07,101001.37,101005.56,100980.68
13101.171804067,6427,100995.72,105057.12,100987.69,106984.0,101016.94,100999.49,100999.42,100971.64
13101.192407706,6428,100982.96,105197.54,100992.74,107055.96,101027.07,101001.37,101021.62,100987.64
13101.212739725,6429,100989.87,105316.33,100990.66,107119.92,101020.1,101001.37,101005.56,100987.64
13101.236515713,6430,100989.87,105435.12,100987.69,107171.89,101021.15,100990.41,101009.58,100977.57
13101.257138852,6431,100986.95,105551.36,100986.66,107224.99,101021.15,100999.49,101021.62,100984.68
13101.278339955,6432,100988.81,105636.78,100992.74,107268.97,101015.04,100999.49,101011.46,100981.72
13101.298250266,6433,100996.79,105722.59,100984.73,107275.84,101020.1,101007.5,101005.56,100978.61
13101.319260941,6434,100998.92,105754.86,100994.67,107267.84,101021.15,101001.37,101009.58,100985.72
13101.339291824,6435,100981.89,105775.02,100987.69,107282.09,101015.04,101010.44,101013.59,100987.64
13101.360300526,6436,100989.87,105810.22,100985.62,107296.96,101013.98,101005.37,101003.43,100988.68
13101.380626446,6437,100994.93,105889.07,100994.67,107320.95,101027.07,100998.42,101005.56,100995.64
13101.404517046,6438,100981.89,105952.5,100979.69,107359.8,101012.08,101002.43,100973.44,100980.68
13101.425125984,6439,100988.81,105986.99,100992.59,107419.77,101019.05,100997.36,101004.5,100988.68
13101.445697014,6440,100988.81,106121.92,100986.66,107487.74,101029.18,101001.37,101011.46,100980.68
13101.466319082,6441,100985.88,106194.53,100986.66,107551.71,101019.05,100998.42,101013.59,100980.68
13101.486817222,6442,100988.02,106235.98,100987.69,107568.83,101028.13,101001.37,101004.5,100988.68
13101.507380771,6443,100981.89,106292.45,100985.62,107583.69,101018.0,100982.4,101005.56,100992.68
13101.528355381,6444,100988.81,106378.98,100981.62,107595.69,101019.05,100997.36,101008.51,100986.61
13101.548526466,6445,100985.88,106390.38,100985.62,107583.69,101023.06,100991.47,101012.53,100988.68
13101.572546913,6446,100990.94,106425.58,100999.71,107594.55,101016.09,101007.5,101003.43,100988.68
13101.593157964,6447,100980.83,106482.05,100991.7,107609.95,101029.18,100990.41,101004.5,100986.61
13101.614132024,6448,100978.97,106593.9,100992.74,107631.67,101023.06,100993.36,101013.59,100979.64
13101.634257951,6449,100988.81,106702.82,100987.69,107671.65,101027.07,100997.36,101013.59,100979.64
13101.655237028,6450,100980.83,106826.09,100991.7,107735.63,101011.02,100991.47,101013.59,100986.75
13101.675732094,6451,100983.75,106961.03,100985.62,107759.62,101022.01,100999.49,101011.46,100976.68
13101.695747293,6452,100997.85,107078.03,100984.58,107795.6,101028.13,100990.41,101005.56,100987.64
13101.716361279,6453,100985.88,107186.96,100989.63,107807.6,101019.05,101001.37,101008.51,100997.72
13101.740532443,6454,100990.94,107244.57,100995.7,107834.99,101023.06,100997.36,100997.53,100980.68
13101.761158777,6455,100984.82,107278.64,100979.69,107839.59,101019.05,100984.29,101017.61,100986.75
13101.781587622,6456,100987.74,107314.96,100987.69,107839.59,101011.02,100987.47,101004.5,100982.61
13101.802264923,6457,100987.74,107353.51,100985.62,107839.59,101021.15,100996.3,101012.53,100993.72
13101.822785708,6458,100992.01,107477.48,100985.62,107850.45,101019.05,100999.49,101003.43,100979.64
13101.84329188,6459,100986.95,107589.33,100984.58,107891.57,101028.13,100993.36,101004.5,100990.61
13101.863853616,6460,100980.83,107718.46,100989.63,107919.56,101028.13,101002.43,101008.51,100988.68
13101.884383494,6461,100988.81,107855.65,100995.7,107977.26,101021.15,100998.42,101000.48,100994.75
13101.908588009,6462,101002.91,108050.48,100984.58,108000.66,101031.09,101007.5,101004.5,100983.64
13101.92917219,6463,100985.88,108284.54,100981.62,108007.53,101020.1,100998.42,101003.43,100975.64
13101.949622397,6464,100992.01,108297.78,100985.62,108003.53,101012.08,100999.49,101011.46,100974.6
13101.97026806,6465,100990.94,108305.85,100985.62,108016.66,101027.07,101003.49,101005.56,100984.68
13101.99083882,6466,100978.97,108319.74,100983.69,108019.52,101023.26,100990.41,101014.41,100988.68
13102.011395719,6467,100989.87,108331.84,100996.74,108003.53,101033.19,101011.5,101017.61,100980.68
13102.031810162,6468,100986.95,108377.37,100983.69,108033.24,101020.1,101005.37,101004.5,100980.68
13102.053292501,6469,100984.03,108459.21,100989.77,108061.23,101019.05,100997.36,101004.5,100990.75
13102.076570335,6470,100988.02,108505.38,100986.66,108095.5,101019.05,100997.36,101009.58,100984.68
13102.097224811,6471,100989.87,108572.22,100987.69,108112.63,101019.05,100998.42,101005.56,100988.68
13102.117643711,6472,100986.95,108655.84,100994.67,108131.48,101015.04,101007.5,101003.43,100989.72
13102.138321343,6473,100994.93,108706.55,100988.73,108141.76,101039.11,100993.36,101011.46,100991.64
13102.158759842,6474,100981.89,108731.4,100994.67,108163.47,101015.04,101005.37,101009.58,100988.68
13102.179400227,6475,100982.96,108776.93,100982.65,108156.06,101027.07,100990.41,101003.43,100987.64
13102.199757284,6476,100983.75,108761.92,100990.66,108161.75,101028.13,100999.49,101012.53,100979.64
13102.220433013,6477,100986.95,108794.21,100996.74,108145.75,101027.07,100991.47,101009.58,100987.64
13102.244593732,6478,100980.83,108775.79,100998.67,108175.47,101020.1,100992.53,101005.56,100986.61
13102.265201998,6479,100980.83,108836.33,100991.7,108167.47,101016.09,100997.36,101012.53,100980.68
13102.285693298,6480,100982.96,108866.86,100985.62,108207.46,101029.18,100999.49,101003.43,100981.72
13102.306288435,6481,100994.93,108981.64,100986.66,108239.45,101027.07,101002.43,101004.5,100988.68
13102.326822719,6482,100979.76,109024.28,100979.69,108264.58,101029.18,101000.31,101000.48,100988.68
13102.347344175,6483,100992.01,109087.72,100994.67,108282.86,101029.18,100989.35,101004.5,100988.68
13102.367846932,6484,100989.87,109113.08,100987.69,108287.44,101028.13,100999.49,101015.72,100996.68
13102.388637183,6485,100977.9,109172.49,100999.71,108315.43,101021.15,100985.35,101016.54,100988.68
13102.412164214,6486,100984.03,109189.77,100985.62,108319.43,101021.15,100986.41,101013.59,100987.64
13102.433204534,6487,100996.0,109207.68,100985.62,108331.43,101015.04,100994.42,101013.59,100986.61
13102.453656124,6488,100998.92,109259.01,100993.63,108329.7,101029.18,101000.55,101004.5,100988.68
13102.474310039,6489,100976.84,109318.94,100990.66,108351.42,101016.09,100993.36,101013.59,100978.61
13102.494734608,6490,100990.94,109383.53,100985.62,108355.42,101023.92,100989.35,101012.53,100985.72
13102.515417377,6491,100982.96,109413.54,100985.62,108388.55,101029.18,100989.35,101013.59,100984.68
13102.535886834,6492,100981.89,109516.74,100990.66,108388.55,101012.93,100999.49,101017.61,100989.72
13102.559554567,6493,100986.95,109572.12,100987.69,108427.4,101017.14,100997.36,101005.56,100984.68
13102.580172829,6494,100982.96,109645.92,100993.63,108391.41,101029.18,100999.49,101000.48,100985.72
13102.601206359,6495,100992.01,109643.64,100984.58,108432.54,101028.13,100995.48,101001.55,100988.68
13102.621376843,6496,100996.79,109704.19,100977.61,108447.4,101026.02,100999.49,101012.53,100987.64
13102.642344674,6497,100992.01,109716.3,100991.7,108472.53,101019.05,100993.36,101004.5,100995.64
13102.662382728,6498,100989.87,109782.04,100985.62,108467.39,101015.04,100997.36,101005.56,100997.72
13102.683471822,6499,100981.89,109771.07,100986.66,108468.53,101022.21,100992.3,101005.56,100993.72
13102.70387628,6500,100984.03,109760.71,100991.7,108463.39,101035.1,100997.36,101007.45,100980.68
13102.727578035,6501,100998.92,109725.52,100985.62,108464.53,101028.13,100999.49,101017.61,100979.64
13102.748188265,6502,100992.01,109779.15,100985.62,108463.39,101019.05,101002.43,101005.56,100989.72
13102.768638762,6503,100986.95,109746.85,100989.77,108491.39,101027.07,100999.49,101008.51,100988.68
13102.789341312,6504,100988.02,109746.85,100989.77,108479.39,101025.17,100989.35,101012.53,100988.68
13102.809914675,6505,100994.93,109690.33,100989.63,108463.39,101019.05,100998.42,101007.69,100979.64
13102.830351933,6506,100990.94,109690.33,100994.67,108495.38,101029.18,101007.5,101004.5,100983.64
13102.851355948,6507,100981.89,109690.33,100985.62,108479.39,101033.19,100997.36,100997.53,100993.72
13102.871350126,6508,100989.87,109664.97,100991.7,108505.66,101027.07,100998.42,101005.56,100988.68
13102.895590385,6509,100998.92,109714.55,100997.63,108479.39,101026.02,100998.42,101005.56,100987.64
13102.916257471,6510,100985.88,109631.53,100985.62,108495.38,101020.1,100997.36,101004.5,100985.72
13102.93666918,6511,100981.89,109618.81,100985.62,108463.39,101013.98,100999.49,100999.42,100980.68
13102.957366111,6512,100988.81,109623.45,100992.59,108431.4,101028.13,100998.42,101012.53,100984.68
13102.977850981,6513,100996.79,109554.83,100989.63,108413.68,101027.07,101003.49,100992.45,100987.64
13102.99840165,6514,100992.01,109496.56,100979.69,108411.4,101029.18,100989.35,101000.48,100990.75
13103.018799178,6515,100997.85,109474.09,100997.63,108399.41,101037.2,100996.3,101013.59,100982.61
13103.039428206,6516,100989.87,109413.54,100987.69,108404.55,101019.05,101001.37,101013.59,100984.68
13103.063565059,6517,100985.88,109377.21,100987.69,108413.12,101027.07,101001.37,101006.63,100990.75
13103.08426217,6518,100988.81,109354.13,100988.73,108399.41,101027.07,101002.43,101003.43,100979.64
13103.104676023,6519,100980.83,109388.18,100987.69,108415.4,101029.18,101001.37,101011.46,100990.75
13103.125379794,6520,100997.85,109316.66,100989.63,108409.12,101033.19,100989.35,101003.43,100984.68
13103.145771613,6521,100990.94,109253.22,100999.71,108390.27,101022.21,101010.44,101010.64,100982.61
13103.166308341,6522,100997.85,109184.6,100991.7,108379.41,101033.19,100999.49,101008.51,100988.68
13103.186828655,6523,100994.93,109109.04,100986.66,108368.56,101032.14,100998.42,101005.56,100994.75
13103.207542691,6524,100982.96,109013.93,100987.69,108325.15,101031.09,101001.37,101009.58,100987.64
13103.231618492,6525,101001.05,108946.45,100995.7,108336.56,101028.13,100999.49,101008.51,100987.64
13103.252258366,6526,100982.96,108873.8,100987.69,108295.44,101030.23,101001.37,101013.59,100994.61
13103.272733762,6527,100988.02,108798.24,100996.74,108287.44,101030.23,101005.37,101012.53,100988.68
13103.293318403,6528,100989.87,108643.74,100978.65,108249.73,101028.13,101003.49,101015.72,100989.72
13103.313983816,6529,100989.87,108541.7,100989.77,108215.46,101028.13,100993.36,100999.66,100992.68
13103.334416747,6530,100986.95,108308.76,100981.62,108135.48,101019.05,100997.36,100996.47,100982.75
13103.354990221,6531,100983.75,107805.45,100991.7,108010.93,101030.23,100998.42,101011.46,100996.68
13103.37540192,6532,100998.92,106921.8,100996.74,107607.68,101029.18,100988.29,100996.47,100986.75
13103.401108878,6533,100997.85,103822.13,101025.66,106110.36,101063.19,101019.51,101045.71,101013.72
13103.420238879,6534,100984.03,97790.35,100985.62,103353.78,101013.13,100998.42,101000.73,100992.68
13103.440696928,6535,100992.01,98224.26,100972.71,103615.24,100989.05,100986.41,100997.53,100961.71
13103.461264013,6536,101030.85,98223.22,100945.58,103771.03,100951.03,100991.47,100972.38,100943.64
13103.481848503,6537,100851.27,98209.18,100953.59,103846.93,100928.67,100976.51,100953.37,100921.71
13103.502434987,6538,100934.0,98224.26,100971.68,103906.86,100948.92,101008.56,100997.53,100948.68
13103.522735969,6539,101008.76,98223.22,100975.68,103946.81,100935.83,101011.5,100993.52,100947.64
13103.543594253,6540,101046.81,98212.17,100970.64,103986.76,100947.87,101024.58,100994.58,100964.68
13103.567614861,6541,100981.89,98178.92,100974.65,103970.78,100954.84,100986.41,100973.44,100946.6
13103.588254384,6542,100999.99,98277.54,101033.82,103834.95,101067.2,101003.49,101025.64,100988.68
13103.609103225,6543,100989.87,98247.39,100995.7,103972.97,101004.05,100997.36,101015.72,100968.68
13103.629322062,6544,100976.04,98017.83,100936.68,104019.81,100963.92,100948.48,100950.42,100928.67
13103.649800733,6545,101024.72,98196.06,101004.75,103788.11,100973.0,100995.48,101015.47,100973.72
13103.670383962,6546,101045.74,98110.46,100979.69,103755.05,100964.97,101015.51,101014.66,100961.71
13103.691079851,6547,100967.0,98111.49,100985.62,103640.3,100986.95,100991.47,100997.53,100964.68
13103.711466502,6548,100988.02,98103.44,100988.73,103683.15,101019.05,100989.35,101001.55,100979.64
13103.735214307,6549,101000.78,98142.68,100996.74,103689.33,101024.97,101018.45,101016.54,100998.75
13103.756229068,6550,100992.01,98130.59,100991.7,103693.33,100997.08,100996.3,100995.4,100984.68
13103.776319341,6551,100999.99,98063.17,100983.69,103709.31,101017.14,100999.49,100997.53,100990.75
13103.79739184,6552,101017.81,98070.19,100993.77,103718.39,101015.04,101007.5,101017.61,100980.68
13103.817767615,6553,100985.88,98125.64,101003.71,103717.29,101018.19,101006.44,101013.59,100993.72
13103.838396673,6554,100984.03,98082.27,100987.69,103710.4,101009.11,100993.36,101005.56,100972.68
13103.858944918,6555,100998.92,98082.27,100985.62,103716.2,101008.06,101007.5,101013.59,100984.68
13103.87951696,6556,101006.9,98076.18,100987.69,103724.19,101006.15,101005.61,101006.63,100994.75
13103.903304814,6557,100985.88,98062.13,100991.7,103715.11,101017.14,100994.42,101007.69,100987.64
13103.924279626,6558,100986.95,98069.15,100987.69,103716.2,101013.13,101002.43,101013.59,100992.68
13103.944229196,6559,101012.75,98072.25,101002.68,103740.17,101017.14,101015.51,101016.54,100982.61
13103.966975717,6560,100993.07,98048.09,100988.73,103716.2,100996.02,101008.56,101005.56,100975.64
13103.985554123,6561,100985.88,98040.03,100986.66,103727.09,101001.09,100997.36,100997.53,100974.75
13104.00659192,6562,100986.95,98046.02,100991.7,103734.37,101026.22,101008.56,101005.56,100996.68
13104.027477646,6563,100998.92,98066.16,100995.7,103743.45,101027.07,101019.51,101021.62,100988.68
13104.050571762,6564,100982.96,98046.02,100981.76,103734.37,101015.04,100999.49,100997.53,100980.68
13104.076599945,6565,100992.01,98033.94,100990.66,103745.64,101012.08,101006.44,100997.53,100982.61
13104.101640765,6566,100995.72,98036.01,100978.65,103722.38,101021.15,101002.43,101005.56,100989.72
13104.116605517,6567,101005.84,98029.92,100987.69,103734.37,101010.17,101011.5,101016.54,100980.68
13104.135945415,6568,100998.92,98023.93,100986.66,103735.46,101016.09,101001.61,101010.64,100989.72
13104.156394401,6569,100992.01,98017.83,100994.67,103725.28,101012.08,101005.37,100997.53,100998.75
13104.178410967,6570,100986.95,98022.89,100987.69,103717.29,101021.15,101003.49,101005.56,100987.64
