t_pc,sample_idx,S0,S1,S2,S3,S4,S5,S6,S7
6869.059326725,3361,99499.04,95991.57,99502.38,103281.91,99479.01,99504.3,99508.03,99498.05
6869.079236676,3362,99501.95,96007.59,99494.41,103266.02,99472.07,99492.57,99498.99,99514.98
6869.102932794,3363,99519.93,96039.62,99502.38,103264.92,99480.05,99499.49,99508.03,99522.04
6869.12351373,3364,99501.16,96017.56,99492.35,103268.89,99498.95,99500.54,99505.1,99513.95
6869.145106407,3365,99509.09,96006.57,99494.41,103253.0,99498.95,99502.42,99500.05,99504.08
6869.164589092,3366,99490.05,96039.62,99508.29,104126.07,99502.94,99510.39,99525.89,99506.0
6869.185682323,3367,99505.12,96022.58,99497.36,103283.69,99494.96,99492.57,99503.8,99519.98
6869.205715962,3368,99492.17,96031.61,99498.39,103281.91,99476.92,99491.52,99501.69,99509.97
6869.226604954,3369,99501.16,96038.6,99493.38,103405.08,99477.96,99493.4,99516.02,99516.01
6869.247259261,3370,99478.43,96031.61,99482.45,103553.87,99463.05,99490.47,99508.03,99479.2
6869.271079997,3371,99509.09,96016.61,99490.42,103522.08,99468.94,99492.57,99508.85,99500.1
6869.294351663,3372,99508.03,96046.6,99478.47,103698.01,99485.94,99490.47,99508.03,99491.12
6869.312243663,3373,99513.06,96065.68,99506.36,103498.24,99490.97,99501.37,99508.85,99517.92
6869.332676745,3374,99519.93,96134.69,99505.33,103315.47,99503.98,99505.35,99520.83,99522.93
6869.35373893,3375,99485.02,96161.77,99490.42,103317.67,99488.03,99497.38,99513.91,99516.01
6869.3738331,3376,99495.07,96178.73,99494.41,103310.82,99486.98,99502.42,99502.98,99526.02
6869.394736554,3377,99500.1,96191.76,99496.33,103305.75,99494.96,99500.54,99508.85,99522.93
6869.414743192,3378,99510.15,96198.75,99492.35,103316.57,99494.96,99505.58,99508.03,99519.98
6869.43892893,3379,99497.19,96197.73,99495.44,103311.5,99494.96,99498.44,99517.08,99523.96
6869.45955227,3380,99494.29,96190.74,99494.41,103306.43,99485.94,99498.44,99495.82,99513.95
6869.479991102,3381,99512.0,96190.74,99492.35,103301.78,99494.96,99497.61,99506.98,99499.07
6869.50198868,3382,99508.03,96189.72,99498.39,103306.43,99498.95,99496.56,99506.98,99486.12
6869.522376825,3383,99508.03,96203.77,99494.28,103319.45,99502.94,99498.44,99513.91,99494.07
6869.541828403,3384,99491.11,96211.78,99502.38,103317.67,99499.99,99492.35,99495.82,99482.14
6869.564117042,3385,99495.07,96207.78,99492.35,103299.58,99486.98,99493.63,99514.96,99480.23
6869.58273488,3386,99488.99,96223.79,99502.38,103305.75,99499.99,99495.5,99514.96,99488.03
6869.608060983,3387,99503.01,96226.77,99500.32,103317.67,99493.06,99499.49,99521.89,99489.06
6869.627632773,3388,99490.05,96215.78,99496.33,103316.57,99496.01,99500.54,99507.8,99474.19
6869.648097393,3389,99496.13,96228.82,99492.35,103308.63,99486.98,99499.49,99503.8,99478.17
6869.669385389,3390,99492.96,96221.75,99498.39,103299.58,99492.87,99488.36,99500.87,99490.09
6869.689097381,3391,99503.01,96233.84,99497.36,103293.83,99492.87,99500.54,99511.79,99502.02
6869.709648051,3392,99503.01,96219.79,99496.33,103298.9,99494.96,99498.44,99500.63,99511.0
6869.730156668,3393,99504.85,96210.76,99497.36,103302.88,99486.98,99507.46,99505.92,99516.01
6869.751472737,3394,99499.04,96225.75,99496.33,103287.66,99484.89,99498.44,99496.87,99517.04
6869.776213104,3395,99496.13,96218.77,99492.35,103285.88,99493.06,99481.45,99508.85,99523.81
6869.797867173,3396,99494.01,96224.81,99494.41,103289.86,99479.01,99496.33,99506.98,99525.87
6869.818696765,3397,99508.03,96217.75,99502.38,103298.9,99486.98,99499.49,99513.91,99523.96
6869.838832398,3398,99488.99,96220.81,99500.32,103281.91,99484.89,99506.41,99506.98,99509.97
6869.857135009,3399,99499.04,96210.76,99494.41,103286.98,99486.98,99497.38,99504.86,99514.98
6869.877711248,3400,99499.04,96207.78,99496.33,103283.69,99494.96,99506.41,99509.91,99513.95
6869.898235188,3401,99506.97,96223.79,99498.39,103281.91,99486.98,99499.49,99495.82,99519.98
6869.918759509,3402,99503.01,96219.79,99508.29,103290.96,99497.05,99500.54,99512.03,99514.98
6869.942970214,3403,99491.11,96206.75,99500.32,103289.86,99484.89,99499.49,99516.02,99499.07
6869.963568427,3404,99499.04,96211.78,99501.35,103269.99,99489.93,99494.45,99508.85,99507.03
6869.9840151,3405,99506.97,96222.77,99500.32,103277.94,99486.98,99493.4,99515.78,99507.03
6870.004804943,3406,99508.03,96217.83,99492.35,103283.69,99479.01,99490.47,99508.85,99509.97
6870.025230043,3407,99500.1,96215.78,99492.35,103285.88,99493.06,99493.4,99508.03,99502.02
6870.045776868,3408,99509.09,96215.78,99490.29,103284.79,99488.03,99499.49,99505.92,99513.95
6870.06619599,3409,99496.13,96210.76,99492.35,103285.88,99476.92,99499.49,99504.86,99514.98
6870.086801883,3410,99492.17,96205.73,99492.35,103273.97,99479.01,99491.52,99495.82,99508.06
6870.111038528,3411,99497.98,96200.79,99492.35,103279.72,99494.96,99495.5,99507.8,99514.98
6870.131628849,3412,99506.97,96223.79,99508.29,103279.72,99502.94,99501.37,99509.91,99514.98
6870.152017825,3413,99505.12,96207.78,99502.25,103267.8,99494.96,99489.42,99509.91,99514.98
6870.174129446,3414,99499.04,96208.8,99480.4,103276.84,99477.96,99479.34,99512.85,99498.05
6870.193133748,3415,99491.11,96207.78,99486.44,103243.96,99485.94,99485.43,99500.87,99516.01
6870.213688345,3416,99492.96,96211.78,99500.32,103192.31,99479.01,99490.47,99503.8,99511.89
6870.234190131,3417,99501.95,96214.76,99500.32,103174.64,99490.97,99497.38,99509.91,99517.92
6870.254796776,3418,99503.01,96207.78,99488.37,103161.62,99486.98,99501.37,99506.98,99503.05
6870.278561278,3419,99499.04,96203.77,99500.32,103150.8,99477.96,99494.45,99497.69,99516.01
6870.299611263,3420,99488.99,96202.75,99499.29,103128.74,99480.05,99500.54,99503.8,99500.1
6870.32059598,3421,99499.04,96201.73,99484.38,103112.16,99494.96,99504.53,99514.96,99514.09
6870.340680065,3422,99500.1,96199.77,99489.39,103089.01,99485.94,99488.59,99497.93,99510.12
6870.361160449,3423,99499.04,96221.83,99502.25,103094.08,99490.97,99505.35,99512.85,99514.98
6870.381706543,3424,99517.81,96214.76,99500.32,103083.26,99498.95,99512.27,99514.96,99527.93
6870.403225578,3425,99496.92,96213.74,99478.34,103068.46,99481.1,99490.47,99504.86,99507.03
6870.425948604,3426,99494.01,96223.79,99500.32,103054.35,99490.97,99504.3,99503.8,99523.96
6870.446544643,3427,99505.91,96212.8,99487.34,103055.45,99483.85,99504.3,99514.96,99508.06
6870.468285764,3428,99499.04,96214.76,99494.41,103029.42,99484.89,99496.33,99512.03,99514.98
6870.48762322,3429,99503.01,96223.79,99500.32,103039.55,99496.86,99506.41,99517.9,99516.01
6870.508747919,3430,99500.1,96210.76,99489.39,103035.58,99484.89,99508.51,99505.92,99509.97
6870.529560666,3431,99490.05,96208.8,99502.38,103015.72,99484.89,99499.26,99499.81,99506.0
6870.550028481,3432,99496.92,96208.8,99493.38,103039.55,99484.89,99490.47,99506.98,99509.97
6870.570722648,3433,99499.04,96211.78,99504.3,103017.5,99486.98,99504.3,99509.91,99518.07
6870.595064643,3434,99504.06,96215.78,99500.32,103017.5,99496.01,99505.35,99518.96,99521.9
6870.614607199,3435,99497.98,96216.81,99492.35,103027.63,99486.98,99496.33,99509.91,99518.95
6870.63500642,3436,99494.01,96213.74,99501.35,103008.86,99485.09,99494.45,99484.89,99506.0
6870.655678154,3437,99500.89,96219.79,99498.26,103003.8,99494.96,99497.38,99505.92,99508.06
6870.677165852,3438,99499.04,96212.8,99490.29,102999.82,99493.92,99495.28,99513.91,99511.89
6870.696846346,3439,99508.03,96220.81,99500.32,103007.77,99488.88,99496.33,99498.99,99513.95
6870.717871815,3440,99499.04,96223.79,99494.41,102991.88,99497.9,99495.28,99521.89,99520.87
6870.737852493,3441,99494.01,96221.75,99493.38,102999.82,99480.91,99488.36,99498.75,99517.92
6870.761967434,3442,99495.07,96215.78,99492.35,102983.93,99486.98,99500.32,99496.87,99512.03
6870.782565266,3443,99492.96,96209.82,99502.38,102990.78,99476.92,99502.2,99502.98,99517.92
6870.803100754,3444,99497.98,96215.78,99493.38,102983.93,99492.87,99496.33,99503.8,99509.97
6870.824487699,3445,99512.0,96214.76,99496.33,102987.91,99486.98,99505.35,99499.81,99499.96
6870.844524102,3446,99515.69,96215.7,99490.29,102983.93,99492.87,99495.28,99507.8,99509.97
6870.864720587,3447,99504.85,96206.75,99496.33,102983.93,99494.96,99496.33,99514.96,99513.95
6870.885243916,3448,99495.07,96225.75,99488.37,102961.19,99490.97,99488.36,99513.91,99513.95
6870.905932445,3449,99494.01,96214.76,99500.32,102959.0,99484.89,99505.35,99495.82,99513.95
6870.929969879,3450,99506.97,96227.8,99498.26,102952.15,99492.87,99490.47,99513.91,99517.92
6870.950976039,3451,99501.95,96219.79,99490.29,102968.04,99490.97,99494.45,99512.03,99519.84
6870.972531438,3452,99491.9,96223.79,99496.33,102952.15,99484.89,99496.33,99517.9,99512.92
6870.991782413,3453,99506.97,96223.79,99499.29,102944.2,99483.85,99500.32,99509.91,99513.95
6871.013266766,3454,99495.07,96213.74,99492.35,102944.2,99486.98,99496.33,99506.98,99517.92
6871.03278154,3455,99494.01,96223.79,99494.28,102945.3,99484.89,99496.33,99500.87,99521.9
6871.053261173,3456,99512.78,96224.81,99501.35,102935.16,99484.89,99490.24,99505.92,99513.95
6871.073795869,3457,99500.89,96223.79,99488.37,102928.31,99483.85,99491.52,99507.8,99503.94
6871.099046108,3458,99492.96,96221.75,99489.39,102920.37,99486.98,99488.36,99503.8,99506.0
6871.119416265,3459,99488.99,96223.79,99493.38,102916.39,99476.92,99496.33,99504.86,99514.98
6871.139106134,3460,99505.91,96231.8,99492.35,102912.42,99484.89,99495.28,99510.97,99511.89
6871.159932491,3461,99487.14,96238.79,99500.32,102912.42,99485.94,99487.31,99500.87,99514.98
6871.180127414,3462,99497.98,96231.8,99494.28,102910.23,99483.0,99491.3,99508.85,99506.0
6871.200892048,3463,99491.9,96223.79,99494.41,102900.5,99484.89,99490.47,99504.04,99521.9
6871.221254043,3464,99491.11,96249.86,99494.41,102896.53,99486.98,99488.36,99501.92,99513.95
6871.243692509,3465,99492.96,96239.81,99494.28,102896.53,99492.87,99498.44,99507.8,99517.92
6871.266036121,3466,99513.84,96227.8,99492.35,102900.5,99476.73,99492.35,99499.81,99515.86
6871.286638109,3467,99490.05,96243.81,99499.29,102889.68,99488.88,99504.3,99495.82,99509.97
6871.30704376,3468,99496.13,96243.81,99494.28,102889.68,99469.79,99485.43,99510.97,99523.81
6871.329138916,3469,99491.11,96240.83,99490.29,102882.42,99483.85,99497.38,99509.91,99519.98
6871.348125131,3470,99501.16,96247.82,99491.32,102877.76,99483.0,99504.3,99503.8,99513.95
6871.368962696,3471,99494.01,96243.81,99496.33,102777.34,99484.89,99492.35,99499.81,99509.97
6871.389472214,3472,99487.93,96255.82,99493.38,103198.48,99477.96,99487.31,99503.8,99516.01
6871.410125189,3473,99497.98,96251.82,99493.38,103205.32,99492.87,99493.4,99495.82,99512.03
6871.434934971,3474,99500.89,96263.83,99493.38,103174.64,99480.91,99504.3,99503.8,99509.83
6871.454666693,3475,99496.92,96257.87,99495.31,103129.84,99492.87,99495.28,99502.75,99511.89
6871.475088078,3476,99497.98,96261.87,99498.26,103032.7,99484.89,99495.28,99500.87,99513.95
6871.495688754,3477,99487.93,96246.79,99496.33,102968.04,99491.83,99494.23,99502.75,99506.0
6871.517381172,3478,99496.92,96262.81,99492.35,102920.37,99476.92,99491.3,99505.92,99497.02
6871.536866731,3479,99500.89,96267.83,99494.28,102874.48,99482.8,99496.33,99505.92,99498.05
6871.557347115,3480,99500.89,96263.83,99492.35,102832.96,99484.89,99502.2,99504.86,99513.95
6871.581538442,3481,99501.95,96256.84,99498.26,102768.31,99484.89,99494.45,99513.91,99498.05
6871.601580233,3482,99504.85,96263.83,99492.35,102769.4,99488.88,99496.33,99503.8,99503.94
6871.622629808,3483,99499.04,96267.83,99494.28,102741.59,99484.89,99504.3,99506.74,99511.89
6871.643058524,3484,99488.99,96265.87,99496.33,102725.7,99483.85,99498.21,99496.87,99516.01
6871.663801776,3485,99505.91,96267.83,99498.26,102724.61,99493.92,99492.35,99512.85,99498.05
6871.686816533,3486,99500.89,96263.83,99492.35,102719.94,99502.94,99488.36,99509.91,99512.92
6871.705186335,3487,99495.86,96271.84,99490.29,102717.75,99484.89,99488.36,99505.92,99516.01
6871.725252463,3488,99499.83,96279.85,99491.32,102721.73,99484.89,99497.38,99503.8,99513.95
6871.749546175,3489,99494.01,96269.88,99491.32,102729.67,99488.88,99495.28,99505.92,99500.99
6871.76967674,3490,99495.86,96271.84,99498.26,102729.67,99492.87,99488.36,99507.8,99521.9
6871.792154655,3491,99499.83,96267.83,99487.34,102733.64,99484.89,99495.28,99503.8,99513.95
6871.812125399,3492,99501.95,96271.84,99470.37,102738.71,99491.83,99495.28,99504.86,99525.87
6871.831710279,3493,99499.83,96279.85,99499.29,102731.46,99476.92,99503.25,99495.82,99509.97
6871.85216915,3494,99497.98,96280.87,99490.29,102750.63,99484.89,99500.32,99506.74,99511.0
6871.872977621,3495,99494.01,96271.84,99494.28,102741.59,99500.85,99487.31,99504.86,99513.95
6871.893223701,3496,99503.79,96275.84,99483.35,102745.56,99488.88,99500.32,99506.98,99513.95
6871.916982243,3497,99495.86,96283.85,99495.31,102745.56,99482.8,99494.23,99513.91,99506.0
6871.937601908,3498,99495.86,96285.81,99498.26,102745.56,99487.84,99498.21,99505.92,99517.92
6871.958085497,3499,99495.86,96279.85,99492.35,102741.59,99485.94,99492.35,99505.92,99514.98
6871.978705823,3500,99496.92,96299.87,99492.35,102750.63,99484.89,99500.32,99498.99,99513.95
6871.999744081,3501,99496.92,96289.9,99492.35,102729.67,99475.87,99496.33,99503.8,99513.95
6872.020252197,3502,99491.9,96287.85,99492.35,102737.62,99484.89,99494.23,99496.87,99523.96
6872.041890332,3503,99487.93,96284.87,99499.29,102739.8,99493.92,99490.24,99510.73,99507.03
6872.061010589,3504,99491.9,96291.86,99494.28,102738.71,99481.76,99500.32,99510.97,99513.95
6872.086075687,3505,99492.96,96294.84,99492.35,102730.76,99480.71,99494.45,99507.8,99511.89
6872.105601668,3506,99499.83,96295.86,99490.29,102729.67,99488.88,99495.28,99503.8,99503.94
6872.127096697,3507,99499.83,96287.85,99494.28,102721.73,99483.85,99490.24,99506.98,99515.86
6872.146766505,3508,99511.72,96295.86,99491.32,102731.86,99483.85,99494.23,99503.8,99513.95
6872.167161931,3509,99499.83,96287.85,99492.35,102713.78,99479.86,99500.32,99507.8,99500.99
6872.18775127,3510,99495.86,96295.86,99492.35,102706.93,99485.75,99500.32,99506.98,99512.92
6872.208429674,3511,99495.86,96286.83,99491.32,102723.91,99488.88,99496.33,99504.86,99511.89
6872.232295428,3512,99511.72,96297.91,99482.33,102711.99,99483.85,99502.2,99505.92,99506.0
6872.253010187,3513,99494.01,96286.83,99498.26,102717.75,99482.8,99499.26,99499.81,99508.06
6872.273612135,3514,99500.89,96293.9,99486.31,102714.87,99491.83,99489.19,99512.85,99521.9
6872.294092359,3515,99486.87,96287.85,99491.32,102706.93,99492.87,99499.26,99495.82,99503.94
6872.314741979,3516,99503.79,96302.85,99494.28,102697.89,99480.71,99503.25,99512.85,99511.89
6872.335220781,3517,99495.86,96304.89,99495.31,102683.79,99487.84,99496.33,99509.91,99507.03
6872.355934859,3518,99500.89,96295.86,99490.29,102682.0,99498.76,99494.23,99497.69,99511.89
6872.376397115,3519,99499.83,96305.91,99506.23,102683.09,99493.72,99496.33,99512.85,99508.94
6872.396929398,3520,99497.98,96303.87,99498.26,102684.18,99480.71,99486.26,99495.82,99504.97
6872.42101825,3521,99497.71,96286.83,99490.29,102683.09,99481.76,99498.21,99510.97,99513.95
6872.441627279,3522,99507.76,96298.84,99486.31,102679.12,99481.76,99494.23,99506.74,99508.94
6872.46230405,3523,99500.89,96299.87,99504.3,102671.17,99480.71,99494.23,99507.8,99499.96
6872.48272193,3524,99488.99,96303.87,99494.28,102668.29,99480.91,99497.38,99496.64,99506.0
6872.503453073,3525,99503.79,96303.87,99482.33,102658.16,99484.7,99495.28,99511.79,99520.87
6872.524220211,3526,99503.79,96294.84,99492.35,102659.26,99484.89,99499.26,99504.86,99515.86
6872.544494524,3527,99496.92,96297.91,99490.29,102646.25,99476.73,99494.23,99503.8,99512.92
6872.564886394,3528,99490.05,96305.91,99499.29,102660.35,99491.83,99492.35,99509.67,99503.94
6872.589023879,3529,99495.86,96306.85,99498.26,102658.16,99482.8,99504.3,99502.75,99513.95
6872.610135358,3530,99511.72,96299.87,99492.35,102659.26,99488.88,99504.3,99507.8,99511.89
6872.630115936,3531,99498.77,96307.87,99498.26,102652.4,99484.7,99498.21,99498.75,99511.89
6872.650797355,3532,99500.89,96303.87,99500.32,102652.4,99491.83,99503.25,99502.98,99508.94
6872.671134783,3533,99487.93,96304.89,99491.32,102642.27,99483.85,99502.2,99507.8,99511.89
6872.691726365,3534,99504.85,96301.83,99493.25,102652.4,99479.86,99497.38,99503.8,99509.83
6872.712262323,3535,99487.93,96299.87,99486.31,102634.33,99487.84,99494.23,99511.79,99511.89
6872.732868839,3536,99499.83,96297.91,99490.29,102634.33,99479.86,99494.23,99495.82,99511.89
6872.757052904,3537,99503.79,96311.88,99495.31,102634.33,99481.76,99496.33,99507.8,99517.92
6872.777710146,3538,99491.9,96303.87,99494.28,102622.41,99492.87,99494.23,99512.85,99511.89
6872.798122157,3539,99494.8,96311.88,99507.26,102627.47,99482.61,99494.23,99507.8,99511.89
6872.818729042,3540,99499.83,96311.88,99493.25,102628.57,99488.88,99488.36,99495.82,99511.89
6872.83970732,3541,99491.9,96301.83,99494.28,102628.57,99486.79,99494.23,99507.8,99506.88
6872.859752185,3542,99511.72,96307.87,99490.29,102618.44,99485.75,99503.25,99511.79,99507.91
6872.880183926,3543,99481.85,96303.87,99490.29,102615.56,99481.76,99486.26,99491.0,99512.92
6872.904597418,3544,99489.78,96303.87,99492.35,102622.41,99490.97,99494.23,99495.82,99511.89
6872.924616134,3545,99503.79,96311.88,99490.29,102623.5,99485.94,99508.28,99493.7,99513.95
6872.945669045,3546,99503.79,96320.91,99498.26,102624.59,99483.85,99495.28,99506.98,99516.89
6872.966829588,3547,99495.86,96319.89,99491.32,102619.53,99484.89,99503.25,99500.87,99521.9
6872.986708993,3548,99497.71,96322.87,99498.26,102611.58,99484.7,99494.23,99507.8,99511.89
6873.008487971,3549,99490.84,96309.92,99494.28,102614.47,99482.8,99487.31,99503.8,99503.94
6873.027719176,3550,99499.83,96303.87,99494.28,102611.58,99485.75,99503.25,99502.75,99507.91
6873.048228274,3551,99496.92,96311.88,99498.26,102595.69,99485.94,99496.33,99504.86,99515.86
6873.073005276,3552,99499.83,96303.87,99494.28,102603.64,99480.71,99504.3,99502.75,99512.92
6873.092669847,3553,99485.81,96310.86,99490.29,102594.6,99482.8,99490.24,99516.84,99516.89
6873.11509369,3554,99489.78,96327.89,99492.35,102603.64,99484.89,99502.2,99509.67,99515.86
6873.135054378,3555,99485.81,96304.89,99490.29,102598.57,99483.85,99489.19,99507.8,99511.89
6873.154851449,3556,99497.71,96321.85,99486.31,102587.75,99489.74,99502.2,99511.79,99511.89
6873.174745867,3557,99495.86,96319.89,99490.29,102591.72,99485.75,99493.17,99515.78,99513.95
6873.195805888,3558,99504.85,96319.89,99498.26,102587.75,99484.7,99484.15,99511.79,99520.87
6873.218333108,3559,99495.86,96299.87,99502.25,102585.57,99500.85,99494.23,99499.81,99503.94
6873.240014989,3560,99499.83,96319.89,99492.22,102590.63,99489.74,99496.33,99487.83,99511.89
6873.260614794,3561,99504.85,96315.88,99492.35,102591.72,99495.81,99506.18,99505.92,99511.89
6873.281121318,3562,99494.8,96329.94,99487.34,102588.84,99480.71,99494.23,99499.81,99515.86
6873.302273338,3563,99503.79,96310.86,99489.26,102581.59,99489.74,99498.21,99488.65,99510.86
6873.322846343,3564,99503.79,96320.91,99490.29,102588.84,99480.71,99487.31,99512.85,99520.87
6873.342913462,3565,99502.73,96315.88,99489.26,102582.68,99492.87,99504.3,99499.81,99507.91
6873.363918329,3566,99495.86,96311.88,99498.26,102587.75,99482.8,99484.15,99504.86,99495.99
6873.383842843,3567,99487.93,96319.89,99498.26,102579.8,99495.81,99501.14,99509.91,99515.86
6873.409056045,3568,99499.83,96319.89,99486.31,102572.95,99488.69,99486.26,99503.8,99520.87
6873.428675627,3569,99489.78,96320.91,99492.22,102571.86,99489.74,99494.23,99502.75,99511.89
6873.449210254,3570,99499.83,96319.89,99489.26,102575.83,99485.75,99489.19,99503.8,99510.86
6873.472494749,3571,99499.83,96328.92,99481.3,102571.86,99491.83,99495.28,99507.8,99514.83
6873.490314099,3572,99502.73,96317.93,99494.28,102570.77,99484.7,99488.14,99508.85,99512.92
6873.510818108,3573,99495.86,96324.91,99482.33,102572.95,99484.7,99486.26,99495.82,99516.89
6873.532456925,3574,99499.83,96322.87,99489.26,102567.88,99486.6,99487.31,99494.76,99511.89
6873.551828442,3575,99491.9,96319.89,99488.24,102557.06,99480.71,99497.16,99501.69,99503.94
6873.576043244,3576,99491.9,96326.87,99488.24,102559.94,99492.68,99493.17,99513.91,99495.99
6873.596694186,3577,99493.74,96327.89,99486.31,102570.77,99486.79,99498.21,99505.92,99512.92
6873.617117554,3578,99507.76,96323.89,99488.24,102565.0,99488.88,99494.23,99497.93,99511.89
6873.637719322,3579,99490.05,96321.85,99490.29,102568.98,99488.69,99500.09,99499.57,99511.89
6873.658177793,3580,99498.77,96321.85,99490.29,102559.94,99484.7,99494.23,99503.8,99514.83
6873.678767092,3581,99495.86,96327.89,99489.26,102565.0,99490.78,99501.14,99511.79,99512.92
6873.69924982,3582,99493.74,96315.88,99498.26,102559.94,99488.69,99495.28,99499.81,99511.89
6873.719863556,3583,99495.86,96331.9,99490.29,102554.88,99491.83,99506.18,99504.86,99498.93
6873.744074222,3584,99495.86,96319.89,99494.28,102554.88,99480.71,99494.23,99506.74,99507.91
6873.764650561,3585,99499.83,96327.89,99498.26,102550.9,99481.76,99501.14,99500.87,99519.84
6873.785121702,3586,99493.74,96327.89,99498.26,102538.99,99488.69,99499.26,99503.8,99498.93
6873.805807586,3587,99497.71,96320.91,99498.26,102541.87,99494.77,99486.26,99511.79,99519.84
6873.826208501,3588,99499.83,96325.85,99484.25,102538.99,99481.76,99502.2,99510.73,99511.89
6873.846762226,3589,99481.85,96323.89,99497.23,102548.02,99481.76,99498.21,99510.73,99507.91
6873.867239786,3590,99505.91,96324.91,99490.29,102531.04,99484.7,99488.14,99502.75,99521.9
6873.887847613,3591,99489.78,96321.85,99501.22,102533.22,99487.65,99500.09,99508.85,99515.86
6873.91205286,3592,99499.83,96319.89,99496.2,102525.28,99492.87,99497.16,99505.68,99519.84
6873.932705726,3593,99491.9,96330.88,99494.28,102522.01,99482.8,99498.21,99504.86,99519.84
6873.953148853,3594,99511.72,96318.86,99489.26,102521.3,99487.65,99486.26,99503.8,99516.89
6873.973746776,3595,99503.79,96327.89,99492.22,102524.19,99479.67,99496.11,99505.68,99511.89
6873.994262513,3596,99498.77,96331.9,99489.26,102517.33,99480.71,99509.11,99507.8,99507.91
6874.014800435,3597,99490.84,96327.89,99497.23,102509.39,99489.54,99493.17,99503.8,99511.89
6874.036247321,3598,99489.78,96327.89,99496.2,102515.15,99491.83,99498.21,99498.75,99513.95
6874.055989639,3599,99503.79,96329.85,99496.2,102507.21,99484.7,99493.17,99501.69,99505.85
6874.080056417,3600,99490.84,96341.95,99489.26,102508.3,99484.7,99493.17,99509.67,99503.94
6874.100671876,3601,99497.71,96331.9,99495.18,102509.39,99482.8,99498.21,99503.8,99510.86
6874.12111936,3602,99487.93,96340.93,99490.29,102496.38,99473.78,99499.26,99502.75,99503.94
6874.141761669,3603,99509.6,96341.95,99490.29,102491.32,99484.89,99486.26,99510.73,99515.86
6874.162269595,3604,99495.86,96335.9,99496.2,102488.43,99490.59,99503.25,99505.68,99511.89
6874.182781246,3605,99501.67,96327.89,99492.22,102504.32,99485.75,99498.21,99506.74,99511.89
6874.205256077,3606,99497.71,96327.89,99489.26,102488.43,99491.83,99495.28,99503.8,99518.81
6874.22761962,3607,99487.93,96327.89,99493.25,102492.41,99489.74,99489.19,99511.79,99509.83
6874.247661551,3608,99501.67,96329.94,99498.26,102489.52,99492.87,99504.07,99509.67,99511.89
6874.268771577,3609,99501.67,96333.94,99498.26,102493.5,99496.67,99493.17,99500.63,99511.89
6874.289128935,3610,99497.71,96335.9,99489.26,102492.41,99481.76,99497.16,99504.86,99510.86
6874.311151302,3611,99503.79,96325.85,99488.24,102468.57,99494.77,99492.12,99503.8,99510.86
6874.330355756,3612,99505.64,96334.88,99494.28,102475.43,99488.69,99494.23,99492.64,99507.91
6874.35220472,3613,99485.81,96331.9,99496.2,102485.55,99480.71,99494.23,99511.79,99505.85
6874.371272318,3614,99503.79,96341.95,99501.22,102476.52,99487.65,99501.14,99503.8,99503.94
6874.396897383,3615,99501.67,96335.9,99490.29,102476.52,99487.65,99497.16,99497.69,99511.89
6874.416082268,3616,99489.78,96327.89,99489.26,102475.43,99496.67,99492.12,99497.69,99511.89
6874.436762525,3617,99503.79,96341.87,99496.2,102477.61,99493.72,99502.2,99502.75,99515.86
6874.456848633,3618,99495.86,96340.93,99488.24,102476.52,99484.7,99492.12,99499.81,99509.83
6874.477805618,3619,99497.71,96337.95,99494.28,102473.63,99480.52,99502.2,99491.59,99506.88
6874.497809842,3620,99509.6,96335.9,99497.23,102469.66,99479.67,99502.2,99495.82,99521.9
6874.519153802,3621,99501.67,96337.95,99496.2,102477.61,99478.62,99504.3,99503.8,99509.83
6874.540573377,3622,99493.74,96327.89,99498.26,102476.52,99478.62,99492.12,99511.79,99510.86
6874.563046925,3623,99503.79,96335.9,99490.29,102457.74,99488.69,99500.09,99511.79,99513.8
6874.583696986,3624,99493.74,96335.9,99498.26,102464.6,99480.71,99508.06,99507.8,99520.87
6874.60430271,3625,99497.71,96340.93,99496.2,102461.33,99478.62,99498.21,99495.82,99515.86
6874.625340167,3626,99495.86,96335.9,99499.29,102468.57,99492.68,99492.12,99500.63,99511.89
6874.645938049,3627,99486.87,96335.9,99490.29,102464.6,99488.69,99504.07,99501.69,99501.88
6874.665850734,3628,99494.8,96326.87,99488.24,102467.48,99479.67,99498.21,99502.75,99518.81
6874.68684125,3629,99493.74,96341.95,99492.22,102460.63,99484.7,99496.11,99502.75,99523.81
6874.706879576,3630,99497.71,96339.91,99493.25,102460.63,99478.62,99498.21,99497.69,99515.86
6874.731076631,3631,99496.65,96337.86,99492.22,102467.48,99475.87,99488.14,99503.8,99511.89
6874.751682816,3632,99492.68,96342.89,99493.25,102459.54,99492.68,99501.14,99502.75,99519.84
6874.772150431,3633,99501.67,96339.91,99496.2,102461.72,99495.62,99493.17,99500.87,99519.84
6874.79274662,3634,99493.74,96339.91,99488.24,102468.57,99483.66,99502.2,99507.8,99508.8
6874.813267035,3635,99493.74,96343.91,99492.22,102453.77,99484.7,99498.21,99511.79,99517.78
6874.833803845,3636,99493.74,96346.89,99487.21,102460.63,99482.61,99497.16,99511.79,99511.74
6874.854371701,3637,99492.68,96335.9,99488.24,102463.51,99484.7,99491.07,99508.62,99517.78
6874.875202285,3638,99499.83,96342.89,99492.22,102460.63,99487.65,99501.14,99502.75,99504.82
6874.899794408,3639,99495.86,96351.92,99497.23,102456.65,99483.85,99497.99,99498.75,99519.84
6874.919742437,3640,99499.83,96350.9,99485.28,102455.56,99479.67,99500.09,99501.69,99510.86
6874.940219396,3641,99503.79,96343.91,99488.24,102456.65,99484.7,99502.2,99509.67,99513.8
6874.960965853,3642,99507.76,96342.89,99506.23,102461.72,99486.6,99502.2,99502.75,99507.77
6874.981292885,3643,99501.67,96340.93,99493.25,102455.56,99479.67,99508.06,99503.57,99517.78
6875.002179254,3644,99487.93,96339.91,99497.23,102461.72,99484.7,99501.14,99502.75,99506.88
6875.022374887,3645,99499.55,96344.93,99497.23,102452.68,99474.83,99492.12,99506.5,99514.83
6875.042905527,3646,99498.77,96344.93,99492.22,102452.68,99497.71,99500.09,99499.57,99510.86
6875.06708088,3647,99509.6,96339.91,99498.26,102453.77,99489.74,99492.12,99509.67,99509.83
6875.088079678,3648,99500.61,96351.92,99497.23,102453.77,99479.67,99492.12,99506.5,99522.78
6875.108124884,3649,99501.67,96344.93,99497.23,102453.77,99479.67,99501.14,99495.58,99509.83
6875.128770098,3650,99493.74,96341.87,99489.26,102455.56,99486.6,99502.2,99507.56,99514.83
6875.149290482,3651,99504.58,96349.96,99488.24,102451.59,99486.41,99502.2,99501.69,99510.86
6875.169827753,3652,99509.6,96347.91,99496.2,102453.77,99496.67,99500.09,99499.57,99505.85
6875.190311262,3653,99491.62,96355.92,99489.26,102451.59,99483.66,99501.14,99509.67,99509.83
6875.210954182,3654,99495.86,96342.89,99502.25,102448.71,99487.65,99492.12,99509.67,99511.89
6875.235087651,3655,99501.67,96341.87,99488.24,102444.74,99482.61,99497.16,99507.56,99513.8
6875.255765874,3656,99497.71,96343.91,99492.22,102444.74,99491.63,99492.12,99502.75,99513.8
6875.276117274,3657,99502.73,96357.97,99489.26,102452.68,99484.7,99510.16,99497.46,99507.77
6875.299052521,3658,99499.83,96347.91,99493.25,102452.68,99491.83,99488.14,99503.57,99517.78
6875.317262361,3659,99508.54,96343.91,99488.24,102440.76,99495.62,99492.12,99508.62,99509.83
6875.338644449,3660,99489.78,96347.91,99482.33,102443.65,99483.66,99502.2,99508.62,99517.78
6875.358274577,3661,99491.62,96351.92,99488.24,102445.83,99481.57,99499.04,99505.68,99511.89
6875.384379238,3662,99485.81,96351.92,99496.2,102444.74,99478.62,99501.14,99498.52,99510.86
6875.403140822,3663,99501.67,96354.9,99488.24,102451.59,99480.71,99492.12,99494.52,99501.88
6875.425701263,3664,99489.78,96351.92,99496.2,102452.68,99484.7,99489.19,99499.57,99509.83
6875.444255454,3665,99500.61,96359.93,99488.24,102453.77,99482.61,99500.09,99504.62,99510.86
6875.464888148,3666,99489.78,96343.91,99497.23,102452.68,99474.64,99497.16,99507.56,99514.83
6875.485243564,3667,99493.74,96343.91,99488.24,102455.56,99474.64,99488.14,99497.69,99513.8
6875.505839282,3668,99500.61,96348.94,99493.25,102440.76,99480.71,99496.11,99496.64,99511.89
6875.526286316,3669,99498.77,96347.91,99488.24,102443.65,99478.62,99494.0,99502.75,99518.81
6875.551046583,3670,99500.61,96349.87,99487.21,102453.77,99484.51,99504.07,99510.73,99511.89
6875.571139402,3671,99508.54,96350.9,99496.2,102452.68,99488.69,99492.12,99510.73,99500.85
6875.591721409,3672,99501.67,96351.92,99488.24,102435.7,99484.51,99492.12,99507.8,99509.83
6875.612857836,3673,99487.66,96351.92,99492.22,102443.65,99478.62,99486.03,99503.8,99510.86
6875.632806356,3674,99489.78,96343.91,99489.26,102433.91,99486.6,99496.11,99505.68,99517.78
6875.653330686,3675,99501.67,96349.96,99486.18,102457.74,99479.67,99500.09,99502.75,99513.8
6875.674199208,3676,99485.81,96347.91,99488.24,102457.74,99482.61,99501.97,99501.69,99510.86
6875.694812042,3677,99504.58,96351.92,99492.22,102456.65,99476.53,99497.99,99505.68,99518.81
6875.71869986,3678,99499.55,96342.89,99488.24,102437.88,99477.58,99496.11,99500.63,99518.81
6875.738680909,3679,99496.65,96347.91,99500.19,102440.76,99490.59,99495.05,99503.57,99516.75
6875.75995236,3680,99502.73,96346.89,99498.26,102456.65,99482.61,99503.02,99507.56,99510.86
6875.779840638,3681,99504.58,96338.88,99495.18,102458.83,99490.59,99492.12,99502.75,99509.83
6875.800916704,3682,99501.67,96355.92,99496.2,102440.76,99488.5,99500.09,99503.57,99513.8
6875.821260241,3683,99501.67,96359.93,99488.24,102437.88,99495.62,99488.14,99501.69,99509.83
6875.843129566,3684,99509.6,96355.92,99490.16,102436.79,99488.5,99492.12,99507.56,99501.88
6875.862334141,3685,99508.54,96351.92,99496.2,102444.74,99485.56,99497.99,99508.62,99512.77
6875.886576214,3686,99492.68,96351.92,99496.2,102445.83,99486.6,99504.07,99513.67,99501.88
6875.906697826,3687,99509.6,96351.92,99492.22,102443.65,99490.59,99504.07,99500.63,99509.83
6875.927153583,3688,99500.61,96346.89,99491.19,102444.74,99491.63,99495.05,99509.67,99508.8
6875.947796963,3689,99492.68,96346.89,99491.19,102437.88,99488.69,99495.05,99490.77,99508.8
6875.968837445,3690,99508.54,96352.94,99495.18,102445.83,99484.51,99491.07,99501.69,99517.78
6875.988850803,3691,99495.86,96346.89,99493.25,102456.65,99480.52,99486.03,99499.81,99507.77
6876.00983602,3692,99506.7,96351.92,99488.24,102427.76,99486.6,99495.05,99502.75,99517.78
6876.029958824,3693,99499.55,96343.91,99492.22,102431.73,99478.62,99492.12,99508.62,99499.82
6876.054101607,3694,99491.62,96350.9,99497.23,102452.68,99492.49,99488.14,99507.56,99498.93
6876.074696535,3695,99504.58,96343.91,99492.22,102445.83,99479.67,99492.12,99509.67,99515.72
6876.095204381,3696,99495.59,96350.9,99488.24,102456.65,99482.61,99495.05,99507.56,99509.83
6876.117142419,3697,99499.55,96351.92,99480.27,102444.74,99485.56,99495.05,99491.59,99509.83
6876.136354345,3698,99501.67,96352.94,99497.23,102437.88,99476.53,99504.07,99500.63,99517.78
6876.158232724,3699,99491.62,96342.89,99488.24,102453.77,99490.59,99495.05,99507.56,99517.78
6876.17867479,3700,99489.78,96338.88,99492.22,102439.67,99481.57,99497.99,99505.68,99518.81
6876.198209344,3701,99500.61,96327.89,99494.15,102444.74,99482.61,99486.03,99504.62,99516.75
6876.223044915,3702,99499.55,96334.88,99487.21,102451.59,99476.53,99483.1,99497.69,99512.77
6876.242727753,3703,99497.71,96336.92,99488.24,102453.77,99484.51,99484.15,99507.56,99505.85
6876.263191031,3704,99495.59,96347.91,99488.24,102435.7,99478.62,99486.03,99500.63,99507.77
6876.283817106,3705,99492.68,96343.91,99486.31,102435.7,99473.59,99498.21,99500.63,99518.81
6876.304485775,3706,99499.55,96345.95,99492.22,102443.65,99485.56,99499.04,99496.64,99507.91
6876.324819057,3707,99499.55,96338.88,99490.29,102428.85,99484.51,99491.07,99500.63,99514.83
6876.345310167,3708,99496.65,96340.93,99500.19,102438.58,99476.53,99496.11,99508.62,99521.75
6876.365897573,3709,99490.56,96343.91,99498.13,102437.88,99488.69,99492.12,99501.69,99509.83
6876.390118465,3710,99495.59,96343.91,99496.2,102455.56,99477.58,99492.95,99500.63,99509.83
6876.410794425,3711,99487.66,96339.91,99488.24,102443.65,99480.52,99491.07,99502.75,99515.86
6876.431729827,3712,99501.67,96347.91,99486.18,102441.85,99482.61,99496.11,99501.69,99517.78
6876.452690688,3713,99497.71,96343.91,99496.2,102457.74,99482.61,99499.04,99492.64,99505.85
6876.472258302,3714,99501.67,96341.87,99495.18,102432.82,99479.67,99486.03,99498.52,99509.83
6876.492848973,3715,99487.66,96351.92,99500.19,102448.71,99493.53,99499.04,99498.75,99521.75
6876.513336448,3716,99477.88,96342.89,99488.24,102435.7,99492.49,99497.16,99509.67,99509.83
6876.533922212,3717,99499.55,96341.87,99496.2,102444.74,99480.52,99494.0,99507.8,99507.77
6876.558614316,3718,99485.81,96339.91,99492.22,102444.74,99490.59,99497.99,99511.79,99513.8
6876.579502767,3719,99500.61,96339.91,99496.2,102444.74,99494.58,99494.0,99509.67,99510.86
6876.599176852,3720,99496.65,96347.91,99500.19,102436.79,99488.5,99500.09,99499.57,99519.84
6876.619808045,3721,99501.67,96342.89,99488.24,102436.79,99478.62,99501.97,99501.69,99509.83
6876.640288339,3722,99496.65,96343.91,99496.2,102449.41,99492.49,99503.02,99500.63,99508.8
6876.660843987,3723,99501.67,96342.89,99488.24,102436.79,99482.61,99494.0,99506.5,99510.86
6876.681433446,3724,99495.59,96343.91,99496.2,102437.88,99482.61,99494.0,99501.69,99514.83
6876.705996325,3725,99501.67,96345.87,99495.18,102443.65,99477.58,99487.09,99497.46,99517.78
6876.726155854,3726,99492.68,96334.88,99496.2,102443.65,99478.62,99500.09,99508.62,99519.69
6876.746720655,3727,99500.61,96343.91,99496.2,102436.79,99482.42,99499.04,99505.68,99517.78
6876.767272738,3728,99500.61,96333.86,99488.24,102445.83,99476.53,99496.11,99511.55,99509.83
6876.787869048,3729,99501.67,96337.86,99498.26,102453.77,99490.59,99499.04,99509.67,99511.74
6876.808801696,3730,99493.74,96343.91,99497.23,102444.74,99486.6,99490.02,99505.68,99519.69
6876.828972873,3731,99500.61,96339.91,99496.2,102445.83,99486.6,99490.02,99508.62,99506.88
6876.849281017,3732,99501.67,96343.91,99479.24,102460.63,99481.57,99491.07,99509.67,99512.77
6876.874600149,3733,99492.68,96343.91,99488.24,102432.82,99476.53,99492.12,99513.67,99508.8
6876.894632646,3734,99500.61,96335.9,99488.24,102441.85,99487.45,99490.02,99505.68,99512.77
6876.915099459,3735,99499.55,96339.91,99488.24,102430.64,99492.49,99499.04,99501.69,99509.83
6876.93538541,3736,99501.67,96330.88,99487.21,102437.88,99486.6,99494.0,99508.62,99523.67
6876.958417924,3737,99503.52,96339.91,99488.24,102447.62,99486.6,99497.99,99500.63,99506.74
6876.976304545,3738,99492.68,96348.94,99491.19,102444.74,99489.54,99503.02,99505.68,99506.88
6876.997134709,3739,99493.74,96337.95,99488.24,102440.76,99490.59,99499.04,99495.58,99507.77
6877.020162836,3740,99491.62,96345.95,99496.2,102449.41,99485.56,99490.02,99500.63,99515.72
6877.043094067,3741,99489.78,96341.87,99488.24,102443.65,99478.62,99490.02,99499.57,99509.83
6877.061741379,3742,99491.62,96333.86,99483.22,102444.74,99481.57,99497.99,99499.57,99512.77
6877.082882893,3743,99508.54,96346.89,99493.25,102433.91,99480.52,99497.99,99496.64,99517.78
6877.104181044,3744,99501.67,96338.88,99492.22,102445.83,99480.71,99487.09,99505.68,99499.82
6877.123796661,3745,99507.48,96334.88,99488.24,102440.76,99494.58,99508.06,99497.69,99512.77
6877.144329895,3746,99495.59,96339.91,99491.19,102427.76,99476.53,99491.07,99502.51,99508.8
6877.165064093,3747,99509.6,96347.91,99490.16,102456.65,99495.62,99488.97,99500.63,99501.88
6877.185378476,3748,99499.55,96338.88,99496.2,102444.74,99486.6,99501.97,99500.63,99512.77
6877.209143238,3749,99501.67,96335.9,99486.18,102435.7,99482.42,99490.02,99501.69,99509.83
6877.229791265,3750,99493.47,96339.91,99494.28,102437.88,99486.6,99508.06,99500.63,99514.83
6877.250178359,3751,99504.58,96333.86,99492.22,102441.85,99483.66,99503.02,99502.51,99511.74
6877.270916573,3752,99495.59,96347.91,99491.19,102436.79,99477.58,99504.07,99500.63,99512.77
6877.292031607,3753,99491.62,96339.91,99494.15,102440.76,99489.54,99495.05,99499.57,99507.77
6877.312023913,3754,99508.54,96338.88,99495.18,102441.85,99480.52,99495.05,99509.67,99515.72
6877.332944563,3755,99507.48,96339.91,99495.18,102435.7,99491.44,99499.04,99499.57,99507.77
6877.354098396,3756,99495.59,96342.89,99487.21,102433.91,99483.46,99490.02,99492.64,99518.81
6877.37941853,3757,99495.59,96339.91,99496.2,102435.7,99484.51,99486.03,99501.45,99510.86
6877.398107174,3758,99502.46,96335.9,99491.19,102453.77,99486.6,99495.05,99499.57,99515.72
6877.418241806,3759,99499.55,96342.89,99488.24,102436.79,99485.56,99497.99,99499.57,99513.8
6877.438917455,3760,99495.59,96342.89,99488.24,102444.74,99474.44,99494.0,99506.74,99511.74
6877.459361495,3761,99507.48,96327.89,99487.21,102440.76,99491.63,99486.03,99501.69,99516.75
6877.479923472,3762,99495.59,96339.91,99496.2,102441.47,99476.53,99490.02,99505.68,99507.77
6877.500528054,3763,99493.47,96337.86,99488.24,102436.79,99491.44,99496.11,99507.56,99511.74
6877.521688878,3764,99498.49,96333.86,99492.22,102452.68,99484.51,99500.09,99499.57,99517.78
6877.545137882,3765,99500.61,96337.86,99496.2,102443.65,99472.55,99488.97,99507.56,99515.72
6877.565805049,3766,99495.59,96337.86,99490.16,102429.94,99478.62,99490.02,99501.69,99510.71
6877.586216619,3767,99499.55,96335.9,99496.2,102453.77,99484.51,99494.0,99508.62,99511.74
6877.606825267,3768,99487.66,96335.9,99494.15,102435.7,99485.56,99490.02,99505.68,99506.74
6877.627281064,3769,99511.45,96343.91,99492.22,102438.58,99494.58,99488.97,99500.63,99513.8
6877.647844174,3770,99495.59,96338.88,99487.21,102436.79,99476.53,99490.02,99499.57,99513.8
6877.668354453,3771,99497.71,96342.89,99492.22,102442.56,99484.51,99496.93,99503.57,99517.78
6877.689009031,3772,99499.55,96342.89,99492.22,102455.56,99478.62,99503.02,99490.53,99512.77
6877.713746303,3773,99511.45,96349.87,99495.18,102452.68,99476.53,99500.92,99508.62,99519.69
6877.733808165,3774,99499.55,96339.91,99500.19,102435.7,99485.56,99492.12,99506.74,99509.83
6877.754235248,3775,99496.65,96338.88,99487.21,102444.74,99486.6,99497.99,99498.52,99500.85
6877.775257902,3776,99491.62,96346.89,99492.22,102451.59,99480.52,99497.99,99511.55,99515.72
6877.795516501,3777,99499.55,96337.95,99494.15,102444.74,99483.46,99495.88,99506.5,99508.8
6877.815991637,3778,99491.62,96329.85,99494.15,102434.61,99488.5,99490.02,99505.68,99512.77
6877.83635819,3779,99498.49,96335.9,99496.2,102435.7,99483.46,99503.02,99499.57,99511.74
6877.857483029,3780,99499.55,96335.9,99480.27,102455.56,99476.53,99497.99,99506.5,99513.66
6877.881151385,3781,99499.55,96338.88,99496.2,102451.59,99484.51,99482.05,99499.57,99509.68
6877.902229913,3782,99495.59,96333.86,99495.18,102435.7,99492.49,99501.97,99505.44,99507.77
6877.922205134,3783,99499.55,96335.9,99499.16,102455.56,99474.44,99491.07,99497.46,99508.8
6877.943022888,3784,99495.59,96334.88,99495.18,102444.74,99480.52,99494.0,99506.5,99517.78
6877.963555632,3785,99503.52,96346.89,99492.22,102450.5,99482.42,99499.04,99506.5,99517.78
6877.984047493,3786,99495.59,96342.89,99487.21,102449.41,99490.4,99491.07,99499.57,99508.8
6878.00493927,3787,99507.48,96339.91,99495.18,102435.7,99484.51,99497.99,99503.57,99507.77
6878.028705203,3788,99491.62,96335.9,99496.2,102439.67,99488.5,99495.05,99507.56,99514.69
6878.049243625,3789,99500.61,96337.86,99495.18,102444.74,99492.49,99501.97,99497.46,99507.77
6878.069781957,3790,99499.55,96333.86,99496.2,102443.65,99484.51,99497.99,99505.68,99502.76
6878.090217163,3791,99496.65,96339.91,99491.19,102451.59,99492.49,99499.04,99499.57,99508.8
6878.112142362,3792,99495.59,96345.87,99492.22,102451.59,99488.5,99490.02,99503.57,99515.72
6878.131303802,3793,99495.59,96343.91,99496.2,102443.65,99486.41,99499.86,99509.67,99503.79
6878.151901303,3794,99496.65,96339.91,99488.24,102435.7,99484.51,99494.0,99504.62,99511.74
6878.172359504,3795,99495.59,96333.86,99486.18,102443.65,99492.49,99496.93,99501.69,99513.66
6878.196810003,3796,99498.49,96341.87,99492.22,102433.91,99484.51,99504.07,99509.67,99507.77
6878.21812543,3797,99499.55,96330.88,99500.19,102443.65,99480.52,99494.0,99499.57,99512.77
6878.237797552,3798,99500.61,96330.88,99492.22,102436.79,99482.42,99490.02,99498.52,99505.71
6878.259247843,3799,99489.5,96339.91,99504.17,102444.74,99484.51,99499.86,99499.57,99515.72
6878.28068205,3800,99491.62,96342.89,99487.21,102444.74,99478.43,99499.86,99502.51,99511.74
6878.299351886,3801,99499.55,96334.88,99499.16,102445.83,99478.43,99491.9,99493.46,99509.83
6878.320023459,3802,99500.61,96333.86,99496.2,102441.47,99482.42,99497.99,99507.56,99515.72
6878.340331002,3803,99499.55,96343.91,99496.2,102444.74,99484.32,99498.81,99500.39,99503.79
6878.364740318,3804,99490.56,96339.91,99496.2,102439.67,99484.51,99479.95,99498.52,99513.66
6878.385061121,3805,99498.49,96350.9,99495.18,102443.65,99488.5,99497.99,99507.56,99511.74
6878.405817583,3806,99489.5,96338.88,99491.19,102435.7,99486.41,99496.93,99494.52,99515.72
6878.426137114,3807,99505.36,96345.87,99496.2,102442.56,99474.44,99500.09,99504.39,99515.72
6878.447531911,3808,99498.49,96334.88,99504.17,102443.65,99488.5,99491.9,99498.52,99511.74
6878.467695076,3809,99497.43,96339.91,99490.16,102451.59,99476.53,99503.85,99502.75,99513.66
6878.48792389,3810,99494.53,96327.89,99492.22,102441.85,99479.48,99501.97,99507.56,99522.64
6878.50838821,3811,99499.55,96325.85,99495.18,102452.68,99479.48,99497.99,99509.67,99499.82
6878.532159591,3812,99499.55,96334.88,99500.19,102449.41,99482.42,99495.88,99504.62,99515.72
6878.552841791,3813,99495.59,96334.88,99500.19,102444.74,99474.44,99495.88,99496.64,99507.77
6878.573234663,3814,99505.36,96335.82,99495.18,102451.59,99476.53,99496.93,99497.46,99519.69
6878.595090027,3815,99498.49,96337.86,99495.18,102455.56,99494.38,99497.99,99500.63,99507.77
6878.614844183,3816,99496.37,96338.88,99496.2,102443.65,99486.6,99502.8,99509.67,99515.72
6878.634953295,3817,99493.47,96338.88,99494.15,102439.67,99488.5,99503.85,99497.46,99515.72
6878.657077335,3818,99505.36,96335.9,99488.24,102459.54,99484.51,99505.95,99508.62,99515.72
6878.675950239,3819,99510.39,96338.88,99503.14,102435.7,99474.44,99500.92,99505.68,99510.71
6878.700188075,3820,99502.46,96346.89,99488.24,102456.65,99490.4,99497.99,99499.57,99513.66
6878.723149873,3821,99497.71,96335.9,99492.22,102455.56,99490.4,99500.92,99495.58,99517.78
6878.741252861,3822,99498.49,96335.9,99495.18,102441.47,99489.35,99500.92,99507.56,99515.72
6878.761846657,3823,99507.48,96330.88,99498.13,102460.63,99484.51,99487.91,99504.62,99515.72
6878.782363577,3824,99495.59,96333.86,99494.15,102444.74,99492.49,99488.97,99517.66,99515.72
6878.802885834,3825,99498.49,96333.86,99496.2,102443.65,99476.53,99497.99,99506.5,99505.71
6878.82451068,3826,99499.55,96335.9,99495.18,102445.44,99484.51,99492.95,99498.52,99507.77
6878.843962699,3827,99485.54,96330.88,99495.18,102451.59,99476.53,99495.88,99490.53,99513.66
6878.868174887,3828,99494.53,96330.88,99487.21,102444.74,99483.46,99496.93,99498.52,99516.75
6878.888855123,3829,99498.49,96338.88,99486.18,102451.59,99486.41,99500.92,99502.51,99511.74
6878.909204519,3830,99494.53,96337.86,99488.24,102460.63,99486.41,99497.76,99498.52,99515.72
6878.929899218,3831,99499.55,96338.88,99488.24,102460.63,99478.43,99488.97,99503.57,99504.68
6878.950456699,3832,99489.5,96337.86,99490.16,102434.61,99479.48,99494.83,99503.57,99520.72
6878.970969031,3833,99498.49,96333.86,99490.16,102441.85,99491.44,99492.95,99503.57,99507.77
6878.991730771,3834,99487.66,96335.9,99496.2,102455.56,99491.44,99496.93,99506.5,99515.72
6879.011973877,3835,99497.43,96338.88,99494.15,102444.74,99492.49,99487.91,99505.44,99518.66
6879.036906184,3836,99507.48,96339.91,99495.18,102433.52,99488.5,99499.86,99509.67,99515.72
6879.056797457,3837,99498.49,96334.88,99503.14,102455.56,99478.43,99499.86,99503.57,99510.71
6879.077279454,3838,99499.55,96342.89,99489.13,102443.65,99492.49,99488.97,99505.44,99514.69
6879.097973481,3839,99498.49,96335.9,99495.18,102460.63,99490.4,99491.9,99499.57,99506.74
6879.118378131,3840,99511.45,96325.85,99490.16,102456.65,99494.38,99503.85,99503.57,99505.71
6879.138967671,3841,99499.55,96335.9,99496.2,102455.56,99491.44,99495.88,99499.57,99507.77
6879.159506954,3842,99499.55,96330.88,99493.12,102459.54,99477.39,99499.86,99501.69,99506.74
6879.183746644,3843,99486.6,96322.87,99496.2,102455.56,99489.35,99497.99,99501.45,99512.63
6879.204242551,3844,99495.59,96331.9,99495.18,102443.65,99485.36,99491.9,99496.4,99508.8
6879.229268691,3845,99495.59,96334.88,99492.22,102444.74,99481.37,99508.88,99505.44,99505.71
6879.245357033,3846,99506.42,96338.88,99487.21,102456.65,99482.42,99498.81,99508.38,99505.71
6879.266048666,3847,99509.33,96335.9,99495.18,102455.56,99466.47,99487.91,99497.69,99502.76
6879.286348417,3848,99514.35,96343.91,99484.12,102451.59,99482.42,99497.99,99511.55,99515.72
6879.306921222,3849,99493.47,96343.91,99499.16,102439.67,99490.4,99495.88,99507.56,99515.72
6879.32745079,3850,99498.49,96339.91,99494.15,102451.59,99478.43,99495.88,99501.45,99507.77
6879.351735899,3851,99498.49,96331.81,99490.16,102459.54,99478.43,99490.02,99493.46,99511.6
6879.372259148,3852,99505.36,96335.9,99494.15,102455.56,99498.37,99500.92,99507.56,99509.68
6879.392829188,3853,99498.49,96336.84,99494.15,102452.68,99474.44,99486.86,99498.52,99517.63
6879.413565559,3854,99487.66,96329.85,99490.16,102455.56,99485.36,99491.9,99509.44,99514.69
6879.433897389,3855,99506.42,96326.87,99495.18,102460.63,99491.44,99501.97,99507.56,99506.74
6879.454328328,3856,99497.43,96335.9,99488.24,102452.68,99484.51,99502.8,99501.45,99522.64
6879.475401539,3857,99486.6,96333.86,99495.18,102455.56,99478.43,99502.8,99517.66,99514.69
6879.49548309,3858,99493.47,96343.91,99477.18,102451.59,99474.44,99500.92,99509.67,99511.6
6879.519751183,3859,99499.55,96334.88,99495.18,102455.56,99478.43,99511.82,99499.57,99511.74
6879.540260661,3860,99497.43,96337.86,99490.16,102459.54,99485.36,99492.95,99503.33,99513.66
6879.560806194,3861,99491.62,96337.86,99494.15,102459.54,99474.44,99496.93,99501.45,99513.66
6879.581339729,3862,99491.62,96333.86,99498.13,102458.45,99472.35,99487.91,99506.5,99503.79
6879.601947536,3863,99498.49,96331.9,99486.18,102452.68,99487.45,99504.9,99512.61,99515.72
6879.622347308,3864,99501.4,96325.85,99492.22,102444.74,99486.41,99499.86,99499.57,99524.7
6879.643062327,3865,99505.36,96341.87,99487.21,102455.56,99494.38,99504.9,99514.49,99514.69
6879.66338964,3866,99499.55,96337.86,99502.11,102454.47,99488.5,99487.91,99501.45,99515.72
6879.687763012,3867,99505.36,96330.88,99487.21,102459.54,99484.32,99495.88,99506.5,99507.77
6879.707776891,3868,99497.43,96337.86,99486.18,102459.54,99490.4,99495.88,99508.62,99513.66
6879.728882591,3869,99499.55,96335.9,99490.16,102452.68,99482.42,99498.81,99507.56,99513.66
6879.749131625,3870,99510.39,96341.87,99493.12,102450.5,99488.31,99487.91,99507.56,99519.69
6879.771790925,3871,99497.43,96339.91,99493.12,102458.45,99486.41,99494.83,99499.57,99510.71
6879.791357477,3872,99503.52,96339.82,99491.19,102451.59,99490.4,99495.88,99505.44,99509.83
6879.810936028,3873,99495.31,96337.86,99494.15,102459.54,99482.42,99501.74,99499.57,99521.61
6879.831671638,3874,99497.43,96325.85,99494.15,102456.27,99486.41,99489.79,99508.62,99519.69
6879.85564208,3875,99490.56,96334.88,99501.09,102464.6,99490.4,99504.9,99505.44,99502.76
6879.875809291,3876,99506.42,96334.88,99494.15,102459.54,99480.33,99503.85,99495.34,99507.77
6879.896407554,3877,99503.52,96341.87,99495.18,102443.65,99495.43,99490.84,99501.45,99513.66
6879.916857322,3878,99488.44,96326.87,99486.18,102459.54,99490.4,99499.86,99504.62,99507.77
6879.938098206,3879,99499.55,96341.87,99503.14,102461.72,99492.49,99511.82,99499.57,99507.77
6879.958917523,3880,99503.52,96341.87,99503.14,102464.6,99484.51,99495.88,99502.51,99515.72
6879.979615106,3881,99489.5,96325.85,99494.15,102460.63,99486.41,99490.84,99504.39,99518.66
6879.999277924,3882,99505.36,96333.86,99494.15,102459.54,99473.4,99502.8,99497.46,99512.63
6880.024426358,3883,99507.48,96333.86,99490.16,102461.72,99485.36,99497.99,99513.43,99515.72
6880.043896073,3884,99494.53,96333.86,99500.06,102441.47,99489.35,99487.91,99507.56,99507.77
6880.06431205,3885,99505.36,96335.9,99494.15,102459.54,99485.36,99499.86,99497.46,99515.72
6880.085054651,3886,99514.35,96332.83,99493.12,102451.59,99490.4,99499.86,99505.44,99509.68
6880.106686637,3887,99497.43,96324.83,99506.1,102459.54,99489.35,99503.85,99506.5,99505.71
6880.125983291,3888,99510.39,96317.84,99490.16,102459.54,99478.43,99494.0,99505.44,99515.72
6880.146399108,3889,99493.47,96337.86,99489.13,102460.63,99490.4,99500.92,99516.6,99504.68
6880.167115689,3890,99505.36,96334.88,99488.11,102459.54,99485.36,99499.86,99503.57,99507.77
6880.19121066,3891,99509.33,96324.83,99494.15,102451.59,99486.41,99503.85,99515.31,99515.72
6880.211811717,3892,99515.41,96334.79,99482.2,102464.6,99486.41,99501.74,99497.46,99511.74
6880.232431592,3893,99507.21,96334.88,99490.16,102459.54,99488.31,99493.78,99497.46,99511.74
6880.253080762,3894,99492.41,96342.89,99495.18,102463.51,99490.4,99498.81,99504.62,99516.6
6880.273429337,3895,99498.49,96333.86,99498.13,102459.54,99490.4,99496.93,99508.62,99507.62
6880.293871033,3896,99501.4,96333.86,99486.18,102459.54,99481.37,99491.9,99495.58,99512.63
6880.315376297,3897,99513.29,96333.86,99488.24,102459.54,99481.37,99494.83,99505.44,99514.69
6880.335079175,3898,99503.24,96337.86,99494.15,102465.69,99482.42,99511.82,99507.56,99504.68
6880.359323823,3899,99498.49,96334.88,99495.18,102461.33,99490.4,99503.85,99494.52,99515.72
6880.37987237,3900,99497.43,96331.81,99494.15,102445.83,99482.42,99499.86,99500.39,99506.74
6880.400463472,3901,99514.35,96333.86,99484.12,102463.51,99485.36,99499.86,99505.44,99516.6
6880.420910145,3902,99491.35,96337.86,99490.16,102460.63,99489.35,99487.91,99495.34,99510.71
6880.442172372,3903,99504.3,96333.86,99490.16,102455.56,99482.42,99510.76,99511.55,99517.63
6880.461948982,3904,99498.49,96333.86,99497.1,102459.54,99485.36,99495.88,99496.4,99509.68
6880.482427093,3905,99498.49,96333.86,99500.06,102459.54,99481.37,99499.86,99505.44,99513.66
6880.506805282,3906,99493.47,96333.86,99498.13,102466.39,99490.4,99507.83,99506.5,99508.65
6880.527244254,3907,99505.36,96324.83,99494.15,102463.51,99485.36,99493.78,99504.39,99510.71
6880.547907584,3908,99493.47,96338.88,99494.15,102460.63,99488.31,99497.76,99506.5,99513.66
6880.570272199,3909,99496.37,96337.86,99484.12,102457.36,99481.37,99499.86,99502.51,99513.66
6880.589019982,3910,99497.43,96330.79,99490.16,102459.54,99484.51,99502.8,99505.44,99509.68
6880.609477112,3911,99497.43,96334.88,99497.1,102471.45,99483.27,99502.8,99507.56,99516.6
6880.63007901,3912,99496.37,96330.88,99486.18,102457.74,99485.36,99499.86,99503.57,99511.6
6880.650573015,3913,99497.43,96336.84,99494.15,102457.36,99484.32,99485.81,99506.5,99513.66
6880.675064155,3914,99496.37,96331.81,99497.1,102458.45,99481.37,99495.88,99516.6,99506.74
6880.695237835,3915,99496.37,96327.81,99487.21,102459.54,99480.33,99491.9,99502.51,99513.66
6880.715838912,3916,99497.43,96331.81,99495.18,102461.72,99482.42,99494.83,99507.56,99509.68
6880.737153768,3917,99509.33,96331.81,99482.2,102463.51,99488.31,99495.88,99505.44,99508.65
6880.756926753,3918,99509.33,96326.79,99499.16,102463.51,99485.36,99497.76,99506.5,99511.6
6880.777367928,3919,99497.43,96330.79,99498.13,102457.36,99482.42,99493.78,99505.68,99511.6
6880.800252298,3920,99505.36,96326.87,99496.07,102455.56,99489.35,99499.86,99509.44,99514.69
6880.81850938,3921,99505.36,96330.79,99498.13,102464.6,99481.37,99493.78,99504.39,99521.61
6880.842793396,3922,99497.43,96330.79,99494.15,102459.54,99498.37,99495.88,99497.46,99518.66
6880.863229264,3923,99493.47,96334.79,99484.12,102459.54,99484.32,99493.78,99502.51,99505.71
6880.883865653,3924,99497.43,96332.83,99492.09,102475.43,99488.31,99496.93,99510.49,99509.68
6880.904268791,3925,99497.43,96331.81,99494.15,102457.36,99481.37,99500.69,99500.39,99504.68
6880.925249822,3926,99496.37,96335.82,99498.13,102466.39,99481.37,99498.81,99508.62,99515.57
6880.945443613,3927,99513.29,96330.79,99494.15,102461.72,99492.29,99494.83,99504.39,99512.63
6880.966241428,3928,99505.36,96325.76,99502.11,102459.54,99488.31,99494.83,99496.4,99514.69
6880.986792619,3929,99483.42,96331.81,99489.13,102467.48,99474.44,99499.86,99501.45,99507.77
6881.010781189,3930,99495.31,96335.82,99486.18,102463.51,99472.35,99497.76,99497.46,99511.6
6881.030921019,3931,99489.5,96336.84,99496.07,102459.54,99488.31,99492.72,99505.44,99513.66
6881.051938635,3932,99505.36,96341.87,99485.15,102459.54,99489.35,99495.88,99497.46,99517.63
6881.071944362,3933,99493.19,96338.8,99502.11,102459.54,99480.33,99495.88,99500.39,99513.66
6881.094163696,3934,99497.43,96333.86,99492.09,102460.63,99490.4,99497.76,99505.44,99505.71
6881.113536535,3935,99497.43,96326.79,99490.16,102475.43,99481.37,99494.83,99504.39,99517.63
6881.134220698,3936,99502.18,96331.81,99485.15,102469.66,99481.37,99494.83,99505.44,99513.66
6881.154465676,3937,99494.25,96331.81,99488.11,102460.63,99486.41,99496.93,99511.32,99522.64
6881.178285941,3938,99507.21,96351.83,99493.12,102467.48,99490.4,99494.83,99501.45,99506.74
6881.198927229,3939,99503.24,96331.81,99484.12,102463.51,99478.24,99491.9,99501.45,99521.61
6881.219401134,3940,99498.49,96336.84,99485.15,102467.48,99483.27,99491.9,99501.45,99513.66
6881.23992894,3941,99501.4,96333.77,99492.09,102462.42,99472.35,99497.76,99509.44,99514.69
6881.261198628,3942,99499.28,96337.86,99503.14,102467.48,99488.31,99508.88,99507.32,99511.74
6881.281728927,3943,99489.5,96331.81,99494.15,102463.51,99484.32,99499.86,99504.39,99522.64
6881.302052955,3944,99513.29,96330.79,99506.1,102460.63,99480.33,99494.83,99497.46,99505.71
6881.32292364,3945,99508.27,96340.84,99495.18,102473.25,99494.38,99501.74,99497.46,99516.6
6881.346231931,3946,99495.31,96325.76,99494.15,102453.38,99496.28,99503.85,99508.38,99511.6
6881.368088857,3947,99506.15,96333.86,99486.18,102467.48,99486.22,99503.85,99497.46,99511.6
6881.387339692,3948,99494.25,96326.79,99498.13,102459.54,99488.31,99491.9,99504.39,99507.62
6881.408253842,3949,99507.21,96329.85,99485.15,102459.54,99476.34,99493.78,99497.46,99501.73
6881.42837316,3950,99496.37,96323.8,99494.15,102457.36,99492.29,99497.76,99504.39,99513.66
6881.448947847,3951,99493.19,96335.82,99502.11,102464.6,99486.22,99499.86,99497.46,99519.55
6881.470281052,3952,99495.31,96333.86,99503.14,102455.56,99488.31,99503.85,99497.46,99513.66
6881.490070972,3953,99505.36,96341.87,99490.16,102460.63,99488.31,99494.83,99507.56,99517.63
6881.5142501,3954,99507.21,96337.86,99501.09,102471.45,99488.31,99498.81,99513.43,99519.69
6881.537288853,3955,99495.31,96349.87,99497.1,102465.3,99483.27,99501.97,99489.47,99513.66
6881.555359003,3956,99487.38,96342.89,99494.15,102463.51,99488.31,99495.88,99504.39,99516.6
6881.576010455,3957,99512.23,96333.86,99494.15,102457.36,99488.31,99509.71,99501.45,99512.63
6881.596387233,3958,99505.36,96330.79,99492.09,102458.45,99480.33,99505.73,99504.39,99512.63
6881.617131206,3959,99508.27,96331.81,99492.09,102460.63,99484.32,99493.78,99508.38,99515.72
6881.637536136,3960,99505.36,96338.88,99486.18,102467.48,99483.27,99494.83,99504.39,99513.66
6881.658219758,3961,99501.12,96331.81,99492.09,102459.54,99486.22,99493.78,99494.28,99518.66
6881.682281258,3962,99509.33,96343.82,99497.1,102465.3,99480.33,99491.9,99505.44,99513.66
6881.70303764,3963,99508.27,96332.83,99490.16,102468.57,99488.31,99501.74,99503.33,99514.54
6881.723290901,3964,99501.12,96331.81,99492.09,102461.33,99477.39,99501.74,99498.52,99515.72
6881.744162677,3965,99496.37,96332.83,99500.06,102458.45,99492.29,99503.85,99501.45,99512.63
6881.764537722,3966,99501.4,96334.79,99494.15,102457.36,99484.32,99502.8,99511.32,99514.69
6881.786235357,3967,99487.38,96333.86,99492.09,102459.54,99482.42,99499.86,99493.46,99509.68
6881.805457198,3968,99513.29,96332.83,99485.15,102463.51,99492.29,99493.78,99497.46,99511.6
6881.830077003,3969,99499.28,96335.9,99492.09,102469.27,99488.31,99493.78,99498.52,99510.71
6881.850548333,3970,99503.24,96325.85,99491.19,102467.48,99488.31,99502.8,99499.34,99517.63
6881.87110279,3971,99513.29,96330.79,99494.15,102458.45,99480.33,99497.76,99505.44,99511.6
6881.891341519,3972,99507.21,96331.81,99497.1,102457.36,99486.22,99496.71,99507.56,99521.61
6881.913289783,3973,99489.5,96329.85,99492.09,102457.36,99480.33,99494.83,99504.39,99503.65
6881.932464422,3974,99497.43,96331.81,99491.06,102471.45,99488.31,99500.92,99506.5,99507.62
6881.953130488,3975,99505.36,96331.81,99500.06,102459.54,99480.33,99491.67,99503.33,99513.66
6881.973459102,3976,99513.29,96326.79,99494.15,102467.48,99488.31,99502.8,99504.39,99509.68
6881.99781654,3977,99505.36,96339.82,99492.09,102462.42,99482.23,99497.76,99503.33,99511.6
6882.01828089,3978,99505.36,96329.77,99494.15,102468.57,99486.22,99496.71,99497.46,99515.57
6882.03906228,3979,99493.19,96341.87,99492.09,102467.48,99488.31,99497.76,99505.44,99508.65
6882.059316482,3980,99507.21,96335.82,99493.12,102465.3,99472.35,99498.81,99505.44,99511.6
6882.080793524,3981,99495.31,96335.82,99500.06,102470.36,99488.31,99501.74,99503.33,99511.6
6882.100404904,3982,99503.24,96349.87,99500.06,102465.3,99482.23,99495.65,99509.44,99509.68
6882.121006551,3983,99497.43,96336.84,99498.13,102475.43,99479.28,99493.78,99503.33,99515.57
6882.14148955,3984,99505.36,96331.81,99496.07,102463.51,99491.25,99497.76,99503.33,99515.57
6882.165844283,3985,99507.21,96349.87,99490.16,102475.43,99486.22,99510.76,99504.39,99501.59
6882.186281452,3986,99495.31,96338.88,99497.1,102464.6,99484.32,99494.83,99513.43,99516.6
6882.206878613,3987,99489.5,96339.82,99494.15,102459.54,99482.23,99493.78,99507.56,99509.68
6882.229142495,3988,99503.24,96333.86,99485.15,102465.3,99484.32,99504.67,99504.39,99512.63
6882.247984301,3989,99505.36,96323.8,99492.09,102462.42,99484.32,99483.7,99513.43,99509.68
6882.268602113,3990,99503.24,96341.87,99490.03,102465.3,99483.27,99493.78,99505.44,99520.58
6882.289066994,3991,99496.37,96340.84,99491.06,102460.63,99479.28,99497.76,99499.34,99515.72
6882.309826751,3992,99498.49,96331.81,99498.13,102462.42,99486.22,99494.83,99510.49,99512.63
6882.334222126,3993,99496.37,96337.86,99502.11,102461.33,99480.33,99499.64,99505.44,99506.59
6882.353881158,3994,99504.3,96333.86,99497.1,102462.42,99478.24,99499.64,99514.49,99505.71
6882.374981821,3995,99491.35,96339.82,99492.09,102468.57,99484.32,99493.78,99500.39,99512.63
6882.394954136,3996,99497.43,96330.79,99500.06,102467.48,99487.26,99497.76,99512.37,99521.61
6882.41670345,3997,99503.24,96335.82,99480.14,102457.36,99488.31,99500.69,99504.39,99506.74
6882.437171295,3998,99495.31,96338.88,99500.06,102467.48,99496.28,99501.74,99505.44,99499.67
6882.457878623,3999,99496.37,96341.87,99490.16,102475.43,99482.23,99511.82,99500.39,99503.65
6882.477468991,4000,99501.4,96332.83,99487.08,102467.48,99487.26,99497.76,99510.49,99518.66
6882.504045846,4001,99497.16,96333.86,99493.12,102467.48,99484.32,99501.74,99494.28,99517.63
6882.521866177,4002,99495.31,96333.86,99493.12,102469.27,99478.24,99502.8,99505.44,99503.65
6882.542321133,4003,99494.25,96330.79,99493.12,102461.33,99487.26,99493.78,99499.34,99511.6
6882.563799196,4004,99500.34,96339.82,99500.06,102471.45,99479.28,99493.78,99504.39,99513.66
6882.586234908,4005,99496.37,96337.86,99497.1,102478.31,99487.26,99493.78,99500.39,99517.63
6882.604037823,4006,99495.31,96329.77,99496.07,102473.25,99487.26,99497.76,99507.32,99508.65
6882.625273509,4007,99491.35,96335.82,99493.12,102465.3,99492.29,99500.69,99495.34,99518.52
6882.645772031,4008,99495.31,96331.81,99494.15,102461.33,99471.31,99484.76,99503.33,99521.61
6882.669293675,4009,99496.37,96334.79,99491.06,102456.27,99478.24,99497.76,99489.47,99513.66
6882.691087736,4010,99495.31,96336.84,99488.11,102465.3,99472.35,99483.7,99502.27,99512.63
6882.710371971,4011,99497.43,96335.82,99496.07,102467.48,99488.31,99497.76,99497.46,99505.71
6882.731091788,4012,99503.24,96331.81,99496.07,102467.48,99488.31,99484.76,99503.33,99508.65
6882.751428605,4013,99509.33,96333.77,99493.12,102473.25,99484.32,99500.69,99504.39,99515.57
6882.772552262,4014,99505.36,96336.84,99500.06,102469.27,99486.22,99489.79,99504.15,99511.6
6882.795258302,4015,99500.34,96339.82,99500.06,102473.25,99470.26,99493.78,99507.56,99510.57
6882.813165525,4016,99509.05,96335.82,99499.03,102469.27,99482.23,99493.78,99499.34,99513.66
6882.837277521,4017,99495.31,96337.86,99500.06,102473.25,99487.26,99497.76,99503.57,99511.6
6882.857882975,4018,99497.16,96330.79,99500.06,102485.16,99468.17,99493.78,99509.44,99512.63
6882.878364751,4019,99498.22,96331.81,99488.11,102457.36,99485.17,99497.76,99502.27,99508.65
6882.899229387,4020,99510.11,96329.85,99493.12,102465.3,99492.29,99484.76,99503.33,99508.65
6882.919526865,4021,99501.12,96335.82,99497.1,102473.25,99487.26,99491.67,99504.39,99511.6
6882.940066849,4022,99495.31,96342.8,99495.04,102456.27,99488.31,99501.74,99496.4,99515.57
6882.960530278,4023,99499.28,96334.79,99500.06,102466.39,99476.34,99493.78,99511.32,99501.73
6882.98486424,4024,99495.31,96335.82,99482.06,102471.45,99490.2,99483.7,99507.32,99510.57
6883.005309101,4025,99494.25,96329.77,99488.11,102461.33,99482.23,99500.69,99507.32,99503.65
6883.025967694,4026,99497.16,96331.81,99498.13,102466.39,99486.22,99495.65,99496.4,99516.6
6883.046360176,4027,99493.19,96331.81,99490.16,102455.18,99487.26,99490.62,99508.38,99510.57
6883.067034924,4028,99500.34,96331.81,99487.08,102475.43,99487.26,99496.71,99503.33,99511.6
6883.087467126,4029,99498.22,96326.79,99486.05,102473.25,99480.33,99493.78,99504.39,99509.54
6883.108103416,4030,99503.24,96337.86,99494.15,102465.3,99480.33,99497.76,99495.34,99514.54
6883.128523929,4031,99507.21,96342.8,99492.09,102465.3,99482.23,99489.79,99500.39,99503.65
6883.15304826,4032,99504.3,96337.86,99496.07,102474.34,99472.35,99499.64,99496.4,99504.68
6883.173318106,4033,99491.35,96339.82,99490.03,102474.34,99494.19,99501.74,99507.32,99511.6
6883.193955868,4034,99494.25,96331.81,99491.06,102466.39,99498.18,99493.78,99503.33,99516.6
6883.214621933,4035,99490.29,96335.82,99491.06,102473.25,99486.22,99497.76,99503.33,99512.63
6883.235089178,4036,99497.43,96327.81,99492.09,102475.43,99486.22,99509.71,99501.45,99511.6
6883.255465645,4037,99494.25,96336.84,99491.06,102471.45,99487.26,99493.78,99494.28,99509.54
6883.276076416,4038,99495.31,96339.82,99492.09,102473.25,99490.2,99501.74,99495.34,99512.63
6883.296791205,4039,99505.36,96328.83,99492.09,102465.3,99486.22,99500.69,99503.33,99504.68
6883.32090216,4040,99495.31,96332.83,99492.09,102473.25,99495.24,99493.78,99503.33,99507.62
6883.341290345,4041,99499.28,96337.86,99498.0,102471.45,99483.27,99496.71,99502.27,99507.62
6883.362093528,4042,99491.35,96329.77,99500.06,102472.16,99479.28,99495.65,99495.34,99503.65
6883.38241407,4043,99493.19,96330.79,99496.07,102465.3,99481.18,99504.67,99505.44,99512.63
6883.403717089,4044,99491.35,96338.8,99496.07,102474.34,99486.22,99493.78,99511.32,99507.62
6883.423413387,4045,99495.31,96331.81,99490.03,102469.27,99478.24,99491.67,99502.27,99514.54
6883.444238993,4046,99493.19,96331.81,99487.08,102473.25,99481.18,99504.67,99504.39,99502.62
6883.464576782,4047,99511.17,96335.82,99496.07,102475.43,99486.22,99487.69,99500.39,99513.66
6883.488845786,4048,99494.25,96331.81,99492.09,102473.25,99488.31,99496.71,99501.45,99512.63
6883.509366442,4049,99509.05,96335.82,99494.15,102465.3,99482.23,99493.55,99503.33,99510.57
6883.529901709,4050,99503.24,96338.8,99496.07,102473.25,99490.2,99486.63,99503.33,99511.6
6883.55085601,4051,99493.19,96325.76,99487.08,102465.3,99488.31,99504.67,99495.34,99505.56
6883.571089921,4052,99495.31,96338.8,99483.09,102465.3,99482.23,99500.69,99496.4,99511.6
6883.591432978,4053,99495.31,96331.81,99496.07,102469.27,99487.26,99484.76,99507.32,99507.62
6883.613341342,4054,99505.09,96333.86,99492.09,102469.27,99478.24,99492.72,99501.21,99505.56
6883.63274018,4055,99491.35,96338.8,99493.12,102471.45,99491.25,99503.62,99495.34,99507.62
6883.656867441,4056,99495.31,96331.81,99492.09,102474.34,99488.31,99502.8,99499.57,99508.65
6883.676900889,4057,99507.21,96337.86,99484.12,102464.21,99486.22,99491.67,99513.43,99512.63
6883.69832456,4058,99493.19,96340.84,99492.09,102473.25,99486.22,99494.83,99512.37,99502.62
6883.71798902,4059,99507.21,96333.77,99496.07,102479.4,99475.3,99491.67,99512.37,99514.54
6883.740180502,4060,99499.28,96338.8,99500.06,102473.25,99486.22,99503.62,99499.34,99509.54
6883.759471297,4061,99493.19,96330.79,99491.06,102465.3,99490.2,99490.62,99497.22,99499.67
6883.781194571,4062,99493.19,96338.8,99487.08,102473.25,99483.27,99487.69,99500.39,99510.57
6883.800504275,4063,99493.19,96330.79,99487.08,102475.43,99482.23,99497.76,99495.34,99510.57
6883.824283749,4064,99507.21,96325.76,99492.09,102473.25,99479.28,99495.65,99503.33,99513.66
6883.845273043,4065,99505.09,96331.81,99496.07,102478.31,99478.24,99500.69,99499.34,99507.62
6883.867265815,4066,99506.15,96329.77,99498.0,102472.16,99484.32,99498.58,99508.38,99521.46
6883.886152669,4067,99501.12,96335.82,99496.07,102473.25,99491.25,99503.62,99504.39,99516.46
6883.907170736,4068,99491.35,96331.81,99496.07,102477.22,99492.29,99495.65,99507.32,99506.59
6883.927302483,4069,99503.24,96330.79,99491.06,102481.19,99487.26,99495.65,99503.33,99505.56
6883.948047418,4070,99492.13,96328.75,99495.04,102471.07,99491.25,99496.71,99491.35,99509.54
6883.968700784,4071,99493.19,96330.79,99500.06,102473.25,99480.33,99499.64,99487.36,99511.6
6883.992317882,4072,99505.09,96329.77,99491.06,102478.31,99488.31,99485.81,99505.44,99511.6
6884.013765329,4073,99494.25,96329.77,99493.12,102474.34,99485.17,99492.72,99499.34,99510.57
6884.034463993,4074,99501.12,96339.82,99500.06,102469.27,99491.25,99492.72,99487.36,99519.55
6884.054135104,4075,99501.12,96335.82,99493.12,102477.22,99490.2,99508.66,99495.34,99511.6
6884.074508997,4076,99496.1,96337.78,99496.07,102469.27,99484.12,99495.65,99501.21,99519.55
6884.09499535,4077,99489.23,96331.81,99493.12,102477.22,99484.12,99499.64,99499.34,99513.51
6884.116151857,4078,99495.31,96329.77,99490.03,102465.3,99486.22,99499.64,99507.32,99505.56
6884.136331917,4079,99493.19,96338.8,99500.06,102474.34,99474.25,99500.69,99498.28,99513.66
6884.160307958,4080,99506.15,96337.78,99501.09,102469.27,99486.22,99511.59,99495.34,99506.59
6884.180907182,4081,99499.28,96329.77,99496.07,102481.19,99484.12,99500.69,99508.14,99507.62
6884.201394417,4082,99501.12,96325.76,99492.09,102477.22,99486.22,99499.64,99503.33,99511.6
6884.222070618,4083,99507.21,96331.81,99500.06,102481.19,99488.11,99500.69,99499.34,99514.54
6884.242544091,4084,99501.12,96329.77,99492.09,102477.22,99485.17,99491.67,99509.2,99506.59
6884.263736443,4085,99496.1,96333.77,99492.09,102472.16,99486.22,99499.64,99503.33,99503.65
6884.283529437,4086,99501.12,96328.75,99490.03,102473.25,99494.19,99493.55,99495.34,99501.59
6884.30788386,4087,99492.13,96329.77,99492.09,102475.43,99485.17,99491.67,99511.32,99510.57
6884.329483067,4088,99501.12,96339.82,99492.09,102476.13,99478.24,99497.76,99501.21,99518.52
6884.34980411,4089,99488.17,96333.77,99491.06,102473.25,99485.17,99493.78,99497.46,99507.62
6884.369449302,4090,99499.0,96330.79,99492.09,102473.25,99486.22,99496.71,99498.28,99507.62
6884.389989627,4091,99495.31,96330.79,99488.11,102473.25,99495.24,99499.64,99506.26,99517.49
6884.41040989,4092,99489.23,96349.87,99492.09,102485.16,99478.24,99496.71,99494.28,99501.59
6884.431129596,4093,99493.19,96331.81,99497.1,102472.16,99484.12,99494.6,99500.39,99507.62
6884.451715119,4094,99505.09,96347.83,99488.11,102473.25,99480.14,99491.67,99494.52,99511.6
6884.475861178,4095,99502.97,96331.81,99488.11,102469.27,99487.26,99494.6,99504.39,99502.62
6884.496318277,4096,99503.24,96335.82,99492.09,102473.25,99480.33,99500.69,99511.32,99504.53
6884.516963971,4097,99497.16,96325.76,99491.06,102473.25,99486.22,99483.7,99502.27,99511.6
6884.538043882,4098,99487.11,96340.84,99487.08,102473.25,99476.15,99492.72,99498.28,99503.65
6884.558152404,4099,99501.12,96334.79,99495.04,102483.37,99486.22,99491.67,99507.32,99505.56
6884.580265448,4100,99496.1,96331.81,99482.06,102473.25,99484.12,99501.74,99502.27,99497.61
6884.599159883,4101,99490.29,96342.8,99490.03,102472.16,99485.17,99491.67,99507.32,99513.51
6884.619764706,4102,99497.16,96341.78,99492.09,102480.1,99469.22,99499.64,99493.23,99509.54
6884.643885005,4103,99497.43,96336.84,99487.08,102477.22,99490.2,99497.53,99502.27,99508.51
6884.66434594,4104,99502.18,96330.79,99484.12,102477.22,99486.22,99504.67,99497.22,99510.57
6884.686064737,4105,99497.16,96337.78,99490.03,102480.49,99491.25,99493.78,99499.34,99509.54
6884.705416705,4106,99495.31,96331.81,99490.03,102477.22,99490.2,99507.6,99505.44,99505.56
6884.726012654,4107,99493.19,96337.78,99492.09,102481.19,99492.29,99494.6,99502.27,99511.6
6884.74658682,4108,99497.16,96333.77,99500.06,102482.98,99486.22,99499.64,99504.39,99506.59
6884.767137611,4109,99489.23,96333.77,99499.03,102470.36,99491.25,99501.74,99503.33,99517.49
6884.78756151,4110,99507.99,96333.77,99490.03,102485.16,99476.15,99500.69,99498.28,99509.54
6884.81189349,4111,99502.97,96320.74,99499.03,102487.34,99476.15,99499.64,99503.33,99510.57
6884.833454288,4112,99501.12,96334.79,99496.07,102485.16,99484.12,99498.58,99495.34,99515.57
6884.853036784,4113,99505.09,96329.77,99491.06,102465.3,99487.26,99496.71,99513.19,99514.54
6884.87505906,4114,99492.13,96333.77,99499.03,102473.25,99484.12,99499.64,99498.28,99510.57
6884.894076612,4115,99506.15,96335.82,99485.02,102478.31,99486.22,99498.58,99503.33,99522.49
6884.914666943,4116,99505.09,96339.82,99483.99,102480.1,99485.17,99499.64,99503.33,99527.5
6884.935139315,4117,99501.12,96341.78,99490.03,102473.25,99486.22,99491.67,99503.33,99513.51
6884.955634392,4118,99505.09,96337.78,99489.0,102485.16,99476.15,99499.64,99505.44,99508.51
6884.979889755,4119,99492.13,96337.78,99491.06,102476.13,99475.3,99487.69,99501.21,99513.51
6884.999936403,4120,99489.23,96329.77,99489.0,102479.01,99482.23,99498.58,99501.21,99517.49
6885.020975583,4121,99506.15,96339.82,99490.03,102481.19,99492.1,99491.67,99499.34,99511.6
6885.041019156,4122,99491.07,96334.79,99496.07,102473.25,99484.12,99498.58,99498.28,99511.6
6885.062051395,4123,99492.13,96335.82,99492.09,102476.13,99482.23,99495.65,99493.23,99506.59
6885.082534804,4124,99497.16,96331.81,99498.0,102485.16,99486.22,99491.67,99501.21,99505.56
6885.103416676,4125,99494.25,96331.81,99491.96,102479.4,99485.17,99499.64,99501.21,99500.56
6885.124737481,4126,99505.09,96341.78,99491.06,102472.16,99480.14,99493.55,99503.33,99511.6
6885.14736957,4127,99501.12,96339.82,99490.03,102471.07,99482.23,99491.67,99505.21,99510.57
6885.169097481,4128,99505.09,96335.82,99498.0,102489.14,99484.12,99498.58,99500.16,99509.54
6885.18840397,4129,99488.17,96321.76,99492.09,102489.14,99486.22,99483.7,99503.33,99517.49
6885.21017075,4130,99492.13,96337.78,99489.0,102484.07,99486.22,99503.62,99506.5,99514.54
6885.23068128,4131,99501.91,96337.78,99485.02,102489.14,99484.12,99498.58,99509.2,99501.59
6885.25025352,4132,99494.25,96333.77,99494.02,102481.19,99486.22,99499.64,99494.28,99509.54
6885.27110778,4133,99501.12,96334.79,99487.98,102469.98,99482.23,99489.57,99494.28,99514.54
6885.291098895,4134,99497.16,96329.77,99492.99,102481.19,99490.2,99491.67,99497.22,99509.54
6885.315351774,4135,99499.0,96341.78,99495.04,102488.05,99480.14,99490.62,99499.34,99508.51
6885.335983377,4136,99493.19,96329.77,99492.09,102463.12,99488.11,99490.62,99504.39,99510.57
6885.356434067,4137,99495.31,96329.77,99486.05,102481.19,99497.13,99495.65,99495.34,99517.49
6885.37711197,4138,99503.24,96333.77,99484.12,102473.25,99476.15,99507.6,99501.21,99506.59
6885.397538543,4139,99501.12,96329.77,99494.02,102473.95,99480.14,99496.71,99496.4,99504.53
6885.418129714,4140,99501.12,96333.77,99494.02,102473.25,99484.12,99499.64,99499.1,99501.59
6885.439672776,4141,99483.14,96329.77,99498.0,102477.22,99484.12,99498.58,99496.4,99512.63
6885.459421254,4142,99491.07,96332.75,99494.02,102472.16,99484.12,99499.64,99503.33,99506.59
6885.483322702,4143,99501.12,96334.79,99487.98,102472.16,99478.24,99494.6,99498.28,99513.51
6885.504098663,4144,99507.99,96336.84,99490.03,102481.19,99485.17,99497.53,99503.33,99510.57
6885.524431044,4145,99491.07,96337.78,99488.11,102477.22,99481.18,99497.53,99503.33,99517.49
6885.545078931,4146,99505.09,96327.72,99486.05,102481.19,99482.23,99485.58,99511.32,99510.57
6885.565473265,4147,99499.0,96333.77,99490.03,102481.19,99488.11,99494.6,99495.34,99501.59
6885.587010659,4148,99505.09,96319.72,99495.04,102476.13,99476.15,99499.64,99503.33,99509.54
6885.606679105,4149,99489.23,96337.78,99486.05,102480.1,99484.12,99489.57,99501.21,99512.48
6885.630923442,4150,99504.03,96328.75,99489.0,102488.05,99486.22,99483.7,99485.24,99509.54
6885.651357335,4151,99505.09,96329.77,99486.05,102479.01,99486.22,99488.74,99499.34,99501.59
6885.672072024,4152,99504.03,96337.78,99490.03,102482.98,99495.24,99490.62,99509.44,99514.54
6885.69255359,4153,99499.0,96325.76,99494.02,102489.14,99485.17,99488.51,99501.21,99500.56
6885.713522163,4154,99493.19,96331.73,99492.09,102486.96,99483.08,99494.6,99497.22,99509.54
6885.733495861,4155,99495.04,96330.79,99494.02,102486.96,99484.12,99497.53,99492.17,99519.55
6885.755105183,4156,99495.04,96332.75,99490.03,102482.98,99486.22,99493.55,99500.16,99509.54
6885.774725186,4157,99491.07,96337.78,99489.0,102489.14,99480.14,99491.67,99506.26,99503.5
6885.798931385,4158,99496.1,96344.76,99489.0,102489.14,99488.11,99491.67,99497.22,99509.54
6885.819421995,4159,99489.23,96336.75,99496.97,102488.05,99489.16,99495.65,99502.27,99513.51
6885.841539846,4160,99501.12,96334.79,99491.06,102489.14,99487.07,99493.55,99502.27,99501.59
6885.860532991,4161,99504.03,96341.78,99487.98,102488.05,99484.12,99493.55,99499.34,99515.43
6885.881064542,4162,99504.03,96329.77,99490.03,102486.96,99483.08,99501.52,99498.28,99512.48
6885.901545548,4163,99502.97,96340.76,99490.03,102486.96,99482.23,99491.67,99501.21,99506.59
6885.922525788,4164,99506.93,96337.78,99482.06,102497.78,99485.17,99490.62,99503.33,99519.55
6885.942767632,4165,99491.07,96341.78,99495.04,102489.14,99483.08,99493.55,99492.17,99509.54
6885.966954942,4166,99492.13,96325.68,99499.03,102486.96,99485.17,99498.58,99497.22,99509.54
6885.987400985,4167,99499.0,96327.72,99496.97,102488.05,99479.09,99494.6,99500.16,99517.49
6886.008180571,4168,99500.06,96325.68,99495.04,102488.75,99485.17,99491.67,99501.21,99506.59
6886.028625452,4169,99509.05,96329.77,99498.0,102492.02,99476.15,99489.57,99493.23,99491.58
6886.049318808,4170,99502.97,96327.72,99489.0,102498.87,99485.17,99489.57,99495.34,99497.61
6886.06952619,4171,99491.07,96337.78,99494.02,102488.05,99484.12,99491.67,99498.28,99501.59
6886.090214899,4172,99501.12,96329.77,99483.09,102486.96,99480.14,99489.57,99501.21,99509.54
6886.110590365,4173,99504.03,96327.72,99491.06,102498.87,99490.2,99493.55,99493.23,99513.51
6886.134940412,4174,99484.99,96328.75,99489.0,102486.96,99484.12,99489.57,99492.17,99511.6
6886.155375868,4175,99495.04,96328.75,99490.03,102492.02,99483.08,99503.62,99507.32,99499.53
6886.176745437,4176,99491.07,96332.75,99498.0,102490.93,99483.08,99499.41,99511.32,99507.48
6886.196632935,4177,99493.19,96337.78,99498.0,102494.9,99483.08,99502.57,99500.16,99502.47
6886.217202905,4178,99502.97,96328.75,99490.03,102490.93,99487.07,99499.64,99500.16,99511.6
6886.2374925,4179,99509.05,96331.73,99491.06,102488.75,99486.02,99491.67,99510.26,99503.5
6886.258352769,4180,99499.0,96334.79,99496.97,102505.03,99483.08,99503.62,99492.17,99508.51
6886.279038644,4181,99499.0,96332.75,99490.03,102489.84,99478.24,99492.5,99501.21,99508.51
6886.302917288,4182,99501.91,96328.75,99489.0,102501.76,99488.11,99489.57,99497.22,99508.51
6886.322952099,4183,99506.93,96333.77,99486.05,102488.05,99485.17,99499.64,99501.21,99508.51
6886.344040352,4184,99492.13,96336.75,99498.0,102502.85,99488.11,99489.57,99509.2,99504.53
6886.364088162,4185,99499.0,96328.75,99494.02,102496.69,99484.12,99499.64,99501.21,99506.45
6886.385161323,4186,99504.03,96328.75,99503.91,102489.84,99482.23,99494.6,99496.16,99499.53
6886.405510679,4187,99501.12,96335.73,99487.98,102501.76,99480.99,99488.51,99509.2,99509.54
6886.426149594,4188,99496.1,96337.78,99491.06,102501.76,99471.12,99489.57,99503.33,99507.48
6886.446699052,4189,99501.91,96335.73,99494.02,102501.76,99484.12,99497.53,99499.34,99515.43
6886.470400949,4190,99491.07,96327.72,99490.03,102502.85,99475.1,99492.5,99497.22,99503.5
6886.490962816,4191,99491.07,96324.74,99495.94,102505.73,99473.21,99496.48,99500.16,99494.52
6886.512120134,4192,99500.06,96334.79,99496.07,102498.87,99488.11,99489.57,99497.22,99502.47
6886.532207705,4193,99487.11,96336.75,99486.05,102492.72,99480.14,99493.55,99509.2,99505.56
6886.553291472,4194,99500.06,96325.68,99489.0,102496.69,99474.06,99496.48,99505.21,99510.42
6886.573089343,4195,99509.05,96331.73,99490.03,102505.03,99486.02,99496.48,99505.21,99500.56
6886.595844698,4196,99499.0,96335.73,99494.02,102484.78,99482.03,99505.5,99497.22,99511.45
6886.6143525,4197,99490.01,96328.75,99489.0,102503.94,99478.05,99491.44,99495.1,99499.53
6886.638396243,4198,99492.13,96337.78,99486.05,102488.75,99488.11,99495.43,99501.21,99505.42
6886.65899073,4199,99506.93,96327.72,99498.0,102496.69,99484.12,99497.31,99509.2,99504.53
6886.679460899,4200,99502.97,96340.76,99492.99,102502.85,99484.12,99495.43,99498.28,99498.5
6886.70025678,4201,99490.01,96335.73,99489.0,102488.75,99476.15,99488.51,99502.27,99500.56
6886.720698837,4202,99490.01,96335.73,99499.03,102502.85,99483.08,99493.55,99509.2,99500.56
6886.741408207,4203,99499.0,96331.73,99487.98,102502.85,99485.17,99496.48,99499.1,99507.48
6886.762173102,4204,99499.0,96335.73,99487.98,102491.63,99478.05,99496.48,99505.21,99511.45
6886.784239164,4205,99502.97,96344.76,99491.96,102510.79,99492.1,99490.62,99500.16,99508.51
6886.806384517,4206,99499.0,96327.72,99487.98,102484.78,99485.17,99495.43,99499.1,99503.5
6886.828097365,4207,99499.0,96327.72,99490.03,102484.78,99483.08,99493.55,99507.08,99515.43
6886.847465177,4208,99506.93,96337.78,99504.94,102497.78,99483.08,99497.53,99493.23,99507.48
6886.868112444,4209,99499.0,96330.7,99489.0,102500.67,99483.08,99493.55,99501.21,99507.48
6886.888635202,4210,99507.99,96331.73,99491.96,102506.82,99479.09,99485.58,99492.17,99499.53
6886.909404874,4211,99504.03,96331.73,99494.02,102501.76,99484.12,99493.55,99501.21,99501.59
6886.93025015,4212,99495.04,96337.78,99490.03,102500.67,99476.15,99497.53,99493.23,99500.56
6886.953926418,4213,99495.04,96337.78,99483.99,102500.67,99484.12,99497.53,99493.23,99505.42
6886.974367232,4214,99492.92,96331.73,99496.97,102488.75,99492.1,99487.46,99499.1,99499.53
6886.994979686,4215,99491.07,96336.75,99490.03,102492.72,99482.03,99495.43,99505.21,99500.56
6887.015470877,4216,99506.93,96344.76,99482.06,102497.78,99484.12,99505.5,99500.16,99501.59
6887.036250764,4217,99499.0,96337.78,99489.0,102497.78,99477.19,99490.62,99501.21,99508.51
6887.056714734,4218,99493.98,96339.73,99482.06,102496.69,99480.14,99497.53,99493.23,99504.53
6887.077162889,4219,99505.87,96337.78,99498.0,102488.75,99493.15,99487.46,99495.1,99509.54
6887.09760103,4220,99506.93,96343.74,99496.97,102504.64,99486.02,99495.43,99511.32,99504.39
6887.121944757,4221,99502.97,96342.72,99494.02,102501.76,99482.03,99495.43,99508.14,99507.48
6887.142381155,4222,99490.01,96335.73,99487.98,102500.67,99482.03,99506.55,99503.33,99510.42
6887.164143548,4223,99507.99,96327.72,99492.99,102500.67,99475.1,99499.64,99497.22,99505.42
6887.183613154,4224,99499.0,96328.75,99494.02,102501.76,99483.08,99489.57,99504.15,99509.54
6887.204516838,4225,99502.97,96342.72,99495.94,102501.76,99480.14,99493.32,99512.13,99517.49
6887.2245324,4226,99506.93,96345.78,99494.02,102500.67,99484.12,99487.46,99500.16,99507.48
6887.245573802,4227,99488.95,96332.75,99498.0,102484.78,99476.15,99488.51,99499.1,99507.48
6887.266984584,4228,99505.87,96327.72,99487.98,102500.67,99488.11,99495.43,99499.1,99504.39
6887.289957057,4229,99491.07,96327.72,99498.0,102499.96,99484.12,99492.5,99500.16,99506.45
6887.311648222,4230,99507.99,96331.73,99483.99,102500.67,99475.1,99491.44,99493.23,99491.58
6887.333093877,4231,99491.07,96327.72,99487.98,102496.69,99480.14,99485.58,99499.1,99507.48
6887.35153692,4232,99504.81,96342.72,99498.0,102492.72,99484.12,99497.53,99509.2,99503.5
6887.37237159,4233,99499.0,96347.74,99490.03,102488.75,99484.12,99493.55,99504.15,99502.47
6887.393183145,4234,99514.86,96335.73,99500.06,102504.64,99483.08,99497.53,99507.08,99504.53
6887.413137825,4235,99500.85,96335.73,99498.0,102492.72,99478.05,99489.57,99505.21,99505.42
6887.433656276,4236,99506.93,96325.68,99489.0,102488.75,99483.08,99487.46,99509.2,99497.47
6887.457953063,4237,99500.85,96335.73,99490.03,102500.67,99470.92,99501.52,99509.2,99515.43
6887.478437112,4238,99502.97,96331.73,99498.0,102484.78,99483.08,99496.48,99501.21,99499.53
6887.499066983,4239,99496.88,96335.73,99494.02,102507.52,99488.11,99488.51,99504.15,99503.5
6887.519609151,4240,99496.88,96339.73,99487.98,102499.58,99482.03,99489.57,99507.08,99501.59
6887.540140172,4241,99514.86,96326.7,99494.91,102508.61,99480.14,99499.41,99502.27,99515.43
6887.560561366,4242,99491.07,96336.75,99491.96,102500.67,99482.03,99491.44,99500.16,99495.41
6887.582213142,4243,99502.97,96340.76,99487.98,102494.51,99486.02,99494.37,99492.17,99503.5
6887.601695387,4244,99502.69,96335.73,99489.0,102508.61,99484.12,99498.58,99500.16,99507.48
6887.62595721,4245,99504.03,96331.73,99498.0,102497.78,99491.06,99497.53,99507.08,99499.53
6887.646141026,4246,99506.93,96333.77,99480.01,102499.58,99480.99,99498.58,99500.16,99508.51
6887.667065012,4247,99496.88,96326.7,99494.91,102500.67,99477.0,99492.5,99501.21,99507.48
6887.688077931,4248,99498.73,96334.71,99494.91,102500.67,99476.15,99496.48,99504.15,99503.5
6887.708143198,4249,99496.88,96325.68,99492.99,102499.58,99482.03,99500.46,99505.21,99503.5
6887.72966725,4250,99486.84,96327.72,99495.94,102496.69,99486.02,99492.5,99500.16,99499.53
6887.749280463,4251,99490.01,96335.73,99495.04,102496.69,99475.96,99496.48,99500.16,99503.5
6887.77027165,4252,99497.94,96336.75,99495.94,102499.58,99483.08,99487.46,99508.14,99496.58
6887.79377064,4253,99503.75,96334.71,99480.01,102500.67,99484.12,99496.48,99507.08,99513.37
6887.815083413,4254,99505.87,96326.7,99494.91,102499.58,99483.08,99496.48,99494.05,99500.56
6887.8351556,4255,99502.97,96331.73,99490.03,102500.67,99478.05,99496.48,99495.1,99501.44
6887.855306997,4256,99500.85,96327.72,99490.03,102504.64,99477.0,99489.57,99499.1,99499.53
6887.876182418,4257,99497.94,96343.74,99486.95,102508.61,99480.14,99499.41,99491.11,99503.36
6887.896242097,4258,99505.87,96327.72,99482.96,102496.69,99480.14,99495.43,99505.21,99506.45
6887.918605339,4259,99505.87,96343.74,99480.91,102508.61,99483.08,99497.53,99509.2,99498.5
6887.937188213,4260,99487.89,96333.69,99487.98,102512.58,99482.03,99485.58,99492.17,99497.47
6887.961396035,4261,99496.88,96329.68,99487.08,102508.61,99475.1,99488.51,99493.23,99503.5
6887.982022189,4262,99501.91,96327.72,99487.98,102499.58,99474.06,99494.6,99500.16,99503.5
6888.00247375,4263,99502.69,96325.68,99491.96,102500.67,99471.97,99495.43,99495.1,99509.54
6888.023545208,4264,99503.75,96317.67,99485.92,102500.67,99482.03,99503.39,99505.21,99507.48
6888.044184093,4265,99499.0,96341.69,99485.92,102508.22,99479.94,99491.44,99499.1,99506.45
6888.064212133,4266,99496.88,96337.69,99488.87,102508.61,99487.07,99497.53,99504.15,99507.48
6888.085256119,4267,99490.01,96334.71,99487.98,102488.75,99471.97,99493.32,99496.16,99503.5
6888.108952328,4268,99510.9,96329.68,99485.92,102500.67,99483.08,99495.43,99499.1,99505.42
6888.129448846,4269,99502.97,96342.72,99497.87,102507.52,99478.05,99497.53,99487.12,99494.52
6888.151545535,4270,99507.72,96325.68,99499.93,102500.67,99483.08,99489.57,99496.16,99502.47
6888.170480642,4271,99500.06,96332.75,99493.88,102499.58,99480.99,99495.43,99498.04,99496.58
6888.191555245,4272,99496.88,96322.7,99490.93,102488.75,99480.99,99495.43,99497.22,99506.45
6888.211667403,4273,99501.91,96326.7,99490.93,102498.49,99479.94,99492.5,99492.17,99493.49
6888.23226893,4274,99499.0,96330.7,99495.94,102508.61,99486.02,99485.36,99507.08,99503.5
6888.25337441,4275,99501.91,96318.69,99491.96,102500.67,99479.94,99500.46,99504.15,99501.44
6888.277037848,4276,99505.87,96330.7,99485.92,102487.66,99479.09,99495.43,99503.09,99505.42
6888.297434466,4277,99503.75,96333.69,99482.96,102508.61,99480.99,99484.53,99499.1,99507.48
6888.318166831,4278,99495.04,96337.69,99498.0,102508.61,99487.07,99487.46,99507.08,99491.58
6888.338548136,4279,99492.92,96333.69,99487.98,102507.52,99480.99,99491.44,99507.08,99501.44
6888.359218998,4280,99505.87,96327.72,99491.96,102523.41,99479.94,99496.48,99499.1,99496.58
6888.380050334,4281,99501.91,96333.69,99481.93,102496.31,99478.05,99495.43,99507.08,99495.55
6888.400350345,4282,99514.86,96326.7,99478.98,102500.67,99475.96,99495.43,99505.21,99501.44
6888.420553981,4283,99504.81,96331.64,99487.98,102508.61,99482.03,99492.5,99490.05,99493.49
6888.4450511,4284,99512.74,96335.73,99490.93,102496.31,99478.9,99495.43,99500.98,99491.43
6888.466623536,4285,99496.88,96326.7,99489.9,102515.46,99475.96,99493.55,99496.98,99498.5
6888.486056286,4286,99495.82,96337.69,99493.88,102508.61,99484.12,99492.5,99495.1,99505.42
6888.506552664,4287,99503.75,96329.68,99486.95,102498.49,99480.99,99491.44,99503.09,99494.52
6888.527268825,4288,99504.81,96333.69,99487.98,102499.58,99479.94,99495.43,99491.11,99500.56
6888.547819746,4289,99496.88,96341.69,99487.98,102515.46,99466.08,99488.51,99494.05,99513.37
6888.568330647,4290,99494.76,96327.72,99491.96,102516.17,99477.0,99490.39,99490.05,99505.42
6888.590345572,4291,99491.86,96335.73,99493.88,102479.33,99482.03,99499.41,99498.04,99499.53
6888.614049431,4292,99490.01,96337.69,99480.01,102492.33,99480.99,99504.45,99499.1,99497.47
6888.633427809,4293,99501.91,96329.68,99486.95,102499.58,99475.1,99485.58,99499.1,99496.44
6888.654149508,4294,99505.87,96325.68,99486.95,102496.69,99479.94,99489.57,99495.1,99506.45
6888.674498444,4295,99495.82,96329.68,99493.88,102510.01,99478.05,99487.46,99499.1,99506.45
6888.695133752,4296,99488.95,96334.71,99486.95,102499.58,99483.93,99491.44,99501.21,99501.44
6888.715571633,4297,99494.76,96325.68,99493.88,102499.58,99482.03,99494.37,99492.17,99501.59
6888.736273031,4298,99490.01,96332.66,99495.94,102508.61,99478.05,99486.41,99507.08,99502.47
6888.756575596,4299,99487.89,96327.72,99486.95,102498.49,99475.96,99496.48,99493.23,99499.53
6888.782059238,4300,99513.8,96338.71,99490.93,102496.31,99480.99,99497.53,99499.1,99511.45
6888.801503876,4301,99487.89,96331.73,99486.95,102497.4,99482.03,99487.46,99501.21,99494.52
6888.823023211,4302,99486.84,96327.72,99490.03,102505.34,99479.94,99499.41,99495.1,99497.47
6888.842496763,4303,99499.0,96333.69,99490.93,102548.33,99482.03,99488.51,99498.04,99505.42
6888.863115166,4304,99500.85,96341.69,99490.03,102509.31,99475.96,99496.48,99499.1,99502.47
6888.88358211,4305,99487.89,96333.69,99495.94,102500.28,99490.01,99493.55,99504.15,99505.42
6888.904171609,4306,99495.82,96326.7,99480.91,102505.34,99473.01,99493.32,99505.21,99502.47
6888.924637341,4307,99499.79,96329.68,99487.98,102497.4,99486.02,99491.44,99498.04,99505.42
6888.948999516,4308,99488.95,96333.69,99495.94,102505.34,99488.96,99485.36,99502.03,99499.53
6888.969042359,4309,99501.91,96335.73,99486.95,102498.49,99486.02,99487.46,99495.1,99487.46
6888.990190724,4310,99499.0,96334.71,99498.9,102499.58,99479.94,99491.44,99496.98,99510.42
6889.010931572,4311,99494.76,96325.68,99486.95,102506.43,99484.12,99491.44,99490.05,99514.4
6889.031542313,4312,99487.89,96329.68,99493.88,102503.55,99486.02,99495.43,99503.09,99497.47
6889.051579177,4313,99496.88,96334.71,99490.93,102499.58,99479.94,99496.48,99496.16,99505.42
6889.072293765,4314,99498.73,96335.73,99487.98,102507.52,99482.03,99487.46,99499.1,99505.42
6889.092740649,4315,99506.93,96341.69,99489.9,102531.35,99483.93,99494.37,99507.08,99507.48
6889.117043915,4316,99494.76,96342.72,99481.93,102531.35,99482.03,99497.53,99495.1,99501.44
6889.137026277,4317,99490.01,96334.71,99481.04,102494.13,99478.05,99495.43,99492.17,99506.45
6889.158499031,4318,99503.75,96327.72,99493.88,102498.49,99477.85,99499.41,99501.21,99507.48
6889.178170473,4319,99490.01,96333.69,99486.95,102488.75,99478.9,99493.32,99499.1,99501.44
6889.199330855,4320,99504.81,96329.68,99485.92,102508.22,99486.02,99487.46,99499.1,99505.42
6889.219108276,4321,99504.81,96327.72,99486.95,102496.31,99479.94,99495.43,99499.1,99505.42
6889.240393658,4322,99500.85,96329.68,99478.98,102497.4,99471.97,99495.43,99499.1,99495.55
6889.260592266,4323,99496.88,96341.69,99494.91,102495.22,99476.81,99489.57,99503.09,99504.39
6889.286082077,4324,99490.8,96337.69,99483.86,102504.25,99475.96,99486.41,99499.1,99505.42
6889.305066939,4325,99497.94,96343.74,99484.89,102513.28,99479.94,99495.43,99502.03,99493.49
6889.325497168,4326,99488.95,96335.73,99485.92,102496.31,99480.99,99487.46,99498.04,99490.55
6889.346100478,4327,99502.69,96326.7,99484.89,102524.11,99474.06,99495.43,99500.16,99509.39
6889.366612721,4328,99502.69,96337.69,99492.86,102535.33,99479.94,99493.32,99489.0,99506.45
6889.388180469,4329,99503.75,96333.69,99487.98,102520.14,99478.9,99489.34,99501.21,99497.47
6889.408689838,4330,99490.01,96329.68,99476.92,102497.4,99473.01,99490.39,99490.05,99496.44
6889.432018089,4331,99499.79,96331.64,99485.92,102512.19,99477.0,99490.39,99506.03,99496.44
6889.452459424,4332,99497.94,96336.67,99486.95,102508.22,99479.94,99493.32,99492.99,99497.47
6889.474118211,4333,99495.82,96341.69,99486.95,102488.36,99474.91,99491.44,99499.1,99499.53
6889.493509779,4334,99484.72,96336.67,99485.92,102512.19,99482.03,99495.43,99502.03,99497.47
6889.515148795,4335,99501.91,96339.73,99490.93,102505.34,99479.94,99503.39,99491.11,99497.47
6889.534605011,4336,99491.86,96328.66,99487.98,102500.28,99479.94,99484.3,99500.98,99501.44
6889.555275252,4337,99504.81,96337.69,99494.91,102528.08,99474.91,99493.32,99499.1,99499.38
6889.575755706,4338,99487.89,96329.68,99477.95,102523.41,99475.96,99499.41,99498.04,99495.41
6889.599998461,4339,99503.75,96327.72,99484.89,102504.25,99478.9,99495.43,99504.97,99496.44
6889.620439997,4340,99505.87,96334.71,99486.95,102512.19,99480.99,99498.36,99494.05,99497.47
6889.641545266,4341,99502.69,96329.68,99486.95,102518.35,99475.96,99496.48,99502.03,99495.41
6889.662065821,4342,99498.73,96326.7,99490.93,102521.93,99474.91,99491.44,99498.04,99501.44
6889.68246998,4343,99487.89,96357.71,99487.98,102490.54,99475.96,99489.34,99498.04,99493.49
6889.703117047,4344,99502.69,96428.75,99496.97,102511.49,99480.99,99498.36,99495.1,99499.38
6889.723708779,4345,99494.76,96328.66,99498.9,102512.19,99479.94,99494.37,99500.98,99495.41
6889.743814858,4346,99511.68,96341.69,99494.91,102546.15,99474.91,99491.44,99499.1,99497.47
6889.768015439,4347,99503.75,96341.69,99488.87,102531.35,99482.89,99499.41,99496.98,99509.39
6889.7884606,4348,99502.69,96349.7,99491.96,102516.55,99479.94,99493.32,99502.03,99504.39
6889.80913692,4349,99499.79,96340.67,99495.94,102532.05,99478.9,99491.44,99492.99,99513.37
6889.829528029,4350,99496.88,96324.66,99489.0,102529.17,99474.91,99501.29,99502.03,99493.49
6889.850155256,4351,99508.78,96341.69,99487.98,102521.23,99476.81,99495.43,99496.98,99501.44
6889.870691745,4352,99503.75,96341.69,99485.92,102512.19,99480.99,99495.43,99498.04,99497.47
6889.89119239,4353,99505.87,96329.68,99495.94,102516.17,99479.94,99499.41,99503.09,99491.43
6889.912229106,4354,99511.68,96335.73,99503.91,102528.08,99479.94,99493.32,99498.04,99505.42
6889.937064376,4355,99504.81,96389.74,99485.92,102543.97,99479.94,99490.39,99499.1,99508.36
6889.956481533,4356,99484.99,96575.86,99487.98,102571.78,99480.99,99491.44,99496.98,99505.42
6889.977077852,4357,99502.69,96505.84,99492.86,102571.78,99475.96,99495.43,99498.04,99507.48
6889.997776868,4358,99493.7,96531.82,99490.93,102564.92,99473.87,99494.37,99507.08,99499.38
6890.018674162,4359,99506.66,96506.87,99481.93,102567.8,99487.92,99483.48,99499.1,99502.33
6890.03900441,4360,99494.76,96516.83,99485.92,102555.89,99474.91,99494.37,99502.03,99495.41
6890.059440557,4361,99504.81,96495.79,99487.98,102567.8,99473.87,99495.43,99508.96,99498.35
6890.079597983,4362,99487.89,96493.83,99498.9,102559.86,99478.9,99493.32,99496.98,99501.44
6890.104043043,4363,99480.75,96489.83,99495.94,102559.86,99492.95,99493.32,99496.98,99498.5
6890.124494494,4364,99490.8,96485.82,99489.9,102559.86,99469.88,99493.32,99510.02,99505.42
6890.146134863,4365,99508.78,96501.84,99477.95,102560.95,99479.94,99492.5,99500.98,99503.36
6890.165540221,4366,99498.73,96501.84,99485.92,102557.68,99483.93,99491.44,99496.98,99495.41
6890.186168709,4367,99503.75,96526.89,99489.9,102558.77,99480.99,99493.32,99496.98,99503.36
6890.206656775,4368,99509.84,96750.08,99493.88,102627.39,99479.94,99492.27,99502.03,99507.33
6890.230123587,4369,99502.69,96884.16,99489.9,102663.14,99487.92,99503.39,99507.08,99496.44
6890.247742263,4370,99504.81,96854.18,99494.91,102649.04,99479.94,99489.34,99508.96,99500.41
6890.272047902,4371,99502.69,96854.18,99487.84,102650.13,99477.85,99497.31,99499.1,99504.39
6890.292153971,4372,99486.84,96835.19,99485.92,102643.28,99481.84,99494.37,99494.05,99495.41
6890.313145177,4373,99498.73,96837.14,99484.89,102638.21,99477.85,99492.27,99494.05,99496.44
6890.333590318,4374,99502.69,96830.16,99495.94,102631.36,99488.96,99494.37,99487.94,99505.42
6890.35419427,4375,99483.93,96846.17,99486.95,102643.28,99477.85,99485.36,99503.09,99495.41
6890.374635765,4376,99500.57,96845.15,99493.88,102640.4,99466.94,99498.36,99499.1,99495.41
6890.396243394,4377,99494.76,96846.17,99497.87,102650.52,99469.88,99497.31,99496.98,99497.47
6890.415849266,4378,99506.66,96836.22,99499.79,102638.21,99490.01,99493.32,99507.08,99504.39
6890.439457661,4379,99495.82,96838.16,99484.89,102635.33,99476.81,99490.39,99504.97,99497.47
6890.460552365,4380,99506.66,96846.17,99495.94,102639.3,99476.81,99489.34,99507.08,99503.36
6890.481148133,4381,99500.57,97190.53,99486.95,102759.57,99477.85,99501.29,99499.1,99503.36
6890.501181662,4382,99503.75,97485.82,99495.94,102830.67,99485.83,99497.31,99496.98,99499.38
6890.522259751,4383,99493.7,97454.82,99495.94,102815.18,99482.89,99497.31,99506.03,99503.36
6890.542177364,4384,99502.69,97430.79,99493.88,102799.98,99479.94,99493.32,99498.86,99505.42
6890.563212968,4385,99502.69,97429.76,99489.9,102802.17,99483.93,99497.31,99499.1,99503.36
6890.583679661,4386,99494.76,97421.75,99485.92,102810.11,99483.93,99487.46,99496.98,99496.44
6890.60755467,4387,99502.69,97414.77,99493.88,102802.17,99478.9,99492.27,99499.1,99503.36
6890.628299113,4388,99498.73,97404.7,99485.92,102798.2,99477.85,99495.2,99496.98,99498.35
6890.649521971,4389,99498.73,97406.76,99485.92,102798.2,99480.8,99498.36,99510.02,99503.36
6890.6701312,4390,99502.69,97393.72,99489.9,102782.31,99479.94,99502.34,99496.98,99494.38
6890.690138449,4391,99492.64,97384.68,99489.9,102784.09,99481.84,99493.32,99496.98,99500.41
6890.711178479,4392,99502.69,97392.69,99492.86,102785.19,99476.81,99499.41,99500.98,99503.36
6890.731238999,4393,99505.6,97488.79,99495.94,102790.25,99480.99,99484.3,99504.97,99494.38
6890.75503035,4394,99502.69,98179.68,99501.85,103074.08,99479.94,99492.27,99512.95,99503.36
6890.775493409,4395,99494.76,98655.26,99484.89,103171.62,99478.9,99493.32,99506.03,99496.44
6890.79611105,4396,99497.67,98539.11,99487.98,103131.89,99480.8,99495.43,99489.0,99506.3
6890.816795754,4397,99487.89,98500.1,99493.88,103121.75,99470.92,99489.34,99494.05,99504.39
6890.837127303,4398,99493.7,98469.97,99485.92,103099.01,99477.85,99493.32,99502.03,99490.4
6890.860234701,4399,99502.69,98472.06,99484.89,103104.08,99476.81,99492.27,99498.04,99496.44
6890.878162494,4400,99503.75,98449.95,99485.92,103088.88,99466.94,99489.34,99494.87,99495.41
6890.898750121,4401,99498.73,98445.94,99486.95,103088.19,99477.85,99487.46,99503.09,99493.49
6890.923995161,4402,99502.69,98426.96,99489.9,103074.08,99478.9,99499.18,99503.09,99503.36
6890.943509424,4403,99498.73,98434.97,99485.92,103087.09,99473.01,99498.36,99499.1,99499.38
6890.964124542,4404,99501.63,98406.93,99489.9,103086.0,99473.87,99495.43,99498.04,99495.41
6890.98464008,4405,99502.69,98409.89,99485.92,103082.03,99478.9,99499.41,99495.92,99494.38
6891.005180706,4406,99502.69,98410.94,99493.88,103082.03,99474.91,99495.43,99498.04,99504.39
6891.025772478,4407,99500.57,98411.98,99489.9,103080.25,99478.9,99487.23,99494.05,99499.38
6891.046608581,4408,99498.73,98411.98,99490.93,103074.08,99483.74,99501.29,99503.91,99501.3
6891.067359665,4409,99502.69,98393.87,99485.92,103070.11,99479.94,99488.29,99500.98,99499.38
6891.091048832,4410,99498.73,98397.88,99489.9,103067.23,99475.96,99486.41,99503.09,99495.41
6891.113195586,4411,99502.69,98437.93,99495.94,103062.16,99478.9,99491.22,99496.98,99510.28
6891.132238256,4412,99502.69,99173.03,99483.86,103409.99,99479.94,99491.22,99507.08,99504.39
6891.152545238,4413,99510.62,99909.11,99483.86,103542.87,99479.94,99497.31,99510.02,99495.41
6891.173485649,4414,99497.67,99775.84,99494.91,103501.36,99471.97,99502.34,99504.97,99498.35
6891.193781073,4415,99493.7,99742.95,99488.87,103470.25,99473.87,99501.06,99502.03,99492.46
6891.214236219,4416,99497.67,99728.82,99493.88,103479.3,99488.96,99496.25,99502.85,99495.41
6891.234697665,4417,99498.73,99701.62,99486.95,103465.61,99469.88,99493.32,99507.08,99508.36
6891.259077467,4418,99502.69,99695.72,99481.8,103438.47,99476.81,99487.23,99504.97,99505.27
6891.279560345,4419,99490.8,99687.71,99491.83,103421.91,99476.81,99493.32,99492.99,99495.41
6891.300211998,4420,99495.82,99666.62,99486.95,103425.88,99482.89,99492.27,99502.03,99494.38
6891.320608476,4421,99502.69,99661.56,99493.88,103424.78,99479.75,99483.25,99496.98,99499.38
6891.341884774,4422,99495.82,99644.69,99483.86,103415.73,99483.93,99492.27,99492.99,99485.4
6891.36193024,4423,99497.67,99640.69,99480.91,103415.73,99475.76,99495.2,99496.98,99499.38
6891.382464716,4424,99496.61,99627.61,99488.87,103405.59,99468.83,99495.2,99495.92,99503.36
6891.403300859,4425,99502.69,99607.58,99497.87,103407.79,99481.84,99482.42,99499.1,99495.41
6891.428064752,4426,99482.87,99615.6,99483.86,103411.76,99484.78,99501.29,99499.92,99501.3
6891.447551082,4427,99490.8,99607.58,99494.91,103415.73,99475.76,99487.23,99500.98,99493.35
6891.46829141,4428,99502.69,99591.56,99487.84,103403.82,99482.89,99491.22,99500.98,99502.33
6891.488673416,4429,99501.63,99543.49,99493.88,103402.04,99485.83,99492.27,99500.98,99497.32
6891.51004649,4430,99500.57,99529.57,99492.86,103398.74,99476.81,99487.23,99504.97,99492.46
6891.529683809,4431,99504.54,99569.63,99489.9,103461.21,99477.85,99492.27,99502.03,99501.3
6891.550328362,4432,99504.54,99595.56,99488.87,103553.69,99476.81,99497.31,99500.98,99511.31
6891.570748435,4433,99499.51,99612.64,99484.89,103569.58,99477.85,99497.31,99500.98,99499.38
6891.595111902,4434,99498.45,99687.71,99493.88,103620.13,99476.81,99492.27,99499.92,99511.31
6891.615104899,4435,99498.73,99736.84,99477.95,103673.98,99480.8,99491.22,99496.98,99494.38
6891.636168436,4436,99494.76,99755.81,99489.9,103699.59,99485.83,99494.37,99503.91,99503.36
6891.656566906,4437,99488.68,99771.84,99493.88,103724.53,99481.84,99487.23,99504.97,99490.4
6891.67729139,4438,99496.61,99775.84,99490.93,103733.57,99477.85,99500.24,99503.91,99506.3
6891.700151273,4439,99496.61,99775.84,99484.89,103719.45,99485.83,99493.32,99506.03,99495.41
6891.719056385,4440,99498.73,99804.94,99491.83,103735.78,99481.84,99484.3,99489.0,99503.36
6891.739718414,4441,99495.55,99811.9,99484.89,103748.36,99479.94,99487.23,99496.98,99495.41
6891.762798089,4442,99500.57,99858.08,99503.91,103814.8,99473.87,99487.23,99496.98,99498.35
6891.783119142,4443,99510.62,100204.53,99480.91,104013.47,99473.87,99487.46,99500.98,99502.33
6891.804181157,4444,99501.63,101147.24,99485.92,104260.27,99483.74,99484.3,99500.98,99503.36
6891.824250259,4445,99502.69,101117.06,99484.89,104308.61,99476.81,99503.17,99498.04,99503.36
6891.84525711,4446,99500.57,101146.18,99485.92,104336.42,99476.81,99493.32,99512.95,99503.36
6891.865249586,4447,99508.5,101206.29,99494.91,104402.22,99475.76,99491.22,99496.98,99491.43
6891.887246534,4448,99496.61,101234.34,99492.86,104435.77,99476.81,99486.18,99502.85,99491.29
6891.910099006,4449,99501.63,101282.43,99490.93,104472.64,99477.85,99493.32,99499.92,99498.35
6891.932633837,4450,99494.76,101310.48,99485.92,104494.26,99479.94,99499.18,99496.98,99499.38
6891.951137131,4451,99511.68,101330.52,99492.86,104512.38,99472.82,99490.16,99503.91,99503.36
6891.971594711,4452,99509.56,101362.58,99493.88,104529.38,99480.8,99497.31,99492.99,99494.38
6891.992231312,4453,99494.76,101409.6,99484.89,104585.66,99477.85,99495.2,99504.97,99503.36
6892.013127726,4454,99502.69,101476.66,99483.86,104661.16,99476.81,99493.32,99498.04,99503.36
6892.033339764,4455,99497.67,101589.94,99493.88,104753.04,99482.89,99487.23,99502.03,99509.25
6892.05429038,4456,99506.66,101685.05,99487.84,104821.23,99484.78,99500.24,99494.05,99504.39
6892.078322035,4457,99494.76,101787.4,99501.85,104896.74,99484.78,99489.11,99495.92,99503.36
6892.098530007,4458,99496.61,101857.69,99483.86,104972.25,99480.8,99497.31,99498.04,99511.31
6892.119177614,4459,99500.57,101941.56,99476.92,105026.15,99476.81,99495.2,99499.92,99503.36
6892.140041639,4460,99496.61,101983.79,99493.88,105031.87,99479.75,99489.34,99502.85,99499.38
6892.160256662,4461,99499.51,102015.86,99492.86,105047.76,99477.85,99492.27,99504.97,99511.31
6892.180662354,4462,99500.57,102041.76,99492.86,105058.57,99481.84,99483.25,99498.04,99504.24
6892.20119732,4463,99502.69,102100.03,99487.84,105082.42,99482.69,99489.34,99512.95,99499.24
6892.221914403,4464,99496.61,102167.39,99501.85,105131.22,99480.8,99487.23,99496.98,99497.32
6892.246059229,4465,99508.5,102247.25,99485.92,105169.85,99478.71,99501.29,99496.98,99502.33
6892.268279194,4466,99502.69,102324.49,99493.88,105203.88,99486.87,99489.34,99494.87,99503.36
6892.287179629,4467,99500.57,102411.59,99493.88,105269.21,99485.83,99495.2,99496.98,99502.33
6892.307691741,4468,99498.73,102507.8,99491.83,105329.95,99492.76,99496.25,99499.92,99506.3
6892.328264926,4469,99498.73,102620.03,99485.92,105364.6,99475.76,99488.29,99500.98,99511.31
6892.349268181,4470,99495.55,102700.21,99494.91,105394.66,99479.75,99494.37,99496.98,99499.24
6892.369304865,4471,99502.69,102732.28,99487.98,105401.49,99481.84,99495.2,99489.0,99511.31
6892.389742344,4472,99502.69,102775.29,99492.86,105424.22,99479.75,99487.23,99491.93,99507.33
6892.415053495,4473,99500.57,102801.51,99485.92,105424.22,99484.78,99492.27,99498.04,99506.3
6892.435186293,4474,99492.64,102857.63,99499.79,105445.21,99483.74,99491.22,99506.85,99504.24
6892.45515221,4475,99484.72,102924.7,99488.87,105503.71,99480.8,99490.16,99506.03,99502.33
6892.476400025,4476,99496.61,103005.96,99488.87,105584.32,99485.83,99484.3,99506.03,99506.3
6892.496232729,4477,99505.6,103134.25,99499.79,105671.77,99475.76,99490.16,99496.98,99501.3
6892.516680484,4478,99500.57,103242.49,99491.83,105744.44,99475.76,99492.27,99498.86,99504.24
6892.53726779,4479,99500.57,103349.65,99484.89,105796.72,99481.84,99500.24,99496.98,99515.28
6892.558004713,4480,99500.57,103421.82,99488.87,105845.54,99475.76,99499.18,99503.91,99510.28
6892.582084701,4481,99490.53,103476.85,99495.81,105837.59,99483.74,99491.22,99511.9,99501.3
6892.602540688,4482,99492.64,103543.19,99488.87,105878.47,99483.74,99490.16,99495.92,99502.33
6892.62456609,4483,99500.57,103582.19,99486.82,105881.32,99475.76,99500.24,99494.87,99495.41
6892.645147537,4484,99502.69,103621.19,99491.83,105876.22,99480.8,99482.2,99503.91,99506.3
6892.664346944,4485,99488.68,103679.51,99484.89,105917.09,99485.83,99485.36,99501.8,99501.15
6892.685627759,4486,99491.59,103767.72,99491.83,105966.52,99483.74,99492.27,99500.98,99512.19
6892.706295166,4487,99484.72,103858.84,99492.86,106061.32,99483.74,99494.37,99502.85,99500.27
6892.726121862,4488,99503.48,103984.24,99484.89,106131.75,99485.83,99485.36,99494.87,99499.24
6892.750141669,4489,99496.61,104118.38,99491.83,106199.33,99481.65,99491.22,99501.8,99507.33
6892.770721263,4490,99500.57,104223.73,99475.89,106270.88,99483.74,99485.36,99499.92,99507.33
6892.791214447,4491,99500.57,104902.57,99492.86,106509.41,99488.77,99499.18,99500.74,99511.31
6892.812915938,4492,99488.68,105291.6,99491.83,106577.0,99480.8,99487.23,99490.87,99507.18
6892.832229057,4493,99500.57,105239.46,99491.83,106517.36,99479.75,99500.24,99503.91,99495.41
6892.852689031,4494,99500.57,105225.21,99492.86,106504.31,99483.74,99484.3,99503.91,99510.28
6892.873247443,4495,99492.64,105242.37,99500.82,106497.48,99475.76,99489.11,99494.87,99510.28
6892.893760347,4496,99496.61,105291.6,99488.87,106525.31,99485.83,99495.2,99495.92,99502.33
6892.918095351,4497,99500.57,105329.5,99495.81,106580.97,99484.78,99492.27,99498.86,99502.33
6892.938148238,4498,99499.51,105403.48,99493.88,106658.77,99478.71,99481.15,99502.85,99501.3
6892.959151484,4499,99500.57,105505.98,99491.83,106742.85,99483.74,99488.29,99495.92,99506.3
6892.979754574,4500,99488.68,105604.46,99491.83,106819.52,99483.74,99499.18,99501.8,99511.31
6893.000253766,4501,99499.51,105683.58,99483.86,106879.15,99483.74,99486.18,99501.8,99499.24
6893.020862615,4502,99499.51,105747.75,99491.83,106895.06,99475.76,99491.22,99490.87,99502.33
6893.041271731,4503,99500.57,105803.91,99481.93,106901.88,99481.84,99501.29,99495.92,99501.3
6893.06507408,4504,99508.5,105830.88,99493.88,106918.91,99483.74,99483.25,99498.86,99506.3
6893.085523507,4505,99500.57,105876.12,99489.9,106918.91,99487.73,99486.18,99503.91,99503.36
6893.106255723,4506,99499.51,105899.07,99491.83,106933.69,99483.74,99493.09,99494.87,99507.33
6893.127195953,4507,99478.63,105963.25,99492.86,106993.32,99483.74,99486.18,99494.87,99503.21
6893.147225495,4508,99510.62,106064.65,99492.86,107072.84,99483.74,99488.29,99511.9,99503.36
6893.168285756,4509,99500.57,106191.91,99479.88,107149.53,99483.74,99486.18,99497.8,99502.33
6893.188770638,4510,99499.51,106332.31,99490.8,107217.12,99471.78,99482.2,99494.87,99496.29
6893.209401349,4511,99496.61,106432.61,99492.86,107279.6,99482.69,99491.22,99510.84,99510.28
6893.233100922,4512,99495.55,106527.12,99492.86,107306.3,99479.75,99497.08,99489.82,99505.27
6893.253533725,4513,99499.51,106622.29,99479.88,107324.48,99483.74,99498.13,99495.92,99498.2
6893.274466844,4514,99496.33,106689.37,99483.86,107346.06,99483.74,99502.11,99496.98,99503.21
6893.294666744,4515,99500.57,106762.71,99480.91,107344.36,99471.78,99489.11,99502.85,99495.26
6893.315335754,4516,99494.49,106813.75,99491.83,107355.15,99485.83,99486.18,99500.74,99499.24
6893.336684812,4517,99503.48,106893.99,99493.88,107405.71,99475.76,99500.24,99501.8,99493.35
6893.356305205,4518,99498.45,106978.25,99495.81,107435.82,99483.74,99488.29,99503.91,99500.27
6893.377282101,4519,99497.67,107134.73,99483.86,107574.41,99483.74,99499.18,99502.85,99511.31
6893.402450555,4520,99496.61,108240.02,99487.84,108159.59,99481.65,99500.24,99497.8,99508.21
6893.422877148,4521,99501.63,108679.77,99497.87,108477.77,99486.68,99486.18,99494.87,99513.22
6893.442232761,4522,99511.41,108594.89,99500.82,108381.16,99483.74,99498.13,99498.86,99507.18
6893.462764954,4523,99498.45,108658.56,99503.78,108422.08,99473.67,99494.15,99501.8,99511.31
6893.483492903,4524,99498.45,108711.29,99487.84,108407.86,99484.78,99491.22,99494.87,99509.25
6893.503699173,4525,99502.42,108756.04,99496.84,108376.04,99480.8,99489.11,99495.92,99509.25
6893.524351828,4526,99495.55,108792.16,99482.83,108406.17,99479.75,99491.22,99510.84,99499.24
6893.544845702,4527,99500.57,108850.64,99491.83,108443.65,99481.84,99487.23,99490.87,99500.27
6893.569128938,4528,99503.48,108904.55,99491.83,108467.52,99479.75,99484.3,99495.92,99508.21
6893.589600359,4529,99501.63,108983.11,99495.81,108540.26,99479.75,99487.23,99503.91,99505.27
6893.610205983,4530,99506.38,109085.18,99483.86,108625.46,99487.73,99490.16,99498.86,99504.24
6893.630797345,4531,99498.73,109182.67,99487.84,108708.46,99485.64,99498.13,99502.85,99509.25
6893.651280564,4532,99498.45,109318.01,99488.87,108745.94,99486.68,99503.17,99498.86,99508.21
6893.67182856,4533,99504.54,109390.27,99491.83,108788.01,99482.69,99491.22,99500.98,99503.21
6893.692292259,4534,99499.51,109446.47,99491.83,108826.64,99487.73,99494.15,99498.86,99500.27
6893.712735978,4535,99494.49,109503.83,99484.89,108835.75,99483.74,99486.18,99495.92,99500.27
6893.737133637,4536,99490.53,109534.79,99485.92,108867.57,99467.79,99475.28,99490.87,99492.32
6893.757562223,4537,99491.59,109591.0,99475.89,108899.39,99483.74,99483.25,99501.8,99508.21
6893.77814359,4538,99502.42,109676.46,99491.83,108952.77,99482.69,99493.32,99503.91,99503.36
6893.798979232,4539,99500.57,109751.58,99477.95,109025.53,99491.71,99499.18,99502.85,99511.16
6893.819368839,4540,99500.57,109865.15,99489.9,109103.93,99476.62,99486.18,99501.8,99510.28
6893.839757214,4541,99508.5,109976.42,99487.84,109192.6,99479.75,99495.2,99502.85,99500.27
6893.860425973,4542,99492.64,110068.76,99485.92,109278.96,99479.75,99487.23,99494.87,99507.18
6893.880766376,4543,99487.62,110462.25,99483.86,109829.13,99478.71,99499.18,99504.73,99505.27
6893.905116353,4544,99494.49,111583.87,99491.83,110856.92,99489.62,99499.18,99493.81,99497.32
6893.925573392,4545,99494.49,111554.58,99475.89,110656.77,99485.83,99491.22,99502.85,99502.18
6893.947109473,4546,99499.51,111558.6,99483.86,110599.89,99478.71,99481.15,99494.87,99498.35
6893.96663966,4547,99491.59,111568.97,99485.92,110614.16,99481.65,99498.13,99502.85,99503.21
6893.988146757,4548,99502.42,111597.59,99483.86,110615.81,99478.71,99489.11,99494.87,99512.19
6894.008386187,4549,99492.64,111652.15,99483.86,110655.6,99479.75,99473.18,99489.82,99502.33
6894.02874019,4550,99498.45,111727.29,99487.84,110696.56,99482.69,99486.18,99490.87,99491.29
6894.048700588,4551,99498.45,111799.59,99485.79,110760.23,99487.73,99498.13,99495.92,99508.21
6894.073118468,4552,99494.49,111912.06,99483.86,110821.1,99477.66,99497.31,99502.85,99505.12
6894.093635938,4553,99499.51,111992.39,99491.83,110882.43,99483.74,99495.2,99502.85,99501.3
6894.114259008,4554,99495.55,112102.02,99479.88,110907.48,99479.75,99486.18,99494.87,99499.24
6894.134668816,4555,99493.43,112177.17,99484.89,110975.13,99487.73,99490.16,99503.91,99504.24
6894.155278676,4556,99498.45,112250.65,99483.86,110991.05,99482.69,99486.18,99504.97,99499.24
6894.175725159,4557,99499.51,112320.61,99493.88,111021.72,99478.71,99491.22,99504.97,99504.24
6894.196424725,4558,99496.61,112411.34,99482.83,111062.69,99481.65,99491.22,99496.98,99495.26
6894.216767061,4559,99490.53,112476.1,99483.86,111091.01,99483.54,99491.22,99494.87,99499.24
6894.241143117,4560,99499.51,112566.84,99482.83,111145.09,99483.74,99491.22,99502.85,99502.18
6894.261180671,4561,99506.38,112680.51,99487.84,111192.85,99469.69,99489.11,99498.86,99497.32
6894.282229395,4562,99496.61,112743.61,99487.84,111261.68,99478.71,99490.16,99502.85,99506.3
6894.303134953,4563,99490.53,112822.78,99479.88,111317.4,99489.62,99489.11,99493.81,99491.29
6894.323316415,4564,99499.51,112940.47,99489.9,111381.54,99485.64,99490.16,99495.92,99502.33
6894.343747595,4565,99497.39,113061.0,99499.79,111415.73,99480.8,99499.18,99494.87,99504.24
6894.364312036,4566,99493.43,113125.29,99491.83,111460.69,99477.66,99498.13,99501.8,99509.25
6894.388101816,4567,99491.59,113197.61,99481.8,111515.23,99478.71,99491.22,99502.85,99507.18
6894.408572155,4568,99486.56,113279.16,99483.86,111543.1,99491.71,99492.27,99502.85,99508.21
6894.431336103,4569,99489.47,113362.35,99491.83,111570.96,99483.74,99490.16,99502.85,99503.21
6894.450419525,4570,99500.57,113462.8,99483.86,111633.46,99478.71,99485.95,99502.85,99498.35
6894.470381876,4571,99498.45,113575.31,99485.79,111669.29,99483.74,99481.15,99502.85,99502.33
6894.491345461,4572,99495.55,113663.72,99487.84,111730.17,99481.65,99489.11,99494.87,99502.33
6894.511360681,4573,99494.49,113780.25,99495.81,111763.63,99472.63,99490.16,99500.74,99502.33
6894.532328613,4574,99489.47,113993.24,99491.83,111850.76,99481.65,99491.22,99501.8,99495.26
6894.556674093,4575,99506.38,114133.9,99489.77,111906.93,99489.62,99498.13,99506.85,99504.24
6894.576573539,4576,99510.35,114440.96,99484.89,112032.69,99482.69,99498.13,99502.85,99498.2
6894.598359157,4577,99494.49,115806.06,99481.93,113444.89,99480.6,99492.27,99496.98,99503.21
6894.617684034,4578,99498.45,116044.49,99483.86,113748.73,99490.67,99489.11,99495.92,99507.18
6894.63869451,4579,99499.51,115984.56,99499.79,113561.57,99487.73,99487.23,99492.75,99508.21
6894.659049775,4580,99494.49,116030.0,99489.9,113534.89,99485.64,99491.22,99502.85,99506.15
6894.679363217,4581,99498.45,116126.5,99493.88,113543.24,99481.65,99489.11,99498.86,99516.16
6894.700616561,4582,99494.49,116209.72,99479.88,113536.48,99474.72,99499.18,99502.85,99509.1
6894.724129972,4583,99489.47,116318.28,99491.83,113571.12,99489.62,99492.04,99494.87,99499.24
6894.744580561,4584,99499.51,116413.2,99491.83,113575.1,99477.66,99483.02,99502.85,99504.24
6894.765184192,4585,99498.45,116539.44,99499.79,113630.85,99481.65,99500.24,99488.76,99511.16
6894.785690516,4586,99495.55,116700.28,99491.83,113649.18,99487.73,99486.18,99494.87,99502.33
6894.806456642,4587,99486.56,116815.32,99487.84,113675.85,99477.66,99491.22,99502.85,99508.21
6894.826748752,4588,99506.38,116919.88,99484.89,113734.39,99481.65,99502.11,99498.86,99499.24
6894.847397631,4589,99497.39,117048.57,99486.82,113722.44,99482.69,99489.11,99502.85,99507.18
6894.867757914,4590,99490.53,117168.0,99483.86,113750.32,99483.74,99491.22,99496.74,99507.18
6894.892538992,4591,99499.51,117279.38,99491.83,113783.38,99471.58,99489.11,99502.85,99499.24
6894.912636598,4592,99498.45,117393.22,99497.87,113817.64,99475.57,99494.15,99496.74,99507.18
6894.934160911,4593,99499.51,117527.17,99491.83,113845.9,99482.69,99495.2,99492.75,99507.18
6894.953648934,4594,99494.49,117641.36,99483.86,113897.67,99480.6,99489.11,99500.74,99507.18
6894.975200028,4595,99480.48,117763.26,99481.8,113981.3,99479.75,99493.09,99509.78,99511.31
6894.994796676,4596,99497.39,117957.56,99489.77,114067.34,99488.58,99494.97,99503.91,99497.17
6895.015264732,4597,99490.53,118091.87,99500.82,114124.67,99481.65,99482.2,99506.85,99501.3
6895.036350211,4598,99499.51,118271.33,99483.86,114178.85,99488.58,99498.96,99503.91,99495.26
6895.060204318,4599,99510.35,118464.43,99490.8,114242.95,99481.65,99497.08,99498.86,99503.21
6895.080618212,4600,99498.45,118690.04,99495.81,114287.6,99490.67,99485.13,99490.64,99511.16
6895.102983747,4601,99498.45,118993.03,99486.82,114347.71,99471.58,99497.08,99500.74,99512.19
6895.121788948,4602,99503.48,119404.69,99479.88,114370.03,99473.67,99497.08,99498.86,99501.3
6895.142548675,4603,99503.48,119518.61,99492.86,114412.64,99487.53,99489.11,99501.8,99500.27
6895.1642723,4604,99498.45,119652.94,99487.84,114483.13,99480.6,99493.09,99493.81,99501.3
6895.183311634,4605,99497.39,119793.79,99491.83,114548.07,99483.74,99490.16,99498.86,99500.27
6895.203909486,4606,99498.45,120020.4,99492.86,114630.51,99477.66,99489.11,99500.74,99507.18
6895.228155987,4607,99495.55,120287.55,99483.86,114718.14,99477.66,99485.13,99492.75,99507.18
6895.248630562,4608,99500.57,120512.69,99493.75,114802.99,99481.65,99494.15,99506.85,99507.18
6895.269309257,4609,99498.45,120695.33,99492.86,114882.66,99491.71,99482.2,99500.74,99499.24
6895.290512895,4610,99492.37,120828.17,99473.84,114899.81,99489.62,99489.11,99494.87,99507.18
6895.311268796,4611,99497.39,120997.23,99500.82,114961.12,99481.65,99497.08,99490.64,99511.16
6895.33218565,4612,99498.45,121150.21,99486.82,114961.12,99485.64,99489.11,99494.87,99508.21
6895.352784033,4613,99498.45,121291.11,99495.81,114985.02,99489.62,99490.16,99500.74,99508.21
6895.372553753,4614,99500.57,121427.99,99491.83,115071.1,99481.65,99488.06,99502.85,99506.3
6895.396592679,4615,99498.45,121593.06,99491.83,115171.04,99485.64,99481.15,99502.85,99503.21
6895.416630955,4616,99500.3,121826.58,99483.86,115235.99,99486.68,99493.09,99502.85,99507.18
6895.437298362,4617,99506.38,121995.69,99482.83,115302.51,99489.62,99497.08,99494.87,99503.21
6895.457680988,4618,99497.39,122229.24,99486.82,115381.84,99481.65,99487.01,99509.78,99507.18
6895.47830506,4619,99506.38,122395.82,99491.83,115426.88,99481.65,99479.04,99506.85,99504.24
6895.498806987,4620,99490.53,122543.34,99489.77,115485.43,99476.62,99489.11,99494.87,99506.15
6895.519472121,4621,99498.45,122752.75,99484.89,115546.74,99483.74,99494.15,99493.81,99515.13
6895.543243723,4622,99501.36,122868.27,99490.8,115569.1,99477.66,99489.11,99490.87,99504.24
6895.564153236,4623,99488.41,122970.23,99486.82,115600.97,99481.65,99497.08,99499.92,99501.15
6895.585174549,4624,99494.49,123131.34,99491.83,115671.47,99477.66,99493.09,99499.92,99507.18
6895.607227882,4625,99492.37,123304.53,99490.8,115736.44,99489.62,99490.16,99494.87,99493.35
6895.62563427,4626,99498.45,123566.36,99490.8,115777.83,99482.69,99485.13,99494.87,99502.18
6895.646366205,4627,99498.45,123804.03,99491.83,115910.86,99481.65,99494.15,99502.85,99506.15
6895.667119131,4628,99497.39,123985.31,99483.86,115997.29,99478.51,99493.09,99498.86,99507.18
6895.689197352,4629,99498.45,124134.37,99490.8,116020.88,99486.68,99490.16,99494.87,99507.18
6895.711481104,4630,99485.5,124364.02,99496.84,116109.76,99476.62,99482.2,99493.81,99502.18
6895.732177946,4631,99613.43,115293.09,99653.09,109880.19,99641.15,99640.48,99580.59,99618.48
6895.753116663,4632,99625.32,102753.07,99627.27,106178.92,99636.11,99632.51,99642.61,99657.2
6895.773279677,4633,99587.52,102850.37,99572.53,106731.5,99587.41,99596.66,99592.57,99584.62
6895.7933754,4634,99557.92,103436.76,99555.56,106822.36,99550.48,99553.9,99570.73,99560.77
6895.814313046,4635,99538.1,103157.96,99543.61,106389.61,99537.47,99539.02,99540.67,99556.8
6895.834322849,4636,99541.0,102995.77,99521.64,106697.98,99521.52,99519.92,99542.78,99545.9
6895.855353065,4637,99530.17,103206.06,99521.64,106927.44,99513.55,99535.86,99538.79,99547.96
6895.879169604,4638,99529.11,102795.33,99527.68,106320.31,99517.53,99510.08,99527.87,99523.08
6895.900132649,4639,99508.23,103298.27,99498.77,106532.72,99505.57,99513.01,99514.83,99519.11
6895.920232278,4640,99504.26,102889.37,99498.77,106612.23,99488.58,99513.01,99518.82,99511.16
6895.94177578,4641,99504.26,103167.06,99490.8,106531.59,99491.52,99507.15,99510.84,99514.1
6895.961344205,4642,99498.45,102963.7,99491.83,106592.36,99481.65,99505.04,99502.85,99523.08
6895.982335362,4643,99496.33,103116.04,99499.79,106794.53,99471.58,99505.04,99509.78,99507.18
6896.002393758,4644,99480.48,104751.97,99478.85,109507.38,99467.6,99476.11,99491.93,99473.33
6896.025134441,4645,99480.48,104880.3,99481.8,109741.6,99461.71,99485.13,99490.87,99491.29
6896.048138932,4646,99484.44,104812.13,99483.86,110104.15,99458.77,99476.11,99490.87,99479.36
6896.067587737,4647,99497.39,104607.6,99483.86,109534.07,99455.63,99481.15,99487.7,99499.24
6896.090655324,4648,99485.5,104497.12,99487.84,109463.62,99473.67,99492.04,99493.81,99499.24
6896.108665212,4649,99496.33,104487.29,99490.8,109563.08,99470.54,99498.13,99498.86,99491.29
6896.129530799,4650,99498.45,104535.42,99490.8,109498.27,99481.65,99487.23,99494.87,99505.27
6896.149830109,4651,99502.42,104486.19,99490.8,109563.08,99478.71,99489.11,99494.87,99501.3
6896.17037383,4652,99490.53,104470.15,99491.83,109523.29,99481.65,99497.08,99492.75,99503.21
6896.190828365,4653,99497.39,104451.2,99488.87,109503.4,99471.58,99485.13,99499.92,99497.17
6896.21551481,4654,99496.33,104467.95,99490.8,109555.12,99481.65,99503.99,99498.86,99503.21
6896.235667229,4655,99509.29,104547.45,99482.83,109814.21,99488.58,99505.04,99502.85,99511.16
6896.256221465,4656,99508.23,104557.27,99499.79,109914.34,99489.62,99497.08,99509.78,99515.13
6896.2767226,4657,99500.3,105006.43,99504.81,110480.99,99488.58,99519.92,99508.72,99523.08
6896.297324459,4658,99504.26,105036.71,99507.76,110458.28,99504.53,99511.96,99524.69,99515.13
6896.317770772,4659,99518.28,102421.46,99505.7,105808.13,99500.54,99520.98,99524.69,99535.01
6896.338346139,4660,99544.97,98935.46,99539.63,102084.28,99516.49,99528.94,99550.77,99547.96
6896.359475435,4661,99535.98,96629.86,99539.63,103222.43,99520.48,99536.91,99550.77,99553.85
6896.383186666,4662,99516.16,97288.45,99523.7,103524.35,99519.43,99524.96,99533.74,99538.98
6896.403644616,4663,99518.28,96923.17,99516.76,103254.21,99506.62,99514.06,99510.84,99523.08
6896.424267396,4664,99521.18,97031.28,99516.76,103075.45,99505.57,99520.98,99534.8,99536.04
6896.445020463,4665,99517.22,96325.59,99507.76,103075.45,99507.47,99513.01,99534.8,99531.03
6896.465685246,4666,99517.22,96309.58,99507.76,103075.45,99500.54,99510.91,99522.82,99537.95
6896.485899999,4667,99497.39,96225.51,99507.76,103079.42,99488.58,99494.97,99512.72,99515.13
6896.506513054,4668,99505.32,97232.39,99507.76,103098.19,99491.52,99490.99,99505.79,99505.12
6896.526964985,4669,99509.29,96127.39,99497.74,103091.34,99505.57,99515.12,99512.72,99517.05
6896.551256724,4670,99514.31,96209.49,99491.83,103091.34,99503.48,99518.05,99516.71,99505.12
6896.571921888,4671,99505.32,95956.27,99489.77,103103.26,99495.51,99502.94,99505.79,99507.18
6896.592431516,4672,99500.3,96449.7,99506.73,103099.29,99500.54,99506.1,99508.72,99505.12
6896.61391649,4673,99509.29,95816.16,99499.79,103091.34,99497.6,99520.98,99506.85,99518.08
6896.633438205,4674,99498.45,96041.35,99483.86,103107.23,99493.61,99497.08,99504.73,99520.14
6896.654132091,4675,99504.26,96513.76,99499.79,103115.18,99497.6,99484.08,99505.79,99504.24
6896.676330825,4676,99504.26,95983.27,99492.86,103097.51,99491.52,99500.01,99514.83,99506.15
6896.695406174,4677,99504.26,95583.99,99491.83,103107.23,99497.6,99503.99,99503.91,99502.18
6896.719210586,4678,99488.41,95558.96,99488.87,103119.15,99479.56,99501.06,99510.84,99503.21
6896.739687525,4679,99506.38,95544.98,99491.83,103124.22,99497.6,99497.08,99504.73,99498.2
6896.761060159,4680,99510.35,95519.95,99498.77,103118.05,99493.61,99493.09,99514.83,99503.21
6896.780711249,4681,99496.33,95528.97,99500.82,103119.15,99488.58,99497.08,99510.84,99509.1
6896.801352517,4682,99500.3,95544.98,99498.77,103123.12,99483.54,99496.03,99500.74,99502.18
6896.823129752,4683,99508.23,95556.99,99500.82,103128.19,99485.64,99501.06,99501.8,99503.21
6896.844963494,4684,99504.26,95552.98,99495.81,103129.28,99497.6,99497.08,99506.85,99506.15
6896.864911693,4685,99504.26,95562.96,99487.84,103135.04,99493.61,99500.01,99510.84,99499.09
6896.887303158,4686,99496.33,95560.99,99483.86,103139.01,99511.46,99489.11,99509.78,99501.15
6896.91094907,4687,99504.26,95566.96,99481.8,103144.08,99484.59,99505.04,99502.85,99498.2
