t_pc,sample_idx,S0,S1,S2,S3,S4,S5,S6,S7
7721.077734865,14016,99510.63,96089.94,99502.23,102975.37,99522.04,99491.94,99514.31,99500.28
7721.088247485,14017,99505.89,96405.72,99495.3,102979.34,99517.01,99517.91,99518.3,99491.3
7721.108929616,14018,99503.77,96100.91,99504.29,102979.34,99505.91,99499.89,99515.37,99491.3
7721.132941314,14019,99491.89,96113.92,99500.31,102985.08,99509.05,99505.74,99509.51,99487.33
7721.15355388,14020,99507.73,95987.97,99496.33,102986.17,99523.93,99505.98,99511.38,99492.34
7721.174171424,14021,99505.89,96073.95,99497.36,102999.17,99505.91,99499.89,99511.38,99498.21
7721.194677038,14022,99496.91,96066.98,99496.33,102999.17,99508.0,99504.92,99515.37,99490.27
7721.215601106,14023,99494.79,96064.94,99495.3,103004.91,99508.0,99512.88,99508.45,99486.3
7721.235682989,14024,99490.05,96048.95,99488.38,102999.17,99511.98,99502.0,99511.38,99497.34
7721.25619308,14025,99491.89,96048.95,99500.31,103013.94,99508.0,99499.89,99495.18,99500.28
7721.276809032,14026,99496.91,96050.99,99494.27,103004.24,99497.94,99497.78,99513.25,99498.21
7721.300982013,14027,99495.85,96046.99,99490.44,102999.17,99508.0,99503.87,99513.25,99500.28
7721.321629012,14028,99492.95,96041.97,99494.27,103008.2,99511.98,99492.99,99506.33,99495.27
7721.343063892,14029,99508.79,96044.95,99495.3,102994.11,99510.1,99505.74,99514.31,99486.3
7721.363113777,14030,99497.97,96031.94,99490.29,103000.27,99509.05,99491.94,99507.39,99494.24
7721.383198264,14031,99502.71,96061.96,99503.26,103004.24,99513.87,99498.84,99510.32,99500.28
7721.403814216,14032,99495.85,96036.96,99490.29,103009.3,99515.97,99499.89,99510.32,99495.27
7721.424197725,14033,99502.71,96044.02,99494.27,103009.3,99514.92,99503.87,99513.25,99485.27
7721.445406413,14034,99490.83,96041.97,99503.26,103016.14,99511.78,99499.89,99506.33,99496.31
7721.469008611,14035,99488.99,96061.96,99499.28,103000.95,99518.06,99503.87,99501.29,99490.27
7721.489626766,14036,99492.95,96066.98,99497.36,103002.04,99513.03,99500.95,99505.28,99490.27
7721.510065339,14037,99491.89,96055.92,99497.22,103000.27,99502.97,99506.79,99503.41,99491.3
7721.530783535,14038,99508.79,96049.97,99495.3,103011.07,99508.0,99499.89,99505.28,99500.28
7721.552495194,14039,99508.79,96056.94,99494.27,103012.85,99522.88,99515.8,99516.43,99490.27
7721.5718647,14040,99505.89,96052.01,99507.23,102996.98,99519.95,99499.89,99514.31,99501.31
7721.592318586,14041,99494.79,96056.94,99491.32,103015.04,99508.0,99517.91,99509.26,99490.27
7721.612839424,14042,99502.71,96045.97,99498.25,103008.2,99515.97,99507.85,99506.33,99487.33
7721.636613482,14043,99510.63,96049.97,99503.26,103015.04,99517.01,99504.92,99511.38,99497.18
7721.657751102,14044,99501.65,96033.98,99494.27,103008.88,99523.93,99507.85,99510.32,99495.27
7721.677642358,14045,99494.01,96031.94,99490.29,103015.04,99504.02,99502.0,99507.39,99490.27
7721.698745025,14046,99503.77,96029.98,99504.29,103015.04,99518.9,99503.87,99513.25,99493.37
7721.72015042,14047,99505.89,96041.97,99503.26,103015.04,99522.04,99516.86,99516.43,99491.3
7721.739783525,14048,99500.87,96041.97,99503.26,103015.04,99510.1,99501.76,99515.37,99506.15
7721.76030241,14049,99503.77,96023.94,99491.32,103015.04,99510.94,99503.87,99521.22,99497.18
7721.780788244,14050,99504.83,96025.99,99495.3,103015.04,99511.98,99499.89,99501.29,99491.3
7721.804583775,14051,99502.71,96025.99,99495.3,103019.01,99508.0,99505.74,99506.33,99490.27
7721.825041878,14052,99497.97,96017.99,99500.31,103019.01,99502.97,99497.78,99508.2,99503.21
7721.845678841,14053,99502.71,96029.98,99503.26,103015.04,99506.95,99507.85,99523.34,99487.33
7721.866691772,14054,99497.97,96011.95,99501.2,103022.97,99516.8,99505.98,99511.38,99496.31
7721.886764191,14055,99505.89,96025.99,99504.29,103019.01,99518.06,99499.89,99509.26,99495.27
7721.907912508,14056,99496.91,96017.99,99498.25,103016.14,99523.93,99499.89,99515.37,99491.3
7721.928892691,14057,99503.77,96017.99,99494.27,103008.2,99518.06,99499.89,99505.28,99489.24
7721.949288449,14058,99496.91,96017.99,99499.28,103022.97,99513.87,99507.85,99513.25,99501.31
7721.972579486,14059,99504.83,96010.0,99500.31,103019.01,99515.97,99508.9,99523.34,99506.15
7721.993036808,14060,99504.83,95998.01,99488.23,103020.78,99506.95,99499.89,99519.36,99495.27
7722.013680591,14061,99496.91,96017.99,99492.35,103028.04,99501.93,99499.89,99509.26,99486.3
7722.034081467,14062,99509.57,96019.01,99495.3,103016.81,99515.97,99499.89,99515.37,99494.24
7722.054892363,14063,99493.73,96007.02,99495.3,103022.97,99509.89,99515.8,99507.39,99502.18
7722.075242503,14064,99490.83,95999.03,99494.27,103012.85,99500.04,99491.94,99499.42,99490.27
7722.095866496,14065,99494.79,96002.0,99495.3,103028.04,99508.0,99500.95,99503.16,99503.21
7722.116832837,14066,99505.89,96020.04,99498.25,103013.94,99510.94,99519.78,99514.31,99495.27
7722.140587386,14067,99490.83,96008.98,99495.3,103021.88,99517.85,99515.8,99516.43,99498.21
7722.161117958,14068,99502.71,95998.01,99496.33,103024.07,99502.97,99493.81,99501.29,99504.25
7722.183113266,14069,99502.71,96002.0,99499.28,103019.01,99508.0,99503.87,99514.31,99496.31
7722.202226684,14070,99505.89,96002.0,99499.28,103020.78,99509.89,99506.79,99514.31,99494.24
7722.222727582,14071,99488.7,96004.98,99496.33,103022.97,99509.89,99497.78,99511.38,99489.24
7722.243534663,14072,99494.79,95996.05,99495.3,103015.04,99505.91,99500.95,99507.39,99494.24
7722.264093407,14073,99495.85,95987.04,99486.32,103016.14,99502.97,99500.95,99511.38,99492.34
7722.287986215,14074,99502.71,95987.04,99493.24,103024.07,99511.98,99498.84,99507.39,99494.24
7722.308614806,14075,99509.85,95990.01,99499.28,103013.94,99505.91,99520.83,99513.25,99495.27
7722.329099789,14076,99503.77,95990.01,99502.23,103046.78,99515.97,99499.89,99505.28,99508.22
7722.349720006,14077,99502.71,95998.01,99494.27,103060.45,99510.94,99510.77,99515.37,99503.21
7722.371215899,14078,99501.65,95994.01,99495.3,103060.45,99513.87,99503.87,99515.37,99499.24
7722.390772478,14079,99502.71,95986.02,99494.27,103062.64,99497.94,99497.78,99507.39,99488.21
7722.411695794,14080,99506.67,95992.06,99493.24,103062.64,99506.95,99499.89,99504.47,99493.21
7722.431756075,14081,99500.87,95983.97,99498.25,103070.58,99505.91,99515.8,99515.37,99496.31
7722.455989838,14082,99495.85,95986.02,99493.24,103066.61,99513.87,99502.81,99503.41,99508.22
7722.476696347,14083,99497.97,95986.02,99495.3,103062.64,99504.02,99499.89,99507.39,99490.27
7722.497193068,14084,99504.83,95987.04,99494.27,103062.64,99508.0,99499.89,99505.28,99490.27
7722.518447685,14085,99503.77,95992.99,99503.26,103062.64,99501.93,99493.81,99516.43,99497.18
7722.539315878,14086,99506.67,95978.02,99496.33,103060.45,99513.03,99502.81,99512.19,99482.33
7722.558871305,14087,99511.69,95996.99,99498.25,103068.38,99515.97,99501.76,99507.39,99506.15
7722.580258904,14088,99504.83,95978.02,99494.27,103063.74,99506.95,99503.87,99506.33,99502.18
7722.600037268,14089,99493.73,95986.02,99486.32,103062.64,99513.87,99498.84,99515.37,99489.24
7722.62403848,14090,99511.69,95978.02,99499.28,103062.64,99521.83,99503.87,99514.31,99498.21
7722.64466701,14091,99492.66,95985.0,99490.29,103062.64,99505.91,99503.87,99501.29,99490.27
7722.665141077,14092,99491.6,95978.02,99492.35,103055.81,99514.92,99505.74,99509.26,99498.21
7722.685721585,14093,99510.63,95985.0,99490.29,103064.42,99509.89,99515.8,99507.39,99497.18
7722.706160448,14094,99502.71,95991.03,99497.36,103058.68,99509.89,99503.87,99503.41,99497.18
7722.726847427,14095,99493.73,95994.01,99488.38,103080.71,99498.99,99501.76,99515.37,99499.24
7722.747194682,14096,99505.61,95992.06,99494.27,103062.64,99505.91,99499.89,99509.26,99497.18
7722.767771084,14097,99501.65,95991.03,99502.23,103066.61,99501.93,99515.8,99509.26,99498.21
7722.792016585,14098,99514.59,95995.03,99494.27,103060.45,99510.94,99496.97,99516.43,99498.21
7722.812612005,14099,99503.48,96002.0,99502.23,103053.61,99497.94,99499.89,99505.28,99493.37
7722.833089026,14100,99495.85,95995.97,99486.32,103058.68,99497.94,99495.91,99501.29,99488.21
7722.854118663,14101,99502.71,95991.97,99502.23,103064.84,99497.94,99499.89,99509.26,99494.24
7722.874336913,14102,99493.73,95999.03,99494.27,103046.78,99505.91,99502.81,99513.25,99490.27
7722.894867215,14103,99494.79,96008.98,99502.23,103048.55,99504.02,99501.76,99501.29,99499.24
7722.915229613,14104,99501.65,96004.98,99494.27,103021.2,99501.93,99498.84,99515.37,99491.3
7722.93580981,14105,99501.65,96008.04,99496.33,103000.95,99505.91,99499.89,99509.26,99498.21
7722.959591019,14106,99495.85,96019.01,99495.3,102984.4,99504.02,99507.85,99497.3,99497.18
7722.981215876,14107,99501.65,96006.0,99498.25,102974.27,99495.85,99501.76,99497.3,99490.27
7723.00066976,14108,99501.65,96011.95,99500.31,102955.54,99506.95,99503.87,99513.25,99498.21
7723.023461963,14109,99493.73,96010.0,99506.2,102959.5,99508.84,99500.95,99516.18,99494.24
7723.041810264,14110,99493.73,96025.99,99484.4,102943.64,99509.05,99495.91,99515.37,99502.18
7723.062841935,14111,99506.67,96025.99,99486.32,102945.41,99513.87,99497.78,99505.28,99499.24
7723.083332546,14112,99506.67,96023.94,99498.25,102947.6,99510.94,99505.74,99509.26,99498.21
7723.103915828,14113,99505.61,96023.94,99493.24,102942.54,99508.0,99501.76,99508.2,99501.15
7723.12762642,14114,99500.58,96016.97,99494.27,102944.73,99503.81,99499.89,99504.22,99494.24
7723.148305728,14115,99511.69,96029.98,99501.2,102939.67,99505.91,99502.81,99509.26,99495.12
7723.168740875,14116,99513.53,96021.99,99494.27,102935.7,99510.1,99514.75,99508.2,99501.15
7723.189735279,14117,99503.48,96025.99,99494.27,102917.64,99505.91,99503.87,99513.25,99491.3
7723.210107572,14118,99507.73,96031.94,99502.23,102917.64,99509.89,99515.8,99506.33,99498.21
7723.230881643,14119,99502.71,96025.99,99494.27,102928.86,99504.02,99503.87,99503.16,99495.27
7723.250837756,14120,99507.73,96037.98,99494.27,102927.77,99514.92,99503.87,99514.31,99494.24
7723.271854564,14121,99505.61,96025.99,99505.17,102919.83,99505.91,99503.87,99509.26,99502.18
7723.295628532,14122,99505.61,96029.98,99494.27,102917.64,99505.91,99509.71,99503.16,99498.21
7723.316101757,14123,99504.54,96037.98,99494.27,102913.0,99505.91,99498.84,99509.26,99484.24
7723.337127959,14124,99497.69,96031.01,99491.32,102903.97,99508.0,99503.87,99509.26,99496.15
7723.35712891,14125,99489.77,96031.01,99494.27,102901.77,99513.87,99511.82,99508.2,99486.3
7723.377774667,14126,99501.65,96041.97,99499.28,102903.97,99510.94,99502.0,99505.28,99494.24
7723.399187964,14127,99498.75,96043.0,99495.3,102889.19,99513.87,99514.75,99506.33,99491.3
7723.418799686,14128,99493.73,96035.93,99498.25,102888.1,99505.91,99499.89,99505.28,99498.21
7723.439840861,14129,99501.65,96031.01,99495.3,102877.97,99508.0,99512.88,99513.25,99496.15
7723.463640998,14130,99501.65,96028.96,99502.23,102870.04,99506.95,99500.95,99510.32,99492.18
7723.484182217,14131,99501.65,96033.98,99502.23,102870.04,99498.99,99503.87,99505.28,99495.12
7723.505611959,14132,99497.69,96032.96,99490.29,102866.07,99504.02,99499.89,99514.31,99504.09
7723.525170181,14133,99509.57,96036.96,99500.31,102865.39,99505.91,99502.81,99499.17,99491.3
7723.545794955,14134,99494.79,96024.97,99490.29,102862.11,99516.8,99502.81,99506.33,99498.21
7723.566213878,14135,99503.48,96031.94,99495.3,102860.33,99505.91,99508.9,99517.24,99506.15
7723.586791903,14136,99501.65,96033.98,99491.32,102864.3,99509.89,99499.89,99509.26,99494.24
7723.611046818,14137,99493.73,96032.96,99504.29,102850.21,99493.96,99509.96,99515.37,99500.12
7723.631648878,14138,99499.52,96031.94,99487.35,102856.36,99511.78,99519.78,99510.32,99493.21
7723.65351503,14139,99493.73,96031.94,99494.27,102854.17,99505.91,99496.73,99505.28,99495.27
7723.67275471,14140,99496.62,96035.93,99491.32,102850.62,99512.82,99499.89,99514.31,99498.21
7723.693465866,14141,99493.73,96037.98,99494.27,102842.27,99513.87,99499.89,99502.35,99485.27
7723.715304136,14142,99501.65,96033.98,99492.35,102832.56,99508.84,99516.61,99511.38,99499.24
7723.734271844,14143,99504.54,96039.93,99498.25,102842.27,99509.89,99493.81,99518.3,99499.24
7723.756353352,14144,99501.65,96037.98,99495.3,102822.44,99500.88,99497.78,99507.39,99488.21
7723.780076503,14145,99493.73,96025.99,99494.27,102828.6,99505.91,99497.78,99513.25,99487.18
7723.799648355,14146,99494.79,96031.94,99502.23,102826.82,99503.81,99503.87,99513.25,99498.21
7723.820354253,14147,99493.73,96044.95,99496.33,102824.63,99503.81,99515.8,99507.39,99502.18
7723.840764803,14148,99500.58,96037.98,99494.27,102809.44,99521.83,99495.67,99503.16,99496.31
7723.861250368,14149,99501.65,96035.93,99490.29,102817.79,99501.93,99507.85,99505.28,99496.15
7723.881984508,14150,99499.52,96029.98,99494.27,102817.79,99505.91,99511.82,99508.2,99496.15
7723.903212515,14151,99501.65,96033.98,99502.23,102808.76,99505.91,99513.69,99505.28,99500.12
7723.922814152,14152,99503.48,96035.0,99488.23,102808.76,99505.91,99519.78,99512.19,99494.24
7723.947092543,14153,99510.63,96039.93,99494.27,102806.57,99489.98,99505.74,99510.32,99490.27
7723.967650567,14154,99499.52,96037.98,99493.24,102802.61,99499.83,99505.74,99511.38,99506.15
7723.988105535,14155,99505.61,96024.97,99492.35,102798.64,99505.91,99514.75,99505.28,99506.15
7724.008841658,14156,99493.73,96019.95,99502.23,102792.9,99508.0,99497.78,99510.32,99503.21
7724.029291728,14157,99500.58,96029.98,99502.23,102790.71,99509.89,99498.84,99512.19,99490.27
7724.049815691,14158,99493.73,96041.97,99493.24,102792.9,99503.81,99509.71,99505.28,99490.27
7724.070394265,14159,99500.58,96044.95,99493.24,102791.8,99505.91,99523.76,99513.25,99490.12
7724.09084046,14160,99505.61,96027.94,99500.16,102788.93,99501.93,99512.88,99513.25,99502.18
7724.115093833,14161,99492.66,96036.96,99496.19,102783.87,99505.91,99507.85,99513.25,99494.24
7724.135723615,14162,99505.61,96033.98,99496.33,102784.96,99512.82,99502.81,99505.28,99492.18
7724.15612356,14163,99505.61,96036.96,99486.32,102778.12,99504.86,99513.69,99505.28,99498.21
7724.176894335,14164,99493.73,96042.91,99498.25,102784.96,99496.9,99496.73,99497.3,99489.24
7724.197286658,14165,99492.66,96041.97,99502.23,102769.1,99505.91,99497.78,99514.31,99489.24
7724.217771682,14166,99508.5,96035.0,99508.26,102769.1,99513.87,99511.58,99511.38,99492.18
7724.238248543,14167,99494.79,96039.93,99493.24,102766.91,99501.93,99496.73,99507.39,99492.18
7724.259221234,14168,99497.69,96040.95,99504.29,102770.19,99497.94,99497.78,99498.36,99494.24
7724.282662288,14169,99493.73,96039.0,99498.25,102768.0,99503.81,99515.8,99507.39,99511.15
7724.303657864,14170,99509.57,96049.97,99486.32,102761.16,99506.95,99506.79,99512.19,99498.21
7724.323710974,14171,99491.6,96044.95,99494.27,102757.19,99504.02,99491.7,99518.3,99498.21
7724.344835905,14172,99498.46,96041.97,99494.27,102755.01,99511.98,99503.87,99513.25,99491.3
7724.365286476,14173,99491.6,96040.95,99494.27,102761.16,99505.91,99506.79,99504.22,99484.24
7724.38593708,14174,99502.71,96043.93,99498.25,102753.23,99503.81,99496.73,99497.3,99496.15
7724.406349603,14175,99505.61,96035.93,99498.25,102744.2,99498.99,99492.75,99502.35,99490.27
7724.426928599,14176,99493.73,96045.97,99494.27,102745.29,99499.83,99503.87,99509.26,99490.27
7724.450673893,14177,99499.52,96040.95,99497.22,102753.23,99509.89,99514.75,99522.28,99497.18
7724.471578281,14178,99501.65,96054.9,99487.35,102745.29,99507.79,99496.73,99513.25,99509.09
7724.492593647,14179,99499.52,96047.93,99498.25,102745.29,99499.83,99513.69,99505.28,99494.24
7724.512860019,14180,99501.65,96048.95,99494.27,102735.17,99504.86,99496.73,99515.37,99499.24
7724.532836654,14181,99508.5,96055.92,99490.29,102745.29,99496.9,99505.74,99510.32,99489.24
7724.555373741,14182,99500.58,96047.93,99489.26,102734.49,99507.79,99505.74,99517.24,99514.09
7724.57399779,14183,99498.75,96064.94,99486.32,102737.36,99505.91,99497.78,99499.17,99498.21
7724.595185415,14184,99490.54,96065.96,99507.23,102747.48,99500.88,99501.76,99510.32,99489.24
7724.619059875,14185,99499.52,96062.98,99490.29,102734.49,99509.89,99503.87,99512.19,99497.18
7724.639140427,14186,99491.6,96055.92,99495.3,102729.43,99504.86,99495.67,99509.26,99494.24
7724.65977757,14187,99501.65,96043.93,99494.27,102737.36,99509.89,99498.84,99504.22,99502.18
7724.680199378,14188,99493.73,96061.96,99487.35,102728.33,99513.87,99505.74,99510.32,99487.18
7724.700936112,14189,99511.4,96057.96,99496.33,102717.53,99506.95,99503.87,99504.22,99495.12
7724.721445863,14190,99499.52,96049.97,99494.27,102723.27,99501.93,99499.89,99505.28,99504.09
7724.741935834,14191,99510.34,96055.92,99498.25,102713.56,99503.81,99501.76,99507.14,99500.12
7724.766074964,14192,99499.52,96065.96,99502.23,102711.37,99503.81,99513.69,99513.25,99490.27
7724.786639628,14193,99501.65,96063.91,99502.23,102705.63,99508.84,99496.73,99517.24,99498.21
7724.807151592,14194,99499.52,96067.91,99494.27,102706.72,99518.9,99497.78,99512.19,99489.24
7724.827888416,14195,99499.52,96065.96,99487.35,102714.65,99509.89,99494.86,99504.22,99494.24
7724.848183241,14196,99505.61,96064.94,99490.29,102713.56,99505.91,99513.69,99514.31,99496.15
7724.869046357,14197,99503.48,96059.92,99494.27,102695.51,99510.94,99497.78,99506.33,99488.21
7724.889343696,14198,99493.73,96071.91,99504.29,102687.57,99513.87,99517.67,99503.16,99497.18
7724.912005682,14199,99499.52,96071.91,99496.33,102713.56,99505.91,99496.73,99497.3,99497.18
7724.934352842,14200,99501.65,96075.9,99494.27,103110.25,99505.91,99514.75,99509.26,99494.24
7724.955023757,14201,99499.52,96069.95,99492.21,103101.22,99512.82,99511.82,99509.26,99497.18
7724.975414597,14202,99500.58,96063.91,99494.27,103076.32,99505.91,99495.67,99506.33,99500.28
7724.995764416,14203,99498.46,96073.95,99495.3,103053.61,99504.86,99513.69,99499.42,99488.21
7725.016411765,14204,99496.62,96081.95,99495.3,103030.91,99505.91,99505.74,99511.13,99498.21
7725.038201391,14205,99501.65,96080.92,99496.19,103022.97,99505.91,99497.78,99509.26,99505.12
7725.057266117,14206,99489.77,96080.92,99494.27,102995.88,99505.91,99501.76,99509.26,99494.24
7725.077930992,14207,99499.52,96081.95,99490.29,102991.24,99504.86,99497.78,99513.25,99505.12
7725.10244539,14208,99491.6,96075.9,99494.27,102961.28,99505.91,99505.74,99511.13,99498.21
7725.122672293,14209,99495.56,96081.95,99502.23,102955.54,99504.86,99504.68,99507.39,99492.18
7725.143127671,14210,99491.6,96078.88,99494.27,102939.67,99504.86,99499.89,99501.29,99496.15
7725.165125763,14211,99507.44,96088.92,99498.25,102918.74,99505.91,99497.78,99513.25,99497.18
7725.184214325,14212,99499.52,96081.95,99494.27,102911.9,99497.94,99501.76,99518.3,99496.15
7725.205161116,14213,99507.44,96080.92,99501.2,102911.9,99503.81,99507.85,99505.28,99502.18
7725.22616846,14214,99501.65,96088.92,99490.29,102892.07,99503.81,99503.63,99511.13,99502.18
7725.245787623,14215,99501.65,96083.9,99494.27,102884.13,99503.81,99496.73,99509.26,99501.15
7725.270071352,14216,99503.48,96089.94,99490.29,102876.2,99506.95,99502.81,99515.37,99496.15
7725.290689887,14217,99501.65,96096.91,99498.25,102858.14,99505.91,99503.87,99513.25,99491.15
7725.311323615,14218,99503.48,96088.92,99494.27,102854.17,99495.85,99501.76,99507.14,99497.18
7725.331770882,14219,99507.44,96083.9,99494.27,102856.36,99504.86,99504.92,99519.36,99493.21
7725.352241393,14220,99506.38,96097.93,99502.23,102851.3,99507.79,99506.79,99517.24,99495.12
7725.372820869,14221,99503.48,96096.91,99490.29,102840.5,99499.83,99501.76,99505.28,99492.18
7725.393553007,14222,99503.48,96093.94,99494.27,102829.69,99505.91,99504.68,99511.13,99494.24
7725.416510259,14223,99501.65,96088.92,99490.29,102836.53,99505.91,99493.81,99521.22,99496.15
7725.438130219,14224,99494.5,96101.93,99503.26,102824.63,99508.0,99500.71,99512.19,99508.06
7725.460255193,14225,99509.57,96097.93,99504.14,102802.61,99503.81,99499.89,99509.26,99490.27
7725.479145464,14226,99491.6,96090.87,99486.32,102793.99,99505.91,99496.73,99508.2,99486.15
7725.500215042,14227,99489.48,96095.89,99497.22,102766.91,99504.86,99497.78,99512.19,99498.21
7725.520368533,14228,99490.54,96097.93,99494.27,102769.1,99505.91,99504.68,99512.19,99490.27
7725.540878474,14229,99493.44,96096.91,99488.23,102744.88,99521.83,99492.75,99509.26,99498.21
7725.56127242,14230,99493.44,96105.93,99492.21,102746.39,99512.82,99493.81,99505.28,99496.15
7725.581845457,14231,99503.48,96105.93,99493.24,102739.14,99503.81,99498.84,99504.22,99497.18
7725.605673717,14232,99503.48,96104.91,99493.24,102727.24,99514.92,99497.78,99509.26,99502.03
7725.626679999,14233,99507.44,96105.93,99497.22,102733.39,99504.86,99513.69,99512.19,99488.21
7725.646819409,14234,99505.61,96104.91,99495.3,102735.17,99511.78,99492.75,99504.22,99495.12
7725.667841074,14235,99490.54,96104.91,99501.2,102719.31,99509.89,99497.78,99504.22,99504.09
7725.688434271,14236,99501.65,96103.88,99504.14,102726.56,99504.86,99497.78,99513.25,99497.18
7725.708929991,14237,99499.52,96115.87,99484.25,102721.49,99505.91,99500.71,99505.28,99494.24
7725.729787808,14238,99499.52,96113.92,99501.2,102713.56,99504.86,99501.76,99508.2,99488.21
7725.751157018,14239,99491.6,96108.9,99500.16,102719.31,99507.79,99501.76,99505.28,99494.09
7725.773697441,14240,99499.52,96110.95,99492.21,102721.49,99504.86,99499.65,99504.22,99496.15
7725.795151369,14241,99502.42,96114.94,99510.18,102710.69,99503.81,99513.69,99515.12,99489.24
7725.814722951,14242,99498.46,96121.92,99485.29,102710.69,99507.79,99507.61,99511.13,99504.09
7725.836145262,14243,99490.54,96113.92,99496.33,102697.69,99503.81,99501.76,99513.25,99504.09
7725.855878779,14244,99501.65,96125.91,99506.2,102713.56,99510.73,99496.73,99509.26,99500.12
7725.876857409,14245,99491.6,96137.9,99490.29,102701.66,99513.87,99511.58,99513.25,99504.09
7725.896862326,14246,99490.54,96119.87,99490.29,102692.63,99503.81,99509.71,99512.19,99496.15
7725.918580264,14247,99498.46,96119.87,99490.29,102677.86,99500.88,99500.71,99507.14,99494.09
7725.941662486,14248,99505.61,96130.93,99502.23,102665.96,99499.83,99501.76,99506.33,99506.15
7725.962162281,14249,99504.54,96129.91,99502.23,102677.86,99509.89,99509.71,99501.29,99500.12
7725.982751342,14250,99490.54,96145.9,99490.29,102673.89,99503.81,99499.89,99500.23,99497.18
7726.003227061,14251,99501.36,96144.88,99501.2,102690.85,99509.89,99505.74,99503.16,99496.15
7726.024048033,14252,99506.38,96145.9,99492.21,102681.83,99508.84,99511.58,99508.2,99496.15
7726.044399534,14253,99497.4,96145.9,99492.21,102698.79,99499.83,99503.63,99513.25,99492.18
7726.066043751,14254,99498.46,96151.85,99494.27,102681.83,99509.89,99511.58,99501.29,99496.15
7726.089074675,14255,99491.6,96154.92,99493.24,102682.92,99504.86,99500.71,99507.39,99496.15
7726.111079677,14256,99499.52,96152.87,99494.27,102671.71,99507.79,99511.58,99517.24,99486.15
7726.130150281,14257,99494.5,96153.89,99493.24,102663.77,99505.91,99500.71,99513.25,99498.21
7726.151343045,14258,99501.36,96156.87,99500.16,102677.86,99503.81,99515.56,99510.07,99492.18
7726.171379089,14259,99491.6,96156.87,99486.32,102681.83,99507.79,99496.73,99514.31,99497.18
7726.191989853,14260,99498.46,96161.89,99492.21,102671.71,99510.73,99499.65,99505.28,99492.18
7726.213190428,14261,99490.54,96160.86,99492.21,102673.89,99507.79,99503.63,99508.2,99496.15
7726.23338325,14262,99498.46,96169.88,99500.16,102665.96,99509.89,99510.77,99504.22,99496.15
7726.25707932,14263,99493.73,96169.88,99497.22,102673.89,99503.81,99491.7,99516.18,99504.09
7726.280092116,14264,99498.46,96159.84,99491.18,102679.64,99507.79,99514.75,99509.26,99487.18
7726.298241888,14265,99491.6,96171.83,99494.27,102664.87,99503.81,99500.71,99515.12,99497.18
7726.319342662,14266,99493.73,96169.88,99502.23,102669.93,99503.81,99503.63,99516.18,99492.18
7726.340305809,14267,99499.52,96175.83,99494.27,102665.96,99501.93,99504.68,99505.28,99490.27
7726.359951442,14268,99509.57,96169.88,99495.16,102665.96,99503.81,99500.71,99502.1,99491.15
7726.381229325,14269,99498.46,96168.86,99493.24,102656.93,99501.72,99499.65,99504.22,99496.15
7726.401884456,14270,99497.4,96189.87,99504.14,102658.03,99504.86,99516.61,99504.22,99495.12
7726.425085377,14271,99501.36,96183.82,99494.27,102665.96,99503.81,99503.63,99505.28,99495.12
7726.445681719,14272,99507.44,96184.85,99490.29,102659.12,99505.91,99513.69,99508.2,99498.21
7726.466118429,14273,99500.58,96183.82,99494.27,102650.09,99507.79,99493.56,99508.2,99500.12
7726.486852959,14274,99506.38,96183.82,99502.23,102650.09,99506.75,99506.55,99499.17,99495.12
7726.507311553,14275,99499.52,96192.84,99487.2,102651.19,99508.84,99516.61,99512.19,99507.03
7726.527899923,14276,99497.4,96193.86,99491.18,102652.28,99506.75,99493.81,99503.16,99494.09
7726.548250803,14277,99499.52,96197.86,99497.22,102650.09,99503.81,99493.81,99513.25,99496.15
7726.568960877,14278,99491.6,96200.84,99508.12,102638.19,99505.91,99505.74,99511.13,99496.15
7726.593113187,14279,99499.52,96199.81,99492.21,102642.16,99504.86,99499.65,99503.16,99496.15
7726.613753595,14280,99495.56,96199.81,99486.32,102632.04,99503.81,99509.71,99507.14,99492.18
7726.634225098,14281,99499.52,96203.81,99484.25,102648.31,99511.78,99497.78,99505.28,99491.15
7726.655610032,14282,99499.52,96207.81,99482.34,102650.09,99513.87,99495.67,99500.23,99491.15
7726.675213192,14283,99499.52,96199.81,99500.16,102638.19,99506.75,99500.71,99507.14,99495.12
7726.696341248,14284,99503.48,96210.88,99486.32,102635.32,99503.81,99497.78,99505.28,99490.27
7726.716467799,14285,99498.46,96208.83,99494.27,102632.04,99505.7,99503.63,99508.2,99495.12
7726.736946573,14286,99507.44,96203.81,99486.32,102621.23,99495.85,99496.73,99511.13,99492.18
7726.76110982,14287,99499.52,96214.78,99497.22,102623.42,99503.81,99513.69,99511.13,99500.12
7726.781715225,14288,99503.48,96223.79,99492.21,102622.33,99503.81,99500.71,99512.19,99497.18
7726.802197935,14289,99509.28,96219.8,99493.24,102618.36,99503.81,99497.78,99509.01,99489.08
7726.823141863,14290,99502.42,96226.86,99494.27,102616.17,99505.7,99506.55,99504.22,99498.06
7726.843255634,14291,99506.38,96225.84,99501.2,102618.36,99511.78,99512.64,99504.22,99500.12
7726.864512054,14292,99509.57,96227.79,99497.22,102625.2,99502.77,99512.64,99507.14,99486.15
7726.884505174,14293,99499.52,96227.79,99492.21,102608.24,99507.79,99500.95,99509.26,99504.09
7726.904986692,14294,99494.5,96223.79,99494.27,102608.24,99512.82,99505.74,99513.25,99496.15
7726.928684424,14295,99490.54,96228.82,99494.27,102610.43,99511.78,99495.67,99511.13,99489.24
7726.949721503,14296,99501.36,96227.79,99502.23,102602.49,99516.8,99499.65,99509.26,99486.15
7726.969749325,14297,99502.42,96225.84,99505.17,102605.37,99506.75,99503.63,99501.29,99487.18
7726.990886875,14298,99503.48,96244.8,99498.25,102600.31,99511.78,99496.73,99517.24,99494.09
7727.011552241,14299,99487.64,96240.81,99494.27,102600.31,99504.86,99507.61,99508.2,99496.15
7727.032102082,14300,99497.4,96240.81,99502.23,102594.56,99508.84,99503.63,99511.13,99483.21
7727.0536874,14301,99499.52,96235.79,99501.2,102606.46,99508.84,99495.67,99509.26,99500.99
7727.075185836,14302,99499.52,96256.8,99492.21,102593.47,99506.75,99500.71,99505.28,99492.18
7727.097554178,14303,99507.44,96243.78,99492.21,102584.44,99503.81,99496.73,99505.28,99497.18
7727.117219571,14304,99494.5,96247.78,99492.21,102595.65,99511.78,99505.74,99508.2,99497.02
7727.139157022,14305,99502.42,96261.82,99502.23,102587.72,99507.79,99500.71,99512.19,99500.99
7727.15879933,14306,99494.5,96253.82,99491.18,102578.7,99515.76,99511.58,99505.28,99495.12
7727.179554332,14307,99500.3,96255.77,99492.21,102594.56,99497.74,99515.8,99503.16,99496.15
7727.20114674,14308,99501.36,96251.77,99497.22,102587.72,99499.83,99495.67,99511.13,99494.09
7727.220507183,14309,99497.4,96255.77,99492.21,102586.63,99504.86,99497.78,99501.29,99505.12
7727.240919496,14310,99495.56,96269.81,99486.32,102571.85,99503.81,99495.67,99521.22,99495.12
7727.265073919,14311,99502.42,96257.82,99494.27,102569.67,99511.78,99516.61,99505.28,99500.99
7727.285330727,14312,99499.52,96263.77,99493.24,102537.94,99507.79,99500.71,99500.23,99498.06
7727.305789711,14313,99503.48,96275.76,99502.23,102493.21,99508.84,99511.58,99509.26,99486.15
7727.326239191,14314,99503.48,96273.81,99498.25,102482.41,99508.84,99505.74,99519.1,99495.12
7727.346888813,14315,99507.44,96281.8,99500.16,102487.46,99505.7,99512.64,99504.22,99494.09
7727.368221349,14316,99507.44,96271.76,99504.14,102484.59,99509.68,99500.71,99507.14,99488.21
7727.387939001,14317,99497.4,96281.8,99492.21,102492.52,99513.87,99499.65,99511.13,99493.21
7727.412118192,14318,99495.56,96279.75,99494.27,102500.46,99515.76,99493.56,99508.2,99503.06
7727.432723888,14319,99506.38,96279.75,99496.19,102493.62,99511.78,99510.53,99507.14,99488.21
7727.453220248,14320,99497.4,96275.76,99500.16,102501.55,99511.78,99496.73,99508.2,99491.15
7727.475220684,14321,99499.52,96297.79,99501.2,102499.36,99503.81,99504.68,99507.14,99488.21
7727.494252409,14322,99507.44,96284.78,99494.27,102503.33,99503.81,99513.69,99510.07,99498.06
7727.514947149,14323,99499.52,96289.8,99496.19,102495.4,99511.78,99497.54,99505.28,99504.09
7727.535343889,14324,99503.48,96295.74,99488.23,102500.46,99515.76,99500.71,99511.13,99487.18
7727.55588677,14325,99489.48,96295.74,99499.28,102495.4,99503.81,99510.53,99508.2,99489.96
7727.580122166,14326,99503.48,96305.79,99493.24,102489.25,99507.79,99500.71,99503.16,99493.05
7727.600750526,14327,99498.46,96311.73,99502.23,102492.52,99507.79,99513.69,99499.17,99487.18
7727.622085214,14328,99493.44,96297.79,99500.16,102495.4,99515.76,99496.73,99507.14,99490.12
7727.643732716,14329,99491.6,96309.78,99500.16,102495.4,99503.81,99499.65,99512.19,99496.15
7727.662296403,14330,99502.42,96316.75,99492.21,102501.55,99499.83,99512.64,99504.22,99495.12
7727.684418182,14331,99497.4,96303.74,99496.19,102500.46,99497.74,99503.63,99508.2,99488.21
7727.703349786,14332,99498.46,96311.73,99488.23,102499.36,99499.83,99509.71,99512.19,99487.02
7727.723926268,14333,99509.57,96313.78,99500.16,102491.43,99503.81,99511.58,99507.14,99494.09
7727.748135414,14334,99493.44,96322.7,99497.22,102483.5,99499.83,99500.71,99507.14,99493.05
7727.768830084,14335,99505.32,96336.74,99496.19,102495.4,99503.81,99503.63,99512.19,99502.03
7727.789205031,14336,99488.42,96328.74,99500.16,102493.62,99505.91,99503.63,99519.1,99496.15
7727.81069177,14337,99505.32,96335.71,99492.21,102500.46,99506.75,99499.65,99503.16,99496.15
7727.830253657,14338,99499.52,96331.72,99488.23,102481.31,99501.72,99508.66,99511.13,99494.09
7727.85120801,14339,99487.64,96336.74,99498.25,102484.59,99505.7,99503.63,99508.2,99497.02
7727.873217499,14340,99497.4,96327.72,99491.18,102478.44,99506.75,99512.64,99503.16,99497.02
7727.89194865,14341,99503.48,96319.73,99492.21,102475.57,99519.74,99496.73,99511.13,99489.08
7727.917058077,14342,99505.32,96327.72,99500.16,102479.53,99503.81,99517.67,99511.13,99497.02
7727.936756291,14343,99507.44,96319.73,99500.16,102473.38,99503.81,99502.57,99509.01,99490.12
7727.957212641,14344,99502.42,96327.72,99500.16,102492.52,99501.72,99511.58,99507.14,99492.18
7727.977812357,14345,99505.32,96332.74,99501.2,102483.5,99508.63,99498.6,99518.04,99485.11
7727.999039073,14346,99497.4,96335.71,99501.2,102483.5,99498.78,99507.61,99514.06,99505.12
7728.018986763,14347,99503.48,96343.71,99492.21,102484.59,99513.87,99494.62,99495.18,99489.08
7728.039733983,14348,99489.48,96344.73,99499.13,102483.5,99501.72,99503.63,99511.13,99495.99
7728.059920215,14349,99499.52,96337.76,99492.21,102475.57,99501.72,99510.53,99511.13,99494.09
7728.084165295,14350,99497.4,96351.7,99492.21,102484.59,99501.72,99506.55,99502.1,99494.09
7728.104760125,14351,99503.48,96343.71,99500.16,102483.5,99519.74,99506.55,99506.08,99487.18
7728.125255123,14352,99501.36,96356.73,99490.29,102475.57,99511.78,99499.65,99510.07,99495.12
7728.145875561,14353,99489.48,96344.73,99496.19,102476.66,99503.81,99512.64,99513.0,99485.11
7728.16632427,14354,99499.52,96359.7,99492.21,102480.62,99511.78,99511.58,99506.08,99495.99
7728.187390522,14355,99495.56,96353.75,99487.2,102476.66,99502.77,99503.63,99512.19,99490.12
7728.20755478,14356,99498.46,96351.7,99487.2,102475.57,99505.7,99498.6,99516.98,99504.09
7728.228010249,14357,99505.32,96366.77,99502.23,102475.57,99511.78,99495.67,99509.01,99487.18
7728.252412837,14358,99494.5,96377.74,99488.23,102470.51,99507.79,99504.68,99511.13,99487.18
7728.272761875,14359,99503.48,96376.71,99494.27,102480.62,99506.75,99510.53,99509.01,99492.02
7728.293105284,14360,99499.52,96372.71,99487.2,102480.62,99519.74,99511.58,99516.18,99503.06
7728.313848799,14361,99504.26,96385.73,99492.21,102476.66,99511.78,99511.58,99510.07,99494.09
7728.334984025,14362,99497.4,96389.73,99492.21,102476.66,99502.77,99502.57,99511.13,99498.06
7728.35697066,14363,99497.4,96401.72,99510.18,102467.63,99506.75,99506.55,99509.01,99493.05
7728.375465233,14364,99501.36,96383.68,99499.13,102467.63,99506.75,99510.53,99506.08,99494.09
7728.395960982,14365,99496.34,96391.68,99492.21,102467.63,99511.78,99495.67,99507.14,99492.02
7728.419757224,14366,99494.5,96399.67,99492.21,102467.63,99507.79,99499.65,99510.07,99493.05
7728.440186954,14367,99511.4,96389.63,99492.21,102477.75,99503.81,99518.48,99507.14,99493.05
7728.460811578,14368,99501.36,96408.69,99494.27,102460.79,99499.62,99511.58,99511.13,99483.05
7728.48185761,14369,99489.48,96408.69,99496.19,102460.79,99508.84,99502.57,99503.16,99487.02
7728.501972383,14370,99497.4,96407.66,99492.21,102468.72,99507.79,99512.64,99517.24,99496.15
7728.522979577,14371,99497.4,96402.75,99509.15,102466.14,99503.81,99494.62,99499.17,99492.02
7728.542946997,14372,99505.32,96404.69,99492.21,102460.79,99504.86,99500.71,99505.28,99496.15
7728.564091578,14373,99506.38,96399.67,99492.21,102460.79,99500.67,99503.63,99505.28,99490.12
7728.587793517,14374,99515.36,96413.71,99496.19,102473.38,99503.81,99499.65,99519.1,99493.05
7728.608304299,14375,99497.4,96407.66,99498.1,102471.6,99511.78,99512.64,99507.14,99496.15
7728.628905117,14376,99501.36,96407.66,99494.27,102461.88,99501.72,99505.74,99503.16,99485.11
7728.649278011,14377,99498.46,96409.71,99492.21,102458.61,99511.78,99491.7,99512.19,99494.09
7728.670100916,14378,99497.4,96407.66,99492.21,102464.76,99510.73,99510.53,99513.25,99503.06
7728.690351675,14379,99497.4,96413.71,99492.21,102467.63,99515.76,99490.64,99513.25,99495.12
7728.713207133,14380,99497.4,96410.74,99492.21,102463.67,99502.77,99495.67,99513.25,99494.09
7728.73514248,14381,99498.46,96417.71,99494.27,102454.64,99501.72,99507.61,99510.07,99490.12
7728.755769799,14382,99506.38,96416.68,99501.2,102451.77,99503.81,99515.56,99504.22,99492.02
7728.776444829,14383,99498.46,96416.68,99492.21,102459.7,99507.79,99503.63,99513.25,99492.02
7728.796988922,14384,99501.36,96415.66,99500.16,102460.79,99513.66,99501.76,99517.24,99494.09
7728.817342747,14385,99506.38,96425.7,99500.16,102459.7,99499.83,99503.63,99508.2,99497.02
7728.837906449,14386,99506.38,96425.7,99497.22,102459.7,99510.73,99503.63,99505.28,99492.02
7728.858384593,14387,99507.44,96417.71,99493.24,102445.62,99496.69,99511.58,99499.17,99486.15
7728.878985681,14388,99488.42,96425.7,99502.23,102451.77,99507.59,99495.67,99505.28,99499.96
7728.903167877,14389,99489.48,96424.68,99494.13,102455.73,99504.65,99511.58,99505.28,99498.06
7728.923783988,14390,99499.52,96421.71,99492.21,102451.77,99493.75,99494.62,99505.28,99498.93
7728.945149193,14391,99505.32,96427.65,99492.21,102442.74,99502.77,99499.65,99515.12,99492.02
7728.965178868,14392,99497.4,96425.7,99494.27,102447.8,99509.68,99509.47,99503.16,99494.09
7728.985322344,14393,99501.36,96423.65,99494.27,102447.8,99503.81,99511.58,99503.16,99494.09
7729.007208246,14394,99496.34,96425.7,99493.24,102444.92,99501.72,99494.62,99512.19,99504.09
7729.026573937,14395,99497.4,96425.7,99510.18,102447.8,99504.65,99500.71,99504.22,99500.99
7729.046949394,14396,99490.54,96430.73,99500.16,102448.89,99502.77,99500.71,99511.13,99493.05
7729.071162346,14397,99501.36,96431.65,99492.21,102443.83,99503.81,99503.63,99508.2,99495.99
7729.091796285,14398,99506.38,96431.65,99493.24,102443.83,99507.79,99511.58,99509.26,99495.99
7729.112415461,14399,99497.4,96432.67,99502.23,102434.81,99503.81,99509.47,99503.16,99500.99
7729.133112976,14400,99499.52,96435.65,99493.24,102439.87,99502.77,99499.65,99503.16,99495.12
7729.153302282,14401,99497.4,96440.67,99494.27,102439.87,99507.79,99502.57,99504.22,99504.09
7729.173914999,14402,99490.54,96433.7,99489.26,102443.83,99501.72,99499.65,99512.19,99495.12
7729.19445152,14403,99490.54,96433.7,99502.23,102430.15,99502.77,99512.64,99509.26,99500.99
7729.214998366,14404,99501.36,96429.7,99494.27,102424.69,99509.68,99493.56,99509.26,99494.09
7729.239189145,14405,99495.56,96433.7,99492.21,102436.99,99503.81,99510.53,99513.25,99492.02
7729.25980763,14406,99489.48,96441.69,99491.18,102443.83,99502.77,99515.56,99515.12,99498.06
7729.280235106,14407,99501.36,96441.69,99489.26,102429.06,99507.79,99506.55,99513.25,99497.02
7729.300873351,14408,99497.4,96437.7,99494.27,102429.06,99514.71,99495.67,99512.19,99494.09
7729.321334799,14409,99500.3,96424.68,99492.21,102435.9,99498.78,99499.65,99508.2,99500.99
7729.34193086,14410,99490.54,96428.68,99488.23,102429.06,99501.72,99500.71,99516.18,99496.15
7729.362385318,14411,99505.32,96441.69,99492.21,102424.0,99503.81,99510.53,99511.13,99497.9
7729.382962661,14412,99503.48,96435.65,99485.29,102425.79,99503.81,99500.71,99503.16,99497.02
7729.407172858,14413,99496.34,96431.65,99493.24,102436.99,99510.73,99500.71,99513.25,99500.99
7729.427785995,14414,99505.32,96436.67,99501.2,102417.16,99503.81,99505.5,99517.24,99505.99
7729.448221894,14415,99498.46,96445.69,99491.18,102439.87,99509.68,99499.65,99504.22,99494.09
7729.469440057,14416,99501.36,96441.69,99484.25,102438.08,99510.73,99495.67,99509.01,99502.03
7729.489340275,14417,99505.32,96440.67,99492.21,102427.97,99518.69,99515.56,99511.13,99494.09
7729.509985531,14418,99501.36,96441.69,99500.16,102420.03,99507.79,99511.58,99497.05,99492.02
7729.532049182,14419,99497.4,96437.7,99491.18,102421.13,99517.64,99504.68,99519.1,99492.02
7729.551143662,14420,99499.52,96446.72,99493.24,102427.97,99502.77,99517.43,99511.13,99490.99
7729.575021056,14421,99505.32,96437.7,99488.23,102421.13,99514.71,99513.45,99503.16,99495.12
7729.596803252,14422,99489.48,96439.64,99492.21,102429.75,99502.77,99498.6,99510.07,99500.99
7729.616708699,14423,99501.36,96446.61,99493.24,102427.97,99510.73,99484.56,99511.13,99502.03
7729.637076234,14424,99498.46,96441.69,99501.2,102413.89,99508.63,99510.53,99515.12,99488.05
7729.657806088,14425,99504.26,96442.72,99492.21,102416.07,99510.73,99510.53,99511.13,99490.12
7729.677914973,14426,99511.12,96433.7,99509.15,102416.07,99515.76,99507.61,99515.12,99499.96
7729.698686249,14427,99509.28,96433.7,99494.27,102411.01,99505.7,99511.58,99503.16,99490.12
7729.719092893,14428,99505.32,96442.72,99500.16,102421.13,99501.72,99506.55,99507.14,99503.06
7729.744321872,14429,99497.4,96453.69,99499.13,102417.85,99510.73,99511.58,99515.12,99493.05
7729.763244202,14430,99505.32,96439.64,99501.2,102413.89,99503.81,99506.55,99501.04,99493.05
7729.786247534,14431,99505.32,96449.69,99492.21,102421.13,99515.76,99495.67,99510.07,99500.99
7729.80500867,14432,99500.3,96449.69,99492.21,102413.89,99506.75,99503.63,99502.1,99502.03
7729.825030623,14433,99505.32,96441.69,99495.16,102417.16,99507.79,99498.6,99509.01,99500.99
7729.846036284,14434,99505.32,96449.69,99476.3,102421.13,99501.72,99503.63,99501.04,99490.12
7729.865989433,14435,99500.3,96441.69,99488.23,102418.25,99509.68,99503.63,99506.08,99499.96
7729.890158038,14436,99498.46,96457.68,99498.25,102412.1,99507.79,99510.53,99516.98,99500.99
7729.910786197,14437,99497.4,96446.72,99488.23,102414.28,99518.69,99495.67,99501.04,99495.99
7729.931226373,14438,99505.32,96449.69,99502.23,102413.19,99504.65,99512.64,99508.2,99492.02
7729.951873882,14439,99496.34,96441.69,99500.16,102413.19,99500.67,99499.65,99511.13,99495.99
7729.972295449,14440,99500.3,96457.68,99493.24,102425.09,99513.66,99505.5,99506.08,99495.99
7729.992950279,14441,99491.32,96447.64,99502.23,102411.01,99503.81,99507.61,99503.16,99495.83
7730.0135521,14442,99496.34,96449.69,99490.15,102422.22,99504.65,99502.57,99506.08,99503.93
7730.033923671,14443,99500.3,96448.66,99492.21,102414.98,99503.81,99510.53,99509.01,99494.09
7730.058177074,14444,99499.24,96449.69,99501.2,102417.16,99505.7,99502.57,99511.13,99499.09
7730.078793456,14445,99498.46,96447.64,99499.13,102413.19,99502.77,99511.58,99511.13,99502.03
7730.099430419,14446,99496.34,96441.69,99501.2,102414.98,99510.73,99511.58,99507.14,99493.05
7730.120043026,14447,99497.4,96446.72,99498.25,102416.07,99499.83,99511.58,99519.1,99502.03
7730.140399434,14448,99498.46,96453.69,99500.16,102416.07,99508.63,99503.63,99523.09,99493.05
7730.161179945,14449,99493.44,96444.67,99504.14,102417.16,99502.77,99507.61,99507.14,99490.99
7730.181473128,14450,99506.38,96451.63,99500.16,102421.13,99507.79,99494.62,99511.13,99503.06
7730.201949158,14451,99503.2,96447.64,99501.2,102412.1,99514.71,99495.67,99510.07,99486.15
7730.226249432,14452,99495.28,96458.6,99493.24,102421.13,99517.64,99501.52,99503.16,99497.02
7730.249052171,14453,99502.42,96449.69,99500.16,102412.1,99518.69,99512.64,99516.98,99492.02
7730.267261212,14454,99501.36,96441.69,99492.21,102416.07,99509.68,99502.57,99509.01,99494.09
7730.28788828,14455,99496.34,96461.68,99504.14,102422.22,99509.68,99509.47,99513.0,99499.96
7730.308300603,14456,99496.34,96449.69,99490.15,102412.1,99504.65,99511.58,99501.04,99489.08
7730.330055236,14457,99493.44,96448.66,99502.23,102417.16,99502.77,99509.47,99509.01,99503.93
7730.349446986,14458,99506.38,96439.64,99492.21,102412.1,99511.78,99511.58,99509.01,99490.99
7730.36995837,14459,99496.34,96462.71,99496.19,102417.85,99504.65,99505.5,99506.08,99489.08
7730.39420992,14460,99501.36,96449.69,99492.21,102413.19,99510.73,99495.67,99502.1,99492.02
7730.41480512,14461,99501.36,96448.66,99488.23,102413.89,99510.73,99511.58,99507.14,99494.09
7730.435245295,14462,99505.32,96449.69,99501.2,102406.35,99518.69,99501.52,99520.16,99489.96
7730.455909299,14463,99497.4,96444.67,99496.19,102421.13,99510.73,99510.53,99510.07,99495.99
7730.476373331,14464,99488.42,96457.68,99500.16,102413.19,99513.66,99492.51,99503.16,99492.02
7730.499136671,14465,99497.4,96444.67,99491.18,102416.07,99508.63,99506.55,99508.2,99488.05
7730.518453677,14466,99506.38,96461.68,99492.21,102420.03,99510.73,99503.63,99514.06,99492.02
7730.538664265,14467,99500.3,96457.68,99500.16,102416.07,99506.75,99499.65,99513.0,99499.96
7730.562218581,14468,99497.4,96450.71,99489.12,102411.01,99507.79,99511.58,99516.98,99490.99
7730.583034825,14469,99505.32,96458.71,99493.24,102412.1,99503.6,99499.65,99502.1,99498.93
7730.60397043,14470,99497.4,96452.66,99493.1,102417.16,99510.73,99497.54,99504.22,99492.02
7730.624019504,14471,99496.34,96452.66,99493.24,102409.92,99509.68,99509.47,99507.14,99501.87
7730.644390916,14472,99498.46,96448.66,99500.16,102427.97,99500.67,99503.63,99511.13,99492.02
7730.665341693,14473,99489.48,96449.69,99492.21,102411.01,99505.7,99497.54,99509.01,99499.96
7730.685611031,14474,99501.36,96455.63,99487.2,102414.28,99513.66,99494.62,99513.0,99493.05
7730.70624571,14475,99513.24,96458.71,99500.16,102412.1,99505.7,99505.5,99505.02,99484.08
7730.7302124,14476,99498.46,96448.66,99492.21,102417.16,99505.7,99503.63,99503.16,99499.96
7730.750865858,14477,99496.34,96456.66,99496.19,102414.28,99513.66,99513.45,99506.08,99501.87
7730.77129737,14478,99497.4,96450.71,99500.16,102417.16,99496.69,99493.56,99515.12,99489.96
7730.791984529,14479,99498.46,96455.63,99501.2,102416.07,99503.6,99495.67,99502.1,99502.03
7730.812357173,14480,99499.52,96452.66,99492.21,102422.22,99510.73,99518.48,99510.07,99487.02
7730.832960024,14481,99499.24,96449.69,99495.16,102420.03,99505.7,99506.55,99510.07,99493.05
7730.853416625,14482,99493.44,96456.66,99501.2,102417.16,99501.72,99511.58,99508.2,99498.93
7730.87525156,14483,99504.26,96449.69,99499.13,102416.07,99503.6,99505.5,99505.02,99494.09
7730.897801266,14484,99500.3,96464.65,99507.09,102418.25,99503.81,99521.4,99506.08,99493.93
7730.918845114,14485,99500.3,96456.66,99492.21,102420.03,99500.67,99503.63,99502.1,99495.99
7730.93937137,14486,99501.36,96457.68,99500.16,102412.1,99510.73,99495.67,99518.04,99485.99
7730.959925067,14487,99501.36,96453.69,99498.25,102413.19,99507.79,99503.63,99505.02,99499.96
7730.98037665,14488,99496.34,96451.63,99493.24,102424.0,99519.74,99510.53,99510.07,99494.09
7731.000975315,14489,99497.4,96457.68,99492.21,102416.07,99506.75,99500.46,99510.07,99499.96
7731.021433017,14490,99501.36,96454.71,99491.18,102416.07,99513.66,99512.64,99507.95,99495.99
7731.042248851,14491,99496.34,96456.66,99492.21,102412.1,99506.75,99503.63,99507.95,99489.08
7731.065806802,14492,99502.14,96448.66,99508.12,102420.03,99508.63,99501.52,99511.13,99497.9
7731.086328311,14493,99493.44,96458.71,99500.16,102420.03,99503.6,99510.53,99514.06,99508.93
7731.107016111,14494,99500.3,96449.69,99495.16,102413.19,99508.63,99501.52,99505.02,99498.93
7731.128115533,14495,99496.34,96458.71,99491.18,102413.19,99513.66,99513.69,99509.01,99499.96
7731.148013889,14496,99497.4,96452.66,99500.16,102405.26,99508.63,99515.56,99501.04,99499.96
7731.169062625,14497,99496.34,96457.68,99500.16,102416.07,99517.64,99519.54,99513.0,99503.93
7731.190186044,14498,99493.44,96448.66,99488.23,102412.1,99507.59,99505.5,99509.01,99495.99
7731.213209477,14499,99495.28,96458.71,99490.15,102413.19,99503.81,99503.63,99506.08,99488.93
7731.234725309,14500,99499.24,96445.69,99500.16,102408.14,99508.63,99493.56,99516.98,99498.06
7731.254287487,14501,99505.32,96455.63,99492.21,102421.13,99514.71,99509.47,99513.0,99502.03
7731.274883598,14502,99505.32,96449.69,99491.18,102413.19,99501.72,99501.52,99511.13,99484.08
7731.295547993,14503,99496.34,96450.71,99504.14,102417.16,99505.7,99506.55,99511.13,99497.02
7731.317154382,14504,99501.36,96455.74,99491.18,102414.28,99516.6,99505.5,99509.01,99494.96
7731.336418039,14505,99497.4,96457.68,99496.19,102413.19,99514.71,99497.54,99518.04,99492.02
7731.357049303,14506,99496.34,96457.68,99496.19,102413.89,99500.67,99497.54,99507.95,99500.99
7731.381246381,14507,99501.36,96452.66,99491.18,102427.97,99507.59,99511.58,99513.0,99490.99
7731.401839898,14508,99496.34,96452.66,99500.16,102416.07,99506.75,99500.46,99507.95,99499.96
7731.422302398,14509,99504.26,96457.68,99492.21,102420.03,99498.78,99511.58,99507.14,99492.02
7731.442960432,14510,99497.4,96453.69,99488.23,102420.03,99512.62,99493.56,99501.04,99492.02
7731.463339836,14511,99497.4,96447.64,99492.21,102413.19,99506.75,99496.49,99494.93,99499.96
7731.483958832,14512,99509.28,96457.68,99488.23,102412.1,99504.65,99494.62,99513.0,99498.93
7731.504419789,14513,99500.3,96448.66,99491.18,102404.17,99509.68,99509.47,99509.01,99492.02
7731.525028369,14514,99503.2,96455.63,99491.18,102394.05,99506.75,99497.54,99509.01,99482.02
7731.549217575,14515,99505.32,96457.68,99500.16,102394.05,99507.59,99511.58,99506.08,99507.9
7731.571236929,14516,99505.32,96461.68,99492.21,102391.18,99503.6,99511.58,99513.0,99499.96
7731.590355796,14517,99509.28,96449.69,99498.1,102395.15,99505.7,99498.6,99509.01,99492.02
7731.611054763,14518,99503.2,96460.65,99492.21,102396.24,99508.63,99501.52,99507.14,99490.99
7731.631489511,14519,99501.36,96447.64,99496.19,102397.33,99507.59,99497.54,99515.92,99488.05
7731.652027414,14520,99505.32,96455.63,99500.16,102396.24,99509.68,99509.47,99507.14,99499.96
7731.672603074,14521,99500.3,96461.68,99492.21,102392.27,99515.55,99497.54,99515.12,99501.87
7731.6932349,14522,99503.2,96457.68,99500.16,102394.05,99508.63,99504.44,99505.02,99499.96
7731.717409994,14523,99500.3,96464.65,99499.13,102394.05,99503.6,99497.54,99510.07,99500.99
7731.737856129,14524,99493.44,96455.63,99499.13,102396.24,99499.62,99506.55,99509.01,99494.96
7731.758262643,14525,99505.32,96458.71,99498.1,102383.25,99507.59,99501.52,99509.01,99493.05
7731.779016543,14526,99497.4,96456.66,99490.15,102397.33,99510.73,99515.56,99511.94,99497.02
7731.799392812,14527,99501.36,96457.68,99493.1,102388.3,99502.77,99509.47,99516.98,99499.96
7731.820018919,14528,99497.4,96455.63,99491.18,102392.27,99511.78,99501.52,99509.01,99496.87
7731.841365125,14529,99501.36,96457.68,99499.13,102404.17,99505.7,99517.43,99503.96,99499.96
7731.860937378,14530,99496.34,96453.69,99492.21,102394.05,99517.64,99505.5,99503.96,99492.02
7731.885240075,14531,99489.48,96469.67,99493.1,102400.2,99496.69,99503.63,99513.0,99492.02
7731.907129813,14532,99504.26,96456.66,99483.22,102396.24,99507.59,99513.45,99501.04,99499.96
7731.926389023,14533,99501.36,96461.68,99491.18,102386.12,99502.77,99497.54,99510.07,99492.02
7731.946970632,14534,99496.34,96452.66,99500.16,102394.05,99511.57,99499.41,99510.07,99502.9
7731.967395204,14535,99497.4,96450.71,99500.16,102392.27,99514.71,99510.53,99511.13,99509.81
7731.988834911,14536,99500.3,96452.66,99498.1,102392.96,99516.6,99509.47,99511.94,99485.99
7732.008647988,14537,99505.32,96449.69,99490.15,102396.24,99501.72,99509.47,99505.02,99498.93
7732.02953565,14538,99500.3,96455.63,99491.18,102386.12,99509.68,99497.54,99511.94,99489.96
7732.054140656,14539,99491.32,96455.63,99492.21,102381.46,99512.62,99509.47,99513.0,99503.93
7732.074120254,14540,99496.34,96445.69,99496.19,102392.27,99509.68,99501.52,99502.1,99492.02
7732.094393167,14541,99495.28,96444.67,99483.22,102396.24,99511.57,99505.5,99505.02,99497.9
7732.115127848,14542,99487.36,96456.66,99496.19,102396.24,99499.62,99514.5,99511.94,99503.06
7732.135487171,14543,99488.42,96443.74,99499.13,102392.27,99504.65,99493.56,99502.1,99480.99
7732.15633303,14544,99496.34,96445.69,99508.12,102389.39,99499.62,99505.5,99509.01,99507.9
7732.177233191,14545,99505.32,96450.71,99492.21,102384.34,99505.7,99513.45,99505.02,99489.96
7732.198304472,14546,99495.28,96450.71,99500.16,102396.24,99517.64,99500.46,99510.07,99493.93
7732.220838704,14547,99506.38,96435.65,99496.19,102396.24,99499.62,99503.63,99506.08,99495.99
7732.241982955,14548,99495.28,96441.69,99492.21,102397.33,99508.63,99511.58,99505.02,99501.87
7732.262097958,14549,99513.24,96441.69,99493.24,102393.36,99511.78,99503.63,99514.06,99497.9
7732.283099633,14550,99506.38,96441.69,99501.2,102394.05,99503.6,99514.5,99503.16,99492.9
7732.30348759,14551,99508.22,96453.69,99498.1,102396.24,99505.7,99501.52,99509.01,99497.9
7732.324018713,14552,99502.14,96443.64,99491.18,102396.24,99505.7,99510.53,99519.1,99490.99
7732.345634987,14553,99503.2,96443.64,99496.19,102390.49,99495.64,99501.52,99510.07,99497.9
7732.366540046,14554,99495.28,96445.69,99489.26,102396.24,99513.66,99509.47,99511.13,99498.93
7732.390102093,14555,99505.32,96441.69,99497.07,102409.23,99508.63,99511.58,99509.01,99495.99
7732.409259519,14556,99493.44,96443.64,99492.21,102392.27,99508.63,99493.56,99502.1,99506.87
7732.430107371,14557,99499.24,96445.69,99495.16,102392.27,99511.57,99501.52,99519.1,99490.99
7732.4511383,14558,99504.26,96445.69,99494.13,102396.24,99504.65,99512.4,99499.98,99498.93
7732.471003716,14559,99496.34,96446.72,99491.18,102389.39,99504.65,99505.5,99509.01,99489.96
7732.492465336,14560,99505.32,96441.69,99499.13,102395.15,99513.66,99497.54,99503.96,99499.96
7732.512078551,14561,99499.24,96445.69,99493.1,102396.24,99512.62,99499.41,99507.95,99489.96
7732.536230821,14562,99493.44,96447.64,99492.21,102398.02,99505.49,99505.5,99516.98,99499.96
7732.556967615,14563,99503.2,96442.72,99500.16,102394.05,99501.72,99505.5,99509.01,99492.02
7732.57738117,14564,99497.4,96446.72,99494.13,102396.24,99505.7,99501.52,99509.01,99498.93
7732.598302073,14565,99505.32,96436.67,99500.16,102390.09,99505.7,99509.47,99513.0,99488.93
7732.618540183,14566,99499.24,96441.69,99488.23,102393.36,99515.55,99509.47,99518.04,99497.9
7732.63906094,14567,99505.32,96439.64,99492.21,102396.24,99512.62,99508.42,99509.01,99497.9
7732.660035544,14568,99505.32,96441.69,99491.18,102394.05,99512.62,99508.42,99509.01,99489.96
7732.68011888,14569,99499.24,96437.7,99499.13,102389.39,99505.7,99508.42,99513.0,99497.9
7732.704261165,14570,99492.38,96442.72,99492.21,102397.33,99500.67,99511.58,99515.92,99499.96
7732.72510469,14571,99495.28,96440.67,99502.08,102397.33,99511.57,99514.5,99518.04,99498.93
7732.7453425,14572,99496.34,96436.67,99499.13,102392.27,99515.55,99493.56,99514.06,99492.02
7732.766015478,14573,99500.3,96444.67,99499.13,102396.24,99516.6,99508.42,99498.92,99499.96
7732.787066147,14574,99497.4,96445.69,99489.12,102382.16,99508.63,99494.62,99518.04,99492.02
7732.807117474,14575,99495.28,96423.65,99491.18,102400.2,99507.59,99505.74,99509.01,99492.02
7732.827450878,14576,99497.11,96441.69,99500.16,102382.16,99504.65,99510.53,99509.01,99497.02
7732.850225073,14577,99495.28,96439.64,99490.15,102403.08,99508.63,99511.58,99509.01,99494.96
7732.872369056,14578,99505.32,96437.7,99491.18,102394.05,99500.67,99511.58,99505.02,99492.02
7732.892929724,14579,99505.32,96434.72,99496.19,102397.33,99507.59,99495.67,99509.01,99485.99
7732.913355207,14580,99503.2,96425.7,99495.16,102392.27,99496.69,99506.55,99514.06,99492.02
7732.933996817,14581,99500.3,96440.67,99488.09,102396.24,99507.59,99511.58,99506.08,99493.93
7732.954374018,14582,99495.28,96433.7,99498.25,102382.16,99503.6,99501.52,99513.0,99489.08
7732.976951506,14583,99495.28,96442.72,99484.25,102396.24,99507.59,99501.52,99501.04,99498.93
7732.995471697,14584,99504.26,96436.67,99485.29,102394.05,99499.62,99509.47,99509.01,99490.99
7733.016235032,14585,99496.05,96433.7,99500.16,102384.34,99500.67,99510.53,99513.0,99493.05
7733.040269704,14586,99501.36,96432.67,99501.2,102396.24,99501.51,99510.53,99509.01,99489.96
7733.060884564,14587,99496.34,96434.72,99501.05,102404.17,99503.6,99501.52,99509.01,99498.93
7733.082210078,14588,99505.32,96433.7,99497.22,102391.18,99505.7,99509.47,99514.06,99492.02
7733.102704025,14589,99495.28,96417.71,99486.17,102389.0,99517.64,99504.44,99509.01,99493.93
7733.12242292,14590,99501.36,96423.65,99493.1,102394.05,99508.63,99493.56,99510.07,99490.99
7733.14301805,14591,99501.36,96441.69,99492.21,102388.3,99512.62,99513.45,99505.02,99495.99
7733.163483804,14592,99496.34,96430.73,99490.15,102395.15,99508.63,99509.47,99514.06,99503.93
7733.184061808,14593,99508.22,96440.67,99492.21,102394.05,99509.68,99499.41,99509.01,99497.9
7733.208320068,14594,99504.26,96432.67,99492.21,102388.3,99503.6,99493.56,99509.01,99488.05
7733.228886685,14595,99501.07,96435.75,99491.18,102390.09,99507.59,99509.47,99510.07,99492.9
7733.249369885,14596,99487.36,96430.73,99484.11,102394.05,99504.65,99510.53,99509.01,99499.96
7733.269973588,14597,99508.22,96421.71,99493.24,102397.33,99521.63,99501.52,99509.01,99493.93
7733.290427625,14598,99501.36,96425.7,99500.16,102396.24,99510.73,99513.45,99509.01,99493.93
7733.311042114,14599,99495.28,96423.65,99495.16,102394.05,99508.63,99499.65,99506.89,99503.93
7733.332554701,14600,99500.3,96426.73,99489.12,102384.34,99515.55,99509.47,99509.01,99499.96
7733.352248278,14601,99496.34,96422.73,99499.13,102388.3,99503.6,99494.62,99502.1,99496.87
7733.376284943,14602,99500.3,96423.65,99491.18,102392.27,99513.66,99500.46,99507.95,99492.02
7733.396912602,14603,99504.26,96427.75,99488.09,102383.25,99507.59,99487.72,99509.01,99485.99
7733.417465228,14604,99497.4,96428.68,99508.12,102380.37,99507.59,99499.65,99503.96,99492.02
7733.439673608,14605,99500.3,96437.7,99500.16,102392.27,99499.62,99510.53,99503.96,99492.02
7733.458437978,14606,99503.2,96421.71,99492.21,102389.39,99503.6,99501.52,99506.08,99494.96
7733.479168533,14607,99495.28,96423.65,99491.18,102380.37,99505.7,99497.54,99509.01,99493.93
7733.49948394,14608,99496.34,96423.65,99492.21,102397.33,99511.57,99501.52,99513.0,99489.96
7733.522133407,14609,99503.2,96421.71,99499.13,102396.24,99500.67,99501.52,99507.95,99489.96
7733.543881871,14610,99501.36,96423.76,99489.12,102396.24,99507.59,99502.57,99507.95,99500.99
7733.564895424,14611,99496.34,96427.75,99503.11,102380.37,99499.62,99499.65,99516.98,99497.9
7733.58509104,14612,99499.24,96422.73,99495.16,102393.36,99498.58,99501.52,99505.02,99493.93
7733.606073255,14613,99499.24,96418.73,99491.18,102384.34,99500.67,99503.39,99506.89,99499.96
7733.627156523,14614,99505.32,96425.7,99496.19,102396.24,99500.67,99507.36,99507.95,99497.9
7733.64730672,14615,99495.28,96421.71,99498.1,102392.27,99507.59,99497.54,99513.0,99498.93
7733.667543188,14616,99497.4,96423.65,99492.21,102394.05,99507.59,99501.52,99514.06,99489.96
7733.691286269,14617,99504.26,96425.7,99490.15,102396.24,99517.64,99491.46,99507.95,99497.9
7733.711887348,14618,99511.12,96433.7,99490.15,102388.3,99499.62,99513.45,99515.92,99493.93
7733.733105159,14619,99489.48,96418.73,99483.22,102380.37,99504.65,99509.47,99511.94,99499.96
7733.753120062,14620,99501.36,96417.71,99486.17,102389.39,99507.59,99508.42,99507.95,99492.9
7733.774145212,14621,99501.36,96425.7,99499.13,102392.27,99500.67,99500.46,99498.92,99497.9
7733.794248307,14622,99500.3,96417.71,99492.21,102380.37,99499.62,99505.5,99505.02,99497.9
7733.815176431,14623,99504.26,96432.67,99487.2,102382.16,99503.6,99492.51,99499.98,99497.9
7733.834995307,14624,99495.28,96427.75,99490.15,102384.34,99507.59,99498.6,99509.01,99495.83
7733.860089041,14625,99503.2,96418.73,99491.18,102393.36,99511.57,99506.55,99516.98,99497.9
7733.87995619,14626,99503.2,96434.72,99499.13,102395.15,99506.54,99501.52,99501.04,99501.87
7733.90178122,14627,99495.28,96417.71,99491.18,102389.39,99509.68,99504.44,99503.96,99495.83
7733.920982672,14628,99499.24,96424.68,99499.13,102397.33,99505.7,99514.5,99509.01,99492.9
7733.942432925,14629,99495.28,96425.7,99497.22,102388.3,99499.62,99508.42,99516.98,99484.96
7733.962033471,14630,99503.2,96425.7,99493.1,102387.21,99508.63,99501.52,99514.06,99488.93
7733.984202892,14631,99499.24,96429.7,99491.18,102384.34,99495.64,99506.31,99509.01,99498.93
7734.003114916,14632,99495.28,96425.7,99491.18,102388.3,99497.53,99504.44,99499.98,99503.93
7734.027270811,14633,99497.4,96418.73,99489.12,102381.46,99501.72,99509.47,99507.95,99497.9
7734.047908656,14634,99497.4,96418.73,99495.16,102378.19,99504.65,99499.41,99501.04,99490.99
7734.068376113,14635,99500.3,96433.7,99495.16,102394.05,99517.64,99504.44,99497.05,99489.96
7734.09096623,14636,99506.38,96416.68,99483.22,102397.33,99508.63,99500.46,99506.89,99497.9
7734.109456867,14637,99494.22,96426.73,99493.1,102384.34,99495.64,99507.36,99509.01,99496.87
7734.13017982,14638,99495.28,96414.74,99500.16,102396.24,99511.57,99508.42,99503.96,99493.93
7734.150499143,14639,99503.2,96417.71,99502.23,102384.34,99511.57,99508.42,99513.0,99498.93
7734.172158732,14640,99505.32,96421.71,99496.19,102392.27,99504.65,99491.46,99506.89,99498.93
7734.195333865,14641,99496.34,96422.73,99503.11,102397.33,99507.59,99506.31,99519.1,99497.9
7734.216070959,14642,99501.07,96418.73,99494.13,102382.16,99512.62,99516.37,99509.01,99494.96
7734.236434078,14643,99503.2,96418.73,99500.16,102404.17,99507.59,99497.54,99516.98,99495.83
7734.260601742,14644,99503.2,96424.68,99500.16,102400.2,99503.6,99508.42,99507.95,99506.87
7734.277427801,14645,99491.32,96425.7,99492.21,102392.27,99499.62,99512.4,99516.98,99505.84
7734.298041569,14646,99503.2,96426.73,99483.22,102404.17,99499.62,99509.47,99510.88,99497.9
7734.321141868,14647,99508.22,96426.73,99500.16,102394.05,99504.65,99513.45,99509.01,99496.87
7734.339111026,14648,99504.26,96428.68,99490.15,102404.17,99500.67,99509.47,99507.95,99498.93
7734.363315395,14649,99499.24,96425.7,99490.15,102398.42,99499.62,99496.49,99501.04,99493.93
7734.384151369,14650,99504.26,96425.7,99496.19,102401.29,99511.57,99509.47,99514.06,99497.9
7734.404441237,14651,99500.3,96425.7,99488.09,102387.21,99508.63,99515.32,99514.86,99510.84
7734.426302382,14652,99502.14,96426.73,99498.1,102392.27,99503.6,99500.46,99510.88,99492.9
7734.445433177,14653,99497.4,96433.7,99492.21,102396.24,99509.68,99496.49,99505.02,99505.84
7734.468058087,14654,99500.3,96421.71,99492.21,102381.06,99512.62,99513.45,99509.01,99493.93
7734.486557888,14655,99499.24,96425.7,99487.2,102401.29,99500.67,99509.47,99515.12,99493.93
7734.507387863,14656,99499.24,96424.68,99499.13,102388.3,99512.62,99508.42,99502.1,99494.96
7734.532038807,14657,99495.28,96424.68,99491.18,102388.3,99507.59,99503.39,99499.98,99485.99
7734.553073732,14658,99488.42,96426.73,99496.19,102387.21,99507.59,99512.4,99502.1,99487.9
7734.572366632,14659,99495.28,96409.71,99487.2,102405.26,99507.59,99489.35,99501.04,99493.93
7734.593082315,14660,99495.28,96421.71,99493.1,102397.33,99513.66,99509.47,99497.05,99497.9
7734.613526727,14661,99496.34,96420.68,99498.1,102396.24,99511.57,99497.54,99507.95,99501.87
7734.634115727,14662,99494.22,96420.68,99496.19,102394.05,99506.54,99506.31,99502.1,99488.93
7734.654451495,14663,99504.26,96413.71,99498.1,102405.95,99504.65,99508.42,99511.94,99485.99
7734.675273548,14664,99495.28,96424.68,99503.11,102396.24,99507.59,99510.53,99501.04,99497.9
7734.699323333,14665,99493.15,96413.71,99489.12,102405.26,99504.65,99517.43,99513.0,99494.8
7734.720116482,14666,99499.24,96426.73,99491.18,102397.33,99507.59,99515.32,99502.1,99494.96
7734.742123928,14667,99496.34,96423.65,99500.16,102396.24,99517.64,99500.46,99519.1,99493.93
7734.761229555,14668,99497.11,96430.73,99491.18,102404.17,99503.6,99505.5,99510.07,99489.96
7734.783175969,14669,99498.18,96427.75,99499.13,102398.42,99507.79,99491.46,99510.07,99492.9
7734.803041485,14670,99502.14,96425.7,99491.18,102392.27,99504.65,99503.39,99505.02,99505.84
7734.822662802,14671,99494.22,96415.66,99499.13,102401.99,99504.65,99507.36,99511.13,99497.9
7734.843255909,14672,99499.24,96417.71,99492.21,102400.2,99507.59,99508.42,99514.86,99495.83
7734.866933471,14673,99511.12,96414.74,99492.21,102396.24,99511.57,99507.36,99509.01,99489.96
7734.888075048,14674,99503.2,96417.71,99489.12,102391.18,99499.62,99508.42,99506.08,99488.93
7734.908100306,14675,99503.2,96420.68,99491.18,102394.05,99504.65,99493.56,99501.04,99497.9
7734.929158135,14676,99502.14,96418.73,99492.21,102396.24,99515.55,99509.47,99506.89,99498.93
7734.949797092,14677,99503.2,96417.71,99491.18,102412.1,99499.62,99502.57,99507.95,99495.83
7734.970231619,14678,99503.2,96417.71,99504.14,102394.05,99499.62,99497.54,99510.07,99497.9
7734.990746587,14679,99506.09,96426.73,99503.11,102404.17,99507.59,99500.46,99523.09,99497.9
7735.01428587,14680,99496.34,96422.73,99495.16,102401.99,99503.6,99512.4,99507.95,99497.9
7735.034930705,14681,99499.24,96417.71,99489.12,102392.27,99508.63,99507.36,99506.89,99489.96
7735.057216212,14682,99501.07,96425.7,99500.16,102395.15,99507.59,99493.56,99507.95,99497.9
7735.076008695,14683,99498.18,96422.73,99497.07,102401.99,99500.67,99507.36,99516.98,99489.96
7735.098673425,14684,99503.2,96417.71,99501.2,102401.99,99504.65,99493.56,99505.02,99497.9
7735.117125494,14685,99499.24,96423.76,99491.18,102404.17,99496.69,99491.46,99506.89,99489.96
7735.13820108,14686,99503.2,96409.71,99498.1,102396.24,99515.55,99508.42,99507.95,99497.9
7735.158259348,14687,99504.26,96421.71,99502.08,102404.17,99505.49,99506.31,99505.02,99493.77
7735.182308643,14688,99500.3,96418.73,99490.15,102396.24,99503.6,99498.35,99515.92,99492.9
7735.202924273,14689,99496.34,96417.71,99499.13,102404.17,99501.51,99510.29,99526.02,99489.96
7735.223362035,14690,99503.2,96418.73,99496.19,102401.99,99515.55,99508.42,99509.01,99497.9
7735.244022314,14691,99500.3,96422.73,99507.09,102404.17,99507.59,99509.47,99506.89,99493.93
7735.264422228,14692,99487.36,96426.73,99490.15,102396.24,99507.59,99516.37,99510.88,99491.87
7735.285118341,14693,99495.28,96425.7,99506.06,102403.08,99523.51,99501.52,99509.01,99492.9
7735.306097031,14694,99501.36,96419.76,99495.16,102394.05,99504.65,99513.45,99515.92,99495.83
7735.327220861,14695,99486.3,96416.68,99504.14,102404.17,99503.6,99495.43,99509.01,99497.9
7735.350318235,14696,99503.2,96425.7,99488.09,102404.17,99503.6,99501.52,99503.96,99492.9
7735.372084516,14697,99488.42,96422.73,99495.16,102403.08,99508.63,99508.42,99506.89,99489.96
7735.391391888,14698,99495.28,96419.76,99504.0,102394.05,99507.59,99492.51,99509.01,99497.9
7735.41219309,14699,99500.3,96426.73,99498.1,102404.17,99499.62,99512.4,99509.01,99497.9
7735.432465622,14700,99501.36,96417.71,99502.08,102403.08,99505.7,99509.47,99515.92,99500.84
7735.453105229,14701,99501.36,96418.73,99481.16,102409.92,99509.47,99508.42,99503.96,99494.8
7735.47360212,14702,99499.24,96418.73,99492.21,102394.05,99511.57,99507.36,99507.14,99497.9
7735.494558607,14703,99496.34,96411.66,99492.21,102395.15,99506.54,99521.4,99516.98,99496.87
7735.518348188,14704,99503.2,96413.71,99490.15,102412.1,99507.59,99509.47,99501.04,99496.87
7735.538917289,14705,99495.28,96425.7,99487.2,102403.08,99508.63,99492.51,99503.96,99500.84
7735.559411857,14706,99495.28,96415.66,99492.21,102400.2,99506.54,99512.4,99501.04,99496.87
7735.58220414,14707,99503.2,96421.71,99490.15,102404.17,99503.6,99499.41,99499.98,99496.87
7735.600477348,14708,99498.18,96421.71,99490.15,102411.01,99499.62,99507.36,99516.98,99495.83
7735.621094871,14709,99495.28,96417.71,99507.09,102401.99,99503.6,99501.52,99502.1,99499.8
7735.641644663,14710,99497.4,96416.68,99492.21,102398.02,99505.7,99509.47,99518.04,99489.96
7735.662287725,14711,99500.3,96426.73,99496.19,102401.99,99503.6,99491.46,99507.95,99495.83
7735.686345202,14712,99497.11,96426.73,99491.18,102397.33,99500.67,99517.43,99507.14,99485.99
7735.7072827,14713,99493.15,96425.7,99495.16,102390.09,99503.6,99515.32,99507.95,99486.86
7735.727363361,14714,99503.2,96419.76,99491.18,102409.92,99515.55,99508.42,99505.02,99504.81
7735.749334883,14715,99495.28,96409.71,99492.21,102401.99,99507.59,99497.54,99507.95,99491.87
7735.768512749,14716,99487.36,96414.74,99503.11,102401.99,99514.5,99508.42,99509.01,99491.87
7735.790182565,14717,99504.26,96427.75,99499.13,102405.26,99506.54,99512.4,99503.96,99497.9
7735.809541114,14718,99500.3,96417.71,99502.08,102409.23,99511.57,99497.54,99516.98,99488.93
7735.830148863,14719,99505.32,96417.71,99490.15,102409.92,99507.59,99511.34,99515.92,99488.93
7735.854337128,14720,99487.36,96416.68,99502.08,102395.15,99519.53,99509.47,99505.02,99493.77
7735.874956234,14721,99499.24,96417.71,99494.13,102401.99,99498.58,99512.4,99505.83,99491.87
7735.895476531,14722,99503.2,96417.71,99492.21,102401.99,99508.63,99510.53,99509.82,99497.9
7735.916108276,14723,99504.26,96431.75,99496.19,102404.86,99515.55,99516.37,99507.95,99487.9
7735.936609404,14724,99501.36,96419.76,99491.18,102412.1,99515.55,99507.36,99510.07,99487.9
7735.958212829,14725,99499.24,96417.71,99490.15,102404.17,99505.49,99515.32,99518.04,99497.9
7735.978157945,14726,99504.26,96421.71,99497.07,102404.17,99505.7,99515.32,99511.94,99489.96
7735.999327274,14727,99502.14,96414.74,99499.13,102396.24,99507.59,99507.36,99510.88,99489.96
7736.024846131,14728,99503.2,96409.71,99497.07,102412.1,99505.49,99512.4,99509.01,99497.9
7736.043005797,14729,99487.36,96423.76,99489.12,102404.17,99510.52,99516.37,99506.89,99492.9
7736.06489895,14730,99499.24,96410.74,99498.1,102406.35,99505.7,99516.37,99507.95,99484.96
7736.084106702,14731,99503.2,96415.76,99508.12,102405.26,99515.55,99509.47,99503.96,99489.96
7736.104473175,14732,99497.4,96423.76,99490.15,102409.92,99504.65,99503.39,99502.9,99501.87
7736.12557407,14733,99503.2,96413.71,99498.1,102409.92,99507.38,99507.36,99502.9,99497.9
7736.145589564,14734,99488.42,96426.73,99493.1,102401.99,99499.62,99515.32,99506.89,99505.84
7736.166590037,14735,99503.2,96414.74,99489.12,102405.95,99511.57,99517.43,99510.88,99495.83
7736.189961606,14736,99505.32,96418.73,99498.1,102394.05,99506.54,99500.46,99497.86,99497.9
7736.211003642,14737,99504.26,96419.76,99490.15,102412.1,99508.63,99508.42,99507.95,99495.83
7736.23141921,14738,99496.34,96409.71,99489.12,102412.1,99511.57,99495.43,99506.89,99492.9
7736.252078727,14739,99495.28,96411.77,99499.13,102412.1,99496.69,99508.42,99507.95,99496.87
7736.273448168,14740,99504.26,96413.71,99489.12,102404.17,99503.6,99508.42,99505.02,99497.9
7736.29315159,14741,99500.3,96414.74,99490.15,102405.95,99514.5,99508.42,99514.86,99497.9
7736.313640929,14742,99495.28,96418.73,99497.07,102407.04,99506.54,99513.45,99506.89,99501.87
7736.337570433,14743,99500.3,96417.71,99497.07,102409.92,99511.57,99512.4,99510.88,99496.87
7736.358060353,14744,99495.28,96417.71,99502.08,102405.95,99515.55,99508.42,99495.99,99496.87
7736.37895753,14745,99501.36,96419.76,99477.19,102409.92,99503.6,99507.36,99506.89,99491.87
7736.399104943,14746,99493.15,96419.76,99486.17,102412.1,99494.59,99509.47,99505.83,99493.93
7736.421102454,14747,99499.24,96415.76,99502.08,102401.99,99495.43,99498.35,99514.86,99500.84
7736.440109381,14748,99507.16,96417.71,99492.21,102414.98,99505.49,99503.39,99501.84,99488.93
7736.462197169,14749,99503.2,96413.71,99496.19,102411.7,99511.57,99495.43,99514.86,99497.9
7736.481560396,14750,99508.22,96417.71,99496.19,102412.1,99510.52,99507.36,99507.95,99496.87
7736.505340372,14751,99504.26,96413.71,99494.13,102404.17,99502.56,99507.36,99510.88,99488.93
7736.528344546,14752,99503.2,96420.68,99490.15,102401.99,99511.57,99507.36,99498.92,99498.77
7736.546424722,14753,99503.2,96429.7,99489.12,102414.98,99505.49,99496.49,99505.02,99491.87
7736.56990148,14754,99495.28,96419.76,99499.13,102409.92,99501.51,99491.46,99498.92,99487.9
7736.587503694,14755,99499.24,96413.71,99496.19,102421.13,99506.54,99508.42,99505.83,99495.83
7736.609172798,14756,99496.34,96423.65,99490.15,102412.1,99506.54,99507.36,99506.89,99496.87
7736.629263956,14757,99491.32,96419.76,99490.15,102408.14,99503.6,99491.46,99506.89,99497.9
7736.649220109,14758,99494.22,96408.69,99499.13,102407.04,99507.59,99499.41,99511.94,99495.83
7736.673360391,14759,99496.34,96422.73,99497.07,102412.1,99515.55,99499.41,99509.01,99487.9
7736.693968531,14760,99490.26,96419.76,99503.11,102405.95,99497.53,99496.49,99511.94,99491.71
7736.715102225,14761,99501.36,96427.75,99502.08,102409.92,99500.46,99511.34,99509.01,99486.86
7736.735088354,14762,99506.09,96414.74,99499.13,102409.23,99515.55,99511.34,99506.89,99495.83
7736.757068719,14763,99500.3,96409.71,99496.04,102418.94,99505.49,99515.32,99506.89,99489.96
7736.776087124,14764,99502.14,96415.66,99490.15,102409.92,99508.43,99503.39,99507.95,99495.83
7736.796597706,14765,99504.26,96425.7,99501.05,102420.03,99507.59,99487.48,99499.98,99497.9
7736.817264334,14766,99503.2,96413.71,99494.13,102409.92,99514.5,99496.49,99499.98,99482.02
7736.841380359,14767,99504.26,96415.66,99490.15,102416.07,99506.54,99501.52,99513.8,99488.93
7736.861991042,14768,99493.44,96418.73,99499.13,102416.07,99508.63,99499.41,99514.86,99493.77
7736.88312714,14769,99507.16,96419.76,99498.1,102413.89,99511.57,99508.42,99502.9,99482.02
7736.903076624,14770,99501.07,96422.73,99498.1,102407.74,99509.47,99499.41,99501.04,99504.81
7736.923958738,14771,99502.14,96415.66,99494.13,102412.1,99501.51,99509.47,99506.89,99496.87
7736.944139261,14772,99503.2,96428.78,99490.15,102412.1,99507.59,99493.32,99506.89,99496.87
7736.964650314,14773,99487.36,96421.71,99489.12,102411.01,99506.54,99503.39,99514.86,99496.87
7736.98513759,14774,99497.11,96418.73,99491.18,102420.03,99500.46,99499.41,99510.88,99495.83
7737.009359225,14775,99485.24,96413.71,99491.18,102412.8,99507.59,99493.56,99509.01,99495.83
7737.031066056,14776,99504.26,96412.69,99500.16,102405.26,99497.53,99508.42,99506.89,99507.74
7737.050434431,14777,99498.18,96416.68,99488.09,102409.92,99497.53,99503.39,99514.86,99495.83
7737.071887078,14778,99501.07,96408.69,99492.06,102409.92,99499.62,99511.34,99507.95,99494.96
7737.091521915,14779,99499.24,96411.77,99498.1,102412.1,99514.5,99500.46,99501.84,99496.87
7737.112340023,14780,99508.22,96425.7,99492.06,102412.1,99507.59,99507.36,99510.88,99496.87
7737.13330391,14781,99493.15,96426.73,99499.13,102413.19,99507.59,99505.25,99515.92,99496.87
7737.153218311,14782,99498.18,96416.68,99493.1,102408.14,99507.59,99503.39,99509.01,99499.8
7737.177374817,14783,99504.26,96414.74,99494.13,102417.85,99505.49,99491.46,99515.92,99489.96
7737.198577436,14784,99500.3,96410.64,99491.18,102408.83,99507.59,99507.36,99513.0,99491.87
7737.218429221,14785,99499.24,96425.7,99492.06,102411.01,99502.56,99507.36,99516.98,99495.83
7737.23957916,14786,99493.15,96417.71,99500.02,102427.97,99497.53,99511.34,99507.95,99491.87
7737.259514122,14787,99505.32,96420.68,99489.12,102412.1,99515.55,99512.4,99506.89,99497.9
7737.280168912,14788,99491.32,96425.7,99498.1,102411.01,99513.45,99511.34,99502.9,99491.87
7737.300912546,14789,99497.4,96410.74,99498.1,102407.74,99510.52,99504.44,99513.0,99496.87
7737.323062147,14790,99495.28,96416.68,99483.22,102417.85,99497.53,99511.34,99507.95,99503.77
7737.345434205,14791,99501.07,96417.71,99489.12,102417.85,99509.47,99507.36,99505.83,99496.87
7737.366103507,14792,99495.28,96418.73,99490.15,102408.83,99504.44,99508.42,99502.9,99488.93
7737.386421748,14793,99511.12,96417.71,99495.01,102409.92,99501.51,99507.36,99511.94,99494.8
7737.407127155,14794,99502.14,96416.68,99498.1,102409.92,99516.6,99503.39,99509.01,99491.87
7737.427570154,14795,99489.19,96421.71,99504.0,102405.95,99499.62,99499.41,99506.89,99496.87
7737.448258505,14796,99506.09,96415.66,99489.12,102403.77,99505.49,99515.32,99506.89,99505.68
7737.470239141,14797,99502.14,96425.7,99501.05,102409.92,99503.6,99511.34,99513.0,99499.8
7737.489232358,14798,99495.28,96409.71,99496.19,102412.1,99497.53,99508.42,99509.01,99503.77
7737.513018184,14799,99503.2,96415.66,99499.13,102409.92,99503.6,99503.39,99502.9,99496.87
7737.534097175,14800,99496.34,96413.71,99499.13,102417.85,99518.48,99494.38,99498.92,99497.9
7737.554534456,14801,99495.28,96409.71,99492.21,102413.89,99507.59,99512.4,99502.9,99498.77
7737.577628246,14802,99503.2,96426.73,99500.16,102413.89,99506.54,99507.36,99510.88,99500.84
7737.595572616,14803,99508.22,96419.76,99484.11,102417.85,99509.47,99507.36,99502.9,99488.93
7737.616166734,14804,99499.24,96400.7,99495.16,102408.83,99515.55,99495.19,99504.77,99503.77
7737.636734293,14805,99497.11,96413.71,99502.08,102420.03,99499.62,99499.41,99510.88,99487.9
7737.660362831,14806,99488.42,96410.74,99489.12,102417.85,99513.45,99515.32,99515.92,99496.87
7737.681701155,14807,99503.2,96418.73,99501.05,102413.89,99505.49,99515.32,99513.8,99496.87
7737.70507659,14808,99497.11,96425.7,99488.23,102413.89,99502.56,99504.2,99506.89,99496.87
7737.722097874,14809,99499.24,96417.71,99497.07,102405.95,99505.49,99511.34,99506.89,99490.83
7737.744148065,14810,99499.24,96417.71,99498.1,102419.64,99502.56,99507.36,99514.86,99503.77
7737.763149754,14811,99506.09,96426.73,99495.16,102417.85,99498.58,99495.43,99512.74,99494.8
7737.784173112,14812,99501.07,96416.68,99497.07,102418.94,99515.55,99507.36,99502.9,99487.9
7737.80417857,14813,99503.2,96417.71,99488.09,102423.6,99500.46,99507.36,99510.88,99495.83
7737.828448708,14814,99504.26,96419.76,99491.18,102413.89,99508.43,99499.41,99514.86,99495.83
7737.849576764,14815,99495.28,96413.71,99498.1,102416.76,99506.54,99508.42,99506.08,99487.9
7737.870365908,14816,99498.18,96417.71,99490.15,102409.92,99508.43,99511.34,99515.92,99492.9
7737.890157733,14817,99497.11,96418.73,99489.12,102406.65,99513.45,99506.31,99509.01,99496.87
7737.910602135,14818,99504.26,96416.68,99491.18,102425.79,99509.47,99507.36,99510.88,99487.9
7737.931384037,14819,99506.09,96415.76,99481.16,102409.92,99496.48,99507.36,99506.89,99495.83
7737.953343571,14820,99499.24,96412.69,99481.16,102418.94,99498.58,99505.25,99497.86,99495.83
7737.972271229,14821,99496.34,96405.72,99494.13,102414.98,99511.57,99504.44,99507.95,99490.83
7737.996389297,14822,99493.15,96409.71,99497.07,102426.88,99499.62,99495.43,99514.86,99501.87
7738.017004948,14823,99501.07,96420.68,99487.2,102429.75,99507.59,99499.41,99506.89,99488.93
7738.037600578,14824,99495.28,96412.69,99495.16,102416.76,99505.49,99511.34,99507.95,99491.87
7738.058151752,14825,99504.26,96410.74,99495.16,102407.74,99497.53,99500.46,99506.89,99494.8
7738.078697827,14826,99499.24,96416.68,99498.1,102424.69,99514.5,99503.39,99502.9,99495.83
7738.09923534,14827,99501.07,96417.71,99490.15,102407.74,99497.53,99507.36,99506.89,99490.83
7738.119588224,14828,99503.2,96409.71,99489.12,102418.55,99502.56,99507.36,99510.88,99487.9
7738.140575667,14829,99494.22,96417.71,99498.1,102422.91,99499.62,99516.37,99506.89,99496.87
7738.164387061,14830,99493.15,96415.76,99503.11,102427.97,99515.55,99513.45,99502.9,99485.83
7738.185085057,14831,99499.24,96426.73,99497.07,102407.74,99500.46,99513.45,99514.86,99488.93
7738.206783175,14832,99497.11,96413.71,99499.13,102414.98,99501.51,99508.42,99509.01,99488.77
7738.226146942,14833,99502.14,96409.71,99499.13,102423.6,99498.58,99512.4,99514.86,99493.77
7738.246573547,14834,99496.34,96417.71,99499.13,102416.76,99496.48,99511.34,99504.77,99496.87
7738.268134258,14835,99503.2,96415.76,99493.1,102420.03,99507.59,99502.33,99500.79,99490.83
7738.287550034,14836,99499.24,96413.71,99499.13,102417.85,99499.62,99499.41,99509.82,99499.8
7738.308204003,14837,99495.28,96419.76,99490.15,102425.79,99505.49,99496.49,99502.9,99490.83
7738.332395843,14838,99485.24,96413.71,99491.18,102417.85,99501.51,99499.41,99513.8,99491.87
7738.354076895,14839,99498.18,96427.75,99490.15,102413.89,99505.49,99489.35,99503.96,99487.9
7738.373477648,14840,99493.15,96409.71,99502.08,102417.85,99496.48,99497.54,99505.83,99485.83
7738.394116054,14841,99498.18,96420.68,99507.09,102423.6,99500.46,99507.36,99507.95,99490.83
7738.415079681,14842,99505.32,96418.73,99495.16,102424.69,99498.58,99500.46,99502.9,99487.9
7738.435691136,14843,99486.3,96417.71,99489.12,102427.57,99504.44,99495.43,99510.88,99485.83
7738.456078561,14844,99495.28,96414.74,99497.07,102431.54,99505.49,99495.43,99512.74,99496.87
7738.476160455,14845,99495.28,96407.77,99497.07,102425.79,99505.49,99510.29,99523.9,99494.8
7738.500397433,14846,99497.11,96417.71,99493.1,102425.79,99497.53,99509.23,99515.92,99488.93
7738.521060666,14847,99503.2,96410.74,99491.18,102427.57,99497.53,99498.35,99515.92,99493.77
7738.541474943,14848,99499.24,96413.71,99492.06,102429.75,99501.51,99501.52,99514.86,99492.9
7738.562245908,14849,99499.24,96425.7,99497.07,102419.64,99511.57,99506.31,99496.8,99502.74
7738.583863925,14850,99498.18,96409.71,99503.11,102424.69,99498.58,99489.35,99509.82,99487.9
7738.603263727,14851,99503.2,96413.71,99496.04,102424.69,99511.57,99508.42,99504.77,99487.9
7738.62527523,14852,99493.15,96417.71,99500.16,102417.85,99496.48,99503.39,99509.82,99494.8
7738.644304381,14853,99501.07,96417.71,99492.06,102416.76,99502.56,99504.2,99507.95,99489.8
7738.668412274,14854,99493.15,96414.74,99500.02,102432.63,99509.47,99514.26,99514.86,99493.77
7738.68913731,14855,99498.18,96417.71,99493.1,102425.79,99503.6,99508.42,99500.79,99491.87
7738.70962,14856,99504.26,96422.73,99502.08,102423.6,99506.54,99506.31,99511.69,99491.87
7738.731135402,14857,99503.2,96409.71,99490.15,102435.9,99502.56,99511.34,99506.89,99497.9
7738.750581924,14858,99500.3,96410.74,99500.16,102431.54,99505.49,99514.26,99505.83,99493.77
7738.771172247,14859,99501.07,96413.71,99496.19,102433.72,99509.47,99511.34,99502.9,99485.83
7738.793940073,14860,99497.11,96417.71,99497.07,102425.79,99497.53,99494.38,99501.84,99494.8
7738.816116194,14861,99495.28,96411.66,99494.13,102430.84,99501.51,99507.36,99509.82,99495.83
7738.836071306,14862,99502.14,96418.73,99497.07,102425.79,99497.53,99507.36,99497.86,99493.77
7738.858119764,14863,99500.3,96409.71,99504.0,102425.79,99497.53,99498.35,99514.86,99493.77
7738.877496701,14864,99503.2,96410.74,99499.13,102421.82,99509.47,99499.41,99505.83,99494.8
7738.898258964,14865,99506.09,96418.73,99490.15,102425.79,99497.53,99505.25,99508.76,99487.9
7738.919167228,14866,99497.11,96410.74,99497.07,102427.97,99502.56,99507.36,99514.86,99491.87
7738.939125975,14867,99495.28,96417.71,99491.18,102433.72,99501.51,99504.2,99506.89,99487.9
7738.959694084,14868,99493.15,96423.65,99496.04,102425.79,99497.53,99506.31,99505.83,99503.77
7738.983429323,14869,99501.07,96418.73,99488.09,102419.64,99505.49,99499.41,99496.8,99493.77
7739.004759665,14870,99501.07,96410.74,99497.07,102433.72,99516.6,99503.39,99496.8,99494.8
7739.025056354,14871,99503.2,96426.73,99495.16,102432.63,99497.53,99501.52,99510.88,99487.9
7739.045097225,14872,99498.18,96412.69,99499.13,102425.79,99509.47,99508.42,99514.86,99501.71
7739.066150839,14873,99499.24,96409.71,99490.15,102421.82,99509.47,99515.32,99506.89,99495.83
7739.086178761,14874,99496.34,96409.71,99488.09,102425.79,99507.59,99500.46,99501.84,99500.84
7739.107242329,14875,99497.11,96422.73,99505.03,102432.63,99504.44,99507.36,99507.95,99493.77
7739.127628012,14876,99503.2,96409.71,99488.09,102416.76,99499.42,99499.41,99510.88,99485.83
7739.15207635,14877,99507.16,96413.71,99492.06,102425.79,99515.55,99507.36,99509.01,99495.83
7739.172031883,14878,99493.15,96408.69,99492.06,102425.79,99509.47,99507.36,99502.9,99502.74
7739.192479529,14879,99503.2,96413.71,99489.12,102425.79,99503.6,99507.36,99514.86,99493.77
7739.213115131,14880,99501.07,96413.71,99492.06,102423.6,99505.49,99499.41,99510.88,99493.77
7739.233521946,14881,99503.2,96413.71,99490.15,102433.72,99509.47,99499.41,99506.89,99485.83
7739.254240091,14882,99493.15,96417.71,99490.15,102437.68,99496.48,99503.39,99506.89,99491.87
7739.276135097,14883,99501.07,96416.68,99480.13,102433.72,99499.62,99499.41,99514.86,99495.83
7739.295750426,14884,99501.07,96423.65,99502.08,102427.57,99497.53,99491.46,99508.76,99491.71
7739.319655451,14885,99502.14,96413.71,99508.12,102433.72,99505.49,99493.32,99508.76,99485.83
7739.340089157,14886,99495.28,96409.71,99500.02,102419.64,99506.54,99503.39,99509.82,99491.87
7739.360506969,14887,99500.3,96404.69,99497.07,102434.81,99504.44,99497.3,99510.88,99493.77
7739.381134277,14888,99503.2,96424.68,99491.18,102435.5,99501.51,99495.19,99514.86,99486.86
7739.401549726,14889,99495.28,96417.71,99497.07,102437.68,99495.43,99494.38,99508.76,99482.89
7739.422209583,14890,99505.32,96409.71,99491.18,102428.66,99509.47,99509.23,99504.77,99495.83
7739.443223427,14891,99499.24,96422.73,99501.05,102431.54,99506.54,99506.31,99513.8,99497.74
7739.464009355,14892,99497.11,96419.76,99489.12,102430.44,99497.53,99504.2,99510.88,99493.77
7739.487476409,14893,99495.28,96411.77,99503.11,102423.6,99506.54,99506.31,99496.8,99489.8
7739.508050527,14894,99504.26,96414.74,99488.09,102431.54,99489.57,99495.19,99507.95,99490.83
7739.528560438,14895,99501.07,96409.71,99489.12,102441.65,99501.51,99499.41,99505.83,99489.8
7739.549198172,14896,99502.14,96416.68,99498.1,102436.59,99514.5,99500.22,99513.8,99493.77
7739.571320922,14897,99497.11,96415.66,99489.12,102464.36,99509.47,99511.34,99505.83,99495.83
7739.594385708,14898,99503.2,96413.71,99484.11,102441.65,99493.55,99507.36,99513.8,99506.71
7739.610621985,14899,99497.11,96415.66,99497.07,102431.54,99499.62,99495.43,99506.89,99489.8
7739.631213029,14900,99520.1,96408.69,99500.16,102427.57,99505.49,99490.4,99510.88,99484.8
7739.655536778,14901,99499.24,96418.73,99506.06,102424.69,99493.55,99510.29,99505.83,99501.71
7739.676070275,14902,99510.05,96417.71,99490.15,102427.57,99500.46,99505.25,99505.83,99493.77
7739.69650339,14903,99510.05,96424.68,99489.12,102433.72,99501.51,99504.2,99500.79,99493.77
7739.717127934,14904,99501.07,96421.71,99496.04,102431.54,99496.48,99511.34,99512.74,99491.71
7739.737776965,14905,99497.11,96417.71,99504.0,102438.38,99501.51,99518.24,99508.76,99495.83
7739.75831593,14906,99503.2,96417.71,99501.05,102433.72,99500.46,99506.31,99515.92,99496.71
7739.77885779,14907,99493.15,96425.7,99500.02,102439.47,99499.62,99512.4,99508.76,99493.77
7739.799233878,14908,99499.24,96417.71,99498.1,102441.65,99503.6,99507.36,99510.88,99490.83
7739.823451227,14909,99498.18,96413.71,99487.06,102432.63,99500.46,99515.32,99502.9,99493.77
7739.845894151,14910,99500.01,96411.66,99498.1,102434.41,99501.51,99495.43,99506.89,99493.77
7739.864546733,14911,99503.2,96414.74,99491.18,102440.56,99507.38,99508.42,99511.69,99494.8
7739.887122108,14912,99501.07,96421.71,99500.02,102424.69,99497.53,99515.32,99508.76,99493.77
7739.905594367,14913,99505.32,96409.71,99485.14,102435.5,99501.51,99502.33,99519.66,99493.77
7739.92622414,14914,99503.2,96424.68,99497.07,102431.54,99496.48,99506.31,99505.83,99498.77
7739.94728238,14915,99489.19,96408.69,99498.1,102433.72,99497.53,99501.28,99514.86,99491.87
7739.967839342,14916,99508.99,96416.68,99500.02,102451.37,99504.44,99501.28,99511.94,99481.86
7739.992416375,14917,99501.07,96421.71,99498.1,102457.52,99501.51,99513.45,99508.76,99501.71
7740.012123221,14918,99516.91,96419.76,99489.12,102445.62,99505.49,99510.29,99512.74,99493.77
7740.032508874,14919,99511.12,96419.76,99503.11,102422.51,99501.51,99512.15,99504.77,99499.8
7740.053136173,14920,99501.07,96409.71,99497.07,102427.57,99496.48,99507.36,99508.76,99480.83
7740.073692674,14921,99503.2,96415.76,99499.13,102431.54,99501.51,99506.31,99512.74,99483.93
7740.094176045,14922,99501.07,96417.71,99494.13,102435.5,99500.46,99503.14,99508.76,99497.74
7740.114733398,14923,99493.15,96409.71,99498.1,102445.62,99495.43,99504.2,99497.86,99489.8
7740.139032229,14924,99501.07,96413.71,99491.18,102423.6,99505.49,99507.36,99506.89,99501.71
7740.159071369,14925,99503.2,96417.71,99502.08,102435.5,99499.42,99514.26,99510.88,99494.8
7740.180059022,14926,99500.01,96417.71,99496.04,102441.65,99504.44,99511.34,99497.86,99493.77
7740.200511095,14927,99502.14,96412.69,99496.19,102438.38,99505.49,99503.39,99506.89,99495.83
7740.221218916,14928,99501.07,96419.76,99504.0,102440.56,99505.49,99490.4,99506.89,99488.77
7740.241611489,14929,99501.07,96418.73,99498.1,102438.38,99507.38,99507.36,99505.83,99484.8
7740.262234151,14930,99503.2,96407.66,99492.06,102443.83,99508.43,99499.41,99510.63,99493.77
7740.283454356,14931,99501.07,96410.74,99497.07,102438.38,99503.4,99503.39,99514.86,99496.71
7740.30643862,14932,99493.15,96413.71,99494.13,102439.47,99497.53,99493.32,99514.86,99492.74
7740.327043785,14933,99507.16,96425.7,99497.07,102439.47,99511.57,99500.46,99515.92,99493.77
7740.350093187,14934,99505.03,96417.71,99488.09,102451.37,99495.43,99504.2,99505.83,99494.8
7740.36819142,14935,99485.24,96417.71,99507.09,102463.27,99495.43,99495.19,99510.88,99495.83
7740.389265164,14936,99502.14,96411.66,99496.04,102449.58,99501.51,99511.1,99507.7,99489.8
7740.409226625,14937,99499.24,96419.66,99492.06,102438.38,99495.43,99506.31,99510.88,99498.77
7740.430280649,14938,99501.07,96411.66,99498.1,102438.78,99511.36,99497.3,99510.63,99489.8
7740.451302985,14939,99497.11,96417.71,99501.05,102437.68,99497.53,99512.15,99513.8,99493.77
7740.47446033,14940,99505.03,96418.73,99499.13,102440.56,99513.45,99520.35,99525.76,99493.77
7740.495659975,14941,99501.07,96406.74,99489.12,102437.68,99507.59,99507.36,99505.83,99487.74
7740.516117306,14942,99508.99,96422.73,99497.07,102439.47,99505.49,99505.25,99505.83,99495.83
7740.536155033,14943,99511.12,96417.71,99489.12,102449.58,99514.5,99510.29,99507.95,99492.74
7740.556598814,14944,99501.07,96413.71,99498.1,102429.75,99500.46,99504.2,99516.73,99493.77
7740.578393388,14945,99498.18,96425.7,99505.03,102445.62,99507.59,99506.31,99504.77,99501.71
7740.598260237,14946,99501.07,96405.72,99493.1,102438.38,99499.42,99507.36,99504.77,99497.74
7740.61830241,14947,99501.07,96414.74,99496.04,102441.65,99505.49,99496.25,99508.76,99489.8
7740.642458516,14948,99500.01,96417.71,99496.04,102502.93,99495.43,99497.3,99507.7,99495.83
7740.663054948,14949,99498.18,96418.73,99497.07,102429.35,99497.53,99506.31,99505.83,99487.9
7740.68350628,14950,99495.28,96418.73,99494.13,102438.38,99493.55,99502.33,99499.73,99491.71
7740.704153209,14951,99501.07,96409.71,99496.04,102439.47,99509.47,99499.41,99508.76,99500.68
7740.724618312,14952,99497.11,96419.76,99492.06,102441.65,99507.38,99513.21,99514.86,99497.74
7740.745215384,14953,99500.01,96419.66,99500.02,102451.37,99504.44,99495.43,99504.77,99493.77
7740.765649831,14954,99508.99,96416.68,99492.06,102439.47,99506.54,99508.42,99506.89,99495.83
7740.786575081,14955,99496.05,96421.71,99490.15,102445.62,99496.48,99498.35,99514.86,99493.77
7740.810489571,14956,99501.07,96413.71,99497.07,102441.65,99505.49,99515.32,99512.74,99489.8
7740.831088607,14957,99496.05,96414.74,99496.04,102439.47,99499.42,99513.21,99504.77,99483.77
7740.851556665,14958,99496.05,96418.73,99499.13,102440.56,99505.49,99505.25,99514.86,99487.74
7740.873350007,14959,99501.07,96414.74,99497.07,102437.29,99499.42,99502.33,99520.72,99501.71
7740.892892825,14960,99516.91,96410.74,99499.13,102455.33,99500.46,99506.31,99520.72,99486.86
7740.913774708,14961,99506.09,96416.68,99498.1,102455.33,99505.49,99503.14,99505.83,99497.74
7740.933982943,14962,99501.07,96419.76,99507.09,102435.5,99494.39,99502.33,99505.83,99497.74
7740.954266562,14963,99502.14,96414.74,99498.1,102440.56,99507.38,99497.3,99498.92,99489.8
7740.978463009,14964,99501.07,96414.74,99489.12,102439.47,99507.38,99493.32,99513.8,99493.77
7740.999081364,14965,99501.07,96420.68,99497.07,102447.4,99505.49,99500.22,99514.86,99483.77
7741.019546076,14966,99501.07,96418.73,99493.1,102440.56,99500.46,99512.15,99500.79,99489.8
7741.040286867,14967,99505.03,96425.7,99503.11,102439.47,99499.42,99504.2,99513.8,99484.8
7741.060642364,14968,99497.11,96413.71,99501.05,102443.43,99500.46,99511.34,99520.72,99484.8
7741.082041961,14969,99498.95,96415.76,99497.07,102439.47,99497.53,99507.36,99506.89,99485.83
7741.101731441,14970,99497.11,96416.68,99504.14,102439.47,99505.49,99495.19,99509.82,99493.77
7741.122280601,14971,99501.07,96421.71,99493.1,102449.18,99495.43,99507.36,99521.78,99493.77
7741.146506833,14972,99507.16,96413.71,99492.06,102479.13,99512.41,99499.17,99509.82,99492.74
7741.167094972,14973,99502.91,96418.73,99491.03,102439.47,99503.4,99505.25,99507.7,99493.77
7741.187517411,14974,99493.15,96413.71,99488.09,102439.47,99495.43,99491.46,99500.79,99483.77
7741.208295668,14975,99501.07,96421.71,99488.09,102443.43,99505.49,99505.25,99518.85,99491.71
7741.228740831,14976,99497.11,96408.69,99489.12,102438.38,99497.53,99506.31,99512.74,99491.71
7741.249478146,14977,99500.01,96418.73,99488.09,102441.65,99507.38,99517.19,99514.86,99492.74
7741.269796177,14978,99493.15,96419.76,99487.2,102443.43,99501.3,99496.25,99504.77,99484.8
7741.29030123,14979,99503.97,96425.7,99493.1,102447.4,99505.49,99509.23,99506.64,99491.71
7741.314503606,14980,99500.01,96413.71,99505.03,102451.37,99495.43,99507.36,99512.74,99491.71
7741.335106087,14981,99503.97,96414.74,99499.13,102447.4,99515.34,99511.34,99514.86,99491.71
7741.355649128,14982,99498.95,96416.68,99495.16,102445.62,99507.38,99503.14,99512.74,99493.77
7741.376208364,14983,99506.09,96417.71,99492.06,102431.54,99505.49,99499.41,99504.77,99485.83
7741.396682191,14984,99501.07,96410.74,99492.06,102441.65,99504.44,99494.38,99512.74,99493.77
7741.417245753,14985,99503.97,96411.66,99504.0,102439.47,99501.51,99497.3,99511.69,99488.77
7741.437693309,14986,99510.05,96425.7,99496.04,102439.47,99498.37,99494.38,99504.77,99490.83
7741.462071882,14987,99501.07,96421.71,99504.0,102459.3,99494.39,99503.14,99512.74,99493.77
7741.482073874,14988,99500.01,96426.73,99498.1,102432.63,99503.4,99508.18,99508.76,99487.74
7741.504078997,14989,99507.16,96455.63,99489.12,102456.42,99499.42,99509.23,99514.86,99489.8
7741.523555295,14990,99500.01,96441.69,99485.14,102452.46,99501.51,99502.33,99498.92,99493.77
7741.544199349,14991,99497.11,96415.66,99501.05,102457.52,99509.47,99512.4,99515.67,99495.68
7741.5646303,14992,99501.07,96408.69,99497.07,102472.29,99495.43,99506.31,99508.76,99488.77
7741.58533104,14993,99497.11,96417.71,99500.02,102464.36,99506.54,99506.31,99498.67,99484.8
7741.605768992,14994,99493.15,96422.73,99491.18,102455.33,99495.43,99515.32,99513.8,99491.71
7741.629454376,14995,99510.05,96416.68,99497.07,102447.4,99496.48,99510.29,99504.77,99502.74
7741.650061173,14996,99500.01,96424.68,99499.13,102467.23,99504.44,99494.38,99516.73,99490.68
7741.671240066,14997,99500.01,96416.68,99489.12,102454.24,99505.49,99505.25,99513.8,99504.65
7741.691173695,14998,99503.97,96417.71,99490.15,102451.37,99505.49,99507.36,99510.88,99492.74
7741.712258096,14999,99501.07,96424.68,99494.13,102456.42,99498.37,99504.2,99517.79,99488.77
7741.732372859,15000,99503.97,96433.7,99501.05,102475.16,99496.48,99515.32,99512.74,99499.65
7741.754189997,15001,99495.28,96573.61,99492.06,102475.16,99495.43,99506.31,99512.74,99497.74
7741.773717622,15002,99508.99,96484.64,99485.14,102487.06,99503.4,99504.2,99508.76,99494.65
7741.797506523,15003,99501.07,96541.63,99498.1,102472.29,99497.53,99508.18,99508.76,99491.71
7741.818094502,15004,99501.07,96529.64,99497.07,102487.06,99499.42,99498.35,99506.64,99496.71
7741.839198041,15005,99501.07,96529.64,99492.06,102478.04,99495.43,99510.29,99505.83,99483.77
7741.859177089,15006,99497.11,96537.63,99499.13,102489.25,99499.42,99507.36,99508.76,99493.77
7741.881150824,15007,99500.01,96526.66,99491.18,102487.06,99507.38,99504.2,99514.86,99492.74
7741.901160418,15008,99502.14,96528.61,99500.02,102491.03,99507.38,99488.29,99504.77,99490.68
7741.921237715,15009,99501.07,96512.62,99490.15,102483.1,99503.4,99497.3,99513.8,99488.61
7741.942256506,15010,99503.97,96513.65,99496.04,102479.13,99501.51,99501.28,99512.74,99493.77
7741.965496906,15011,99497.11,96505.65,99494.13,102489.25,99503.4,99497.3,99502.65,99491.71
7741.986096293,15012,99500.01,96541.63,99500.02,102471.2,99492.5,99510.29,99512.74,99493.77
7742.006749791,15013,99501.07,96729.51,99509.0,102549.43,99512.41,99494.14,99508.76,99495.68
7742.027208835,15014,99505.03,96867.49,99502.97,102564.21,99500.46,99494.38,99508.76,99492.74
7742.04760927,15015,99507.93,96845.44,99488.09,102574.32,99508.43,99514.26,99505.83,99491.71
7742.068347286,15016,99498.95,96847.38,99488.09,102582.26,99496.48,99503.14,99508.76,99491.71
7742.088698938,15017,99500.01,96833.45,99492.06,102567.48,99503.4,99514.26,99504.77,99497.74
7742.109377073,15018,99507.93,96824.42,99497.07,102570.36,99496.48,99508.18,99512.74,99492.74
7742.133497275,15019,99493.15,96826.48,99498.99,102568.58,99503.4,99505.25,99506.64,99496.71
7742.154258526,15020,99503.2,96810.49,99480.13,102561.33,99503.4,99508.18,99507.95,99486.86
7742.174549256,15021,99497.11,96813.46,99496.04,102566.39,99505.49,99505.25,99512.74,99492.74
7742.195288974,15022,99501.07,96807.52,99500.02,102558.46,99514.29,99497.3,99512.74,99492.74
7742.215863954,15023,99498.95,96813.46,99501.05,102556.68,99512.41,99502.09,99511.69,99491.71
7742.23624516,15024,99493.15,96807.4,99507.09,102566.39,99499.42,99504.2,99513.8,99492.74
7742.256709933,15025,99501.07,96842.47,99496.04,102582.26,99503.4,99500.22,99504.77,99493.77
7742.277321177,15026,99511.12,97295.13,99496.04,102717.12,99502.35,99517.19,99506.89,99506.71
7742.30157438,15027,99501.07,97441.13,99498.99,102742.7,99505.28,99515.32,99513.8,99501.71
7742.322115027,15028,99508.99,97394.18,99490.15,102719.99,99507.38,99498.35,99505.83,99491.71
7742.343163102,15029,99501.07,97384.12,99488.09,102709.18,99512.41,99503.14,99512.74,99491.71
7742.36321489,15030,99492.09,97377.16,99500.02,102713.15,99496.48,99505.25,99512.74,99494.65
7742.383672042,15031,99498.18,97360.13,99492.06,102704.12,99508.43,99507.36,99502.65,99491.71
7742.405180022,15032,99501.07,97360.13,99489.12,102710.28,99497.53,99493.08,99505.83,99485.83
7742.424706515,15033,99486.01,97360.13,99496.04,102711.37,99504.44,99511.34,99513.8,99492.74
7742.445288446,15034,99505.03,97355.24,99498.1,102704.12,99494.39,99508.18,99516.73,99495.68
7742.47007844,15035,99501.07,97361.16,99499.13,102695.51,99503.4,99506.31,99507.7,99495.68
7742.490097989,15036,99508.99,97361.16,99484.11,102716.02,99503.4,99511.1,99512.74,99497.74
7742.510622082,15037,99501.07,97353.17,99496.04,102705.22,99500.46,99509.23,99511.69,99491.71
7742.53129531,15038,99492.09,97430.17,99496.04,102726.15,99504.44,99503.14,99518.85,99497.58
7742.551716497,15039,99501.07,98136.85,99501.05,102972.08,99511.36,99511.1,99505.58,99495.68
7742.572383786,15040,99482.05,98599.67,99502.08,103062.22,99504.44,99515.08,99512.74,99497.74
7742.595237542,15041,99507.93,98479.7,99489.12,103027.62,99495.43,99489.35,99518.85,99493.77
7742.617062482,15042,99501.07,98460.75,99496.04,103012.43,99507.38,99495.19,99500.79,99491.71
7742.63804636,15043,99503.2,98436.76,99499.13,102993.69,99504.44,99502.09,99504.77,99486.71
7742.658142335,15044,99500.01,98432.76,99496.04,103005.59,99507.38,99497.3,99518.85,99493.61
7742.678622451,15045,99501.07,98420.76,99498.1,102992.59,99506.33,99510.29,99522.84,99480.67
7742.699271612,15046,99501.07,98407.72,99493.1,102985.75,99496.48,99491.21,99503.71,99489.8
7742.719813802,15047,99501.07,98399.72,99503.11,102977.82,99499.42,99512.15,99502.65,99489.64
7742.74038804,15048,99500.01,98397.81,99500.02,102982.88,99508.43,99510.29,99509.82,99491.71
7742.760780313,15049,99501.07,98401.81,99496.04,102977.82,99503.4,99509.23,99504.77,99491.71
7742.785094108,15050,99498.95,98388.77,99496.04,102978.92,99497.53,99505.25,99512.74,99496.71
7742.80513557,15051,99501.07,98447.71,99490.15,103010.65,99495.43,99517.19,99506.64,99491.71
7742.826177576,15052,99506.87,99559.52,99496.04,103311.04,99494.39,99493.08,99518.85,99500.68
7742.846608778,15053,99503.97,99988.58,99503.11,103437.99,99505.28,99494.14,99504.77,99501.71
7742.867277159,15054,99500.01,99856.57,99497.07,103383.55,99503.4,99495.19,99503.71,99501.71
7742.888171451,15055,99494.99,99796.57,99500.02,103358.64,99499.42,99505.25,99504.77,99489.64
7742.908278333,15056,99501.07,99778.46,99496.04,103359.75,99511.36,99512.15,99508.76,99489.8
7742.928756025,15057,99501.07,99759.52,99492.06,103343.88,99503.4,99508.18,99510.88,99493.77
7742.953496174,15058,99494.22,99728.57,99488.09,103330.88,99498.37,99508.18,99516.73,99493.77
7742.973110961,15059,99495.28,99723.52,99496.04,103328.01,99503.4,99509.23,99512.74,99490.68
7742.99417462,15060,99496.05,99710.46,99496.04,103314.34,99507.38,99512.15,99518.6,99491.71
7743.014189983,15061,99507.93,99699.52,99502.97,103313.91,99504.44,99508.99,99506.64,99493.77
7743.035295765,15062,99505.03,99692.58,99500.02,103308.17,99511.36,99496.25,99511.69,99492.74
7743.055660106,15063,99500.01,99654.46,99497.07,103296.27,99503.4,99513.21,99512.74,99486.71
7743.078339939,15064,99500.01,99607.52,99496.04,103268.5,99495.43,99503.14,99511.69,99492.74
7743.09707142,15065,99508.99,99622.46,99495.01,103318.97,99511.36,99506.31,99508.76,99489.64
7743.120535119,15066,99512.95,99672.58,99500.02,103391.48,99498.37,99504.2,99510.63,99491.71
7743.1411246,15067,99501.07,99654.46,99492.06,103435.12,99491.45,99503.14,99510.63,99490.68
7743.162143561,15068,99505.03,99675.52,99493.1,103478.76,99507.38,99507.36,99511.69,99491.71
7743.183100818,15069,99503.97,99704.57,99497.07,103542.24,99512.41,99503.14,99508.76,99491.71
7743.202666091,15070,99501.07,99708.57,99497.07,103585.88,99511.36,99505.25,99503.71,99504.65
7743.225255958,15071,99500.01,99750.46,99497.07,103612.54,99511.36,99511.1,99508.51,99489.8
7743.244455507,15072,99501.07,99776.57,99493.98,103620.48,99496.48,99506.07,99511.69,99499.65
7743.264306231,15073,99500.01,99798.46,99498.99,103633.48,99506.33,99513.21,99507.7,99500.68
7743.288526033,15074,99497.11,99802.46,99489.12,103643.18,99503.4,99503.14,99506.64,99491.71
7743.310067634,15075,99500.01,99798.46,99497.07,103643.18,99503.4,99502.09,99514.61,99483.77
7743.329573997,15076,99493.15,99822.46,99497.07,103672.06,99503.4,99495.19,99513.8,99492.74
7743.350532427,15077,99497.11,99869.4,99501.05,103722.53,99512.41,99512.15,99506.64,99501.71
7743.370999743,15078,99496.05,100643.58,99490.15,103928.83,99512.41,99504.2,99506.64,99495.68
7743.391385987,15079,99505.03,101151.69,99498.1,104119.28,99504.44,99511.1,99514.61,99483.77
7743.411736147,15080,99496.05,101097.82,99497.07,104174.83,99503.4,99511.1,99510.63,99493.61
7743.433374685,15081,99496.05,101088.75,99488.09,104227.52,99499.42,99506.31,99503.71,99496.71
7743.4570611,15082,99501.07,101144.76,99488.09,104280.21,99503.4,99507.12,99505.58,99496.71
7743.477801049,15083,99506.09,101166.63,99504.0,104309.74,99511.36,99514.26,99504.77,99489.64
7743.497659014,15084,99500.01,101206.64,99504.14,104335.76,99511.36,99510.04,99511.69,99492.74
7743.519853623,15085,99501.07,101232.79,99496.04,104357.35,99499.42,99496.25,99510.63,99493.61
7743.538763544,15086,99508.99,101248.79,99490.15,104381.16,99501.3,99499.17,99511.69,99507.58
7743.559268357,15087,99505.81,101271.73,99502.08,104420.84,99503.4,99512.15,99501.59,99489.8
7743.582515609,15088,99496.05,101320.82,99485.14,104460.52,99503.4,99504.2,99511.69,99495.52
7743.600309291,15089,99501.07,101352.83,99496.04,104524.01,99503.4,99504.2,99516.73,99489.64
7743.624594372,15090,99500.01,101448.86,99502.97,104627.18,99511.36,99510.29,99504.77,99502.58
7743.645170944,15091,99493.15,101518.73,99500.02,104711.62,99509.26,99505.25,99500.53,99495.68
7743.665592952,15092,99508.99,102150.99,99505.03,104886.23,99508.43,99508.18,99514.61,99491.71
7743.686261974,15093,99501.85,102585.38,99504.0,104992.26,99509.26,99503.14,99510.63,99499.65
7743.706689059,15094,99491.03,102551.19,99499.13,104980.36,99504.44,99505.25,99514.61,99499.65
7743.727300624,15095,99492.09,102538.1,99491.03,105003.05,99499.42,99504.2,99511.69,99494.65
7743.747745827,15096,99505.03,102527.18,99495.01,105010.37,99510.31,99494.14,99509.82,99490.68
7743.772093183,15097,99500.01,102535.18,99496.04,105035.92,99507.38,99502.09,99508.76,99496.71
7743.792543283,15098,99500.01,102579.21,99489.12,105051.79,99505.28,99502.09,99512.74,99489.64
7743.813183271,15099,99502.91,102603.22,99499.13,105087.51,99510.31,99495.19,99511.69,99499.65
7743.833711109,15100,99496.83,102662.17,99497.07,105132.28,99505.28,99504.2,99503.71,99483.61
7743.854331067,15101,99501.85,102730.55,99502.08,105143.07,99503.4,99498.11,99508.76,99491.71
7743.874700425,15102,99500.01,102791.33,99498.1,105238.32,99512.2,99507.12,99502.65,99489.64
7743.895550721,15103,99494.99,102841.53,99504.0,105279.13,99509.26,99505.25,99511.69,99489.64
7743.915760508,15104,99501.07,102896.48,99492.06,105317.69,99503.4,99492.27,99506.64,99490.68
7743.941028185,15105,99502.91,102947.43,99497.07,105341.51,99505.28,99506.07,99514.61,99497.58
7743.960577072,15106,99500.01,102979.45,99495.16,105349.44,99509.26,99515.32,99502.65,99499.65
7743.981161306,15107,99494.99,103007.47,99505.03,105370.41,99495.43,99492.27,99506.64,99482.74
7744.002728396,15108,99505.03,103008.55,99494.13,105373.26,99502.35,99504.2,99498.67,99499.65
7744.023151766,15109,99488.13,103055.5,99488.09,105408.98,99511.36,99508.18,99503.71,99490.68
7744.042846674,15110,99506.87,103080.6,99501.05,105456.6,99511.36,99510.04,99515.67,99495.52
7744.064435527,15111,99503.97,103139.55,99493.1,105518.99,99503.4,99515.32,99518.6,99487.58
7744.083751082,15112,99507.93,103246.54,99496.04,105578.52,99511.36,99508.18,99511.69,99495.68
7744.108155093,15113,99502.91,103324.77,99501.05,105674.9,99520.37,99503.14,99514.61,99489.64
7744.128148162,15114,99498.95,103399.74,99493.1,105742.38,99504.44,99508.18,99507.7,99492.74
7744.149169526,15115,99502.14,103480.89,99493.98,105786.04,99511.36,99502.33,99512.74,99501.71
7744.171086896,15116,99487.07,103969.28,99488.09,105952.75,99510.31,99517.19,99514.61,99491.71
7744.190275348,15117,99501.07,104567.63,99505.03,106049.73,99506.33,99503.14,99510.63,99491.71
7744.210878651,15118,99502.91,104468.64,99500.02,106007.19,99511.36,99505.25,99511.69,99491.71
7744.231524207,15119,99498.95,104468.64,99500.02,105995.28,99511.36,99505.25,99511.69,99491.71
7744.252150023,15120,99501.07,104471.54,99497.07,105992.44,99502.35,99501.28,99504.77,99490.68
7744.275536305,15121,99505.03,104520.69,99500.02,106045.17,99511.36,99502.09,99506.64,99496.71
7744.296169162,15122,99489.97,104553.82,99497.07,106095.65,99509.26,99511.34,99507.7,99495.68
7744.317466934,15123,99498.95,104571.63,99486.17,106164.84,99494.39,99502.09,99506.64,99501.71
7744.338055284,15124,99500.01,104631.69,99496.04,106228.36,99514.29,99500.22,99510.63,99497.58
7744.358859079,15125,99501.07,104664.83,99496.04,106334.95,99509.26,99512.97,99511.69,99505.52
7744.378356439,15126,99500.01,104714.67,99496.04,106386.56,99508.43,99493.32,99502.65,99491.71
7744.400293218,15127,99493.15,104766.04,99504.0,106397.34,99499.42,99511.1,99508.51,99490.68
7744.419803327,15128,99501.07,104800.97,99500.02,106404.15,99509.26,99486.18,99502.65,99497.74
7744.443730386,15129,99496.05,104819.2,99497.07,106397.34,99510.31,99502.09,99498.67,99494.65
7744.464362452,15130,99498.18,104857.03,99489.12,106397.34,99510.31,99493.32,99511.69,99499.65
7744.484627703,15131,99501.07,104890.85,99500.02,106444.98,99502.35,99503.14,99510.63,99495.68
7744.505321572,15132,99497.11,104930.21,99493.98,106489.78,99510.31,99493.32,99517.54,99491.71
7744.526321985,15133,99505.03,104993.17,99488.09,106552.16,99507.38,99497.3,99511.69,99507.58
7744.547285252,15134,99501.07,105087.06,99496.04,106639.5,99505.28,99504.2,99503.71,99492.74
7744.568026593,15135,99496.05,105170.47,99491.03,106722.87,99508.22,99494.14,99511.69,99505.68
7744.587671275,15136,99500.01,105261.46,99491.03,106770.51,99519.32,99503.14,99512.74,99499.65
7744.611584784,15137,99505.03,105337.55,99488.09,106800.01,99504.24,99515.08,99497.61,99498.61
7744.632169689,15138,99503.97,105393.62,99488.09,106832.9,99506.33,99496.25,99507.7,99496.71
7744.653152335,15139,99500.01,105435.44,99488.09,106834.04,99498.37,99505.25,99514.61,99496.71
7744.673446599,15140,99501.07,105449.68,99500.02,106845.95,99514.29,99512.15,99512.74,99494.65
7744.6961383,15141,99497.11,105489.73,99489.12,106866.93,99514.29,99508.18,99510.63,99504.65
7744.714337707,15142,99501.07,105592.74,99488.09,106881.68,99505.28,99512.15,99518.6,99500.68
7744.734704251,15143,99506.87,105653.92,99498.99,106976.97,99511.36,99505.25,99510.63,99505.52
7744.755492022,15144,99500.01,105954.3,99500.02,107160.74,99507.38,99505.25,99506.64,99489.64
7744.7795698,15145,99492.09,107292.2,99505.03,108200.0,99495.43,99504.2,99507.7,99495.68
7744.800247504,15146,99500.01,107523.44,99488.09,108275.45,99505.28,99514.26,99503.71,99491.71
7744.820611044,15147,99494.99,107428.42,99497.07,108200.0,99518.27,99506.31,99499.73,99490.68
7744.841347157,15148,99498.95,107460.47,99497.07,108184.11,99505.28,99507.12,99510.63,99497.58
7744.862866866,15149,99498.95,107515.43,99486.03,108184.11,99501.3,99517.19,99508.76,99492.74
7744.882300759,15150,99498.95,107528.58,99500.02,108200.0,99509.26,99506.31,99510.63,99490.68
7744.903201231,15151,99501.07,107551.49,99495.01,108190.91,99510.31,99491.21,99510.63,99492.74
7744.927117173,15152,99501.07,107616.73,99496.04,108231.77,99518.27,99514.26,99505.58,99503.62
7744.948839678,15153,99506.87,107684.84,99497.07,108282.25,99503.4,99497.3,99510.63,99508.62
7744.969072079,15154,99496.83,107736.92,99507.09,108324.79,99509.26,99505.25,99512.74,99489.64
7744.988659455,15155,99493.93,107814.19,99500.02,108422.4,99507.38,99506.07,99506.64,99481.71
7745.011241541,15156,99498.95,107885.17,99488.09,108493.89,99506.33,99503.14,99510.63,99493.61
7745.029867142,15157,99502.91,107980.2,99487.06,108525.67,99506.33,99506.31,99508.51,99490.68
7745.050495572,15158,99494.99,108053.46,99498.99,108559.11,99509.26,99503.14,99503.71,99501.55
7745.070820212,15159,99500.01,108111.29,99492.06,108563.08,99507.38,99506.31,99514.61,99490.68
7745.09512248,15160,99498.95,108142.76,99497.07,108585.24,99509.26,99504.2,99506.64,99484.64
7745.115687724,15161,99500.01,108180.55,99490.0,108594.86,99519.32,99504.2,99510.63,99495.68
7745.136197655,15162,99497.11,108245.8,99492.06,108675.44,99506.33,99503.14,99507.7,99491.55
7745.156652032,15163,99498.95,108423.26,99500.02,108757.7,99511.36,99507.12,99506.64,99489.64
7745.177334334,15164,99493.93,109648.52,99493.98,110034.04,99501.3,99501.04,99506.64,99491.71
7745.200110713,15165,99497.89,110057.4,99489.12,110515.98,99510.31,99505.25,99510.63,99495.52
7745.218428819,15166,99497.89,109953.17,99498.1,110376.91,99504.24,99502.33,99510.63,99490.68
7745.238863076,15167,99497.89,110008.14,99496.04,110381.35,99501.3,99503.14,99510.63,99494.65
7745.263145562,15168,99505.03,110040.21,99496.04,110400.75,99505.28,99504.2,99511.69,99498.61
7745.284283203,15169,99498.95,110107.2,99504.0,110424.59,99506.33,99495.19,99516.73,99489.64
7745.304330855,15170,99505.03,110128.4,99484.11,110431.37,99493.34,99485.13,99495.74,99482.74
7745.324728806,15171,99492.87,110160.47,99496.04,110463.16,99509.26,99500.22,99502.65,99485.83
7745.345319089,15172,99503.97,110249.83,99488.09,110502.89,99506.33,99504.2,99503.71,99491.55
7745.365747857,15173,99491.03,110296.78,99487.06,110538.66,99500.25,99507.12,99518.6,99490.68
7745.387503402,15174,99489.97,110351.74,99498.1,110584.71,99513.25,99499.17,99514.61,99505.52
7745.406959359,15175,99498.95,110418.21,99496.04,110628.88,99507.17,99492.27,99506.64,99492.58
7745.431147043,15176,99493.15,110506.41,99496.04,110677.73,99511.36,99504.2,99503.71,99491.55
7745.451179982,15177,99497.89,110626.69,99497.07,110726.59,99502.35,99512.15,99512.74,99491.55
7745.472205493,15178,99494.99,111670.4,99484.11,112030.64,99511.36,99494.38,99495.49,99491.71
7745.492693461,15179,99501.07,112049.05,99493.98,112382.83,99510.31,99499.17,99498.67,99494.65
7745.514681828,15180,99497.11,111955.63,99488.09,112190.83,99518.27,99505.25,99502.65,99492.74
7745.534213239,15181,99500.01,111968.84,99498.1,112193.2,99511.36,99510.04,99500.79,99497.58
7745.556141355,15182,99488.91,111992.9,99500.02,112170.95,99506.33,99502.09,99501.59,99495.68
7745.574973849,15183,99500.01,112042.2,99497.07,112161.4,99511.36,99506.31,99501.59,99487.74
7745.599975093,15184,99501.07,112094.34,99493.1,112209.52,99500.46,99501.28,99510.63,99490.68
7745.619223496,15185,99503.97,112153.32,99493.1,112222.63,99511.36,99493.08,99503.71,99497.58
7745.641536855,15186,99508.99,112222.68,99489.12,112265.17,99501.3,99508.18,99511.69,99498.61
7745.660336099,15187,99494.99,112300.54,99485.14,112323.2,99506.33,99496.25,99502.65,99489.64
7745.683303527,15188,99503.97,112424.88,99493.1,112387.99,99512.2,99488.29,99509.57,99485.67
7745.701435972,15189,99496.05,112495.42,99493.1,112409.47,99509.26,99507.12,99502.65,99502.58
7745.723684653,15190,99502.91,112559.6,99496.04,112467.5,99514.29,99505.25,99494.68,99494.65
7745.742812123,15191,99497.89,112635.81,99488.09,112503.69,99501.3,99506.07,99502.65,99496.71
7745.766581904,15192,99500.01,112717.68,99496.04,112541.84,99497.32,99506.07,99513.55,99492.58
7745.787565722,15193,99489.97,112808.3,99488.09,112568.48,99510.31,99499.17,99506.64,99493.61
7745.807638402,15194,99484.17,112875.31,99496.04,112591.15,99494.39,99495.19,99506.64,99494.65
7745.828289707,15195,99498.95,112928.64,99496.04,112626.93,99510.31,99504.2,99504.77,99490.68
7745.849347827,15196,99497.89,113023.73,99488.09,112692.92,99508.22,99509.23,99514.61,99483.61
7745.869469931,15197,99503.97,113089.1,99488.09,112727.51,99503.4,99503.14,99510.63,99487.58
7745.89036829,15198,99502.91,113169.33,99496.04,112776.41,99509.26,99510.29,99510.63,99488.61
7745.910688003,15199,99498.95,113243.18,99488.09,112814.98,99503.4,99491.21,99511.69,99487.58
7745.93460045,15200,99500.01,113313.75,99489.12,112853.54,99503.4,99495.19,99503.71,99483.77
7745.955655837,15201,99498.95,113356.7,99501.05,112887.73,99497.32,99497.3,99514.61,99491.71
7745.975787415,15202,99497.89,113411.67,99492.06,112929.08,99509.26,99508.99,99502.65,99495.68
7745.996321263,15203,99500.79,113467.84,99506.06,112955.72,99514.08,99502.09,99511.69,99496.71
7746.016752565,15204,99493.93,113554.47,99504.14,113007.01,99501.3,99505.25,99501.59,99490.68
7746.038304582,15205,99500.01,113608.26,99500.02,113043.19,99503.19,99499.17,99501.59,99495.52
7746.059355431,15206,99498.95,113781.97,99489.12,113130.66,99503.19,99503.14,99510.63,99497.58
7746.078748373,15207,99491.03,115229.42,99490.15,115788.74,99509.26,99492.27,99502.65,99488.61
7746.102891399,15208,99488.91,116271.5,99489.12,116437.03,99509.26,99487.24,99502.9,99494.65
7746.123597987,15209,99510.83,116112.5,99498.1,116100.32,99502.35,99485.13,99503.71,99498.61
7746.143694333,15210,99493.93,116164.69,99504.0,116046.14,99511.36,99510.04,99506.64,99498.61
7746.164328311,15211,99500.01,116216.87,99495.01,116035.43,99505.08,99504.2,99501.59,99486.71
7746.18481064,15212,99502.91,116274.3,99489.12,115990.13,99507.17,99516.13,99510.63,99497.58
7746.207112251,15213,99497.89,116389.5,99488.09,116003.6,99505.28,99503.14,99513.8,99497.58
7746.225818424,15214,99500.01,116457.75,99492.06,115980.95,99509.26,99487.24,99504.52,99495.52
7746.25103884,15215,99507.93,116560.56,99497.07,115999.31,99517.23,99497.3,99511.69,99494.65
7746.27069539,15216,99501.85,116660.94,99491.03,116000.84,99509.26,99485.37,99504.52,99498.61
7746.292042988,15217,99494.99,116748.4,99496.04,116012.78,99501.3,99509.23,99513.55,99489.64
7746.313138345,15218,99500.01,116883.34,99505.03,116020.74,99500.25,99500.22,99500.53,99486.71
7746.332361149,15219,99498.95,116979.7,99496.04,116037.88,99509.26,99502.09,99510.63,99495.68
7746.35285106,15220,99500.01,117084.1,99493.1,116059.3,99507.17,99504.2,99511.69,99495.52
7746.373372398,15221,99493.93,117179.25,99492.06,116072.46,99502.35,99501.28,99519.66,99489.64
7746.393808438,15222,99497.89,117257.99,99495.01,116091.14,99501.3,99496.25,99514.61,99495.68
7746.418184085,15223,99503.97,117407.8,99500.02,116117.46,99501.3,99517.19,99510.63,99497.58
7746.438618552,15224,99493.93,117489.67,99497.07,116134.9,99509.26,99513.21,99510.63,99491.71
7746.459369418,15225,99496.83,117582.04,99493.98,116153.58,99502.35,99513.21,99506.64,99501.55
7746.47980098,15226,99500.79,117679.65,99489.12,116174.7,99509.26,99507.12,99506.64,99499.65
7746.500361828,15227,99503.68,117776.03,99504.0,116181.43,99509.26,99503.14,99510.63,99490.68
7746.521263532,15228,99497.89,117911.35,99492.06,116208.98,99499.21,99512.15,99508.51,99495.52
7746.542360611,15229,99489.97,118030.6,99498.1,116225.2,99514.29,99513.21,99501.59,99498.61
7746.563906489,15230,99501.85,118128.23,99498.99,116269.89,99515.13,99505.25,99506.64,99504.49
7746.588049615,15231,99497.89,118238.22,99492.06,116336.62,99513.25,99511.1,99502.65,99497.58
7746.606735537,15232,99496.83,118363.97,99489.12,116376.41,99517.23,99513.21,99510.63,99495.68
7746.627230556,15233,99493.93,118507.03,99500.02,116417.43,99507.17,99508.18,99519.66,99501.55
7746.648280563,15234,99496.83,118599.71,99496.04,116439.78,99509.06,99514.26,99498.67,99491.55
7746.668336188,15235,99497.89,118722.7,99498.99,116490.28,99493.34,99505.25,99510.63,99491.55
7746.689168236,15236,99497.11,118823.13,99496.04,116514.16,99509.26,99493.32,99502.65,99493.61
7746.709681472,15237,99488.91,118917.05,99497.07,116551.2,99511.15,99509.23,99510.63,99491.71
7746.729915666,15238,99493.93,119011.93,99502.08,116555.48,99505.28,99509.23,99501.59,99486.71
7746.75417011,15239,99496.83,119093.52,99494.13,116593.75,99508.22,99506.31,99501.59,99492.58
7746.774264162,15240,99497.89,119188.7,99496.04,116641.51,99514.29,99511.1,99510.63,99495.52
7746.79537989,15241,99497.89,119275.84,99500.02,116706.7,99501.3,99506.07,99510.63,99499.65
7746.815698411,15242,99497.89,119357.43,99500.02,116747.44,99509.26,99504.2,99514.61,99503.46
7746.837187453,15243,99506.87,119460.65,99496.04,116827.32,99510.31,99508.99,99509.57,99493.61
7746.856794068,15244,99500.79,119546.27,99497.07,116879.06,99508.22,99523.27,99510.63,99496.55
7746.877373815,15245,99493.93,119633.41,99489.12,116917.63,99509.26,99503.14,99509.57,99499.65
7746.897913721,15246,99503.68,119741.89,99497.07,116959.89,99510.31,99499.17,99502.65,99498.61
7746.922194525,15247,99492.09,119847.61,99504.0,116986.52,99509.26,99516.13,99504.52,99497.58
7746.942299524,15248,99497.89,119982.98,99489.12,117044.7,99513.25,99508.18,99511.69,99484.64
7746.963257723,15249,99497.89,120056.56,99498.1,117072.84,99507.17,99505.25,99499.73,99491.55
7746.983346387,15250,99496.83,120169.08,99492.06,117156.14,99509.26,99509.23,99507.7,99497.58
7747.004442955,15251,99491.03,120273.56,99505.03,117225.04,99511.15,99507.12,99519.66,99489.64
7747.024387831,15252,99502.91,120388.84,99498.1,117275.82,99509.26,99509.23,99514.61,99504.49
7747.046551944,15253,99500.79,120529.49,99497.07,117343.49,99510.31,99506.31,99510.63,99493.61
7747.065843843,15254,99493.93,120691.51,99501.05,117428.31,99507.17,99514.26,99510.63,99497.58
7747.089823212,15255,99480.99,120832.17,99485.14,117484.04,99514.08,99512.15,99506.64,99492.58
7747.110243157,15256,99498.95,120984.9,99492.06,117527.82,99506.33,99505.25,99506.64,99497.58
7747.130722502,15257,99498.95,121096.18,99493.1,117576.83,99509.26,99503.39,99506.64,99496.55
7747.152257283,15258,99500.79,121205.97,99489.12,117603.45,99512.2,99510.04,99502.65,99494.65
7747.172503215,15259,99488.91,122838.4,99481.16,119235.82,99512.2,99501.28,99505.58,99491.55
7747.192388641,15260,99484.95,124464.55,99485.14,122126.75,99494.39,99496.25,99506.64,99478.77
7747.21340007,15261,99496.83,124228.51,99489.12,121556.75,99503.19,99486.42,99498.67,99498.61
7747.233420782,15262,99492.87,124211.12,99495.01,121417.45,99513.25,99493.32,99506.64,99487.58
7747.25769117,15263,99493.93,124225.78,99496.04,121327.08,99501.3,99503.14,99503.71,99496.55
7747.278241332,15264,99498.95,124216.58,99485.14,121258.07,99509.26,99507.12,99508.51,99486.55
7747.302132177,15265,99493.93,124291.57,99497.07,121195.59,99509.26,99503.14,99520.72,99489.64
7747.319343168,15266,99497.89,120687.73,99524.91,117607.43,99569.82,99495.19,99549.43,99529.34
7747.339796644,15267,99585.0,110897.0,99591.5,113385.13,99593.92,99606.55,99606.31,99580.94
7747.360387167,15268,99557.28,110150.14,99567.63,112312.87,99565.0,99575.79,99574.41,99557.12
7747.380848555,15269,99523.77,109989.79,99527.86,111924.5,99525.19,99545.02,99544.64,99530.37
7747.404137448,15270,99529.57,110095.18,99523.88,112475.86,99543.21,99545.02,99554.48,99524.34
7747.425657838,15271,99516.62,110793.92,99559.68,111136.36,99493.34,99539.99,99518.6,99481.71
7747.446291386,15272,99496.83,111152.44,99505.03,113586.35,99513.25,99513.21,99500.53,99503.62
7747.466690289,15273,99504.75,112003.75,99496.04,114155.04,99517.23,99515.08,99521.53,99493.61
7747.487349846,15274,99489.97,110409.56,99500.02,112512.83,99501.3,99521.16,99502.65,99495.68
7747.507847108,15275,99498.95,110002.97,99504.0,111789.35,99525.19,99522.22,99530.56,99510.52
7747.528460636,15276,99497.89,109969.75,99504.0,112041.38,99505.28,99512.15,99510.63,99505.52
7747.548901923,15277,99498.95,110240.65,99496.04,111890.33,99509.26,99504.2,99509.57,99491.71
7747.573182618,15278,99497.89,110774.39,99501.05,112821.74,99517.23,99516.13,99513.55,99504.49
7747.59368708,15279,99516.62,109906.77,99532.87,110614.62,99531.06,99534.96,99534.55,99521.4
7747.614425537,15280,99562.3,104598.56,99567.63,104490.04,99587.84,99573.68,99573.61,99564.9
7747.635103943,15281,99639.37,103161.39,99672.08,101918.45,99649.66,99636.25,99654.15,99684.14
7747.655303585,15282,99583.94,98544.55,99596.51,102636.29,99595.81,99599.65,99614.28,99595.78
7747.675834217,15283,99568.1,97226.13,99568.67,102730.8,99568.98,99575.79,99576.28,99551.09
7747.69637876,15284,99536.42,96731.45,99532.87,102783.04,99544.05,99550.87,99548.63,99530.21
7747.716840999,15285,99524.54,96436.57,99524.91,102883.3,99529.17,99532.85,99534.55,99533.31
7747.741208144,15286,99529.57,97189.12,99528.89,102904.23,99549.08,99546.89,99534.55,99530.37
7747.761726929,15287,99530.63,96291.65,99524.91,102903.13,99541.11,99538.94,99543.58,99521.4
7747.782585107,15288,99513.73,96869.31,99528.89,102941.7,99546.98,99529.93,99534.55,99521.4
7747.802709925,15289,99521.65,95863.99,99523.0,102949.64,99541.11,99528.06,99536.67,99519.33
7747.823340158,15290,99521.65,96963.19,99511.95,102974.53,99525.19,99521.16,99531.62,99503.46
7747.843880405,15291,99513.73,96143.76,99519.91,102974.53,99524.14,99523.03,99534.55,99502.43
7747.865941352,15292,99504.75,96719.34,99512.1,102994.36,99518.07,99521.16,99540.65,99503.46
7747.884923122,15293,99520.58,96262.74,99507.97,102999.43,99524.14,99524.08,99522.59,99503.46
7747.910044798,15294,99505.81,96235.69,99493.98,102988.2,99507.17,99512.15,99518.6,99505.52
7747.92966291,15295,99495.77,95405.41,99507.97,102989.3,99512.2,99519.05,99523.65,99503.46
7747.950302778,15296,99496.83,96255.77,99497.07,103015.29,99521.21,99504.2,99509.57,99483.77
7747.970704385,15297,99512.67,96326.7,99509.0,103009.13,99529.17,99516.13,99511.69,99497.58
7747.99146194,15298,99509.77,95815.09,99505.91,103000.1,99517.23,99518.0,99510.63,99490.68
7748.011815815,15299,99502.91,96254.75,99504.0,103022.13,99516.18,99508.99,99522.59,99506.39
7748.034105688,15300,99503.68,96241.73,99495.01,103010.23,99526.24,99511.1,99519.66,99497.42
7748.053145636,15301,99512.67,96202.79,99502.97,103019.94,99509.26,99520.11,99510.63,99499.49
7748.077210213,15302,99504.75,96185.78,99502.97,103023.23,99513.25,99516.13,99510.63,99497.58
7748.105150293,15303,99505.81,96186.8,99504.0,103028.97,99511.15,99519.05,99519.66,99505.52
7748.119594369,15304,99492.87,96178.8,99501.05,103021.03,99506.33,99513.21,99508.76,99487.58
7748.141308892,15305,99501.85,96173.78,99506.06,103039.1,99507.17,99513.21,99517.54,99497.58
7748.162958567,15306,99514.79,96160.77,99500.02,103036.9,99509.26,99505.01,99510.63,99503.46
7748.180654392,15307,99504.75,96158.82,99509.0,103063.99,99516.18,99524.08,99527.63,99502.43
