t_pc,sample_idx,S0,S1,S2,S3,S4,S5,S6,S7
2259.659207688,4915,100525.03,98548.07,100513.91,103145.1,100519.05,100548.06,100537.19,100527.62
2259.679700873,4916,100536.2,98549.1,100528.0,103157.1,100511.02,100536.03,100521.11,100529.68
2259.700448919,4917,100527.15,98549.1,100521.93,103149.1,100524.11,100538.99,100539.31,100526.71
2259.720903667,4918,100530.08,98561.2,100513.91,103157.1,100522.02,100550.17,100538.25,100524.65
2259.741585966,4919,100535.14,98555.1,100513.91,103157.1,100509.97,100533.08,100545.23,100523.62
2259.762147247,4920,100527.96,98570.3,100513.91,103169.1,100513.11,100534.13,100534.23,100527.62
2259.782758113,4921,100515.98,98573.3,100513.91,103175.28,100512.06,100530.12,100541.21,100526.71
2259.806461528,4922,100530.08,98568.23,100516.89,103181.1,100521.14,100536.03,100529.15,100523.62
2259.827083331,4923,100532.21,98563.16,100526.97,103184.01,100521.14,100538.14,100532.12,100527.62
2259.84764506,4924,100527.15,98573.3,100515.97,103185.1,100516.08,100538.14,100537.19,100528.65
2259.868240395,4925,100515.17,98556.13,100521.93,103188.01,100509.97,100534.13,100538.25,100521.67
2259.888850953,4926,100525.03,98552.1,100522.96,103190.19,100519.05,100540.04,100534.23,100519.61
2259.909516134,4927,100533.02,98553.14,100513.91,103149.1,100516.08,100542.15,100542.27,100527.62
2259.930091364,4928,100530.08,98555.21,100525.94,103113.1,100516.08,100542.15,100534.23,100519.61
2259.950789813,4929,100517.04,98550.14,100510.93,103157.1,100508.05,100536.03,100530.21,100529.68
2259.974459285,4930,100534.08,98557.17,100517.92,103124.02,100536.16,100550.17,100537.19,100549.71
2259.995044367,4931,100527.15,98541.04,100510.93,103117.1,100520.1,100533.08,100546.29,100533.69
2260.015724798,4932,100520.22,98524.91,100505.89,103111.28,100508.05,100546.16,100534.23,100528.65
2260.036261766,4933,100527.15,98532.98,100508.87,103091.28,100516.08,100534.13,100542.27,100527.62
2260.056872694,4934,100536.2,98532.98,100509.9,103113.1,100512.06,100538.14,100528.1,100530.72
2260.077542247,4935,100535.14,98523.87,100513.91,103137.1,100519.05,100538.14,100542.27,100536.66
2260.098089764,4936,100521.03,98512.81,100509.9,103117.1,100513.99,100545.11,100537.19,100528.65
2260.11870323,4937,100535.14,98520.88,100516.89,103137.1,100516.08,100549.12,100534.23,100532.66
2260.142362363,4938,100542.07,98512.81,100509.9,103141.1,100517.13,100544.26,100538.04,100511.6
2260.163006628,4939,100539.13,98516.85,100525.94,103157.1,100520.1,100542.15,100546.29,100526.59
2260.183530084,4940,100517.04,98518.81,100519.98,103145.1,100511.02,100544.26,100542.27,100522.59
2260.204183239,4941,100523.16,98524.91,100517.92,103158.19,100519.05,100541.1,100530.21,100518.58
2260.224822489,4942,100526.09,98506.71,100505.89,103157.1,100513.11,100538.14,100547.35,100522.59
2260.245459357,4943,100527.15,98512.81,100521.93,103173.1,100520.1,100536.03,100538.25,100535.63
2260.266207625,4944,100534.08,98509.82,100529.03,103183.28,100528.13,100542.15,100547.35,100535.63
2260.28975288,4945,100525.03,98516.85,100526.97,103173.1,100519.05,100543.21,100537.19,100526.59
2260.310368084,4946,100526.09,98509.82,100519.98,103169.1,100532.14,100544.05,100546.29,100535.63
2260.330945725,4947,100535.14,98525.95,100512.88,103159.28,100527.08,100537.09,100542.27,100521.67
2260.351520323,4948,100532.21,98524.91,100511.96,103191.27,100524.11,100546.16,100538.25,100534.72
2260.372124574,4949,100542.07,98524.91,100517.92,103573.1,100532.14,100545.11,100544.17,100547.65
2260.392842876,4950,100522.09,98522.95,100502.91,103153.1,100520.1,100541.1,100530.21,100528.65
2260.413317558,4951,100509.05,98484.59,100489.85,103159.28,100497.04,100530.12,100512.02,100504.62
2260.43400537,4952,100527.15,98481.59,100528.0,103335.27,100521.14,100549.12,100553.27,100520.64
2260.457700217,4953,100533.02,98492.65,100536.02,103659.29,100538.25,100566.21,100553.27,100556.69
2260.478329237,4954,100548.99,98564.2,100537.97,103373.09,100552.23,100556.08,100554.33,100562.75
2260.498982634,4955,100526.09,98517.88,100515.97,103346.18,100511.02,100536.03,100538.25,100543.64
2260.519467425,4956,100512.23,98499.68,100507.95,103282.18,100513.11,100521.05,100526.19,100521.67
2260.540081468,4957,100530.08,98497.72,100505.89,103158.19,100511.02,100526.11,100527.25,100513.66
2260.560765797,4958,100534.08,98514.88,100509.9,103151.28,100520.1,100544.26,100534.23,100510.57
2260.581356234,4959,100530.08,98526.98,100513.91,103171.28,100520.1,100556.29,100546.29,100519.61
2260.602040523,4960,100534.08,98512.81,100511.96,103174.19,100520.1,100538.14,100533.17,100529.68
2260.625621451,4961,100520.22,98510.85,100510.93,103173.1,100518.17,100534.13,100534.23,100518.7
2260.646264738,4962,100522.09,98524.91,100510.93,103167.28,100515.03,100532.02,100530.21,100528.65
2260.666826551,4963,100522.09,98518.81,100505.89,103192.36,100518.0,100534.13,100538.25,100532.66
2260.687511483,4964,100535.14,98513.85,100509.9,103184.36,100532.14,100534.13,100536.13,100534.6
2260.708117485,4965,100536.2,98516.85,100516.89,103189.1,100530.22,100550.17,100542.27,100537.69
2260.728721271,4966,100543.13,98529.98,100522.96,103185.45,100521.14,100543.0,100545.23,100541.7
2260.749282522,4967,100532.21,98532.98,100517.92,103172.36,100528.13,100548.06,100553.27,100546.73
2260.76992884,4968,100523.16,98520.88,100517.92,103181.1,100518.0,100537.09,100535.29,100533.69
2260.793614756,4969,100523.16,98500.72,100513.91,103180.36,100516.08,100527.17,100530.21,100532.66
2260.814138236,4970,100518.1,98508.78,100509.9,103182.19,100509.97,100535.19,100542.27,100528.65
2260.83484073,4971,100548.18,98519.84,100514.94,103171.28,100504.03,100530.12,100534.23,100546.73
2260.855444751,4972,100533.02,98514.88,100515.97,103168.36,100501.94,100547.22,100546.29,100531.63
2260.876030662,4973,100524.22,98497.72,100511.96,103177.45,100516.08,100526.11,100535.29,100528.65
2260.896735268,4974,100532.21,98502.79,100518.95,103175.28,100509.97,100534.13,100530.21,100548.68
2260.917236202,4975,100530.08,98513.85,100522.96,103171.28,100521.14,100540.04,100531.27,100548.68
2260.938471483,4976,100542.07,98524.91,100509.9,103172.36,100520.1,100543.21,100544.39,100552.68
2260.961590581,4977,100526.09,98524.91,100505.89,103169.1,100497.92,100538.14,100534.23,100532.66
2260.982102957,4978,100533.02,98491.62,100519.98,103183.28,100512.06,100532.23,100530.21,100529.68
2261.00278389,4979,100548.18,98492.65,100510.93,103184.36,100505.08,100545.11,100534.23,100540.67
2261.023352032,4980,100528.21,98524.91,100509.9,103173.45,100512.06,100533.08,100542.27,100542.73
2261.043975469,4981,100529.02,98524.91,100517.92,103183.28,100511.02,100536.03,100530.21,100550.74
2261.064605283,4982,100524.22,98501.75,100511.96,103176.36,100514.16,100533.08,100533.17,100536.66
2261.085159769,4983,100518.1,98500.72,100509.9,103184.36,100515.03,100533.08,100531.27,100527.62
2261.105778547,4984,100527.15,98523.87,100521.93,103177.45,100528.13,100532.02,100539.31,100529.68
2261.12956033,4985,100536.2,98512.81,100518.95,103176.36,100509.97,100542.15,100538.25,100548.68
2261.1501854,4986,100524.22,98508.78,100510.93,103179.28,100534.24,100540.04,100546.29,100538.72
2261.170937565,4987,100534.08,98516.85,100517.92,103192.36,100529.17,100542.15,100534.23,100527.62
2261.191522331,4988,100532.21,98529.98,100521.93,103192.36,100528.13,100541.1,100547.35,100526.59
2261.211884134,4989,100526.09,98527.91,100501.88,103179.28,100522.19,100546.16,100534.23,100524.65
2261.232483788,4990,100522.09,98508.78,100509.9,103192.36,100520.1,100543.21,100533.17,100523.62
2261.253156949,4991,100526.09,98512.81,100509.9,103189.1,100516.96,100541.1,100537.19,100528.65
2261.273910239,4992,100535.14,98528.94,100513.91,103193.45,100513.11,100541.1,100546.29,100529.68
2261.29748945,4993,100535.14,98535.05,100516.89,103213.45,100521.14,100534.13,100537.19,100528.65
2261.318063008,4994,100518.1,98534.01,100509.9,103197.45,100513.11,100541.1,100522.17,100523.62
2261.338651479,4995,100515.98,98531.01,100507.84,103185.1,100513.11,100547.22,100538.25,100518.7
2261.359289147,4996,100531.14,98545.07,100520.9,103223.27,100522.19,100551.23,100536.13,100531.63
2261.380057857,4997,100528.21,98521.91,100518.95,103178.19,100528.13,100535.19,100534.23,100515.61
2261.400623066,4998,100528.21,98508.78,100509.9,103211.27,100513.99,100544.26,100536.13,100512.63
2261.421183306,4999,100523.16,98490.69,100516.89,103211.27,100509.97,100538.14,100527.25,100512.63
2261.441714236,5000,100536.2,98499.68,100519.98,103195.27,100517.13,100549.12,100538.25,100525.68
2261.465431516,5001,100535.14,98532.98,100528.0,103209.45,100521.14,100538.14,100542.27,100540.67
2261.486016911,5002,100526.09,98541.04,100528.0,103210.19,100537.21,100546.16,100546.29,100538.72
2261.506691296,5003,100536.2,98537.01,100516.89,103212.36,100520.1,100533.08,100530.21,100550.74
2261.527238279,5004,100526.09,98524.91,100514.94,103211.27,100509.97,100545.11,100537.19,100536.66
2261.547910023,5005,100531.14,98517.88,100517.92,103182.19,100516.08,100532.02,100537.19,100537.69
2261.568493865,5006,100534.08,98521.91,100519.98,103192.36,100509.97,100538.14,100539.31,100528.65
2261.589033229,5007,100526.09,98524.91,100518.95,103204.36,100501.94,100536.24,100534.23,100538.72
2261.612729745,5008,100526.09,98509.82,100506.92,103199.27,100512.06,100542.15,100538.25,100530.72
2261.633324376,5009,100526.09,98522.84,100519.98,103191.27,100509.97,100545.95,100546.29,100552.68
2261.653965779,5010,100527.96,98534.01,100523.99,103205.45,100505.08,100540.04,100548.41,100553.71
2261.674485095,5011,100534.08,98521.91,100509.9,103213.45,100498.97,100540.04,100538.25,100541.7
2261.695330128,5012,100533.02,98525.95,100515.97,103197.45,100521.14,100545.11,100529.15,100535.63
2261.715884687,5013,100534.08,98524.91,100519.98,103205.45,100508.05,100542.15,100525.13,100538.72
2261.736370256,5014,100526.09,98532.98,100511.96,103201.45,100517.13,100550.17,100533.17,100536.66
2261.757063257,5015,100519.97,98530.9,100511.96,103208.36,100522.19,100534.13,100526.19,100536.66
2261.780718647,5016,100526.09,98530.9,100515.97,103223.27,100521.14,100535.19,100542.27,100533.69
2261.801361062,5017,100536.2,98530.9,100517.92,103195.27,100519.05,100548.06,100541.21,100536.66
2261.822014481,5018,100523.97,98522.84,100515.97,103207.27,100521.14,100542.15,100529.15,100532.66
2261.842598729,5019,100528.21,98521.91,100523.99,103219.27,100520.1,100538.14,100540.37,100532.66
2261.863096568,5020,100526.09,98524.91,100501.88,103208.36,100509.97,100540.04,100546.29,100521.67
2261.883741033,5021,100526.09,98510.74,100518.95,103223.27,100521.14,100539.2,100534.23,100517.67
2261.904309959,5022,100528.21,98531.94,100516.89,103203.27,100520.1,100554.18,100538.25,100520.64
2261.924913545,5023,100523.16,98530.9,100516.89,103200.36,100530.22,100549.12,100536.13,100528.65
2261.948692568,5024,100526.09,98528.94,100519.98,103224.36,100528.13,100534.13,100538.25,100516.64
2261.969351984,5025,100536.2,98521.91,100509.9,103211.27,100518.17,100543.21,100528.31,100525.68
2261.989901437,5026,100545.25,98534.01,100515.86,103208.36,100529.17,100554.18,100547.35,100517.67
2262.010523886,5027,100534.08,98534.01,100517.92,103206.19,100525.16,100534.13,100529.15,100522.71
2262.031075329,5028,100528.21,98524.91,100510.93,103208.36,100518.0,100546.16,100534.23,100516.64
2262.051642654,5029,100525.03,98532.98,100518.95,103213.45,100521.14,100550.17,100543.33,100516.64
2262.072345593,5030,100532.21,98532.98,100517.92,103220.36,100522.19,100538.14,100536.35,100523.62
2262.092972753,5031,100525.03,98532.98,100521.93,103222.19,100521.14,100543.21,100542.27,100529.68
2262.116628757,5032,100526.09,98529.98,100513.91,103223.27,100513.11,100550.17,100539.31,100520.64
2262.137450666,5033,100530.08,98534.01,100509.9,103214.19,100526.2,100548.06,100537.19,100528.65
2262.15787846,5034,100522.09,98526.87,100509.9,103216.36,100514.16,100538.14,100541.21,100522.71
2262.17843916,5035,100527.15,98541.04,100517.92,103216.36,100519.22,100534.13,100537.19,100530.72
2262.199018555,5036,100522.09,98532.98,100519.98,103209.45,100516.08,100542.15,100525.13,100531.63
2262.219710514,5037,100536.2,98528.94,100522.96,103217.45,100512.06,100549.12,100542.27,100534.72
2262.240391195,5038,100526.09,98524.91,100512.88,103217.45,100516.08,100533.08,100540.37,100537.69
2262.260898429,5039,100527.15,98532.98,100513.91,103208.36,100514.16,100545.11,100538.25,100529.68
2262.284620609,5040,100530.08,98532.98,100516.89,103217.45,100520.1,100547.22,100530.21,100536.66
2262.305257037,5041,100534.08,98528.94,100519.98,103215.27,100518.17,100538.14,100539.31,100536.66
2262.325905713,5042,100527.15,98538.04,100510.93,103220.36,100512.06,100534.13,100538.25,100536.66
2262.346426617,5043,100527.15,98528.94,100508.87,103225.45,100511.02,100546.16,100538.25,100538.72
2262.367027782,5044,100531.96,98543.11,100516.89,103225.45,100521.14,100536.03,100530.21,100548.68
2262.387723145,5045,100530.08,98515.81,100505.89,103216.36,100504.03,100542.15,100534.23,100538.72
2262.408362535,5046,100541.01,98532.98,100503.94,103223.27,100513.11,100540.04,100542.27,100540.67
2262.428824189,5047,100537.01,98526.87,100517.92,103221.45,100513.11,100540.04,100533.17,100538.72
2262.45254997,5048,100519.97,98534.01,100513.91,103233.45,100516.08,100528.01,100535.29,100532.66
2262.473120662,5049,100529.02,98535.05,100514.94,103225.45,100512.06,100542.15,100534.23,100538.72
2262.493823799,5050,100530.08,98529.98,100515.97,103221.45,100508.92,100550.17,100534.23,100532.66
2262.514330081,5051,100521.03,98531.94,100509.9,103217.45,100509.97,100533.08,100535.29,100526.71
2262.535105121,5052,100529.02,98534.01,100508.87,103225.45,100524.11,100534.13,100531.27,100537.69
2262.555547204,5053,100531.14,98532.98,100513.91,103232.36,100519.05,100541.1,100534.45,100532.66
2262.57613084,5054,100523.16,98538.04,100509.9,103225.45,100527.08,100550.17,100542.27,100526.59
2262.5967771,5055,100532.21,98534.01,100519.98,103232.36,100518.17,100545.11,100530.21,100527.62
2262.620513822,5056,100518.1,98538.04,100510.93,103236.36,100522.19,100541.1,100538.25,100530.72
2262.641178989,5057,100534.08,98535.05,100511.96,103230.19,100526.03,100540.04,100534.23,100528.65
2262.661700661,5058,100527.15,98543.11,100514.94,103230.19,100524.11,100544.05,100543.33,100520.64
2262.682284846,5059,100544.19,98542.08,100509.9,103233.45,100523.06,100548.06,100541.21,100528.65
2262.702871634,5060,100524.22,98534.01,100513.91,103243.27,100516.08,100542.15,100529.15,100525.68
2262.723500969,5061,100541.01,98541.04,100518.95,103240.36,100521.14,100540.04,100527.25,100527.62
2262.744201572,5062,100536.2,98538.04,100509.9,103240.36,100521.14,100536.03,100530.21,100528.65
2262.767840657,5063,100535.14,98542.08,100518.95,103244.36,100520.1,100542.15,100540.37,100529.68
2262.788443536,5064,100531.14,98539.08,100509.9,103233.45,100514.16,100550.17,100536.35,100515.61
2262.809119204,5065,100526.09,98535.05,100514.94,103243.27,100529.17,100546.16,100538.25,100528.65
2262.829668936,5066,100527.15,98545.07,100509.9,103225.45,100516.08,100534.13,100532.33,100537.69
2262.850273905,5067,100531.96,98545.07,100517.92,103237.45,100514.16,100534.13,100537.41,100529.68
2262.870881373,5068,100523.97,98532.98,100517.92,103244.36,100524.11,100543.21,100530.21,100529.68
2262.891378933,5069,100522.09,98540.0,100526.97,103240.36,100522.19,100541.1,100534.23,100538.72
2262.912073785,5070,100521.03,98538.04,100517.92,103233.45,100520.1,100542.15,100531.27,100527.62
2262.935813962,5071,100526.09,98537.01,100511.96,103235.27,100518.17,100538.14,100539.31,100534.72
2262.956442407,5072,100533.02,98537.01,100513.91,103243.27,100518.17,100540.04,100526.19,100538.72
2262.977093543,5073,100521.03,98534.01,100513.91,103244.36,100520.1,100550.17,100542.27,100543.76
2262.997718746,5074,100530.08,98534.01,100515.97,103237.45,100508.05,100548.06,100535.29,100534.72
2263.018189671,5075,100527.15,98537.01,100513.91,103251.63,100520.1,100537.09,100523.23,100524.65
2263.038849788,5076,100528.21,98529.98,100511.96,103242.54,100521.14,100534.13,100529.15,100537.69
2263.059603409,5077,100530.08,98538.04,100517.92,103233.45,100517.13,100545.32,100538.25,100539.76
2263.080089737,5078,100536.2,98532.98,100510.93,103236.36,100504.03,100545.11,100538.25,100542.73
2263.103760116,5079,100525.03,98537.01,100505.89,103241.45,100512.06,100538.14,100531.27,100538.72
2263.124524356,5080,100527.15,98524.91,100510.93,103240.36,100508.05,100537.09,100526.19,100538.72
2263.145107281,5081,100523.97,98549.1,100519.98,103241.45,100507.0,100546.16,100540.37,100537.69
2263.165599762,5082,100536.2,98534.01,100519.98,103245.45,100512.06,100532.02,100547.35,100538.72
2263.186181885,5083,100536.2,98535.05,100515.97,103237.45,100520.1,100549.12,100531.27,100528.65
2263.206764245,5084,100538.07,98543.11,100518.95,103244.36,100514.16,100541.1,100537.19,100534.72
2263.227420445,5085,100526.09,98542.08,100509.9,103241.45,100520.1,100542.15,100535.29,100538.72
2263.247975671,5086,100510.11,98541.04,100523.99,103238.54,100516.08,100533.08,100530.21,100533.69
2263.271744513,5087,100526.09,98541.04,100502.91,103251.63,100525.16,100537.09,100538.25,100540.67
2263.292351083,5088,100525.03,98534.94,100503.94,103237.45,100520.1,100544.26,100535.29,100528.65
2263.312963377,5089,100528.21,98547.14,100517.92,103241.45,100513.11,100545.11,100543.33,100529.68
2263.333522458,5090,100529.02,98545.07,100511.96,103245.45,100520.1,100546.16,100534.23,100526.71
2263.354117096,5091,100537.01,98545.07,100511.96,103252.36,100520.1,100538.14,100537.19,100530.72
2263.374722808,5092,100527.15,98541.04,100518.95,103237.45,100515.03,100542.15,100538.25,100526.71
2263.395335327,5093,100533.02,98550.14,100509.9,103245.45,100525.16,100550.17,100535.29,100524.65
2263.416027006,5094,100529.02,98551.18,100507.95,103259.63,100526.2,100546.16,100546.29,100530.72
2263.439634864,5095,100531.14,98532.98,100509.9,103250.54,100522.19,100550.17,100538.25,100524.65
2263.460291482,5096,100519.97,98549.1,100505.89,103257.45,100531.27,100543.21,100530.21,100520.64
2263.480878092,5097,100531.96,98545.07,100519.98,103257.45,100522.19,100546.16,100539.31,100524.65
2263.501574843,5098,100527.15,98541.04,100522.96,103245.45,100516.08,100558.19,100532.33,100518.7
2263.522092595,5099,100526.09,98545.18,100518.95,103257.45,100516.08,100532.23,100540.37,100530.72
2263.542790596,5100,100531.96,98545.07,100519.98,103247.27,100520.1,100538.14,100532.33,100529.68
2263.563299297,5101,100530.08,98542.08,100514.94,103253.45,100522.19,100542.15,100539.31,100528.65
2263.583957166,5102,100526.09,98548.07,100518.95,103264.36,100521.14,100536.24,100547.35,100525.68
2263.607606019,5103,100531.96,98543.11,100515.97,103240.36,100525.16,100532.02,100539.31,100533.69
2263.628219527,5104,100522.09,98532.98,100506.92,103248.36,100522.19,100538.14,100535.29,100520.64
2263.648908575,5105,100535.14,98550.14,100517.92,103247.27,100520.1,100551.23,100546.29,100530.72
2263.669496316,5106,100527.15,98541.04,100519.98,103252.36,100521.14,100542.15,100528.31,100533.69
2263.690089249,5107,100528.21,98542.08,100514.94,103267.63,100514.16,100536.24,100527.25,100528.65
2263.710648741,5108,100536.2,98549.1,100519.98,103257.45,100512.06,100545.11,100538.47,100537.69
2263.731341154,5109,100524.22,98547.14,100518.95,103249.45,100512.06,100542.15,100540.37,100533.69
2263.751977246,5110,100527.15,98542.08,100509.9,103257.45,100512.06,100551.23,100534.23,100530.72
2263.775595074,5111,100528.21,98532.98,100511.96,103258.54,100509.97,100536.24,100534.23,100535.63
2263.796207266,5112,100536.2,98551.18,100515.97,103257.45,100516.08,100542.15,100535.29,100542.73
2263.816813704,5113,100533.02,98546.11,100517.92,103267.63,100519.05,100542.15,100535.29,100527.62
2263.837410084,5114,100527.15,98537.01,100518.95,103257.45,100520.1,100537.09,100534.23,100536.78
2263.858033017,5115,100530.08,98555.21,100515.97,103253.45,100504.03,100544.26,100536.35,100542.73
2263.878579863,5116,100519.16,98549.1,100511.96,103258.54,100514.16,100530.12,100538.47,100533.69
2263.899223934,5117,100527.15,98541.04,100517.92,103261.45,100515.03,100540.04,100544.39,100537.69
2263.919878615,5118,100526.09,98546.11,100510.93,103259.63,100516.08,100535.19,100544.39,100538.72
2263.943539612,5119,100527.15,98541.04,100518.95,103251.63,100512.06,100538.99,100540.37,100541.7
2263.964116938,5120,100536.2,98549.1,100513.91,103257.45,100507.0,100543.21,100532.33,100532.66
2263.984752812,5121,100529.02,98548.07,100509.9,103261.45,100514.16,100530.97,100531.27,100538.72
2264.005325978,5122,100534.08,98546.11,100510.93,103261.45,100522.02,100541.1,100539.31,100539.76
2264.025967965,5123,100527.15,98541.04,100510.93,103263.63,100520.1,100548.06,100540.37,100532.66
2264.046606326,5124,100527.15,98550.14,100518.95,103257.45,100514.16,100542.15,100538.25,100535.75
2264.067193487,5125,100525.03,98543.11,100517.92,103265.45,100518.17,100534.13,100536.13,100536.66
2264.090876675,5126,100526.09,98549.1,100519.98,103260.36,100518.17,100543.21,100535.29,100534.72
2264.111550516,5127,100527.15,98553.14,100509.9,103272.36,100516.08,100542.15,100548.41,100528.65
2264.132112338,5128,100535.14,98549.1,100513.91,103261.45,100527.08,100546.16,100539.31,100529.68
2264.152781872,5129,100532.21,98553.14,100519.98,103266.54,100520.1,100542.15,100539.31,100529.68
2264.173310459,5130,100522.09,98546.11,100514.94,103269.45,100520.1,100542.15,100534.23,100534.72
2264.19389033,5131,100529.02,98557.17,100517.92,103261.45,100517.13,100538.14,100542.27,100530.72
2264.214449963,5132,100528.21,98545.07,100509.9,103273.45,100526.2,100538.14,100542.49,100522.71
2264.235154896,5133,100519.16,98562.24,100515.86,103273.45,100520.1,100538.14,100534.23,100538.72
2264.258896467,5134,100526.09,98557.17,100510.93,103265.45,100520.1,100535.19,100527.25,100522.71
2264.279486909,5135,100528.21,98557.17,100522.96,103256.36,100512.94,100545.11,100540.37,100534.72
2264.300009555,5136,100519.16,98553.14,100519.98,103258.54,100516.08,100538.14,100539.31,100524.65
2264.320647503,5137,100528.21,98553.14,100519.98,103269.45,100521.14,100540.04,100539.31,100538.72
2264.341199554,5138,100523.16,98553.14,100509.9,103273.45,100522.19,100534.13,100546.29,100536.66
2264.361841087,5139,100518.1,98549.1,100521.93,103245.45,100520.1,100547.22,100539.31,100523.74
2264.382529814,5140,100531.14,98549.1,100509.9,103257.45,100516.08,100543.21,100544.39,100538.72
2264.403148592,5141,100531.14,98553.14,100509.9,103277.45,100516.08,100538.14,100531.27,100526.71
2264.426820075,5142,100533.02,98549.1,100519.98,103270.54,100512.06,100550.17,100540.37,100538.72
2264.447472555,5143,100526.09,98557.17,100519.98,103274.54,100508.05,100547.22,100535.29,100538.72
2264.467994634,5144,100529.02,98544.04,100509.9,103274.54,100516.08,100548.27,100536.35,100539.76
2264.488633386,5145,100535.14,98561.2,100515.97,103262.54,100513.11,100550.17,100536.35,100538.72
2264.509259194,5146,100525.03,98561.2,100525.94,103275.63,100522.19,100530.12,100541.43,100537.69
2264.529793784,5147,100531.14,98544.04,100514.02,103281.45,100522.19,100550.17,100543.33,100535.63
2264.550357188,5148,100525.03,98553.14,100517.92,103273.45,100513.11,100533.08,100538.25,100544.67
2264.570973024,5149,100532.21,98557.17,100509.9,103273.45,100510.14,100539.2,100530.21,100534.72
2264.594777846,5150,100525.03,98548.07,100509.9,103275.63,100522.19,100550.17,100538.25,100537.69
2264.615367483,5151,100532.21,98551.18,100510.93,103271.63,100513.11,100545.11,100534.23,100538.72
2264.635963969,5152,100520.22,98554.17,100511.96,103275.63,100512.06,100539.2,100530.21,100535.75
2264.656609253,5153,100528.21,98549.1,100525.94,103293.45,100525.16,100543.21,100533.39,100531.75
2264.67714025,5154,100532.21,98548.07,100516.89,103291.63,100521.14,100550.17,100539.31,100555.78
2264.697821494,5155,100536.2,98563.27,100514.94,103270.54,100514.16,100530.12,100531.27,100534.72
2264.718324176,5156,100524.22,98560.17,100516.89,103278.54,100522.19,100550.17,100543.33,100538.72
2264.739089158,5157,100526.09,98557.17,100520.9,103299.63,100528.13,100542.15,100534.23,100530.72
2264.76274105,5158,100544.19,98565.23,100510.93,103283.63,100512.06,100545.11,100541.43,100528.65
2264.783417026,5159,100532.21,98558.2,100518.95,103289.45,100519.05,100542.15,100537.41,100530.72
2264.803873528,5160,100535.14,98558.2,100514.94,103290.54,100518.17,100542.15,100538.25,100524.65
2264.824553153,5161,100529.02,98557.17,100506.92,103289.45,100521.14,100540.04,100537.19,100529.68
2264.845151058,5162,100527.15,98561.2,100519.98,103285.45,100518.17,100550.17,100550.31,100530.72
2264.865731163,5163,100526.09,98559.24,100518.95,103279.63,100522.19,100546.16,100540.37,100529.68
2264.886367695,5164,100527.15,98554.17,100519.98,103289.45,100530.22,100544.26,100540.37,100534.72
2264.906954648,5165,100536.2,98558.2,100515.97,103275.63,100526.2,100541.1,100538.25,100525.68
2264.930715617,5166,100526.09,98563.27,100521.93,103285.45,100518.17,100548.06,100536.35,100522.71
2264.951355789,5167,100534.08,98556.13,100511.96,103291.63,100518.17,100535.19,100539.31,100522.71
2264.971983412,5168,100531.14,98568.23,100509.9,103287.63,100522.19,100546.16,100540.37,100530.72
2264.992482504,5169,100527.15,98557.17,100519.98,103294.54,100521.14,100546.16,100548.41,100536.66
2265.013064262,5170,100536.2,98548.07,100519.98,103289.45,100521.14,100542.15,100526.19,100533.69
2265.033812944,5171,100528.21,98551.18,100517.92,103289.45,100513.11,100546.16,100532.33,100532.66
2265.05434525,5172,100532.21,98571.34,100517.92,103277.45,100522.19,100543.21,100540.37,100527.62
2265.075020197,5173,100520.22,98561.2,100515.97,103277.45,100514.16,100540.04,100536.35,100533.69
2265.098652053,5174,100527.15,98553.14,100519.98,103283.63,100517.13,100535.19,100546.29,100537.69
2265.119257519,5175,100536.2,98561.2,100519.98,103281.45,100518.17,100550.17,100538.25,100538.72
2265.139838584,5176,100526.09,98557.17,100521.93,103279.63,100511.02,100533.08,100539.31,100529.68
2265.160492517,5177,100534.08,98554.17,100515.97,103283.63,100513.11,100538.14,100538.25,100532.66
2265.181328154,5178,100527.15,98561.2,100523.99,103292.36,100508.05,100551.23,100534.23,100538.72
2265.201962412,5179,100525.03,98567.31,100510.93,103297.45,100528.13,100540.04,100541.43,100543.76
2265.222739072,5180,100532.21,98563.16,100515.97,103297.45,100516.08,100536.03,100531.27,100538.72
2265.243487416,5181,100528.21,98565.23,100504.86,103273.45,100522.19,100538.14,100540.37,100537.69
2265.26660444,5182,100529.27,98565.23,100528.0,103299.63,100508.05,100534.13,100538.25,100538.72
2265.28727727,5183,100527.15,98562.24,100519.98,103291.63,100522.19,100546.16,100534.23,100539.76
2265.307988231,5184,100532.21,98559.24,100518.95,103286.54,100522.19,100547.22,100540.37,100539.64
2265.328380579,5185,100528.21,98566.27,100518.95,103273.45,100516.08,100542.15,100539.31,100528.65
2265.348908776,5186,100525.03,98562.24,100513.91,103289.45,100511.02,100535.19,100540.37,100526.71
2265.369682019,5187,100531.14,98559.24,100510.93,103295.63,100516.08,100551.23,100540.37,100538.72
2265.390541561,5188,100527.15,98557.17,100511.96,103290.54,100517.13,100541.1,100530.21,100534.6
2265.413903118,5189,100528.21,98566.27,100523.99,103289.45,100519.22,100542.15,100534.23,100520.64
2265.434586667,5190,100526.09,98559.24,100519.98,103289.45,100530.22,100543.21,100531.27,100534.72
2265.455102262,5191,100531.14,98573.3,100511.96,103289.45,100522.19,100544.26,100531.27,100530.72
2265.475671561,5192,100519.16,98561.2,100501.88,103290.54,100521.14,100536.03,100538.25,100532.78
2265.496357986,5193,100523.16,98558.2,100517.92,103289.45,100520.1,100538.14,100532.33,100521.67
2265.517016653,5194,100527.15,98570.3,100515.97,103297.45,100529.17,100538.14,100532.33,100528.65
2265.537564519,5195,100536.2,98565.23,100509.9,103299.63,100517.13,100535.19,100535.29,100528.77
2265.558172823,5196,100518.1,98568.23,100515.97,103297.45,100513.11,100540.04,100534.23,100538.72
2265.581834549,5197,100531.14,98572.26,100519.98,103289.45,100534.24,100537.09,100532.33,100529.68
2265.602407353,5198,100530.08,98575.37,100515.97,103299.63,100514.16,100542.15,100548.41,100532.66
2265.62307434,5199,100523.16,98561.2,100523.99,103302.54,100518.17,100528.01,100528.31,100519.61
2265.643707876,5200,100544.19,98567.31,100519.98,103295.63,100517.13,100542.15,100533.39,100525.68
2265.664370032,5201,100521.03,98574.33,100517.92,103289.45,100530.22,100542.15,100544.39,100529.68
2265.68513973,5202,100526.09,98573.3,100518.95,103304.36,100524.11,100546.16,100539.31,100538.72
2265.705821424,5203,100527.15,98573.3,100518.95,103290.54,100520.1,100539.2,100549.47,100534.72
2265.726722784,5204,100535.14,98565.23,100513.91,103297.45,100516.08,100534.13,100526.19,100529.68
2265.74988498,5205,100524.22,98564.2,100510.93,103294.54,100514.16,100528.01,100529.15,100525.68
2265.770509526,5206,100527.15,98562.24,100518.95,103305.45,100518.17,100545.11,100526.41,100530.72
2265.791127809,5207,100532.21,98569.27,100522.96,103297.45,100522.19,100546.16,100542.49,100539.76
2265.81183567,5208,100530.08,98565.23,100510.93,103297.45,100521.14,100537.09,100540.37,100537.69
2265.832594452,5209,100524.22,98575.37,100511.96,103297.45,100514.16,100534.13,100530.21,100538.72
2265.853241951,5210,100525.03,98561.2,100523.99,103301.45,100515.03,100543.21,100532.33,100538.72
2265.873929751,5211,100536.2,98557.17,100511.96,103289.45,100516.08,100535.19,100541.43,100540.67
2265.894634595,5212,100536.2,98568.23,100517.92,103306.54,100518.17,100532.02,100540.37,100528.65
2265.91780351,5213,100523.16,98574.33,100519.98,103300.36,100522.19,100542.15,100542.27,100524.65
2265.938512288,5214,100528.21,98559.24,100519.98,103306.54,100520.1,100539.2,100540.37,100533.69
2265.959120837,5215,100528.21,98564.2,100501.88,103297.45,100513.11,100543.21,100542.49,100524.65
2265.979792982,5216,100543.13,98573.3,100519.98,103293.45,100512.06,100555.24,100539.31,100533.69
2266.000440086,5217,100527.15,98574.33,100509.9,103293.45,100514.16,100537.09,100539.31,100524.65
2266.021159244,5218,100536.2,98563.16,100521.01,103293.45,100513.11,100542.15,100547.35,100530.72
2266.041828494,5219,100518.1,98569.27,100515.97,103307.63,100520.1,100546.16,100536.35,100534.72
2266.062549344,5220,100528.21,98563.16,100510.93,103305.45,100513.11,100542.15,100541.21,100534.72
2266.085751887,5221,100535.14,98559.13,100525.94,103301.45,100530.22,100544.05,100535.29,100532.66
2266.106439494,5222,100532.21,98577.33,100511.96,103301.45,100514.16,100550.17,100532.33,100525.68
2266.127051054,5223,100525.03,98569.27,100519.98,103310.54,100517.13,100537.09,100540.37,100536.66
2266.147746757,5224,100534.08,98571.23,100514.94,103304.36,100530.22,100542.15,100531.27,100534.72
2266.168126591,5225,100523.16,98573.3,100513.91,103307.63,100517.13,100542.15,100535.29,100526.71
2266.1891278,5226,100532.21,98577.33,100510.93,103303.63,100514.16,100538.14,100532.12,100528.65
2266.209781472,5227,100530.08,98569.27,100519.98,103311.63,100514.16,100542.15,100538.25,100534.72
2266.230638965,5228,100523.16,98574.33,100502.91,103307.63,100514.16,100542.15,100539.31,100525.68
2266.253731854,5229,100531.14,98563.16,100513.91,103306.54,100522.19,100526.11,100530.21,100530.72
2266.274383031,5230,100534.08,98577.33,100528.0,103305.45,100526.2,100549.12,100535.29,100530.72
2266.295034805,5231,100523.16,98567.19,100524.91,103297.45,100528.13,100541.1,100525.13,100529.68
2266.315775239,5232,100527.15,98565.23,100519.98,103306.54,100513.11,100528.01,100524.29,100530.72
2266.336435486,5233,100544.19,98575.37,100509.9,103305.45,100521.14,100546.16,100531.27,100534.72
2266.357102997,5234,100525.03,98566.27,100515.97,103305.45,100516.08,100548.06,100539.31,100530.72
2266.377722499,5235,100527.15,98582.4,100517.92,103318.54,100514.16,100542.15,100535.29,100530.72
2266.398494421,5236,100531.14,98573.3,100510.93,103299.63,100517.13,100528.01,100546.51,100541.7
2266.421716577,5237,100532.21,98573.3,100515.97,103305.45,100520.1,100541.31,100525.13,100530.72
2266.442261628,5238,100531.14,98574.33,100518.95,103305.45,100521.14,100549.12,100530.21,100533.69
2266.462862064,5239,100528.21,98566.27,100517.92,103313.45,100521.14,100534.13,100532.33,100530.72
2266.483465939,5240,100529.27,98576.3,100509.9,103307.63,100504.03,100545.11,100532.33,100528.65
2266.504095237,5241,100528.21,98564.2,100514.94,103305.45,100512.06,100545.11,100535.29,100538.72
2266.524707822,5242,100527.15,98568.23,100517.92,103297.45,100513.11,100534.13,100534.23,100540.79
2266.545336924,5243,100528.21,98573.3,100517.92,103305.45,100520.1,100542.15,100544.39,100532.66
2266.565940246,5244,100530.08,98570.3,100519.98,103311.63,100516.08,100532.02,100537.41,100530.72
2266.589656758,5245,100534.08,98577.33,100513.91,103302.54,100517.13,100537.09,100534.23,100532.66
2266.61023678,5246,100536.2,98573.3,100517.92,103314.54,100505.08,100542.15,100542.27,100529.68
2266.630892517,5247,100526.09,98572.26,100526.97,103315.63,100517.13,100542.15,100533.39,100520.64
2266.651543541,5248,100523.16,98573.3,100508.87,103305.45,100513.11,100539.2,100542.49,100528.65
2266.672326396,5249,100528.21,98571.23,100507.95,103312.72,100518.0,100548.27,100535.29,100530.72
2266.692938808,5250,100535.14,98566.27,100517.92,103305.45,100517.13,100532.02,100530.21,100530.72
2266.713588814,5251,100525.03,98576.3,100519.98,103312.72,100518.17,100543.21,100538.25,100529.68
2266.7369671,5252,100533.27,98573.3,100517.92,103311.63,100518.17,100538.14,100531.27,100530.72
2266.75761721,5253,100524.22,98580.33,100509.9,103327.63,100526.2,100536.03,100536.35,100536.66
2266.778313403,5254,100526.09,98573.3,100509.9,103319.63,100519.22,100538.14,100539.31,100530.72
2266.798962793,5255,100526.09,98578.37,100507.95,103314.54,100529.17,100552.28,100530.21,100536.78
2266.819602724,5256,100520.22,98572.26,100510.93,103314.54,100512.06,100532.02,100535.29,100533.69
2266.840319651,5257,100532.21,98573.3,100509.9,103305.45,100521.14,100531.18,100532.33,100530.72
2266.861028378,5258,100527.15,98581.36,100517.92,103315.63,100513.11,100542.15,100522.17,100528.65
2266.881596942,5259,100527.15,98573.3,100509.9,103323.63,100519.05,100542.15,100539.31,100530.72
2266.904942829,5260,100532.21,98574.33,100513.91,103309.45,100530.22,100542.15,100522.17,100530.72
2266.925638592,5261,100531.14,98567.19,100515.97,103309.81,100512.06,100537.09,100537.41,100526.71
2266.946336104,5262,100520.22,98573.3,100509.9,103312.72,100516.08,100539.2,100547.35,100522.71
2266.966914674,5263,100528.21,98578.37,100509.9,103319.63,100518.17,100551.23,100532.33,100530.72
2266.987537886,5264,100534.08,98565.23,100515.97,103313.45,100514.16,100542.15,100531.27,100539.76
2267.008280826,5265,100522.09,98579.29,100508.87,103307.63,100513.11,100545.11,100534.23,100536.66
2267.028924813,5266,100527.15,98568.23,100510.93,103307.63,100516.08,100549.12,100530.21,100530.72
2267.049548531,5267,100528.21,98564.2,100517.92,103313.45,100521.14,100542.15,100540.37,100529.68
2267.072915491,5268,100529.27,98580.33,100519.98,103309.45,100516.08,100546.16,100548.41,100530.72
2267.093584008,5269,100536.2,98577.33,100519.98,103310.54,100512.06,100541.1,100530.21,100534.72
2267.114307042,5270,100526.09,98573.3,100521.93,103313.45,100522.19,100548.27,100541.43,100529.68
2267.134895703,5271,100527.15,98576.3,100509.9,103311.63,100518.17,100546.16,100531.27,100529.68
2267.155515512,5272,100526.09,98573.3,100519.98,103313.45,100517.13,100548.06,100526.19,100536.78
2267.176312155,5273,100531.14,98573.3,100510.93,103321.45,100512.06,100544.05,100531.27,100537.69
2267.196930301,5274,100527.15,98565.23,100515.97,103313.45,100508.05,100533.08,100538.25,100542.73
2267.218095202,5275,100524.22,98572.26,100510.93,103323.63,100513.11,100547.22,100543.33,100540.79
2267.240817838,5276,100526.09,98575.37,100501.88,103321.45,100514.16,100550.17,100541.43,100537.69
2267.261579234,5277,100528.21,98573.3,100514.94,103323.63,100518.17,100532.02,100532.33,100532.66
2267.28227362,5278,100531.14,98578.37,100518.95,103311.63,100521.14,100533.08,100542.27,100546.73
2267.302872053,5279,100525.03,98580.33,100511.96,103322.54,100519.05,100540.04,100530.21,100526.71
2267.323527199,5280,100530.08,98580.33,100518.95,103325.45,100522.19,100534.13,100547.35,100532.66
2267.344208443,5281,100531.14,98571.23,100510.93,103323.63,100528.13,100551.23,100540.37,100536.66
2267.364751991,5282,100528.21,98590.46,100513.91,103305.45,100522.19,100549.33,100540.37,100528.65
2267.385493746,5283,100520.22,98573.3,100517.92,103325.45,100518.17,100539.2,100533.39,100539.76
2267.408793247,5284,100527.15,98571.23,100509.9,103322.54,100512.06,100543.21,100531.27,100540.79
2267.429380637,5285,100530.08,98581.36,100515.97,103315.63,100522.19,100543.21,100531.27,100530.72
2267.45003078,5286,100535.14,98575.26,100519.98,103331.63,100526.2,100543.21,100537.41,100535.75
2267.470642066,5287,100531.14,98576.3,100521.93,103311.63,100516.08,100538.14,100535.29,100534.72
2267.491245296,5288,100526.09,98581.36,100509.9,103323.63,100513.11,100542.15,100540.37,100530.72
2267.511774803,5289,100536.2,98585.4,100509.9,103313.45,100525.16,100534.98,100532.33,100530.72
2267.532405116,5290,100524.22,98589.43,100514.94,103324.72,100517.13,100534.13,100536.35,100522.71
2267.55308198,5291,100527.15,98577.33,100522.96,103315.63,100520.1,100543.21,100536.35,100530.72
2267.576784534,5292,100534.08,98576.3,100518.95,103315.63,100517.13,100532.02,100540.37,100530.72
2267.597403797,5293,100527.15,98575.26,100509.9,103319.63,100514.16,100544.05,100530.43,100522.71
2267.617947217,5294,100517.04,98588.39,100511.96,103327.63,100513.11,100537.09,100544.39,100527.74
2267.638625802,5295,100531.14,98581.36,100513.91,103315.63,100522.19,100538.14,100530.21,100526.71
2267.659201388,5296,100519.16,98582.4,100508.87,103331.63,100512.06,100546.16,100540.37,100531.75
2267.679888834,5297,100510.11,98573.3,100509.9,103311.63,100506.12,100547.22,100540.37,100532.78
2267.700328657,5298,100524.22,98589.43,100517.92,103330.54,100524.11,100534.13,100539.31,100530.72
2267.721081539,5299,100522.09,98576.3,100513.91,103311.63,100518.17,100541.1,100533.39,100541.82
2267.74466855,5300,100524.22,98590.46,100521.01,103315.63,100516.08,100538.14,100530.21,100542.73
2267.765298608,5301,100532.21,98585.4,100515.97,103315.63,100512.06,100543.21,100532.33,100535.75
2267.785945766,5302,100528.21,98589.43,100511.96,103323.63,100522.19,100531.18,100540.37,100535.75
2267.806566132,5303,100522.09,98577.33,100517.0,103324.72,100514.16,100546.16,100549.47,100534.72
2267.827045377,5304,100532.21,98568.23,100511.96,103325.45,100520.1,100538.14,100533.39,100538.72
2267.84772657,5305,100530.08,98581.36,100519.98,103323.63,100513.11,100547.22,100536.35,100537.69
2267.868336131,5306,100524.22,98589.43,100521.93,103315.63,100520.1,100533.08,100541.43,100538.72
2267.891995917,5307,100527.15,98581.36,100511.96,103314.54,100522.19,100542.15,100537.41,100542.85
2267.912675088,5308,100536.2,98575.37,100511.96,103331.63,100518.17,100537.09,100535.29,100531.75
2267.933239505,5309,100539.13,98581.36,100515.97,103320.72,100521.14,100540.25,100540.37,100540.79
2267.953865194,5310,100527.96,98580.33,100506.92,103337.45,100518.17,100533.08,100538.25,100530.72
2267.974449903,5311,100530.08,98579.29,100513.91,103321.45,100514.16,100541.1,100537.41,100534.72
2267.99505423,5312,100522.09,98577.33,100518.95,103318.54,100517.13,100543.21,100531.27,100529.68
2268.01575957,5313,100523.16,98582.4,100511.96,103315.63,100514.16,100549.12,100530.21,100534.72
2268.036266786,5314,100527.15,98571.23,100523.99,103321.45,100514.16,100533.08,100539.31,100530.72
2268.059971506,5315,100528.21,98581.36,100517.92,103331.63,100513.99,100542.15,100536.35,100526.71
2268.080546732,5316,100524.22,98578.37,100517.92,103327.63,100512.06,100533.08,100538.47,100531.75
2268.101230883,5317,100531.14,98578.37,100511.96,103331.63,100526.2,100533.08,100527.25,100530.72
2268.12183245,5318,100531.14,98575.26,100519.98,103323.63,100530.22,100543.21,100534.23,100530.72
2268.142557909,5319,100535.14,98585.4,100517.92,103337.45,100524.28,100537.09,100531.27,100526.71
2268.163010621,5320,100526.09,98602.56,100517.92,103321.45,100516.08,100542.15,100532.33,100538.72
2268.183563605,5321,100533.02,98567.19,100511.96,103324.72,100520.1,100532.02,100543.33,100524.65
2268.204328254,5322,100529.02,98581.36,100519.98,103331.63,100526.2,100543.21,100529.37,100531.75
2268.227939204,5323,100526.09,98588.39,100513.91,103329.45,100525.16,100547.01,100531.27,100530.72
2268.248561596,5324,100525.03,98581.36,100507.84,103330.54,100517.13,100533.08,100534.23,100535.75
2268.269110804,5325,100527.15,98582.4,100509.9,103331.63,100514.16,100535.19,100532.33,100540.79
2268.289738125,5326,100527.15,98589.43,100508.87,103328.72,100516.08,100535.19,100526.19,100534.72
2268.310319243,5327,100529.02,98581.36,100505.89,103315.63,100522.19,100548.27,100526.19,100530.72
2268.330934825,5328,100518.1,98589.43,100517.92,103332.72,100516.25,100542.15,100534.23,100537.69
2268.351680799,5329,100522.09,98594.5,100511.96,103315.63,100520.1,100543.21,100542.49,100530.72
2268.372661874,5330,100526.09,98581.36,100511.96,103340.72,100518.17,100534.13,100540.37,100525.68
2268.395978022,5331,100532.21,98585.4,100511.96,103324.72,100508.05,100542.15,100532.33,100534.72
2268.416591084,5332,100529.27,98574.33,100513.91,103331.63,100530.22,100538.14,100532.33,100530.72
2268.437214785,5333,100525.03,98593.46,100528.0,103325.81,100521.14,100546.16,100532.33,100534.72
2268.457863756,5334,100527.15,98579.29,100503.94,103324.72,100519.22,100539.2,100526.19,100534.72
2268.478489135,5335,100526.09,98595.53,100509.9,103321.45,100515.2,100542.15,100538.25,100530.72
2268.499155849,5336,100523.16,98580.33,100519.98,103324.72,100518.17,100543.21,100535.29,100530.72
2268.519863688,5337,100528.21,98573.3,100519.98,103331.63,100522.19,100534.13,100543.33,100526.71
2268.541372979,5338,100514.11,98581.36,100521.01,103322.54,100512.06,100541.1,100532.33,100534.72
2268.563839752,5339,100528.21,98592.42,100507.95,103338.54,100514.16,100534.13,100544.39,100530.72
2268.58451086,5340,100523.16,98581.36,100511.96,103339.63,100514.16,100542.15,100533.39,100531.75
2268.605195806,5341,100528.21,98579.29,100519.98,103331.63,100521.14,100542.15,100538.25,100538.72
2268.62578283,5342,100527.15,98593.46,100517.92,103319.63,100513.11,100542.15,100540.37,100526.71
2268.646464067,5343,100531.14,98581.36,100519.98,103323.63,100514.16,100546.16,100544.39,100520.76
2268.667184025,5344,100525.03,98597.49,100528.0,103323.63,100520.1,100543.21,100540.37,100530.72
2268.687855887,5345,100528.21,98593.46,100521.93,103331.63,100513.11,100547.22,100542.49,100530.72
2268.708501679,5346,100528.21,98592.42,100505.89,103330.54,100508.05,100538.14,100540.37,100530.6
2268.731826372,5347,100534.08,98591.5,100509.9,103340.72,100525.16,100534.13,100531.27,100522.71
2268.752472383,5348,100523.16,98593.46,100519.98,103324.72,100530.22,100533.08,100534.45,100512.63
2268.773074743,5349,100526.09,98593.46,100511.96,103319.63,100519.22,100538.14,100535.29,100526.71
2268.793677073,5350,100527.15,98580.33,100509.9,103317.81,100512.06,100536.03,100539.31,100533.81
2268.814200768,5351,100520.22,98587.36,100519.98,103337.81,100521.14,100545.32,100541.43,100524.77
2268.834791762,5352,100528.21,98585.4,100513.91,103332.72,100517.13,100538.14,100527.25,100525.68
2268.855527139,5353,100523.16,98589.43,100518.95,103339.63,100518.17,100539.2,100532.33,100522.71
2268.876047885,5354,100529.27,98590.46,100512.88,103339.63,100514.16,100548.27,100528.31,100525.68
2268.89978608,5355,100524.22,98586.43,100517.92,103328.72,100514.16,100538.14,100532.33,100528.77
2268.920443048,5356,100522.09,98593.46,100519.98,103339.63,100521.14,100533.08,100531.27,100521.67
2268.941001015,5357,100530.08,98568.23,100510.93,103339.63,100526.2,100534.13,100533.39,100530.72
2268.961603777,5358,100531.14,98581.36,100515.97,103323.63,100520.1,100544.26,100545.45,100530.72
2268.982204682,5359,100524.22,98579.29,100509.9,103324.72,100521.14,100542.15,100540.37,100534.72
2269.002752396,5360,100522.09,98593.46,100519.98,103347.63,100520.1,100536.24,100534.45,100534.72
2269.023758902,5361,100528.21,98597.49,100509.9,103340.72,100514.16,100543.21,100534.23,100531.75
2269.044286986,5362,100532.21,98590.46,100517.92,103340.72,100521.14,100546.16,100533.39,100538.72
2269.067748751,5363,100529.27,98589.43,100503.94,103338.54,100520.1,100533.08,100534.45,100526.71
2269.088457438,5364,100510.11,98599.57,100519.98,103337.45,100521.14,100542.15,100534.45,100531.75
2269.109038684,5365,100528.21,98590.46,100510.93,103327.63,100522.19,100542.15,100543.55,100534.72
2269.12980106,5366,100527.15,98579.29,100519.98,103337.81,100523.23,100543.21,100541.43,100522.71
2269.150417417,5367,100528.21,98585.4,100509.9,103337.45,100514.16,100538.14,100542.49,100539.76
2269.171107105,5368,100526.09,98596.46,100502.91,103340.72,100516.08,100546.16,100532.33,100526.71
2269.191727755,5369,100527.15,98589.43,100513.91,103331.63,100518.17,100542.15,100531.27,100530.72
2269.215061763,5370,100534.08,98580.33,100514.94,103340.72,100510.14,100550.17,100539.31,100533.69
2269.235737417,5371,100527.15,98581.36,100513.91,103330.54,100513.11,100534.13,100546.29,100534.72
2269.256446928,5372,100526.09,98594.5,100517.92,103344.72,100518.17,100540.04,100538.47,100532.78
2269.27694375,5373,100535.14,98596.46,100519.98,103327.63,100530.22,100534.13,100527.25,100532.78
2269.29753746,5374,100528.21,98579.29,100514.94,103340.72,100516.08,100539.2,100533.39,100526.71
2269.318146313,5375,100527.15,98585.4,100511.96,103329.45,100516.08,100539.2,100535.29,100533.81
2269.338730419,5376,100528.21,98591.39,100517.92,103339.63,100523.23,100549.12,100534.45,100538.72
2269.359248356,5377,100532.21,98587.36,100515.97,103329.81,100518.17,100544.26,100532.33,100535.75
2269.383003129,5378,100524.22,98589.43,100513.91,103323.63,100518.17,100541.1,100530.21,100530.72
2269.403624396,5379,100531.14,98598.53,100502.91,103339.63,100530.22,100545.11,100540.37,100530.72
2269.424352705,5380,100536.2,98589.43,100518.95,103339.63,100513.11,100543.21,100534.23,100526.71
2269.445001398,5381,100528.21,98587.36,100519.98,103341.81,100513.11,100559.25,100534.23,100532.78
2269.465684438,5382,100514.11,98588.39,100503.94,103339.63,100522.19,100540.04,100530.21,100530.72
2269.486110137,5383,100512.23,98597.49,100511.96,103331.63,100521.14,100544.26,100527.25,100530.72
2269.506694139,5384,100523.16,98593.46,100512.88,103341.81,100513.11,100543.21,100547.35,100531.75
2269.52724697,5385,100532.21,98592.42,100505.89,103325.81,100518.17,100542.15,100547.35,100530.72
2269.551031484,5386,100520.22,98605.56,100513.91,103339.63,100522.19,100535.19,100533.39,100530.72
2269.571606587,5387,100526.09,98589.43,100512.88,103323.63,100521.14,100538.14,100533.39,100539.76
2269.592172789,5388,100527.15,98588.39,100511.96,103340.72,100522.19,100523.16,100538.25,100522.71
2269.612773226,5389,100528.21,98589.43,100517.92,103339.63,100513.11,100542.15,100528.31,100523.74
2269.63341164,5390,100528.21,98586.43,100509.9,103331.63,100516.25,100532.02,100537.41,100534.72
2269.653967739,5391,100529.27,98586.43,100511.96,103337.81,100523.23,100543.21,100534.45,100538.72
2269.674594235,5392,100526.09,98588.39,100509.9,103333.45,100526.2,100534.13,100533.39,100538.72
2269.695207079,5393,100526.09,98589.43,100517.92,103335.63,100514.16,100535.19,100534.45,100530.72
2269.718942625,5394,100540.19,98597.49,100509.9,103331.63,100514.16,100542.15,100543.33,100522.71
2269.739536119,5395,100527.15,98588.39,100507.95,103341.81,100514.16,100540.04,100541.43,100530.72
2269.760179755,5396,100531.14,98593.46,100509.9,103339.63,100522.19,100541.1,100532.33,100534.72
2269.780775348,5397,100531.14,98586.43,100514.94,103323.63,100518.17,100539.2,100542.49,100530.72
2269.801381604,5398,100527.15,98593.46,100516.89,103339.63,100515.2,100544.05,100529.37,100538.72
2269.821938063,5399,100525.03,98581.36,100509.9,103340.72,100518.17,100538.14,100540.37,100529.68
2269.842530724,5400,100534.08,98598.53,100515.97,103340.72,100524.28,100529.07,100540.37,100533.69
2269.86319286,5401,100528.21,98589.43,100513.91,103349.81,100518.17,100534.13,100534.45,100530.72
2269.886978789,5402,100523.16,98601.53,100511.96,103340.72,100513.11,100547.22,100531.27,100538.72
2269.907512452,5403,100531.14,98595.53,100511.96,103345.81,100516.08,100545.11,100534.45,100530.72
2269.928114587,5404,100520.22,98597.49,100517.92,103339.63,100518.17,100534.13,100540.37,100530.72
2269.948735762,5405,100519.16,98601.53,100514.94,103341.45,100514.16,100538.14,100538.47,100530.72
2269.96928555,5406,100532.21,98589.43,100513.91,103339.63,100520.1,100553.34,100538.47,100530.72
2269.989882197,5407,100536.2,98581.36,100528.0,103345.81,100514.16,100550.17,100540.37,100531.75
2270.010520203,5408,100535.14,98582.4,100516.89,103339.63,100520.1,100542.15,100530.43,100528.65
2270.031099863,5409,100528.21,98597.49,100519.98,103340.72,100517.13,100549.12,100536.35,100536.78
2270.054855799,5410,100524.22,98593.46,100509.9,103339.63,100525.16,100542.15,100534.45,100526.71
2270.075504297,5411,100527.15,98599.57,100518.95,103338.54,100518.17,100546.16,100540.37,100543.76
2270.096090046,5412,100520.22,98593.46,100517.92,103340.72,100526.2,100534.13,100533.39,100539.76
2270.11669049,5413,100524.22,98594.39,100517.92,103340.72,100516.25,100544.26,100542.49,100528.65
2270.137263453,5414,100516.23,98593.46,100510.93,103341.81,100529.17,100541.1,100537.41,100524.77
2270.157890346,5415,100527.15,98590.46,100511.96,103340.72,100522.19,100537.09,100530.21,100536.78
2270.178582355,5416,100525.28,98578.37,100511.96,103345.45,100522.19,100530.12,100528.31,100533.69
2270.19917781,5417,100532.21,98573.3,100509.9,103341.45,100515.2,100539.2,100536.35,100534.72
2270.222850171,5418,100529.27,98589.43,100523.99,103325.45,100522.19,100540.04,100534.45,100539.76
2270.243575699,5419,100546.31,98593.46,100509.9,103339.63,100524.11,100543.21,100542.49,100538.72
2270.264086866,5420,100518.1,98588.39,100509.9,103339.63,100522.19,100534.13,100540.37,100534.72
2270.284750549,5421,100526.09,98600.49,100509.9,103345.81,100512.06,100548.27,100545.45,100538.72
2270.305214296,5422,100529.27,98593.46,100505.89,103339.63,100514.16,100543.21,100538.47,100538.72
2270.325893036,5423,100528.21,98591.39,100514.94,103339.63,100522.19,100536.24,100537.41,100528.77
2270.346581873,5424,100522.09,98593.46,100510.93,103347.63,100515.2,100534.13,100534.45,100538.72
2270.367175763,5425,100518.1,98597.49,100526.97,103347.63,100514.16,100542.15,100537.41,100534.72
2270.390813926,5426,100527.15,98594.5,100509.9,103349.81,100515.2,100541.1,100534.45,100533.69
2270.411473485,5427,100528.21,98589.43,100505.89,103333.81,100512.06,100539.2,100536.35,100540.79
2270.432023442,5428,100532.21,98597.49,100501.88,103340.72,100518.17,100536.24,100542.27,100530.72
2270.452709682,5429,100532.21,98593.46,100511.96,103339.63,100518.17,100542.15,100534.23,100521.67
2270.473157643,5430,100532.21,98589.43,100513.91,103339.63,100522.19,100537.3,100534.23,100530.72
2270.493809116,5431,100523.16,98597.49,100517.92,103337.45,100514.16,100543.21,100535.29,100529.68
2270.51442905,5432,100528.21,98589.43,100511.96,103348.72,100518.17,100535.19,100538.25,100537.69
2270.538108631,5433,100527.15,98607.63,100515.97,103344.72,100517.13,100542.15,100530.21,100530.72
2270.558696384,5434,100524.22,98602.56,100517.92,103347.63,100522.19,100533.08,100532.33,100526.71
2270.579301797,5435,100536.2,98598.53,100518.95,103344.72,100520.1,100535.19,100539.31,100530.72
2270.599848786,5436,100523.16,98606.59,100515.97,103339.63,100521.14,100548.27,100546.29,100530.72
2270.620554329,5437,100528.21,98595.42,100518.95,103344.72,100522.19,100534.13,100542.27,100538.72
2270.641202185,5438,100528.21,98602.56,100511.96,103351.63,100518.17,100542.15,100534.23,100530.72
2270.661797872,5439,100526.09,98594.5,100519.98,103351.63,100523.23,100528.01,100539.31,100526.71
2270.682318664,5440,100528.21,98597.49,100517.0,103339.63,100514.16,100542.15,100535.29,100529.68
2270.706067836,5441,100526.09,98589.43,100519.98,103339.63,100517.13,100547.22,100529.37,100528.65
2270.726754679,5442,100521.03,98601.53,100509.9,103339.63,100524.11,100544.26,100540.37,100530.72
2270.747404912,5443,100536.2,98598.53,100513.91,103352.72,100516.25,100538.14,100542.27,100538.72
2270.767895244,5444,100522.09,98599.57,100510.93,103356.72,100510.14,100544.26,100531.27,100532.78
2270.788512107,5445,100531.14,98600.49,100516.89,103347.63,100522.19,100543.21,100530.21,100535.75
2270.809098378,5446,100527.15,98602.56,100506.92,103337.45,100521.14,100543.21,100533.39,100530.72
2270.829723854,5447,100520.22,98606.59,100515.97,103340.72,100514.16,100539.2,100539.31,100531.75
2270.850279602,5448,100528.21,98601.53,100515.97,103355.63,100512.06,100535.19,100542.27,100530.72
2270.87408901,5449,100520.22,98597.49,100511.96,103343.63,100513.11,100541.1,100542.49,100532.78
2270.894661578,5450,100520.22,98597.49,100511.96,103339.63,100518.17,100540.25,100532.33,100532.78
2270.915275821,5451,100520.22,98597.49,100510.93,103344.72,100515.2,100543.21,100543.33,100534.72
2270.935871045,5452,100526.09,98594.39,100511.96,103345.81,100514.16,100539.2,100532.33,100538.72
2270.95644703,5453,100532.21,98593.46,100506.92,103338.54,100522.19,100551.23,100532.33,100530.72
2270.97711569,5454,100534.08,98596.46,100511.96,103347.63,100515.2,100536.03,100539.31,100530.72
2270.997725337,5455,100528.21,98606.59,100513.91,103351.63,100521.14,100535.19,100527.25,100539.76
2271.01826632,5456,100529.02,98601.53,100511.96,103344.72,100529.17,100535.19,100540.37,100534.72
2271.042012486,5457,100520.22,98601.53,100513.91,103340.72,100522.19,100533.08,100531.27,100540.79
2271.06272196,5458,100528.21,98594.5,100512.99,103341.81,100518.17,100540.04,100548.41,100532.78
2271.083226162,5459,100527.15,98589.43,100507.95,103347.63,100521.14,100542.15,100547.57,100542.85
2271.103885088,5460,100525.03,98595.42,100511.96,103352.72,100517.13,100540.04,100535.29,100530.72
2271.124444202,5461,100521.03,98599.57,100509.9,103346.54,100512.06,100543.21,100537.41,100530.72
2271.145069522,5462,100532.21,98598.53,100518.95,103351.63,100531.27,100542.15,100531.27,100526.71
2271.165653868,5463,100523.16,98597.49,100512.88,103361.81,100514.16,100544.26,100540.37,100530.72
2271.186257992,5464,100519.16,98599.57,100515.97,103348.72,100518.17,100539.2,100524.29,100523.74
2271.209901337,5465,100521.28,98599.57,100515.97,103337.45,100530.22,100536.24,100534.23,100528.77
2271.230525819,5466,100524.22,98597.49,100517.0,103351.63,100514.16,100550.17,100541.43,100530.72
2271.251126961,5467,100532.21,98602.56,100509.9,103351.63,100522.19,100538.14,100544.39,100539.76
2271.271765411,5468,100520.22,98597.49,100511.96,103353.45,100521.14,100543.21,100534.45,100530.72
2271.292342946,5469,100528.21,98605.56,100519.98,103357.81,100524.28,100536.24,100539.31,100532.78
2271.312924252,5470,100524.22,98598.53,100518.95,103339.63,100514.16,100527.17,100524.29,100530.72
2271.333538183,5471,100515.17,98597.49,100514.94,103353.81,100514.16,100534.13,100533.39,100518.7
2271.354196476,5472,100529.27,98589.43,100509.9,103348.72,100514.16,100543.21,100527.25,100534.72
2271.37787835,5473,100528.21,98597.49,100513.91,103348.72,100516.08,100538.14,100530.21,100525.8
2271.398481529,5474,100524.22,98598.53,100512.99,103348.72,100513.11,100539.2,100548.41,100526.71
2271.419104655,5475,100527.15,98596.46,100519.98,103352.72,100510.14,100539.2,100536.35,100526.71
2271.439687724,5476,100519.16,98597.49,100510.93,103352.72,100517.13,100544.26,100531.27,100535.75
2271.460290767,5477,100528.21,98593.46,100517.92,103343.63,100521.14,100544.26,100532.33,100533.81
2271.480902686,5478,100526.09,98607.63,100505.89,103344.72,100522.19,100538.14,100540.37,100530.72
2271.501507917,5479,100527.15,98601.53,100511.96,103352.72,100517.13,100538.14,100526.41,100535.75
2271.522208364,5480,100527.15,98602.56,100514.94,103344.72,100511.02,100544.26,100533.39,100526.71
2271.545860638,5481,100520.22,98605.56,100513.91,103352.72,100518.17,100533.08,100535.29,100531.75
2271.566509984,5482,100528.21,98597.49,100510.93,103347.63,100514.16,100542.15,100531.27,100532.78
2271.587081044,5483,100528.21,98597.49,100519.98,103343.63,100512.06,100542.15,100539.31,100536.78
2271.607673597,5484,100520.22,98601.53,100523.07,103351.63,100522.19,100534.13,100537.41,100536.66
2271.628268049,5485,100531.14,98590.46,100511.96,103352.72,100515.2,100530.12,100522.17,100532.78
2271.648847373,5486,100531.14,98581.36,100514.94,103345.81,100513.11,100534.13,100529.37,100522.71
2271.669473007,5487,100527.15,98597.49,100517.92,103352.72,100520.26,100549.12,100540.37,100533.69
2271.693252286,5488,100525.03,98598.53,100519.98,103355.63,100522.19,100542.15,100541.43,100530.72
2271.713893243,5489,100534.08,98581.36,100518.95,103355.63,100522.19,100534.13,100531.27,100526.71
2271.734515903,5490,100524.22,98593.46,100511.96,103338.54,100514.16,100538.14,100535.29,100524.77
2271.754954647,5491,100527.15,98597.49,100518.95,103345.81,100521.14,100543.21,100542.49,100538.72
2271.775628027,5492,100528.21,98591.39,100513.91,103344.72,100519.22,100538.14,100543.33,100533.69
2271.796217235,5493,100535.14,98606.59,100510.93,103356.72,100514.16,100536.24,100538.47,100530.72
2271.816823387,5494,100523.16,98598.53,100507.84,103356.72,100527.25,100542.15,100547.35,100530.72
2271.837453691,5495,100528.21,98596.46,100525.94,103356.72,100514.16,100534.13,100526.19,100530.72
2271.861135244,5496,100521.03,98598.53,100511.96,103355.63,100519.22,100543.21,100538.47,100532.78
2271.881797374,5497,100524.22,98589.43,100522.04,103357.81,100513.11,100543.21,100534.45,100534.72
2271.902485307,5498,100528.21,98595.53,100510.93,103357.81,100517.13,100543.21,100538.47,100533.81
2271.923004992,5499,100529.27,98596.46,100511.96,103341.81,100523.23,100546.16,100538.47,100532.78
2271.94359871,5500,100521.28,98594.5,100498.9,103356.72,100518.17,100538.14,100538.47,100530.72
2271.964194404,5501,100530.33,98598.53,100507.95,103347.63,100522.19,100534.13,100539.31,100530.72
2271.984728807,5502,100530.08,98599.57,100518.95,103351.63,100523.23,100535.19,100538.47,100532.78
2272.005453853,5503,100540.19,98590.46,100511.96,103357.81,100511.19,100536.24,100533.39,100523.74
2272.029074746,5504,100529.27,98597.49,100504.97,103351.63,100512.06,100538.14,100542.49,100522.71
2272.049677741,5505,100526.09,98581.36,100511.96,103355.63,100518.17,100544.26,100533.39,100551.77
2272.070366652,5506,100530.33,98590.46,100502.91,103360.72,100520.26,100543.21,100541.43,100532.78
2272.09092516,5507,100528.21,98598.53,100528.0,103351.63,100518.17,100542.15,100538.47,100534.72
2272.111553311,5508,100526.09,98580.33,100515.97,103353.81,100522.19,100542.15,100546.51,100539.76
2272.13219198,5509,100531.14,98581.36,100519.98,103356.72,100519.22,100547.22,100542.49,100534.72
2272.152811162,5510,100526.09,98603.6,100513.91,103343.63,100520.26,100551.23,100532.33,100520.64
2272.173313358,5511,100524.22,98603.6,100511.96,103360.72,100514.16,100544.26,100532.33,100539.76
2272.197061487,5512,100524.22,98595.53,100510.93,103357.81,100513.11,100551.23,100538.47,100534.72
2272.217635077,5513,100528.21,98598.53,100509.9,103353.81,100522.19,100538.14,100541.43,100532.78
2272.238323553,5514,100534.08,98589.43,100519.98,103356.72,100530.22,100550.17,100538.47,100530.72
2272.258850146,5515,100520.22,98590.46,100511.96,103357.81,100522.19,100536.24,100540.37,100527.74
2272.279424947,5516,100526.09,98599.57,100519.98,103356.72,100518.17,100544.26,100533.39,100539.76
2272.300020048,5517,100528.21,98590.46,100522.96,103357.81,100514.16,100546.16,100534.45,100534.72
2272.320669074,5518,100536.2,98590.46,100511.96,103361.81,100514.16,100547.22,100538.47,100538.72
2272.341328054,5519,100532.21,98591.5,100511.96,103355.63,100513.11,100543.21,100532.33,100540.79
2272.365050708,5520,100528.21,98598.53,100510.93,103357.81,100514.16,100534.13,100530.43,100533.81
2272.385642678,5521,100527.15,98581.36,100511.96,103357.81,100518.17,100551.23,100532.33,100531.75
2272.406237873,5522,100528.21,98597.49,100511.96,103355.63,100514.16,100531.18,100547.57,100528.77
2272.426860143,5523,100531.14,98590.46,100514.94,103352.72,100510.14,100541.1,100530.43,100533.81
2272.447449867,5524,100523.16,98599.57,100507.95,103353.81,100518.17,100544.26,100527.25,100531.75
2272.46802414,5525,100528.21,98598.53,100519.98,103349.45,100514.16,100544.26,100546.51,100536.78
2272.48864288,5526,100524.22,98591.5,100513.91,103352.72,100514.16,100530.12,100535.29,100531.75
2272.509568522,5527,100527.15,98607.63,100514.94,103355.63,100514.16,100535.19,100542.49,100538.72
2272.532984241,5528,100527.15,98589.43,100510.93,103363.63,100522.19,100533.08,100537.41,100532.78
2272.553670475,5529,100522.09,98603.6,100505.89,103353.81,100521.14,100536.24,100530.21,100530.72
2272.574305256,5530,100520.22,98590.46,100509.9,103353.81,100518.17,100539.2,100532.33,100531.75
2272.594900794,5531,100526.09,98594.5,100518.95,103365.81,100516.08,100532.23,100530.43,100530.72
2272.615643962,5532,100528.21,98590.46,100517.92,103355.63,100510.14,100542.15,100530.43,100524.77
2272.636329076,5533,100532.21,98593.46,100514.02,103356.72,100522.19,100532.02,100545.45,100530.72
2272.656661104,5534,100523.16,98591.5,100517.92,103356.72,100516.08,100546.16,100533.39,100530.72
2272.677189408,5535,100532.21,98597.49,100511.96,103355.63,100523.23,100542.15,100539.31,100530.72
2272.700909546,5536,100524.22,98597.49,100514.02,103347.63,100518.17,100539.2,100532.33,100534.84
2272.721462202,5537,100520.22,98593.46,100509.9,103360.72,100523.23,100541.1,100538.47,100533.81
2272.742200026,5538,100527.15,98598.53,100511.96,103356.72,100514.16,100543.21,100536.35,100530.72
2272.762748418,5539,100527.15,98602.56,100507.95,103344.72,100519.22,100540.25,100542.49,100538.72
2272.783292471,5540,100525.28,98597.49,100511.96,103354.54,100509.09,100536.24,100529.37,100531.75
2272.803928788,5541,100523.16,98591.39,100518.95,103356.72,100519.22,100539.2,100532.33,100540.79
2272.824550217,5542,100523.16,98598.53,100511.96,103352.72,100514.16,100533.08,100528.31,100531.75
2272.845105316,5543,100524.22,98598.53,100519.98,103365.81,100513.11,100543.21,100533.39,100533.81
2272.869033186,5544,100528.21,98589.43,100511.96,103357.81,100522.19,100542.15,100536.35,100531.75
2272.88947349,5545,100528.21,98594.5,100515.97,103348.72,100513.11,100534.13,100533.39,100537.81
2272.910064606,5546,100524.22,98589.43,100519.98,103357.81,100522.19,100542.15,100541.43,100532.78
2272.930647815,5547,100533.27,98582.4,100515.97,103359.63,100517.13,100534.13,100531.27,100523.74
2272.951586026,5548,100520.22,98590.46,100511.96,103347.63,100520.1,100541.1,100535.51,100531.75
2272.972285547,5549,100524.22,98589.43,100521.01,103349.81,100522.19,100536.24,100537.41,100528.77
2272.992599456,5550,100520.22,98596.57,100521.93,103348.72,100522.19,100547.22,100542.49,100526.71
2273.016277279,5551,100528.21,98604.52,100519.98,103344.72,100506.12,100533.08,100543.55,100526.71
2273.036873391,5552,100524.22,98598.53,100514.94,103345.81,100510.14,100542.15,100542.49,100538.72
2273.057519251,5553,100529.27,98591.5,100510.93,103345.81,100514.16,100536.24,100530.43,100539.76
2273.078094635,5554,100529.27,98595.53,100518.95,103340.72,100514.16,100533.08,100542.49,100526.71
2273.098667389,5555,100535.14,98598.53,100521.93,103345.81,100515.2,100543.21,100534.45,100530.72
2273.119205674,5556,100528.21,98591.5,100511.96,103349.81,100518.17,100544.26,100536.57,100526.71
2273.139782743,5557,100528.21,98583.44,100519.98,103344.72,100529.17,100548.27,100530.43,100526.71
2273.160410666,5558,100533.27,98598.53,100517.92,103349.81,100517.13,100539.2,100533.39,100529.8
2273.184154849,5559,100532.21,98598.53,100515.97,103331.63,100518.17,100531.18,100527.47,100532.78
2273.204839038,5560,100524.22,98603.6,100515.97,103344.72,100526.2,100534.13,100524.29,100532.78
2273.225436468,5561,100523.16,98599.57,100509.9,103345.81,100522.19,100535.19,100534.45,100536.78
2273.246214326,5562,100527.15,98598.53,100514.94,103353.81,100522.19,100538.14,100530.43,100534.72
2273.266578859,5563,100528.21,98591.5,100519.98,103344.72,100519.22,100544.26,100540.37,100522.71
2273.287163995,5564,100532.21,98606.59,100517.92,103344.72,100518.17,100543.21,100538.47,100523.74
2273.307814389,5565,100531.14,98592.54,100511.96,103340.72,100522.19,100545.32,100530.43,100522.71
2273.328408676,5566,100520.22,98606.59,100511.96,103353.81,100518.17,100543.21,100538.47,100529.68
2273.352108724,5567,100528.21,98598.53,100518.95,103349.81,100518.17,100544.26,100537.41,100534.72
2273.372756554,5568,100524.22,98597.49,100510.93,103349.81,100516.25,100530.12,100534.45,100530.72
2273.393373463,5569,100536.2,98588.39,100512.99,103344.72,100513.11,100541.31,100538.47,100535.75
2273.414079367,5570,100532.21,98589.43,100509.9,103333.81,100522.19,100542.15,100540.59,100526.71
2273.434677618,5571,100531.14,98590.46,100511.96,103345.81,100511.19,100543.21,100535.51,100534.72
2273.455140381,5572,100535.14,98589.43,100514.94,103341.81,100522.19,100541.31,100530.43,100540.79
2273.475753854,5573,100522.09,98595.53,100511.96,103340.72,100526.2,100535.19,100534.45,100539.76
2273.496369852,5574,100520.22,98590.46,100515.97,103341.81,100518.17,100542.15,100540.37,100539.76
2273.520131937,5575,100528.21,98603.6,100511.96,103345.81,100510.14,100539.2,100541.43,100536.78
2273.540729031,5576,100537.26,98597.49,100523.99,103348.72,100521.14,100541.1,100545.45,100530.72
2273.561263534,5577,100528.21,98597.49,100513.91,103342.9,100518.17,100550.17,100534.45,100531.75
2273.581904984,5578,100528.21,98598.53,100502.91,103341.81,100518.17,100543.21,100534.45,100528.77
2273.602553152,5579,100520.22,98589.43,100519.98,103351.63,100520.26,100543.21,100534.45,100536.78
2273.62310669,5580,100519.16,98602.56,100519.98,103356.72,100514.16,100526.11,100529.37,100530.72
2273.643766975,5581,100528.21,98593.46,100511.96,103337.09,100527.25,100543.21,100533.39,100532.78
2273.664625646,5582,100532.21,98598.53,100511.96,103343.63,100523.23,100532.02,100533.39,100532.78
2273.688091278,5583,100528.21,98595.53,100515.97,103344.72,100522.19,100543.21,100542.49,100551.77
2273.70878239,5584,100528.21,98589.43,100511.96,103351.63,100514.16,100546.16,100532.33,100537.69
2273.729315906,5585,100532.21,98597.49,100523.99,103344.72,100522.19,100536.24,100541.43,100527.74
2273.749906914,5586,100528.21,98589.43,100509.9,103349.81,100519.22,100544.26,100530.21,100525.8
2273.770467884,5587,100529.27,98591.5,100513.91,103340.72,100522.19,100544.26,100541.43,100530.72
2273.791118808,5588,100527.15,98591.5,100513.91,103352.72,100522.19,100547.22,100536.35,100539.76
2273.811649753,5589,100534.08,98599.57,100511.96,103357.81,100522.19,100542.15,100535.29,100538.72
2273.832400239,5590,100530.33,98590.46,100515.97,103340.72,100527.25,100543.21,100527.25,100523.74
2273.856029453,5591,100528.21,98602.56,100515.97,103340.72,100519.22,100543.21,100538.25,100534.72
2273.87663133,5592,100524.22,98596.46,100521.01,103352.72,100514.16,100538.14,100531.27,100522.71
2273.897228254,5593,100528.21,98602.56,100510.93,103353.81,100522.19,100535.19,100532.33,100536.78
2273.917786663,5594,100536.2,98598.53,100515.97,103341.81,100524.28,100539.2,100542.49,100525.8
2273.938461434,5595,100528.21,98602.56,100502.91,103341.81,100514.16,100538.14,100540.37,100522.71
2273.959022031,5596,100525.28,98598.53,100513.91,103349.81,100523.23,100550.17,100537.41,100530.72
2273.979609842,5597,100518.35,98597.49,100510.93,103343.63,100523.23,100548.27,100538.47,100534.72
2274.000249516,5598,100529.27,98591.5,100507.95,103352.72,100519.22,100529.07,100531.27,100539.76
2274.024046488,5599,100528.21,98598.53,100503.94,103346.18,100497.04,100535.19,100528.31,100536.78
2274.044647453,5600,100538.32,98590.46,100503.94,103337.09,100514.16,100530.12,100522.39,100532.78
2274.065218243,5601,100532.21,98595.53,100507.95,103349.09,100520.26,100543.21,100537.41,100535.75
2274.085816365,5602,100527.15,98590.46,100515.97,103343.27,100522.19,100541.1,100538.47,100522.71
2274.106433134,5603,100535.14,98593.46,100519.98,103345.09,100521.14,100545.11,100526.41,100524.77
2274.126988249,5604,100528.21,98603.6,100509.9,103341.09,100524.28,100542.15,100537.41,100532.78
2274.147584723,5605,100528.21,98601.53,100518.95,103333.09,100526.2,100550.17,100538.47,100530.72
2274.168219099,5606,100537.26,98601.53,100511.96,103349.09,100536.33,100548.27,100534.45,100535.75
2274.191918738,5607,100535.14,98598.53,100521.01,103335.27,100518.17,100535.19,100534.45,100527.74
2274.212504969,5608,100528.21,98592.54,100512.99,103344.36,100522.19,100535.19,100542.49,100526.71
2274.233133129,5609,100527.15,98597.49,100521.01,103345.09,100523.23,100538.14,100539.53,100530.72
2274.253680842,5610,100528.21,98599.57,100511.96,103335.27,100522.19,100542.15,100532.33,100534.72
2274.274303066,5611,100529.27,98598.53,100517.92,103339.27,100514.16,100535.19,100532.33,100531.75
2274.294890285,5612,100528.21,98599.57,100511.96,103341.81,100514.16,100530.12,100541.43,100527.62
2274.31551148,5613,100528.21,98599.57,100511.96,103357.81,100510.14,100535.19,100530.43,100522.71
2274.339216212,5614,100528.21,98588.5,100519.98,103347.27,100517.13,100548.27,100529.37,100532.78
2274.359918134,5615,100510.11,98598.53,100511.96,103339.27,100519.22,100543.21,100532.33,100534.72
2274.380599014,5616,100524.22,98603.6,100517.0,103351.27,100514.16,100543.21,100540.37,100536.78
2274.401250952,5617,100533.27,98595.53,100509.9,103351.27,100518.17,100536.24,100541.43,100521.67
2274.421935649,5618,100528.21,98607.63,100519.98,103352.36,100514.16,100546.16,100529.37,100531.75
2274.442645036,5619,100526.34,98603.6,100509.9,103336.36,100514.16,100547.22,100525.35,100524.65
2274.463258012,5620,100528.21,98607.63,100521.01,103356.72,100518.17,100536.24,100532.33,100535.75
2274.483936523,5621,100528.21,98590.46,100507.95,103357.81,100527.25,100536.24,100536.35,100538.72
2274.507277527,5622,100523.16,98599.57,100519.98,103361.81,100510.14,100542.15,100533.39,100537.81
2274.52789478,5623,100528.21,98600.6,100511.96,103351.27,100514.16,100547.22,100536.35,100536.78
2274.548528446,5624,100526.09,98598.53,100511.96,103342.18,100522.19,100538.14,100530.43,100532.78
2274.569185515,5625,100533.27,98600.6,100511.96,103347.27,100514.16,100548.27,100541.43,100524.77
2274.589972856,5626,100532.21,98601.53,100522.96,103344.36,100524.28,100542.15,100536.35,100532.78
2274.610506103,5627,100527.15,98597.49,100512.99,103347.27,100522.19,100542.15,100542.49,100531.75
2274.631204231,5628,100521.28,98605.56,100517.0,103350.18,100518.17,100535.19,100533.39,100533.81
2274.651969194,5629,100520.22,98597.49,100511.96,103349.09,100523.23,100544.26,100534.45,100532.78
2274.675204101,5630,100528.21,98603.6,100511.96,103353.45,100521.14,100542.15,100538.47,100536.78
2274.695910449,5631,100537.26,98599.57,100508.87,103345.09,100514.16,100548.27,100541.43,100539.76
2274.716529472,5632,100524.22,98601.53,100526.05,103351.27,100513.11,100535.19,100528.31,100539.76
2274.737130326,5633,100531.14,98595.53,100522.04,103343.27,100515.2,100543.21,100546.51,100532.78
2274.757846408,5634,100529.27,98595.53,100507.95,103339.27,100513.11,100540.25,100542.49,100530.72
2274.778555212,5635,100528.21,98581.36,100511.96,103349.09,100516.25,100546.16,100534.45,100532.78
2274.799281629,5636,100512.23,98601.53,100521.01,103343.27,100518.17,100541.1,100537.41,100525.68
2274.81996503,5637,100528.21,98597.49,100519.98,103349.45,100514.16,100543.21,100532.33,100534.72
2274.843137274,5638,100524.22,98605.56,100511.96,103337.09,100522.19,100543.21,100531.27,100534.72
2274.863802739,5639,100527.15,98599.57,100507.95,103339.27,100522.19,100543.21,100534.45,100530.72
2274.884522893,5640,100536.2,98599.57,100511.96,103350.18,100514.16,100542.15,100538.47,100524.77
2274.905149954,5641,100529.27,98599.57,100511.96,103340.36,100513.11,100544.26,100533.39,100524.77
2274.925910629,5642,100525.28,98591.5,100499.93,103351.27,100512.06,100548.27,100546.51,100539.76
2274.946517069,5643,100529.27,98593.46,100510.01,103350.18,100517.13,100537.09,100538.47,100531.75
2274.966773396,5644,100527.15,98601.53,100514.94,103341.45,100514.16,100539.2,100525.35,100538.72
2274.987578882,5645,100530.33,98589.43,100507.95,103343.27,100518.17,100535.19,100535.29,100532.78
2275.011185409,5646,100520.22,98595.53,100519.98,103353.45,100510.14,100538.14,100542.49,100531.75
2275.031726192,5647,100528.21,98604.63,100510.93,103352.36,100518.17,100534.13,100542.49,100536.78
2275.052340189,5648,100528.21,98607.63,100507.95,103346.18,100518.17,100540.25,100533.39,100530.72
2275.072870781,5649,100533.27,98600.6,100517.0,103345.09,100521.14,100542.15,100536.35,100526.71
2275.093546165,5650,100532.21,98599.57,100517.0,103350.18,100514.16,100541.1,100534.45,100530.72
2275.114092949,5651,100530.08,98589.43,100511.96,103347.99,100514.16,100538.14,100542.49,100532.78
2275.134791774,5652,100524.22,98602.56,100519.98,103353.81,100516.08,100533.08,100531.27,100534.72
2275.155867814,5653,100528.21,98606.59,100511.96,103353.81,100526.2,100538.14,100535.29,100530.72
2275.179113955,5654,100528.21,98589.43,100523.99,103353.81,100516.08,100537.09,100543.55,100530.72
2275.199792116,5655,100525.28,98598.53,100526.97,103341.81,100514.16,100543.21,100540.37,100528.77
2275.220338152,5656,100524.22,98598.53,100511.96,103357.81,100525.16,100537.09,100528.31,100530.72
2275.241107173,5657,100529.27,98589.43,100517.0,103347.27,100522.19,100537.09,100534.45,100523.74
2275.261515059,5658,100528.21,98599.57,100525.02,103348.36,100517.13,100534.13,100535.29,100532.78
2275.282110514,5659,100528.21,98606.59,100529.03,103343.27,100522.19,100543.21,100535.51,100526.71
2275.302759059,5660,100524.22,98602.56,100504.97,103348.36,100516.08,100544.26,100538.47,100534.72
2275.323370648,5661,100529.27,98599.57,100511.96,103351.27,100515.2,100534.13,100542.49,100532.78
2275.347067801,5662,100529.27,98593.46,100507.95,103351.27,100522.19,100548.27,100535.51,100522.71
2275.367688617,5663,100520.22,98600.6,100514.94,103351.27,100520.1,100536.03,100540.37,100526.71
2275.388285792,5664,100529.27,98598.53,100511.96,103351.27,100514.16,100535.19,100535.51,100535.75
2275.408833401,5665,100527.15,98598.53,100515.97,103351.27,100522.19,100535.19,100536.57,100530.72
2275.429395841,5666,100528.21,98599.57,100518.95,103339.27,100514.16,100536.24,100536.57,100533.81
2275.449974931,5667,100532.21,98599.57,100519.98,103339.27,100527.25,100543.21,100532.33,100529.68
2275.470609727,5668,100526.34,98597.49,100511.96,103340.36,100514.16,100534.13,100537.41,100531.75
2275.49433799,5669,100525.03,98591.5,100522.04,103349.09,100514.16,100539.2,100535.51,100538.72
2275.515037058,5670,100528.21,98588.39,100521.01,103354.18,100526.2,100539.2,100535.51,100529.68
2275.535643348,5671,100528.21,98589.43,100511.96,103352.36,100529.17,100549.12,100542.49,100532.78
2275.556238773,5672,100530.33,98593.46,100517.0,103357.81,100522.19,100538.14,100534.45,100534.72
2275.576810669,5673,100524.22,98599.57,100506.92,103346.18,100518.17,100544.26,100530.43,100528.77
2275.597377996,5674,100529.27,98601.53,100503.94,103349.81,100523.23,100540.04,100538.47,100532.78
2275.618285806,5675,100529.27,98605.56,100511.96,103357.81,100523.23,100542.15,100542.49,100533.81
2275.638568793,5676,100534.33,98598.53,100511.96,103365.81,100517.13,100547.22,100530.43,100536.78
2275.662286355,5677,100529.27,98606.59,100514.94,103357.81,100520.1,100542.15,100532.33,100524.77
2275.682873297,5678,100528.21,98595.53,100511.96,103353.81,100515.2,100535.19,100540.37,100536.78
2275.703535866,5679,100533.27,98586.43,100513.91,103357.81,100523.23,100536.24,100539.53,100531.75
2275.724154954,5680,100532.21,98598.53,100507.95,103370.9,100530.22,100544.26,100534.45,100530.72
2275.74473638,5681,100528.21,98596.46,100526.97,103366.9,100514.16,100542.15,100524.29,100534.72
2275.765311751,5682,100524.22,98603.6,100517.0,103352.72,100522.19,100539.2,100538.47,100536.78
2275.785947262,5683,100528.21,98598.53,100515.97,103355.63,100514.16,100544.26,100534.45,100530.72
2275.806465812,5684,100527.15,98585.51,100507.95,103358.9,100514.16,100532.23,100533.39,100532.78
2275.830243069,5685,100537.26,98582.4,100511.96,103357.81,100532.31,100543.21,100539.31,100526.71
2275.850876902,5686,100528.21,98594.5,100511.96,103350.9,100514.16,100541.1,100538.47,100530.72
2275.871431408,5687,100526.09,98599.57,100503.94,103357.81,100522.19,100538.14,100538.47,100530.72
2275.892092661,5688,100532.21,98599.57,100522.04,103353.81,100515.2,100544.26,100542.49,100538.72
2275.912691438,5689,100526.34,98599.57,100503.94,103357.81,100532.31,100539.2,100540.37,100536.78
2275.933344322,5690,100534.33,98598.53,100521.01,103357.81,100522.19,100531.18,100535.51,100536.78
2275.953919452,5691,100524.22,98591.5,100511.96,103359.99,100515.2,100535.19,100531.27,100531.75
2275.974546054,5692,100532.21,98593.46,100511.96,103347.27,100518.17,100534.13,100538.47,100538.72
2275.998281211,5693,100527.15,98590.46,100511.96,103347.27,100530.22,100550.17,100538.47,100532.78
2276.018884209,5694,100520.22,98597.49,100511.96,103357.81,100523.23,100544.26,100542.49,100530.72
2276.039554186,5695,100531.14,98598.53,100512.99,103357.81,100509.09,100543.21,100536.35,100530.72
2276.060096154,5696,100528.21,98598.53,100503.94,103357.81,100514.16,100540.25,100532.33,100531.75
2276.080611094,5697,100517.04,98591.5,100512.99,103356.72,100512.23,100535.19,100543.55,100530.72
2276.101205254,5698,100533.02,98607.63,100515.97,103357.81,100518.17,100546.16,100536.35,100538.72
2276.121838881,5699,100527.15,98595.53,100511.96,103357.81,100522.19,100543.21,100531.49,100529.68
2276.142369667,5700,100524.22,98594.5,100521.01,103362.9,100519.22,100547.22,100532.33,100527.74
2276.166208259,5701,100531.14,98593.46,100515.97,103365.81,100522.19,100536.24,100530.43,100535.75
2276.186784319,5702,100529.27,98595.53,100515.97,103357.81,100518.17,100529.28,100528.31,100534.72
2276.207486107,5703,100520.22,98582.4,100511.96,103358.9,100518.17,100542.15,100542.49,100522.71
2276.228017965,5704,100520.22,98598.53,100509.9,103357.81,100530.22,100539.2,100538.47,100522.71
2276.248651393,5705,100520.22,98584.47,100511.96,103350.18,100519.22,100534.13,100534.45,100532.78
2276.269206687,5706,100532.21,98583.44,100511.96,103351.27,100515.2,100542.15,100545.45,100530.72
2276.289809303,5707,100535.14,98589.43,100519.98,103348.36,100518.17,100538.14,100532.33,100530.72
2276.310343223,5708,100528.21,98583.44,100511.96,103344.36,100514.16,100539.2,100539.53,100523.74
2276.334183103,5709,100524.22,98591.5,100511.96,103355.27,100519.22,100536.24,100534.45,100532.78
2276.354841383,5710,100528.21,98594.5,100511.96,103351.27,100518.17,100534.13,100533.39,100524.77
2276.375523877,5711,100528.21,98586.43,100501.88,103358.9,100514.16,100538.14,100535.29,100530.83
2276.396073498,5712,100525.28,98582.4,100507.95,103357.81,100524.28,100543.21,100535.29,100530.83
2276.416567046,5713,100529.27,98596.57,100511.96,103357.81,100526.2,100538.14,100532.33,100524.77
2276.437124317,5714,100527.15,98579.4,100510.93,103353.81,100523.23,100541.1,100543.55,100536.78
2276.457686004,5715,100528.21,98578.37,100521.01,103364.72,100515.2,100534.13,100538.47,100534.72
2276.478398963,5716,100524.22,98583.44,100511.96,103351.27,100518.17,100547.22,100534.45,100537.81
2276.502038814,5717,100528.21,98579.4,100514.02,103349.81,100515.2,100535.19,100537.41,100516.76
2276.522694436,5718,100530.33,98578.37,100507.95,103358.9,100514.16,100536.24,100542.49,100532.78
2276.5432304,5719,100528.21,98590.46,100508.98,103365.81,100505.95,100539.2,100544.39,100532.78
2276.563884555,5720,100528.21,98581.36,100510.93,103357.81,100522.19,100536.24,100533.39,100536.78
2276.584511054,5721,100524.22,98579.4,100509.9,103356.72,100523.23,100536.24,100541.43,100539.76
2276.605101267,5722,100524.22,98591.5,100525.02,103365.81,100523.23,100540.25,100543.55,100530.72
2276.625708435,5723,100529.27,98581.36,100519.98,103353.81,100509.09,100534.13,100531.27,100526.71
2276.646254786,5724,100528.21,98577.33,100519.98,103357.81,100516.25,100543.21,100542.49,100530.72
2276.670035553,5725,100543.13,98579.4,100528.0,103357.81,100506.12,100539.2,100538.47,100530.72
2276.690656157,5726,100529.27,98576.3,100519.98,103361.81,100515.2,100540.25,100538.47,100535.75
2276.711376118,5727,100528.21,98573.3,100519.98,103360.72,100524.28,100544.26,100534.45,100525.8
2276.732005831,5728,100528.21,98570.3,100515.97,103357.81,100522.19,100548.27,100534.45,100532.78
2276.752696108,5729,100536.2,98579.4,100515.97,103356.72,100535.28,100540.25,100534.45,100532.78
2276.77331293,5730,100520.22,98574.33,100517.0,103367.63,100519.22,100539.2,100532.33,100524.77
2276.793986897,5731,100530.33,98577.33,100511.96,103363.63,100513.11,100538.14,100529.37,100536.78
2276.817385983,5732,100536.2,98566.27,100515.97,103364.72,100518.17,100544.26,100534.45,100526.71
2276.837991592,5733,100528.21,98577.33,100512.99,103357.81,100516.25,100546.16,100542.49,100530.72
2276.858667427,5734,100528.21,98575.37,100509.9,103364.72,100529.17,100538.14,100537.41,100524.77
2276.879323625,5735,100528.21,98566.27,100511.96,103365.81,100522.19,100528.22,100531.49,100530.72
2276.899803436,5736,100528.21,98566.27,100514.94,103365.81,100523.23,100543.21,100540.37,100532.78
2276.920647363,5737,100520.22,98587.47,100511.96,103365.81,100518.17,100536.03,100543.55,100526.71
2276.94124782,5738,100520.22,98573.3,100511.96,103364.72,100522.19,100539.2,100550.53,100536.78
2276.962071504,5739,100531.14,98575.37,100518.03,103353.45,100523.23,100538.14,100533.39,100532.78
2276.985345489,5740,100526.09,98575.37,100510.93,103357.81,100514.16,100536.24,100530.43,100540.79
2277.005905034,5741,100525.28,98579.4,100510.93,103354.54,100524.28,100543.21,100545.45,100524.77
2277.026612445,5742,100524.22,98573.3,100519.98,103359.63,100518.17,100549.12,100540.37,100526.71
2277.047151418,5743,100527.15,98575.37,100511.96,103369.81,100521.14,100537.09,100536.35,100531.75
2277.067779083,5744,100532.21,98582.4,100512.99,103364.72,100523.23,100539.2,100533.39,100531.75
2277.088464627,5745,100524.22,98575.37,100519.98,103365.81,100524.28,100534.13,100540.37,100525.8
2277.109182668,5746,100527.15,98575.37,100523.07,103367.63,100522.19,100534.13,100536.35,100520.76
2277.129924604,5747,100529.27,98570.3,100515.97,103364.72,100506.12,100542.15,100541.43,100528.77
2277.153251883,5748,100524.22,98574.33,100503.94,103369.81,100522.19,100535.19,100542.49,100538.72
2277.173984051,5749,100526.09,98573.3,100523.99,103369.81,100516.08,100534.13,100527.25,100536.78
2277.194595445,5750,100520.22,98565.23,100513.91,103364.72,100514.16,100539.2,100538.47,100532.78
2277.215327276,5751,100522.34,98569.27,100515.97,103364.72,100506.12,100542.15,100533.39,100537.81
2277.235972936,5752,100528.21,98574.33,100521.01,103369.81,100517.13,100544.05,100533.39,100531.75
2277.256704754,5753,100520.22,98575.37,100513.91,103364.72,100515.2,100551.23,100540.37,100528.77
2277.277251014,5754,100527.15,98583.44,100510.93,103365.81,100521.14,100544.26,100526.19,100532.78
2277.297932118,5755,100524.22,98574.33,100503.94,103372.72,100510.14,100535.19,100543.55,100520.76
2277.321322288,5756,100528.21,98583.44,100521.01,103366.9,100518.17,100538.14,100536.35,100530.72
2277.341909194,5757,100524.22,98575.37,100507.95,103373.81,100515.2,100538.14,100532.33,100523.74
2277.36258844,5758,100529.27,98570.3,100510.93,103368.72,100522.19,100534.13,100534.45,100526.71
2277.383223221,5759,100524.22,98579.4,100519.98,103369.81,100522.19,100537.09,100532.33,100527.74
2277.403975231,5760,100527.15,98565.23,100519.98,103356.72,100513.11,100540.25,100536.35,100528.77
2277.424579668,5761,100527.15,98574.33,100522.04,103369.81,100515.2,100541.1,100535.51,100534.72
2277.445223156,5762,100527.15,98573.3,100510.93,103356.72,100520.26,100539.2,100548.63,100530.72
2277.465873518,5763,100526.09,98577.33,100515.97,103369.81,100519.22,100535.19,100535.51,100531.75
2277.489196069,5764,100520.22,98573.3,100519.98,103357.81,100520.26,100536.24,100534.45,100528.77
2277.509796427,5765,100518.1,98570.3,100519.98,103371.63,100517.29,100546.16,100534.45,100528.77
2277.530480464,5766,100528.21,98575.37,100529.03,103355.63,100531.27,100540.25,100534.45,100533.69
2277.550984579,5767,100532.21,98574.33,100515.97,103371.63,100523.23,100545.11,100535.51,100531.75
2277.571651888,5768,100529.27,98590.46,100511.96,103369.81,100518.17,100530.12,100530.43,100524.77
2277.592304311,5769,100531.14,98582.4,100519.98,103354.54,100516.25,100540.25,100534.45,100528.77
2277.612846886,5770,100528.21,98575.37,100521.01,103369.81,100518.17,100535.19,100546.51,100533.81
2277.633445347,5771,100529.27,98574.33,100517.0,103365.81,100509.09,100538.14,100530.43,100529.68
2277.657201653,5772,100530.33,98575.37,100514.94,103361.81,100524.28,100537.09,100525.35,100530.72
2277.677755375,5773,100528.21,98565.23,100512.99,103369.81,100516.08,100537.3,100530.43,100532.78
2277.698427126,5774,100524.22,98583.44,100511.96,103356.72,100523.23,100541.1,100526.41,100532.78
2277.719172397,5775,100520.22,98570.3,100517.0,103367.63,100530.22,100532.23,100532.33,100539.76
2277.739555697,5776,100544.19,98573.3,100518.03,103365.81,100527.25,100544.26,100530.43,100534.72
2277.760181229,5777,100528.21,98574.33,100523.99,103364.72,100519.22,100538.14,100541.43,100530.72
2277.780891734,5778,100528.21,98571.34,100517.0,103364.72,100514.16,100533.08,100534.45,100534.72
2277.801315868,5779,100527.15,98570.3,100519.06,103364.72,100514.16,100543.21,100526.41,100529.8
2277.825176368,5780,100530.33,98578.37,100511.96,103368.72,100522.19,100545.32,100534.45,100541.82
2277.845753966,5781,100528.21,98566.27,100506.92,103364.72,100514.16,100534.13,100539.53,100524.77
2277.866354765,5782,100528.21,98575.37,100511.96,103371.63,100519.22,100543.21,100530.43,100531.75
2277.886924568,5783,100528.21,98570.3,100509.9,103372.72,100514.16,100534.13,100538.47,100531.75
2277.907426911,5784,100532.21,98575.37,100511.96,103365.81,100510.14,100540.25,100536.57,100524.77
2277.928138868,5785,100524.22,98575.37,100511.96,103363.63,100518.17,100536.24,100534.45,100537.81
2277.948778217,5786,100520.22,98579.4,100511.96,103367.63,100514.16,100536.24,100534.45,100532.78
2277.969340099,5787,100528.21,98561.31,100509.9,103372.72,100510.14,100545.11,100544.61,100532.78
2277.993042815,5788,100520.22,98574.33,100511.96,103373.81,100520.26,100540.25,100535.51,100531.75
2278.013654418,5789,100520.22,98575.37,100521.01,103373.81,100515.2,100535.19,100544.61,100529.68
2278.034270447,5790,100528.21,98580.33,100521.01,103373.81,100516.25,100538.14,100538.47,100524.77
2278.054882452,5791,100529.27,98575.37,100512.99,103377.81,100517.13,100533.08,100527.25,100532.78
2278.075569729,5792,100519.16,98579.4,100517.0,103373.81,100514.16,100552.28,100534.45,100526.71
2278.096137118,5793,100538.32,98575.37,100511.96,103365.81,100522.19,100538.14,100542.49,100532.78
2278.11682506,5794,100520.22,98575.37,100511.96,103357.81,100516.08,100535.19,100529.37,100541.82
2278.14042417,5795,100524.22,98579.4,100515.97,103371.63,100511.19,100539.2,100540.37,100530.72
2278.16104138,5796,100518.1,98573.3,100525.02,103363.63,100517.13,100547.22,100530.43,100531.75
2278.181660506,5797,100537.26,98578.37,100511.96,103367.63,100508.05,100534.13,100548.41,100516.76
2278.202225546,5798,100534.33,98565.23,100507.95,103372.72,100513.11,100541.1,100542.49,100531.75
2278.222976692,5799,100530.33,98578.37,100518.03,103372.72,100521.14,100543.21,100535.51,100541.82
2278.243532554,5800,100525.28,98568.23,100498.9,103376.72,100514.16,100538.14,100530.43,100532.78
2278.264124865,5801,100532.21,98567.31,100514.94,103369.81,100510.14,100539.2,100534.45,100532.78
2278.28468374,5802,100523.16,98577.33,100515.97,103376.72,100518.17,100542.15,100531.49,100534.84
2278.308345057,5803,100537.26,98568.34,100512.99,103361.81,100523.23,100535.19,100523.23,100533.81
2278.328969364,5804,100525.28,98591.5,100519.98,103373.81,100531.27,100536.24,100528.31,100532.78
2278.349558028,5805,100520.22,98574.33,100515.97,103369.81,100526.2,100536.24,100534.45,100518.7
2278.370282067,5806,100528.21,98569.27,100513.91,103360.72,100514.16,100533.08,100536.35,100523.74
2278.390787602,5807,100530.33,98573.3,100519.98,103373.81,100521.14,100539.2,100533.39,100526.83
2278.41136641,5808,100529.27,98571.34,100518.95,103381.81,100506.12,100552.28,100535.51,100536.78
2278.432047985,5809,100529.27,98579.4,100525.02,103376.72,100509.09,100536.24,100526.41,100531.75
2278.452555456,5810,100528.21,98567.31,100514.94,103372.72,100526.2,100538.14,100542.49,100527.74
2278.476377987,5811,100526.34,98574.33,100517.0,103369.81,100514.16,100547.22,100534.45,100528.77
2278.496983631,5812,100528.21,98565.34,100512.99,103385.81,100526.2,100530.12,100529.37,100526.83
2278.5175655,5813,100520.22,98583.44,100512.99,103372.72,100522.19,100540.25,100535.51,100533.81
2278.538132856,5814,100528.21,98578.37,100511.04,103372.72,100518.17,100540.25,100542.49,100532.78
2278.558763901,5815,100512.23,98575.37,100523.99,103377.81,100514.16,100536.24,100532.33,100528.77
2278.579355843,5816,100529.27,98583.44,100514.94,103373.81,100532.31,100534.13,100535.51,100536.78
2278.599927059,5817,100529.27,98581.36,100511.96,103372.72,100522.19,100543.21,100532.33,100532.78
2278.620561823,5818,100529.27,98577.33,100511.96,103372.72,100518.17,100545.32,100534.45,100541.82
2278.644299833,5819,100532.21,98569.27,100511.96,103371.63,100514.16,100542.15,100542.49,100531.75
2278.664836606,5820,100519.16,98567.31,100521.01,103371.63,100514.16,100542.15,100537.41,100525.8
2278.685595268,5821,100528.21,98574.33,100514.94,103371.63,100523.23,100536.24,100534.45,100532.78
2278.706163638,5822,100527.15,98576.41,100510.93,103372.72,100522.19,100536.24,100534.45,100532.78
2278.726735682,5823,100525.28,98579.4,100515.97,103373.81,100521.14,100546.16,100533.39,100528.77
2278.747319304,5824,100532.21,98570.3,100521.01,103364.72,100518.17,100547.22,100546.51,100531.75
2278.767993643,5825,100529.27,98578.37,100511.96,103377.81,100514.16,100542.15,100534.45,100519.73
2278.788549477,5826,100532.21,98565.23,100521.01,103377.81,100517.13,100552.28,100538.47,100523.74
2278.812325512,5827,100534.33,98568.23,100511.96,103372.72,100515.2,100543.21,100532.33,100542.85
2278.832879151,5828,100524.22,98582.4,100512.99,103372.72,100512.06,100527.17,100538.47,100532.78
2278.853505647,5829,100530.33,98573.3,100519.98,103381.81,100522.19,100539.2,100533.39,100536.78
2278.874077432,5830,100532.21,98574.33,100510.93,103370.9,100514.16,100540.25,100534.45,100532.78
2278.894672875,5831,100528.21,98573.3,100515.97,103388.72,100516.25,100543.21,100534.45,100532.78
2278.91522335,5832,100527.15,98577.33,100515.97,103376.72,100522.19,100550.17,100529.37,100532.78
2278.935800577,5833,100529.27,98578.37,100519.98,103376.72,100518.17,100547.22,100539.53,100529.8
2278.956482966,5834,100524.22,98566.27,100519.98,103374.54,100523.23,100544.26,100534.45,100528.77
2278.980234268,5835,100528.21,98579.4,100519.06,103369.81,100514.16,100540.25,100534.45,100524.77
2279.000890914,5836,100532.21,98569.27,100511.96,103373.81,100522.19,100548.27,100537.41,100532.78
2279.021441627,5837,100536.2,98572.26,100511.96,103368.72,100518.17,100540.25,100537.41,100541.82
2279.042026612,5838,100539.13,98573.3,100515.05,103368.72,100514.16,100536.24,100525.35,100528.77
2279.062650894,5839,100535.14,98573.3,100503.94,103372.72,100523.23,100537.3,100534.45,100532.78
2279.083151781,5840,100527.15,98575.37,100510.93,103361.45,100523.23,100538.14,100538.47,100529.8
2279.103947111,5841,100528.21,98583.44,100528.0,103371.63,100517.13,100543.21,100540.37,100524.77
2279.124385166,5842,100524.22,98581.36,100522.96,103388.72,100522.19,100543.21,100533.39,100536.78
2279.148196059,5843,100536.2,98566.27,100521.01,103380.72,100530.22,100540.25,100542.49,100524.77
2279.168781938,5844,100530.33,98573.3,100509.9,103376.72,100513.11,100552.28,100537.41,100532.78
2279.189394072,5845,100532.21,98578.37,100522.04,103373.81,100534.24,100552.28,100530.43,100542.85
2279.209954146,5846,100520.22,98569.27,100511.96,103373.81,100515.2,100542.15,100534.45,100531.75
2279.230577175,5847,100524.22,98575.37,100510.93,103377.81,100517.13,100543.21,100533.39,100532.78
2279.251241779,5848,100531.14,98574.33,100515.05,103373.81,100523.23,100544.26,100538.47,100522.71
2279.271818716,5849,100528.21,98574.33,100517.0,103385.81,100523.23,100535.19,100530.43,100534.72
2279.292381264,5850,100521.28,98571.34,100511.96,103373.81,100524.28,100540.25,100538.47,100530.72
2279.316113333,5851,100533.27,98570.3,100511.96,103389.81,100519.22,100536.24,100551.59,100522.71
2279.336695792,5852,100528.21,98569.27,100521.01,103373.81,100523.23,100540.25,100533.39,100531.75
2279.357362236,5853,100520.22,98574.33,100518.95,103376.72,100515.2,100532.02,100535.51,100530.72
2279.37802033,5854,100528.21,98566.27,100510.01,103378.54,100527.25,100543.21,100523.23,100532.78
2279.39856416,5855,100534.33,98570.3,100523.07,103373.81,100518.17,100542.15,100536.35,100529.8
2279.419163649,5856,100520.22,98579.4,100519.98,103380.72,100514.16,100539.2,100538.47,100521.79
2279.439810441,5857,100528.21,98570.3,100515.05,103384.72,100523.23,100541.31,100542.49,100532.78
2279.463475127,5858,100532.21,98577.33,100511.96,103377.81,100510.14,100534.13,100539.53,100526.83
2279.484182411,5859,100528.21,98581.36,100519.06,103388.72,100520.26,100542.36,100538.47,100528.77
2279.504728739,5860,100520.22,98579.4,100514.02,103381.81,100518.17,100543.21,100542.49,100540.79
2279.525336055,5861,100533.27,98567.31,100517.0,103373.81,100518.17,100545.32,100542.49,100540.79
2279.546192751,5862,100544.19,98570.3,100519.98,103373.81,100524.28,100535.19,100534.45,100530.72
2279.56647652,5863,100529.27,98578.37,100515.97,103371.63,100516.25,100539.2,100536.35,100530.72
2279.587066563,5864,100520.22,98573.3,100508.98,103369.81,100510.14,100540.04,100533.39,100536.78
2279.607711692,5865,100528.21,98566.27,100509.9,103380.72,100518.17,100540.25,100550.53,100531.75
2279.631478322,5866,100532.21,98579.4,100511.04,103380.72,100528.3,100539.2,100544.39,100524.77
2279.65212046,5867,100523.16,98571.34,100514.94,103404.72,100514.16,100534.13,100544.39,100533.81
2279.672672958,5868,100530.33,98575.37,100506.92,103397.81,100510.14,100545.32,100534.45,100534.72
2279.693244883,5869,100512.23,98569.27,100531.09,103383.63,100532.31,100535.19,100534.45,100536.78
2279.713848034,5870,100531.14,98575.37,100506.92,103378.54,100518.17,100544.26,100532.33,100544.79
2279.734417017,5871,100529.27,98573.3,100511.96,103371.63,100515.2,100540.25,100537.41,100532.78
2279.755028536,5872,100532.21,98572.26,100511.96,103380.72,100515.2,100544.26,100538.25,100524.77
2279.775630638,5873,100528.21,98575.37,100512.99,103376.72,100510.14,100545.32,100535.51,100532.78
2279.799373513,5874,100530.33,98573.3,100515.97,103375.63,100518.17,100543.21,100542.49,100530.83
2279.820063097,5875,100546.31,98577.33,100512.99,103401.81,100510.14,100544.26,100539.53,100534.84
2279.840558964,5876,100524.22,98578.37,100511.96,103377.81,100518.17,100544.26,100533.39,100539.76
2279.861156903,5877,100532.21,98582.4,100511.96,103380.72,100519.22,100543.21,100533.39,100525.8
2279.881783309,5878,100522.09,98570.3,100522.04,103380.72,100510.14,100544.26,100534.45,100532.78
2279.902392817,5879,100528.21,98587.47,100515.97,103380.72,100512.06,100548.27,100538.47,100538.84
2279.92302201,5880,100528.21,98578.37,100512.99,103376.72,100530.22,100540.25,100542.49,100523.74
2279.943542145,5881,100536.2,98577.33,100508.98,103380.72,100519.22,100540.25,100542.49,100527.74
2279.96738062,5882,100517.29,98581.36,100505.89,103377.81,100514.16,100534.13,100531.27,100535.75
2279.988114431,5883,100533.27,98590.46,100525.02,103383.63,100511.19,100551.23,100526.41,100532.78
2280.008570225,5884,100520.22,98575.37,100511.96,103375.63,100524.28,100551.23,100535.51,100532.78
2280.02915622,5885,100524.22,98581.36,100519.98,103389.81,100522.19,100536.24,100532.33,100532.78
2280.04973372,5886,100525.28,98573.3,100511.96,103372.72,100518.17,100542.15,100537.41,100536.78
2280.070515255,5887,100527.4,98575.37,100519.98,103392.72,100514.16,100544.26,100534.45,100528.77
2280.091014614,5888,100536.2,98575.37,100519.98,103436.73,100510.14,100548.27,100532.55,100530.72
2280.111578132,5889,100524.22,98561.2,100511.96,103389.81,100510.14,100537.3,100534.45,100532.78
2280.135360388,5890,100521.28,98577.33,100511.96,103385.81,100522.19,100544.26,100534.45,100536.78
2280.155911061,5891,100524.22,98573.3,100511.96,103381.81,100522.19,100541.31,100538.47,100532.78
2280.176555799,5892,100520.22,98566.27,100511.96,103379.63,100516.25,100542.15,100534.45,100532.78
2280.197146756,5893,100520.22,98573.3,100511.96,103390.9,100518.17,100540.25,100534.45,100526.71
2280.217732626,5894,100528.21,98567.31,100507.95,103384.72,100517.29,100534.34,100536.35,100522.71
2280.23833127,5895,100519.16,98563.27,100517.92,103381.81,100513.11,100536.24,100524.29,100531.75
2280.258930779,5896,100532.21,98579.4,100518.95,103380.72,100521.14,100543.21,100535.51,100528.77
2280.279523403,5897,100520.22,98575.37,100506.92,103377.81,100518.17,100543.21,100534.45,100524.77
2280.303215813,5898,100524.22,98581.36,100511.96,103381.81,100519.22,100544.26,100533.39,100528.77
2280.323864351,5899,100528.21,98574.33,100515.97,103387.63,100522.19,100544.26,100536.57,100524.77
2280.344527628,5900,100540.19,98577.33,100515.97,103452.73,100518.17,100543.21,100534.45,100536.78
2280.365101329,5901,100529.27,98570.3,100503.94,103375.63,100523.23,100534.13,100542.49,100528.77
2280.385756068,5902,100528.21,98574.33,100511.96,103388.72,100512.06,100539.2,100534.45,100533.81
2280.406238291,5903,100533.27,98672.15,100518.03,103389.81,100507.17,100538.14,100535.51,100530.83
2280.426992278,5904,100533.27,98546.11,100521.01,103388.72,100514.16,100532.23,100534.45,100531.75
2280.447439129,5905,100528.21,98578.37,100510.93,103380.72,100506.12,100539.2,100531.49,100523.74
2280.471256156,5906,100536.2,98573.3,100521.01,103437.82,100522.19,100546.16,100534.45,100524.77
2280.491840235,5907,100524.22,98573.3,100511.96,103404.72,100514.16,100543.21,100532.33,100540.79
2280.512522979,5908,100536.2,98583.44,100523.99,103380.72,100522.19,100536.24,100530.43,100528.77
2280.533029629,5909,100520.22,98574.33,100519.98,103397.81,100517.13,100548.27,100534.45,100528.77
2280.553596876,5910,100524.22,98574.33,100515.97,103405.81,100523.23,100544.26,100542.49,100535.75
2280.574163981,5911,100520.22,98575.37,100511.96,103377.81,100507.17,100550.17,100538.47,100536.78
2280.594832342,5912,100527.15,98574.33,100515.97,103385.81,100522.19,100548.27,100529.37,100527.74
2280.618502637,5913,100529.27,98578.37,100503.94,103387.63,100524.28,100534.13,100526.41,100528.77
2280.639148684,5914,100529.27,98639.89,100509.9,103401.81,100522.19,100543.21,100543.55,100529.8
2280.659770764,5915,100528.21,98672.15,100517.0,103416.72,100523.23,100538.14,100522.39,100521.79
2280.680440775,5916,100528.21,98654.98,100517.0,103435.64,100512.23,100542.15,100533.39,100541.82
2280.701075258,5917,100528.21,98664.09,100512.99,103405.81,100511.19,100534.13,100535.29,100525.8
2280.721626204,5918,100528.21,98670.08,100511.96,103427.64,100524.28,100541.31,100533.39,100533.81
2280.742169891,5919,100528.21,98671.11,100518.03,103420.72,100515.2,100540.25,100534.45,100537.81
2280.76285868,5920,100528.21,98666.04,100511.96,103420.72,100530.22,100552.28,100542.49,100522.71
2280.786534324,5921,100524.22,98664.09,100512.99,103422.9,100520.26,100544.26,100538.47,100532.78
2280.807154593,5922,100532.21,98659.02,100511.96,103417.81,100522.19,100550.17,100541.43,100537.81
2280.827774287,5923,100528.21,98646.92,100512.99,103405.45,100530.22,100541.1,100539.31,100532.78
2280.848337108,5924,100529.27,98646.92,100522.04,103417.81,100530.22,100543.21,100534.45,100528.77
2280.868890373,5925,100521.28,98656.02,100507.95,103403.63,100520.1,100538.14,100540.37,100532.78
2280.889531688,5926,100532.21,98780.91,100523.99,103461.82,100514.16,100550.17,100539.53,100531.75
2280.910205759,5927,100528.21,98993.72,100512.99,103548.74,100522.19,100543.21,100542.49,100529.8
2280.932766247,5928,100525.28,99000.75,100517.0,103543.64,100509.09,100537.3,100534.45,100531.75
2280.954428915,5929,100532.21,98982.67,100512.99,103541.83,100522.19,100532.23,100535.51,100529.68
2280.975053819,5930,100528.21,98978.63,100510.93,103528.73,100524.28,100535.19,100531.49,100533.81
2280.995671853,5931,100528.21,98965.5,100528.0,103516.73,100516.25,100542.15,100534.45,100533.81
2281.016318048,5932,100528.21,98962.5,100511.96,103525.82,100520.26,100542.15,100542.49,100533.81
2281.036936516,5933,100528.21,98960.42,100511.96,103517.82,100522.19,100545.32,100533.39,100541.82
2281.05751749,5934,100511.17,98946.37,100512.99,103516.73,100518.17,100535.19,100546.51,100532.78
2281.078195282,5935,100532.21,98950.4,100514.02,103516.73,100523.23,100540.25,100542.49,100526.83
2281.098730989,5936,100529.27,98952.36,100518.03,103529.82,100511.19,100539.2,100533.39,100528.77
2281.122420034,5937,100529.27,98962.5,100514.02,103521.82,100521.14,100535.19,100532.33,100532.78
2281.143082068,5938,100528.21,98964.46,100519.98,103532.73,100524.28,100535.19,100534.45,100536.78
2281.163681252,5939,100528.21,99228.67,100511.96,103627.65,100534.41,100543.21,100536.35,100541.82
2281.184237115,5940,100537.26,99436.3,100519.98,103756.76,100530.22,100551.23,100534.45,100532.78
2281.204813911,5941,100533.27,99409.12,100522.04,103709.85,100515.2,100534.13,100531.27,100532.78
2281.225373722,5942,100521.28,99395.97,100522.04,103700.75,100524.28,100535.19,100538.47,100528.77
2281.246102249,5943,100532.21,99384.92,100508.98,103701.85,100518.17,100535.19,100534.45,100530.72
2281.266668909,5944,100533.27,99376.85,100521.01,103709.85,100518.17,100547.22,100536.35,100524.77
2281.290344331,5945,100528.21,99371.78,100515.97,103696.75,100524.28,100536.24,100542.49,100532.78
2281.311026609,5946,100528.21,99369.83,100512.99,103705.85,100519.22,100537.09,100534.45,100532.78
2281.331564322,5947,100524.22,99384.92,100517.0,103701.85,100515.2,100534.13,100529.37,100525.8
2281.352314871,5948,100520.22,99387.91,100517.0,103707.66,100503.15,100537.3,100541.43,100529.8
2281.372765114,5949,100536.2,99379.84,100521.01,103710.94,100519.22,100544.26,100538.47,100536.78
2281.393376731,5950,100528.21,99388.95,100531.09,103704.75,100520.26,100535.19,100537.41,100532.78
2281.41403252,5951,100520.22,99384.92,100511.96,103709.85,100515.2,100544.26,100538.47,100523.74
2281.434642326,5952,100529.27,99702.49,100528.0,103883.69,100523.23,100547.22,100542.49,100536.78
2281.458341021,5953,100528.21,100127.06,100515.97,104071.72,100528.3,100548.27,100542.49,100539.76
2281.479029746,5954,100528.21,100123.03,100512.99,104045.91,100524.28,100539.2,100536.57,100535.75
2281.499549794,5955,100528.21,100080.59,100509.9,104033.9,100522.19,100530.12,100534.45,100526.83
2281.520194022,5956,100528.21,100074.62,100515.97,104033.9,100522.19,100536.24,100528.31,100534.84
2281.540735572,5957,100529.27,100089.71,100520.09,104019.71,100514.16,100538.14,100530.43,100534.84
2281.561438007,5958,100532.21,100074.62,100511.96,104017.52,100515.2,100536.24,100541.43,100532.78
2281.581975653,5959,100528.21,100058.49,100510.93,104020.81,100514.16,100535.19,100541.43,100532.78
2281.60262252,5960,100521.28,100040.25,100508.98,104011.71,100524.28,100536.24,100534.45,100532.78
2281.626307711,5961,100532.21,100047.44,100515.05,104012.8,100520.26,100544.26,100543.55,100533.81
2281.646892427,5962,100528.21,100035.34,100522.04,103987.7,100514.16,100540.25,100534.45,100536.78
2281.667521139,5963,100520.22,100033.24,100514.02,103989.9,100519.22,100542.15,100535.51,100532.78
2281.688138826,5964,100520.22,100031.3,100515.97,103989.9,100522.19,100548.27,100539.53,100540.79
2281.708666273,5965,100528.21,100027.27,100523.07,103996.8,100518.17,100538.14,100531.49,100535.87
2281.729242537,5966,100519.16,100025.17,100512.99,103988.8,100514.16,100544.26,100531.49,100523.74
2281.749891396,5967,100527.15,100026.22,100518.03,103997.9,100514.16,100543.21,100536.35,100524.77
2281.773624579,5968,100529.27,100031.3,100511.96,103996.8,100519.22,100544.26,100530.43,100537.81
2281.794227423,5969,100532.21,100017.1,100517.0,103989.9,100513.28,100536.24,100531.49,100532.78
2281.814804633,5970,100520.22,100432.57,100511.96,104145.93,100523.23,100542.15,100542.49,100530.83
2281.835448211,5971,100530.33,100884.39,100519.98,104443.81,100526.2,100548.27,100538.47,100536.78
2281.856062365,5972,100529.27,100864.22,100512.99,104395.8,100522.19,100535.19,100542.49,100531.75
2281.876708007,5973,100527.15,100841.07,100514.02,104388.89,100516.25,100531.18,100530.43,100532.78
2281.89720704,5974,100528.21,100809.85,100519.98,104363.79,100522.19,100527.17,100530.43,100534.84
2281.917851506,5975,100528.21,100799.67,100522.96,104381.99,100516.25,100544.26,100534.45,100530.72
2281.941592417,5976,100532.21,100801.79,100511.96,104364.89,100525.33,100535.19,100542.49,100525.8
2281.962211642,5977,100526.09,100789.68,100514.02,104376.89,100520.26,100534.13,100544.61,100537.81
2281.982776908,5978,100536.2,100779.5,100514.02,104359.79,100511.19,100535.19,100531.49,100530.72
2282.003395751,5979,100533.27,100775.47,100515.97,104351.79,100518.17,100536.24,100534.45,100540.79
2282.023984251,5980,100532.21,100759.33,100522.04,104341.98,100515.2,100544.26,100530.43,100532.78
2282.044624094,5981,100528.21,100759.33,100514.02,104333.98,100514.16,100543.21,100529.37,100530.72
2282.065190043,5982,100524.22,100763.36,100511.96,104333.98,100515.2,100529.07,100532.55,100525.8
2282.085859066,5983,100529.27,101203.11,100517.0,104550.04,100515.2,100546.16,100536.57,100523.74
2282.109541712,5984,100520.22,101751.83,100510.93,104817.04,100521.14,100535.19,100540.59,100525.8
2282.130135341,5985,100532.21,101719.55,100515.05,104765.02,100514.16,100536.24,100528.53,100522.82
2282.15070275,5986,100524.22,101679.2,100510.01,104741.01,100520.26,100544.26,100530.43,100533.81
2282.171390348,5987,100521.28,101657.12,100512.99,104727.9,100516.25,100538.14,100533.39,100528.77
2282.191979488,5988,100517.29,101647.99,100508.98,104717.0,100519.22,100544.26,100534.45,100536.78
2282.212627869,5989,100528.21,101642.05,100511.96,104717.0,100526.2,100543.21,100535.51,100538.84
2282.233202724,5990,100529.27,101627.81,100504.97,104699.89,100519.22,100550.17,100534.45,100532.78
2282.253815786,5991,100518.1,101614.64,100511.96,104702.1,100519.22,100538.14,100535.51,100537.81
2282.277559475,5992,100544.19,101607.64,100517.0,104676.99,100515.2,100535.19,100536.57,100532.78
2282.298160833,5993,100520.22,101582.36,100515.97,104668.98,100519.22,100544.26,100534.45,100534.84
2282.318687915,5994,100530.33,101582.36,100515.05,104667.88,100515.2,100547.22,100537.41,100532.78
2282.339343459,5995,100521.28,101553.06,100507.95,104668.98,100516.25,100545.32,100535.51,100529.8
2282.359963582,5996,100527.15,101560.28,100512.99,104684.99,100514.16,100536.24,100531.49,100537.81
2282.38120195,5997,100529.27,101571.32,100519.98,104695.89,100522.19,100544.26,100537.41,100533.81
2282.401320814,5998,100528.21,101614.64,100519.98,104725.0,100522.19,100544.26,100538.47,100534.72
2282.422006769,5999,100533.27,101594.47,100521.01,104757.01,100514.16,100543.21,100538.47,100526.71
2282.445484254,6000,100520.22,101626.75,100511.96,104839.94,100525.33,100536.24,100536.57,100540.79
2282.466067159,6001,100535.14,101642.89,100521.01,104918.18,100518.17,100552.28,100534.45,100532.78
2282.486662672,6002,100528.21,101649.89,100515.97,104974.2,100514.16,100552.28,100542.49,100533.81
2282.507331415,6003,100528.21,101675.17,100512.99,105014.91,100531.27,100544.26,100532.33,100523.74
2282.527899638,6004,100532.21,101712.55,100515.97,105069.14,100514.16,100534.13,100539.53,100533.81
2282.54850176,6005,100527.15,101755.87,100522.04,105116.05,100515.2,100535.19,100536.57,100533.81
2282.569132394,6006,100536.2,101767.97,100507.95,105120.05,100519.22,100539.2,100533.39,100538.84
2282.589662978,6007,100532.21,101809.39,100514.02,105166.97,100519.22,100535.19,100542.49,100532.78
2282.613391275,6008,100524.22,101837.63,100514.02,105213.2,100514.16,100543.21,100537.41,100524.77
2282.634076568,6009,100525.28,101899.23,100521.01,105244.11,100524.28,100536.24,100538.47,100537.81
2282.654709139,6010,100521.28,101937.44,100512.99,105294.35,100532.31,100538.14,100534.45,100557.84
2282.675385487,6011,100534.33,102003.07,100524.1,105355.06,100522.19,100538.14,100530.43,100528.77
2282.696102736,6012,100527.15,102076.78,100512.99,105417.98,100524.28,100544.26,100534.45,100537.81
2282.71672154,6013,100512.23,102148.34,100519.98,105493.34,100531.27,100538.14,100542.49,100546.85
2282.737359948,6014,100523.16,102208.87,100523.99,105551.15,100530.22,100542.15,100540.37,100536.78
2282.758122938,6015,100529.27,102284.47,100511.96,105582.5,100523.23,100544.26,100546.51,100545.82
2282.781421624,6016,100528.21,102349.04,100511.96,105612.3,100527.25,100539.2,100537.41,100525.8
2282.802129667,6017,100520.22,102389.4,100519.06,105629.42,100522.19,100530.12,100535.51,100536.78
2282.822730366,6018,100528.21,102437.82,100511.96,105648.32,100522.19,100543.21,100540.37,100532.78
2282.843364805,6019,100528.21,102491.36,100517.0,105664.33,100516.25,100537.09,100542.49,100532.78
2282.864104431,6020,100536.2,102561.04,100508.98,105683.22,100518.17,100543.21,100534.45,100540.79
2282.884699232,6021,100528.21,102633.68,100512.99,105726.58,100512.23,100550.38,100534.45,100533.81
2282.905359603,6022,100528.21,102712.25,100512.99,105779.28,100519.22,100535.19,100534.45,100533.81
2282.928715578,6023,100525.28,102801.03,100527.08,105836.42,100528.3,100543.21,100535.51,100540.79
2282.949412714,6024,100529.27,102897.89,100517.0,105884.45,100524.28,100535.19,100546.51,100532.78
2282.97000424,6025,100529.27,102986.69,100516.08,105926.25,100523.23,100543.21,100535.51,100539.88
2282.990675596,6026,100532.21,103047.23,100518.03,105952.5,100514.16,100539.2,100534.45,100532.78
2283.011329705,6027,100529.27,103107.77,100523.07,105968.51,100522.19,100535.19,100526.41,100536.78
2283.0326344,6028,100512.23,103152.16,100507.03,105990.29,100518.17,100536.24,100546.51,100532.78
2283.052371077,6029,100533.27,103186.61,100507.95,105995.41,100520.26,100532.23,100534.45,100532.78
2283.073264559,6030,100529.27,103243.12,100512.99,106019.42,100516.25,100536.24,100534.45,100531.75
2283.096687434,6031,100528.21,103313.61,100517.0,105965.62,100523.23,100528.22,100534.45,100533.81
2283.117306326,6032,100530.33,103390.3,100512.99,106030.77,100514.16,100550.38,100531.27,100539.76
2283.138022466,6033,100520.22,103465.91,100519.98,106088.58,100515.2,100542.15,100535.51,100536.78
2283.158768443,6034,100520.22,103742.56,100514.02,106244.69,100515.2,100542.15,100526.41,100531.75
2283.179534623,6035,100524.22,104314.71,100512.99,106518.0,100506.12,100539.2,100532.55,100528.77
2283.199794654,6036,100528.21,104314.71,100511.96,106500.87,100524.28,100536.24,100532.55,100534.84
2283.220327255,6037,100525.28,104791.11,100521.01,107057.32,100522.19,100528.22,100527.25,100537.81
2283.2409221,6038,100529.27,105364.48,100511.96,107533.76,100514.16,100535.19,100527.47,100530.83
2283.264645486,6039,100529.27,105304.64,100522.04,107409.64,100522.19,100546.16,100534.45,100532.78
2283.285238277,6040,100536.2,105308.68,100521.01,107395.38,100523.23,100543.21,100534.45,100533.81
2283.305832322,6041,100534.33,105321.89,100515.97,107391.37,100523.23,100534.13,100541.43,100532.78
2283.326458291,6042,100529.27,105343.18,100511.96,107397.63,100524.28,100538.14,100543.55,100523.74
2283.347053722,6043,100526.34,105398.62,100521.01,107477.71,100526.37,100531.18,100542.49,100521.79
2283.367662487,6044,100527.15,105472.4,100510.01,107532.63,100523.23,100531.18,100526.41,100521.79
2283.388272517,6045,100520.22,105550.23,100511.96,107593.82,100519.22,100549.33,100542.49,100534.84
2283.408867389,6046,100530.33,105604.56,100514.94,107648.75,100530.22,100544.26,100531.27,100540.79
2283.432583343,6047,100522.34,105650.08,100513.91,107683.65,100528.3,100550.17,100543.55,100533.81
2283.453183557,6048,100536.2,105698.54,100515.97,107727.7,100514.16,100535.19,100539.53,100538.84
2283.473812977,6049,100526.34,105731.95,100515.97,107733.97,100514.16,100542.15,100537.41,100533.81
2283.494448696,6050,100526.34,105762.05,100506.92,107755.12,100511.19,100540.25,100534.45,100533.81
2283.515022629,6051,100530.33,105796.56,100521.01,107770.0,100522.19,100550.17,100534.45,100538.72
2283.535606345,6052,100532.21,105845.02,100515.97,107799.77,100519.22,100544.26,100535.51,100532.78
2283.556218474,6053,100528.21,105894.59,100511.96,107852.96,100520.26,100538.14,100534.45,100534.84
2283.576700845,6054,100522.34,105958.1,100519.98,107907.88,100520.26,100543.21,100536.35,100533.81
2283.600532129,6055,100526.34,106022.72,100503.94,107982.23,100516.08,100544.26,100542.49,100528.77
2283.621109536,6056,100525.28,106499.29,100511.96,108460.5,100514.16,100546.16,100520.27,100537.81
2283.641712997,6057,100530.33,107176.78,100515.97,109261.52,100514.16,100536.24,100531.49,100520.76
2283.662331228,6058,100524.22,107105.18,100519.98,109146.51,100518.17,100527.17,100530.43,100529.8
2283.684032422,6059,100512.23,107666.71,100499.93,110040.95,100514.16,100544.26,100542.49,100524.77
2283.703506782,6060,100536.2,108434.38,100512.99,110754.13,100515.2,100538.14,100530.43,100542.85
2283.724070705,6061,100528.21,108341.44,100510.93,110511.4,100513.11,100536.24,100535.51,100534.84
2283.744807274,6062,100524.22,108340.31,100510.01,110447.3,100514.16,100534.13,100534.45,100549.83
2283.768480904,6063,100524.22,108362.77,100512.99,110421.57,100520.26,100538.14,100526.41,100524.77
2283.789087876,6064,100528.21,108385.89,100512.99,110382.04,100526.2,100548.27,100526.41,100537.81
2283.80966669,6065,100525.03,108421.12,100514.02,110391.21,100516.25,100540.25,100536.35,100534.84
2283.830278639,6066,100536.2,108470.74,100511.96,110415.25,100523.23,100536.24,100527.47,100532.78
2283.850913942,6067,100520.22,108525.05,100521.01,110399.22,100524.28,100543.21,100535.51,100534.84
2283.871560551,6068,100528.21,108574.67,100511.96,110445.61,100524.28,100536.24,100530.43,100540.79
2283.892164541,6069,100528.21,108632.37,100515.97,110431.27,100529.17,100535.19,100540.37,100542.85
2283.912868329,6070,100524.22,108664.7,100511.96,110447.3,100522.19,100534.13,100535.51,100546.85
2283.936458954,6071,100520.22,108709.15,100514.02,110431.27,100514.16,100530.12,100532.33,100529.8
2283.9571644,6072,100526.34,108738.57,100525.02,110447.3,100514.16,100540.25,100542.49,100541.82
2283.977713923,6073,100529.27,108772.67,100514.02,110464.48,100514.16,100537.09,100534.45,100533.81
2283.998276263,6074,100526.34,108818.26,100510.93,110475.34,100514.16,100530.12,100535.51,100538.84
2284.018861782,6075,100519.16,108882.91,100512.99,110504.55,100522.19,100541.31,100534.45,100534.84
2284.039492188,6076,100531.39,108947.57,100517.92,110543.46,100526.2,100536.24,100533.39,100527.74
2284.060088112,6077,100526.34,109028.4,100504.97,110591.54,100518.17,100543.21,100535.51,100540.79
2284.080736723,6078,100520.22,109091.29,100512.99,110608.72,100514.16,100541.1,100532.33,100533.81
2284.104421766,6079,100520.22,109149.63,100511.96,110641.94,100514.16,100552.28,100538.47,100539.76
2284.124997393,6080,100528.21,109215.43,100511.96,110655.65,100519.22,100543.21,100538.47,100523.74
2284.14562011,6081,100525.28,109246.63,100507.95,110672.83,100518.17,100532.23,100526.41,100529.8
2284.166236976,6082,100530.33,109293.99,100515.97,110675.68,100526.2,100538.14,100532.33,100549.83
2284.18680442,6083,100536.2,109351.71,100504.97,110698.56,100514.16,100536.24,100539.53,100533.81
2284.20741705,6084,100524.22,109384.04,100518.03,110715.75,100523.23,100545.11,100526.41,100540.79
2284.228041328,6085,100529.27,109464.87,100512.99,110727.77,100517.29,100543.21,100547.57,100536.78
2284.251714315,6086,100532.21,109522.59,100511.96,110762.14,100523.23,100531.18,100526.41,100537.81
2284.27233185,6087,100521.28,109602.29,100512.99,110795.89,100522.19,100535.19,100536.57,100532.78
2284.293026989,6088,100524.22,109668.1,100519.98,110843.97,100519.22,100534.13,100530.43,100533.81
2284.313710227,6089,100520.22,109723.54,100519.98,110864.0,100516.25,100534.13,100537.41,100542.85
2284.334213564,6090,100522.34,109816.5,100515.97,110892.05,100523.23,100535.19,100552.65,100532.78
2284.354753209,6091,100533.27,109886.36,100507.95,110912.09,100515.2,100537.3,100529.37,100532.78
2284.375355859,6092,100510.11,109905.43,100519.98,110912.09,100515.2,100538.14,100534.45,100536.78
2284.396042776,6093,100520.22,109968.35,100511.96,110925.79,100530.22,100544.26,100530.43,100532.78
2284.419697719,6094,100526.34,110000.68,100519.98,110928.12,100522.19,100546.37,100537.41,100532.78
2284.440364244,6095,100529.27,110064.21,100512.99,110963.02,100524.28,100547.22,100536.35,100534.84
2284.460888872,6096,100530.33,110131.79,100519.98,111012.26,100523.23,100542.15,100533.39,100533.81
2284.481524552,6097,100523.4,110225.91,100511.96,111042.64,100515.2,100538.14,100536.57,100532.78
2284.502151026,6098,100530.33,110726.03,100515.97,111729.6,100514.16,100536.24,100524.29,100533.81
2284.52274971,6099,100516.23,112072.47,100508.06,113735.17,100508.22,100531.18,100526.41,100524.77
2284.543320555,6100,100530.33,112150.48,100512.99,113592.46,100518.17,100540.25,100531.49,100531.75
2284.564181564,6101,100530.33,112155.07,100525.02,113513.45,100524.28,100543.21,100538.47,100538.84
2284.587695161,6102,100528.21,112170.7,100503.94,113450.49,100519.22,100536.24,100531.49,100532.78
2284.608315499,6103,100525.28,112220.39,100515.97,113404.01,100519.22,100540.25,100534.45,100532.78
2284.629039021,6104,100529.27,112236.57,100514.02,113367.93,100531.27,100543.21,100526.41,100535.87
2284.649766567,6105,100531.39,112278.72,100507.03,113345.06,100514.16,100544.26,100524.29,100537.81
2284.670521166,6106,100522.34,112325.54,100506.0,113315.81,100524.28,100528.22,100538.47,100518.82
2284.692439389,6107,100524.22,112375.79,100512.99,113339.86,100520.26,100541.1,100534.45,100532.78
2284.71197124,6108,100530.33,112285.64,100514.02,113176.67,100508.05,100526.11,100543.55,100532.78
2284.733926404,6109,100576.14,106889.28,100561.11,109287.84,100566.37,100578.45,100595.81,100585.87
2284.755577105,6110,100508.24,107122.46,100508.98,109366.81,100499.14,100529.28,100527.47,100528.77
2284.776187154,6111,100528.21,107000.15,100496.95,109349.64,100499.14,100524.21,100520.49,100524.77
2284.796793562,6112,100512.23,106693.17,100506.92,109517.87,100499.14,100524.21,100530.43,100520.76
2284.817365136,6113,100512.23,106652.78,100502.91,109581.97,100499.14,100527.17,100525.35,100519.85
2284.838035512,6114,100526.34,106626.32,100497.98,109902.44,100498.09,100520.2,100507.37,100517.79
2284.858637659,6115,100480.28,109036.48,100457.88,113370.75,100468.05,100480.1,100479.23,100494.79
2284.879195664,6116,100450.44,110850.21,100440.81,116662.16,100442.91,100449.92,100460.19,100464.69
2284.899811781,6117,100464.3,110663.65,100464.87,116104.44,100456.0,100486.01,100484.31,100485.75
2284.923590154,6118,100473.35,110515.81,100479.88,115942.75,100465.96,100487.91,100495.31,100484.72
2284.944219018,6119,100512.23,110394.54,100491.91,115786.28,100487.09,100523.16,100500.39,100516.76
2284.96480609,6120,100508.24,111478.05,100491.91,117969.27,100491.1,100516.19,100504.41,100508.75
2284.985339522,6121,100472.29,115110.58,100469.91,124619.38,100454.96,100479.04,100478.17,100485.75
2285.006079388,6122,100465.36,116132.92,100451.81,124907.6,100449.89,100463.0,100477.11,100476.71
2285.026621418,6123,100464.3,115200.81,100459.83,123910.46,100460.02,100485.16,100468.23,100484.72
2285.047244196,6124,100448.32,115086.3,100431.76,122295.97,100451.99,100453.93,100454.05,100469.73
2285.067793486,6125,100498.38,114705.91,100491.91,122814.39,100476.08,100535.19,100517.31,100518.82
2285.091564365,6126,100497.32,114058.53,100492.94,124323.27,100473.99,100511.13,100502.29,100510.81
2285.112174589,6127,100488.27,114317.47,100486.98,122147.29,100483.07,100511.13,100498.27,100495.7
2285.13274327,6128,100488.27,114627.84,100483.89,122000.09,100482.03,100516.19,100512.23,100507.72
2285.1587186,6129,100505.3,114333.66,100490.88,122287.93,100492.15,100519.15,100522.39,100515.73
2285.174341045,6130,100522.34,114449.81,100503.94,122245.0,100504.2,100524.21,100535.51,100532.78
2285.194633591,6131,100532.21,114591.43,100507.95,122346.94,100514.16,100545.32,100527.47,100532.78
2285.215073939,6132,100537.26,114444.57,100512.99,122677.75,100519.22,100540.25,100533.39,100532.78
2285.235733044,6133,100525.28,114624.99,100511.96,122541.11,100515.2,100528.22,100535.51,100540.79
2285.259554742,6134,100521.28,114467.18,100508.98,122346.94,100513.11,100532.23,100528.31,100541.82
2285.280134422,6135,100519.16,114494.32,100507.95,122487.79,100516.25,100536.24,100538.47,100525.8
2285.300839266,6136,100528.21,114588.57,100522.04,122605.41,100516.25,100531.18,100536.57,100528.77
2285.321491969,6137,100529.27,114726.15,100512.99,122551.89,100506.12,100534.13,100544.61,100534.84
2285.342192378,6138,100509.3,114410.53,100488.93,121460.22,100488.13,100514.08,100502.29,100500.74
2285.362857185,6139,100521.28,114082.81,100496.95,121696.0,100498.09,100527.17,100522.39,100526.83
2285.383424788,6140,100572.15,111219.28,100568.1,117874.16,100562.35,100594.28,100598.77,100590.91
2285.404085562,6141,100664.03,106321.58,100648.3,109878.4,100646.7,100683.56,100680.24,100671.01
2285.427471975,6142,100690.12,102435.93,100682.44,104576.55,100680.92,100703.61,100699.28,100704.09
2285.448185468,6143,100691.99,100718.99,100674.42,102761.48,100662.76,100690.53,100693.36,100698.02
2285.468862063,6144,100636.06,100464.85,100632.26,104121.54,100609.5,100647.47,100641.1,100653.96
2285.48924975,6145,100592.12,99444.37,100592.16,103972.42,100595.53,100608.42,100608.93,100619.98
2285.509824168,6146,100588.13,98702.34,100577.15,103709.48,100578.42,100583.31,100584.59,100588.97
2285.530547192,6147,100568.16,98254.75,100560.08,103429.45,100554.32,100584.36,100578.67,100566.88
2285.551123642,6148,100572.15,98263.85,100552.06,103324.36,100564.45,100570.43,100572.75,100570.89
2285.571672494,6149,100556.17,98577.33,100541.06,103260.36,100548.38,100568.32,100570.63,100557.84
2285.59541366,6150,100542.32,98619.73,100533.04,103365.45,100540.35,100564.31,100550.53,100541.82
2285.615993648,6151,100536.2,98663.05,100530.06,103489.46,100536.33,100559.25,100554.55,100534.84
2285.636680311,6152,100546.31,98718.47,100519.98,103521.46,100532.31,100552.28,100542.49,100542.85
2285.657181385,6153,100529.27,98671.11,100523.07,103517.46,100530.22,100546.16,100545.45,100542.85
2285.677802483,6154,100557.23,98687.24,100492.94,103497.46,100523.23,100544.26,100543.55,100525.8
2285.698346589,6155,100536.2,98152.92,100510.93,103373.45,100508.22,100554.39,100534.45,100533.81
2285.718997566,6156,100528.21,98307.17,100508.98,103310.54,100495.12,100534.13,100526.41,100525.8
2285.742718881,6157,100536.2,98288.04,100514.02,103275.63,100491.1,100532.23,100531.49,100534.84
2285.763362962,6158,100530.33,98262.81,100500.96,103272.72,100499.14,100536.24,100535.51,100532.78
2285.783911223,6159,100555.11,98291.04,100530.06,103263.63,100530.22,100568.32,100556.45,100561.84
2285.804539306,6160,100532.21,98288.04,100510.01,103171.63,100522.19,100542.15,100542.49,100532.78
2285.825172111,6161,100520.22,98284.01,100507.95,103154.54,100509.09,100549.12,100548.63,100543.88
2285.845805289,6162,100534.33,98276.98,100523.99,103147.63,100512.23,100548.27,100540.59,100526.83
2285.866395177,6163,100549.24,98270.88,100534.07,103194.54,100542.27,100552.28,100560.69,100550.86
2285.886968388,6164,100527.4,98260.85,100511.96,102953.46,100506.12,100536.24,100525.35,100514.81
2285.91065579,6165,100529.27,98282.04,100512.99,103067.63,100514.16,100539.2,100534.45,100532.9
2285.931348397,6166,100530.33,98285.04,100518.03,103034.54,100531.27,100542.36,100542.49,100530.83
2285.951981432,6167,100523.4,98267.88,100515.97,103035.63,100524.28,100534.13,100538.47,100537.81
2285.972730489,6168,100530.33,98274.91,100512.99,103019.63,100514.16,100538.35,100509.27,100525.8
2285.993068098,6169,100538.32,98268.91,100506.0,103035.63,100503.15,100528.22,100524.51,100534.84
2286.023503017,6170,100534.33,98258.78,100515.97,103044.71,100514.16,100542.15,100534.45,100534.84
2286.03706329,6171,100528.21,98242.65,100507.03,103252.72,100511.19,100536.24,100536.57,100534.84
2286.058923261,6172,100530.33,98242.65,100508.98,103035.63,100514.16,100537.3,100535.51,100532.78
2286.079821072,6173,100528.21,98260.85,100507.03,103048.71,100507.17,100540.25,100534.45,100534.84
2286.103336602,6174,100531.39,98274.91,100510.01,103058.54,100515.2,100537.3,100544.61,100534.84
2286.127155061,6175,100533.27,98258.78,100525.02,102963.63,100539.3,100549.33,100540.59,100546.85
2286.148291172,6176,100528.21,98266.85,100508.98,103087.63,100506.12,100536.24,100531.49,100530.83
2286.163006531,6177,100526.34,98271.91,100514.02,103067.63,100513.11,100545.32,100531.49,100546.85
2286.182052371,6178,100533.27,98284.01,100523.07,103105.45,100515.2,100543.21,100539.53,100542.85
2286.202513733,6179,100516.23,98267.88,100517.0,103118.54,100514.16,100541.31,100534.45,100535.87
2286.225401629,6180,100524.22,98278.94,100514.02,103123.63,100516.25,100545.32,100532.33,100528.77
2286.246805783,6181,100528.21,98284.01,100514.02,103129.45,100514.16,100544.26,100536.57,100535.87
2286.271542298,6182,100528.21,98281.01,100521.01,103129.45,100520.26,100540.25,100542.49,100518.82
2286.289689137,6183,100528.21,98276.98,100508.98,103131.63,100506.12,100549.33,100528.53,100522.82
2286.30918794,6184,100529.27,98276.98,100512.99,103143.63,100524.28,100544.26,100536.57,100525.8
2286.333843682,6185,100525.28,98278.94,100520.09,103135.63,100520.26,100536.24,100536.57,100520.76
