t_pc,sample_idx,S0,S1,S2,S3,S4,S5,S6,S7
7693.039894527,12681,99511.77,96512.13,99495.45,103118.61,99495.63,99504.35,99515.37,99497.65
7693.054276119,12682,99506.75,96534.17,99492.5,103122.57,99509.46,99519.21,99518.55,99490.74
7693.075246446,12683,99498.83,97139.86,99496.48,103156.51,99516.38,99508.33,99501.54,99494.71
7693.096147709,12684,99494.87,96432.16,99496.48,103137.77,99512.4,99508.33,99518.55,99498.53
7693.116011443,12685,99510.71,96546.16,99491.47,103128.74,99507.37,99494.29,99513.5,99494.71
7693.137184987,12686,99499.89,96563.07,99508.41,103133.8,99515.54,99508.33,99509.51,99498.68
7693.157036292,12687,99504.91,96552.11,99494.42,103133.8,99516.38,99499.32,99515.37,99500.59
7693.17826467,12688,99504.91,96563.07,99514.3,103124.77,99513.44,99512.31,99512.44,99495.59
7693.201860618,12689,99496.99,96569.13,99499.42,103141.74,99512.4,99508.33,99509.51,99496.62
7693.222318971,12690,99494.87,96572.1,99496.48,103132.7,99516.38,99508.33,99505.28,99494.71
7693.242912208,12691,99499.89,96593.11,99502.37,103132.7,99499.4,99511.25,99525.46,99502.65
7693.263368137,12692,99499.89,96588.09,99491.47,103132.7,99505.48,99500.37,99519.36,99495.59
7693.285132546,12693,99495.93,96588.09,99500.45,103128.74,99510.3,99508.33,99515.37,99501.62
7693.304478396,12694,99503.85,96600.08,99490.44,103135.57,99510.3,99512.31,99515.37,99501.62
7693.325051343,12695,99507.81,96598.03,99494.42,103132.7,99508.42,99514.17,99515.37,99508.53
7693.34586323,12696,99512.83,96609.0,99498.39,103131.61,99516.38,99508.33,99521.48,99502.65
7693.369881407,12697,99500.95,96593.01,99498.39,103152.54,99520.36,99509.38,99518.55,99497.65
7693.390311007,12698,99492.74,96596.09,99496.48,103134.9,99500.45,99508.33,99515.37,99480.74
7693.41093467,12699,99490.9,96598.03,99510.47,103132.7,99512.4,99501.43,99509.51,99508.53
7693.431381586,12700,99508.58,96622.02,99498.39,103140.64,99512.4,99510.44,99513.5,99500.59
7693.452049425,12701,99500.95,96627.04,99495.45,103128.74,99504.43,99508.33,99512.44,99504.56
7693.473211843,12702,99502.79,96616.08,99487.49,103140.64,99500.45,99500.37,99501.54,99498.68
7693.494456375,12703,99500.95,96619.05,99503.4,103148.57,99512.4,99508.33,99511.38,99500.59
7693.514265286,12704,99486.94,96612.08,99487.49,103172.38,99493.53,99512.31,99505.53,99497.65
7693.53906813,12705,99495.93,96628.07,99495.45,103176.34,99492.49,99507.27,99517.49,99495.59
7693.558322562,12706,99495.93,96617.1,99507.38,103180.31,99487.46,99495.34,99509.51,99495.59
7693.57894274,12707,99494.87,96597.11,99492.5,103186.48,99477.61,99478.61,99501.54,99492.65
7693.599383276,12708,99510.71,96612.08,99503.4,103174.57,99494.37,99496.39,99510.57,99504.56
7693.620960361,12709,99510.71,96616.99,99503.4,103180.31,99500.45,99504.35,99519.36,99494.71
7693.640475688,12710,99510.71,96618.02,99508.41,103188.25,99507.37,99506.22,99510.32,99510.59
7693.661986763,12711,99510.71,96612.08,99507.38,103192.21,99494.37,99508.33,99525.46,99500.59
7693.681479625,12712,99494.87,96592.09,99500.45,103189.35,99483.48,99492.18,99517.49,99497.65
7693.707077462,12713,99513.89,96620.07,99511.36,103180.31,99499.4,99512.31,99517.49,99495.59
7693.725939981,12714,99494.87,96608.08,99499.42,103180.31,99510.51,99500.37,99510.57,99492.65
7693.747026164,12715,99505.97,96602.03,99499.42,103184.28,99499.4,99492.42,99509.51,99490.74
7693.767463375,12716,99510.71,96606.14,99499.42,103188.25,99517.43,99524.24,99508.45,99504.56
7693.788341182,12717,99502.79,96586.04,99502.37,103184.28,99512.4,99506.22,99513.5,99500.59
7693.810505535,12718,99520.75,96605.11,99499.42,103196.18,99518.47,99507.27,99515.37,99507.5
7693.829084856,12719,99493.8,96612.08,99499.42,103180.31,99517.43,99506.22,99507.39,99502.65
7693.849554306,12720,99502.01,96466.1,99492.5,103189.35,99512.4,99506.22,99507.39,99490.74
7693.873322815,12721,99510.71,96341.24,99508.41,103184.28,99528.33,99523.18,99525.46,99504.56
7693.89390806,12722,99495.93,96597.0,99498.39,103188.25,99511.56,99509.38,99517.49,99494.56
7693.915581571,12723,99486.94,96598.14,99496.48,103188.25,99508.42,99495.34,99510.57,99489.71
7693.93501207,12724,99498.83,96600.08,99499.42,103188.25,99506.32,99507.27,99509.51,99506.62
7693.95606339,12725,99507.81,96610.02,99500.45,103188.25,99509.46,99502.24,99515.37,99494.71
7693.976074286,12726,99506.75,96614.13,99508.41,103189.35,99516.38,99516.28,99513.5,99496.62
7693.99704914,12727,99511.77,96606.03,99499.42,103190.44,99518.47,99504.35,99517.49,99508.53
7694.017540964,12728,99494.87,96600.08,99499.42,103184.28,99516.38,99508.33,99519.36,99502.5
7694.041323134,12729,99500.66,96604.08,99498.39,103185.38,99500.45,99513.36,99511.38,99488.68
7694.061913216,12730,99506.75,96612.08,99500.45,103181.41,99516.38,99514.41,99520.42,99497.65
7694.082476167,12731,99498.83,96605.11,99492.5,103200.15,99526.23,99513.36,99519.36,99499.56
7694.103277018,12732,99500.95,96592.09,99498.39,103181.41,99518.47,99503.3,99509.51,99494.71
7694.123446114,12733,99502.79,96596.09,99503.4,103187.15,99513.44,99504.35,99526.52,99506.62
7694.144092902,12734,99505.69,96596.09,99490.44,103189.35,99519.52,99512.31,99525.46,99500.59
7694.165391325,12735,99498.83,96601.11,99510.47,103177.44,99517.43,99508.33,99507.39,99507.5
7694.185059383,12736,99506.75,96592.09,99500.45,103177.44,99508.42,99504.35,99513.5,99501.62
7694.209346527,12737,99502.79,96592.09,99504.43,103178.54,99513.44,99508.33,99521.48,99500.59
7694.2299304,12738,99506.75,96597.11,99507.38,103176.34,99514.49,99511.25,99515.37,99496.62
7694.251058886,12739,99498.83,96601.11,99511.36,103176.34,99517.43,99508.33,99525.46,99501.62
7694.271045075,12740,99494.87,96578.04,99508.41,103182.51,99512.4,99508.33,99512.44,99502.65
7694.291614947,12741,99500.66,96596.09,99499.42,103179.21,99502.55,99510.2,99513.5,99496.62
7694.31215909,12742,99495.93,96586.04,99484.54,103173.48,99510.51,99504.35,99509.51,99494.71
7694.332626817,12743,99500.66,96582.15,99494.42,103177.44,99518.47,99511.25,99516.43,99498.53
7694.357047042,12744,99496.7,96595.06,99498.39,103180.31,99512.4,99512.31,99519.61,99499.56
7694.377387286,12745,99508.58,96597.11,99499.42,103180.31,99509.46,99515.23,99515.37,99501.62
7694.397929286,12746,99498.83,96580.09,99500.45,103164.44,99508.42,99502.24,99511.38,99503.53
7694.419692642,12747,99498.83,96580.09,99500.45,103164.44,99514.49,99519.21,99507.39,99493.68
7694.439168359,12748,99502.79,96601.11,99498.39,103165.54,99520.36,99502.24,99526.52,99500.59
7694.459533331,12749,99510.71,96588.09,99495.45,103164.44,99517.43,99513.36,99517.49,99501.62
7694.48028663,12750,99495.64,96581.12,99500.45,103164.44,99518.47,99508.33,99517.49,99494.56
7694.500793897,12751,99502.79,96574.04,99498.39,103174.57,99509.46,99516.28,99513.25,99504.56
7694.524871524,12752,99510.71,96589.12,99506.35,103166.64,99518.47,99500.37,99512.44,99501.62
7694.545322606,12753,99500.95,96575.07,99500.45,103153.64,99520.36,99507.27,99507.39,99500.59
7694.566051057,12754,99502.79,96578.15,99502.37,103153.64,99516.38,99510.44,99508.45,99500.59
7694.586472034,12755,99495.64,96579.07,99498.39,103164.44,99516.38,99511.25,99513.5,99502.65
7694.607135788,12756,99511.77,96588.09,99506.35,103162.67,99516.38,99508.33,99518.55,99505.59
7694.628080486,12757,99494.87,96579.07,99494.42,103157.61,99508.42,99508.33,99509.51,99493.68
7694.648139836,12758,99486.94,96571.07,99496.48,103141.74,99502.55,99499.32,99505.53,99488.68
7694.668590106,12759,99498.05,96553.13,99486.46,103150.77,99492.49,99496.39,99499.42,99478.83
7694.692915759,12760,99494.87,96557.02,99498.39,103153.64,99505.48,99499.32,99500.48,99484.71
7694.713373841,12761,99538.43,96616.08,99518.43,103164.44,99539.43,99530.08,99534.24,99516.47
7694.734055903,12762,99499.89,96628.07,99503.4,103172.38,99532.31,99524.24,99517.49,99508.53
7694.754419853,12763,99465.02,96572.1,99470.55,103149.67,99493.53,99486.57,99485.59,99476.77
7694.776151121,12764,99502.79,96556.1,99485.57,103150.77,99509.46,99481.54,99501.54,99467.8
7694.796967405,12765,99490.9,96558.16,99489.41,103149.67,99485.57,99495.34,99490.64,99477.8
7694.816085161,12766,99538.43,96591.06,99515.33,103136.67,99518.47,99517.34,99525.46,99513.53
7694.838310126,12767,99496.7,96590.14,99504.43,103145.7,99518.27,99512.31,99517.49,99500.59
7694.862032906,12768,99488.78,96558.05,99504.43,103137.77,99498.56,99494.29,99503.41,99484.71
7694.881381911,12769,99492.74,96555.08,99494.56,103132.7,99505.48,99507.27,99503.41,99490.58
7694.903177837,12770,99518.63,96563.07,99499.42,103137.77,99500.45,99504.35,99509.51,99492.65
7694.922486652,12771,99519.69,96589.12,99508.41,103130.93,99517.43,99516.28,99515.37,99509.56
7694.945604016,12772,99496.7,96573.12,99499.42,103137.77,99510.51,99506.22,99517.24,99492.65
7694.963552363,12773,99502.79,96552.11,99488.52,103152.97,99501.5,99516.28,99507.39,99496.62
7694.984278501,12774,99506.75,96569.13,99502.37,103126.97,99520.36,99516.28,99509.51,99508.53
7695.005260696,12775,99506.75,96565.13,99507.38,103133.8,99509.46,99512.31,99520.42,99500.59
7695.028909595,12776,99506.75,96561.13,99499.42,103126.97,99513.44,99504.35,99514.56,99500.59
7695.048952229,12777,99510.71,96560.1,99511.36,103136.67,99512.4,99511.25,99516.43,99504.56
7695.069979362,12778,99505.69,96557.13,99498.39,103120.8,99500.45,99506.22,99508.45,99500.59
7695.090437685,12779,99510.71,96556.1,99508.41,103116.84,99516.38,99516.28,99515.37,99510.59
7695.111061348,12780,99494.87,96566.15,99490.44,103116.84,99508.42,99503.3,99522.53,99509.56
7695.13151867,12781,99502.79,96556.1,99495.45,103108.9,99500.45,99499.32,99517.49,99512.5
7695.152319801,12782,99505.69,96544.11,99504.43,103117.93,99507.37,99510.2,99519.36,99498.68
7695.17260361,12783,99502.79,96556.1,99499.42,103102.06,99520.36,99504.11,99507.39,99500.59
7695.196353692,12784,99502.79,96568.1,99508.41,103119.03,99512.4,99508.33,99517.49,99505.59
7695.216968431,12785,99494.87,96560.1,99496.48,103100.97,99508.42,99508.33,99525.46,99497.65
7695.238033722,12786,99493.8,96554.05,99500.45,103095.23,99504.43,99517.34,99515.37,99493.68
7695.258025019,12787,99510.71,96557.13,99492.5,103089.06,99509.46,99504.35,99518.55,99509.56
7695.279178683,12788,99510.71,96564.1,99490.44,103091.26,99516.38,99509.38,99523.34,99508.53
7695.299410934,12789,99499.89,96560.1,99500.45,103086.19,99513.44,99517.34,99513.5,99504.56
7695.320181429,12790,99506.75,96556.1,99492.5,103082.23,99509.46,99508.33,99509.26,99494.71
7695.34082987,12791,99500.66,96540.11,99500.45,103077.16,99504.43,99505.4,99521.48,99500.59
7695.364348532,12792,99510.71,96555.08,99499.42,103074.97,99516.38,99508.33,99516.43,99500.59
7695.384969621,12793,99502.79,96555.08,99499.42,103069.23,99506.32,99507.27,99515.37,99501.62
7695.405488095,12794,99502.79,96552.11,99491.47,103077.16,99515.33,99500.37,99508.45,99490.74
7695.42613963,12795,99496.7,96548.11,99491.47,103061.29,99499.4,99506.22,99521.48,99500.59
7695.446531342,12796,99508.58,96558.16,99506.35,103070.33,99504.43,99522.13,99523.34,99500.59
7695.467121995,12797,99498.83,96553.13,99500.45,103058.42,99516.38,99508.33,99507.39,99501.62
7695.488132073,12798,99500.66,96562.16,99499.42,103057.33,99509.46,99510.2,99509.26,99500.59
7695.508261899,12799,99494.87,96544.11,99513.42,103050.49,99516.38,99512.31,99515.37,99505.59
7695.532345985,12800,99495.64,96547.08,99499.42,103285.66,99507.37,99508.33,99517.49,99493.68
7695.553149601,12801,99505.69,96553.13,99500.45,103367.88,99509.26,99504.11,99507.39,99502.65
7695.573401842,12802,99500.66,96556.1,99502.37,103358.85,99518.47,99502.24,99501.54,99506.47
7695.594235933,12803,99493.8,96538.17,99489.55,103340.11,99513.44,99503.3,99515.62,99493.68
7695.614671241,12804,99510.71,96546.06,99502.37,103308.37,99516.38,99509.38,99515.37,99499.56
7695.635097275,12805,99510.71,96548.11,99495.45,103279.5,99505.48,99508.33,99517.49,99491.62
7695.65660138,12806,99502.79,96540.11,99499.42,103273.76,99501.5,99513.36,99511.38,99492.65
7695.679925367,12807,99504.62,96540.11,99508.41,103249.96,99513.44,99499.32,99517.49,99500.59
7695.700381126,12808,99502.79,96553.13,99502.37,103243.79,99510.3,99506.22,99508.45,99497.65
7695.720987934,12809,99510.71,96540.11,99500.45,103221.08,99517.43,99506.22,99507.39,99491.62
7695.741390322,12810,99510.71,96541.14,99500.45,103204.12,99509.46,99508.33,99523.34,99504.56
7695.763143994,12811,99502.79,96545.14,99507.38,103199.48,99499.4,99511.25,99503.41,99494.71
7695.782527161,12812,99505.69,96546.06,99500.45,103176.34,99510.51,99499.32,99517.49,99500.59
7695.803140749,12813,99492.74,96556.1,99496.48,103175.67,99510.51,99507.27,99511.38,99494.71
7695.823664341,12814,99500.66,96538.06,99495.45,103144.61,99516.38,99515.23,99517.49,99495.59
7695.847911284,12815,99506.75,96533.04,99500.45,103102.06,99514.49,99512.31,99507.39,99501.62
7695.868392882,12816,99502.79,96526.07,99507.38,103057.33,99517.43,99506.22,99517.49,99497.65
7695.889004086,12817,99510.71,96542.16,99498.39,103009.04,99516.38,99498.26,99516.43,99500.59
7695.909448778,12818,99498.83,96542.06,99491.47,102976.21,99508.42,99508.33,99507.39,99492.65
7695.930080894,12819,99518.63,96539.09,99490.44,102954.18,99512.4,99511.25,99522.53,99493.68
7695.95072607,12820,99502.79,96540.11,99496.48,102921.76,99510.51,99512.31,99513.25,99500.59
7695.971313338,12821,99498.83,96540.11,99498.39,102902.61,99506.53,99507.27,99503.41,99505.59
7695.991659741,12822,99505.69,96528.12,99503.4,102882.09,99508.42,99508.33,99511.38,99500.59
7696.015921477,12823,99504.62,96537.14,99510.47,102870.87,99508.42,99503.3,99501.54,99501.62
7696.036380421,12824,99502.79,96548.11,99508.41,102849.26,99508.42,99508.33,99513.5,99500.59
7696.05700836,12825,99505.69,96544.11,99500.45,102860.07,99508.42,99508.33,99514.31,99495.59
7696.077465561,12826,99500.66,96540.11,99500.45,102831.2,99516.38,99507.27,99515.37,99514.56
7696.099024739,12827,99500.66,96537.14,99495.45,102831.2,99503.39,99500.13,99501.54,99496.62
7696.118546516,12828,99510.71,96544.11,99492.5,102819.3,99517.43,99507.27,99517.49,99501.62
7696.139211962,12829,99496.7,96533.14,99500.45,102800.56,99512.4,99508.33,99524.4,99512.5
7696.159556002,12830,99498.83,96524.12,99488.52,102806.72,99510.51,99503.3,99512.44,99490.74
7696.184465998,12831,99508.58,96530.06,99496.48,102795.5,99504.43,99509.38,99516.43,99504.56
7696.204387739,12832,99510.71,96532.12,99500.45,102817.52,99508.42,99509.38,99515.37,99493.68
7696.225275362,12833,99500.66,96539.09,99498.39,102799.46,99500.45,99507.27,99512.44,99504.56
7696.245655056,12834,99492.74,96539.09,99500.45,102808.49,99518.47,99512.31,99505.53,99493.68
7696.266151226,12835,99498.83,96528.12,99500.45,102809.59,99516.38,99518.15,99515.37,99502.65
7696.286751634,12836,99500.66,96541.14,99491.47,102809.59,99508.42,99506.22,99515.37,99492.65
7696.307111828,12837,99500.66,96532.12,99504.43,102800.56,99512.4,99504.11,99507.39,99510.59
7696.327608099,12838,99497.76,96530.17,99500.45,102804.53,99512.4,99500.37,99524.4,99500.59
7696.351942294,12839,99509.65,96526.07,99491.47,102790.44,99505.48,99507.27,99509.51,99494.56
7696.372037748,12840,99510.71,96528.12,99492.5,102799.46,99508.42,99509.38,99519.36,99496.62
7696.393056538,12841,99493.8,96533.14,99496.48,102800.56,99510.51,99507.27,99507.39,99492.65
7696.414544739,12842,99506.75,96532.12,99501.48,102795.5,99508.42,99505.16,99509.51,99501.62
7696.434180348,12843,99496.7,96528.12,99494.42,102792.63,99515.33,99503.3,99509.51,99505.59
7696.45468476,12844,99510.71,96529.14,99492.5,102780.72,99508.42,99503.3,99517.49,99500.59
7696.475253901,12845,99502.79,96532.12,99490.44,102787.56,99512.4,99502.24,99517.49,99500.59
7696.495533754,12846,99504.62,96521.15,99508.41,102783.6,99515.54,99509.38,99517.49,99500.59
7696.520066389,12847,99496.7,96507.1,99492.5,102780.72,99508.42,99506.22,99515.37,99500.59
7696.539975942,12848,99496.7,96506.08,99491.47,102784.69,99508.42,99504.11,99513.5,99508.53
7696.561066101,12849,99510.71,96512.13,99496.48,102769.92,99499.4,99506.22,99510.57,99504.56
7696.581163347,12850,99500.66,96510.18,99508.41,102783.6,99508.42,99498.26,99507.39,99496.62
7696.602259805,12851,99510.71,96507.1,99502.51,102786.88,99516.38,99511.25,99513.5,99514.56
7696.623189131,12852,99506.75,96498.08,99498.39,102778.95,99515.33,99511.25,99517.49,99502.65
7696.643101488,12853,99504.62,96507.1,99498.39,102776.76,99512.4,99506.22,99510.57,99501.62
7696.664803672,12854,99496.7,96500.13,99498.39,102772.79,99528.33,99508.33,99518.55,99499.56
7696.689102394,12855,99505.69,96500.13,99500.45,102755.14,99508.42,99504.35,99513.5,99499.56
7696.709249856,12856,99510.71,96496.13,99500.45,102771.01,99512.4,99518.15,99514.56,99501.62
7696.72841927,12857,99508.58,96514.18,99504.43,102763.08,99511.35,99508.09,99509.51,99505.59
7696.749118908,12858,99502.79,96513.15,99476.59,102755.14,99519.31,99516.28,99517.49,99502.65
7696.769615749,12859,99508.58,96508.13,99495.45,102755.14,99511.35,99508.33,99518.55,99500.59
7696.790214575,12860,99501.73,96501.16,99499.42,102735.99,99494.37,99504.35,99509.51,99508.53
7696.811544646,12861,99492.74,96508.13,99503.4,102733.12,99508.42,99508.33,99523.59,99501.62
7696.835072852,12862,99498.83,96501.16,99499.42,102730.25,99507.37,99516.28,99513.5,99496.62
7696.855412135,12863,99509.65,96509.15,99495.45,102722.31,99508.42,99508.33,99514.56,99496.62
7696.876089109,12864,99506.75,96501.16,99504.43,102731.34,99500.45,99508.33,99519.36,99499.56
7696.89644689,12865,99502.79,96510.18,99504.43,102724.09,99507.37,99515.23,99518.55,99504.56
7696.917101329,12866,99509.65,96509.15,99492.5,102709.32,99513.44,99506.22,99521.48,99500.59
7696.938169615,12867,99506.75,96500.13,99501.48,102718.35,99515.33,99508.33,99521.48,99489.71
7696.958122944,12868,99508.58,96502.18,99496.48,102718.35,99511.35,99516.28,99513.5,99495.59
7696.980373377,12869,99500.66,96512.13,99500.45,102700.29,99510.3,99508.33,99510.57,99500.59
7697.002959168,12870,99500.66,96502.18,99508.41,102713.29,99518.47,99504.35,99513.25,99508.53
7697.024081195,12871,99511.77,96500.13,99506.35,102708.22,99516.38,99506.22,99511.63,99500.59
7697.044024559,12872,99507.81,96492.14,99504.43,102701.38,99508.42,99507.27,99509.51,99497.65
7697.064446998,12873,99497.76,96500.13,99496.48,102690.58,99510.51,99514.17,99518.55,99503.53
7697.085186396,12874,99508.58,96493.06,99499.42,102703.57,99514.49,99508.33,99527.58,99500.59
7697.106190524,12875,99499.6,96502.08,99497.51,102695.64,99516.38,99502.24,99507.39,99499.56
7697.126436686,12876,99508.58,96498.18,99498.39,102698.51,99504.43,99508.33,99510.57,99499.56
7697.148780982,12877,99502.79,96498.08,99500.45,102691.67,99508.42,99506.22,99504.47,99509.56
7697.170989451,12878,99510.71,96494.08,99504.43,102690.58,99511.35,99508.33,99517.49,99509.56
7697.191396547,12879,99510.71,96499.11,99500.45,102685.52,99512.4,99508.09,99514.56,99492.65
7697.213101926,12880,99494.87,96499.11,99500.45,102698.51,99513.44,99503.3,99504.47,99502.65
7697.232458412,12881,99500.66,96498.08,99503.4,102690.58,99517.43,99507.27,99519.61,99502.65
7697.253112051,12882,99509.65,96506.08,99506.49,102681.55,99502.34,99504.11,99521.48,99501.62
7697.274193376,12883,99498.83,96494.08,99490.44,102682.64,99508.42,99508.33,99513.5,99492.65
7697.294326287,12884,99509.65,96484.03,99500.45,102673.62,99512.4,99514.17,99510.57,99493.68
7697.314596625,12885,99510.71,96498.08,99500.45,102672.52,99518.47,99510.2,99515.37,99506.47
7697.338972043,12886,99498.83,96501.16,99491.47,102681.55,99508.42,99497.45,99512.44,99505.59
7697.359419049,12887,99496.7,96492.14,99501.48,102679.77,99516.38,99508.33,99510.57,99502.65
7697.3800351,12888,99492.74,96493.16,99501.48,102674.71,99513.44,99503.3,99518.55,99495.59
7697.4009076,12889,99498.83,96496.13,99496.48,102676.9,99512.4,99500.37,99519.61,99501.62
7697.421361426,12890,99498.83,96492.14,99500.45,102665.68,99515.33,99513.12,99510.57,99495.59
7697.441617623,12891,99510.71,96493.16,99495.45,102673.62,99500.45,99499.32,99515.37,99499.56
7697.462343981,12892,99499.6,96484.14,99508.41,102669.65,99508.42,99510.2,99515.62,99498.68
7697.482734842,12893,99502.79,96496.13,99492.5,102667.87,99509.46,99511.25,99509.51,99510.59
7697.5070114,12894,99507.52,96503.1,99499.42,102659.93,99505.48,99492.18,99510.57,99492.65
7697.527420378,12895,99506.75,96485.16,99508.41,102661.72,99505.48,99504.35,99498.61,99505.59
7697.548328041,12896,99504.62,96492.14,99492.5,102665.68,99518.47,99507.27,99514.31,99497.65
7697.568517117,12897,99500.66,96492.14,99500.45,102671.84,99500.45,99525.29,99512.44,99502.65
7697.589104415,12898,99509.65,96498.18,99496.48,102667.87,99508.42,99495.1,99517.49,99506.47
7697.610692316,12899,99505.69,96491.11,99491.47,102659.93,99509.46,99500.37,99513.5,99509.56
7697.630412823,12900,99506.75,96500.13,99498.39,102663.9,99509.46,99508.33,99509.51,99491.62
7697.6505897,12901,99498.83,96500.13,99499.42,102657.75,99511.35,99508.09,99517.49,99494.56
7697.674991949,12902,99508.58,96496.13,99500.45,102659.93,99506.32,99503.3,99507.39,99501.62
7697.695124399,12903,99510.71,96488.14,99500.45,102661.03,99516.38,99507.27,99517.49,99500.59
7697.716091952,12904,99492.74,96488.14,99500.45,102648.03,99504.43,99508.09,99519.61,99499.56
7697.737104112,12905,99492.74,96498.18,99491.47,102644.07,99508.42,99519.21,99511.38,99494.56
7697.757330194,12906,99501.73,96497.16,99496.48,102641.19,99511.35,99506.22,99513.5,99496.62
7697.778411559,12907,99497.76,96490.08,99499.42,102645.16,99498.36,99503.3,99511.38,99483.68
7697.798159177,12908,99508.58,96490.08,99494.42,102632.85,99507.37,99512.31,99518.55,99492.65
7697.819365882,12909,99503.56,96495.11,99496.48,102628.89,99511.35,99508.33,99519.61,99500.59
7697.843432743,12910,99493.8,96491.11,99508.41,102633.95,99508.42,99504.35,99509.51,99503.53
7697.86417772,12911,99507.52,96488.14,99492.5,102633.95,99516.38,99501.43,99513.5,99500.59
7697.884874884,12912,99510.71,96492.14,99496.48,102627.11,99517.43,99512.31,99517.49,99500.59
7697.905836698,12913,99508.58,96501.16,99492.5,102626.01,99508.42,99506.22,99521.48,99487.65
7697.925164451,12914,99493.8,96484.03,99493.53,102626.01,99511.35,99507.27,99517.49,99509.56
7697.946357706,12915,99498.83,96492.14,99495.45,102641.88,99508.42,99504.11,99499.42,99499.56
7697.966363885,12916,99502.79,96492.14,99494.42,102624.92,99513.44,99500.37,99510.57,99494.71
7697.987036932,12917,99502.79,96490.19,99496.48,102629.29,99504.43,99506.22,99509.51,99498.53
7698.010444456,12918,99498.83,96488.14,99494.56,102628.2,99504.43,99516.28,99506.33,99498.53
7698.031070793,12919,99506.75,96482.19,99496.48,102616.99,99506.32,99502.24,99509.51,99496.62
7698.051528966,12920,99507.52,96492.14,99488.52,102617.39,99511.35,99508.09,99518.55,99508.53
7698.072102252,12921,99505.69,96486.19,99496.48,102619.17,99502.34,99502.24,99509.51,99512.66
7698.092561226,12922,99510.71,96490.08,99500.45,102619.17,99515.33,99507.27,99509.51,99496.62
7698.115024652,12923,99510.71,96489.16,99490.44,102622.05,99512.4,99508.33,99513.5,99500.59
7698.135481182,12924,99508.58,96492.14,99496.48,102611.24,99511.35,99507.27,99512.44,99508.53
7698.160086597,12925,99499.6,96488.14,99492.5,102612.33,99508.42,99508.33,99518.55,99509.56
7698.17868687,12926,99493.8,96495.11,99500.45,102620.27,99514.28,99510.2,99509.51,99492.65
7698.200086677,12927,99497.76,96486.19,99492.5,102620.27,99516.38,99508.33,99509.51,99490.58
7698.219600882,12928,99494.87,96479.12,99502.37,102615.21,99505.48,99503.3,99503.66,99494.56
7698.24015468,12929,99502.79,96488.14,99504.43,102610.15,99506.32,99504.11,99518.55,99500.59
7698.260591961,12930,99492.74,96484.14,99492.5,102610.15,99516.38,99502.24,99516.43,99497.65
7698.281278589,12931,99502.79,96491.11,99500.45,102616.3,99516.38,99505.16,99511.63,99498.68
7698.302559165,12932,99502.79,96489.16,99500.45,102614.11,99515.33,99512.31,99514.56,99501.62
7698.325972177,12933,99506.75,96490.08,99504.43,102610.15,99514.28,99507.27,99517.49,99500.59
7698.346442068,12934,99497.76,96484.14,99498.39,102612.33,99508.42,99505.4,99517.49,99490.58
7698.368145083,12935,99492.74,96476.14,99495.45,102607.27,99516.38,99507.27,99508.45,99496.62
7698.38748215,12936,99508.58,96488.14,99502.51,102609.05,99516.38,99507.27,99516.43,99500.59
7698.408281028,12937,99506.75,96492.14,99498.39,102613.42,99508.42,99508.33,99512.44,99508.53
7698.428576345,12938,99495.64,96493.16,99498.39,102602.21,99512.4,99508.33,99518.55,99492.65
7698.449157594,12939,99492.74,96484.03,99496.48,102613.42,99516.38,99507.27,99509.51,99507.5
7698.469645151,12940,99500.66,96494.19,99493.53,102607.27,99508.42,99490.31,99514.56,99501.62
7698.493989652,12941,99493.8,96484.14,99504.43,102610.15,99514.49,99495.34,99509.51,99500.59
7698.515720159,12942,99494.87,96490.19,99492.5,102612.33,99516.38,99507.27,99509.51,99504.56
7698.535053821,12943,99509.93,96488.14,99500.45,102609.05,99506.32,99495.34,99505.53,99500.59
7698.555545394,12944,99494.87,96488.14,99500.45,102608.36,99500.45,99508.33,99510.57,99500.59
7698.576167364,12945,99500.66,96486.19,99491.47,102607.27,99500.45,99510.2,99517.49,99501.62
7698.596570283,12946,99504.62,96484.14,99498.39,102612.33,99508.42,99508.09,99513.5,99492.65
7698.617715115,12947,99504.62,96494.19,99491.47,102600.43,99502.55,99504.35,99510.57,99494.56
7698.637577656,12948,99500.66,96486.19,99504.43,102607.27,99508.42,99498.26,99520.42,99508.53
7698.661989118,12949,99496.7,96492.14,99496.48,102613.42,99508.42,99513.36,99505.53,99504.56
7698.682471398,12950,99492.74,96480.14,99498.39,102612.33,99504.43,99502.24,99513.5,99498.53
7698.703068631,12951,99496.7,96477.17,99503.4,102611.24,99514.28,99506.22,99510.32,99504.56
7698.723568977,12952,99504.62,96486.19,99497.36,102594.28,99516.38,99498.26,99509.51,99505.59
7698.744239491,12953,99503.56,96482.19,99494.42,102597.15,99516.38,99496.15,99518.55,99501.62
7698.765144269,12954,99510.71,96477.17,99496.48,102603.3,99517.43,99497.21,99509.51,99504.56
7698.78525755,12955,99492.74,96479.22,99499.42,102605.09,99514.49,99511.25,99511.63,99497.65
7698.806153455,12956,99500.66,96490.08,99495.45,102594.28,99517.43,99502.24,99521.48,99501.62
7698.831041268,12957,99495.64,96482.09,99500.45,102595.37,99504.43,99507.27,99517.49,99499.56
7698.850465466,12958,99509.65,96472.04,99490.44,102596.46,99508.42,99515.23,99509.51,99499.56
7698.871067297,12959,99504.62,96478.09,99503.4,102604.4,99499.4,99508.33,99519.61,99504.56
7698.891549235,12960,99500.66,96486.19,99482.48,102602.21,99514.49,99508.33,99517.49,99496.62
7698.91253136,12961,99500.66,96481.17,99492.5,102594.28,99517.43,99509.38,99512.44,99490.74
7698.932585732,12962,99508.58,96480.14,99499.42,102599.34,99508.42,99499.32,99517.49,99504.56
7698.953221694,12963,99510.71,96482.19,99500.45,102590.31,99512.4,99506.22,99509.51,99492.65
7698.973650192,12964,99518.63,96486.19,99497.51,102607.27,99516.38,99508.33,99519.36,99494.56
7698.998075805,12965,99504.62,96484.14,99498.39,102610.15,99508.42,99507.27,99507.39,99490.58
7699.019079923,12966,99497.76,96493.16,99499.42,102595.37,99516.38,99501.19,99509.51,99499.56
7699.039077399,12967,99494.87,96476.14,99499.42,102591.4,99512.4,99508.09,99523.59,99509.56
7699.059564436,12968,99510.71,96470.09,99500.45,102601.52,99510.51,99504.35,99510.57,99500.59
7699.080144513,12969,99494.87,96483.22,99486.46,102603.3,99508.42,99512.31,99509.51,99508.53
7699.100766213,12970,99504.62,96476.14,99498.39,102596.46,99515.33,99499.32,99511.38,99493.68
7699.121249744,12971,99497.76,96480.14,99490.44,102596.46,99507.37,99496.15,99516.43,99501.62
7699.141794217,12972,99502.79,96484.14,99491.47,102599.34,99506.53,99490.31,99509.51,99494.56
7699.165442275,12973,99496.7,96473.07,99491.47,102603.3,99508.42,99504.11,99509.51,99496.62
7699.186224708,12974,99508.58,96486.19,99498.39,102595.37,99512.4,99503.3,99507.39,99500.59
7699.207209367,12975,99506.75,96482.19,99492.5,102604.4,99508.42,99502.24,99510.57,99490.58
7699.228363322,12976,99508.58,96478.19,99500.45,102603.3,99504.43,99498.26,99518.55,99494.71
7699.248548552,12977,99507.52,96478.19,99498.39,102594.28,99511.35,99502.24,99514.56,99496.62
7699.268199794,12978,99496.7,96482.19,99499.42,102594.28,99508.42,99498.26,99506.59,99495.59
7699.289258074,12979,99503.56,96476.14,99500.45,102592.5,99508.42,99515.23,99510.57,99500.59
7699.309901167,12980,99494.87,96490.19,99499.42,102592.5,99508.42,99499.32,99507.39,99501.62
7699.333461702,12981,99492.74,96477.17,99502.37,102604.4,99506.32,99506.22,99507.39,99497.65
7699.354063452,12982,99497.76,96466.2,99498.39,102603.3,99519.31,99504.35,99505.53,99500.59
7699.374825133,12983,99504.62,96478.19,99492.5,102595.37,99509.46,99504.35,99519.61,99500.59
7699.39517998,12984,99493.8,96468.15,99500.45,102579.5,99507.37,99511.25,99512.44,99492.65
7699.415596389,12985,99506.75,96480.14,99492.5,102591.4,99508.42,99496.15,99513.5,99499.56
7699.436172671,12986,99496.7,96480.14,99490.44,102602.21,99510.3,99499.32,99516.43,99498.68
7699.457314978,12987,99499.6,96476.14,99490.58,102583.47,99508.42,99508.33,99497.55,99494.56
7699.482026825,12988,99489.84,96478.19,99494.42,102595.37,99508.42,99509.14,99503.41,99493.68
7699.501802345,12989,99508.58,96462.1,99508.41,102578.41,99509.46,99492.42,99513.5,99496.62
7699.523139567,12990,99497.76,96482.19,99500.45,102603.3,99508.42,99503.3,99513.5,99496.62
7699.542536264,12991,99510.71,96478.19,99501.48,102594.28,99512.4,99504.35,99518.55,99492.65
7699.565427307,12992,99505.69,96477.17,99500.45,102579.5,99509.46,99507.27,99511.63,99502.65
7699.584383508,12993,99500.66,96474.2,99498.39,102592.5,99502.34,99498.26,99514.56,99492.65
7699.604195633,12994,99502.79,96468.15,99504.43,102583.47,99520.57,99503.3,99509.51,99501.62
7699.625891227,12995,99500.66,96474.2,99502.51,102585.66,99503.39,99512.31,99510.57,99496.62
7699.650132602,12996,99504.62,96468.15,99506.49,102588.53,99506.32,99500.13,99513.5,99488.68
7699.669467977,12997,99498.83,96466.1,99493.53,102585.25,99508.42,99508.33,99509.51,99502.65
7699.69014505,12998,99500.66,96465.17,99488.52,102596.46,99516.38,99503.3,99507.39,99497.65
7699.711222871,12999,99510.71,96478.19,99488.52,102585.66,99510.51,99507.27,99505.53,99500.59
7699.734175676,13000,99508.58,96476.14,99491.47,102578.41,99508.42,99500.37,99525.46,99492.65
7699.752104934,13001,99488.78,96461.18,99493.53,102579.5,99510.3,99508.33,99509.51,99492.65
7699.772276072,13002,99505.69,96481.17,99496.48,102579.5,99505.48,99504.35,99513.5,99492.65
7699.793909683,13003,99500.66,96468.15,99492.5,102585.66,99516.38,99504.11,99517.49,99501.62
7699.818062223,13004,99492.74,96464.15,99499.42,102584.56,99508.42,99501.43,99509.51,99501.62
7699.837506683,13005,99501.73,96481.17,99495.45,102572.66,99510.3,99498.26,99513.5,99501.62
7699.858178278,13006,99492.74,96476.14,99484.54,102578.41,99512.4,99503.3,99517.49,99496.62
7699.878528548,13007,99484.82,96473.17,99488.52,102580.6,99508.42,99506.22,99513.5,99501.62
7699.899179272,13008,99489.84,96460.15,99498.39,102583.47,99507.37,99503.3,99513.5,99500.59
7699.920532539,13009,99494.87,96478.19,99500.45,102581.69,99508.42,99498.26,99513.5,99492.65
7699.940372767,13010,99513.61,96470.2,99492.5,102578.41,99509.46,99503.3,99515.62,99495.59
7699.960702415,13011,99505.69,96464.15,99492.5,102579.5,99508.42,99510.2,99514.56,99496.62
7699.985020406,13012,99484.82,96472.15,99488.52,102580.6,99500.45,99502.48,99502.6,99498.68
7700.006071715,13013,99494.87,96466.2,99500.45,102579.5,99512.4,99507.27,99510.57,99496.62
7700.0261011,13014,99496.7,96476.14,99495.45,102574.44,99518.47,99506.22,99517.49,99504.56
7700.047382297,13015,99488.78,96466.2,99497.51,102578.41,99508.42,99506.22,99515.62,99496.62
7700.068028945,13016,99500.66,96468.15,99494.56,102571.57,99503.39,99511.25,99505.53,99487.65
7700.089447069,13017,99492.74,96470.2,99487.49,102573.75,99512.4,99504.11,99514.56,99492.65
7700.108294025,13018,99500.66,96467.12,99487.49,102571.57,99500.45,99507.27,99499.42,99500.59
7700.129133935,13019,99504.62,96461.18,99495.45,102574.85,99508.42,99502.24,99506.59,99500.59
7700.153092282,13020,99492.74,96467.12,99500.45,102563.64,99516.38,99498.26,99504.47,99498.68
7700.174149661,13021,99500.66,96477.17,99499.42,102571.57,99516.38,99507.27,99510.57,99500.59
7700.194111974,13022,99498.83,96468.15,99496.48,102561.85,99500.45,99503.3,99513.5,99494.71
7700.215056863,13023,99484.82,96470.2,99505.46,102576.63,99508.42,99501.19,99496.49,99492.49
7700.235283144,13024,99501.73,96468.15,99492.5,102581.69,99508.42,99504.35,99502.6,99491.62
7700.256970987,13025,99494.87,96458.1,99492.5,102573.75,99512.4,99499.32,99505.53,99493.68
7700.277241426,13026,99498.83,96465.17,99490.44,102565.82,99495.42,99499.32,99515.62,99488.68
7700.297166723,13027,99490.62,96468.15,99493.53,102581.69,99508.42,99506.22,99505.53,99491.62
7700.322083549,13028,99504.62,96459.13,99490.44,102564.73,99490.39,99506.22,99503.66,99501.62
7700.341212381,13029,99490.9,96469.17,99501.48,102565.82,99499.4,99508.09,99510.57,99497.65
7700.362148477,13030,99499.6,96468.15,99492.5,102564.73,99508.42,99503.3,99515.62,99500.59
7700.382604747,13031,99504.62,96473.17,99494.56,102564.73,99508.42,99498.26,99513.5,99490.58
7700.403778962,13032,99496.7,96458.1,99500.45,102560.76,99502.55,99506.22,99510.57,99492.65
7700.423760764,13033,99496.7,96466.2,99491.47,102568.7,99502.34,99516.28,99509.51,99495.59
7700.444257966,13034,99506.75,96461.07,99496.48,102566.51,99509.46,99500.13,99509.51,99500.59
7700.464805354,13035,99498.83,96464.15,99491.47,102573.75,99511.14,99503.3,99509.51,99499.56
7700.488463717,13036,99501.73,96478.19,99495.45,102563.64,99508.42,99508.33,99500.48,99492.65
7700.510093732,13037,99494.87,96452.16,99496.48,102560.76,99504.43,99500.37,99511.38,99497.65
7700.530139541,13038,99492.74,96456.15,99496.48,102565.82,99498.36,99510.2,99509.51,99502.65
7700.550371431,13039,99491.68,96460.15,99500.45,102564.73,99504.43,99506.22,99514.31,99497.65
7700.571189298,13040,99492.74,96461.18,99490.44,102575.54,99511.35,99504.35,99507.39,99500.59
7700.59118392,13041,99498.83,96460.15,99491.47,102567.6,99508.42,99496.15,99507.39,99488.68
7700.612291605,13042,99498.83,96462.1,99504.43,102564.73,99500.45,99502.24,99509.51,99501.62
7700.636036859,13043,99494.87,96454.21,99499.42,102562.54,99508.42,99504.35,99508.45,99501.62
7700.658065547,13044,99506.75,96450.21,99492.5,102561.85,99508.42,99507.27,99507.39,99494.56
7700.677165506,13045,99506.75,96460.15,99500.45,102562.54,99507.37,99508.33,99499.42,99500.59
7700.699155615,13046,99497.76,96457.18,99491.47,102564.73,99512.4,99496.15,99507.39,99494.56
7700.718403578,13047,99509.65,96453.18,99500.45,102557.89,99501.5,99508.09,99501.54,99488.68
7700.738639054,13048,99508.58,96450.1,99480.57,102571.97,99508.42,99494.29,99505.53,99500.59
7700.759718065,13049,99508.58,96452.16,99486.46,102563.64,99512.4,99500.37,99499.42,99492.65
7700.780742344,13050,99502.79,96453.18,99491.47,102551.74,99512.4,99500.13,99506.59,99492.65
7700.804059752,13051,99500.66,96468.15,99492.5,102564.73,99516.38,99502.24,99507.39,99495.59
7700.826017953,13052,99493.8,96452.16,99490.44,102552.83,99498.36,99499.32,99500.48,99498.68
7700.845139424,13053,99505.69,96460.15,99494.56,102564.73,99508.42,99496.39,99507.39,99498.53
7700.865704879,13054,99504.62,96452.16,99498.39,102573.75,99513.44,99512.31,99511.38,99495.59
7700.886431738,13055,99492.74,96457.18,99494.56,102563.64,99500.45,99508.33,99505.53,99500.59
7700.907043363,13056,99500.66,96452.16,99498.54,102554.61,99506.32,99502.24,99503.41,99496.62
7700.927463588,13057,99508.58,96454.21,99490.58,102553.52,99508.42,99507.27,99502.35,99501.62
7700.949312525,13058,99492.74,96461.18,99496.48,102553.52,99501.29,99498.26,99499.42,99502.65
7700.972077186,13059,99492.74,96449.18,99492.5,102557.89,99505.48,99503.3,99511.38,99500.59
7700.992522509,13060,99508.58,96448.16,99500.45,102564.73,99499.4,99506.22,99505.53,99500.59
7701.014077541,13061,99492.74,96448.16,99485.57,102565.82,99515.33,99508.33,99502.35,99502.65
7701.033606488,13062,99489.84,96460.15,99493.53,102565.82,99508.42,99512.31,99515.37,99492.65
7701.054575123,13063,99488.78,96445.18,99491.47,102553.92,99498.36,99510.2,99509.51,99494.71
7701.074635644,13064,99497.76,96444.16,99498.54,102556.79,99508.42,99507.27,99509.51,99497.65
7701.095250664,13065,99496.7,96460.15,99492.5,102556.79,99500.45,99499.32,99508.45,99492.65
7701.116258097,13066,99494.87,96448.16,99499.42,102565.82,99507.37,99503.3,99500.48,99490.58
7701.140084905,13067,99508.58,96454.21,99502.37,102561.85,99506.32,99511.25,99507.39,99498.53
7701.160597861,13068,99486.66,96461.18,99501.48,102555.7,99498.36,99503.3,99511.38,99499.56
7701.18126504,13069,99496.7,96449.18,99494.56,102565.82,99499.4,99500.13,99501.54,99508.53
7701.201609741,13070,99493.8,96446.11,99485.57,102558.58,99508.42,99501.43,99503.41,99492.65
7701.2222907,13071,99494.87,96450.21,99492.5,102563.64,99516.38,99497.21,99511.38,99487.65
7701.242639367,13072,99500.66,96447.13,99498.39,102547.77,99512.4,99494.29,99495.43,99500.59
7701.263338234,13073,99504.62,96448.16,99506.49,102565.82,99502.55,99499.32,99515.37,99502.65
7701.283886533,13074,99492.74,96445.18,99488.52,102559.67,99495.42,99499.32,99497.55,99496.62
7701.3083411,13075,99493.8,96446.21,99492.5,102550.64,99508.42,99508.33,99507.39,99490.58
7701.329069822,13076,99498.83,96444.16,99501.48,102564.73,99512.4,99494.29,99505.28,99504.56
7701.34919402,13077,99492.74,96452.16,99491.47,102547.77,99507.37,99498.26,99501.29,99494.71
7701.369580124,13078,99499.6,96441.08,99480.57,102540.93,99504.43,99500.37,99507.39,99491.62
7701.390859168,13079,99494.87,96435.14,99496.48,102532.99,99499.4,99503.3,99511.38,99500.59
7701.411130939,13080,99510.71,96440.06,99497.51,102534.09,99508.42,99508.33,99508.45,99495.59
7701.431295968,13081,99488.78,96446.21,99488.52,102523.97,99500.45,99508.33,99511.38,99502.65
7701.453218465,13082,99492.74,96445.18,99501.48,102527.93,99500.45,99508.33,99522.53,99494.56
7701.476985653,13083,99506.75,96444.16,99489.55,102529.72,99506.32,99511.25,99508.45,99489.55
7701.496539238,13084,99496.7,96448.16,99491.47,102532.99,99513.44,99497.21,99507.39,99492.65
7701.517139215,13085,99500.66,96445.18,99501.48,102534.09,99508.42,99508.33,99507.39,99492.65
7701.537583326,13086,99504.62,96452.16,99502.51,102530.12,99508.42,99502.24,99511.38,99504.56
7701.558264366,13087,99507.81,96434.11,99498.54,102531.9,99508.42,99499.32,99517.49,99492.65
7701.578765664,13088,99510.71,96436.16,99502.51,102532.99,99509.46,99498.26,99507.39,99493.68
7701.599263466,13089,99498.83,96450.21,99499.42,102530.12,99508.42,99506.22,99509.51,99503.53
7701.619740398,13090,99498.83,96435.14,99487.49,102523.97,99502.34,99500.37,99507.39,99487.65
7701.644103517,13091,99493.8,96435.14,99501.48,102525.06,99512.4,99500.37,99511.38,99496.62
7701.664114263,13092,99498.83,96446.21,99500.45,102526.15,99517.43,99508.33,99495.43,99491.62
7701.686119896,13093,99502.79,96443.13,99500.45,102525.06,99508.42,99501.19,99506.33,99491.62
7701.70559384,13094,99494.87,96434.11,99482.48,102525.06,99511.35,99498.26,99507.39,99492.65
7701.726223402,13095,99498.83,96444.16,99493.53,102525.06,99497.31,99511.25,99515.37,99483.68
7701.746704519,13096,99498.83,96432.16,99500.45,102523.97,99510.3,99497.21,99502.35,99500.59
7701.768347314,13097,99496.7,96438.11,99492.5,102526.15,99508.42,99504.11,99504.47,99496.62
7701.788783143,13098,99506.75,96437.19,99500.45,102532.99,99507.37,99503.3,99512.44,99502.5
7701.811511749,13099,99504.62,96442.11,99493.53,102526.15,99508.42,99507.27,99499.42,99491.62
7701.833247294,13100,99510.71,96434.11,99494.56,102514.94,99507.37,99492.18,99507.39,99488.68
7701.853134233,13101,99508.58,96442.11,99510.47,102523.97,99508.42,99507.27,99507.39,99500.59
7701.874142457,13102,99505.69,96436.16,99501.48,102522.18,99516.38,99500.13,99507.39,99500.59
7701.894324483,13103,99504.62,96436.16,99504.43,102530.81,99498.36,99506.22,99503.41,99500.59
7701.915233016,13104,99504.62,96444.16,99496.48,102525.06,99508.42,99505.16,99513.5,99499.56
7701.9352887,13105,99506.75,96442.11,99500.45,102523.97,99503.39,99504.35,99502.35,99492.65
7701.959098632,13106,99494.87,96445.18,99492.5,102518.22,99507.37,99498.26,99507.39,99496.62
7701.979721294,13107,99507.52,96444.16,99495.45,102523.97,99508.42,99504.35,99511.38,99492.65
7702.000160278,13108,99495.64,96439.14,99500.45,102518.22,99500.45,99498.26,99511.38,99494.56
7702.020627674,13109,99500.66,96437.19,99500.45,102525.06,99500.45,99508.33,99521.48,99497.65
7702.042208976,13110,99498.83,96442.21,99484.54,102526.15,99512.4,99501.19,99501.29,99496.62
7702.061694768,13111,99500.66,96440.06,99491.47,102529.03,99516.38,99508.33,99499.42,99498.53
7702.082288255,13112,99496.7,96433.19,99491.47,102517.13,99508.42,99503.3,99515.37,99490.58
7702.10377927,13113,99494.87,96440.16,99492.5,102517.13,99510.51,99504.35,99509.51,99493.68
7702.128055007,13114,99496.7,96432.16,99492.5,102518.22,99509.46,99503.3,99517.49,99491.62
7702.147539056,13115,99494.87,96440.16,99478.5,102529.03,99498.36,99507.27,99510.32,99493.68
7702.168270753,13116,99496.7,96444.16,99496.48,102518.22,99498.36,99511.25,99508.45,99492.65
7702.18860638,13117,99494.87,96436.16,99488.52,102526.15,99500.45,99506.22,99498.36,99487.65
7702.210185078,13118,99493.8,96444.16,99496.48,102521.09,99507.37,99503.3,99511.38,99492.65
7702.230162503,13119,99492.74,96444.16,99484.54,102521.09,99507.37,99506.22,99505.53,99494.56
7702.250349816,13120,99500.66,96436.16,99500.45,102526.15,99507.37,99495.34,99513.5,99491.62
7702.270855751,13121,99500.66,96442.11,99490.58,102526.15,99504.43,99506.22,99514.31,99492.65
7702.295116745,13122,99502.5,96435.14,99491.47,102518.22,99504.43,99507.27,99509.51,99496.62
7702.315567467,13123,99498.83,96428.17,99500.45,102520.0,99512.4,99496.15,99505.53,99496.62
7702.336149877,13124,99496.7,96432.16,99492.5,102518.22,99500.45,99506.22,99503.41,99492.65
7702.357336602,13125,99490.62,96436.16,99492.5,102514.25,99507.37,99504.11,99508.45,99482.64
7702.377265615,13126,99496.7,96428.17,99497.51,102518.22,99500.45,99499.32,99501.29,99482.64
7702.397775455,13127,99499.6,96430.22,99483.51,102520.0,99505.27,99508.09,99503.41,99499.56
7702.41824145,13128,99496.7,96430.22,99499.42,102525.06,99514.28,99496.15,99505.53,99500.59
7702.438728497,13129,99496.7,96432.16,99495.45,102517.13,99511.35,99510.2,99508.45,99496.62
7702.463095391,13130,99496.7,96436.16,99493.53,102522.18,99499.4,99502.24,99507.39,99490.58
7702.483614506,13131,99508.58,96430.11,99488.52,102516.03,99509.46,99493.23,99513.5,99500.59
7702.504161973,13132,99492.74,96428.17,99482.48,102525.06,99508.42,99508.09,99509.26,99496.62
7702.524636671,13133,99510.71,96430.22,99499.42,102517.13,99508.42,99499.32,99500.48,99492.65
7702.545246684,13134,99494.87,96433.19,99491.47,102517.13,99506.32,99491.36,99503.41,99498.53
7702.565699538,13135,99498.83,96438.21,99488.52,102518.22,99502.34,99500.37,99517.49,99490.58
7702.587203913,13136,99495.64,96429.19,99499.42,102517.13,99498.36,99500.37,99507.39,99500.59
7702.606733552,13137,99502.79,96429.19,99490.44,102518.22,99506.32,99494.29,99507.39,99498.53
7702.6321148,13138,99497.76,96436.16,99500.45,102516.03,99508.42,99502.24,99516.43,99492.65
7702.651554263,13139,99496.7,96432.16,99483.51,102518.22,99508.42,99503.3,99499.42,99487.65
7702.672192407,13140,99494.87,96436.16,99491.47,102518.22,99507.37,99506.22,99502.6,99499.56
7702.692621286,13141,99493.8,96440.16,99488.52,102513.16,99506.32,99507.27,99507.39,99481.61
7702.713370729,13142,99501.73,96439.24,99486.46,102506.32,99514.28,99506.22,99509.51,99502.5
7702.734076396,13143,99494.87,96436.16,99490.44,102521.09,99501.5,99506.22,99515.37,99496.62
7702.754270559,13144,99496.7,96438.11,99497.51,102512.47,99508.42,99508.33,99510.57,99500.59
7702.775594391,13145,99494.87,96428.17,99485.57,102517.13,99499.4,99496.39,99503.66,99491.62
7702.79914403,13146,99489.84,96429.19,99484.54,102513.16,99504.43,99500.37,99513.5,99501.62
7702.819573119,13147,99492.74,96429.19,99496.48,102517.13,99509.46,99496.39,99509.51,99500.59
7702.840151804,13148,99504.62,96424.17,99499.42,102505.22,99500.45,99506.22,99503.41,99491.62
7702.861171245,13149,99494.87,96434.11,99494.56,102513.16,99506.32,99500.13,99507.39,99492.65
7702.881270004,13150,99488.78,96434.22,99487.49,102520.0,99512.4,99496.15,99517.49,99494.56
7702.901805785,13151,99503.56,96445.18,99488.52,102508.1,99516.38,99500.13,99509.51,99492.65
7702.922548598,13152,99497.76,96430.22,99500.45,102514.25,99508.42,99503.3,99503.41,99499.56
7702.943599106,13153,99493.8,96436.16,99496.48,102513.85,99512.4,99498.26,99509.51,99503.53
7702.967137147,13154,99500.66,96436.16,99499.42,102512.07,99508.42,99498.26,99507.39,99492.65
7702.987152861,13155,99499.6,96438.21,99498.54,102518.22,99512.4,99492.18,99513.5,99493.68
7703.008282479,13156,99492.74,96434.11,99492.5,102516.03,99500.45,99505.16,99502.35,99488.68
7703.028642203,13157,99505.69,96435.14,99488.52,102513.16,99517.43,99502.24,99499.42,99492.65
7703.049272486,13158,99495.93,96429.09,99501.48,102518.22,99508.42,99498.26,99511.38,99500.59
7703.069803769,13159,99490.9,96434.22,99500.45,102524.37,99500.45,99508.33,99510.32,99499.56
7703.090416927,13160,99508.58,96436.16,99502.51,102504.13,99508.42,99498.26,99512.44,99500.59
7703.111301434,13161,99502.79,96434.11,99487.49,102509.19,99500.45,99500.37,99505.53,99495.59
7703.134563868,13162,99502.79,96437.19,99500.45,102514.25,99508.42,99502.24,99509.51,99487.65
7703.155198247,13163,99499.6,96437.19,99488.52,102518.22,99496.47,99499.32,99507.39,99498.53
7703.176400155,13164,99510.71,96431.14,99495.45,102516.03,99511.35,99503.3,99513.5,99498.53
7703.196246993,13165,99493.8,96428.17,99490.44,102500.17,99500.45,99498.26,99510.57,99488.68
7703.21728302,13166,99498.83,96425.09,99496.48,102505.22,99500.45,99500.13,99507.39,99490.58
7703.23745553,13167,99507.81,96432.16,99492.5,102514.94,99511.35,99508.33,99507.39,99498.53
7703.259037352,13168,99499.6,96428.17,99482.48,102507.01,99515.33,99499.32,99503.41,99498.53
7703.282086815,13169,99504.62,96421.2,99492.5,102514.25,99505.27,99503.3,99509.51,99491.62
7703.302589525,13170,99494.87,96424.17,99488.52,102508.1,99507.37,99498.26,99518.55,99497.49
7703.323202612,13171,99510.71,96430.11,99492.5,102506.32,99500.45,99494.29,99503.41,99500.59
7703.343601034,13172,99493.8,96426.12,99492.5,102500.17,99500.45,99504.11,99511.38,99495.59
7703.364366141,13173,99492.74,96432.16,99498.54,102517.13,99508.42,99506.22,99500.48,99492.65
7703.384829642,13174,99492.74,96433.19,99501.48,102505.22,99510.51,99514.17,99508.45,99500.59
7703.407543727,13175,99506.75,96444.16,99499.42,102502.35,99503.39,99507.27,99507.39,99492.65
7703.426377062,13176,99500.66,96420.17,99491.47,102502.35,99508.42,99496.15,99508.45,99498.53
7703.45036952,13177,99497.76,96422.22,99493.53,102517.13,99516.38,99508.33,99513.5,99492.65
7703.471945744,13178,99492.74,96429.19,99500.45,102511.38,99510.3,99498.26,99509.51,99490.58
7703.493123244,13179,99488.78,96425.09,99498.54,102513.16,99512.4,99506.22,99503.41,99488.52
7703.511654783,13180,99504.62,96433.19,99486.6,102509.19,99500.45,99498.26,99509.51,99494.56
7703.533075822,13181,99492.74,96429.19,99494.56,102506.32,99506.32,99507.27,99507.39,99486.61
7703.552706193,13182,99504.62,96429.19,99502.51,102510.28,99496.47,99507.27,99511.38,99487.65
7703.574203688,13183,99501.73,96428.17,99500.45,102501.26,99499.4,99501.19,99507.39,99495.59
7703.593810272,13184,99502.79,96422.22,99500.45,102514.25,99508.42,99506.22,99513.5,99505.59
7703.618112599,13185,99492.74,96434.11,99499.42,102506.32,99515.33,99502.24,99508.45,99498.53
7703.638567517,13186,99492.74,96428.17,99500.45,102513.16,99515.33,99502.24,99501.54,99500.59
7703.659170719,13187,99498.83,96437.19,99495.45,102506.32,99500.45,99500.13,99509.51,99491.62
7703.681468654,13188,99495.93,96430.11,99499.42,102502.35,99508.42,99507.27,99505.53,99498.53
7703.700445827,13189,99492.74,96422.12,99494.56,102518.22,99516.38,99500.37,99505.53,99503.53
7703.720975879,13190,99492.74,96424.17,99497.51,102506.32,99515.33,99504.35,99505.53,99484.71
7703.741274209,13191,99501.73,96429.19,99492.5,102510.28,99507.37,99505.16,99505.53,99499.56
7703.764368609,13192,99490.62,96428.17,99500.45,102510.28,99517.43,99503.3,99505.53,99481.77
7703.788052371,13193,99500.66,96427.14,99498.54,102500.17,99506.32,99504.11,99509.51,99490.58
7703.806565902,13194,99494.58,96440.16,99491.47,102516.03,99508.42,99499.32,99503.41,99492.65
7703.827240883,13195,99496.7,96428.17,99487.49,102513.16,99508.42,99498.26,99507.39,99499.56
7703.847634638,13196,99504.62,96436.16,99509.44,102512.07,99508.42,99496.39,99503.41,99495.59
7703.869246946,13197,99500.66,96432.16,99496.48,102501.26,99500.45,99496.15,99515.37,99493.68
7703.890199547,13198,99500.66,96427.14,99496.48,102518.22,99496.47,99499.32,99509.51,99492.65
7703.909310452,13199,99492.74,96420.17,99500.45,102507.01,99500.45,99509.14,99508.45,99497.65
7703.931235534,13200,99500.66,96428.17,99490.58,102514.25,99508.42,99503.3,99508.45,99485.58
7703.954233588,13201,99502.79,96428.17,99498.54,102506.32,99508.42,99494.29,99507.39,99494.56
7703.974589846,13202,99500.66,96432.16,99495.45,102518.22,99507.37,99501.19,99512.44,99498.53
7703.995176303,13203,99503.56,96425.09,99500.45,102509.19,99508.42,99489.25,99509.51,99491.62
7704.015764512,13204,99495.64,96440.16,99492.5,102502.35,99511.35,99504.11,99511.38,99496.62
7704.036379702,13205,99504.62,96434.22,99489.55,102509.19,99512.4,99506.22,99508.45,99499.56
7704.057055525,13206,99500.66,96424.17,99502.51,102514.25,99497.52,99513.12,99507.39,99500.59
7704.077435659,13207,99499.6,96422.12,99494.42,102512.07,99506.32,99524.24,99515.37,99496.62
7704.098483644,13208,99496.7,96442.21,99499.42,102506.32,99507.37,99504.35,99508.45,99494.56
7704.123027576,13209,99496.7,96426.12,99491.47,102504.13,99504.43,99504.35,99501.54,99499.56
7704.14260688,13210,99503.56,96421.09,99492.5,102504.13,99516.38,99507.27,99511.38,99493.68
7704.164461164,13211,99494.87,96428.17,99492.5,102518.22,99510.3,99497.21,99511.38,99499.56
7704.185198069,13212,99491.68,96427.14,99492.5,102510.28,99506.32,99508.33,99504.47,99484.71
7704.204520914,13213,99504.62,96436.16,99496.48,102513.16,99503.39,99505.16,99499.42,99501.62
7704.22591331,13214,99494.87,96424.17,99499.42,102510.28,99520.36,99506.22,99513.5,99491.62
7704.245332641,13215,99506.46,96426.12,99500.45,102501.26,99504.43,99504.11,99503.41,99492.65
7704.265962393,13216,99498.83,96428.17,99483.51,102506.32,99511.35,99504.11,99511.38,99499.56
7704.290149947,13217,99507.52,96436.16,99498.39,102502.35,99508.42,99508.33,99507.39,99491.62
7704.311122948,13218,99500.66,96427.14,99498.39,102504.13,99502.34,99507.27,99511.38,99499.56
7704.331206564,13219,99494.87,96426.12,99499.42,102510.28,99516.38,99508.33,99503.41,99491.62
7704.351707672,13220,99495.64,96428.17,99497.51,102500.17,99506.32,99506.22,99499.42,99500.59
7704.372287629,13221,99492.74,96440.16,99498.54,102510.28,99512.4,99499.32,99502.35,99498.53
7704.392741255,13222,99495.64,96428.17,99496.48,102509.19,99508.42,99508.09,99501.29,99494.56
7704.413487894,13223,99495.64,96430.22,99488.52,102507.01,99497.31,99499.32,99500.48,99500.59
7704.437140528,13224,99503.56,96428.17,99495.45,102518.22,99516.38,99508.33,99519.36,99497.49
7704.457562756,13225,99504.62,96428.17,99500.45,102510.28,99509.46,99512.06,99498.36,99500.59
7704.47886809,13226,99492.74,96430.22,99492.5,102522.18,99508.42,99498.26,99501.54,99500.59
7704.499309187,13227,99492.74,96428.17,99483.51,102513.16,99510.3,99498.26,99519.36,99496.62
7704.520168737,13228,99506.75,96436.16,99496.48,102505.22,99514.28,99499.32,99504.47,99500.59
7704.540945181,13229,99496.7,96424.17,99500.45,102505.22,99513.24,99512.31,99517.49,99499.56
7704.560310952,13230,99493.8,96436.16,99496.48,102513.16,99508.42,99502.24,99507.39,99492.65
7704.582218857,13231,99497.76,96436.16,99496.48,102518.22,99508.42,99509.14,99513.5,99498.53
7704.60513024,13232,99498.54,96436.16,99498.54,102508.1,99510.3,99495.34,99511.38,99499.56
7704.625588243,13233,99500.66,96422.12,99488.52,102510.28,99508.42,99508.33,99511.38,99491.62
7704.648074092,13234,99500.66,96426.22,99491.47,102510.28,99508.42,99504.35,99515.37,99500.59
7704.668199672,13235,99495.64,96428.17,99502.51,102506.32,99508.42,99500.13,99499.42,99495.59
7704.688724506,13236,99495.64,96430.22,99498.54,102516.03,99517.43,99512.31,99511.38,99496.62
7704.708322758,13237,99496.7,96432.16,99493.53,102508.1,99515.33,99499.32,99503.41,99490.58
7704.728318331,13238,99500.66,96436.16,99491.47,102518.22,99506.32,99500.13,99501.54,99482.64
7704.750287038,13239,99490.62,96420.17,99498.39,102505.22,99506.32,99508.33,99507.39,99496.62
7704.77417633,13240,99505.69,96430.11,99500.45,102505.22,99513.24,99498.26,99503.41,99493.68
7704.793604014,13241,99490.62,96424.17,99500.45,102512.07,99514.28,99504.11,99510.32,99490.58
7704.814337804,13242,99496.7,96420.17,99494.42,102505.22,99510.3,99500.13,99513.5,99490.58
7704.834668724,13243,99510.71,96428.17,99488.52,102517.13,99514.28,99494.29,99513.25,99499.56
7704.85539317,13244,99508.58,96427.14,99502.51,102518.22,99504.43,99500.13,99507.39,99498.53
7704.875847897,13245,99488.78,96437.19,99500.45,102513.16,99499.4,99519.21,99509.26,99491.62
7704.896240641,13246,99492.74,96428.17,99493.53,102517.13,99504.43,99507.27,99514.31,99484.71
7704.916750952,13247,99495.64,96428.17,99497.51,102499.07,99509.46,99503.3,99503.41,99498.53
7704.941167593,13248,99500.66,96431.14,99492.5,102501.26,99500.45,99505.16,99507.39,99494.56
7704.962097929,13249,99495.64,96424.17,99494.42,102502.35,99506.32,99496.15,99509.51,99490.58
7704.982265392,13250,99496.7,96427.14,99494.42,102513.16,99508.42,99498.26,99507.39,99496.62
7705.002800551,13251,99491.68,96428.17,99492.5,102508.1,99510.3,99506.22,99515.37,99491.62
7705.023542533,13252,99496.7,96426.12,99496.48,102517.13,99498.36,99510.2,99505.53,99492.65
7705.04403654,13253,99507.52,96424.17,99506.49,102509.19,99516.38,99500.13,99499.42,99491.62
7705.064264805,13254,99492.74,96434.11,99494.56,102505.22,99504.43,99497.21,99507.39,99488.68
7705.085772946,13255,99504.62,96436.16,99484.54,102502.35,99509.46,99506.22,99498.36,99491.62
7705.109233089,13256,99500.66,96411.15,99492.5,102517.13,99506.32,99507.27,99503.41,99498.53
7705.129995482,13257,99491.68,96426.12,99492.5,102513.16,99505.27,99500.13,99507.39,99490.58
7705.150565334,13258,99495.64,96424.07,99496.48,102506.32,99500.45,99498.26,99507.39,99498.53
7705.170833579,13259,99502.5,96425.09,99492.5,102506.32,99498.36,99507.27,99506.33,99499.56
7705.193093998,13260,99492.74,96420.17,99487.49,102508.1,99508.42,99508.09,99502.35,99498.53
7705.211756114,13261,99489.56,96428.17,99492.5,102514.25,99508.42,99504.11,99509.51,99497.65
7705.233191074,13262,99502.5,96433.09,99484.54,102513.16,99514.49,99498.26,99506.33,99498.53
7705.252806722,13263,99500.66,96432.16,99500.45,102506.32,99506.32,99506.22,99508.45,99499.56
7705.277178294,13264,99495.64,96428.17,99495.45,102508.1,99514.28,99500.13,99512.44,99499.56
7705.297621254,13265,99492.74,96432.16,99488.52,102517.13,99514.28,99506.22,99507.39,99492.65
7705.318225738,13266,99494.58,96428.17,99491.47,102509.19,99517.43,99506.22,99507.39,99500.59
7705.338656609,13267,99495.64,96426.12,99487.49,102504.13,99508.42,99499.32,99510.32,99495.59
7705.35936449,13268,99490.62,96424.17,99495.45,102516.03,99517.43,99514.17,99499.42,99492.65
7705.380046722,13269,99494.58,96429.19,99492.5,102501.26,99510.3,99502.24,99516.18,99490.58
7705.402165385,13270,99491.68,96415.15,99490.44,102504.13,99514.28,99522.13,99503.41,99490.58
7705.421151682,13271,99498.54,96430.11,99498.39,102501.26,99512.4,99504.35,99503.41,99497.65
7705.446434492,13272,99494.58,96429.19,99496.48,102506.32,99500.45,99501.43,99507.39,99492.65
7705.466202831,13273,99494.58,96428.06,99494.42,102510.28,99506.32,99500.13,99503.41,99494.56
7705.487119548,13274,99500.66,96419.15,99497.51,102514.94,99506.32,99506.22,99503.41,99495.59
7705.506740254,13275,99493.8,96427.14,99500.45,102504.13,99514.28,99498.26,99507.39,99498.53
7705.52733973,13276,99498.54,96430.11,99495.45,102502.35,99508.42,99502.24,99511.38,99503.53
7705.549313585,13277,99496.7,96436.16,99487.49,102512.07,99502.34,99506.22,99506.33,99501.46
7705.568347123,13278,99495.64,96424.17,99491.47,102501.26,99514.28,99507.27,99507.39,99495.59
7705.589688422,13279,99500.66,96427.14,99504.43,102514.25,99502.34,99496.15,99509.26,99500.59
7705.613194845,13280,99500.66,96421.2,99495.45,102517.13,99508.42,99503.3,99505.53,99496.62
7705.633216788,13281,99499.6,96422.12,99496.48,102510.28,99510.3,99514.17,99499.42,99490.58
7705.65489099,13282,99500.66,96432.16,99500.45,102510.28,99508.42,99500.13,99507.39,99492.65
7705.674690436,13283,99502.5,96432.16,99500.45,102510.28,99506.32,99502.24,99505.53,99495.59
7705.695582325,13284,99497.76,96431.14,99500.45,102505.22,99504.23,99523.18,99509.51,99502.5
7705.717236096,13285,99506.46,96448.16,99500.45,102502.35,99508.42,99500.37,99507.39,99491.62
7705.737326352,13286,99488.78,96428.17,99497.51,102502.35,99507.37,99498.26,99503.41,99499.56
7705.760158886,13287,99499.6,96420.17,99492.5,102505.22,99504.43,99506.22,99502.35,99499.56
7705.781218548,13288,99490.62,96428.17,99496.48,102501.26,99514.28,99500.13,99513.25,99502.5
7705.801256536,13289,99499.6,96425.09,99494.56,102506.32,99504.23,99498.26,99511.38,99498.53
7705.822276989,13290,99490.62,96432.16,99499.42,102514.25,99510.3,99515.23,99511.38,99491.62
7705.842335798,13291,99501.73,96418.12,99496.48,102502.35,99514.28,99500.13,99509.26,99497.65
7705.864210984,13292,99500.66,96426.22,99500.45,102502.35,99506.32,99504.11,99501.29,99501.62
7705.883793321,13293,99501.44,96428.17,99499.42,102510.28,99504.43,99506.22,99507.39,99486.61
7705.905224396,13294,99491.68,96420.17,99488.52,102510.28,99515.33,99498.26,99499.42,99499.56
7705.928174578,13295,99506.46,96430.11,99496.48,102509.19,99506.32,99496.15,99507.39,99498.53
7705.94862613,13296,99498.54,96432.16,99494.42,102510.28,99516.38,99503.3,99515.37,99504.56
7705.970096534,13297,99501.73,96428.17,99493.53,102506.32,99511.35,99498.26,99506.33,99491.62
7705.989674816,13298,99492.74,96421.2,99504.43,102510.28,99500.45,99503.3,99507.39,99488.68
7706.010318499,13299,99494.58,96429.09,99495.45,102498.38,99512.4,99506.22,99509.51,99490.58
7706.031421067,13300,99495.64,96434.22,99500.45,102509.19,99498.36,99508.33,99506.33,99486.61
7706.051951549,13301,99492.74,96421.09,99489.55,102510.28,99506.32,99487.14,99499.42,99502.5
7706.073743008,13302,99495.64,96427.14,99499.42,102501.26,99516.38,99503.3,99511.38,99496.62
7706.096185462,13303,99491.68,96431.14,99492.5,102518.22,99515.33,99499.32,99501.54,99490.58
7706.116622843,13304,99491.68,96428.17,99491.47,102501.26,99506.32,99499.32,99509.51,99499.56
7706.1381152,13305,99496.7,96430.11,99500.45,102502.35,99510.3,99501.19,99515.37,99500.59
7706.157690858,13306,99494.58,96428.17,99496.48,102510.28,99505.48,99503.3,99508.45,99495.59
7706.178455805,13307,99496.7,96425.19,99497.51,102510.28,99507.37,99498.26,99513.5,99504.56
7706.200225681,13308,99491.68,96423.14,99484.54,102506.32,99498.36,99496.15,99504.47,99500.59
7706.219351819,13309,99502.5,96428.17,99496.48,102503.44,99509.46,99500.37,99508.45,99502.65
7706.242247839,13310,99491.68,96420.17,99494.56,102507.01,99500.45,99498.26,99503.41,99484.55
7706.264169245,13311,99494.58,96432.16,99495.45,102506.32,99504.43,99506.22,99512.44,99492.49
7706.28464187,13312,99499.6,96428.17,99496.48,102521.09,99502.34,99487.14,99513.5,99507.5
7706.305448469,13313,99495.64,96428.17,99492.5,102505.22,99522.25,99504.11,99504.47,99494.56
7706.325767612,13314,99502.5,96424.17,99491.47,102494.42,99506.32,99498.26,99499.42,99498.53
7706.346321509,13315,99494.58,96426.12,99492.5,102518.22,99506.32,99504.11,99512.44,99500.59
7706.367193919,13316,99501.73,96428.17,99498.39,102508.1,99511.35,99506.22,99503.41,99503.53
7706.387933146,13317,99491.68,96416.07,99488.52,102499.07,99514.28,99499.32,99507.39,99499.56
7706.410748204,13318,99491.68,96437.19,99492.5,102506.32,99508.42,99500.37,99507.39,99497.49
7706.432190786,13319,99501.73,96428.17,99485.57,102514.25,99508.42,99507.27,99508.45,99491.62
7706.453096585,13320,99507.52,96428.17,99500.45,102506.32,99515.33,99510.2,99515.37,99495.59
7706.473226932,13321,99500.66,96432.16,99487.49,102506.32,99512.4,99503.3,99508.45,99492.65
7706.494360326,13322,99501.73,96420.17,99490.44,102514.25,99506.32,99504.35,99499.42,99501.62
7706.516527373,13323,99491.68,96421.09,99492.5,102502.35,99506.32,99506.22,99513.5,99498.53
7706.53487877,13324,99491.68,96436.16,99488.52,102501.26,99512.4,99504.35,99503.41,99490.58
7706.556520022,13325,99488.78,96436.16,99488.52,102510.28,99510.3,99487.14,99506.33,99504.56
7706.57601669,13326,99495.64,96446.21,99484.54,102508.5,99503.39,99508.33,99509.51,99498.53
7706.600275862,13327,99494.58,96426.12,99496.48,102509.19,99508.42,99498.26,99511.38,99501.62
7706.620644019,13328,99497.76,96425.09,99500.45,102506.32,99500.45,99500.37,99507.39,99504.56
7706.641262504,13329,99486.66,96427.14,99495.45,102517.13,99514.28,99503.3,99504.47,99491.62
7706.661834128,13330,99498.54,96432.16,99491.47,102505.22,99490.39,99494.29,99505.28,99499.56
7706.683203739,13331,99491.68,96433.19,99496.48,102501.26,99510.3,99503.3,99507.39,99503.53
7706.702836033,13332,99498.83,96437.19,99491.47,102500.17,99502.34,99504.11,99504.47,99498.53
7706.723417332,13333,99499.6,96435.14,99499.42,102513.16,99515.33,99508.09,99507.39,99495.59
7706.744013243,13334,99498.54,96428.06,99490.44,102508.1,99516.38,99508.33,99515.37,99498.53
7706.768221307,13335,99500.66,96424.17,99496.48,102497.29,99512.4,99498.26,99507.39,99488.68
7706.788879573,13336,99499.6,96429.09,99496.48,102505.22,99510.3,99500.13,99497.3,99484.71
7706.809311726,13337,99495.64,96424.07,99494.56,102501.26,99512.4,99506.22,99505.28,99492.65
7706.830856973,13338,99508.58,96429.09,99499.42,102506.32,99502.34,99503.3,99505.28,99496.62
7706.850407883,13339,99507.52,96432.16,99488.52,102501.26,99508.42,99502.24,99507.39,99489.55
7706.872751117,13340,99496.7,96424.07,99500.45,102510.28,99506.32,99502.24,99510.32,99498.53
7706.891403509,13341,99496.7,96430.11,99496.48,102506.32,99508.42,99507.27,99509.51,99490.58
7706.912207985,13342,99502.79,96433.09,99500.45,102510.28,99506.32,99498.26,99498.36,99490.58
7706.936892991,13343,99503.56,96425.09,99492.5,102508.1,99515.33,99494.29,99512.44,99496.62
7706.957072723,13344,99504.62,96426.12,99500.45,102498.38,99508.42,99508.33,99510.32,99498.53
7706.977285284,13345,99495.64,96420.07,99492.5,102506.32,99508.42,99507.27,99503.41,99500.59
7706.999201562,13346,99498.83,96425.09,99483.51,102502.35,99507.37,99504.11,99511.38,99488.68
7707.018411346,13347,99510.71,96425.09,99504.43,102504.13,99514.28,99511.25,99508.45,99490.58
7707.038874627,13348,99503.56,96434.11,99488.52,102509.19,99506.32,99508.33,99509.51,99498.53
7707.059466732,13349,99500.66,96435.14,99502.51,102493.32,99513.44,99503.3,99501.54,99493.52
7707.083222703,13350,99500.66,96427.14,99500.45,102491.14,99506.32,99510.2,99517.24,99496.62
7707.104238779,13351,99508.58,96421.09,99495.45,102502.35,99508.42,99498.26,99502.35,99491.62
7707.12425279,13352,99494.58,96435.14,99493.53,102506.32,99500.45,99496.39,99503.41,99483.68
7707.14537669,13353,99506.46,96424.17,99488.52,102505.22,99502.34,99508.09,99509.51,99500.59
7707.165340996,13354,99499.6,96432.16,99492.5,102502.35,99514.28,99494.29,99517.49,99494.56
7707.186387228,13355,99504.62,96418.12,99496.48,102505.22,99508.21,99508.09,99501.29,99499.56
7707.206822496,13356,99490.62,96433.19,99504.43,102513.16,99508.42,99502.24,99507.39,99490.58
7707.228044624,13357,99490.62,96414.12,99498.39,102494.42,99516.38,99514.17,99507.39,99495.59
7707.251200267,13358,99500.66,96428.17,99487.49,102501.26,99508.42,99496.15,99495.43,99496.62
7707.271723688,13359,99507.52,96430.22,99491.47,102500.17,99505.27,99496.15,99502.35,99490.58
7707.292240189,13360,99490.62,96424.07,99500.45,102503.04,99508.42,99507.27,99498.36,99487.65
7707.312729879,13361,99502.5,96422.12,99500.45,102501.26,99490.39,99506.22,99503.41,99507.5
7707.337197466,13362,99492.74,96426.12,99501.48,102501.26,99514.28,99506.22,99508.45,99494.56
7707.354470131,13363,99502.79,96434.11,99492.5,102510.28,99506.32,99516.28,99509.51,99498.53
7707.37548118,13364,99504.62,96433.09,99487.49,102506.32,99508.42,99503.3,99499.42,99493.52
7707.395456943,13365,99492.74,96433.19,99499.42,102491.14,99508.42,99503.3,99499.42,99495.59
7707.419243249,13366,99503.56,96432.06,99499.42,102517.13,99508.42,99502.24,99509.51,99495.59
7707.442051126,13367,99503.56,96432.16,99496.48,102505.22,99503.39,99506.22,99513.5,99495.59
7707.460299396,13368,99497.48,96418.12,99498.39,102504.13,99506.32,99506.22,99509.51,99500.59
7707.480773583,13369,99498.54,96428.17,99494.56,102500.17,99506.32,99498.26,99501.54,99494.4
7707.501495485,13370,99502.5,96426.12,99490.44,102506.32,99511.35,99495.34,99509.51,99491.62
7707.523239593,13371,99502.5,96428.17,99496.48,102513.16,99507.37,99502.24,99511.38,99492.65
7707.542496979,13372,99504.62,96428.17,99492.5,102502.35,99506.32,99508.33,99505.53,99500.59
7707.563836465,13373,99506.46,96428.06,99488.52,102497.29,99512.4,99504.35,99512.44,99499.56
7707.587218971,13374,99507.52,96424.17,99498.39,102510.28,99498.36,99495.34,99499.42,99498.53
7707.607705496,13375,99506.46,96428.17,99491.47,102508.1,99511.35,99506.22,99515.37,99490.58
7707.628297812,13376,99506.46,96436.16,99492.5,102504.13,99517.43,99504.11,99523.34,99500.59
7707.652480578,13377,99504.62,96420.07,99498.54,102502.35,99499.4,99500.13,99497.3,99494.56
7707.669475252,13378,99500.66,96420.17,99502.51,102492.23,99514.28,99496.15,99510.57,99492.65
7707.689795326,13379,99500.66,96417.1,99489.55,102502.35,99506.32,99498.26,99515.37,99500.59
7707.710390155,13380,99490.62,96435.14,99492.5,102514.25,99511.35,99504.11,99508.45,99495.59
7707.732267094,13381,99490.62,96436.06,99502.51,102497.29,99507.37,99496.15,99503.41,99494.56
7707.755240361,13382,99507.52,96418.12,99496.48,102505.22,99503.39,99502.0,99513.5,99496.62
7707.775680226,13383,99496.7,96422.12,99496.48,102507.01,99507.37,99506.22,99515.37,99490.58
7707.796302867,13384,99494.58,96421.09,99501.48,102505.22,99502.34,99507.27,99505.53,99493.52
7707.817142227,13385,99496.7,96427.14,99484.54,102503.04,99511.35,99503.3,99509.51,99490.58
7707.837948576,13386,99494.58,96426.12,99500.45,102503.04,99506.32,99502.24,99509.51,99498.53
7707.858185975,13387,99494.58,96427.14,99500.45,102516.03,99514.28,99508.33,99508.45,99491.62
7707.878396222,13388,99496.7,96432.16,99492.5,102502.35,99502.34,99502.24,99501.54,99484.71
7707.898869378,13389,99495.64,96428.17,99490.58,102514.94,99504.43,99501.19,99497.55,99490.58
7707.925080752,13390,99502.5,96421.09,99498.39,102505.92,99514.28,99506.22,99513.5,99500.59
7707.945092099,13391,99502.5,96416.07,99492.5,102514.94,99500.45,99500.13,99497.3,99495.43
7707.964295824,13392,99495.64,96421.09,99489.55,102507.01,99515.33,99506.22,99513.5,99505.43
7707.984871675,13393,99508.58,96428.17,99491.47,102501.26,99516.38,99506.22,99515.37,99494.56
7708.00540405,13394,99507.52,96426.12,99488.52,102500.17,99506.32,99505.16,99515.37,99490.58
7708.02582714,13395,99494.58,96426.12,99487.49,102513.16,99493.33,99512.06,99507.39,99495.59
7708.046410271,13396,99494.58,96431.14,99502.51,102506.32,99500.45,99498.26,99517.49,99504.56
7708.066919441,13397,99495.64,96428.06,99500.45,102500.17,99515.33,99500.37,99509.51,99499.56
7708.091262971,13398,99496.7,96420.07,99496.48,102508.1,99516.38,99506.22,99505.53,99497.49
7708.111708224,13399,99490.62,96419.15,99491.47,102508.1,99515.33,99498.26,99499.42,99497.49
7708.132356634,13400,99508.58,96428.17,99493.53,102506.32,99508.42,99501.19,99509.51,99494.56
7708.152754185,13401,99513.61,96422.12,99492.5,102504.13,99511.35,99506.22,99505.53,99503.53
7708.1734189,13402,99499.6,96435.14,99484.54,102509.19,99510.3,99501.19,99505.53,99504.56
7708.193839827,13403,99498.54,96422.12,99487.49,102500.17,99509.26,99504.35,99505.53,99490.58
7708.214593566,13404,99490.62,96419.15,99492.5,102506.32,99514.28,99508.33,99509.51,99500.59
7708.234977287,13405,99499.6,96424.07,99496.48,102504.13,99510.3,99512.31,99509.51,99491.62
7708.259247665,13406,99504.62,96424.07,99492.5,102509.19,99514.28,99496.15,99504.47,99490.58
7708.279847082,13407,99494.58,96428.06,99483.51,102509.19,99505.27,99494.29,99510.57,99498.53
7708.301021317,13408,99502.5,96419.15,99492.5,102513.16,99504.23,99504.11,99505.53,99485.58
7708.321505019,13409,99496.7,96427.04,99487.49,102502.35,99514.28,99500.13,99504.47,99498.53
7708.341571759,13410,99500.66,96428.06,99488.52,102505.92,99505.27,99502.24,99507.39,99499.56
7708.361997353,13411,99501.44,96429.19,99492.5,102508.1,99498.36,99510.2,99501.54,99494.56
7708.382461124,13412,99497.48,96426.12,99494.42,102509.19,99491.44,99496.15,99505.53,99494.56
7708.406237325,13413,99499.6,96426.12,99494.56,102502.35,99500.45,99500.13,99516.43,99491.62
7708.427309597,13414,99503.56,96420.17,99496.48,102510.28,99491.44,99498.26,99505.53,99490.58
7708.447309226,13415,99502.5,96424.07,99500.45,102517.13,99506.32,99500.13,99517.49,99498.53
7708.468432685,13416,99496.7,96428.17,99492.5,102513.16,99495.42,99518.15,99513.5,99498.53
7708.488433286,13417,99506.46,96426.12,99486.6,102497.98,99506.32,99499.32,99508.45,99500.59
7708.509410103,13418,99506.46,96428.17,99496.48,102517.13,99506.32,99495.1,99499.42,99499.56
7708.529966003,13419,99494.58,96421.09,99498.54,102503.04,99514.28,99507.27,99508.45,99500.59
7708.550448443,13420,99490.62,96433.09,99488.52,102512.07,99498.36,99498.26,99509.51,99503.53
7708.574230543,13421,99491.68,96424.07,99500.45,102509.19,99506.32,99491.12,99507.39,99498.53
7708.594681855,13422,99493.52,96432.06,99492.5,102508.1,99504.23,99507.27,99513.5,99498.53
7708.616063635,13423,99490.62,96426.12,99500.45,102510.28,99507.37,99506.22,99508.45,99496.62
7708.635792554,13424,99501.44,96428.17,99487.49,102497.98,99503.39,99496.15,99491.45,99496.62
7708.657137458,13425,99502.5,96427.14,99490.58,102509.88,99512.19,99496.39,99508.45,99495.59
7708.678157991,13426,99499.6,96424.17,99492.5,102500.17,99498.36,99500.37,99498.36,99498.53
7708.697400576,13427,99502.5,96426.12,99495.45,102505.22,99514.28,99503.3,99511.38,99495.59
7708.720199128,13428,99503.56,96424.07,99504.43,102500.17,99497.31,99503.3,99507.39,99489.55
7708.742249099,13429,99499.6,96429.09,99502.51,102503.04,99507.37,99498.26,99505.53,99491.62
7708.762684597,13430,99494.58,96428.17,99494.42,102501.26,99492.28,99498.26,99501.54,99499.56
7708.783402112,13431,99502.5,96434.11,99504.43,102501.26,99506.32,99506.22,99512.44,99490.58
7708.803794575,13432,99492.74,96426.12,99491.47,102512.07,99501.29,99507.27,99515.37,99490.58
7708.824682919,13433,99502.5,96420.07,99492.5,102517.13,99500.45,99508.33,99499.42,99498.53
7708.84482265,13434,99494.58,96424.07,99500.45,102505.22,99508.21,99502.24,99509.51,99499.56
7708.866227324,13435,99502.5,96416.07,99490.44,102503.04,99510.3,99503.3,99511.38,99482.64
7708.886738797,13436,99494.58,96429.09,99491.47,102504.13,99506.32,99506.22,99498.36,99498.53
7708.910268756,13437,99507.52,96433.09,99490.44,102504.13,99506.32,99502.24,99509.51,99498.53
7708.930693308,13438,99499.6,96424.07,99494.42,102504.13,99506.32,99496.15,99499.42,99495.59
7708.951326686,13439,99490.62,96429.09,99499.42,102508.1,99498.36,99496.15,99509.51,99498.53
7708.971815965,13440,99508.58,96430.11,99490.44,102502.35,99505.27,99508.09,99505.28,99490.58
7708.992901848,13441,99502.5,96428.06,99489.41,102503.04,99506.32,99508.33,99513.5,99490.58
7709.012912313,13442,99502.5,96431.14,99500.45,102504.13,99508.42,99496.15,99505.53,99495.59
7709.033461293,13443,99489.56,96420.07,99492.5,102516.03,99506.32,99499.32,99503.41,99490.58
7709.05405449,13444,99498.54,96425.09,99496.48,102504.13,99516.38,99499.32,99512.44,99494.56
7709.078244828,13445,99494.58,96424.07,99484.54,102509.88,99506.32,99500.13,99507.39,99490.58
7709.098710262,13446,99490.62,96426.12,99499.42,102503.04,99500.45,99500.13,99518.55,99498.53
7709.119609331,13447,99498.54,96429.09,99494.42,102501.26,99516.38,99505.16,99507.39,99487.65
7709.139789143,13448,99503.56,96408.07,99498.54,102507.01,99510.3,99505.16,99515.37,99497.49
7709.160499036,13449,99498.54,96420.07,99495.45,102508.1,99508.42,99496.15,99500.48,99498.53
7709.180925842,13450,99502.5,96427.04,99502.37,102502.35,99508.42,99488.2,99515.37,99501.46
7709.201573451,13451,99502.5,96428.17,99500.45,102499.07,99502.34,99504.11,99509.51,99489.55
7709.224200574,13452,99503.56,96424.07,99496.48,102507.01,99503.39,99501.19,99500.48,99502.5
7709.248289348,13453,99494.58,96429.09,99494.56,102500.17,99514.28,99502.24,99501.54,99494.56
7709.266763951,13454,99508.58,96426.12,99500.45,102509.19,99506.32,99504.11,99512.44,99491.62
7709.287421845,13455,99493.52,96420.17,99500.45,102503.04,99508.42,99498.26,99513.5,99482.64
7709.307817634,13456,99494.58,96428.06,99496.48,102503.04,99511.35,99506.22,99509.51,99492.49
7709.328453145,13457,99492.46,96428.17,99496.48,102513.16,99506.32,99506.22,99501.54,99486.61
7709.348858748,13458,99503.56,96427.14,99484.54,102501.26,99496.26,99506.22,99509.51,99497.49
7709.370545549,13459,99506.46,96425.09,99494.56,102504.13,99508.42,99499.08,99494.37,99485.58
7709.390219295,13460,99502.5,96432.06,99504.43,102517.13,99514.28,99498.26,99509.51,99490.58
7709.414286657,13461,99490.62,96424.07,99492.5,102505.22,99506.32,99500.37,99499.42,99499.56
7709.434710978,13462,99494.58,96424.07,99499.42,102516.03,99505.27,99496.15,99523.34,99490.58
7709.455331457,13463,99506.46,96423.04,99494.42,102506.32,99502.34,99500.13,99509.51,99494.56
7709.476555458,13464,99494.58,96424.07,99491.47,102495.11,99498.36,99506.22,99515.37,99489.55
7709.497168444,13465,99490.62,96426.12,99488.52,102503.04,99512.19,99504.11,99516.43,99497.49
7709.516910264,13466,99490.62,96432.06,99484.54,102500.17,99507.37,99506.22,99503.41,99489.55
7709.538356731,13467,99506.46,96424.07,99495.45,102499.07,99506.32,99502.24,99505.53,99494.56
7709.561256266,13468,99494.58,96428.06,99495.45,102506.32,99504.23,99504.11,99506.59,99490.58
7709.582312193,13469,99494.58,96420.07,99478.65,102504.13,99505.27,99500.13,99517.49,99494.56
7709.602939572,13470,99498.54,96431.14,99504.43,102500.17,99497.31,99507.27,99501.54,99490.58
7709.623428061,13471,99494.58,96424.07,99500.45,102508.1,99506.32,99504.35,99509.51,99498.53
7709.644053696,13472,99507.52,96429.09,99487.49,102501.26,99498.36,99501.19,99503.41,99490.58
7709.664506641,13473,99495.64,96427.14,99491.47,102509.19,99513.44,99506.22,99507.65,99500.43
7709.684950623,13474,99490.62,96440.16,99500.45,102506.32,99497.31,99502.24,99509.51,99502.5
7709.706388167,13475,99494.58,96435.14,99492.5,102501.26,99506.32,99504.11,99504.47,99494.56
7709.729250415,13476,99499.6,96415.05,99492.5,102500.17,99501.29,99490.31,99501.54,99486.61
7709.750352782,13477,99506.46,96434.11,99492.5,102497.29,99504.23,99499.32,99507.39,99490.58
7709.770320553,13478,99515.44,96440.06,99483.51,102506.32,99508.42,99491.36,99505.53,99494.56
7709.791395569,13479,99494.58,96435.14,99496.48,102500.17,99509.26,99498.26,99507.39,99498.53
7709.81140294,13480,99494.58,96424.07,99499.42,102507.01,99509.26,99499.32,99502.6,99500.59
7709.832895818,13481,99495.64,96424.07,99488.52,102492.23,99508.42,99504.11,99505.53,99493.52
7709.853165576,13482,99491.68,96432.06,99490.44,102503.04,99513.24,99505.16,99508.45,99490.58
7709.873457377,13483,99507.52,96428.06,99483.51,102499.07,99508.42,99502.24,99509.51,99490.58
7709.898052496,13484,99497.48,96424.07,99491.47,102505.22,99506.32,99512.31,99503.66,99490.58
7709.91770479,13485,99490.62,96425.09,99484.54,102504.13,99514.28,99504.11,99507.39,99498.53
7709.938333301,13486,99490.62,96432.06,99494.56,102499.07,99511.35,99506.22,99507.39,99498.53
7709.958767727,13487,99490.62,96428.06,99501.48,102503.04,99495.42,99506.22,99510.57,99493.52
7709.979425983,13488,99490.62,96432.06,99488.52,102508.1,99498.36,99499.08,99505.53,99492.65
7710.002256424,13489,99493.52,96431.04,99491.47,102520.0,99506.32,99506.22,99507.39,99490.58
7710.02042921,13490,99494.58,96432.06,99492.5,102495.11,99503.39,99502.24,99509.51,99498.53
7710.042236463,13491,99498.54,96427.04,99500.45,102505.92,99497.31,99500.37,99505.53,99490.58
7710.065267577,13492,99502.5,96427.04,99495.45,102503.04,99501.29,99502.24,99499.42,99490.58
7710.087116694,13493,99498.54,96416.07,99484.54,102509.19,99510.3,99495.34,99503.41,99484.55
7710.106343584,13494,99494.58,96425.09,99492.5,102492.23,99507.37,99507.27,99509.51,99496.46
7710.12680416,13495,99499.6,96441.08,99500.45,102497.98,99498.36,99496.15,99491.45,99486.61
7710.147550919,13496,99487.72,96423.04,99501.48,102506.32,99510.3,99495.34,99505.53,99490.58
7710.167870462,13497,99490.62,96430.01,99496.48,102507.01,99511.35,99500.37,99499.42,99494.56
7710.188965889,13498,99505.4,96432.06,99472.61,102512.07,99508.42,99496.15,99501.54,99498.53
7710.210366097,13499,99505.4,96428.06,99484.54,102509.19,99498.36,99492.18,99509.51,99487.65
7710.234139854,13500,99497.48,96425.09,99491.47,102514.94,99505.27,99506.22,99501.29,99499.56
7710.253729513,13501,99494.58,96416.07,99490.44,102509.19,99489.35,99504.11,99509.51,99489.55
7710.274331183,13502,99492.46,96416.07,99495.45,102494.02,99506.32,99503.3,99525.46,99490.43
7710.295490386,13503,99494.58,96424.07,99496.48,102503.04,99498.36,99494.29,99499.42,99490.58
7710.317294264,13504,99498.54,96424.07,99500.45,102500.17,99509.26,99506.22,99500.48,99486.61
7710.335993476,13505,99505.4,96432.06,99485.57,102509.19,99501.29,99498.26,99514.56,99490.58
7710.358839441,13506,99506.46,96435.03,99492.5,102503.04,99497.31,99496.15,99508.45,99482.64
7710.376884484,13507,99490.62,96422.02,99499.42,102503.04,99498.36,99496.15,99505.53,99489.55
7710.401333262,13508,99502.5,96434.11,99499.42,102510.28,99506.32,99507.27,99510.32,99489.55
7710.422111719,13509,99494.58,96432.06,99500.45,102513.85,99504.23,99496.15,99509.51,99489.55
7710.442431683,13510,99490.62,96428.06,99497.36,102503.04,99506.32,99492.18,99507.39,99497.49
7710.463687051,13511,99500.38,96431.04,99491.47,102503.04,99498.36,99494.05,99502.6,99494.56
7710.483380988,13512,99502.5,96424.99,99483.51,102501.95,99494.37,99504.11,99509.51,99492.65
7710.504131493,13513,99493.52,96423.04,99492.5,102504.13,99498.36,99498.26,99503.41,99490.58
7710.524938503,13514,99488.5,96424.07,99495.45,102508.1,99497.31,99499.32,99505.53,99494.56
7710.545583349,13515,99497.48,96431.04,99496.48,102500.17,99507.37,99506.22,99505.53,99482.64
7710.56928716,13516,99506.46,96416.07,99490.44,102508.1,99504.43,99496.15,99509.51,99489.55
7710.589745313,13517,99504.34,96438.01,99499.42,102497.98,99506.32,99496.15,99501.54,99489.55
7710.610412392,13518,99500.38,96430.01,99502.37,102517.82,99499.4,99500.13,99507.39,99493.52
7710.631158961,13519,99493.52,96424.07,99500.45,102508.1,99501.29,99496.15,99500.48,99494.56
7710.651616362,13520,99493.52,96427.04,99501.48,102516.03,99504.23,99503.05,99507.39,99498.53
7710.671917587,13521,99498.54,96434.01,99494.42,102507.01,99502.34,99506.22,99499.42,99483.52
7710.692490193,13522,99497.48,96431.04,99488.52,102514.94,99514.28,99502.24,99497.55,99481.61
7710.712982538,13523,99495.64,96427.04,99488.52,102514.94,99506.32,99500.13,99503.41,99487.49
7710.737338526,13524,99499.6,96430.01,99495.45,102513.16,99504.23,99495.34,99504.47,99489.55
7710.757762737,13525,99494.58,96420.07,99482.48,102516.03,99505.27,99500.13,99511.38,99490.58
7710.778337997,13526,99494.58,96430.01,99491.47,102510.97,99498.36,99496.15,99505.53,99490.58
7710.798781127,13527,99502.5,96423.04,99483.51,102507.01,99493.33,99499.32,99515.37,99490.58
7710.822463796,13528,99501.44,96431.04,99476.59,102500.17,99498.36,99496.39,99517.49,99486.61
7710.839999088,13529,99494.58,96430.01,99487.49,102509.88,99494.37,99498.26,99501.54,99486.61
7710.862223352,13530,99497.48,96440.06,99495.45,102508.1,99497.31,99506.22,99512.44,99486.46
7710.885040954,13531,99507.52,96424.07,99491.47,102513.85,99506.32,99502.24,99507.39,99496.46
7710.905297451,13532,99497.48,96432.06,99479.53,102497.98,99504.23,99492.18,99510.57,99489.55
7710.926445848,13533,99498.54,96422.02,99490.44,102503.04,99504.23,99506.22,99503.41,99500.59
7710.946440109,13534,99501.44,96431.04,99492.5,102499.07,99498.36,99505.16,99498.36,99492.65
7710.966818662,13535,99488.5,96435.03,99492.5,102507.01,99498.36,99486.09,99505.53,99495.59
7710.987481794,13536,99493.52,96418.02,99486.46,102492.23,99505.27,99500.13,99509.51,99490.58
7711.008614046,13537,99500.38,96430.01,99494.42,102513.16,99495.22,99487.14,99513.5,99490.58
7711.02859675,13538,99498.54,96431.04,99493.38,102500.17,99500.24,99512.06,99505.53,99482.64
7711.052292229,13539,99488.5,96430.01,99492.5,102499.07,99516.38,99496.15,99507.39,99488.52
7711.073331911,13540,99492.46,96428.06,99488.52,102505.92,99504.23,99496.15,99513.5,99489.55
7711.093365592,13541,99496.42,96430.01,99492.5,102504.13,99496.26,99503.3,99509.51,99486.61
7711.114510193,13542,99494.58,96424.07,99491.47,102503.04,99498.36,99504.11,99510.57,99490.58
7711.135152654,13543,99504.34,96422.02,99496.48,102507.01,99497.31,99506.22,99495.43,99490.58
7711.15546748,13544,99498.54,96430.01,99486.46,102501.26,99514.28,99490.31,99510.32,99506.47
7711.177207662,13545,99506.46,96430.01,99486.46,102514.94,99506.32,99496.15,99507.39,99488.52
7711.196497858,13546,99497.48,96432.06,99486.46,102514.94,99506.32,99498.26,99498.36,99483.52
7711.220292077,13547,99493.52,96427.04,99500.45,102501.95,99508.42,99498.26,99503.41,99496.46
7711.240765382,13548,99497.48,96422.02,99495.45,102510.97,99502.34,99490.31,99497.55,99498.53
7711.262424551,13549,99494.58,96431.04,99492.5,102512.07,99500.24,99492.18,99496.49,99498.53
7711.281849632,13550,99500.38,96426.01,99490.58,102504.13,99503.39,99502.24,99500.48,99498.53
7711.302476129,13551,99506.46,96430.01,99498.39,102505.92,99497.31,99489.25,99511.38,99504.4
7711.323557845,13552,99498.54,96427.04,99492.5,102513.85,99498.36,99499.08,99503.41,99493.52
7711.343586398,13553,99498.54,96430.01,99495.45,102523.97,99488.3,99503.05,99507.39,99494.56
7711.365173237,13554,99496.42,96428.06,99499.42,102504.82,99505.27,99506.22,99508.45,99485.58
7711.388350573,13555,99494.58,96426.01,99491.47,102513.85,99506.32,99496.15,99499.42,99494.56
7711.408845571,13556,99489.56,96436.98,99500.45,102497.98,99498.36,99501.43,99499.42,99489.55
7711.429376464,13557,99489.56,96426.01,99492.5,102513.85,99490.39,99500.13,99507.39,99484.55
7711.449937372,13558,99501.44,96431.04,99499.42,102503.73,99510.3,99495.1,99508.45,99498.53
7711.4704914,13559,99491.68,96430.01,99499.42,102516.03,99502.34,99508.09,99493.56,99492.49
7711.490913578,13560,99492.46,96420.99,99498.39,102505.92,99506.32,99506.22,99516.43,99489.55
7711.511481567,13561,99505.4,96430.01,99498.39,102513.85,99508.42,99495.1,99505.53,99491.46
7711.531937857,13562,99494.58,96427.96,99495.45,102512.07,99497.31,99500.13,99506.33,99498.53
7711.556333225,13563,99497.48,96426.01,99492.5,102514.94,99496.26,99495.1,99507.39,99490.58
7711.576782083,13564,99495.36,96422.02,99496.48,102516.03,99500.24,99504.11,99503.41,99498.53
7711.597378825,13565,99504.34,96427.04,99495.45,102511.67,99506.32,99491.12,99504.47,99499.56
7711.618192556,13566,99492.46,96426.01,99487.49,102505.92,99505.27,99500.37,99511.38,99502.5
7711.638972065,13567,99488.5,96422.02,99492.5,102516.03,99506.32,99504.11,99491.45,99500.43
7711.660155975,13568,99492.46,96426.01,99495.45,102510.97,99506.32,99504.11,99505.28,99483.52
7711.679483678,13569,99510.42,96430.01,99490.44,102503.04,99504.23,99495.1,99515.37,99502.5
7711.699976043,13570,99501.44,96428.99,99490.44,102517.13,99506.32,99504.11,99503.41,99482.64
7711.725047693,13571,99502.5,96439.03,99499.42,102549.55,99507.37,99504.11,99507.39,99494.56
7711.746190191,13572,99500.38,96430.01,99487.49,102514.94,99489.35,99503.05,99507.39,99501.46
7711.76542955,13573,99492.46,96430.01,99499.42,102509.88,99503.18,99507.27,99499.42,99490.58
7711.787123812,13574,99496.42,96427.96,99490.44,102509.88,99505.27,99512.06,99502.35,99491.62
7711.806460078,13575,99501.44,96415.97,99500.45,102509.88,99514.28,99504.11,99504.47,99481.61
7711.826938812,13576,99504.34,96428.99,99490.44,102510.97,99505.27,99500.13,99515.37,99489.55
7711.847454812,13577,99505.4,96430.01,99490.44,102513.85,99509.26,99502.24,99508.45,99490.58
7711.867934197,13578,99488.5,96422.02,99499.42,102514.94,99508.21,99502.24,99509.51,99492.65
7711.892339981,13579,99493.52,96427.96,99494.56,102523.97,99506.32,99504.11,99509.51,99489.55
7711.912813226,13580,99488.5,96422.02,99495.45,102501.95,99496.26,99500.13,99503.41,99488.52
7711.933512804,13581,99497.48,96430.01,99491.47,102513.85,99506.32,99500.13,99507.39,99490.58
7711.953850945,13582,99505.4,96443.95,99498.39,102514.94,99497.31,99498.26,99502.35,99491.46
7711.974966813,13583,99508.3,96418.02,99491.47,102513.85,99506.32,99502.24,99509.51,99498.53
7711.995313276,13584,99493.52,96431.04,99492.5,102501.95,99500.24,99501.19,99507.39,99497.49
7712.015755405,13585,99504.34,96440.06,99494.42,102516.03,99501.29,99505.16,99509.51,99493.52
7712.036096631,13586,99504.34,96438.01,99508.41,102518.91,99498.36,99505.16,99505.28,99494.56
7712.060329683,13587,99496.42,96427.96,99490.44,102513.85,99506.32,99498.26,99503.41,99493.52
7712.080870801,13588,99491.4,96442.01,99490.44,102513.85,99507.16,99500.13,99507.39,99494.56
7712.101496958,13589,99506.46,96436.98,99490.44,102501.95,99500.24,99506.22,99499.42,99494.56
7712.121865605,13590,99493.52,96423.96,99491.47,102517.82,99505.27,99502.24,99516.43,99490.27
7712.142541898,13591,99501.44,96423.96,99499.42,102501.95,99496.26,99494.05,99513.5,99491.46
7712.162927641,13592,99500.38,96432.98,99494.42,102505.92,99505.27,99512.31,99506.59,99498.53
7712.183585466,13593,99498.26,96436.98,99490.44,102513.85,99496.26,99504.11,99507.39,99492.65
7712.207302808,13594,99500.38,96423.96,99498.39,102516.03,99502.34,99503.05,99499.42,99489.55
7712.228367528,13595,99493.52,96423.96,99500.45,102499.07,99497.31,99496.15,99507.39,99490.43
7712.248833072,13596,99498.54,96426.01,99498.39,102514.94,99498.36,99498.26,99516.43,99497.49
7712.269456474,13597,99505.4,96427.04,99489.41,102516.03,99504.23,99506.22,99504.47,99486.61
7712.289864932,13598,99496.42,96422.02,99500.45,102512.07,99514.28,99506.22,99507.39,99488.52
7712.3105048,13599,99493.52,96418.02,99488.52,102507.01,99502.34,99504.11,99507.39,99489.55
7712.331469488,13600,99506.46,96428.99,99499.42,102513.85,99505.27,99510.2,99507.39,99480.58
7712.351520185,13601,99500.38,96434.01,99494.42,102513.85,99506.32,99492.18,99509.51,99503.53
7712.377073173,13602,99505.4,96422.02,99490.44,102505.92,99500.24,99504.11,99507.39,99491.62
7712.396336409,13603,99497.48,96430.01,99503.4,102513.85,99505.27,99494.05,99508.45,99489.55
7712.41639069,13604,99505.4,96422.02,99499.42,102510.97,99495.22,99504.11,99499.42,99481.61
7712.437590325,13605,99494.3,96434.01,99490.44,102510.97,99501.29,99504.11,99516.43,99490.58
7712.458037491,13606,99492.46,96428.99,99495.45,102513.85,99504.23,99496.15,99507.39,99488.52
7712.478614744,13607,99504.34,96432.98,99496.48,102513.85,99501.29,99508.09,99508.45,99490.58
7712.499752374,13608,99486.38,96430.01,99485.57,102511.67,99495.22,99499.08,99503.41,99492.49
7712.520211037,13609,99492.46,96428.99,99499.42,102512.07,99506.32,99495.1,99495.43,99493.52
7712.54339938,13610,99504.34,96430.01,99500.45,102509.88,99505.27,99496.15,99507.39,99502.5
7712.564739296,13611,99491.4,96434.01,99499.42,102513.85,99506.32,99495.1,99516.43,99487.49
7712.586053123,13612,99500.38,96424.99,99492.5,102513.85,99512.19,99504.11,99509.51,99494.4
7712.605126822,13613,99503.28,96430.01,99500.45,102513.85,99497.31,99495.1,99503.41,99494.56
7712.625569661,13614,99494.3,96430.01,99500.45,102524.66,99504.23,99504.11,99509.51,99489.55
7712.646660871,13615,99494.58,96427.96,99490.44,102517.13,99504.23,99503.05,99511.38,99497.49
7712.666515952,13616,99496.42,96431.96,99498.39,102510.97,99497.31,99496.15,99512.44,99489.55
7712.687641454,13617,99492.46,96423.96,99495.45,102513.85,99505.27,99504.11,99517.49,99493.52
7712.712090283,13618,99490.34,96436.98,99502.51,102509.88,99504.23,99500.13,99512.44,99494.56
7712.733051546,13619,99498.26,96435.96,99493.38,102511.67,99506.32,99518.15,99515.37,99496.46
7712.75243935,13620,99495.36,96439.03,99490.44,102503.73,99513.24,99504.11,99513.5,99494.4
7712.772863111,13621,99493.52,96432.98,99499.42,102518.91,99496.26,99509.14,99509.51,99497.49
7712.793857574,13622,99504.34,96430.01,99490.44,102517.82,99508.21,99496.15,99517.49,99488.52
7712.814232341,13623,99498.54,96426.01,99499.42,102517.82,99515.13,99504.11,99513.5,99497.49
7712.834518313,13624,99503.28,96419.97,99491.47,102514.94,99512.19,99504.11,99499.42,99490.58
7712.85628816,13625,99497.48,96426.01,99483.51,102509.88,99509.26,99509.14,99507.39,99492.49
7712.879370702,13626,99504.34,96430.01,99494.42,102505.92,99505.27,99502.0,99501.54,99494.4
7712.89986536,13627,99502.5,96426.01,99499.42,102509.88,99500.24,99500.13,99499.42,99488.52
7712.920410534,13628,99504.34,96427.96,99495.45,102543.4,99494.37,99502.0,99509.51,99497.49
7712.940896229,13629,99496.42,96435.96,99492.5,102511.67,99509.26,99502.0,99509.51,99494.56
7712.961718462,13630,99498.26,96444.98,99492.5,102513.85,99506.32,99501.19,99507.39,99502.5
7712.983157839,13631,99487.44,96438.01,99494.42,102509.88,99507.16,99496.15,99508.45,99496.46
7713.00409792,13632,99499.32,96423.96,99486.46,102522.88,99500.24,99512.06,99507.39,99488.52
7713.023018367,13633,99497.48,96436.98,99482.48,102501.95,99508.21,99498.02,99511.38,99489.55
7713.047374125,13634,99498.54,96419.97,99490.44,102517.82,99504.23,99496.15,99509.51,99495.43
7713.067859499,13635,99498.26,96435.96,99491.47,102505.92,99492.28,99499.08,99507.39,99489.55
7713.088493117,13636,99504.34,96426.94,99491.47,102514.94,99509.26,99494.05,99500.48,99482.49
7713.108908155,13637,99497.48,96435.96,99508.41,102513.85,99496.26,99496.15,99509.51,99497.49
7713.129502102,13638,99512.26,96428.99,99494.42,102497.98,99496.26,99498.26,99507.39,99497.49
7713.15319013,13639,99499.32,96427.96,99495.45,102511.67,99496.26,99499.08,99507.39,99498.53
7713.17126592,13640,99500.38,96427.96,99490.44,102538.74,99496.26,99503.05,99508.45,99497.49
7713.191321774,13641,99497.48,96435.96,99490.44,102530.81,99497.31,99505.16,99499.42,99486.46
7713.215359481,13642,99500.38,96436.98,99495.45,102509.88,99497.31,99489.25,99503.41,99482.49
7713.2358486,13643,99502.22,96427.96,99498.39,102517.82,99505.27,99491.12,99506.33,99489.55
7713.256676202,13644,99490.34,96423.96,99492.5,102517.82,99506.32,99496.15,99507.39,99487.49
7713.277388949,13645,99497.48,96427.96,99500.45,102513.85,99509.26,99500.13,99505.28,99490.58
7713.297572417,13646,99493.52,96440.98,99488.52,102517.13,99504.23,99496.15,99498.36,99497.49
7713.318176861,13647,99488.5,96431.96,99492.5,102517.82,99500.24,99499.32,99507.39,99488.52
7713.338545458,13648,99502.22,96426.94,99504.43,102517.82,99501.29,99503.05,99512.44,99494.4
7713.363047076,13649,99494.3,96428.99,99499.42,102518.51,99500.24,99500.13,99499.42,99488.52
7713.383399289,13650,99504.34,96435.96,99500.45,102529.72,99501.29,99491.12,99508.45,99487.49
7713.40411467,13651,99503.28,96427.96,99498.39,102549.55,99496.26,99504.11,99507.39,99490.43
7713.424487304,13652,99504.34,96431.96,99500.45,102529.72,99512.19,99508.09,99505.28,99498.53
7713.445279412,13653,99490.34,96427.96,99506.35,102529.72,99504.23,99492.18,99495.43,99487.49
7713.465596311,13654,99498.26,96442.01,99486.46,102527.53,99494.17,99494.05,99512.44,99494.56
7713.486034092,13655,99500.38,96427.96,99498.39,102517.82,99508.21,99502.0,99506.33,99494.56
7713.506711076,13656,99510.42,96428.99,99500.45,102513.85,99494.17,99496.15,99505.28,99484.55
7713.530338132,13657,99495.36,96435.96,99498.39,102521.78,99512.19,99508.09,99506.33,99494.4
7713.552339519,13658,99498.26,96429.91,99490.44,102517.82,99505.27,99495.1,99507.39,99487.49
7713.57191777,13659,99502.22,96428.99,99500.45,102513.85,99512.19,99495.1,99507.39,99491.46
7713.592575004,13660,99494.3,96446.0,99488.52,102503.73,99496.26,99505.16,99511.38,99494.4
7713.612911784,13661,99498.26,96423.96,99498.39,102505.92,99500.24,99506.22,99506.33,99495.43
7713.633734828,13662,99505.4,96430.93,99490.44,102512.76,99509.26,99494.29,99510.32,99491.46
7713.654022563,13663,99517.28,96427.96,99494.42,102565.42,99502.13,99502.0,99506.33,99494.4
7713.675455139,13664,99489.27,96423.96,99500.45,102529.72,99508.21,99502.0,99514.56,99493.37
7713.698400023,13665,99502.22,96434.93,99486.46,102505.92,99508.21,99499.08,99506.33,99488.52
7713.720056559,13666,99495.36,96434.93,99498.39,102525.75,99504.23,99500.13,99515.37,99502.5
7713.739470512,13667,99504.34,96427.96,99492.5,102513.85,99512.19,99504.11,99508.45,99491.46
7713.761262352,13668,99499.32,96443.95,99486.46,102518.91,99498.36,99504.11,99507.39,99502.5
7713.780681653,13669,99492.46,96452.97,99491.47,102519.6,99504.23,99505.98,99519.36,99486.46
7713.803294084,13670,99494.3,96428.99,99499.42,102524.66,99505.27,99496.15,99511.38,99494.4
7713.822010072,13671,99488.5,96432.98,99490.44,102511.67,99509.26,99496.15,99503.41,99490.43
7713.842583018,13672,99498.26,96431.96,99504.43,102543.4,99504.23,99507.03,99505.53,99498.53
7713.866755249,13673,99504.34,96433.91,99493.38,102529.72,99504.23,99500.13,99507.39,99486.46
7713.889270583,13674,99486.38,96426.94,99490.44,102513.85,99507.16,99492.18,99501.54,99494.4
7713.907439563,13675,99503.28,96437.9,99487.49,102511.67,99504.23,99497.21,99500.48,99497.49
7713.927953751,13676,99512.26,96427.96,99490.44,102521.78,99505.27,99495.1,99509.51,99496.46
7713.948464473,13677,99497.2,96443.95,99498.39,102520.69,99504.23,99495.1,99509.51,99489.55
7713.969522893,13678,99506.46,96446.92,99498.39,102513.85,99495.22,99495.1,99507.39,99490.43
7713.989971101,13679,99494.3,96435.96,99491.47,102529.72,99505.27,99502.0,99501.54,99497.49
7714.011168902,13680,99504.34,96595.87,99498.39,102545.58,99506.32,99505.16,99500.48,99488.52
7714.034379849,13681,99500.38,96514.89,99490.44,102565.42,99512.19,99500.13,99516.43,99494.56
7714.054809929,13682,99490.34,96546.87,99492.5,102550.64,99496.26,99514.99,99507.39,99497.49
7714.075477618,13683,99505.4,96546.87,99486.46,102561.45,99504.23,99495.1,99508.45,99500.43
7714.09623907,13684,99510.14,96529.85,99499.42,102553.52,99504.23,99500.13,99499.42,99498.37
7714.116541527,13685,99492.46,96529.85,99498.39,102541.62,99502.13,99502.0,99509.51,99493.37
7714.136961482,13686,99506.46,96514.89,99493.38,102543.4,99495.22,99504.11,99508.45,99490.43
7714.157838778,13687,99502.22,96521.86,99498.39,102537.65,99499.2,99500.13,99509.51,99485.58
7714.178016858,13688,99501.44,96497.87,99490.44,102545.58,99508.21,99499.08,99503.41,99490.58
7714.202432736,13689,99505.12,96526.88,99490.44,102537.65,99513.24,99498.02,99511.38,99490.43
7714.223088949,13690,99488.5,96527.91,99495.45,102552.42,99496.26,99495.1,99507.39,99498.53
7714.243469123,13691,99504.34,96541.84,99498.39,102549.55,99504.23,99512.06,99505.53,99491.46
7714.263892514,13692,99494.3,96663.83,99483.51,102593.19,99504.23,99504.11,99507.39,99496.46
7714.285205649,13693,99502.22,96820.66,99489.41,102664.59,99500.24,99500.13,99517.49,99490.43
7714.30574156,13694,99508.3,96849.68,99498.39,102640.79,99504.23,99500.13,99507.39,99500.43
7714.325721509,13695,99504.34,96808.79,99494.42,102625.61,99496.26,99496.15,99507.39,99489.55
7714.346115705,13696,99494.3,96793.71,99490.44,102614.8,99504.23,99496.15,99511.38,99494.4
7714.370420115,13697,99491.4,96802.73,99498.39,102606.87,99504.23,99497.21,99500.23,99490.58
7714.390891958,13698,99511.2,96791.77,99482.48,102623.83,99497.31,99504.11,99507.39,99490.43
7714.411536774,13699,99500.38,96805.7,99504.29,102615.89,99504.23,99502.0,99507.39,99490.43
7714.431925892,13700,99501.16,96801.7,99494.42,102622.73,99507.16,99513.12,99511.38,99495.43
7714.452661454,13701,99494.3,96805.7,99494.42,102635.73,99509.26,99499.08,99505.53,99497.49
7714.47335948,13702,99496.42,96817.69,99498.39,102632.85,99496.26,99504.11,99519.36,99494.4
7714.493603409,13703,99502.22,96806.73,99498.39,102640.79,99511.14,99500.13,99511.38,99496.46
7714.514081561,13704,99506.18,96797.7,99502.37,102623.83,99512.19,99502.0,99513.25,99494.56
7714.53974687,13705,99503.28,96965.62,99506.35,102700.29,99512.19,99507.03,99515.37,99498.53
7714.558895502,13706,99498.26,97401.43,99490.44,102799.46,99508.21,99508.09,99507.39,99506.47
7714.57946303,13707,99509.36,97378.47,99494.42,102775.66,99504.23,99509.96,99514.31,99487.49
7714.599964909,13708,99498.26,97353.45,99498.39,102761.57,99504.23,99502.24,99507.39,99494.4
7714.620557635,13709,99498.26,97346.48,99502.37,102775.66,99506.32,99505.98,99512.44,99492.49
7714.641699572,13710,99498.26,97349.45,99499.42,102765.54,99504.23,99517.91,99509.51,99493.52
7714.663237007,13711,99503.28,97338.49,99496.33,102770.6,99504.23,99498.02,99504.47,99486.61
7714.685800093,13712,99502.22,97337.45,99483.51,102771.7,99496.26,99512.06,99508.45,99495.43
7714.706415494,13713,99498.26,97329.46,99490.44,102769.51,99496.26,99503.05,99498.36,99497.49
7714.726942881,13714,99504.34,97326.49,99489.41,102755.83,99508.21,99491.12,99507.39,99494.4
7714.747606134,13715,99500.38,97306.5,99498.39,102749.67,99509.26,99495.1,99515.37,99493.37
7714.76834425,13716,99502.22,97315.53,99498.39,102751.86,99507.16,99494.05,99503.41,99494.4
7714.788587748,13717,99494.3,97314.5,99497.36,102754.73,99508.21,99502.0,99516.43,99485.58
7714.809038339,13718,99503.28,97701.31,99497.36,102852.81,99513.24,99503.05,99515.37,99495.43
7714.82959391,13719,99504.34,98469.11,99494.42,103105.61,99508.21,99511.01,99511.38,99501.46
7714.853386025,13720,99502.22,98494.15,99489.41,103112.87,99504.23,99495.1,99509.51,99506.47
7714.874468672,13721,99494.3,98433.12,99498.39,103097.0,99508.21,99504.11,99516.43,99488.52
7714.895406681,13722,99507.24,98405.12,99485.43,103085.1,99496.26,99502.0,99515.37,99495.43
7714.915572141,13723,99500.38,98402.17,99492.35,103073.2,99504.23,99502.0,99511.38,99486.46
7714.936096514,13724,99502.22,98377.13,99497.36,103055.13,99498.15,99502.0,99511.38,99492.49
7714.956641928,13725,99504.34,98369.13,99489.41,103044.33,99504.23,99495.1,99506.33,99492.49
7714.977411111,13726,99504.34,98347.22,99498.39,103036.39,99492.28,99503.05,99507.39,99495.43
7714.998222819,13727,99500.09,98349.13,99497.36,103043.23,99503.18,99496.15,99517.49,99496.46
7715.021386574,13728,99493.24,98346.18,99498.39,103051.16,99507.16,99503.05,99513.5,99499.4
7715.043223011,13729,99496.42,98331.23,99498.39,103051.16,99500.24,99500.13,99512.44,99491.46
7715.062510663,13730,99493.24,98332.09,99501.34,103051.16,99500.24,99496.15,99507.39,99477.49
7715.083522534,13731,99496.13,98696.03,99486.46,103237.62,99496.06,99495.1,99516.43,99492.49
7715.103555703,13732,99492.46,99905.05,99498.39,103542.02,99504.23,99504.11,99509.51,99494.4
7715.126170128,13733,99503.28,99867.98,99483.51,103513.58,99496.26,99512.06,99511.38,99493.52
7715.145018345,13734,99498.26,99781.04,99489.41,103475.67,99503.18,99502.0,99507.39,99493.52
7715.165618362,13735,99502.22,99745.03,99494.42,103460.9,99499.2,99502.0,99511.38,99485.58
7715.189411369,13736,99504.34,99719.97,99490.44,103450.1,99490.19,99507.03,99509.51,99490.43
7715.209863372,13737,99496.13,99694.92,99485.43,103438.2,99504.23,99502.0,99511.38,99497.49
7715.233113558,13738,99506.18,99701.03,99492.35,103424.09,99487.25,99502.0,99511.38,99492.49
7715.250909905,13739,99497.2,99683.97,99506.35,103434.23,99504.23,99499.08,99512.19,99500.43
7715.271520658,13740,99502.22,99679.97,99490.44,103434.23,99504.23,99502.0,99511.38,99492.49
7715.292986195,13741,99499.32,99669.03,99494.42,103432.03,99502.13,99504.11,99509.51,99492.49
7715.31286387,13742,99498.26,99679.97,99503.4,103416.16,99504.23,99502.0,99503.41,99490.43
7715.334196535,13743,99488.21,99601.02,99506.35,103400.29,99507.16,99502.0,99504.47,99491.46
7715.357464758,13744,99501.16,99587.97,99497.36,103447.9,99504.23,99495.1,99512.44,99493.37
7715.377866896,13745,99506.18,99661.03,99493.38,103449.0,99498.99,99495.1,99509.26,99486.46
7715.398521345,13746,99498.26,99615.97,99497.36,103438.2,99503.18,99505.16,99504.47,99495.43
7715.418929302,13747,99504.05,99633.03,99506.35,103561.19,99504.23,99500.13,99515.37,99478.52
7715.439624994,13748,99502.22,99681.03,99506.35,103638.34,99504.23,99495.1,99506.33,99494.56
7715.460229859,13749,99504.34,99703.97,99486.46,103708.66,99504.23,99498.02,99506.33,99498.37
7715.480770877,13750,99502.22,99777.03,99506.35,103748.33,99504.23,99503.05,99509.26,99494.4
7715.50161987,13751,99482.42,99833.04,99502.37,103819.1,99504.23,99500.95,99514.31,99490.43
7715.525420478,13752,99502.22,99870.93,99490.44,103850.84,99495.22,99505.98,99507.39,99480.43
7715.545862677,13753,99512.26,99919.99,99487.49,103894.49,99512.19,99499.08,99508.45,99494.4
7715.566503636,13754,99488.21,99934.93,99498.39,103922.92,99507.16,99502.0,99508.45,99486.46
7715.586968619,13755,99494.3,100016.0,99494.42,103999.41,99496.26,99507.03,99508.45,99491.46
7715.607566003,13756,99492.17,100036.0,99499.42,104028.3,99504.23,99492.18,99502.35,99497.49
7715.628009333,13757,99499.03,100198.96,99498.39,104101.47,99496.26,99502.0,99515.37,99495.43
7715.64859565,13758,99492.17,101295.24,99486.46,104375.28,99513.24,99503.05,99502.35,99494.4
7715.672831766,13759,99504.34,101397.42,99497.36,104443.85,99508.21,99513.93,99512.44,99498.37
7715.693436561,13760,99498.26,101376.34,99504.29,104475.6,99511.14,99502.0,99509.26,99498.37
7715.713899611,13761,99502.22,101432.36,99504.29,104527.19,99508.21,99505.16,99508.45,99498.37
7715.734601142,13762,99494.3,101448.37,99494.42,104581.63,99495.22,99503.05,99507.39,99495.43
7715.755358226,13763,99502.22,101468.38,99497.36,104622.43,99508.21,99504.11,99507.39,99494.4
7715.77576377,13764,99502.22,101509.47,99494.42,104649.1,99502.13,99500.95,99515.37,99487.49
7715.796145256,13765,99500.09,101519.33,99494.42,104672.91,99501.29,99494.29,99507.39,99498.53
7715.816657,13766,99501.16,101565.2,99502.37,104718.79,99508.21,99496.97,99518.55,99499.4
7715.840812595,13767,99504.05,101601.21,99500.31,104780.06,99504.23,99516.04,99515.37,99493.37
7715.861422387,13768,99490.34,101648.46,99497.36,104820.86,99494.17,99500.95,99514.31,99494.4
7715.882148345,13769,99502.22,101720.49,99481.45,104884.36,99507.16,99502.0,99511.38,99493.37
7715.902533577,13770,99502.22,101793.29,99498.39,104950.72,99505.27,99503.05,99521.22,99495.43
7715.92299835,13771,99502.22,101842.39,99491.47,105003.43,99502.13,99503.05,99510.32,99494.4
7715.944167167,13772,99496.13,101903.5,99509.3,105051.05,99504.23,99498.02,99499.42,99502.34
7715.964549326,13773,99492.17,101972.61,99497.36,105058.99,99510.1,99505.98,99512.44,99503.37
7715.985308694,13774,99502.22,102010.47,99494.42,105073.75,99507.16,99502.0,99510.57,99496.31
7716.008824411,13775,99500.09,102057.74,99492.35,105088.51,99516.17,99505.98,99515.37,99494.4
7716.032040826,13776,99502.22,102096.68,99492.35,105098.68,99503.18,99502.0,99511.38,99498.37
7716.050161583,13777,99501.16,102142.54,99496.33,105113.44,99507.16,99494.05,99507.39,99490.43
7716.070574938,13778,99498.26,102201.82,99496.33,105163.92,99504.23,99504.92,99515.37,99505.43
7716.090925387,13779,99496.42,102271.69,99493.38,105231.39,99511.14,99502.0,99511.38,99495.43
7716.111688361,13780,99501.16,102374.67,99498.39,105274.44,99511.14,99495.1,99515.37,99500.43
7716.132078822,13781,99500.09,102741.07,99493.38,105365.73,99502.13,99502.0,99507.39,99486.46
7716.152671047,13782,99504.05,103450.7,99492.35,105533.05,99504.23,99504.11,99513.25,99492.49
7716.176449211,13783,99501.16,103389.55,99496.33,105502.41,99504.23,99500.13,99507.39,99497.49
7716.197471427,13784,99491.11,103362.62,99497.36,105487.66,99504.23,99496.15,99523.34,99486.46
7716.217933205,13785,99487.15,103343.33,99498.39,105459.87,99507.16,99504.92,99501.29,99486.46
7716.23863763,13786,99497.2,103322.23,99489.41,105434.94,99508.21,99505.98,99501.29,99494.4
7716.259130636,13787,99486.38,103298.21,99486.46,105430.97,99509.05,99502.0,99515.37,99494.4
7716.279792447,13788,99500.09,103329.5,99497.36,105445.72,99512.19,99494.05,99523.34,99501.31
7716.300195596,13789,99494.3,103344.43,99497.36,105478.6,99512.19,99499.08,99514.56,99493.37
7716.320610513,13790,99494.3,103407.38,99506.35,105529.08,99520.15,99498.02,99503.41,99494.4
7716.344426835,13791,99500.09,103454.33,99497.36,105609.59,99513.24,99498.02,99514.31,99494.4
7716.365476743,13792,99496.13,103519.47,99504.29,105687.25,99511.14,99495.1,99507.39,99494.4
7716.385801344,13793,99508.01,103569.7,99490.44,105748.52,99504.23,99505.98,99511.38,99498.37
7716.406759172,13794,99502.22,103624.66,99489.41,105788.21,99505.27,99512.06,99505.28,99490.43
7716.426851993,13795,99498.26,103664.69,99490.44,105808.06,99511.14,99504.11,99501.29,99495.43
7716.44787523,13796,99499.03,103679.61,99490.44,105818.85,99511.14,99503.05,99519.36,99494.4
7716.468224608,13797,99496.13,103712.73,99494.42,105839.82,99504.23,99502.0,99499.42,99502.34
7716.488810804,13798,99497.2,103735.66,99504.29,105842.66,99512.19,99503.05,99510.32,99494.4
7716.512446583,13799,99498.26,103775.69,99498.39,105890.3,99499.2,99498.02,99509.26,99494.4
7716.532905918,13800,99502.22,103835.75,99501.34,105943.03,99508.21,99499.89,99509.26,99499.4
7716.554603635,13801,99492.17,103912.91,99501.34,106034.33,99510.1,99494.05,99507.39,99501.46
7716.574666169,13802,99494.3,103990.79,99505.32,106096.72,99511.14,99502.0,99519.36,99497.49
7716.595154738,13803,99489.27,104046.84,99492.35,106177.25,99508.21,99492.99,99498.36,99496.31
7716.615601634,13804,99496.13,104121.11,99496.33,106223.76,99506.11,99500.95,99503.41,99500.43
7716.635620642,13805,99502.22,104544.43,99496.33,106320.17,99512.19,99504.11,99507.39,99498.37
7716.656685863,13806,99501.16,105660.61,99497.36,106684.29,99512.19,99498.02,99513.5,99484.4
7716.68045887,13807,99492.17,105694.43,99498.39,106668.41,99507.16,99502.0,99501.29,99494.4
7716.70109397,13808,99501.16,105635.92,99488.38,106625.87,99510.1,99503.05,99523.34,99494.4
7716.722467207,13809,99495.07,105624.56,99494.42,106609.99,99502.13,99502.0,99521.48,99498.37
7716.74218491,13810,99498.26,105632.57,99493.38,106636.65,99505.07,99498.02,99507.39,99495.43
7716.762702983,13811,99496.13,105672.63,99497.36,106664.44,99502.13,99494.05,99511.38,99485.43
7716.784143982,13812,99490.34,105724.03,99497.36,106720.03,99512.19,99492.99,99515.37,99501.31
7716.803795995,13813,99498.26,105773.87,99495.3,106779.58,99511.14,99503.05,99511.38,99494.4
7716.82477117,13814,99494.3,105818.58,99498.39,106855.02,99506.11,99502.0,99498.36,99503.37
7716.848497436,13815,99492.17,105880.9,99488.38,106890.76,99512.19,99490.07,99515.37,99494.4
7716.868905132,13816,99495.07,105911.82,99498.39,106939.54,99510.1,99505.98,99507.39,99495.43
7716.889534464,13817,99497.97,105961.0,99497.36,106959.39,99510.1,99509.96,99509.26,99498.37
7716.911130307,13818,99489.27,105999.29,99504.29,106962.23,99508.21,99492.99,99506.33,99506.31
7716.93109945,13819,99499.03,106011.95,99494.42,106986.05,99507.16,99495.1,99506.33,99495.43
7716.951009895,13820,99509.08,106050.24,99497.36,107041.64,99502.13,99502.0,99511.38,99502.34
7716.97289117,13821,99492.17,106117.21,99494.42,107065.46,99503.18,99503.05,99502.35,99494.4
7716.996552557,13822,99495.07,106182.42,99493.38,107149.98,99511.14,99494.05,99505.28,99494.4
7717.017102569,13823,99499.03,106267.18,99498.39,107246.98,99511.14,99502.0,99513.25,99494.4
7717.0369381,13824,99502.22,106442.79,99502.37,107501.12,99511.14,99504.92,99515.37,99502.34
7717.057539559,13825,99508.01,107661.86,99490.44,108710.8,99509.05,99517.91,99507.39,99499.24
7717.079148763,13826,99494.3,108168.49,99502.37,108848.67,99510.1,99498.02,99509.26,99494.4
7717.098887778,13827,99492.17,108084.33,99488.38,108709.64,99504.23,99507.03,99514.31,99490.43
7717.119274673,13828,99500.09,108076.32,99493.38,108693.76,99519.11,99508.09,99505.53,99489.4
7717.140294195,13829,99488.21,108072.31,99496.33,108644.94,99509.05,99508.09,99519.36,99496.46
7717.163916984,13830,99495.07,108104.37,99498.39,108654.03,99510.1,99492.99,99511.38,99494.4
7717.184507757,13831,99500.09,108140.44,99496.33,108673.89,99502.13,99502.0,99507.39,99498.37
7717.204933851,13832,99491.11,108190.8,99493.38,108701.7,99506.11,99496.97,99511.38,99498.21
7717.226021887,13833,99495.07,108262.93,99485.43,108789.09,99515.97,99503.05,99498.36,99494.4
7717.246048847,13834,99498.26,108316.76,99498.39,108840.73,99515.13,99495.91,99513.5,99485.43
7717.268260372,13835,99496.13,108406.06,99493.38,108896.34,99515.13,99498.02,99509.26,99502.34
7717.287075299,13836,99496.13,108515.99,99498.39,108959.26,99508.21,99493.81,99505.28,99495.43
7717.30764452,13837,99484.25,108577.25,99500.31,108991.68,99502.13,99491.94,99505.28,99494.4
7717.331888138,13838,99496.13,108620.19,99486.46,109011.54,99509.05,99503.05,99508.45,99494.4
7717.353277249,13839,99494.01,108660.27,99494.42,109034.22,99509.05,99499.89,99508.45,99494.4
7717.373037686,13840,99482.13,108701.49,99496.33,109079.08,99508.0,99496.15,99514.31,99498.21
7717.394125391,13841,99500.09,108741.57,99493.38,109073.95,99502.13,99491.12,99508.45,99501.31
7717.414029796,13842,99488.21,108814.28,99488.38,109154.56,99509.05,99494.05,99509.26,99494.4
7717.43466066,13843,99500.09,108917.91,99502.37,109237.98,99510.1,99504.11,99510.32,99495.43
7717.45620765,13844,99493.24,108998.07,99482.48,109308.33,99518.06,99494.05,99507.39,99497.34
7717.475778831,13845,99496.13,109058.2,99512.24,109392.92,99511.14,99499.08,99519.36,99492.34
7717.499635935,13846,99495.36,109144.08,99494.42,109463.27,99514.08,99496.97,99503.41,99485.43
7717.521467134,13847,99500.09,109206.5,99488.38,109510.95,99510.1,99512.06,99511.38,99486.3
7717.541097484,13848,99502.99,109236.27,99486.46,109542.73,99498.15,99502.0,99503.41,99489.4
7717.562179441,13849,99500.09,109260.32,99502.37,109587.6,99507.16,99504.92,99503.16,99502.34
7717.581989814,13850,99499.03,109286.66,99490.44,109594.38,99510.1,99496.97,99507.39,99498.37
7717.602644944,13851,99498.26,109324.45,99498.39,109610.27,99504.23,99491.12,99505.28,99493.37
7717.623125261,13852,99502.22,109397.75,99478.36,109671.03,99501.09,99490.07,99503.41,99484.4
7717.64395808,13853,99488.21,109476.76,99486.46,109718.71,99495.22,99503.05,99515.37,99494.4
7717.667507969,13854,99489.27,109556.93,99500.45,109824.82,99510.1,99502.0,99505.28,99492.34
7717.688603125,13855,99487.15,109662.31,99494.42,109905.45,99510.1,99494.05,99507.39,99501.31
7717.708845952,13856,99496.13,109807.77,99495.3,109967.86,99504.23,99496.97,99499.42,99491.46
7717.729582546,13857,99495.07,110072.36,99489.41,110154.61,99498.15,99500.95,99497.3,99494.4
7717.749618149,13858,99491.11,111409.24,99490.44,111541.62,99512.19,99495.1,99508.45,99486.46
7717.77104667,13859,99486.38,111657.88,99496.33,111858.44,99506.11,99492.99,99509.51,99488.37
7717.791115404,13860,99497.2,111547.93,99490.44,111709.74,99500.04,99512.06,99513.25,99494.4
7717.811706057,13861,99490.05,111569.65,99498.39,111705.77,99504.02,99496.15,99505.28,99490.43
7717.835510561,13862,99498.26,111612.1,99498.39,111692.66,99510.1,99499.08,99499.42,99493.37
7717.855962304,13863,99488.21,111657.88,99496.33,111724.46,99503.18,99498.02,99503.41,99494.4
7717.876534759,13864,99488.21,111719.21,99500.31,111785.27,99510.1,99504.11,99503.41,99495.43
7717.897842247,13865,99494.01,111812.63,99489.41,111846.51,99501.09,99502.0,99501.54,99486.46
7717.918197944,13866,99502.22,111876.8,99490.44,111903.35,99510.1,99494.05,99505.28,99486.46
7717.939014219,13867,99491.11,112010.81,99498.39,111972.11,99497.1,99491.94,99514.31,99495.43
7717.958696869,13868,99483.19,112077.33,99489.41,111984.03,99502.13,99486.09,99499.42,99494.4
7717.980226722,13869,99499.03,112139.15,99488.38,112037.32,99500.04,99505.98,99503.41,99491.3
7718.003509557,13870,99500.09,112230.23,99492.35,112049.25,99510.1,99504.92,99513.5,99485.43
7718.024117937,13871,99491.11,112300.77,99493.38,112086.21,99510.1,99502.0,99506.33,99495.43
7718.044546645,13872,99500.09,112371.79,99490.44,112107.27,99502.13,99492.99,99505.28,99489.55
7718.06499315,13873,99495.07,112435.97,99498.39,112125.96,99509.05,99502.0,99503.41,99492.49
7718.085699228,13874,99496.13,112504.16,99498.39,112173.67,99500.04,99500.95,99500.23,99502.34
7718.106441901,13875,99500.09,112581.55,99496.33,112225.35,99505.07,99505.98,99501.29,99489.4
7718.126927786,13876,99501.16,112676.64,99472.47,112271.87,99500.04,99498.02,99506.33,99494.4
7718.148454745,13877,99500.09,112756.87,99494.42,112349.78,99509.05,99498.02,99503.41,99497.34
7718.171501353,13878,99501.16,112872.02,99498.39,112391.14,99498.15,99483.98,99510.32,99497.34
7718.192023873,13879,99478.17,112948.24,99493.38,112434.87,99505.07,99502.0,99499.42,99494.4
7718.212797432,13880,99497.97,113020.45,99493.38,112471.84,99510.1,99502.0,99503.41,99489.4
7718.233029433,13881,99499.03,113081.81,99480.42,112515.58,99506.11,99494.05,99517.49,99490.43
7718.253585003,13882,99495.07,113158.03,99492.35,112551.36,99509.05,99504.92,99511.38,99490.43
7718.274167454,13883,99499.03,113261.15,99491.47,112607.02,99515.13,99494.05,99507.39,99486.46
7718.294780831,13884,99494.01,113354.62,99482.48,112640.02,99506.11,99495.91,99507.39,99494.4
7718.318881473,13885,99494.01,113425.64,99496.33,112681.37,99514.08,99498.02,99508.45,99486.46
7718.339538657,13886,99500.09,114087.68,99494.42,113477.84,99510.1,99494.05,99507.39,99494.4
7718.359941426,13887,99490.05,115316.94,99489.41,115059.7,99500.04,99492.99,99505.28,99494.4
7718.380652992,13888,99497.2,115176.46,99497.36,114768.08,99505.07,99500.95,99500.48,99496.31
7718.401049141,13889,99499.03,115211.37,99496.33,114714.81,99510.1,99500.95,99497.3,99500.28
7718.421639774,13890,99495.07,115292.86,99489.41,114671.05,99504.02,99502.0,99505.53,99502.34
7718.442130346,13891,99492.17,115362.69,99492.35,114679.01,99506.11,99509.96,99508.45,99496.31
7718.463594991,13892,99496.13,115440.16,99493.38,114651.51,99515.97,99500.95,99503.41,99494.4
7718.486924516,13893,99497.97,115520.44,99498.39,114669.84,99505.07,99489.01,99502.35,99494.4
7718.507626979,13894,99488.21,115639.27,99497.36,114685.75,99504.02,99494.05,99511.38,99486.46
7718.527954023,13895,99495.07,115731.98,99497.36,114713.6,99496.06,99487.96,99517.49,99498.37
7718.548890719,13896,99487.15,115840.36,99487.35,114738.68,99500.04,99516.86,99506.33,99502.34
7718.569020055,13897,99497.97,115982.08,99482.48,114770.85,99509.05,99499.89,99501.29,99490.43
7718.589785813,13898,99494.01,116081.23,99504.29,114790.39,99513.03,99499.89,99503.41,99488.37
7718.610529217,13899,99505.89,116229.77,99492.35,114831.38,99501.09,99500.95,99511.38,99493.37
7718.631218609,13900,99486.09,116334.15,99490.44,114872.72,99505.07,99500.95,99503.41,99486.46
7718.65488843,13901,99492.17,116428.93,99493.38,114909.73,99502.13,99502.0,99507.39,99494.4
7718.675597111,13902,99483.19,116552.18,99484.4,114929.63,99510.1,99498.02,99514.31,99486.46
7718.69607263,13903,99492.17,116612.4,99487.35,114940.35,99517.01,99496.97,99507.39,99494.4
7718.716614059,13904,99486.09,116752.93,99491.32,114974.6,99510.94,99496.15,99507.39,99494.4
7718.737888716,13905,99500.09,116837.25,99498.39,115000.02,99505.07,99502.0,99507.39,99493.37
7718.757978021,13906,99500.09,116926.82,99497.36,115059.7,99502.13,99505.98,99514.31,99494.4
7718.778217703,13907,99492.95,117028.77,99492.35,115092.74,99510.1,99500.95,99507.39,99494.4
7718.798759703,13908,99487.15,117145.22,99500.31,115136.5,99518.06,99499.89,99504.47,99492.34
7718.822498698,13909,99486.09,117256.09,99496.33,115190.98,99504.02,99495.91,99511.38,99494.4
7718.844420615,13910,99496.13,117384.6,99497.36,115246.68,99509.05,99499.08,99507.39,99494.4
7718.865094263,13911,99505.89,117485.0,99482.48,115285.25,99511.14,99499.89,99509.26,99488.37
7718.884608899,13912,99494.01,117565.65,99489.41,115346.14,99510.1,99499.89,99513.5,99490.27
7718.905106662,13913,99497.97,117659.25,99494.42,115401.84,99502.13,99499.89,99497.3,99492.34
7718.925777376,13914,99494.01,117783.75,99491.32,115439.2,99508.0,99505.98,99511.38,99498.37
7718.946125111,13915,99494.01,117902.68,99496.33,115461.52,99518.06,99500.95,99510.32,99484.4
7718.968079687,13916,99488.99,118054.39,99496.33,115509.27,99506.11,99498.02,99509.26,99483.36
7718.990502772,13917,99499.03,118174.57,99506.2,115576.91,99510.1,99495.91,99500.48,99490.43
7719.011589375,13918,99497.97,118301.87,99497.36,115636.59,99515.97,99502.0,99507.39,99498.37
7719.032926658,13919,99500.87,118500.23,99495.3,115858.19,99510.1,99495.91,99509.51,99492.34
7719.052858855,13920,99497.97,120309.47,99488.38,118641.81,99497.94,99486.09,99495.43,99475.42
7719.072761287,13921,99497.97,121278.1,99492.35,119766.14,99502.13,99507.03,99501.29,99485.43
7719.093672024,13922,99482.91,121117.31,99496.33,119263.04,99503.18,99499.08,99500.48,99496.31
7719.114161324,13923,99494.01,121132.13,99480.42,119183.39,99508.0,99500.95,99502.35,99491.3
7719.134974173,13924,99497.97,121145.45,99493.38,119123.65,99500.04,99491.94,99511.38,99502.34
7719.158532966,13925,99494.01,121196.21,99488.38,119085.31,99500.04,99505.98,99503.41,99502.34
7719.178961283,13926,99488.99,121255.47,99489.41,119071.88,99504.02,99504.92,99516.43,99496.31
7719.199683596,13927,99500.09,121338.39,99489.41,119067.9,99498.99,99500.95,99503.41,99498.37
7719.220654374,13928,99499.03,121441.64,99496.33,119057.2,99511.98,99495.91,99507.39,99496.31
7719.241100017,13929,99491.11,121505.96,99493.38,119049.24,99514.08,99502.0,99507.39,99489.4
7719.26169725,13930,99494.01,121571.55,99488.38,119050.49,99501.09,99491.94,99502.35,99492.34
7719.281692112,13931,99494.01,121668.03,99497.36,119075.86,99511.98,99487.96,99507.39,99502.34
7719.302778595,13932,99497.97,121763.24,99490.44,119095.78,99506.11,99499.89,99517.49,99499.4
7719.326547065,13933,99505.89,121816.56,99488.38,119077.12,99505.91,99500.95,99502.35,99486.46
7719.34701973,13934,99497.97,121873.06,99495.3,119099.76,99508.0,99505.98,99512.44,99498.21
7719.36759512,13935,99500.09,121938.65,99489.41,119073.13,99497.94,99495.91,99507.39,99496.31
7719.38820367,13936,99497.97,122012.29,99490.44,119087.81,99509.05,99499.89,99506.33,99498.37
7719.410444319,13937,99491.11,122098.2,99490.44,119087.81,99508.0,99487.96,99502.35,99484.4
7719.429146485,13938,99499.03,122173.31,99491.32,119119.67,99508.0,99494.05,99499.42,99505.43
7719.450428113,13939,99494.01,122257.75,99502.37,119131.62,99510.1,99495.91,99511.38,99486.46
7719.474891734,13940,99495.07,122351.5,99496.33,119139.58,99505.07,99499.89,99511.38,99493.37
7719.495223966,13941,99494.01,122453.3,99496.33,119191.36,99508.0,99495.91,99500.23,99494.4
7719.515011715,13942,99491.11,122572.65,99494.42,119217.76,99510.1,99491.94,99499.42,99492.34
7719.535706175,13943,99486.09,122669.15,99496.33,119236.42,99508.0,99507.85,99507.39,99493.37
7719.558095599,13944,99497.97,122757.62,99491.32,119263.04,99506.11,99500.95,99515.37,99492.34
7719.576714129,13945,99499.03,122809.9,99487.35,119306.85,99508.0,99503.87,99507.39,99498.37
7719.597433577,13946,99488.99,122875.52,99489.41,119308.32,99508.0,99494.86,99499.42,99500.28
7719.61775266,13947,99500.09,122949.36,99490.29,119328.02,99508.0,99492.99,99517.49,99490.43
7719.641910778,13948,99483.97,123064.7,99492.35,119378.54,99502.13,99499.89,99504.47,99490.27
7719.662611017,13949,99497.97,123158.48,99496.33,119429.06,99510.1,99503.87,99517.49,99496.31
7719.683059556,13950,99494.01,123242.93,99498.39,119451.7,99515.97,99499.89,99507.39,99483.52
7719.703654916,13951,99499.03,123366.15,99500.31,119500.75,99510.1,99499.89,99507.39,99498.37
7719.724184797,13952,99495.07,123462.68,99506.35,119577.68,99508.0,99492.99,99511.38,99489.4
7719.744736892,13953,99494.01,123539.1,99488.38,119638.89,99508.0,99500.95,99511.38,99494.4
7719.766293025,13954,99494.01,123666.52,99492.35,119661.32,99515.97,99492.99,99509.51,99494.4
7719.785793339,13955,99486.09,123745.67,99494.27,119690.67,99508.0,99503.87,99503.41,99493.37
7719.809915383,13956,99497.97,123816.78,99495.3,119703.88,99511.98,99517.91,99507.39,99492.34
7719.830526598,13957,99500.09,123895.79,99503.26,119722.53,99506.11,99500.95,99507.39,99500.28
7719.851111101,13958,99483.19,123717.52,99492.35,118738.86,99475.1,99478.95,99490.39,99470.58
7719.871979014,13959,99698.88,108864.09,99742.95,108589.85,99723.02,99726.61,99729.61,99709.66
7719.892099055,13960,99581.13,108745.01,99604.76,110445.86,99603.57,99611.26,99619.03,99612.47
7719.912738652,13961,99560.27,109097.69,99557.03,110793.23,99572.76,99562.48,99515.37,99569.67
7719.933265769,13962,99528.59,111690.45,99510.18,113933.99,99511.98,99505.98,99508.45,99502.18
7719.954525605,13963,99521.73,109025.55,99511.21,110904.51,99527.91,99516.86,99531.32,99520.13
7719.978060251,13964,99537.57,108448.45,99527.12,110162.56,99539.86,99544.7,99540.35,99519.09
7719.998627238,13965,99505.89,108765.04,99513.27,110194.82,99518.06,99519.78,99523.34,99508.22
7720.019139032,13966,99508.79,108486.24,99512.24,110296.5,99517.01,99515.8,99511.38,99508.22
7720.039711167,13967,99509.85,108889.28,99508.26,110742.74,99504.02,99508.9,99517.49,99496.31
7720.060187858,13968,99485.03,111000.73,99457.59,114957.81,99472.17,99467.02,99473.38,99473.52
7720.080635935,13969,99466.29,111329.54,99465.54,115572.93,99477.19,99468.07,99483.47,99470.42
7720.101148249,13970,99486.09,111022.46,99465.54,115131.31,99480.13,99472.05,99492.51,99468.52
7720.124141957,13971,99490.05,111269.39,99489.41,115829.12,99489.14,99497.78,99501.29,99488.37
7720.146038596,13972,99497.97,111625.12,99496.33,115549.06,99504.02,99507.85,99505.28,99495.27
7720.166578742,13973,99501.93,111941.94,99496.33,116778.7,99508.0,99502.0,99514.31,99496.31
7720.187117777,13974,99486.09,110884.45,99470.55,114415.26,99498.99,99473.92,99484.53,99470.58
7720.207852739,13975,99495.07,110973.83,99489.41,115197.39,99488.09,99495.1,99499.42,99486.46
7720.228937409,13976,99486.87,111001.9,99488.38,115021.46,99500.04,99490.07,99507.39,99490.27
7720.248917108,13977,99503.77,111208.07,99504.29,115553.04,99514.08,99507.85,99511.38,99492.34
7720.269233466,13978,99494.01,111386.85,99497.36,115654.05,99500.04,99499.89,99515.37,99491.3
7720.289822096,13979,99505.89,111171.99,99496.33,115377.97,99508.0,99495.1,99501.54,99489.4
7720.313567491,13980,99494.01,111150.26,99495.3,115270.55,99506.95,99491.94,99507.39,99488.37
7720.335163455,13981,99494.01,111579.34,99507.23,115981.55,99508.0,99499.89,99514.31,99503.21
7720.35472402,13982,99499.03,111062.05,99497.36,114970.96,99508.0,99491.94,99514.31,99496.31
7720.375666095,13983,99521.73,107934.39,99527.12,108589.33,99533.99,99535.69,99547.27,99527.03
7720.396114783,13984,99561.33,103415.75,99575.88,102864.3,99570.66,99569.37,99596.98,99575.71
7720.416778416,13985,99579.01,101148.76,99583.84,103197.52,99601.68,99597.46,99595.11,99588.65
7720.437167574,13986,99581.13,99164.61,99582.81,103824.37,99589.73,99595.35,99594.05,99580.71
7720.457749925,13987,99517.77,105035.43,99500.31,104159.42,99530.84,99525.62,99531.06,99508.22
7720.481540608,13988,99541.53,98653.56,99536.11,102537.94,99562.7,99556.63,99563.21,99539.98
7720.501998691,13989,99520.67,96348.73,99542.0,102854.17,99547.82,99559.55,99551.25,99532.04
7720.523114689,13990,99513.81,96282.73,99515.19,102638.19,99527.91,99527.73,99534.24,99524.1
7720.543672823,13991,99521.73,96297.79,99521.23,103154.98,99529.8,99531.71,99547.27,99515.12
7720.563710409,13992,99504.83,96272.78,99519.17,102817.79,99523.93,99528.79,99522.28,99506.15
7720.585417911,13993,99529.65,96300.76,99517.25,102791.12,99529.8,99526.92,99524.4,99508.22
7720.604726295,13994,99520.67,96312.76,99524.18,102820.66,99535.87,99543.64,99529.2,99524.1
7720.626417823,13995,99512.75,96261.82,99511.21,102841.59,99517.85,99532.77,99521.22,99508.22
7720.649538363,13996,99518.55,96247.78,99516.22,102840.5,99533.99,99523.76,99527.33,99510.28
7720.670254526,13997,99510.63,96316.75,99512.24,102874.42,99538.81,99526.68,99529.2,99512.19
7720.691016879,13998,99512.75,96306.81,99505.32,102975.37,99534.83,99513.69,99526.27,99516.16
7720.711142038,13999,99492.95,96267.76,99504.29,102858.14,99523.93,99507.85,99519.36,99500.28
7720.731731749,14000,99497.97,96240.81,99500.31,103022.97,99508.0,99516.86,99507.39,99503.21
7720.752455253,14001,99495.85,96223.79,99502.23,103090.41,99495.01,99517.91,99512.44,99506.31
7720.772752603,14002,99504.83,96208.83,99494.27,103102.31,99498.99,99503.87,99507.39,99496.31
7720.794029744,14003,99501.93,96175.83,99506.35,102931.73,99504.02,99515.8,99516.43,99494.24
7720.817565522,14004,99517.77,96173.88,99504.29,102918.74,99508.0,99516.86,99523.34,99499.24
7720.837999448,14005,99504.83,96179.83,99499.28,102935.7,99513.87,99499.89,99515.37,99498.21
7720.859134825,14006,99511.69,96168.86,99513.27,102856.36,99519.95,99517.91,99511.38,99498.21
7720.884487911,14007,99503.77,96181.87,99497.36,102943.64,99510.1,99499.89,99521.22,99499.24
7720.901902811,14008,99506.67,96177.88,99494.27,102943.64,99524.98,99516.86,99521.22,99501.31
7720.923267715,14009,99495.85,96148.87,99497.36,102943.64,99510.94,99515.8,99505.28,99487.33
7720.941638391,14010,99494.01,96148.87,99494.27,102944.73,99501.93,99505.98,99514.31,99490.27
7720.961419669,14011,99507.73,96133.91,99504.29,102951.57,99489.98,99499.89,99507.39,99492.34
