t_pc,sample_idx,S0,S1,S2,S3,S4,S5,S6,S7
3722.509372399,2399,100534.35,97949.57,100530.3,103074.98,100520.83,100527.84,100543.3,100515.72
3722.526803923,2400,100529.29,97936.43,100527.32,103072.81,100525.9,100528.04,100539.28,100535.78
3722.547323898,2401,100528.24,97957.65,100528.35,103070.98,100520.83,100534.16,100543.3,100539.79
3722.568115612,2402,100528.24,97952.58,100523.3,103074.98,100530.96,100536.07,100535.25,100531.76
3722.588789562,2403,100530.35,97934.45,100529.37,103091.01,100530.96,100532.05,100550.3,100538.76
3722.61204498,2404,100520.23,97947.52,100527.32,103100.11,100530.96,100536.07,100545.21,100552.85
3722.632696202,2405,100527.18,97957.65,100528.35,103095.01,100527.83,100531.0,100546.27,100540.82
3722.653442105,2406,100527.18,97950.6,100523.3,103104.86,100521.87,100532.05,100537.36,100551.82
3722.674161089,2407,100537.3,97941.5,100519.29,103099.02,100524.85,100532.05,100545.42,100539.79
3722.694742614,2408,100528.24,97945.54,100528.35,103107.78,100526.94,100537.98,100535.25,100543.8
3722.715452511,2409,100521.29,97957.65,100519.29,103112.88,100524.85,100528.04,100537.16,100548.84
3722.736105742,2410,100542.12,97965.73,100523.3,103115.05,100530.96,100537.98,100543.3,100539.79
3722.756942793,2411,100536.24,97949.57,100518.26,103112.12,100516.81,100528.04,100533.13,100539.79
3722.779976722,2412,100528.24,98361.47,100517.23,103132.16,100505.78,100524.02,100545.42,100543.8
3722.801096474,2413,100533.3,98086.87,100527.32,103116.13,100515.76,100533.11,100545.42,100539.79
3722.821335257,2414,100541.3,97972.77,100519.29,103116.88,100523.81,100528.04,100545.42,100541.85
3722.841805311,2415,100536.24,98401.85,100532.36,103144.93,100524.85,100540.09,100555.38,100555.83
3722.86238885,2416,100534.35,98282.68,100526.29,103136.16,100520.83,100533.11,100551.35,100545.86
3722.882982805,2417,100520.23,98578.51,100523.3,103140.17,100508.76,100532.05,100536.31,100523.74
3722.903643587,2418,100526.12,99217.66,100532.36,103138.0,100543.03,100539.03,100550.3,100547.81
3722.92427991,2419,100516.23,97988.93,100524.33,103127.06,100523.81,100536.07,100543.3,100532.79
3722.947913617,2420,100528.24,97943.48,100512.28,103128.15,100524.85,100522.97,100543.3,100511.71
3722.96852587,2421,100521.29,97953.61,100530.3,103124.14,100529.92,100532.05,100543.3,100515.72
3722.989126363,2422,100546.36,97964.7,100528.35,103108.87,100530.96,100536.07,100538.22,100544.83
3723.00982671,2423,100528.24,97957.65,100520.31,103104.11,100532.9,100524.02,100549.44,100523.74
3723.030439662,2424,100529.29,97940.47,100519.29,103109.95,100533.05,100542.0,100530.16,100539.79
3723.05098266,2425,100528.24,97941.5,100526.29,103112.12,100525.9,100529.95,100543.3,100535.78
3723.071664556,2426,100540.24,97957.65,100528.35,103112.12,100524.85,100532.05,100535.25,100548.84
3723.09220474,2427,100542.36,97953.61,100528.35,103102.28,100524.85,100525.07,100537.36,100547.81
3723.115887164,2428,100533.3,97958.68,100515.27,103108.12,100520.83,100526.99,100543.3,100537.73
3723.136518305,2429,100529.29,97945.54,100531.33,103132.16,100530.81,100537.98,100548.39,100537.83
3723.157127494,2430,100540.24,97940.47,100536.38,103116.13,100529.92,100540.09,100539.28,100539.79
3723.177776098,2431,100526.35,97953.61,100523.3,103127.06,100526.94,100525.07,100545.42,100547.81
3723.198303789,2432,100524.24,97957.65,100528.35,103136.16,100530.96,100531.0,100549.44,100538.76
3723.218945744,2433,100529.29,97941.5,100521.34,103148.18,100534.99,100540.09,100535.25,100533.82
3723.239566332,2434,100530.35,97931.37,100530.4,103152.19,100533.94,100522.97,100534.19,100541.85
3723.260132237,2435,100530.35,97945.54,100528.35,103144.18,100540.94,100532.05,100543.3,100540.82
3723.283890174,2436,100545.3,98395.75,100520.31,103172.22,100529.92,100529.95,100543.3,100534.75
3723.304466106,2437,100530.35,98187.82,100530.4,103163.12,100543.03,100532.05,100535.25,100525.8
3723.325023087,2438,100528.24,97940.47,100515.27,103156.94,100536.92,100526.13,100537.36,100539.79
3723.345734415,2439,100530.35,97929.38,100523.4,103168.21,100526.94,100540.09,100542.24,100528.78
3723.366261009,2440,100533.3,97933.42,100521.24,103172.22,100535.87,100531.0,100541.39,100544.83
3723.386857526,2441,100525.29,97917.27,100523.3,103156.19,100518.74,100540.09,100543.3,100537.83
3723.407479821,2442,100514.12,97922.34,100524.33,103168.21,100525.9,100525.93,100533.34,100532.79
3723.428127449,2443,100523.18,97918.3,100506.21,103174.39,100524.85,100528.04,100545.42,100524.77
3723.451810283,2444,100532.24,97921.23,100528.35,103180.23,100534.99,100548.12,100541.19,100539.79
3723.472455636,2445,100524.24,97921.31,100540.39,103183.49,100534.99,100547.07,100541.19,100544.83
3723.49299191,2446,100529.29,97925.35,100516.3,103201.35,100532.9,100544.1,100535.25,100547.81
3723.513595493,2447,100529.29,97909.19,100518.26,103188.25,100524.85,100532.05,100542.24,100543.8
3723.53424856,2448,100528.24,97916.24,100519.29,103172.22,100526.94,100536.07,100543.3,100547.81
3723.554919943,2449,100536.24,97927.4,100531.33,103192.25,100536.03,100535.02,100533.13,100543.8
3723.575474165,2450,100534.35,97929.38,100528.35,103183.15,100537.08,100532.05,100539.28,100551.82
3723.596107884,2451,100533.3,97923.29,100520.31,103196.26,100539.01,100550.03,100550.3,100552.85
3723.61973162,2452,100533.3,97924.32,100523.3,103204.27,100527.99,100540.09,100535.25,100550.79
3723.640419206,2453,100528.24,97902.15,100519.29,103189.33,100529.76,100535.02,100533.13,100537.73
3723.661073592,2454,100530.35,97909.19,100528.35,103178.4,100516.81,100540.09,100526.14,100538.76
3723.68161777,2455,100536.24,97906.18,100522.27,103188.25,100524.85,100532.05,100543.3,100540.82
3723.702239319,2456,100542.36,97917.27,100523.3,103191.17,100529.92,100529.95,100541.19,100543.8
3723.722792379,2457,100528.24,97917.27,100524.33,103196.26,100536.03,100531.0,100541.19,100539.79
3723.743457653,2458,100540.24,97910.22,100527.32,103195.17,100533.94,100543.24,100536.31,100541.85
3723.767082689,2459,100532.24,97921.31,100528.35,103205.36,100536.03,100532.05,100543.3,100532.79
3723.787793977,2460,100536.24,97922.34,100528.35,103193.34,100530.96,100540.09,100532.08,100540.82
3723.808358862,2461,100520.23,97927.4,100528.35,103201.35,100527.99,100533.96,100529.11,100538.76
3723.829006645,2462,100528.24,97911.25,100528.35,103192.25,100534.99,100532.05,100542.24,100527.75
3723.849628438,2463,100552.24,97919.32,100532.36,103194.42,100534.99,100552.13,100543.3,100527.75
3723.870180538,2464,100532.24,97917.27,100520.31,103195.51,100534.99,100528.04,100543.3,100539.79
3723.890806872,2465,100540.24,97920.28,100520.31,103204.27,100535.87,100541.14,100535.25,100540.82
3723.911402207,2466,100533.3,97931.44,100520.31,103204.27,100532.9,100531.0,100534.19,100541.85
3723.935022291,2467,100528.24,97917.27,100522.27,103191.17,100530.96,100532.05,100543.3,100538.76
3723.955694499,2468,100540.24,97917.27,100516.3,103200.26,100522.92,100529.95,100533.13,100540.82
3723.976324729,2469,100522.35,97917.27,100520.31,103204.27,100533.94,100548.12,100543.3,100540.82
3723.996885408,2470,100529.29,97917.27,100522.27,103200.26,100529.03,100529.95,100541.19,100538.76
3724.017894562,2471,100532.24,97925.35,100528.35,103201.35,100536.03,100528.04,100538.22,100548.84
3724.038634678,2472,100530.12,97925.35,100531.33,103200.26,100528.87,100532.05,100541.39,100549.87
3724.059322622,2473,100529.29,97917.27,100511.25,103205.36,100519.78,100520.01,100541.19,100539.79
3724.079769786,2474,100526.35,97907.21,100520.31,103188.25,100525.9,100529.95,100535.25,100524.77
3724.10305174,2475,100544.24,97917.27,100524.33,103195.51,100526.94,100532.05,100541.19,100551.82
3724.123649878,2476,100532.24,97906.18,100532.36,103189.33,100533.94,100540.09,100542.24,100555.83
3724.144239412,2477,100544.24,97918.3,100520.31,103197.34,100529.92,100549.17,100543.3,100538.76
3724.164868101,2478,100537.3,97923.36,100524.33,103206.44,100526.94,100528.04,100543.3,100553.88
3724.185479898,2479,100540.24,97921.31,100528.35,103204.27,100521.87,100536.07,100543.3,100538.76
3724.206055452,2480,100528.24,97917.27,100526.29,103210.45,100525.9,100547.07,100539.28,100544.83
3724.226649064,2481,100528.24,97925.35,100525.36,103205.36,100530.96,100540.09,100535.25,100548.84
3724.248096757,2482,100524.24,97917.27,100528.35,103204.27,100526.94,100532.05,100539.28,100533.82
3724.270971518,2483,100540.24,97919.32,100524.33,103196.26,100523.81,100548.12,100550.3,100543.8
3724.29162717,2484,100528.24,97919.32,100512.28,103204.27,100517.85,100529.95,100535.25,100543.8
3724.312408963,2485,100520.23,97922.34,100527.32,103206.44,100530.96,100525.93,100532.08,100539.79
3724.333110305,2486,100529.29,97925.35,100519.29,103221.38,100528.87,100531.0,100545.42,100544.83
3724.353789191,2487,100528.24,97928.36,100528.35,103202.44,100536.03,100526.99,100543.3,100546.78
3724.374594525,2488,100536.24,97925.35,100520.31,103212.28,100516.81,100537.98,100539.28,100543.8
3724.39514293,2489,100530.35,97916.24,100528.35,103216.29,100526.94,100531.0,100534.19,100528.78
3724.415850556,2490,100541.3,97929.38,100529.37,103225.39,100526.94,100532.05,100538.22,100533.82
3724.438937161,2491,100542.12,97927.33,100524.33,103210.45,100530.96,100540.09,100531.22,100541.85
3724.459542165,2492,100530.35,97933.42,100532.36,103210.45,100526.94,100532.05,100543.3,100531.76
3724.480342929,2493,100540.24,97928.36,100511.25,103221.38,100534.99,100526.99,100529.11,100533.82
3724.501176837,2494,100530.35,97927.4,100528.35,103220.3,100534.99,100532.05,100533.13,100547.81
3724.521862704,2495,100529.29,97933.42,100527.32,103236.32,100536.03,100540.09,100534.19,100536.8
3724.542451396,2496,100529.29,97928.36,100529.37,103214.46,100525.9,100531.0,100537.16,100524.77
3724.563064168,2497,100528.24,97927.4,100524.33,103222.47,100530.96,100548.12,100534.19,100534.75
3724.583976868,2498,100526.35,97929.38,100521.34,103225.39,100533.94,100533.11,100551.35,100531.76
3724.606915309,2499,100540.24,97929.38,100528.35,103222.47,100530.96,100539.03,100543.3,100540.82
3724.627579256,2500,100533.3,97929.38,100528.35,103216.29,100529.92,100535.02,100546.27,100545.86
3724.648253972,2501,100538.36,97925.35,100520.31,103232.32,100530.96,100536.07,100535.25,100542.77
3724.668981201,2502,100532.24,97933.42,100532.36,103221.38,100528.87,100535.02,100545.42,100531.76
3724.689668073,2503,100530.35,97933.42,100529.37,103233.4,100544.08,100549.17,100542.24,100541.85
3724.710472571,2504,100530.35,97928.36,100529.37,103230.48,100527.99,100537.98,100535.25,100540.82
3724.731283546,2505,100537.3,97929.38,100529.37,103238.49,100527.99,100540.09,100535.25,100544.83
3724.751748232,2506,100528.24,97933.42,100513.31,103230.48,100526.94,100533.11,100534.19,100549.87
3724.774849925,2507,100528.24,97941.5,100524.33,103223.55,100522.76,100532.05,100535.05,100531.76
3724.795496288,2508,100522.12,97935.4,100520.31,103240.67,100525.9,100547.07,100544.36,100549.87
3724.816177542,2509,100520.23,97934.45,100522.37,103239.58,100526.94,100536.07,100540.33,100544.83
3724.837007971,2510,100524.24,97929.38,100512.28,103228.31,100526.94,100536.07,100535.25,100543.8
3724.857562982,2511,100532.24,97933.42,100529.37,103238.49,100525.9,100540.09,100535.25,100545.86
3724.878351607,2512,100541.3,97937.46,100533.39,103230.48,100534.99,100522.97,100537.16,100543.8
3724.898947166,2513,100537.3,97933.42,100527.32,103239.58,100522.92,100541.14,100537.16,100540.82
3724.919800734,2514,100533.3,97929.38,100522.37,103240.67,100539.01,100528.9,100538.22,100540.82
3724.942837166,2515,100521.29,97933.42,100533.39,103239.58,100516.81,100531.0,100535.25,100549.87
3724.963470861,2516,100536.24,97937.46,100532.36,103236.66,100526.94,100532.05,100542.24,100548.84
3724.984353122,2517,100533.3,97933.42,100528.35,103234.49,100534.99,100537.98,100543.3,100552.85
3725.004917839,2518,100522.35,97945.54,100532.36,103243.59,100522.76,100548.12,100543.3,100548.84
3725.025789833,2519,100531.18,97945.54,100524.33,103238.49,100534.99,100531.0,100535.25,100534.85
3725.04639786,2520,100533.3,97942.53,100520.31,103238.49,100532.9,100535.02,100542.24,100521.79
3725.067091952,2521,100528.24,97933.42,100530.4,103243.59,100530.96,100540.09,100541.19,100545.86
3725.09011493,2522,100528.24,97931.44,100512.28,103248.68,100534.99,100524.02,100534.19,100538.76
3725.110760452,2523,100537.3,97943.55,100528.35,103247.59,100530.96,100553.19,100539.28,100537.73
3725.131528834,2524,100528.24,97934.45,100525.36,103247.59,100534.99,100548.12,100542.24,100545.86
3725.15214534,2525,100537.3,97930.41,100524.33,103241.42,100527.83,100539.03,100543.3,100539.79
3725.172912363,2526,100532.24,97933.42,100520.31,103248.68,100533.94,100535.02,100533.13,100527.75
3725.193527761,2527,100520.23,97939.52,100528.35,103241.42,100540.05,100532.05,100542.24,100539.79
3725.214416877,2528,100529.29,97950.6,100524.33,103251.6,100541.99,100532.05,100545.21,100541.85
3725.235060575,2529,100520.23,97945.54,100530.4,103257.44,100525.9,100532.05,100543.3,100527.75
3725.25810196,2530,100530.35,97942.53,100524.33,103241.42,100528.87,100526.99,100539.28,100541.85
3725.278802554,2531,100533.3,97937.46,100527.32,103251.6,100539.01,100533.11,100535.25,100524.77
3725.299376557,2532,100542.36,97940.47,100525.36,103262.53,100529.92,100534.16,100535.25,100539.79
3725.31992278,2533,100529.29,97949.57,100535.35,103254.52,100522.92,100532.05,100531.22,100544.83
3725.340853246,2534,100530.12,97953.61,100527.32,103246.51,100534.99,100533.96,100546.27,100537.73
3725.361727874,2535,100533.3,97945.54,100531.33,103256.69,100534.99,100549.17,100543.3,100531.76
3725.382269826,2536,100537.3,97949.57,100529.37,103256.35,100528.87,100548.12,100544.36,100546.78
3725.402920703,2537,100532.24,97944.51,100524.33,103252.35,100524.85,100541.14,100527.2,100530.73
3725.426042884,2538,100530.35,97949.57,100511.25,103252.35,100526.94,100543.05,100538.22,100551.82
3725.446697936,2539,100520.23,97949.57,100520.31,103254.52,100528.87,100533.11,100538.22,100539.79
3725.467383587,2540,100535.18,97952.58,100530.4,103258.53,100522.92,100526.99,100539.28,100540.82
3725.488175083,2541,100534.35,97960.66,100520.31,103255.61,100524.85,100531.0,100541.39,100539.79
3725.508939587,2542,100528.24,97957.65,100528.35,103259.61,100529.92,100542.19,100543.3,100547.81
3725.5295746,2543,100528.24,97955.67,100520.31,103253.43,100524.85,100531.0,100541.19,100538.76
3725.550219787,2544,100537.3,97941.5,100528.35,103264.71,100536.03,100539.03,100539.28,100551.82
3725.570915847,2545,100534.35,97948.55,100528.35,103263.62,100525.9,100533.96,100538.22,100545.86
3725.594066009,2546,100529.29,97953.61,100529.37,103257.44,100526.94,100551.08,100536.31,100541.85
3725.614660265,2547,100529.29,97965.73,100521.34,103271.63,100516.81,100529.95,100544.36,100544.83
3725.635497617,2548,100530.35,97944.51,100512.28,103257.44,100526.94,100532.05,100544.36,100547.81
3725.656104119,2549,100544.24,97950.6,100524.33,103283.65,100534.99,100522.97,100537.36,100546.78
3725.676672457,2550,100531.41,97956.62,100520.31,103271.63,100525.9,100528.04,100539.28,100545.75
3725.697448285,2551,100540.24,97949.57,100533.39,103264.37,100536.03,100539.03,100545.42,100543.8
3725.718248475,2552,100537.3,97958.68,100530.4,103270.55,100526.94,100540.09,100534.19,100535.78
3725.738894989,2553,100532.24,97954.64,100520.31,103274.55,100530.96,100546.01,100536.31,100539.79
3725.7620553,2554,100517.06,97969.76,100528.35,103270.55,100533.05,100548.12,100539.28,100547.81
3725.782743484,2555,100532.24,97957.65,100521.34,103270.55,100537.08,100529.95,100534.19,100531.76
3725.803397875,2556,100546.36,97949.57,100528.35,103270.55,100530.96,100532.05,100533.13,100531.76
3725.824213942,2557,100530.35,97974.83,100536.38,103268.37,100534.99,100550.22,100543.3,100541.85
3725.844461461,2558,100530.35,97960.66,100526.39,103272.38,100533.94,100550.03,100533.13,100530.73
3725.865041125,2559,100535.18,97961.69,100520.31,103271.63,100530.96,100528.04,100534.19,100546.78
3725.885688638,2560,100539.41,97962.72,100530.4,103273.47,100528.87,100547.07,100541.19,100533.82
3725.906281962,2561,100536.24,97965.73,100519.29,103270.55,100532.01,100525.93,100547.33,100539.79
3725.929899162,2562,100520.23,97967.78,100528.35,103279.65,100525.9,100546.01,100539.28,100531.76
3725.950550714,2563,100525.29,97967.78,100524.33,103273.47,100543.03,100529.09,100543.3,100539.79
3725.971148563,2564,100532.24,97969.76,100520.31,103283.65,100526.94,100539.23,100533.34,100539.79
3725.991916355,2565,100526.12,97969.76,100524.33,103284.74,100525.9,100539.03,100544.36,100541.85
3726.012606501,2566,100530.35,97957.65,100524.33,103278.56,100529.92,100532.05,100531.22,100541.85
3726.032967411,2567,100529.29,97964.7,100534.32,103276.39,100526.94,100533.11,100543.3,100541.85
3726.053564265,2568,100536.24,97952.58,100529.37,103287.66,100530.96,100537.12,100544.36,100535.78
3726.074187176,2569,100542.36,97957.65,100524.33,103283.65,100527.99,100537.12,100544.36,100536.8
3726.097863953,2570,100540.24,97957.65,100526.29,103279.65,100534.99,100545.15,100535.25,100543.8
3726.118577553,2571,100528.24,97964.7,100528.35,103282.57,100543.03,100533.11,100545.42,100539.79
3726.139321198,2572,100524.24,97965.73,100532.36,103280.73,100530.96,100529.95,100551.35,100543.8
3726.16004186,2573,100536.24,97953.61,100528.35,103287.66,100530.96,100529.09,100546.47,100539.79
3726.18067075,2574,100526.35,97961.69,100520.31,103286.57,100534.99,100536.07,100547.53,100543.8
3726.201377169,2575,100538.36,97961.69,100518.26,103283.65,100526.94,100556.15,100537.36,100548.84
3726.221509346,2576,100528.24,97958.68,100524.33,103280.73,100521.87,100532.05,100545.42,100531.76
3726.242140525,2577,100532.24,97969.76,100525.36,103283.65,100527.99,100531.0,100535.25,100543.8
3726.265809807,2578,100530.35,97969.76,100531.33,103288.75,100522.92,100524.02,100549.44,100540.82
3726.286503897,2579,100529.29,97969.76,100522.37,103294.59,100526.94,100536.07,100549.44,100531.76
3726.307043407,2580,100537.3,97968.74,100528.35,103292.41,100539.9,100531.0,100545.42,100543.8
3726.327953625,2581,100533.3,97969.76,100520.31,103287.66,100524.85,100536.07,100557.5,100539.79
3726.348326992,2582,100541.3,97969.76,100524.33,103285.49,100518.9,100532.05,100541.39,100539.79
3726.368857415,2583,100538.36,97969.76,100524.33,103300.77,100537.08,100540.09,100547.33,100540.82
3726.389557963,2584,100528.24,97969.76,100523.3,103281.48,100518.9,100537.12,100545.42,100548.84
3726.413223563,2585,100534.35,97975.86,100524.33,103294.59,100526.94,100540.09,100540.33,100534.75
3726.433752324,2586,100529.29,97981.88,100513.31,103299.68,100528.87,100531.0,100538.42,100532.79
3726.454425057,2587,100542.36,97958.68,100532.36,103287.66,100534.99,100535.02,100547.53,100539.79
3726.475032107,2588,100534.35,97965.73,100528.35,103287.66,100524.85,100535.02,100546.47,100539.79
3726.495660545,2589,100537.3,97964.7,100529.37,103288.75,100533.05,100557.2,100537.36,100528.78
3726.516215588,2590,100532.24,97972.77,100524.33,103286.57,100533.94,100539.03,100545.42,100539.79
3726.53690556,2591,100526.12,97966.75,100527.32,103288.75,100529.92,100524.02,100537.36,100548.84
3726.557415488,2592,100538.36,97972.77,100526.29,103286.57,100528.87,100534.16,100542.45,100543.8
3726.581122118,2593,100525.29,97973.8,100516.3,103303.69,100530.96,100532.05,100539.28,100530.73
3726.601856984,2594,100526.35,97973.8,100524.33,103284.4,100537.08,100533.11,100549.44,100540.82
3726.622384696,2595,100532.24,97971.82,100520.31,103280.39,100539.01,100529.95,100541.39,100531.76
3726.643881772,2596,100540.24,97981.88,100523.3,103288.41,100526.94,100531.0,100535.25,100545.86
3726.663522247,2597,100535.41,97966.75,100519.29,103288.75,100533.94,100532.05,100553.47,100539.79
3726.684169148,2598,100541.3,97970.79,100519.29,103286.57,100525.9,100534.16,100539.28,100539.79
3726.704783855,2599,100541.3,97986.94,100532.36,103296.42,100529.92,100535.02,100543.3,100547.81
3726.725361901,2600,100544.24,97973.8,100520.31,103292.41,100527.99,100540.09,100529.31,100544.83
3726.749150112,2601,100534.35,97973.8,100525.36,103292.41,100525.9,100524.02,100543.3,100545.86
3726.769793463,2602,100533.3,97977.84,100526.39,103296.42,100532.01,100549.17,100544.36,100548.84
3726.790344593,2603,100533.3,97973.8,100524.33,103302.6,100525.9,100541.14,100545.42,100539.79
3726.811017705,2604,100520.23,97980.85,100524.33,103299.68,100522.92,100537.12,100535.25,100549.87
3726.831553595,2605,100522.35,97981.88,100529.37,103297.51,100526.94,100532.05,100541.39,100533.82
3726.852179704,2606,100542.36,97973.8,100519.29,103292.75,100529.03,100533.11,100539.28,100548.84
3726.872805661,2607,100545.3,97975.86,100524.33,103296.76,100530.96,100544.1,100541.39,100544.83
3726.893400632,2608,100528.24,97975.86,100520.31,103296.76,100526.94,100525.07,100535.25,100543.8
3726.917038219,2609,100533.3,97973.8,100522.37,103304.77,100525.9,100543.05,100545.42,100549.87
3726.937712439,2610,100534.35,97986.94,100527.42,103302.6,100530.96,100531.0,100553.47,100539.79
3726.958351171,2611,100536.24,97969.76,100530.4,103304.77,100525.9,100549.17,100544.36,100539.79
3726.978897512,2612,100530.35,97981.88,100520.31,103297.51,100532.9,100556.15,100548.39,100540.82
3726.999497376,2613,100526.35,97992.01,100525.36,103302.6,100533.05,100549.17,100533.34,100547.81
3727.020150344,2614,100530.35,98000.09,100529.37,103296.76,100534.99,100540.09,100535.25,100534.85
3727.040709356,2615,100536.24,97995.02,100532.36,103303.69,100533.05,100532.05,100544.36,100547.81
3727.061491794,2616,100532.24,97973.8,100541.42,103302.6,100536.03,100529.95,100533.34,100539.79
3727.084984424,2617,100528.24,97981.88,100524.33,103303.69,100532.9,100540.09,100545.42,100535.78
3727.105575186,2618,100529.29,97982.91,100520.31,103304.77,100536.03,100525.07,100535.25,100532.79
3727.126192513,2619,100521.29,97977.84,100520.31,103296.76,100530.96,100538.18,100546.47,100539.79
3727.14678062,2620,100528.24,97982.91,100528.35,103299.68,100521.87,100542.19,100544.36,100539.79
3727.167401971,2621,100525.29,97995.02,100525.36,103304.77,100530.96,100536.07,100544.36,100543.8
3727.188022076,2622,100534.35,97981.88,100514.34,103307.69,100536.03,100540.09,100549.44,100530.73
3727.208637687,2623,100528.24,97989.95,100530.4,103311.7,100543.03,100536.07,100551.56,100532.79
3727.229255452,2624,100528.24,97996.05,100521.34,103303.69,100536.03,100533.11,100527.2,100545.86
3727.253004278,2625,100529.29,97977.84,100530.4,103303.69,100527.99,100532.05,100545.42,100532.79
3727.273654877,2626,100532.24,97981.88,100529.37,103303.69,100536.03,100537.12,100541.39,100542.87
3727.294180073,2627,100536.24,97987.97,100529.37,103310.61,100532.9,100548.12,100539.28,100533.82
3727.314829857,2628,100537.3,97993.99,100526.29,103304.77,100526.94,100532.05,100549.44,100539.79
3727.33538236,2629,100526.35,97981.88,100519.29,103311.7,100525.9,100536.07,100549.44,100545.86
3727.356034312,2630,100525.29,97973.8,100526.39,103303.69,100539.01,100540.09,100537.36,100549.87
3727.376597653,2631,100536.24,97984.89,100528.35,103312.79,100530.96,100550.22,100545.42,100555.83
3727.397246762,2632,100528.24,97984.89,100526.39,103310.61,100534.99,100532.05,100545.42,100539.79
3727.420892271,2633,100525.29,97985.92,100534.42,103306.61,100543.03,100532.05,100539.28,100540.82
3727.441561174,2634,100536.24,97989.95,100521.34,103304.77,100533.05,100524.02,100545.42,100542.77
3727.462108424,2635,100524.24,97980.85,100528.35,103310.61,100526.94,100541.14,100539.28,100539.79
3727.482644999,2636,100527.18,97985.92,100520.31,103295.67,100532.01,100542.19,100535.25,100531.76
3727.50328134,2637,100529.29,97981.88,100524.33,103310.61,100518.9,100550.22,100535.25,100541.85
3727.523889024,2638,100530.35,97973.8,100530.4,103302.6,100526.94,100528.04,100544.36,100540.82
3727.544507118,2639,100528.24,97990.98,100520.31,103308.78,100530.96,100533.11,100543.3,100550.9
3727.565107276,2640,100530.35,97993.99,100525.36,103312.79,100519.94,100539.03,100532.28,100540.82
3727.588894952,2641,100529.29,98006.11,100530.4,103320.8,100533.94,100540.09,100535.25,100549.87
3727.609532113,2642,100537.3,97985.92,100526.29,103312.79,100533.94,100548.12,100542.45,100539.79
3727.630120086,2643,100532.24,97988.93,100524.33,103320.8,100532.9,100539.03,100541.39,100549.87
3727.650757269,2644,100529.29,97992.01,100529.37,103310.61,100532.01,100534.16,100535.25,100536.8
3727.671272663,2645,100529.29,97998.03,100525.36,103312.79,100526.94,100532.05,100545.42,100542.87
3727.691926948,2646,100529.29,97981.88,100528.35,103307.69,100521.87,100541.14,100541.39,100536.8
3727.712595086,2647,100540.24,97990.98,100524.33,103304.77,100516.81,100548.12,100526.14,100545.86
3727.736274107,2648,100534.35,97989.95,100516.3,103319.71,100526.94,100532.05,100543.3,100540.82
3727.75683199,2649,100546.36,97988.93,100533.39,103324.81,100533.94,100552.13,100549.44,100547.92
3727.777443877,2650,100528.24,97990.98,100520.31,103311.7,100529.03,100540.09,100541.39,100541.85
3727.798027339,2651,100530.35,97998.03,100520.31,103315.71,100527.99,100532.05,100541.39,100547.81
3727.818627016,2652,100528.24,98001.04,100520.31,103306.61,100534.99,100548.12,100539.28,100527.75
3727.839275795,2653,100536.24,97995.97,100521.34,103327.73,100526.94,100541.14,100543.3,100544.83
3727.859886218,2654,100529.29,97989.95,100524.33,103319.71,100536.03,100551.08,100543.3,100539.79
3727.880535474,2655,100534.35,97999.06,100532.36,103327.73,100518.9,100542.19,100544.36,100540.82
3727.904145689,2656,100530.35,97992.01,100530.4,103312.45,100529.92,100547.26,100553.47,100540.82
3727.924782439,2657,100529.29,97985.92,100530.4,103310.61,100533.05,100548.12,100545.42,100533.82
3727.945369412,2658,100537.3,97990.98,100512.28,103319.71,100530.96,100532.05,100537.36,100541.85
3727.966021266,2659,100538.36,97993.99,100533.39,103311.7,100526.94,100534.16,100549.44,100539.79
3727.986610619,2660,100530.35,97998.03,100528.35,103320.8,100526.94,100529.09,100545.42,100541.85
3728.007269765,2661,100530.35,97998.03,100528.35,103316.79,100526.94,100535.02,100539.28,100542.87
3728.027864572,2662,100520.23,97998.03,100525.36,103312.79,100525.9,100522.11,100533.34,100535.78
3728.048490438,2663,100545.3,97998.03,100522.37,103311.7,100526.94,100532.05,100537.36,100543.8
3728.07215196,2664,100541.3,97993.99,100528.35,103320.8,100526.94,100531.0,100539.28,100535.88
3728.092867924,2665,100525.29,98000.09,100528.35,103319.71,100526.94,100542.19,100544.36,100532.79
3728.11353513,2666,100538.36,97998.03,100525.36,103327.73,100526.94,100535.21,100537.36,100545.86
3728.133937859,2667,100538.36,97998.03,100522.37,103324.81,100525.9,100532.05,100535.25,100540.82
3728.154565827,2668,100542.36,98003.1,100518.26,103323.72,100536.03,100544.1,100543.3,100540.82
3728.175132167,2669,100537.3,97997.0,100532.36,103324.81,100536.03,100537.12,100536.31,100542.87
3728.195758832,2670,100530.35,97993.99,100524.33,103326.64,100528.87,100536.07,100541.39,100550.9
3728.216368976,2671,100528.24,97999.06,100530.4,103328.81,100525.9,100551.08,100539.28,100541.85
3728.24013679,2672,100533.3,98006.11,100525.36,103319.71,100528.87,100536.07,100543.3,100549.87
3728.260731733,2673,100529.29,97998.03,100533.39,103329.9,100536.03,100534.16,100537.36,100545.86
3728.281296348,2674,100532.24,97993.99,100524.33,103319.71,100522.92,100533.11,100553.47,100553.88
3728.301887318,2675,100534.35,97998.03,100533.39,103330.65,100525.9,100536.07,100545.42,100539.79
3728.322516154,2676,100534.35,97996.05,100526.39,103323.72,100526.94,100533.11,100537.36,100541.85
3728.343163913,2677,100530.35,97993.99,100520.31,103329.56,100526.78,100536.07,100531.22,100543.8
3728.363738701,2678,100530.35,98006.11,100534.42,103331.73,100530.96,100526.99,100535.25,100534.85
3728.384318337,2679,100530.35,97998.03,100519.29,103328.81,100534.99,100537.98,100545.42,100545.86
3728.408025209,2680,100545.3,98002.07,100533.39,103323.72,100534.99,100548.12,100549.44,100540.82
3728.428662128,2681,100530.35,98002.07,100533.39,103324.81,100524.85,100531.0,100535.25,100536.8
3728.449270447,2682,100522.35,98002.07,100532.36,103328.81,100534.99,100529.09,100539.28,100541.85
3728.469867789,2683,100526.12,98006.11,100525.36,103332.82,100532.9,100544.3,100551.35,100535.78
3728.49042809,2684,100541.3,97997.0,100529.37,103336.83,100534.99,100550.22,100535.25,100543.9
3728.511090697,2685,100532.24,98002.07,100530.4,103328.81,100536.03,100532.05,100541.39,100545.86
3728.531548516,2686,100538.36,98003.1,100520.31,103326.64,100533.94,100534.16,100535.25,100540.82
3728.552341858,2687,100538.36,98012.2,100521.34,103320.8,100536.03,100540.09,100542.45,100528.78
3728.575960391,2688,100529.29,98015.21,100528.35,103332.82,100530.96,100540.09,100531.22,100533.82
3728.596613732,2689,100533.3,98002.07,100522.37,103328.81,100530.96,100541.14,100541.39,100545.86
3728.617226499,2690,100532.24,98002.07,100521.34,103331.73,100524.85,100541.14,100544.36,100532.79
3728.637802391,2691,100529.29,98006.11,100528.35,103332.82,100525.9,100532.05,100545.42,100540.82
3728.658414514,2692,100525.29,98014.18,100522.37,103323.72,100534.99,100532.05,100538.42,100531.76
3728.67905015,2693,100534.35,98006.11,100524.33,103328.81,100532.01,100533.11,100543.3,100533.82
3728.699595586,2694,100528.24,98014.18,100528.35,103319.71,100526.94,100537.12,100538.22,100543.8
3728.720284575,2695,100530.35,98005.08,100527.42,103328.81,100534.99,100533.11,100537.36,100544.83
3728.743975343,2696,100532.24,98003.1,100532.36,103330.65,100530.96,100536.07,100553.47,100539.79
3728.764499703,2697,100536.24,97998.03,100528.35,103324.81,100526.94,100537.12,100542.24,100541.85
3728.785135287,2698,100546.36,98005.08,100520.31,103328.81,100539.01,100529.09,100539.28,100540.82
3728.805796767,2699,100530.35,97998.03,100520.31,103332.82,100526.94,100536.07,100543.3,100537.83
3728.826409311,2700,100530.35,98006.11,100524.33,103334.65,100522.92,100525.07,100543.51,100546.89
3728.84695234,2701,100524.24,98006.11,100524.33,103335.74,100524.85,100526.13,100545.42,100539.79
3728.867632084,2702,100529.29,98016.24,100524.33,103328.81,100533.94,100537.12,100545.42,100548.84
3728.891314545,2703,100533.3,98017.19,100514.34,103336.83,100526.94,100541.14,100547.33,100547.81
3728.911961443,2704,100526.35,98010.14,100512.28,103336.83,100527.99,100540.09,100546.47,100544.83
3728.932526233,2705,100522.35,98014.18,100520.31,103335.74,100529.92,100533.11,100547.53,100541.85
3728.953130864,2706,100528.24,98019.25,100526.29,103335.74,100524.85,100540.09,100546.47,100549.87
3728.973768783,2707,100528.24,98014.18,100524.33,103327.73,100532.01,100533.11,100545.42,100540.82
3728.994441931,2708,100529.29,98015.21,100520.31,103335.74,100530.96,100528.04,100539.28,100535.88
3729.014988113,2709,100545.3,98013.15,100520.31,103332.82,100532.01,100532.05,100537.36,100521.68
3729.035540062,2710,100530.35,98023.29,100520.31,103335.74,100543.03,100528.04,100536.31,100541.85
3729.05926717,2711,100538.36,98026.3,100529.37,103335.74,100526.94,100531.0,100548.39,100541.85
3729.079860104,2712,100534.35,98014.18,100521.34,103333.56,100534.99,100536.07,100536.31,100541.85
3729.100477991,2713,100541.3,98014.18,100528.35,103340.83,100527.99,100541.14,100543.3,100540.82
3729.121153771,2714,100538.36,98022.26,100522.37,103331.73,100536.92,100525.07,100537.36,100545.86
3729.141726748,2715,100530.35,98006.11,100525.36,103336.83,100537.08,100551.28,100531.22,100540.82
3729.162286798,2716,100517.29,98014.18,100524.33,103337.91,100541.1,100532.05,100537.36,100533.82
3729.182949111,2717,100528.24,98014.18,100516.3,103336.83,100533.94,100540.09,100540.33,100539.79
3729.20349713,2718,100530.35,98007.13,100522.37,103335.74,100523.96,100537.12,100545.42,100544.83
3729.22723759,2719,100529.29,98015.21,100532.36,103336.83,100534.99,100537.12,100546.47,100533.82
3729.247860295,2720,100527.41,98021.23,100528.35,103348.85,100526.94,100531.0,100545.42,100540.82
3729.268536485,2721,100536.24,98006.11,100520.31,103334.65,100526.94,100532.05,100537.36,100539.79
3729.289055826,2722,100537.3,98010.14,100529.37,103341.92,100537.08,100541.14,100542.24,100537.83
3729.309647094,2723,100529.29,98014.18,100526.39,103340.83,100530.96,100532.05,100543.51,100549.87
3729.330230139,2724,100530.35,98016.16,100522.27,103340.83,100529.03,100540.09,100544.36,100525.8
3729.350757691,2725,100530.35,98017.19,100524.33,103335.74,100518.9,100536.07,100545.42,100541.85
3729.371478219,2726,100537.3,98014.18,100532.36,103337.91,100539.01,100532.05,100543.3,100533.82
3729.395200866,2727,100530.35,98022.26,100520.31,103343.75,100532.01,100548.12,100543.3,100545.86
3729.41582744,2728,100534.35,98014.18,100511.25,103336.83,100523.96,100533.11,100541.39,100541.85
3729.436355705,2729,100536.24,98024.32,100520.31,103331.73,100527.99,100549.17,100547.33,100541.85
3729.456971894,2730,100529.29,98019.25,100525.36,103339.75,100533.05,100536.07,100537.36,100545.86
3729.477603682,2731,100529.29,98014.18,100522.37,103344.84,100533.94,100549.17,100536.31,100544.83
3729.498214565,2732,100529.29,98018.22,100529.37,103336.83,100534.99,100548.12,100537.36,100551.93
3729.518822956,2733,100521.29,98020.2,100519.29,103345.93,100530.96,100532.05,100535.25,100545.86
3729.539438352,2734,100538.36,98014.18,100519.29,103344.84,100526.94,100532.05,100535.25,100548.84
3729.563115054,2735,100538.36,98009.12,100525.36,103339.75,100532.01,100541.14,100529.31,100543.9
3729.583705828,2736,100526.35,98026.3,100529.37,103332.82,100532.01,100537.12,100535.25,100552.85
3729.604366924,2737,100528.24,98014.18,100536.38,103338.66,100526.94,100541.14,100535.25,100541.85
3729.624996422,2738,100522.35,98023.29,100521.34,103340.83,100530.96,100531.0,100544.36,100544.83
3729.645488056,2739,100542.36,98018.22,100532.36,103352.85,100533.05,100550.22,100548.39,100539.79
3729.666126751,2740,100529.29,98023.29,100516.3,103340.83,100526.94,100534.16,100543.3,100540.82
3729.686726799,2741,100534.35,98022.26,100524.33,103339.75,100526.94,100533.11,100535.25,100531.76
3729.707300001,2742,100542.36,98027.32,100516.3,103344.84,100533.05,100539.03,100537.36,100539.79
3729.731103098,2743,100530.35,98030.33,100524.33,103352.85,100526.94,100548.12,100534.19,100539.79
3729.751655018,2744,100522.35,98014.18,100524.33,103340.83,100534.99,100532.05,100545.42,100539.79
3729.772271075,2745,100534.35,98014.18,100520.31,103336.83,100530.96,100529.09,100542.24,100541.85
3729.792884187,2746,100530.35,98022.26,100530.4,103360.87,100537.08,100532.05,100535.25,100549.87
3729.813652171,2747,100524.24,98023.29,100527.32,103352.85,100526.94,100526.13,100541.39,100533.82
3729.834093357,2748,100529.29,98024.32,100513.31,103352.85,100526.94,100528.04,100545.42,100542.87
3729.854698818,2749,100531.41,98030.33,100526.39,103340.83,100530.96,100528.04,100541.39,100548.84
3729.875262232,2750,100529.29,98019.25,100512.28,103340.83,100534.99,100544.1,100539.28,100537.83
3729.898975486,2751,100537.3,98020.28,100516.3,103335.74,100529.03,100532.05,100532.28,100536.8
3729.919650954,2752,100540.24,98023.29,100524.33,103360.87,100533.05,100528.04,100541.39,100542.87
3729.940221955,2753,100534.35,98028.35,100529.37,103347.76,100539.01,100528.04,100545.42,100533.82
3729.960841417,2754,100529.29,98014.18,100503.22,103352.85,100540.05,100535.02,100545.42,100546.89
3729.981492644,2755,100530.35,98031.36,100536.38,103349.59,100526.94,100532.05,100536.31,100541.85
3730.002057071,2756,100533.3,98015.21,100527.32,103344.84,100536.03,100536.07,100539.28,100547.81
3730.023829673,2757,100528.24,98028.35,100520.31,103348.85,100526.94,100536.07,100541.39,100541.85
3730.044035958,2758,100534.35,98030.33,100512.28,103353.94,100530.96,100533.11,100545.42,100541.85
3730.066961693,2759,100534.35,98022.26,100520.31,103340.83,100530.96,100528.04,100545.42,100539.79
3730.087578471,2760,100528.24,98022.26,100516.3,103351.77,100530.96,100537.12,100541.39,100541.85
3730.108228711,2761,100530.35,98018.22,100528.35,103348.85,100530.96,100542.19,100543.3,100541.85
3730.128807257,2762,100525.29,98038.41,100534.42,103343.75,100527.99,100521.92,100535.25,100541.85
3730.149397706,2763,100539.41,98024.32,100530.4,103348.85,100521.87,100544.1,100542.45,100541.85
3730.170045075,2764,100527.41,98021.23,100533.39,103352.85,100534.99,100536.07,100540.33,100541.85
3730.190601544,2765,100530.35,98029.31,100518.26,103360.87,100534.99,100540.09,100533.34,100541.85
3730.214377865,2766,100534.35,98024.32,100524.33,103343.75,100536.03,100546.01,100541.39,100541.85
3730.234969287,2767,100528.47,98023.29,100512.28,103353.94,100529.03,100542.19,100544.36,100531.76
3730.255598226,2768,100530.35,98025.27,100526.39,103352.85,100533.05,100532.05,100551.35,100541.85
3730.276156103,2769,100530.35,98023.29,100537.41,103352.85,100526.94,100550.22,100543.3,100536.8
3730.296860268,2770,100534.35,98031.36,100527.32,103352.85,100530.08,100540.09,100543.3,100540.82
3730.317435731,2771,100522.35,98023.29,100524.33,103352.85,100527.99,100526.13,100543.3,100545.86
3730.33813106,2772,100542.36,98024.32,100528.35,103356.86,100527.99,100535.21,100544.36,100539.79
3730.358531083,2773,100522.35,98026.3,100530.4,103355.03,100527.99,100546.01,100544.36,100542.87
3730.382357949,2774,100534.35,98025.27,100521.34,103348.85,100536.03,100533.11,100537.36,100532.79
3730.402949143,2775,100529.29,98027.32,100531.43,103352.85,100526.94,100540.09,100538.22,100532.79
3730.423641344,2776,100536.24,98031.36,100528.35,103352.85,100530.96,100528.04,100544.36,100542.87
3730.444213696,2777,100535.41,98028.35,100526.29,103352.85,100537.08,100549.17,100543.3,100540.82
3730.464734345,2778,100542.36,98032.39,100526.39,103352.85,100534.99,100532.05,100535.25,100546.89
3730.485412656,2779,100522.35,98031.36,100520.31,103348.85,100526.94,100541.14,100543.3,100532.79
3730.505997289,2780,100530.35,98027.32,100513.31,103352.85,100533.05,100550.22,100541.19,100531.76
3730.52665768,2781,100535.41,98034.37,100532.36,103347.76,100527.99,100550.22,100544.36,100539.79
3730.550304505,2782,100532.47,98033.34,100536.38,103356.86,100524.85,100548.12,100535.25,100545.86
3730.570902255,2783,100538.36,98040.47,100536.38,103352.85,100537.08,100528.04,100545.42,100540.82
3730.59148672,2784,100529.29,98030.33,100520.31,103360.87,100527.99,100538.18,100543.3,100541.85
3730.612100811,2785,100534.35,98032.39,100526.29,103360.87,100538.12,100541.14,100547.33,100541.85
3730.632791313,2786,100530.35,98018.22,100511.25,103360.87,100533.05,100532.05,100552.41,100538.86
3730.653316073,2787,100531.41,98032.31,100522.37,103355.03,100527.99,100533.11,100539.28,100548.84
3730.673986879,2788,100530.35,98030.33,100516.3,103352.85,100530.96,100540.28,100547.33,100543.9
3730.694490321,2789,100532.47,98040.47,100525.36,103352.85,100529.03,100540.09,100543.3,100541.85
3730.718170281,2790,100539.41,98030.33,100520.31,103351.02,100525.9,100537.12,100551.35,100536.8
3730.73876667,2791,100534.35,98031.36,100532.36,103348.85,100529.03,100535.02,100539.28,100540.82
3730.759385138,2792,100530.35,98022.26,100520.31,103353.94,100534.99,100532.05,100537.36,100542.87
3730.780060536,2793,100532.47,98034.37,100520.31,103352.85,100527.99,100544.1,100539.28,100541.85
3730.80065558,2794,100530.35,98032.39,100528.35,103352.85,100522.92,100533.11,100542.24,100528.78
3730.821241854,2795,100529.29,98022.26,100524.33,103352.85,100537.08,100549.17,100535.25,100543.8
3730.841954277,2796,100530.35,98030.33,100524.33,103352.85,100529.03,100534.16,100543.3,100541.85
3730.862479709,2797,100535.41,98023.29,100520.31,103355.03,100537.08,100532.05,100544.36,100541.85
3730.886141219,2798,100521.29,98030.33,100522.37,103353.94,100519.94,100528.04,100543.3,100543.9
3730.906796903,2799,100529.29,98032.39,100519.29,103357.95,100526.05,100541.14,100543.3,100541.85
3730.927401991,2800,100530.35,98024.32,100528.35,103360.87,100527.99,100533.11,100536.31,100548.84
3730.948087784,2801,100530.35,98030.33,100517.33,103352.85,100529.03,100532.05,100545.42,100534.85
3730.968636661,2802,100535.41,98027.32,100527.32,103360.87,100529.03,100532.05,100535.25,100543.8
3730.989249862,2803,100530.35,98031.36,100521.34,103360.87,100529.03,100528.04,100547.33,100547.81
3731.009882188,2804,100526.35,98022.26,100532.36,103359.03,100518.9,100525.07,100537.36,100545.86
3731.030458681,2805,100535.41,98015.21,100528.35,103360.87,100536.03,100550.22,100535.25,100548.84
3731.054126037,2806,100524.24,98020.28,100529.37,103358.69,100533.05,100532.05,100545.42,100537.83
3731.07475498,2807,100531.41,98015.21,100526.39,103360.87,100530.96,100540.09,100537.36,100544.83
3731.095341036,2808,100529.29,98028.35,100534.42,103352.85,100537.08,100534.16,100529.11,100539.79
3731.11591927,2809,100538.36,98023.29,100514.24,103364.13,100529.03,100532.05,100542.24,100541.85
3731.136515348,2810,100529.29,98033.42,100525.36,103352.85,100537.08,100533.11,100539.28,100535.78
3731.157186674,2811,100530.35,98034.37,100531.33,103368.88,100545.12,100536.07,100545.42,100534.85
3731.177700146,2812,100530.35,98022.26,100524.33,103360.87,100527.99,100532.05,100541.39,100541.85
3731.198295969,2813,100541.3,98032.39,100519.29,103365.96,100532.01,100541.14,100538.42,100536.8
3731.222062466,2814,100524.47,98030.33,100521.34,103360.87,100525.01,100535.02,100535.25,100537.83
3731.242651356,2815,100534.35,98022.26,100525.36,103360.87,100526.94,100542.19,100537.36,100539.79
3731.263250195,2816,100538.36,98024.32,100525.36,103364.87,100527.99,100540.09,100533.34,100549.87
3731.283873612,2817,100534.35,98014.18,100524.33,103352.85,100532.01,100528.04,100540.33,100547.81
3731.304474997,2818,100529.29,98015.21,100520.31,103360.87,100527.99,100550.22,100535.45,100545.86
3731.325046087,2819,100529.29,98029.31,100524.33,103360.87,100532.01,100532.05,100539.48,100535.78
3731.345679478,2820,100530.35,98031.36,100524.33,103364.87,100536.03,100534.16,100547.53,100544.83
3731.366283585,2821,100533.3,98032.39,100525.36,103364.87,100526.94,100534.16,100545.42,100545.86
3731.389983232,2822,100528.24,98022.26,100511.25,103368.88,100519.94,100533.11,100541.39,100545.86
3731.410613136,2823,100530.35,98016.24,100520.31,103353.94,100519.94,100528.04,100545.42,100543.8
3731.431239954,2824,100526.12,98034.37,100521.34,103367.79,100530.08,100532.05,100546.47,100535.78
3731.451821485,2825,100538.36,98015.21,100524.33,103371.05,100526.94,100525.07,100539.28,100531.76
3731.472527873,2826,100529.29,98031.36,100521.34,103371.05,100526.94,100534.16,100536.31,100543.8
3731.493310066,2827,100538.36,98027.32,100525.36,103360.87,100537.08,100533.11,100548.39,100535.78
3731.514113265,2828,100529.29,98019.25,100537.41,103361.95,100525.01,100539.03,100541.39,100549.87
3731.537363251,2829,100534.35,98013.15,100524.33,103363.04,100539.01,100532.05,100536.31,100540.82
3731.557954743,2830,100536.24,98018.22,100522.37,103368.88,100530.96,100531.0,100541.39,100547.81
3731.578546224,2831,100530.35,98024.32,100529.37,103364.87,100527.99,100542.19,100545.42,100534.75
3731.599160778,2832,100530.35,98018.22,100530.4,103367.79,100529.03,100536.07,100548.39,100548.84
3731.619789621,2833,100527.18,98013.15,100529.37,103369.97,100533.05,100537.12,100539.28,100539.79
3731.640484092,2834,100534.35,98022.26,100532.36,103365.96,100525.01,100532.05,100544.36,100539.79
3731.661031671,2835,100529.29,98022.26,100520.31,103364.87,100540.05,100533.11,100543.3,100539.79
3731.681608403,2836,100530.35,98031.36,100544.41,103364.87,100526.94,100534.16,100535.25,100540.82
3731.705326015,2837,100532.24,98027.32,100524.33,103364.87,100537.08,100536.07,100547.53,100535.78
3731.726024348,2838,100536.24,98018.22,100522.37,103371.05,100526.94,100541.14,100544.36,100531.76
3731.74666013,2839,100538.36,98030.33,100529.37,103367.05,100534.99,100541.14,100537.36,100543.8
3731.767207799,2840,100521.29,98016.24,100528.35,103364.87,100527.99,100536.07,100546.47,100535.78
3731.787822867,2841,100530.35,98022.26,100528.35,103368.88,100536.03,100532.05,100537.36,100531.76
3731.808348609,2842,100529.29,98030.33,100526.39,103365.96,100539.01,100536.07,100546.47,100535.78
3731.828974359,2843,100534.35,98014.18,100520.31,103371.8,100536.03,100540.09,100531.22,100547.81
3731.849740754,2844,100526.35,98018.22,100521.34,103369.97,100529.03,100541.14,100545.42,100539.79
3731.873337142,2845,100532.24,98029.31,100520.31,103360.87,100527.99,100529.09,100540.33,100540.82
3731.894271892,2846,100528.24,98023.29,100522.37,103364.87,100527.99,100536.07,100543.3,100540.82
3731.914665756,2847,100530.35,98030.33,100524.33,103371.05,100534.99,100532.05,100542.45,100544.83
3731.935251321,2848,100537.3,98030.33,100512.28,103368.88,100536.03,100532.05,100541.39,100531.76
3731.955773369,2849,100537.3,98015.21,100538.44,103368.88,100529.03,100536.26,100536.31,100540.82
3731.976311496,2850,100525.29,98018.22,100513.31,103364.87,100527.99,100535.21,100535.25,100539.79
3731.996993101,2851,100526.35,98030.33,100520.31,103371.05,100526.94,100541.14,100549.44,100541.85
3732.01749926,2852,100533.3,98018.22,100534.42,103364.87,100529.03,100540.09,100537.36,100535.78
3732.041292637,2853,100529.29,98032.39,100524.33,103376.89,100529.03,100531.0,100537.36,100540.82
3732.061870235,2854,100541.3,98031.36,100521.34,103368.88,100527.99,100540.09,100545.42,100531.76
3732.08247961,2855,100541.3,98020.28,100537.41,103371.05,100527.99,100540.09,100537.36,100539.79
3732.103187333,2856,100529.29,98024.32,100520.31,103369.97,100527.99,100541.14,100543.3,100536.8
3732.123803313,2857,100530.35,98022.26,100524.33,103364.87,100531.12,100528.04,100546.47,100541.85
3732.144368473,2858,100528.24,98016.24,100528.35,103365.96,100533.05,100533.11,100544.36,100540.82
3732.164972664,2859,100545.3,98032.39,100529.37,103371.05,100527.99,100532.05,100543.3,100543.8
3732.185525112,2860,100534.35,98022.26,100530.4,103368.88,100532.01,100532.05,100539.28,100539.79
3732.209247101,2861,100530.35,98032.39,100524.33,103369.97,100530.96,100532.05,100537.36,100539.79
3732.229868606,2862,100522.35,98020.28,100532.36,103360.87,100532.01,100541.14,100549.44,100539.79
3732.250509339,2863,100522.35,98014.18,100528.35,103371.05,100532.01,100528.04,100541.39,100541.85
3732.271078216,2864,100530.35,98026.3,100527.32,103368.88,100525.01,100548.12,100537.36,100540.82
3732.291649347,2865,100530.35,98014.18,100529.37,103369.97,100518.9,100531.0,100546.47,100541.85
3732.312262119,2866,100534.35,98018.22,100524.33,103368.88,100537.08,100540.09,100541.39,100545.86
3732.332834767,2867,100530.35,98023.29,100528.35,103369.97,100530.08,100539.03,100545.42,100543.8
3732.353439169,2868,100529.29,98018.22,100530.4,103372.89,100534.1,100537.12,100541.39,100524.77
3732.377219691,2869,100529.29,98031.36,100538.44,103371.05,100529.03,100535.02,100536.31,100539.79
3732.397784728,2870,100526.35,98032.39,100530.4,103375.06,100525.01,100529.95,100538.42,100539.79
3732.418373594,2871,100530.35,98019.25,100520.31,103376.89,100526.94,100541.14,100540.33,100531.76
3732.439076853,2872,100530.35,98028.35,100521.34,103360.87,100527.99,100542.19,100538.42,100543.8
3732.459539478,2873,100528.24,98027.32,100529.37,103376.89,100525.01,100533.11,100540.33,100536.8
3732.480245947,2874,100533.3,98018.22,100514.34,103371.05,100521.87,100533.11,100541.39,100545.86
3732.500950454,2875,100538.36,98026.3,100529.37,103368.88,100541.1,100536.07,100545.42,100539.79
3732.52145894,2876,100529.29,98019.25,100521.34,103368.88,100522.03,100536.07,100546.47,100537.83
3732.545195453,2877,100530.35,98030.33,100524.33,103372.89,100537.08,100547.07,100539.28,100539.79
3732.565767501,2878,100534.35,98014.18,100520.31,103368.88,100526.94,100532.05,100537.36,100532.79
3732.5863299,2879,100542.36,98030.33,100510.32,103369.97,100532.01,100533.11,100545.42,100533.82
3732.606872908,2880,100530.35,98030.33,100529.37,103376.89,100536.03,100527.18,100551.56,100540.82
3732.627488332,2881,100542.36,98030.33,100521.34,103376.89,100529.03,100541.14,100535.25,100548.84
3732.648096666,2882,100529.29,98034.37,100524.33,103377.98,100530.96,100533.11,100543.3,100537.83
3732.668791004,2883,100530.35,98022.26,100531.43,103376.89,100529.03,100529.09,100544.36,100548.84
3732.692486037,2884,100546.36,98031.36,100527.42,103369.97,100539.01,100536.07,100537.36,100554.91
3732.713120824,2885,100528.24,98024.24,100524.33,103368.88,100527.99,100539.23,100545.42,100532.79
3732.733704855,2886,100550.36,98022.26,100522.37,103368.88,100520.99,100534.16,100537.36,100543.8
3732.754259585,2887,100530.35,98026.3,100521.34,103379.07,100526.94,100522.97,100537.36,100544.83
3732.77488625,2888,100522.35,98030.33,100528.35,103375.06,100532.9,100536.07,100544.36,100535.78
3732.795536398,2889,100531.41,98030.33,100530.4,103380.16,100530.96,100532.05,100540.33,100533.82
3732.816140924,2890,100542.36,98027.32,100531.43,103376.89,100526.94,100547.07,100540.33,100539.79
3732.836738139,2891,100535.41,98026.3,100520.31,103368.88,100527.99,100542.19,100546.47,100543.8
3732.860427855,2892,100522.35,98031.36,100527.42,103375.06,100532.01,100540.09,100541.39,100531.76
3732.881153523,2893,100534.35,98023.29,100528.35,103375.06,100527.99,100533.96,100545.42,100537.83
3732.901618946,2894,100530.35,98030.33,100526.39,103368.88,100532.01,100529.09,100538.42,100541.85
3732.922281561,2895,100534.35,98030.33,100538.44,103384.91,100530.96,100549.17,100545.42,100535.78
3732.942845626,2896,100528.24,98027.32,100531.43,103376.89,100526.94,100537.12,100537.36,100549.87
3732.963460648,2897,100527.18,98022.26,100530.4,103379.07,100522.92,100536.07,100537.36,100544.83
3732.984094946,2898,100540.24,98031.36,100534.42,103368.88,100526.94,100550.22,100541.39,100535.78
3733.004617466,2899,100534.35,98034.37,100524.33,103376.89,100527.99,100530.14,100538.42,100542.87
3733.028426011,2900,100530.35,98040.47,100513.31,103366.7,100530.08,100525.93,100534.39,100540.82
3733.048959867,2901,100536.24,98032.39,100522.37,103376.89,100536.03,100528.04,100540.33,100540.82
3733.069638776,2902,100522.35,98026.3,100520.31,103379.07,100527.99,100525.93,100542.45,100541.85
3733.090155343,2903,100531.41,98016.24,100520.31,103376.15,100533.05,100535.02,100537.36,100541.85
3733.110791112,2904,100534.35,98030.33,100520.31,103384.91,100534.99,100532.05,100539.28,100544.83
3733.131409377,2905,100530.35,98016.24,100525.36,103381.99,100524.85,100532.05,100540.33,100536.8
3733.152027737,2906,100548.47,98022.26,100533.39,103377.98,100527.99,100549.17,100543.3,100529.81
3733.172541964,2907,100537.3,98022.26,100521.34,103381.99,100534.99,100537.12,100529.31,100543.9
3733.196372685,2908,100535.41,98019.25,100520.31,103383.08,100527.99,100532.05,100544.36,100544.83
3733.216884797,2909,100530.35,98026.3,100525.36,103387.08,100536.03,100534.16,100541.39,100543.8
3733.237602369,2910,100531.41,98030.33,100521.34,103372.89,100528.87,100533.11,100537.36,100540.82
3733.258168222,2911,100537.3,98022.26,100512.28,103372.89,100523.96,100534.16,100535.25,100533.82
3733.278858444,2912,100538.36,98022.26,100531.43,103379.07,100527.99,100534.16,100546.47,100541.85
3733.299301336,2913,100540.47,98023.29,100518.36,103376.89,100526.94,100532.05,100537.36,100535.78
3733.319988961,2914,100537.3,98022.26,100525.36,103383.82,100526.05,100528.04,100533.34,100549.87
3733.340579056,2915,100539.41,98031.36,100536.38,103372.89,100537.08,100533.11,100536.31,100532.79
3733.364260695,2916,100530.35,98026.3,100519.29,103371.05,100529.03,100540.09,100539.28,100537.83
3733.384834383,2917,100531.41,98023.29,100529.37,103376.89,100537.08,100545.35,100529.11,100545.86
3733.405458131,2918,100530.35,98030.33,100524.33,103376.89,100532.01,100536.07,100538.42,100535.88
3733.426038226,2919,100531.41,98022.26,100530.4,103372.89,100527.99,100534.16,100537.36,100548.84
3733.446723683,2920,100534.35,98030.33,100518.36,103379.07,100530.96,100541.14,100533.34,100543.8
3733.467335564,2921,100528.24,98023.29,100525.36,103379.07,100527.99,100540.09,100546.47,100529.81
3733.487980523,2922,100534.35,98014.18,100523.4,103380.9,100525.9,100531.0,100537.36,100542.87
3733.508544384,2923,100538.36,98022.26,100529.37,103379.07,100525.01,100531.0,100545.42,100549.87
3733.532295612,2924,100530.35,98021.23,100533.39,103375.06,100536.03,100534.16,100536.31,100535.78
3733.552856712,2925,100530.35,98020.28,100520.31,103384.91,100544.08,100549.17,100545.42,100532.79
3733.573586005,2926,100529.29,98031.36,100524.33,103387.08,100525.01,100536.07,100537.36,100540.82
3733.594177862,2927,100533.3,98018.22,100516.3,103385.99,100534.99,100541.14,100535.25,100535.78
3733.614654571,2928,100533.3,98020.28,100526.39,103376.89,100529.03,100533.11,100537.36,100541.85
3733.63535057,2929,100538.36,98022.26,100524.33,103384.91,100529.03,100529.09,100538.42,100529.81
3733.655870653,2930,100538.36,98022.26,100521.34,103379.07,100527.99,100535.21,100541.39,100547.81
3733.676458005,2931,100525.29,98022.26,100513.31,103377.98,100529.03,100532.05,100550.5,100540.82
3733.70023818,2932,100522.35,98018.22,100522.37,103376.89,100529.03,100533.11,100541.39,100547.81
3733.720772163,2933,100530.35,98014.18,100513.31,103385.99,100536.03,100532.05,100547.53,100547.81
3733.741474399,2934,100530.35,98026.3,100528.35,103384.91,100534.99,100532.05,100541.39,100540.82
3733.761987662,2935,100530.35,98024.32,100520.31,103385.99,100534.99,100549.17,100537.36,100549.87
3733.782589262,2936,100531.41,98030.33,100527.32,103380.9,100525.01,100543.24,100545.42,100544.83
3733.803229932,2937,100534.35,98022.26,100508.27,103379.07,100537.08,100542.19,100547.53,100532.79
3733.823801387,2938,100530.35,98014.18,100528.35,103387.08,100534.99,100531.0,100549.44,100541.85
3733.844413228,2939,100530.35,98026.3,100508.27,103376.89,100533.05,100547.07,100529.31,100529.81
3733.868177746,2940,100527.41,98020.28,100513.31,103387.08,100536.03,100532.05,100541.39,100541.85
3733.888775959,2941,100521.29,98030.33,100514.34,103385.99,100518.9,100536.07,100537.36,100540.82
3733.909377193,2942,100530.35,98023.29,100530.4,103387.08,100520.99,100532.05,100537.36,100533.82
3733.929945556,2943,100530.35,98030.33,100522.37,103376.89,100529.03,100548.12,100539.48,100541.85
3733.950526952,2944,100533.3,98023.29,100530.4,103380.9,100525.01,100534.16,100537.36,100540.82
3733.971125049,2945,100529.29,98030.33,100522.37,103384.91,100529.03,100537.12,100554.53,100531.76
3733.991779914,2946,100522.35,98025.27,100512.28,103384.91,100527.99,100540.09,100549.44,100526.83
3734.015502087,2947,100536.24,98016.24,100512.28,103380.9,100522.92,100522.97,100535.25,100532.79
3734.036114157,2948,100526.35,98031.36,100520.31,103376.89,100522.92,100532.05,100546.47,100532.79
3734.056763323,2949,100538.36,98027.32,100520.31,103384.91,100520.99,100551.28,100539.48,100537.83
3734.077337833,2950,100537.3,98018.22,100521.34,103381.99,100533.05,100536.07,100536.31,100541.85
3734.097888553,2951,100538.36,98024.32,100525.36,103392.92,100527.99,100533.11,100538.42,100541.85
3734.118516649,2952,100523.41,98030.33,100520.31,103385.99,100530.96,100537.12,100546.47,100543.9
3734.139132311,2953,100534.35,98027.32,100520.31,103395.1,100530.96,100534.16,100532.28,100531.76
3734.159728192,2954,100527.41,98023.29,100521.34,103371.05,100534.99,100528.04,100542.45,100539.79
3734.183458234,2955,100517.29,98031.36,100528.35,103381.99,100527.99,100528.04,100538.42,100541.85
3734.204100361,2956,100530.35,98026.3,100518.36,103380.9,100523.96,100533.11,100547.53,100532.79
3734.224689802,2957,100534.35,98027.32,100529.37,103385.99,100532.01,100532.05,100538.42,100539.79
3734.245333416,2958,100530.35,98026.3,100520.31,103388.17,100546.17,100529.09,100547.53,100540.82
3734.26586514,2959,100531.41,98024.32,100520.31,103377.98,100523.96,100534.16,100540.33,100539.79
3734.286460656,2960,100530.35,98031.36,100526.39,103387.08,100523.96,100541.14,100534.39,100539.79
3734.307160206,2961,100530.35,98026.3,100520.31,103387.08,100529.03,100533.11,100534.39,100541.85
3734.327731264,2962,100530.35,98031.36,100532.36,103387.08,100529.03,100532.05,100538.42,100545.86
3734.351392182,2963,100534.35,98031.36,100524.33,103391.09,100527.99,100533.11,100537.36,100536.8
3734.372030756,2964,100531.41,98028.35,100519.29,103387.08,100527.99,100540.09,100533.34,100544.83
3734.39261327,2965,100521.29,98014.18,100524.33,103387.08,100537.08,100541.14,100538.42,100539.79
3734.41334805,2966,100530.35,98024.32,100521.34,103383.08,100529.03,100534.16,100538.42,100533.82
3734.433819208,2967,100532.24,98028.35,100520.31,103376.89,100529.03,100534.16,100547.53,100540.82
3734.45444812,2968,100532.47,98022.26,100528.35,103387.08,100532.01,100536.07,100544.56,100545.86
3734.475158694,2969,100538.36,98027.32,100520.31,103391.09,100530.96,100538.18,100549.44,100541.85
3734.495664529,2970,100530.35,98030.33,100521.34,103396.18,100527.99,100540.09,100541.39,100539.79
3734.519366981,2971,100522.35,98025.27,100528.35,103395.1,100526.94,100551.28,100542.45,100531.76
3734.539886723,2972,100522.35,98032.39,100533.39,103385.99,100527.99,100532.05,100545.42,100539.79
3734.560639519,2973,100541.3,98031.36,100516.4,103379.07,100537.08,100529.09,100541.39,100539.79
3734.58112695,2974,100530.35,98023.29,100532.36,103391.09,100536.03,100530.14,100535.25,100540.82
3734.601804797,2975,100523.41,98022.26,100522.37,103384.91,100532.01,100532.05,100533.34,100539.89
3734.622405526,2976,100529.29,98030.33,100525.36,103390.0,100537.08,100529.09,100543.51,100549.87
3734.643009504,2977,100534.35,98020.28,100532.36,103395.1,100533.05,100549.17,100541.39,100543.9
3734.663585668,2978,100529.29,98018.22,100521.34,103391.09,100526.94,100551.28,100545.42,100548.84
3734.68728236,2979,100531.41,98032.39,100522.37,103399.1,100530.08,100540.09,100546.47,100532.79
3734.707925992,2980,100530.35,98032.39,100523.3,103391.09,100527.99,100532.05,100535.25,100545.86
3734.728545584,2981,100522.35,98024.32,100528.35,103384.91,100530.96,100536.26,100541.39,100541.85
3734.749132291,2982,100530.35,98028.35,100521.34,103385.99,100530.96,100540.28,100555.58,100533.82
3734.769771872,2983,100530.35,98030.33,100526.39,103398.01,100532.01,100525.07,100536.31,100550.9
3734.790411563,2984,100541.3,98038.41,100522.37,103395.1,100536.03,100526.99,100540.33,100545.86
3734.81095773,2985,100544.24,98035.4,100528.35,103384.91,100537.08,100533.11,100536.31,100545.86
3734.831554096,2986,100531.41,98036.43,100528.35,103384.91,100529.03,100541.14,100541.39,100539.79
3734.855293955,2987,100537.3,98026.3,100520.31,103387.08,100545.12,100534.16,100551.56,100541.85
3734.876239081,2988,100530.35,98024.32,100530.4,103388.17,100529.03,100548.12,100545.42,100533.82
3734.896514884,2989,100534.35,98022.26,100532.36,103390.0,100527.99,100533.11,100529.31,100544.83
3734.917122852,2990,100532.47,98030.33,100524.33,103392.92,100528.87,100529.95,100536.31,100533.82
3734.937644951,2991,100530.35,98033.34,100526.39,103384.91,100525.01,100543.24,100544.36,100541.85
3734.958288856,2992,100531.41,98032.39,100530.4,103399.1,100519.94,100531.0,100538.42,100544.83
3734.979009371,2993,100522.35,98030.33,100514.34,103403.11,100527.99,100528.04,100534.39,100539.79
3734.999563147,2994,100533.3,98027.32,100520.31,103403.11,100529.03,100538.18,100546.47,100545.86
3735.02329717,2995,100530.35,98023.29,100514.34,103398.01,100532.01,100531.0,100542.45,100541.85
3735.043859523,2996,100530.35,98031.36,100522.37,103388.91,100536.03,100550.22,100539.48,100543.8
3735.064444816,2997,100531.41,98027.32,100530.4,103383.08,100536.03,100537.12,100547.53,100538.86
3735.08511303,2998,100528.24,98035.4,100521.34,103400.93,100541.1,100547.07,100533.34,100537.83
3735.105785629,2999,100530.35,98039.44,100522.37,103403.11,100529.03,100533.11,100537.36,100541.85
3735.126271063,3000,100534.35,98026.3,100520.31,103391.09,100529.03,100532.05,100533.34,100541.85
3735.147001557,3001,100530.35,98030.33,100524.33,103384.91,100522.92,100533.11,100537.36,100533.82
3735.16750565,3002,100522.35,98040.47,100524.33,103387.08,100527.99,100542.19,100543.3,100532.79
3735.191217754,3003,100539.41,98031.36,100520.31,103390.0,100527.99,100532.05,100537.36,100529.81
3735.211762244,3004,100534.35,98023.29,100520.31,103402.02,100527.99,100538.18,100549.44,100541.85
3735.232615512,3005,100530.35,98043.48,100522.37,103396.93,100529.03,100539.23,100547.53,100541.85
3735.253044368,3006,100543.41,98032.39,100526.39,103395.1,100526.94,100533.11,100536.31,100542.87
3735.273778432,3007,100530.35,98032.39,100521.34,103394.01,100520.99,100534.16,100538.42,100542.87
3735.294210739,3008,100546.36,98032.39,100522.37,103388.91,100534.99,100546.21,100537.36,100541.85
3735.314979789,3009,100543.41,98040.47,100525.36,103388.17,100527.99,100547.07,100543.51,100543.9
3735.338529858,3010,100538.36,98035.4,100525.36,103403.11,100526.94,100540.09,100532.28,100537.83
3735.359180293,3011,100530.35,98034.45,100513.31,103388.91,100530.96,100532.05,100533.34,100551.93
3735.379775675,3012,100550.36,98037.38,100525.36,103394.01,100519.94,100528.04,100537.36,100549.87
3735.400363435,3013,100522.35,98032.39,100528.35,103402.02,100525.9,100540.09,100546.47,100544.83
3735.421000701,3014,100540.47,98035.4,100525.36,103387.83,100534.99,100532.05,100542.45,100532.79
3735.441607398,3015,100534.35,98032.39,100524.33,103384.91,100522.92,100532.05,100545.42,100527.75
3735.462244414,3016,100532.47,98044.51,100530.4,103403.11,100526.94,100541.14,100537.36,100541.85
3735.482871579,3017,100521.29,98034.37,100522.37,103403.11,100532.01,100542.19,100537.36,100539.79
3735.506550118,3018,100533.3,98039.44,100525.36,103391.09,100522.92,100535.02,100545.42,100543.9
3735.527098032,3019,100533.3,98043.48,100524.33,103388.91,100527.99,100532.05,100547.53,100537.83
3735.547779326,3020,100547.42,98030.33,100520.31,103402.02,100523.96,100526.13,100537.36,100536.8
3735.56832827,3021,100531.41,98035.4,100521.34,103400.93,100529.03,100540.09,100546.47,100531.76
3735.588959851,3022,100530.35,98041.5,100528.35,103408.95,100529.03,100537.12,100534.39,100544.83
3735.609539377,3023,100522.35,98027.32,100524.33,103403.11,100537.08,100532.05,100545.42,100541.85
3735.630151557,3024,100526.35,98034.37,100516.3,103400.93,100529.03,100534.16,100539.48,100536.8
3735.650711145,3025,100531.41,98048.54,100536.38,103396.18,100533.05,100548.12,100539.48,100545.86
3735.67444141,3026,100522.35,98032.39,100520.31,103404.2,100533.05,100535.02,100533.34,100541.85
3735.695121307,3027,100526.35,98039.44,100525.36,103388.91,100538.12,100551.28,100542.45,100533.82
3735.715714811,3028,100534.35,98034.37,100514.34,103384.91,100536.03,100541.14,100537.36,100525.8
3735.736290902,3029,100530.35,98030.33,100520.31,103403.11,100523.96,100540.09,100539.28,100536.8
3735.756990016,3030,100542.36,98039.44,100522.37,103395.1,100525.01,100540.09,100548.59,100541.85
3735.77750169,3031,100530.35,98032.39,100526.39,103402.02,100529.03,100529.95,100542.45,100549.87
3735.798161083,3032,100534.35,98046.49,100525.36,103396.93,100526.94,100532.05,100550.5,100540.82
3735.818708862,3033,100542.36,98032.39,100520.31,103384.91,100526.94,100524.02,100544.36,100541.85
3735.84240765,3034,100534.35,98047.52,100517.33,103399.1,100534.99,100524.02,100547.53,100536.8
3735.863038027,3035,100529.29,98038.41,100526.39,103391.09,100533.05,100542.19,100539.48,100533.82
3735.883616798,3036,100530.35,98039.44,100527.42,103384.91,100529.03,100532.05,100535.25,100549.87
3735.90421249,3037,100525.29,98022.26,100521.34,103403.11,100523.96,100536.07,100546.47,100548.84
3735.924908922,3038,100531.41,98040.47,100523.3,103396.93,100520.99,100550.22,100541.39,100541.85
3735.945469904,3039,100522.35,98042.45,100530.4,103400.93,100530.96,100540.09,100543.3,100545.86
3735.966051766,3040,100531.41,98042.45,100524.33,103407.12,100525.01,100528.04,100538.42,100549.87
3735.986621949,3041,100530.35,98036.43,100522.37,103400.93,100526.94,100542.19,100542.45,100541.85
3736.010436121,3042,100530.35,98031.36,100520.31,103403.11,100530.08,100534.16,100545.42,100543.9
3736.030935277,3043,100521.29,98043.48,100533.39,103384.91,100526.94,100550.22,100545.42,100544.83
3736.051610249,3044,100541.3,98038.41,100529.37,103400.93,100530.96,100542.19,100545.42,100541.85
3736.072393034,3045,100526.35,98035.4,100528.35,103402.02,100529.03,100540.09,100539.48,100540.82
3736.093203766,3046,100532.24,98031.36,100522.37,103403.11,100532.01,100541.14,100546.47,100528.78
3736.113797053,3047,100526.35,98035.4,100520.31,103409.29,100533.05,100538.18,100541.39,100533.82
3736.134433337,3048,100538.36,98030.33,100529.37,103392.92,100534.1,100522.11,100539.48,100536.8
3736.155119748,3049,100534.35,98035.4,100518.36,103400.93,100526.94,100534.16,100538.42,100549.87
3736.178450416,3050,100534.35,98043.48,100513.31,103384.91,100538.12,100536.07,100548.59,100545.86
3736.198957992,3051,100532.47,98048.54,100522.37,103402.02,100535.14,100548.12,100548.39,100540.82
3736.219577387,3052,100538.36,98030.33,100529.37,103391.09,100529.03,100548.12,100538.42,100549.87
3736.240144734,3053,100534.35,98035.4,100529.37,103404.94,100538.12,100534.16,100537.36,100538.76
3736.260733656,3054,100530.35,98043.48,100520.31,103403.11,100530.08,100552.13,100525.28,100541.85
3736.28137817,3055,100530.35,98039.44,100533.39,103400.93,100529.03,100542.19,100535.25,100541.85
3736.301958213,3056,100532.47,98044.51,100520.31,103399.1,100536.03,100528.04,100545.42,100536.8
3736.322580886,3057,100542.36,98040.47,100525.36,103407.12,100518.9,100540.09,100533.34,100541.85
3736.346281867,3058,100536.47,98048.54,100511.25,103392.92,100537.08,100537.12,100539.48,100548.84
3736.366968855,3059,100540.47,98043.48,100523.4,103394.01,100526.94,100532.05,100547.33,100525.8
3736.387638009,3060,100531.41,98039.44,100514.34,103399.1,100526.94,100532.05,100543.51,100536.8
3736.408351798,3061,100534.35,98040.47,100528.35,103403.11,100526.94,100543.24,100537.36,100553.88
3736.428923514,3062,100543.41,98041.5,100524.33,103403.11,100518.9,100528.04,100540.33,100541.85
3736.449776651,3063,100539.41,98039.44,100525.36,103396.93,100532.01,100524.02,100535.25,100540.82
3736.470324281,3064,100530.35,98039.44,100514.34,103400.93,100537.08,100534.16,100541.39,100541.85
3736.493645968,3065,100543.41,98037.46,100530.4,103402.02,100530.08,100528.04,100546.47,100541.85
3736.514291381,3066,100527.41,98045.54,100515.27,103400.93,100530.96,100542.19,100536.31,100541.85
3736.534985446,3067,100528.24,98054.56,100520.31,103403.11,100534.1,100539.03,100555.58,100543.9
3736.555586386,3068,100534.35,98045.54,100518.36,103395.84,100525.01,100534.16,100533.34,100534.85
3736.576283595,3069,100544.47,98036.43,100520.31,103402.02,100527.99,100529.95,100547.53,100541.85
3736.596592209,3070,100531.41,98039.44,100512.28,103403.11,100529.03,100531.2,100537.36,100545.86
3736.617246511,3071,100524.47,98040.47,100512.28,103403.11,100527.99,100533.11,100539.48,100533.82
3736.637882779,3072,100535.41,98031.36,100522.37,103403.11,100537.08,100534.16,100544.36,100545.86
3736.661566728,3073,100532.47,98040.47,100520.31,103407.12,100527.99,100532.05,100542.45,100544.83
3736.682189813,3074,100528.47,98049.57,100522.37,103403.11,100527.99,100540.09,100537.36,100542.87
3736.702820867,3075,100534.35,98048.54,100524.33,103395.1,100519.94,100534.16,100536.31,100537.83
3736.723395426,3076,100530.35,98040.47,100521.34,103400.93,100529.03,100534.16,100530.37,100542.87
3736.744083005,3077,100523.41,98052.58,100537.41,103400.93,100526.94,100537.32,100545.42,100537.83
3736.764619379,3078,100530.35,98045.54,100540.49,103403.11,100533.05,100531.2,100537.36,100542.87
3736.785272323,3079,100527.41,98057.65,100525.36,103404.2,100526.94,100540.09,100537.36,100534.85
3736.805846239,3080,100530.35,98049.57,100525.36,103411.12,100530.96,100546.21,100537.36,100537.83
3736.829536805,3081,100522.35,98036.43,100514.34,103407.12,100526.94,100550.22,100528.25,100533.82
3736.850137819,3082,100531.41,98040.47,100525.36,103403.11,100526.94,100534.16,100537.36,100537.83
3736.870795531,3083,100530.35,98048.54,100525.36,103407.12,100545.12,100535.21,100545.42,100545.86
3736.891415372,3084,100533.3,98048.54,100525.36,103398.01,100520.99,100542.19,100532.28,100543.8
3736.911940601,3085,100522.35,98048.54,100529.37,103394.01,100529.03,100532.05,100541.39,100539.79
3736.932542536,3086,100530.35,98048.54,100524.33,103402.02,100529.03,100533.11,100533.34,100543.8
3736.953205655,3087,100538.36,98047.52,100531.33,103384.91,100537.08,100534.16,100543.3,100539.79
3736.973834306,3088,100538.36,98048.54,100512.28,103403.11,100536.03,100534.16,100537.36,100541.85
3736.997476303,3089,100530.35,98051.55,100524.33,103395.1,100526.94,100542.19,100536.31,100531.76
3737.018145603,3090,100530.35,98047.52,100525.36,103392.18,100525.01,100536.07,100542.45,100545.86
3737.038708448,3091,100525.29,98046.49,100520.31,103404.94,100530.08,100554.24,100550.5,100541.85
3737.059329788,3092,100529.29,98034.37,100524.33,103403.11,100529.03,100539.23,100538.42,100537.83
3737.079923885,3093,100521.29,98050.52,100525.36,103403.11,100537.08,100538.18,100540.54,100532.79
3737.100553284,3094,100535.41,98039.44,100523.3,103390.0,100530.08,100529.09,100549.44,100541.85
3737.121219953,3095,100534.35,98042.45,100527.32,103403.11,100533.05,100529.09,100542.45,100536.8
3737.141739842,3096,100538.36,98039.44,100524.33,103403.11,100533.05,100546.21,100542.45,100542.87
3737.165492375,3097,100528.24,98041.5,100520.31,103412.21,100522.92,100535.21,100542.45,100536.8
3737.186047069,3098,100532.47,98048.54,100520.31,103403.11,100527.99,100532.05,100546.47,100536.8
3737.206799121,3099,100534.35,98040.47,100528.35,103411.12,100529.03,100534.16,100535.25,100533.82
3737.227325803,3100,100534.35,98047.52,100524.33,103400.93,100522.92,100544.3,100538.42,100543.9
3737.247957253,3101,100532.47,98043.48,100520.31,103403.11,100523.96,100530.14,100536.31,100548.84
3737.2686217,3102,100529.29,98054.56,100535.45,103410.03,100525.01,100534.16,100537.36,100541.85
3737.28921687,3103,100534.35,98047.52,100524.33,103407.12,100527.99,100535.02,100543.3,100544.83
3737.309940184,3104,100534.35,98050.52,100528.35,103407.12,100533.05,100542.19,100533.34,100551.93
3737.33348162,3105,100534.35,98054.56,100521.34,103399.1,100526.94,100532.05,100537.36,100529.81
3737.354066017,3106,100530.35,98056.62,100529.37,103399.1,100545.12,100532.05,100541.39,100537.83
3737.374654075,3107,100531.41,98048.54,100521.34,103403.11,100539.17,100534.16,100543.51,100539.89
3737.395343061,3108,100531.41,98047.52,100526.39,103400.93,100522.03,100543.24,100542.45,100542.87
3737.415845015,3109,100530.35,98051.55,100525.36,103411.12,100525.01,100537.12,100547.53,100549.87
3737.436498671,3110,100518.35,98051.55,100537.41,103399.1,100533.05,100539.23,100531.22,100518.8
3737.457140463,3111,100529.29,98038.41,100526.39,103399.1,100537.08,100549.17,100541.39,100543.9
3737.477781846,3112,100527.41,98056.62,100522.37,103402.02,100530.96,100535.21,100538.42,100549.87
3737.501330212,3113,100531.41,98047.52,100528.35,103403.11,100543.03,100534.16,100537.36,100541.85
3737.522031291,3114,100530.35,98039.44,100530.4,103407.12,100533.05,100536.07,100541.39,100539.79
3737.54260408,3115,100531.41,98058.6,100523.4,103401.28,100530.08,100528.04,100541.39,100533.82
3737.563154147,3116,100530.35,98054.56,100520.31,103403.11,100533.05,100533.11,100547.53,100541.85
3737.583834693,3117,100542.36,98048.54,100512.28,103406.03,100529.03,100534.16,100534.39,100539.79
3737.604418408,3118,100536.47,98050.52,100516.3,103410.03,100533.05,100534.16,100546.47,100543.8
3737.625216575,3119,100531.41,98034.37,100537.41,103408.95,100537.08,100538.18,100541.39,100528.78
3737.64572684,3120,100530.35,98047.52,100522.27,103403.11,100534.1,100539.23,100541.39,100537.83
3737.669325414,3121,100534.35,98038.41,100517.33,103398.01,100526.94,100529.09,100541.39,100539.79
3737.689895223,3122,100518.35,98053.61,100524.33,103411.12,100527.99,100533.11,100547.53,100537.83
3737.71055766,3123,100534.35,98047.52,100524.33,103407.12,100525.01,100540.09,100537.36,100535.88
3737.731182055,3124,100529.29,98047.52,100514.34,103395.1,100527.99,100536.07,100546.47,100533.82
3737.751744684,3125,100529.29,98044.51,100528.35,103403.11,100527.99,100537.12,100537.36,100533.82
3737.772372913,3126,100529.29,98048.54,100524.33,103403.11,100540.05,100533.11,100541.39,100540.82
3737.792859052,3127,100538.36,98055.59,100523.4,103412.21,100537.08,100542.19,100534.39,100533.82
3737.816669722,3128,100534.35,98040.47,100522.37,103399.1,100525.01,100548.12,100541.39,100541.85
3737.837289987,3129,100536.47,98048.54,100520.31,103411.12,100523.96,100527.18,100539.48,100533.82
3737.857900551,3130,100522.35,98056.62,100520.31,103407.12,100541.1,100534.16,100545.42,100533.82
3737.878528445,3131,100532.47,98050.52,100522.37,103395.1,100529.03,100551.28,100543.51,100545.86
3737.899071853,3132,100534.35,98052.58,100528.35,103415.13,100529.03,100532.05,100537.36,100545.86
3737.919715038,3133,100534.35,98056.62,100528.35,103405.28,100525.01,100533.3,100537.36,100537.83
3737.940326434,3134,100530.35,98041.5,100536.38,103419.14,100525.01,100526.13,100536.31,100540.82
3737.960910043,3135,100538.36,98056.62,100521.34,103405.28,100533.05,100534.16,100533.54,100545.86
3737.984646528,3136,100535.41,98047.52,100522.37,103400.93,100522.92,100536.07,100538.42,100543.9
3738.005256807,3137,100529.29,98056.62,100532.36,103407.12,100529.03,100543.24,100545.42,100541.85
3738.025854701,3138,100522.35,98056.62,100526.39,103408.95,100537.08,100536.07,100539.28,100541.85
3738.046466331,3139,100536.47,98052.58,100520.31,103399.1,100533.05,100532.05,100538.42,100524.77
3738.067069639,3140,100530.35,98046.49,100521.34,103410.03,100529.03,100542.19,100533.34,100540.82
3738.087709634,3141,100530.35,98055.59,100521.34,103403.11,100526.94,100551.28,100539.48,100541.85
3738.108337583,3142,100530.35,98039.44,100520.31,103404.2,100529.03,100534.16,100547.53,100537.83
3738.128881127,3143,100529.29,98051.55,100524.33,103395.1,100529.03,100543.24,100537.36,100542.87
3738.152550951,3144,100529.29,98051.55,100531.43,103407.12,100537.08,100526.13,100545.42,100535.78
3738.173236568,3145,100530.35,98043.48,100529.37,103403.11,100529.03,100529.95,100541.39,100537.83
3738.193833457,3146,100530.35,98050.52,100523.4,103404.2,100525.01,100533.11,100546.47,100525.8
3738.214452705,3147,100535.41,98044.51,100525.36,103419.14,100529.03,100541.14,100538.42,100543.9
3738.235005191,3148,100532.47,98056.62,100528.35,103392.92,100533.05,100541.14,100535.45,100533.82
3738.255524097,3149,100530.35,98050.52,100513.31,103400.93,100527.99,100552.33,100539.48,100545.86
3738.276256948,3150,100531.41,98048.54,100526.39,103400.93,100532.01,100538.18,100546.47,100537.83
3738.296892022,3151,100530.35,98052.58,100520.31,103410.03,100525.01,100524.02,100537.36,100550.9
3738.320556696,3152,100529.29,98055.59,100525.36,103403.11,100529.03,100531.0,100539.48,100540.82
3738.341163322,3153,100535.41,98055.59,100522.37,103411.12,100527.99,100536.26,100534.39,100533.82
3738.361720435,3154,100529.29,98055.59,100521.34,103390.0,100529.03,100536.07,100527.2,100547.92
3738.382369342,3155,100522.35,98048.54,100524.33,103411.12,100537.08,100536.07,100538.42,100537.83
3738.40292512,3156,100534.35,98058.6,100520.31,103408.95,100534.99,100543.24,100541.39,100534.85
3738.423564629,3157,100522.35,98060.66,100521.34,103406.03,100530.08,100540.09,100539.28,100549.87
3738.444205934,3158,100531.41,98049.57,100521.34,103410.03,100538.12,100526.13,100535.25,100533.82
3738.464864877,3159,100530.35,98056.62,100528.35,103406.03,100529.03,100532.05,100545.42,100545.86
3738.488531513,3160,100522.35,98056.62,100524.33,103400.93,100533.05,100532.05,100544.36,100545.86
3738.509193218,3161,100534.35,98050.52,100513.31,103411.12,100529.03,100536.07,100536.31,100532.79
3738.529712951,3162,100538.36,98054.56,100520.31,103411.12,100529.03,100533.11,100537.36,100541.85
3738.550284065,3163,100522.35,98052.58,100510.22,103400.93,100537.08,100524.02,100537.36,100532.79
3738.570964521,3164,100524.24,98056.62,100536.38,103407.12,100537.08,100540.09,100534.39,100545.86
3738.591505622,3165,100530.35,98055.59,100516.3,103419.14,100538.12,100540.09,100541.39,100551.93
3738.612010281,3166,100530.35,98064.7,100525.36,103411.12,100529.03,100543.24,100537.36,100539.79
3738.632698664,3167,100521.29,98047.52,100533.39,103408.95,100525.01,100543.24,100533.34,100541.85
3738.656487644,3168,100530.35,98051.55,100522.27,103399.1,100530.08,100537.12,100533.34,100533.82
3738.677082381,3169,100530.35,98056.62,100520.31,103406.03,100532.01,100538.18,100545.42,100534.85
3738.697760502,3170,100536.47,98064.7,100531.43,103411.12,100534.1,100539.03,100541.39,100544.83
3738.718282984,3171,100530.35,98056.62,100529.37,103402.02,100529.03,100531.0,100537.36,100545.86
3738.738863199,3172,100530.35,98054.56,100526.39,103411.12,100529.03,100542.19,100541.39,100542.87
3738.7597333,3173,100530.35,98048.54,100512.28,103418.05,100537.08,100528.23,100541.39,100539.79
3738.780640073,3174,100530.35,98056.62,100524.33,103392.92,100529.03,100534.16,100553.67,100540.82
3738.80136501,3175,100540.47,98053.53,100526.39,103403.11,100526.94,100528.04,100543.51,100529.81
3738.824483013,3176,100530.35,98053.53,100530.4,103408.95,100527.99,100533.11,100539.48,100532.79
3738.845136057,3177,100530.35,98063.67,100529.37,103411.12,100515.92,100533.11,100547.53,100536.8
3738.865850981,3178,100530.35,98053.61,100529.37,103396.93,100526.94,100532.05,100537.36,100541.85
3738.886521266,3179,100530.35,98064.7,100520.41,103419.14,100526.94,100533.11,100545.42,100537.83
3738.907155871,3180,100530.35,98056.62,100522.37,103402.02,100527.99,100534.16,100546.47,100541.85
3738.927850516,3181,100530.35,98052.58,100524.33,103410.03,100533.05,100526.99,100540.33,100542.87
3738.948536561,3182,100515.41,98048.54,100521.34,103408.95,100529.03,100534.16,100542.45,100539.79
3738.969335,3183,100531.41,98048.54,100514.34,103411.12,100537.08,100532.05,100536.31,100542.87
3738.992390738,3184,100528.24,98056.62,100516.3,103400.93,100527.99,100541.14,100542.45,100538.86
3739.012965519,3185,100535.41,98048.54,100524.33,103406.03,100519.94,100536.07,100539.48,100524.77
3739.033565544,3186,100530.35,98064.7,100530.4,103399.1,100527.99,100535.02,100541.39,100543.9
3739.054148031,3187,100539.41,98061.69,100524.33,103408.2,100529.03,100543.24,100538.42,100543.9
3739.074802087,3188,100534.35,98057.65,100512.28,103403.11,100529.03,100527.18,100546.47,100544.83
3739.095347992,3189,100522.35,98060.66,100517.33,103404.94,100537.08,100541.14,100529.31,100535.78
3739.116095457,3190,100538.36,98051.55,100508.27,103413.3,100530.96,100533.11,100542.45,100528.78
3739.139745159,3191,100530.35,98060.66,100514.34,103408.95,100522.92,100541.14,100537.36,100541.85
3739.160357549,3192,100530.35,98050.52,100524.33,103404.94,100529.03,100539.23,100534.39,100542.77
3739.180931166,3193,100532.47,98063.67,100520.31,103408.2,100541.1,100530.14,100539.48,100531.76
3739.201498185,3194,100530.35,98057.65,100522.37,103403.11,100520.99,100538.18,100545.42,100541.85
3739.222118994,3195,100530.35,98060.66,100521.34,103406.03,100523.96,100549.17,100537.36,100545.86
3739.242749135,3196,100520.23,98060.66,100512.28,103408.95,100540.05,100532.05,100533.34,100541.85
3739.263366928,3197,100534.35,98058.6,100524.33,103410.03,100529.03,100544.1,100546.47,100546.89
3739.284045111,3198,100531.41,98064.7,100523.4,103411.12,100527.99,100540.09,100553.47,100531.76
3739.307652993,3199,100530.35,98060.66,100530.4,103407.12,100525.01,100540.09,100537.36,100549.87
3739.328280738,3200,100530.35,98056.62,100522.37,103404.2,100529.03,100538.18,100538.22,100541.85
3739.34895613,3201,100530.35,98060.66,100519.38,103420.22,100525.01,100535.21,100539.48,100546.78
3739.3695631,3202,100531.41,98060.66,100530.4,103406.03,100529.03,100530.14,100546.47,100540.82
3739.390121858,3203,100530.35,98060.66,100521.34,103409.29,100523.96,100532.05,100545.42,100541.85
3739.410657402,3204,100530.35,98056.62,100520.31,103415.13,100532.01,100529.09,100545.42,100541.85
3739.431304235,3205,100518.35,98060.66,100521.34,103407.12,100532.01,100544.1,100529.31,100532.79
3739.452010619,3206,100531.41,98051.55,100520.31,103420.22,100529.03,100536.07,100553.47,100529.81
3739.475635148,3207,100534.35,98056.62,100524.33,103402.02,100518.9,100537.12,100539.48,100535.88
3739.496287504,3208,100522.35,98055.59,100520.31,103407.12,100530.08,100535.02,100547.33,100541.85
3739.516860368,3209,100531.41,98055.59,100528.35,103411.12,100525.01,100542.19,100537.36,100535.78
3739.537420632,3210,100532.47,98067.71,100513.31,103403.11,100532.01,100538.18,100541.39,100539.79
3739.558102087,3211,100529.29,98055.59,100520.31,103411.12,100537.08,100533.11,100541.39,100541.85
3739.578670226,3212,100538.36,98058.6,100522.37,103404.94,100529.03,100541.14,100537.36,100541.85
3739.599288648,3213,100530.35,98064.7,100512.28,103411.12,100527.99,100531.0,100530.37,100539.79
3739.619842852,3214,100530.35,98067.71,100524.33,103412.95,100533.05,100532.05,100537.36,100543.9
3739.643633532,3215,100532.47,98055.59,100528.35,103412.95,100529.03,100524.02,100546.47,100533.82
3739.664119477,3216,100540.47,98064.7,100521.34,103405.28,100532.01,100540.09,100539.48,100541.85
3739.684765192,3217,100519.41,98056.62,100516.3,103415.13,100536.03,100548.12,100535.25,100533.82
3739.705466414,3218,100532.47,98062.72,100525.36,103408.95,100537.08,100537.12,100541.39,100533.82
3739.726054992,3219,100530.35,98068.74,100527.42,103413.3,100529.03,100526.13,100537.36,100541.85
3739.746683475,3220,100532.47,98064.7,100524.33,103412.21,100527.99,100531.0,100537.36,100529.81
3739.767253809,3221,100523.41,98066.68,100523.4,103404.2,100530.96,100527.18,100534.39,100536.8
3739.787863846,3222,100538.36,98060.66,100508.27,103408.95,100529.03,100534.16,100535.45,100539.79
3739.811533863,3223,100534.35,98068.74,100538.44,103407.12,100533.05,100532.05,100539.48,100541.85
3739.832172583,3224,100534.35,98064.7,100513.31,103420.22,100526.94,100536.26,100533.34,100541.85
3739.852824743,3225,100540.47,98062.64,100515.37,103420.22,100527.99,100534.16,100541.39,100534.85
3739.873400053,3226,100530.35,98064.7,100529.37,103408.95,100527.99,100532.05,100545.42,100541.85
3739.893965795,3227,100530.35,98069.76,100524.33,103413.3,100525.01,100536.07,100533.34,100541.85
3739.914617616,3228,100531.41,98060.66,100521.34,103418.05,100533.05,100541.14,100539.28,100531.76
3739.935249011,3229,100530.35,98064.7,100528.35,103408.95,100527.99,100531.0,100542.45,100540.82
3739.95586008,3230,100531.41,98056.62,100520.31,103413.3,100537.08,100547.07,100546.47,100533.82
3739.979464315,3231,100531.41,98073.8,100513.31,103404.2,100527.99,100538.18,100545.42,100544.83
3740.000107711,3232,100530.35,98055.59,100528.35,103411.12,100527.99,100543.24,100530.37,100521.79
3740.020687664,3233,100530.35,98060.66,100526.39,103404.94,100529.03,100526.99,100533.34,100541.85
3740.041369928,3234,100530.35,98064.7,100531.43,103411.12,100525.9,100531.2,100542.45,100543.9
3740.061917265,3235,100530.35,98053.61,100526.39,103412.21,100529.03,100534.16,100546.47,100538.86
3740.082549782,3236,100530.35,98080.85,100528.35,103412.21,100533.05,100535.21,100547.53,100541.85
3740.103180696,3237,100531.41,98064.7,100533.39,103416.96,100530.96,100533.11,100541.39,100532.79
3740.12374971,3238,100534.35,98060.66,100524.33,103412.21,100529.03,100550.22,100545.42,100542.87
3740.147537456,3239,100526.35,98067.71,100529.37,103411.12,100533.05,100533.11,100535.25,100545.86
3740.168107275,3240,100538.36,98063.67,100528.35,103420.22,100529.03,100544.1,100545.42,100541.85
3740.188720613,3241,100529.29,98064.7,100521.34,103408.2,100527.99,100542.19,100533.34,100534.85
3740.209264557,3242,100536.47,98056.62,100521.34,103404.94,100530.96,100538.18,100537.36,100532.79
3740.229858928,3243,100531.41,98060.66,100524.33,103420.22,100525.01,100532.05,100536.31,100534.85
3740.250398873,3244,100530.35,98067.71,100524.33,103418.05,100526.94,100532.05,100539.28,100533.82
3740.27100149,3245,100522.35,98066.68,100522.37,103403.11,100530.08,100535.02,100541.39,100541.85
3740.291724825,3246,100530.35,98054.56,100526.39,103411.12,100532.01,100549.17,100537.36,100537.83
3740.31545357,3247,100522.35,98067.71,100522.37,103392.92,100529.03,100536.07,100531.22,100541.85
3740.336039755,3248,100530.35,98064.7,100530.4,103410.03,100520.99,100533.11,100545.42,100532.79
3740.356593977,3249,100530.35,98067.71,100534.42,103418.05,100534.1,100532.05,100541.39,100537.83
3740.377219862,3250,100530.35,98064.7,100522.37,103416.96,100520.99,100542.19,100541.39,100540.82
3740.397900639,3251,100534.35,98060.66,100520.31,103412.21,100527.99,100547.07,100541.39,100543.8
3740.41853552,3252,100530.35,98066.68,100526.39,103410.03,100525.01,100549.17,100544.36,100536.8
3740.439057908,3253,100537.3,98063.67,100524.33,103420.22,100527.99,100529.09,100528.25,100541.85
3740.462699828,3254,100532.47,98058.6,100514.34,103419.14,100529.03,100535.21,100543.3,100541.85
3740.483340977,3255,100530.35,98070.71,100520.31,103410.03,100529.03,100538.18,100536.31,100532.79
3740.503981133,3256,100542.36,98067.71,100520.31,103406.03,100529.03,100540.09,100540.33,100531.76
3740.52451158,3257,100531.41,98064.7,100520.31,103412.95,100537.08,100530.14,100539.28,100544.83
3740.545201089,3258,100531.41,98062.64,100520.31,103408.95,100529.03,100541.14,100545.42,100545.86
3740.565774007,3259,100532.47,98062.64,100524.33,103418.05,100529.03,100548.12,100536.31,100541.85
3740.586449734,3260,100534.35,98062.64,100520.31,103416.96,100537.08,100538.18,100544.36,100537.83
3740.606981532,3261,100526.35,98064.7,100528.35,103407.12,100525.01,100550.22,100536.31,100537.83
3740.630714231,3262,100535.41,98064.7,100529.37,103410.03,100529.03,100535.21,100539.28,100534.85
3740.651278157,3263,100531.41,98071.74,100513.31,103408.95,100541.1,100541.14,100541.39,100542.87
3740.671981271,3264,100530.35,98068.74,100520.31,103411.87,100533.05,100542.19,100544.36,100536.8
3740.692729875,3265,100524.47,98078.79,100520.31,103412.95,100536.03,100532.05,100533.34,100540.82
3740.713101019,3266,100534.35,98072.77,100530.4,103418.05,100529.03,100535.02,100531.22,100551.93
3740.733679064,3267,100513.29,98081.88,100528.35,103418.05,100527.99,100531.2,100537.36,100540.82
3740.754302212,3268,100532.47,98071.74,100525.36,103410.03,100526.94,100537.12,100535.25,100551.82
3740.774937494,3269,100528.47,98064.7,100521.34,103416.96,100538.12,100534.16,100536.31,100549.87
3740.798643257,3270,100530.35,98076.81,100520.31,103408.95,100533.05,100541.14,100527.2,100546.89
3740.819305048,3271,100532.47,98055.59,100522.37,103408.95,100529.03,100541.14,100535.25,100539.79
3740.839838278,3272,100530.35,98067.71,100526.39,103424.97,100536.03,100537.98,100539.28,100542.87
3740.860449944,3273,100530.35,98081.88,100519.29,103408.95,100537.08,100536.07,100533.34,100534.85
3740.88102406,3274,100522.35,98064.7,100528.35,103403.11,100526.94,100532.05,100529.31,100537.83
3740.901660093,3275,100529.29,98067.71,100522.37,103419.14,100534.99,100534.16,100535.25,100543.9
3740.922318416,3276,100531.41,98063.67,100522.37,103416.96,100529.03,100532.05,100527.2,100541.85
3740.942891499,3277,100530.35,98065.73,100520.31,103412.95,100530.96,100544.1,100535.25,100533.82
3740.966623403,3278,100529.29,98064.7,100521.34,103408.95,100529.03,100526.13,100527.2,100545.86
3740.987211237,3279,100527.41,98064.7,100525.36,103416.96,100523.96,100530.14,100534.19,100541.85
3741.007812225,3280,100527.41,98078.79,100529.37,103418.05,100529.03,100535.21,100541.39,100542.87
3741.028430038,3281,100526.35,98064.7,100536.38,103419.14,100529.03,100544.3,100539.28,100531.76
3741.048999364,3282,100531.41,98072.77,100538.44,103416.96,100529.03,100528.04,100536.31,100529.81
3741.069631983,3283,100526.35,98070.71,100523.3,103419.14,100525.9,100532.05,100538.22,100543.9
3741.090248507,3284,100531.41,98072.77,100530.4,103427.15,100533.05,100524.02,100533.34,100533.82
3741.110749432,3285,100531.41,98069.76,100530.4,103408.95,100518.9,100531.2,100526.14,100529.81
3741.134602369,3286,100532.47,98063.67,100524.33,103418.05,100532.01,100525.07,100540.33,100544.83
3741.155236715,3287,100530.35,98066.68,100520.31,103424.97,100536.03,100534.16,100537.36,100538.86
3741.17581909,3288,100530.35,98067.71,100525.36,103408.95,100523.96,100529.95,100535.25,100537.83
3741.196375348,3289,100523.41,98071.74,100524.33,103408.95,100529.03,100532.05,100542.24,100545.86
3741.216978596,3290,100530.35,98071.74,100526.39,103404.94,100529.03,100526.13,100534.19,100533.82
3741.237624491,3291,100530.35,98068.74,100522.37,103415.13,100537.08,100537.12,100545.42,100539.79
3741.258183147,3292,100523.41,98072.77,100522.37,103416.96,100529.03,100534.16,100533.13,100541.85
3741.278870019,3293,100531.41,98063.67,100525.36,103416.96,100529.03,100533.11,100545.42,100545.86
3741.302559477,3294,100534.35,98064.7,100521.34,103418.05,100536.03,100534.16,100528.25,100540.82
3741.323180155,3295,100530.35,98067.71,100524.33,103416.96,100526.94,100544.1,100538.22,100542.87
3741.343724724,3296,100532.47,98064.7,100530.4,103407.86,100525.01,100525.07,100531.22,100537.83
3741.364334347,3297,100526.35,98071.74,100525.36,103418.05,100520.99,100532.05,100544.36,100532.79
3741.384960042,3298,100529.29,98074.83,100526.39,103415.13,100537.08,100539.23,100542.24,100536.8
3741.405599249,3299,100538.36,98079.82,100526.39,103416.96,100532.01,100534.16,100531.22,100537.83
3741.426221213,3300,100532.47,98076.81,100521.34,103416.96,100526.94,100534.16,100531.22,100525.8
3741.446823175,3301,100534.35,98072.77,100525.36,103408.95,100529.03,100539.23,100534.19,100540.82
3741.470498366,3302,100530.35,98076.81,100520.31,103427.15,100529.03,100543.24,100529.11,100541.85
3741.491061665,3303,100522.35,98062.64,100524.33,103426.06,100529.03,100532.05,100531.22,100542.87
3741.511721208,3304,100534.35,98069.76,100520.31,103416.96,100529.03,100536.07,100538.22,100548.84
3741.532304131,3305,100532.47,98075.78,100522.37,103414.04,100522.92,100529.09,100547.33,100535.88
3741.552908128,3306,100531.41,98068.74,100522.37,103423.89,100532.01,100538.18,100541.39,100534.85
3741.573522347,3307,100534.35,98071.74,100518.36,103424.97,100525.01,100543.24,100545.42,100534.85
3741.594131152,3308,100530.35,98070.79,100520.31,103424.97,100537.08,100536.26,100536.31,100540.82
3741.617801276,3309,100534.35,98072.77,100514.34,103418.05,100540.21,100541.14,100537.36,100541.85
3741.638509753,3310,100530.35,98070.71,100525.36,103410.03,100529.03,100542.19,100535.25,100542.87
3741.659107352,3311,100524.47,98067.71,100528.35,103408.95,100536.03,100524.02,100535.25,100533.82
3741.679683668,3312,100534.35,98068.74,100520.31,103419.14,100525.01,100534.16,100537.36,100533.82
3741.70035327,3313,100530.35,98072.77,100520.31,103434.08,100529.92,100534.16,100537.36,100541.85
3741.72088506,3314,100534.35,98070.71,100538.44,103408.95,100533.05,100534.16,100543.3,100543.9
3741.741494984,3315,100524.47,98070.71,100514.34,103424.97,100533.05,100535.21,100545.42,100542.87
3741.762025061,3316,100538.36,98068.74,100538.44,103416.96,100545.12,100534.16,100538.22,100543.9
3741.78577828,3317,100522.35,98068.74,100532.36,103418.05,100530.08,100527.18,100538.42,100525.8
3741.806451473,3318,100536.24,98080.85,100520.31,103416.96,100529.03,100538.18,100545.42,100533.82
3741.827026773,3319,100535.41,98076.81,100533.39,103419.14,100523.96,100532.05,100533.34,100537.83
3741.847622657,3320,100530.35,98072.77,100518.36,103419.14,100529.03,100532.05,100541.39,100545.86
3741.868259329,3321,100527.41,98068.74,100528.35,103428.98,100541.1,100540.09,100530.37,100541.85
3741.888892823,3322,100531.41,98068.74,100532.36,103418.05,100529.03,100532.05,100533.34,100537.83
3741.909470923,3323,100532.47,98065.73,100522.37,103431.16,100527.99,100533.11,100524.02,100549.87
3741.930082021,3324,100529.29,98071.74,100521.34,103419.14,100533.05,100542.19,100543.3,100549.87
3741.953731712,3325,100528.47,98080.85,100524.33,103424.97,100529.03,100529.95,100527.2,100543.9
3741.974377194,3326,100521.29,98071.74,100519.29,103408.95,100520.99,100534.16,100535.25,100534.85
3741.994942935,3327,100530.35,98074.83,100534.42,103428.98,100533.05,100532.05,100529.31,100546.89
3742.015523041,3328,100527.41,98074.75,100534.42,103428.24,100531.12,100531.0,100533.34,100537.83
3742.036279926,3329,100539.41,98072.77,100527.42,103424.97,100525.01,100534.16,100533.34,100546.89
3742.056798255,3330,100534.35,98080.85,100523.4,103424.97,100533.05,100532.05,100537.36,100541.85
3742.077397,3331,100532.47,98072.77,100524.33,103424.97,100532.01,100540.28,100539.28,100533.82
3742.097922108,3332,100531.41,98068.74,100530.4,103418.05,100529.03,100528.04,100536.31,100541.85
3742.1217012,3333,100532.47,98072.77,100523.4,103420.22,100540.21,100533.11,100535.25,100540.82
3742.142263575,3334,100522.35,98076.81,100521.34,103418.05,100526.94,100532.05,100534.19,100539.79
3742.162905905,3335,100538.36,98080.85,100524.33,103408.95,100535.14,100525.07,100535.25,100533.82
3742.18348008,3336,100532.47,98079.82,100520.31,103432.24,100532.01,100531.2,100537.36,100540.82
3742.204095569,3337,100522.35,98080.85,100526.39,103426.06,100537.08,100532.05,100529.31,100542.87
3742.224789668,3338,100542.36,98080.85,100506.31,103416.96,100526.94,100536.07,100535.25,100549.87
3742.245482094,3339,100532.47,98070.71,100522.37,103423.89,100529.03,100533.11,100537.36,100529.81
3742.265989569,3340,100530.35,98079.82,100517.33,103419.14,100534.99,100526.13,100536.31,100540.82
3742.289647068,3341,100530.35,98072.77,100521.34,103408.95,100529.03,100540.09,100548.39,100525.8
3742.310272303,3342,100531.41,98076.81,100522.37,103419.14,100529.03,100524.02,100537.36,100545.86
3742.330892382,3343,100530.35,98081.88,100522.37,103424.97,100533.05,100533.11,100531.22,100541.85
3742.351508479,3344,100523.41,98072.77,100515.37,103427.15,100529.03,100531.0,100530.37,100542.87
3742.372144428,3345,100546.36,98080.85,100520.31,103416.96,100537.08,100530.14,100543.3,100542.87
3742.392732591,3346,100530.35,98074.75,100521.34,103427.15,100526.05,100535.02,100535.25,100540.82
3742.413442046,3347,100530.35,98070.71,100524.33,103424.97,100522.03,100533.11,100527.2,100551.93
3742.433929146,3348,100530.35,98076.81,100520.31,103428.98,100533.05,100534.16,100541.39,100530.84
3742.457657903,3349,100534.35,98080.85,100521.34,103426.06,100536.03,100532.05,100539.28,100543.9
3742.478257611,3350,100546.36,98079.82,100527.42,103426.06,100519.94,100525.07,100540.33,100533.82
3742.49893928,3351,100534.35,98072.77,100522.27,103424.97,100520.99,100525.07,100529.31,100539.79
3742.51946823,3352,100534.35,98075.78,100514.34,103416.96,100537.08,100532.05,100531.22,100541.85
3742.540023486,3353,100535.41,98075.78,100524.33,103435.16,100529.03,100532.05,100537.36,100533.82
3742.560627541,3354,100530.35,98071.74,100513.31,103432.99,100529.03,100535.21,100539.28,100544.83
3742.581332997,3355,100531.41,98080.85,100538.44,103428.98,100529.03,100532.05,100535.25,100529.81
3742.60184877,3356,100529.29,98080.85,100524.33,103428.98,100529.03,100527.18,100540.33,100534.85
3742.625680736,3357,100522.35,98080.85,100520.31,103427.15,100529.03,100533.11,100541.39,100532.79
3742.646216304,3358,100523.41,98078.79,100525.36,103423.14,100527.99,100525.07,100527.2,100537.83
3742.666792216,3359,100547.42,98076.81,100519.29,103416.96,100526.94,100542.19,100535.25,100541.85
3742.687368834,3360,100534.35,98072.77,100525.36,103412.95,100533.05,100540.09,100529.31,100542.87
3742.707978273,3361,100534.35,98079.82,100520.31,103416.96,100529.03,100525.07,100539.28,100540.82
3742.72862915,3362,100538.36,98080.85,100525.36,103428.98,100527.99,100533.11,100536.31,100534.85
3742.749170245,3363,100538.36,98080.85,100529.37,103457.03,100527.99,100540.09,100539.28,100546.89
3742.769812005,3364,100530.35,98073.8,100522.37,103428.98,100533.05,100551.28,100544.36,100531.76
3742.793565015,3365,100522.35,98080.85,100524.33,103435.16,100533.05,100534.16,100541.39,100548.84
3742.814134995,3366,100534.35,98078.79,100524.33,103416.96,100531.12,100529.09,100537.36,100541.85
3742.834764413,3367,100536.47,98080.85,100525.36,103416.96,100520.99,100532.05,100531.22,100529.81
3742.855326545,3368,100532.47,98083.86,100522.37,103431.9,100526.94,100528.04,100535.25,100542.87
3742.875889078,3369,100531.41,98070.71,100514.34,103423.89,100533.05,100527.18,100525.28,100541.85
3742.896502644,3370,100535.41,98080.85,100516.3,103428.98,100527.99,100533.11,100543.3,100541.85
3742.917110377,3371,100530.35,98072.77,100532.36,103441.0,100512.94,100534.16,100545.42,100532.79
3742.940905555,3372,100530.35,98076.81,100520.31,103439.91,100533.05,100533.11,100545.42,100539.89
3742.961538259,3373,100526.35,98083.86,100529.37,103434.08,100529.03,100533.11,100545.42,100541.85
3742.982024935,3374,100514.35,98080.85,100524.33,103426.8,100530.96,100542.19,100529.31,100535.88
3743.00275351,3375,100530.35,98088.93,100526.39,103432.99,100538.12,100536.07,100535.25,100533.82
3743.023363873,3376,100536.47,98075.78,100520.31,103428.98,100527.99,100522.97,100527.2,100543.9
3743.043942989,3377,100538.36,98079.82,100519.29,103428.98,100523.96,100529.09,100533.34,100533.82
3743.064536813,3378,100532.47,98090.98,100521.34,103430.07,100527.1,100536.26,100524.23,100549.87
3743.085136842,3379,100522.35,98072.77,100529.37,103430.07,100520.99,100520.01,100527.2,100549.87
3743.108819219,3380,100542.36,98080.85,100522.37,103424.97,100532.01,100538.18,100529.31,100534.85
3743.129470799,3381,100529.29,98079.82,100527.42,103423.89,100527.99,100535.21,100529.31,100541.85
3743.149995517,3382,100521.29,98078.79,100529.37,103428.98,100533.05,100530.14,100536.31,100543.9
3743.170749097,3383,100522.35,98086.87,100523.4,103428.98,100532.01,100539.23,100539.28,100537.83
3743.191263271,3384,100532.47,98083.86,100512.28,103416.96,100537.08,100524.02,100534.39,100531.87
3743.211908297,3385,100531.41,98080.85,100530.4,103481.07,100520.99,100538.18,100543.3,100542.87
3743.232476143,3386,100530.35,98086.87,100520.31,103408.95,100530.08,100528.04,100529.31,100532.79
3743.25325384,3387,100522.35,98079.82,100512.28,103432.99,100533.05,100537.12,100538.42,100541.85
3743.276841361,3388,100529.29,98082.83,100525.36,103416.96,100523.96,100528.04,100537.36,100539.79
3743.297464323,3389,100531.41,98079.82,100536.38,103416.96,100529.03,100543.24,100543.51,100531.87
3743.317960204,3390,100536.47,98079.82,100532.36,103415.87,100533.05,100532.05,100537.36,100534.85
3743.338553652,3391,100522.35,98080.85,100529.37,103428.98,100534.1,100541.33,100539.28,100533.82
3743.359216812,3392,100529.29,98075.78,100521.34,103424.97,100537.08,100532.05,100537.36,100528.78
3743.379749637,3393,100532.47,98086.87,100528.45,103422.8,100532.01,100542.19,100541.39,100539.79
3743.400396105,3394,100522.35,98076.81,100530.4,103434.08,100534.1,100528.04,100541.39,100541.85
3743.42104606,3395,100530.35,98080.93,100529.37,103432.99,100533.05,100537.12,100533.34,100541.85
3743.444789828,3396,100539.41,98082.91,100534.42,103424.97,100532.01,100522.97,100546.47,100541.85
3743.465321147,3397,100530.35,98080.85,100523.4,103455.94,100525.01,100532.05,100539.48,100545.86
3743.485937767,3398,100543.41,98078.79,100520.31,103424.97,100537.08,100528.04,100537.36,100540.82
3743.506490989,3399,100522.35,98081.88,100521.34,103431.16,100523.96,100538.18,100531.22,100541.85
3743.527224565,3400,100530.35,98080.85,100530.4,103432.99,100533.05,100528.04,100540.33,100539.89
3743.547739604,3401,100530.35,98081.88,100528.35,103428.98,100529.03,100524.02,100540.33,100541.85
3743.56832414,3402,100551.42,98080.85,100532.36,103431.9,100520.99,100533.11,100534.39,100527.86
3743.588877497,3403,100531.41,98080.85,100529.37,103428.98,100527.99,100534.16,100529.31,100541.85
3743.612683146,3404,100534.35,98088.93,100522.37,103423.89,100529.03,100551.28,100529.31,100525.8
3743.633336492,3405,100547.42,98080.85,100537.41,103428.98,100530.08,100543.24,100541.39,100541.85
3743.653927457,3406,100526.35,98079.82,100524.33,103424.97,100529.03,100532.05,100538.42,100549.87
3743.674519499,3407,100534.35,98080.85,100522.37,103443.18,100525.01,100535.21,100532.28,100542.87
3743.695057573,3408,100534.35,98097.0,100529.37,103491.26,100543.03,100531.0,100526.34,100542.87
3743.715713856,3409,100526.35,98082.83,100512.28,103435.16,100533.05,100531.2,100546.47,100518.8
3743.736348016,3410,100538.36,98083.86,100509.29,103426.06,100526.94,100549.17,100533.34,100537.83
3743.75693037,3411,100538.36,98077.76,100526.39,103449.01,100537.08,100535.21,100535.25,100537.83
3743.780618781,3412,100535.41,98082.83,100512.28,103438.08,100534.1,100529.09,100537.36,100535.78
3743.801247922,3413,100530.35,98075.78,100525.36,103431.16,100525.01,100543.24,100541.39,100542.87
3743.82188782,3414,100530.35,98071.74,100513.31,103423.89,100533.05,100532.05,100530.37,100541.85
3743.842610569,3415,100530.35,98087.9,100524.33,103416.96,100529.03,100537.12,100534.39,100541.85
3743.863021636,3416,100530.35,98079.82,100520.31,103434.08,100522.92,100532.05,100541.39,100525.8
3743.883707339,3417,100530.35,98080.85,100522.37,103432.99,100541.1,100533.11,100537.36,100543.9
3743.904384709,3418,100530.35,98080.85,100529.37,103462.12,100529.03,100533.11,100541.39,100540.82
3743.924899461,3419,100531.41,98084.89,100524.33,103432.99,100525.01,100543.24,100545.42,100541.85
3743.948768583,3420,100526.35,98084.89,100524.33,103427.89,100530.08,100538.18,100543.51,100541.85
3743.969254643,3421,100542.36,98081.88,100520.31,103431.9,100523.07,100540.09,100539.48,100541.85
3743.989821651,3422,100527.41,98084.89,100529.37,103432.99,100529.03,100530.14,100530.37,100533.82
3744.010459132,3423,100530.35,98083.86,100521.34,103416.96,100525.01,100534.16,100541.39,100537.83
3744.031146978,3424,100522.35,98080.85,100522.37,103449.01,100529.03,100529.09,100534.39,100542.87
3744.051640026,3425,100530.35,98080.85,100521.34,103427.15,100533.05,100541.14,100533.34,100542.87
3744.072240847,3426,100531.41,98082.91,100531.33,103432.99,100527.99,100537.12,100531.43,100541.85
3744.092813328,3427,100530.35,98084.89,100529.37,103428.98,100537.08,100536.07,100545.42,100537.83
3744.11652105,3428,100542.36,98079.82,100512.28,103432.99,100525.01,100534.16,100537.36,100517.78
3744.137126713,3429,100514.35,98087.9,100524.33,103420.97,100530.96,100532.05,100541.39,100532.79
3744.157753376,3430,100529.29,98087.9,100529.37,103431.9,100525.01,100520.01,100538.42,100541.85
3744.178405067,3431,100534.35,98084.89,100521.34,103463.95,100537.08,100531.2,100545.42,100533.82
3744.198999214,3432,100534.35,98088.93,100528.35,103434.08,100533.05,100534.16,100538.42,100529.81
3744.219724945,3433,100523.41,98079.82,100520.31,103432.99,100533.05,100539.23,100542.45,100537.83
3744.24015824,3434,100522.35,98084.89,100522.37,103441.0,100537.08,100548.12,100536.31,100529.81
3744.263934423,3435,100534.35,98082.83,100532.36,103431.9,100537.08,100532.05,100535.25,100541.85
3744.284550527,3436,100531.41,98083.86,100512.28,103449.01,100525.01,100528.04,100543.51,100534.85
3744.305153276,3437,100532.47,98070.71,100521.34,103483.25,100525.01,100525.07,100538.42,100551.93
3744.325628952,3438,100513.29,98105.08,100529.37,103432.99,100530.08,100532.05,100533.34,100541.85
3744.346346545,3439,100542.36,98144.43,100526.39,103424.97,100529.03,100534.16,100541.39,100542.87
3744.3669531,3440,100530.35,98074.75,100524.33,103428.98,100529.03,100525.07,100531.22,100541.85
3744.387583125,3441,100522.35,98092.96,100514.34,103465.04,100529.03,100528.04,100527.2,100539.79
3744.408131813,3442,100534.35,98090.91,100524.33,103407.86,100530.08,100529.09,100537.36,100541.85
3744.431881438,3443,100522.35,98087.9,100520.31,103426.8,100542.14,100535.21,100533.34,100538.86
3744.452583718,3444,100530.35,98086.87,100529.37,103436.99,100537.08,100538.18,100537.36,100523.74
3744.473104925,3445,100523.41,98084.89,100521.34,103439.91,100529.03,100535.21,100541.39,100537.83
3744.493761544,3446,100533.3,98083.86,100530.4,103428.98,100529.03,100532.05,100536.31,100541.85
3744.51427319,3447,100530.35,98082.83,100520.31,103430.81,100529.03,100541.14,100537.36,100533.82
3744.534939338,3448,100538.36,98084.89,100532.36,103432.99,100530.96,100538.18,100533.34,100521.79
3744.555527719,3449,100530.35,98088.93,100519.29,103443.92,100533.05,100536.26,100533.34,100533.82
3744.577352481,3450,100538.36,98087.9,100529.37,103441.0,100529.03,100535.21,100533.34,100530.84
3744.599855124,3451,100530.35,98089.96,100528.35,103428.98,100529.03,100536.07,100529.31,100536.8
3744.620471849,3452,100529.29,98080.85,100523.3,103424.97,100529.03,100533.11,100534.39,100531.76
3744.641122828,3453,100529.29,98088.93,100528.35,103442.09,100529.03,100532.05,100530.37,100542.87
3744.661647829,3454,100521.29,98088.93,100528.35,103453.02,100529.03,100531.0,100531.22,100533.82
3744.68231731,3455,100530.35,98220.13,100533.39,103496.01,100534.99,100533.11,100533.34,100536.8
3744.702941591,3456,100534.35,98274.69,100516.3,103521.14,100526.05,100530.14,100537.36,100549.87
3744.723539386,3457,100529.29,98274.69,100529.37,103493.09,100520.99,100532.05,100529.31,100532.79
3744.744124658,3458,100527.41,98273.66,100524.33,103513.12,100537.08,100534.16,100538.42,100535.88
3744.767770718,3459,100529.29,98256.47,100531.33,103512.03,100533.05,100532.05,100539.48,100517.78
3744.788461426,3460,100531.41,98249.43,100520.31,103497.1,100518.9,100525.07,100536.31,100540.82
3744.809046413,3461,100531.41,98252.43,100520.31,103497.1,100525.01,100526.13,100537.36,100541.85
3744.829648135,3462,100535.41,98253.46,100522.27,103494.92,100529.03,100534.16,100537.36,100533.82
3744.850258535,3463,100529.29,98254.49,100504.25,103493.09,100529.03,100525.07,100529.31,100533.82
3744.871051231,3464,100532.47,98252.52,100526.29,103501.1,100537.08,100534.16,100538.42,100529.81
3744.892015448,3465,100535.41,98242.38,100526.39,103506.94,100533.05,100534.16,100529.31,100533.82
3744.911968871,3466,100532.47,98256.47,100521.34,103499.27,100529.03,100531.0,100545.42,100547.92
3744.93576423,3467,100530.35,98273.66,100523.3,103497.1,100529.03,100543.24,100527.2,100526.83
3744.956409591,3468,100520.23,98531.08,100522.37,103619.13,100530.08,100540.09,100538.42,100540.82
3744.976919266,3469,100530.35,98617.96,100521.34,103617.3,100523.96,100540.09,100538.42,100542.87
3744.997556993,3470,100530.35,98600.77,100526.39,103613.29,100527.99,100536.07,100535.25,100545.86
3745.018132735,3471,100528.47,98593.72,100522.37,103609.29,100537.08,100534.16,100543.3,100533.82
3745.038737693,3472,100534.35,98604.81,100529.37,103617.3,100527.99,100535.21,100539.28,100541.85
3745.059386568,3473,100530.35,98612.88,100522.37,103621.31,100531.12,100537.12,100529.31,100543.9
3745.079932699,3474,100535.41,98624.06,100520.31,103633.33,100534.1,100529.09,100537.36,100545.86
3745.103714171,3475,100538.36,98623.03,100520.31,103625.32,100533.05,100534.16,100536.31,100533.82
3745.124378624,3476,100529.29,98618.99,100520.31,103618.39,100527.99,100542.19,100539.28,100550.9
3745.145026978,3477,100537.3,98605.84,100524.33,103608.2,100538.12,100526.99,100533.34,100527.75
3745.165532997,3478,100532.47,98585.65,100528.35,103609.29,100531.12,100528.04,100536.31,100530.84
3745.186141146,3479,100539.41,98579.54,100516.3,103605.28,100535.14,100527.18,100542.45,100541.85
3745.206678807,3480,100533.3,98666.42,100537.41,103633.33,100534.1,100536.07,100539.28,100533.82
3745.227324219,3481,100530.35,99053.11,100538.44,103794.7,100536.03,100540.09,100546.47,100537.83
3745.247919951,3482,100522.35,99118.77,100528.35,103809.64,100533.05,100537.12,100537.36,100553.88
3745.271664194,3483,100530.35,99088.42,100521.34,103793.61,100527.99,100536.07,100537.36,100536.8
3745.29227048,3484,100535.41,99088.42,100521.34,103793.61,100523.96,100536.26,100541.39,100533.82
3745.313114061,3485,100530.35,99065.22,100533.39,103777.58,100525.01,100541.14,100537.36,100539.89
3745.333716551,3486,100526.35,99072.26,100524.33,103769.57,100529.03,100526.99,100537.36,100534.85
3745.354390677,3487,100530.35,99035.91,100528.35,103756.45,100533.05,100532.25,100541.39,100540.82
3745.375104798,3488,100521.29,99045.03,100525.36,103753.54,100527.99,100533.11,100533.34,100534.85
3745.395290148,3489,100530.35,99021.83,100518.36,103753.54,100529.03,100535.21,100539.48,100537.83
3745.41900384,3490,100525.29,99019.76,100528.35,103753.54,100526.94,100536.07,100539.48,100540.82
3745.439667071,3491,100530.35,99023.8,100524.33,103753.54,100526.05,100536.07,100537.36,100541.85
3745.460153431,3492,100534.35,99034.99,100518.26,103765.56,100520.99,100533.11,100543.3,100528.78
3745.480805451,3493,100522.35,99039.95,100522.37,103760.46,100529.03,100524.02,100539.28,100529.81
3745.50141752,3494,100521.29,99033.95,100525.36,103761.55,100538.12,100531.2,100549.44,100541.85
3745.522146398,3495,100531.41,99040.99,100524.33,103752.45,100529.03,100534.16,100537.36,100537.83
3745.54268718,3496,100522.35,99029.91,100525.36,103753.54,100531.12,100532.05,100541.19,100541.85
3745.56332124,3497,100540.47,99020.8,100518.36,103756.45,100532.01,100537.12,100541.19,100541.85
3745.586919366,3498,100529.29,99074.34,100519.29,103797.62,100533.05,100546.21,100543.3,100537.83
3745.607578509,3499,100536.47,99720.62,100532.36,104054.08,100526.05,100534.16,100539.28,100549.87
3745.628232049,3500,100530.35,99971.07,100512.28,104150.25,100533.05,100540.09,100546.47,100552.85
3745.648857089,3501,100534.35,99913.47,100521.34,104128.03,100529.03,100540.28,100537.36,100531.76
3745.669378911,3502,100530.35,99886.24,100525.36,104114.19,100529.03,100542.19,100545.42,100541.85
3745.690084227,3503,100534.35,99874.12,100524.33,104112.37,100537.08,100529.09,100537.36,100531.76
3745.710768698,3504,100526.35,99859.91,100522.37,104101.07,100529.03,100534.16,100535.25,100545.86
3745.731191453,3505,100522.35,99845.84,100525.36,104069.01,100525.01,100530.14,100538.42,100526.83
3745.754945899,3506,100529.29,99820.56,100529.37,104042.05,100531.12,100534.16,100541.39,100542.87
3745.775611075,3507,100530.35,99800.36,100520.31,104003.8,100527.1,100536.26,100533.34,100536.8
3745.7961825,3508,100532.47,99776.12,100524.33,103984.86,100538.12,100529.09,100545.42,100531.76
3745.816862045,3509,100526.35,99755.93,100513.31,103979.76,100539.17,100535.21,100539.28,100535.78
3745.837434343,3510,100532.47,99752.93,100529.37,103965.92,100526.94,100533.11,100531.22,100543.9
3745.857981323,3511,100536.47,99840.76,100522.37,104007.81,100529.03,100535.02,100537.36,100537.83
3745.878596727,3512,100546.36,100494.15,100517.33,104305.45,100526.05,100538.18,100536.31,100534.85
3745.899219683,3513,100524.47,100804.19,100521.34,104386.69,100525.01,100532.25,100534.39,100542.87
3745.922963995,3514,100530.35,100698.27,100516.3,104335.69,100536.03,100537.12,100529.31,100533.82
3745.943539053,3515,100526.35,100674.9,100517.33,104302.53,100526.05,100536.26,100527.2,100535.78
3745.964261352,3516,100526.35,100665.95,100528.35,104289.42,100525.01,100525.07,100533.34,100546.89
3745.984750625,3517,100530.35,100653.83,100521.34,104266.47,100525.01,100533.11,100535.25,100541.85
3746.005302034,3518,100534.35,100631.52,100525.36,104233.31,100520.99,100542.19,100533.34,100541.85
3746.025997338,3519,100534.35,100621.5,100528.35,104217.28,100529.03,100534.16,100540.33,100542.87
3746.046927414,3520,100534.35,100612.37,100516.3,104202.35,100529.03,100534.16,100521.05,100535.88
3746.067444796,3521,100529.29,100605.34,100524.33,104194.33,100520.99,100533.11,100529.31,100529.81
3746.090852167,3522,100530.35,100593.22,100519.29,104202.35,100533.05,100525.07,100536.31,100545.86
3746.111467626,3523,100529.29,100577.06,100520.31,104210.36,100537.08,100532.05,100533.34,100541.85
3746.132106714,3524,100533.3,100560.9,100528.35,104225.3,100529.03,100532.05,100533.13,100533.82
3746.152627791,3525,100517.29,100558.79,100525.36,104282.5,100531.12,100526.13,100536.31,100534.85
3746.173280673,3526,100531.41,100726.55,100520.31,104426.77,100520.99,100533.11,100536.31,100540.82
3746.193847395,3527,100530.35,101298.19,100512.28,104707.31,100529.03,100534.16,100531.22,100540.82
3746.214494063,3528,100530.35,101352.84,100529.37,104763.42,100520.99,100531.2,100535.25,100536.8
3746.235042442,3529,100522.35,101601.25,100523.3,104906.61,100520.99,100532.05,100537.36,100545.86
3746.258826898,3530,100522.35,102290.4,100521.34,105148.2,100529.03,100533.11,100541.19,100541.85
3746.279429889,3531,100530.35,102269.12,100514.34,105180.27,100522.03,100537.32,100535.25,100539.89
3746.300041776,3532,100531.41,102233.81,100519.29,105196.3,100529.03,100530.14,100540.33,100549.87
3746.320709603,3533,100522.35,102220.62,100520.31,105236.38,100527.99,100537.12,100539.28,100549.87
3746.341616044,3534,100534.35,102248.91,100528.35,105276.47,100532.01,100539.23,100540.33,100525.8
3746.362343334,3535,100530.35,102947.33,100516.3,105511.86,100520.99,100518.1,100547.53,100536.8
3746.383008504,3536,100521.29,104407.56,100515.27,106369.77,100519.94,100526.13,100533.34,100533.82
3746.40394815,3537,100526.35,104617.82,100508.27,106542.18,100520.99,100520.01,100535.45,100540.82
3746.426938082,3538,100530.35,104492.47,100522.37,106467.11,100527.99,100534.16,100534.39,100541.85
3746.447416684,3539,100530.35,104495.42,100524.33,106525.02,100529.03,100528.04,100531.22,100538.86
3746.467950595,3540,100535.41,104501.65,100525.36,106590.29,100530.08,100525.07,100539.28,100540.82
3746.489026534,3541,100531.41,104498.38,100520.31,106621.25,100529.03,100541.14,100542.45,100540.82
3746.509597263,3542,100538.36,103946.64,100526.39,105980.88,100537.08,100550.22,100545.42,100545.86
3746.530419669,3543,100546.36,101900.29,100532.36,105496.51,100544.08,100530.14,100554.53,100557.89
3746.551205277,3544,100526.35,100082.09,100524.33,105164.23,100549.14,100556.15,100538.42,100541.85
3746.574085123,3545,100530.35,100119.49,100523.3,104938.67,100527.99,100532.05,100537.36,100540.82
3746.594813671,3546,100536.47,100368.91,100512.28,104699.3,100534.1,100541.14,100537.36,100541.85
3746.615416428,3547,100523.41,99720.62,100520.31,103047.27,100520.99,100535.21,100529.31,100538.86
3746.635819296,3548,100522.35,98244.36,100498.28,102982.09,100512.94,100525.07,100532.28,100541.85
3746.656486947,3549,100522.35,98128.28,100523.4,103078.57,100496.85,100529.09,100525.28,100524.77
3746.677048419,3550,100514.35,98103.02,100504.25,103116.47,100496.85,100516.18,100521.26,100509.75
3746.697709313,3551,100532.47,98120.2,100524.33,103120.47,100514.87,100515.99,100543.3,100537.83
3746.718293966,3552,100531.41,98165.65,100532.36,103196.6,100537.08,100550.03,100551.35,100550.9
3746.741990236,3553,100532.47,98124.24,100521.34,103296.76,100525.01,100533.11,100537.36,100534.85
3746.762593323,3554,100542.36,98086.87,100521.34,103360.87,100529.03,100525.07,100541.39,100531.76
3746.783282537,3555,100526.35,98098.98,100522.37,103388.91,100529.03,100524.02,100525.28,100533.82
3746.803794271,3556,100538.36,98127.25,100521.34,103400.93,100526.05,100536.26,100546.47,100539.79
3746.824462002,3557,100521.29,98121.23,100522.37,103447.93,100537.08,100525.07,100549.44,100536.91
3746.845112311,3558,100527.41,98090.91,100524.33,103490.91,100529.03,100533.11,100528.25,100517.78
3746.865707574,3559,100530.35,98097.0,100522.37,103487.99,100534.99,100533.11,100536.31,100533.82
3746.886282076,3560,100530.35,98115.13,100528.35,103492.0,100527.99,100535.21,100541.39,100542.87
3746.909962261,3561,100523.41,98120.2,100522.37,103492.74,100533.05,100532.05,100545.42,100532.79
3746.930599645,3562,100526.35,98104.05,100526.39,103512.03,100520.99,100536.26,100537.36,100524.77
3746.951262555,3563,100534.35,98104.05,100529.37,103514.21,100527.99,100533.11,100531.22,100517.78
3746.972144659,3564,100535.41,98121.23,100522.37,103505.11,100534.1,100534.16,100541.39,100523.74
3746.992754969,3565,100522.35,98129.31,100520.31,103505.11,100541.1,100530.14,100538.42,100537.83
3747.012905972,3566,100514.35,98108.09,100528.35,103505.11,100529.03,100524.02,100537.36,100541.85
3747.033689699,3567,100530.35,98104.05,100526.39,103514.95,100533.05,100533.11,100534.39,100533.82
3747.054260822,3568,100530.35,98119.17,100524.33,103502.93,100529.03,100537.12,100538.42,100540.82
3747.077979502,3569,100532.47,98128.28,100521.34,103513.12,100540.05,100526.13,100538.42,100543.9
3747.098553277,3570,100531.41,98111.1,100520.31,103506.94,100525.01,100524.02,100530.37,100544.83
3747.119246683,3571,100546.36,98108.09,100521.34,103560.12,100525.01,100532.25,100541.39,100543.9
3747.142431997,3572,100538.36,98121.23,100528.35,103510.95,100523.96,100535.21,100545.42,100551.93
3747.163276426,3573,100530.35,98121.23,100520.31,103505.11,100525.01,100551.28,100541.39,100549.87
3747.182773293,3574,100522.35,98115.13,100520.31,103498.92,100530.08,100525.07,100535.25,100549.87
3747.201959712,3575,100534.35,98111.1,100517.33,103505.11,100529.03,100535.21,100537.36,100543.9
3747.223131711,3576,100530.35,98108.09,100521.34,103505.85,100529.03,100542.19,100545.42,100549.87
3747.247379887,3577,100526.35,98124.24,100524.33,103512.03,100530.96,100529.09,100529.31,100542.87
